Run,Query ID,Query,Model,Thinking,Temperature,Inference Time (s),Valid JSON,Done Reason,Prompt Eval Count,Prompt Eval Duration (s),Eval Count,Eval Duration (s),Generation Throughput (tokens/s),Response
1,Q12,Give me the actors of The Matrix along with the three actors who have acted the most in any movie with them,ministral-3:14b,False,0.1,372.626104,True,stop,3130,1.357328,875,370.405763,2.3623,"```json
{
  ""hypotheses_set"": [
    [
      {
        ""id"": ""q1"",
        ""target"": [""e_actor_matrix"", ""e_top_actors""],
        ""entities"": [
          { ""id"": ""e_movie"", ""type"": ""Movie"" },
          { ""id"": ""e_actor_matrix"", ""type"": ""Actor"" },
          { ""id"": ""e_actor_co"", ""type"": ""Actor"" },
          { ""id"": ""e_top_actors"", ""type"": ""Actor"" }
        ],
        ""relationships"": [
          { ""id"": ""r_act_matrix"", ""role"": ""actor"", ""from"": ""e_actor_matrix"", ""to"": ""e_movie"" },
          { ""id"": ""r_act_co"", ""role"": ""actor"", ""from"": ""e_actor_co"", ""to"": ""e_movie"" },
          { ""id"": ""r_movie_name"", ""role"": ""title"", ""from"": ""e_movie"", ""to"": { ""attribute_name"": ""name"", ""of"": ""e_movie"" } }
        ],
        ""constraint"": {
          ""and_conditions"": [
            {
              ""left"": { ""attribute_name"": ""name"", ""of"": ""e_movie"" },
              ""operator"": ""="",
              ""right"": ""The Matrix""
            },
            {
              ""exists_id"": ""r_act_matrix""
            },
            {
              ""and_conditions"": [
                {
                  ""exists_id"": ""r_act_co""
                },
                {
                  ""left"": {
                    ""count_id"": ""r_act_co"",
                    ""condition"": {
                      ""and_conditions"": [
                        ""r_act_co"",
                        {
                          ""left"": { ""attribute_name"": ""id"", ""of"": ""e_actor_co"" },
                          ""operator"": ""!="",
                          ""right"": { ""attribute_name"": ""id"", ""of"": ""e_actor_matrix"" }
                        }
                      ]
                    }
                  },
                  ""operator"": "">="",
                  ""right"": 3
                }
              ]
            },
            {
              ""left"": {
                ""max_id"": ""e_actor_co"",
                ""expression"": {
                  ""count_id"": ""r_act_co"",
                  ""condition"": {
                    ""and_conditions"": [
                      ""r_act_co"",
                      {
                        ""left"": { ""attribute_name"": ""id"", ""of"": ""e_actor_co"" },
                        ""operator"": ""!="",
                        ""right"": { ""attribute_name"": ""id"", ""of"": ""e_actor_matrix"" }
                      }
                    ]
                  }
                }
              },
              ""operator"": "">="",
              ""right"": 0
            }
          ]
        },
        ""projection"": [
          { ""attribute_name"": ""name"", ""of"": ""e_actor_matrix"" },
          {
            ""expression"": {
              ""count_id"": ""r_act_co"",
              ""condition"": {
                ""and_conditions"": [
                  ""r_act_co"",
                  {
                    ""left"": { ""attribute_name"": ""id"", ""of"": ""e_actor_co"" },
                    ""operator"": ""!="",
                    ""right"": { ""attribute_name"": ""id"", ""of"": ""e_actor_matrix"" }
                  }
                ]
              }
            }
          },
          { ""attribute_name"": ""name"", ""of"": ""e_actor_co"" }
        ],
        ""order_by"": [
          {
            ""expression"": {
              ""count_id"": ""r_act_co"",
              ""condition"": {
                ""and_conditions"": [
                  ""r_act_co"",
                  {
                    ""left"": { ""attribute_name"": ""id"", ""of"": ""e_actor_co"" },
                    ""operator"": ""!="",
                    ""right"": { ""attribute_name"": ""id"", ""of"": ""e_actor_matrix"" }
                  }
                ]
              }
            },
            ""direction"": ""DESC""
          }
        ],
        ""limit"": 3,
        ""distinct"": true
      }
    ]
  ]
}
```"
2,Q12,Give me the actors of The Matrix along with the three actors who have acted the most in any movie with them,ministral-3:14b,False,0.1,353.34503,False,stop,3130,0.37256,832,351.988169,2.3637,"```json
{
  ""hypotheses_set"": [
    [
      {
        ""id"": ""q1"",
        ""target"": [""e_actor_matrix"", ""e_top_actors""],
        ""entities"": [
          { ""id"": ""e_movie_matrix"", ""type"": ""Movie"" },
          { ""id"": ""e_actor_matrix"", ""type"": ""Person"" },
          { ""id"": ""e_actor_other"", ""type"": ""Person"" },
          { ""id"": ""e_movie_other"", ""type"": ""Movie"" },
          { ""id"": ""e_top_actors"", ""type"": ""Person"" }
        ],
        ""relationships"": [
          { ""id"": ""r_act_matrix"", ""role"": ""actor"", ""from"": ""e_actor_matrix"", ""to"": ""e_movie_matrix"" },
          { ""id"": ""r_act_other"", ""role"": ""actor"", ""from"": ""e_actor_other"", ""to"": ""e_movie_other"" },
          { ""id"": ""r_shared_movie"", ""role"": ""shared_movie"", ""from"": ""e_actor_matrix"", ""to"": ""e_actor_other"" }
        ],
        ""constraint"": {
          ""and_conditions"": [
            {
              ""left"": { ""attribute_name"": ""name"", ""of"": ""e_movie_matrix"" },
              ""operator"": ""="",
              ""right"": ""The Matrix""
            },
            {
              ""exists_id"": ""r_shared_movie"",
              ""condition"": {
                ""and_conditions"": [
                  ""r_shared_movie"",
                  {
                    ""left"": { ""count_id"": ""e_movie_other"", ""condition"": { ""and_conditions"": [""r_act_other"", ""r_shared_movie""] } },
                    ""operator"": "">"",
                    ""right"": 0
                  }
                ]
              }
            },
            {
              ""left"": {
                ""count_id"": ""e_top_actors"",
                ""condition"": {
                  ""and_conditions"": [
                    {
                      ""exists_id"": ""r_shared_movie"",
                      ""condition"": {
                        ""and_conditions"": [
                          ""r_shared_movie"",
                          {
                            ""left"": { ""attribute_name"": ""id"", ""of"": ""e_actor_other"" },
                            ""operator"": ""="",
                            { ""attribute_name"": ""id"", ""of"": ""e_top_actors"" }
                          }
                        ]
                      }
                    },
                    {
                      ""left"": {
                        ""count_id"": ""e_movie_other"",
                        ""condition"": {
                          ""and_conditions"": [
                            ""r_act_other"",
                            {
                              ""left"": { ""attribute_name"": ""id"", ""of"": ""e_actor_other"" },
                              ""operator"": ""="",
                              { ""attribute_name"": ""id"", ""of"": ""e_top_actors"" }
                            }
                          ]
                        }
                      },
                      ""operator"": "">="",
                      ""right"": 3
                    }
                  ]
                }
              },
              ""operator"": "">="",
              ""right"": 3
            }
          ]
        },
        ""projection"": [
          { ""attribute_name"": ""name"", ""of"": ""e_actor_matrix"" },
          { ""attribute_name"": ""name"", ""of"": ""e_top_actors"" }
        ],
        ""order_by"": [
          {
            ""expression"": {
              ""count_id"": ""e_movie_other"",
              ""condition"": {
                ""and_conditions"": [
                  ""r_act_other"",
                  {
                    ""left"": { ""attribute_name"": ""id"", ""of"": ""e_actor_other"" },
                    ""operator"": ""="",
                    { ""attribute_name"": ""id"", ""of"": ""e_top_actors"" }
                  }
                ]
              }
            },
            ""direction"": ""DESC""
          }
        ],
        ""limit"": 3
      }
    ]
  ]
}
```"
3,Q12,Give me the actors of The Matrix along with the three actors who have acted the most in any movie with them,ministral-3:14b,False,0.1,351.262821,False,stop,3130,0.539981,824,349.779268,2.3558,"```json
{
  ""hypotheses_set"": [
    [
      {
        ""id"": ""q1"",
        ""target"": [""e_actor_matrix"", ""e_top_actors""],
        ""entities"": [
          { ""id"": ""e_movie"", ""type"": ""Movie"" },
          { ""id"": ""e_actor_matrix"", ""type"": ""Actor"" },
          { ""id"": ""e_actor_other"", ""type"": ""Actor"" },
          { ""id"": ""e_top_actors"", ""type"": ""Actor"" }
        ],
        ""relationships"": [
          { ""id"": ""r_act_matrix"", ""role"": ""actor"", ""from"": ""e_actor_matrix"", ""to"": ""e_movie"" },
          { ""id"": ""r_act_other"", ""role"": ""actor"", ""from"": ""e_actor_other"", ""to"": ""e_movie"" },
          { ""id"": ""r_shared_movie"", ""role"": ""shared_movie"", ""from"": ""e_actor_matrix"", ""to"": ""e_actor_other"" }
        ],
        ""constraint"": {
          ""and_conditions"": [
            {
              ""left"": { ""attribute_name"": ""title"", ""of"": ""e_movie"" },
              ""operator"": ""="",
              ""right"": ""The Matrix""
            },
            {
              ""exists_id"": ""r_act_matrix"",
              ""condition"": {
                ""and_conditions"": [
                  ""r_act_matrix"",
                  {
                    ""left"": { ""attribute_name"": ""title"", ""of"": ""e_movie"" },
                    ""operator"": ""="",
                    ""right"": ""The Matrix""
                  }
                ]
              }
            },
            {
              ""exists_id"": ""r_shared_movie"",
              ""condition"": {
                ""and_conditions"": [
                  ""r_shared_movie"",
                  {
                    ""max_id"": ""e_top_actors"",
                    ""expression"": {
                      ""count_id"": ""e_movie"",
                      ""condition"": {
                        ""and_conditions"": [
                          ""r_act_other"",
                          {
                            ""left"": { ""attribute_name"": ""title"", ""of"": ""e_movie"" },
                            ""operator"": ""!="",
                            ""right"": ""The Matrix""
                          }
                        ]
                      }
                    },
                    ""condition"": {
                      ""and_conditions"": [
                        ""r_shared_movie"",
                        {
                          ""left"": { ""attribute_name"": ""id"", ""of"": ""e_actor_other"" },
                          ""operator"": ""="",
                          { ""attribute_name"": ""id"", ""of"": ""e_top_actors"" }
                        }
                      ]
                    }
                  }
                ]
              }
            }
          ]
        },
        ""projection"": [
          { ""attribute_name"": ""name"", ""of"": ""e_actor_matrix"" },
          {
            ""expression"": {
              ""count_id"": ""e_movie"",
              ""condition"": {
                ""and_conditions"": [
                  ""r_act_other"",
                  {
                    ""left"": { ""attribute_name"": ""title"", ""of"": ""e_movie"" },
                    ""operator"": ""!="",
                    ""right"": ""The Matrix""
                  }
                ]
              }
            }
          },
          { ""attribute_name"": ""name"", ""of"": ""e_top_actors"" }
        ],
        ""order_by"": [
          {
            ""expression"": {
              ""count_id"": ""e_movie"",
              ""condition"": {
                ""and_conditions"": [
                  ""r_act_other"",
                  {
                    ""left"": { ""attribute_name"": ""title"", ""of"": ""e_movie"" },
                    ""operator"": ""!="",
                    ""right"": ""The Matrix""
                  }
                ]
              }
            },
            ""direction"": ""DESC""
          }
        ],
        ""limit"": 3
      }
    ]
  ]
}
```"
4,Q12,Give me the actors of The Matrix along with the three actors who have acted the most in any movie with them,ministral-3:14b,False,0.1,362.363709,True,stop,3130,0.491619,849,361.038768,2.3515,"```json
{
  ""hypotheses_set"": [
    [
      {
        ""id"": ""q1"",
        ""target"": [""e_actor_matrix"", ""e_top_actors""],
        ""entities"": [
          { ""id"": ""e_movie_matrix"", ""type"": ""Movie"" },
          { ""id"": ""e_actor_matrix"", ""type"": ""Actor"" },
          { ""id"": ""e_co_actor"", ""type"": ""Actor"" },
          { ""id"": ""e_co_movie"", ""type"": ""Movie"" },
          { ""id"": ""e_top_actors"", ""type"": ""Actor"" }
        ],
        ""relationships"": [
          { ""id"": ""r_act_matrix"", ""role"": ""actor"", ""from"": ""e_actor_matrix"", ""to"": ""e_movie_matrix"" },
          { ""id"": ""r_act_co_movie"", ""role"": ""actor"", ""from"": ""e_co_actor"", ""to"": ""e_co_movie"" },
          { ""id"": ""r_shared_movie"", ""role"": ""shared_movie"", ""from"": ""e_actor_matrix"", ""to"": ""e_co_movie"" }
        ],
        ""constraint"": {
          ""and_conditions"": [
            {
              ""left"": { ""attribute_name"": ""name"", ""of"": ""e_movie_matrix"" },
              ""operator"": ""="",
              ""right"": ""The Matrix""
            },
            {
              ""exists_id"": ""r_act_matrix""
            },
            {
              ""and_conditions"": [
                {
                  ""exists_id"": ""r_shared_movie""
                },
                {
                  ""max_id"": ""e_co_actor"",
                  ""expression"": {
                    ""count_id"": ""r_act_co_movie"",
                    ""condition"": {
                      ""and_conditions"": [
                        ""r_act_co_movie"",
                        {
                          ""exists_id"": ""r_shared_movie"",
                          ""condition"": {
                            ""and_conditions"": [
                              ""r_shared_movie"",
                              {
                                ""left"": { ""attribute_name"": ""from"", ""of"": ""r_shared_movie"" },
                                ""operator"": ""="",
                                ""right"": ""e_actor_matrix""
                              }
                            ]
                          }
                        }
                      ]
                    }
                  }
                },
                {
                  ""left"": {
                    ""count_id"": ""r_act_co_movie"",
                    ""condition"": {
                      ""and_conditions"": [
                        ""r_act_co_movie"",
                        {
                          ""exists_id"": ""r_shared_movie"",
                          ""condition"": {
                            ""and_conditions"": [
                              ""r_shared_movie"",
                              {
                                ""left"": { ""attribute_name"": ""from"", ""of"": ""r_shared_movie"" },
                                ""operator"": ""="",
                                ""right"": ""e_actor_matrix""
                              }
                            ]
                          }
                        }
                      ]
                    }
                  },
                  ""operator"": "">="",
                  ""right"": 3
                }
              ]
            }
          ]
        },
        ""projection"": [
          { ""attribute_name"": ""name"", ""of"": ""e_actor_matrix"" },
          { ""attribute_name"": ""name"", ""of"": ""e_top_actors"" }
        ],
        ""order_by"": [
          {
            ""expression"": {
              ""count_id"": ""r_act_co_movie"",
              ""condition"": {
                ""and_conditions"": [
                  ""r_act_co_movie"",
                  {
                    ""exists_id"": ""r_shared_movie"",
                    ""condition"": {
                      ""and_conditions"": [
                        ""r_shared_movie"",
                        {
                          ""left"": { ""attribute_name"": ""from"", ""of"": ""r_shared_movie"" },
                          ""operator"": ""="",
                          ""right"": ""e_actor_matrix""
                        }
                      ]
                    }
                  }
                ]
              }
            },
            ""direction"": ""DESC""
          }
        ],
        ""limit"": 3
      }
    ]
  ]
}
```"
5,Q12,Give me the actors of The Matrix along with the three actors who have acted the most in any movie with them,ministral-3:14b,False,0.1,370.397911,True,stop,3130,0.485931,871,369.059254,2.3601,"```json
{
  ""hypotheses_set"": [
    [
      {
        ""id"": ""q1"",
        ""target"": [""e_actor_matrix"", ""e_top_actors""],
        ""entities"": [
          { ""id"": ""e_movie"", ""type"": ""Movie"" },
          { ""id"": ""e_actor_matrix"", ""type"": ""Actor"" },
          { ""id"": ""e_actor_other"", ""type"": ""Actor"" },
          { ""id"": ""e_top_actors"", ""type"": ""Actor"" }
        ],
        ""relationships"": [
          { ""id"": ""r_act_matrix"", ""role"": ""actor"", ""from"": ""e_actor_matrix"", ""to"": ""e_movie"" },
          { ""id"": ""r_act_other"", ""role"": ""actor"", ""from"": ""e_actor_other"", ""to"": ""e_movie"" },
          { ""id"": ""r_shared_movie"", ""role"": ""shared_movie"", ""from"": ""e_actor_matrix"", ""to"": ""e_actor_other"" }
        ],
        ""constraint"": {
          ""and_conditions"": [
            {
              ""left"": { ""attribute_name"": ""title"", ""of"": ""e_movie"" },
              ""operator"": ""="",
              ""right"": ""The Matrix""
            },
            {
              ""exists_id"": ""r_act_matrix"",
              ""condition"": {
                ""and_conditions"": [
                  ""r_act_matrix"",
                  {
                    ""left"": { ""attribute_name"": ""title"", ""of"": ""e_movie"" },
                    ""operator"": ""="",
                    ""right"": ""The Matrix""
                  }
                ]
              }
            },
            {
              ""max_id"": ""e_top_actors"",
              ""expression"": {
                ""count_id"": ""e_movie"",
                ""condition"": {
                  ""and_conditions"": [
                    ""r_shared_movie"",
                    {
                      ""left"": { ""attribute_name"": ""id"", ""of"": ""e_actor_matrix"" },
                      ""operator"": ""="",
                      ""right"": { ""attribute_name"": ""id"", ""of"": ""e_actor_matrix"" }
                    }
                  ]
                }
              },
              ""condition"": {
                ""and_conditions"": [
                  ""r_shared_movie"",
                  {
                    ""left"": { ""attribute_name"": ""id"", ""of"": ""e_actor_matrix"" },
                    ""operator"": ""="",
                    ""right"": { ""attribute_name"": ""id"", ""of"": ""e_actor_matrix"" }
                  }
                ]
              }
            }
          ]
        },
        ""projection"": [
          { ""attribute_name"": ""name"", ""of"": ""e_actor_matrix"" },
          {
            ""expression"": {
              ""expression_ID"": ""top_actors"",
              ""expression"": {
                ""max_id"": ""e_top_actors"",
                ""expression"": {
                  ""count_id"": ""e_movie"",
                  ""condition"": {
                    ""and_conditions"": [
                      ""r_shared_movie"",
                      {
                        ""left"": { ""attribute_name"": ""id"", ""of"": ""e_actor_matrix"" },
                        ""operator"": ""="",
                        ""right"": { ""attribute_name"": ""id"", ""of"": ""e_actor_matrix"" }
                      }
                    ]
                  }
                }
              }
            }
          },
          { ""attribute_name"": ""name"", ""of"": { ""expression_ID"": ""top_actors"" } }
        ],
        ""order_by"": [
          {
            ""expression"": {
              ""count_id"": ""e_movie"",
              ""condition"": {
                ""and_conditions"": [
                  ""r_shared_movie"",
                  {
                    ""left"": { ""attribute_name"": ""id"", ""of"": ""e_actor_matrix"" },
                    ""operator"": ""="",
                    ""right"": { ""attribute_name"": ""id"", ""of"": ""e_actor_matrix"" }
                  }
                ]
              }
            },
            ""direction"": ""DESC""
          }
        ],
        ""limit"": 3
      }
    ]
  ]
}
```"
6,Q12,Give me the actors of The Matrix along with the three actors who have acted the most in any movie with them,ministral-3:14b,False,0.1,383.27124,True,stop,3130,0.45825,899,381.912448,2.3539,"```json
{
  ""hypotheses_set"": [
    [
      {
        ""id"": ""q1"",
        ""target"": [""e_actor_matrix"", ""e_top_actors""],
        ""entities"": [
          { ""id"": ""e_movie"", ""type"": ""Movie"" },
          { ""id"": ""e_actor_matrix"", ""type"": ""Actor"" },
          { ""id"": ""e_actor_pair"", ""type"": ""Actor"" },
          { ""id"": ""e_top_actors"", ""type"": ""Actor"" }
        ],
        ""relationships"": [
          { ""id"": ""r_act_matrix"", ""role"": ""actor"", ""from"": ""e_actor_matrix"", ""to"": ""e_movie"" },
          { ""id"": ""r_act_pair"", ""role"": ""actor"", ""from"": ""e_actor_pair"", ""to"": ""e_movie"" },
          { ""id"": ""r_shared_movie"", ""role"": ""shared_movie"", ""from"": ""e_actor_matrix"", ""to"": ""e_actor_pair"" }
        ],
        ""constraint"": {
          ""and_conditions"": [
            {
              ""left"": { ""attribute_name"": ""title"", ""of"": ""e_movie"" },
              ""operator"": ""="",
              ""right"": ""The Matrix""
            },
            {
              ""exists_id"": ""r_act_matrix"",
              ""condition"": {
                ""and_conditions"": [
                  ""r_act_matrix"",
                  {
                    ""left"": { ""attribute_name"": ""title"", ""of"": ""e_movie"" },
                    ""operator"": ""="",
                    ""right"": ""The Matrix""
                  }
                ]
              }
            },
            {
              ""exists_id"": ""r_shared_movie"",
              ""condition"": {
                ""and_conditions"": [
                  ""r_shared_movie"",
                  {
                    ""left"": {
                      ""count_id"": ""r_shared_movie"",
                      ""condition"": {
                        ""left"": { ""attribute_name"": ""title"", ""of"": ""e_movie"" },
                        ""operator"": ""!="",
                        ""right"": ""The Matrix""
                      }
                    },
                    ""operator"": "">="",
                    ""right"": 1
                  }
                ]
              }
            },
            {
              ""max_id"": ""e_top_actors"",
              ""expression"": {
                ""count_id"": ""r_shared_movie"",
                ""condition"": {
                  ""left"": { ""attribute_name"": ""title"", ""of"": ""e_movie"" },
                  ""operator"": ""!="",
                  ""right"": ""The Matrix""
                }
              },
              ""condition"": {
                ""and_conditions"": [
                  {
                    ""left"": {
                      ""count_id"": ""r_shared_movie"",
                      ""condition"": {
                        ""left"": { ""attribute_name"": ""title"", ""of"": ""e_movie"" },
                        ""operator"": ""!="",
                        ""right"": ""The Matrix""
                      }
                    },
                    ""operator"": "">="",
                    ""right"": 1
                  }
                ]
              }
            }
          ]
        },
        ""projection"": [
          { ""attribute_name"": ""name"", ""of"": ""e_actor_matrix"" },
          {
            ""expression_ID"": ""top_actor_names"",
            ""expression"": {
              ""count_id"": ""e_top_actors"",
              ""condition"": {
                ""left"": {
                  ""count_id"": ""r_shared_movie"",
                  ""condition"": {
                    ""left"": { ""attribute_name"": ""title"", ""of"": ""e_movie"" },
                    ""operator"": ""!="",
                    ""right"": ""The Matrix""
                  }
                },
                ""operator"": "">="",
                ""right"": 1
              }
            }
          }
        ],
        ""order_by"": [
          {
            ""expression"": {
              ""count_id"": ""r_shared_movie"",
              ""condition"": {
                ""left"": { ""attribute_name"": ""title"", ""of"": ""e_movie"" },
                ""operator"": ""!="",
                ""right"": ""The Matrix""
              }
            },
            ""direction"": ""DESC""
          }
        ],
        ""limit"": 3
      }
    ]
  ]
}
```"
7,Q12,Give me the actors of The Matrix along with the three actors who have acted the most in any movie with them,ministral-3:14b,False,0.1,309.113728,False,stop,3130,0.374447,729,307.829261,2.3682,"```json
{
  ""hypotheses_set"": [
    [
      {
        ""id"": ""q1"",
        ""target"": [""e_actor_matrix"", ""e_top_actors""],
        ""entities"": [
          { ""id"": ""e_movie"", ""type"": ""Movie"" },
          { ""id"": ""e_actor_matrix"", ""type"": ""Actor"" },
          { ""id"": ""e_co_actor"", ""type"": ""Actor"" },
          { ""id"": ""e_top_actors"", ""type"": ""Actor"" }
        ],
        ""relationships"": [
          { ""id"": ""r_act_matrix"", ""role"": ""actor"", ""from"": ""e_actor_matrix"", ""to"": ""e_movie"" },
          { ""id"": ""r_act_co"", ""role"": ""actor"", ""from"": ""e_co_actor"", ""to"": ""e_movie"" },
          { ""id"": ""r_shared_movie"", ""role"": ""shared_movie"", ""from"": ""e_actor_matrix"", ""to"": ""e_co_actor"" }
        ],
        ""constraint"": {
          ""and_conditions"": [
            {
              ""left"": { ""attribute_name"": ""title"", ""of"": ""e_movie"" },
              ""operator"": ""="",
              ""right"": ""The Matrix""
            },
            {
              ""exists_id"": ""r_act_matrix"",
              ""condition"": {
                ""and_conditions"": [
                  ""r_act_matrix"",
                  {
                    ""left"": { ""attribute_name"": ""title"", ""of"": ""e_movie"" },
                    ""operator"": ""="",
                    ""right"": ""The Matrix""
                  }
                ]
              }
            },
            {
              ""count_id"": ""e_co_actor"",
              ""condition"": {
                ""and_conditions"": [
                  ""r_shared_movie"",
                  {
                    ""exists_id"": ""r_act_co"",
                    ""condition"": {
                      ""and_conditions"": [
                        ""r_act_co"",
                        {
                          ""left"": { ""attribute_name"": ""movie_id"", ""of"": ""e_co_actor"" },
                          ""operator"": ""="",
                          { ""attribute_name"": ""movie_id"", ""of"": ""e_actor_matrix"" }
                        }
                      ]
                    }
                  }
                ]
              },
              ""operator"": "">"",
              ""right"": 0
            },
            {
              ""order_by"": [
                {
                  ""expression"": {
                    ""count_id"": ""e_co_actor"",
                    ""condition"": {
                      ""and_conditions"": [
                        ""r_shared_movie"",
                        {
                          ""exists_id"": ""r_act_co"",
                          ""condition"": {
                            ""and_conditions"": [
                              ""r_act_co"",
                              {
                                ""left"": { ""attribute_name"": ""movie_id"", ""of"": ""e_co_actor"" },
                                ""operator"": ""="",
                                { ""attribute_name"": ""movie_id"", ""of"": ""e_actor_matrix"" }
                              }
                            ]
                          }
                        }
                      ]
                    }
                  },
                  ""direction"": ""DESC""
                }
              ],
              ""limit"": 3
            }
          ]
        },
        ""projection"": [
          { ""attribute_name"": ""name"", ""of"": ""e_actor_matrix"" },
          { ""attribute_name"": ""name"", ""of"": ""e_top_actors"" }
        ]
      }
    ]
  ]
}
```"
8,Q12,Give me the actors of The Matrix along with the three actors who have acted the most in any movie with them,ministral-3:14b,False,0.1,360.361464,True,stop,3130,0.56349,847,358.948464,2.3597,"```json
{
  ""hypotheses_set"": [
    [
      {
        ""id"": ""q1"",
        ""target"": [""e_actor_matrix"", ""e_top_actors""],
        ""entities"": [
          { ""id"": ""e_movie"", ""type"": ""Movie"" },
          { ""id"": ""e_actor_matrix"", ""type"": ""Actor"" },
          { ""id"": ""e_actor_other"", ""type"": ""Actor"" },
          { ""id"": ""e_top_actors"", ""type"": ""Actor"" }
        ],
        ""relationships"": [
          { ""id"": ""r_act_matrix"", ""role"": ""actor"", ""from"": ""e_actor_matrix"", ""to"": ""e_movie"" },
          { ""id"": ""r_act_other"", ""role"": ""actor"", ""from"": ""e_actor_other"", ""to"": ""e_movie"" },
          { ""id"": ""r_shared_movie"", ""role"": ""shared_movie"", ""from"": ""e_actor_matrix"", ""to"": ""e_actor_other"" }
        ],
        ""constraint"": {
          ""and_conditions"": [
            {
              ""left"": { ""attribute_name"": ""title"", ""of"": ""e_movie"" },
              ""operator"": ""="",
              ""right"": ""The Matrix""
            },
            {
              ""exists_id"": ""r_act_matrix"",
              ""condition"": {
                ""and_conditions"": [
                  ""r_act_matrix"",
                  {
                    ""left"": { ""attribute_name"": ""title"", ""of"": ""e_movie"" },
                    ""operator"": ""="",
                    ""right"": ""The Matrix""
                  }
                ]
              }
            },
            {
              ""max_id"": ""e_top_actors"",
              ""expression"": {
                ""count_id"": ""e_movie"",
                ""condition"": {
                  ""and_conditions"": [
                    ""r_shared_movie"",
                    {
                      ""left"": { ""attribute_name"": ""id"", ""of"": ""e_actor_matrix"" },
                      ""operator"": ""="",
                      ""right"": { ""attribute_name"": ""id"", ""of"": ""e_actor_matrix"" }
                    }
                  ]
                }
              },
              ""condition"": {
                ""and_conditions"": [
                  ""r_shared_movie"",
                  {
                    ""left"": { ""attribute_name"": ""id"", ""of"": ""e_actor_matrix"" },
                    ""operator"": ""="",
                    ""right"": { ""attribute_name"": ""id"", ""of"": ""e_actor_matrix"" }
                  }
                ]
              }
            }
          ]
        },
        ""projection"": [
          { ""attribute_name"": ""name"", ""of"": ""e_actor_matrix"" },
          {
            ""expression"": {
              ""expression_ID"": ""top_actors"",
              ""expression"": {
                ""count_id"": ""e_movie"",
                ""condition"": {
                  ""and_conditions"": [
                    ""r_shared_movie"",
                    {
                      ""left"": { ""attribute_name"": ""id"", ""of"": ""e_actor_matrix"" },
                      ""operator"": ""="",
                      ""right"": { ""attribute_name"": ""id"", ""of"": ""e_actor_matrix"" }
                    }
                  ]
                }
              }
            },
            ""attribute_name"": ""name"",
            ""of"": ""e_top_actors""
          }
        ],
        ""order_by"": [
          {
            ""expression"": {
              ""count_id"": ""e_movie"",
              ""condition"": {
                ""and_conditions"": [
                  ""r_shared_movie"",
                  {
                    ""left"": { ""attribute_name"": ""id"", ""of"": ""e_actor_matrix"" },
                    ""operator"": ""="",
                    ""right"": { ""attribute_name"": ""id"", ""of"": ""e_actor_matrix"" }
                  }
                ]
              }
            },
            ""direction"": ""DESC""
          }
        ],
        ""limit"": 3
      }
    ]
  ]
}
```"
9,Q12,Give me the actors of The Matrix along with the three actors who have acted the most in any movie with them,ministral-3:14b,False,0.1,305.787639,False,stop,3130,0.427454,721,304.599672,2.367,"```json
{
  ""hypotheses_set"": [
    [
      {
        ""id"": ""q1"",
        ""target"": [""e_actor_matrix"", ""e_top_actors""],
        ""entities"": [
          { ""id"": ""e_movie_matrix"", ""type"": ""Movie"" },
          { ""id"": ""e_actor_matrix"", ""type"": ""Actor"" },
          { ""id"": ""e_actor_other"", ""type"": ""Actor"" },
          { ""id"": ""e_movie_collab"", ""type"": ""Movie"" }
        ],
        ""relationships"": [
          { ""id"": ""r_act_matrix"", ""role"": ""actor"", ""from"": ""e_actor_matrix"", ""to"": ""e_movie_matrix"" },
          { ""id"": ""r_act_collab"", ""role"": ""actor"", ""from"": ""e_actor_other"", ""to"": ""e_movie_collab"" },
          { ""id"": ""r_act_matrix_collab"", ""role"": ""actor"", ""from"": ""e_actor_matrix"", ""to"": ""e_movie_collab"" }
        ],
        ""constraint"": {
          ""and_conditions"": [
            {
              ""left"": { ""attribute_name"": ""name"", ""of"": ""e_movie_matrix"" },
              ""operator"": ""="",
              ""right"": ""The Matrix""
            },
            {
              ""exists_id"": ""e_movie_collab"",
              ""condition"": {
                ""and_conditions"": [
                  ""r_act_matrix_collab"",
                  {
                    ""left"": {
                      ""count_id"": ""e_actor_other"",
                      ""condition"": {
                        ""and_conditions"": [
                          ""r_act_collab"",
                          {
                            ""left"": { ""attribute_name"": ""id"", ""of"": ""e_movie_collab"" },
                            ""operator"": ""="",
                            { ""attribute_name"": ""id"", ""of"": ""e_movie_matrix"" }
                          }
                        ]
                      }
                    },
                    ""operator"": "">="",
                    ""right"": 3
                  }
                ]
              }
            }
          ]
        },
        ""projection"": [
          { ""attribute_name"": ""name"", ""of"": ""e_actor_matrix"" },
          {
            ""count_id"": ""e_actor_other"",
            ""condition"": {
              ""and_conditions"": [
                ""r_act_collab"",
                {
                  ""left"": { ""attribute_name"": ""id"", ""of"": ""e_movie_collab"" },
                  ""operator"": ""="",
                  { ""attribute_name"": ""id"", ""of"": ""e_movie_matrix"" }
                }
              ]
            }
          }
        ],
        ""order_by"": [
          {
            ""expression"": {
              ""count_id"": ""e_actor_other"",
              ""condition"": {
                ""and_conditions"": [
                  ""r_act_collab"",
                  {
                    ""left"": { ""attribute_name"": ""id"", ""of"": ""e_movie_collab"" },
                    ""operator"": ""="",
                    { ""attribute_name"": ""id"", ""of"": ""e_movie_matrix"" }
                  }
                ]
              }
            },
            ""direction"": ""DESC""
          }
        ],
        ""limit"": 3,
        ""distinct"": true
      }
    ]
  ]
}
```"
10,Q12,Give me the actors of The Matrix along with the three actors who have acted the most in any movie with them,ministral-3:14b,False,0.1,407.152104,True,stop,3130,0.402503,954,405.740569,2.3513,"```json
{
  ""hypotheses_set"": [
    [
      {
        ""id"": ""q1"",
        ""target"": [""e_actor_matrix"", ""e_top_actors""],
        ""entities"": [
          { ""id"": ""e_movie_matrix"", ""type"": ""Movie"" },
          { ""id"": ""e_actor_matrix"", ""type"": ""Person"" },
          { ""id"": ""e_actor_other"", ""type"": ""Person"" },
          { ""id"": ""e_movie_other"", ""type"": ""Movie"" },
          { ""id"": ""e_top_actors"", ""type"": ""Person"" }
        ],
        ""relationships"": [
          { ""id"": ""r_act_matrix"", ""role"": ""actor"", ""from"": ""e_actor_matrix"", ""to"": ""e_movie_matrix"" },
          { ""id"": ""r_act_other"", ""role"": ""actor"", ""from"": ""e_actor_other"", ""to"": ""e_movie_other"" },
          { ""id"": ""r_shared_movie"", ""role"": ""co_actor"", ""from"": ""e_actor_matrix"", ""to"": ""e_actor_other"" }
        ],
        ""constraint"": {
          ""and_conditions"": [
            {
              ""left"": { ""attribute_name"": ""name"", ""of"": ""e_movie_matrix"" },
              ""operator"": ""="",
              ""right"": ""The Matrix""
            },
            {
              ""exists_id"": ""r_act_matrix""
            },
            {
              ""and_conditions"": [
                {
                  ""exists_id"": ""r_shared_movie""
                },
                {
                  ""left"": {
                    ""count_id"": ""r_act_other"",
                    ""condition"": {
                      ""and_conditions"": [
                        ""r_shared_movie"",
                        {
                          ""left"": { ""attribute_name"": ""id"", ""of"": ""e_actor_other"" },
                          ""operator"": ""!="",
                          ""right"": { ""attribute_name"": ""id"", ""of"": ""e_actor_matrix"" }
                        }
                      ]
                    }
                  },
                  ""operator"": "">="",
                  ""right"": 3
                }
              ]
            },
            {
              ""left"": {
                ""max_id"": ""e_top_actors"",
                ""expression"": {
                  ""count_id"": ""r_act_other"",
                  ""condition"": {
                    ""and_conditions"": [
                      ""r_shared_movie"",
                      {
                        ""left"": { ""attribute_name"": ""id"", ""of"": ""e_actor_other"" },
                        ""operator"": ""!="",
                        ""right"": { ""attribute_name"": ""id"", ""of"": ""e_actor_matrix"" }
                      }
                    ]
                  }
                },
                ""condition"": {
                  ""and_conditions"": [
                    ""r_shared_movie"",
                    {
                      ""left"": { ""attribute_name"": ""id"", ""of"": ""e_actor_other"" },
                      ""operator"": ""!="",
                      ""right"": { ""attribute_name"": ""id"", ""of"": ""e_actor_matrix"" }
                    }
                  ]
                }
              },
              ""operator"": "">="",
              ""right"": 0
            }
          ]
        },
        ""projection"": [
          { ""attribute_name"": ""name"", ""of"": ""e_actor_matrix"" },
          {
            ""count_id"": ""r_act_other"",
            ""condition"": {
              ""and_conditions"": [
                ""r_shared_movie"",
                {
                  ""left"": { ""attribute_name"": ""id"", ""of"": ""e_actor_other"" },
                  ""operator"": ""!="",
                  ""right"": { ""attribute_name"": ""id"", ""of"": ""e_actor_matrix"" }
                }
              ]
            }
          },
          { ""attribute_name"": ""name"", ""of"": ""e_top_actors"" }
        ],
        ""order_by"": [
          {
            ""expression"": {
              ""count_id"": ""r_act_other"",
              ""condition"": {
                ""and_conditions"": [
                  ""r_shared_movie"",
                  {
                    ""left"": { ""attribute_name"": ""id"", ""of"": ""e_actor_other"" },
                    ""operator"": ""!="",
                    ""right"": { ""attribute_name"": ""id"", ""of"": ""e_actor_matrix"" }
                  }
                ]
              }
            },
            ""direction"": ""DESC""
          }
        ],
        ""limit"": 3
      }
    ]
  ]
}
```"
11,Q12,Give me the actors of The Matrix along with the three actors who have acted the most in any movie with them,ministral-3:14b,False,0.1,390.347054,True,stop,3130,0.548251,914,388.80148,2.3508,"```json
{
  ""hypotheses_set"": [
    [
      {
        ""id"": ""q1"",
        ""target"": [""e_actor_matrix"", ""e_top_actors""],
        ""entities"": [
          { ""id"": ""e_movie_matrix"", ""type"": ""Movie"" },
          { ""id"": ""e_actor_matrix"", ""type"": ""Person"" },
          { ""id"": ""e_actor_other"", ""type"": ""Person"" },
          { ""id"": ""e_movie_other"", ""type"": ""Movie"" },
          { ""id"": ""e_top_actors"", ""type"": ""Person"" }
        ],
        ""relationships"": [
          { ""id"": ""r_act_matrix"", ""role"": ""actor"", ""from"": ""e_actor_matrix"", ""to"": ""e_movie_matrix"" },
          { ""id"": ""r_act_other"", ""role"": ""actor"", ""from"": ""e_actor_other"", ""to"": ""e_movie_other"" },
          { ""id"": ""r_shared_movie"", ""role"": ""shared_movie"", ""from"": ""e_actor_matrix"", ""to"": ""e_actor_other"" }
        ],
        ""constraint"": {
          ""and_conditions"": [
            {
              ""left"": { ""attribute_name"": ""name"", ""of"": ""e_movie_matrix"" },
              ""operator"": ""="",
              ""right"": ""The Matrix""
            },
            {
              ""exists_id"": ""r_act_matrix""
            },
            {
              ""and_conditions"": [
                ""r_shared_movie"",
                {
                  ""max_id"": ""e_actor_other"",
                  ""expression"": {
                    ""count_id"": ""e_movie_other"",
                    ""condition"": {
                      ""and_conditions"": [
                        ""r_act_other"",
                        {
                          ""exists_id"": ""r_shared_movie"",
                          ""condition"": {
                            ""and_conditions"": [
                              { ""from"": ""e_actor_matrix"", ""to"": ""e_actor_other"" },
                              { ""from"": ""e_actor_other"", ""to"": ""e_actor_matrix"" }
                            ]
                          }
                        }
                      ]
                    }
                  }
                },
                {
                  ""left"": {
                    ""count_id"": ""e_movie_other"",
                    ""condition"": {
                      ""and_conditions"": [
                        ""r_act_other"",
                        {
                          ""exists_id"": ""r_shared_movie"",
                          ""condition"": {
                            ""and_conditions"": [
                              { ""from"": ""e_actor_matrix"", ""to"": ""e_actor_other"" },
                              { ""from"": ""e_actor_other"", ""to"": ""e_actor_matrix"" }
                            ]
                          }
                        }
                      ]
                    }
                  },
                  ""operator"": "">="",
                  ""right"": 3
                }
              ]
            }
          ]
        },
        ""projection"": [
          { ""attribute_name"": ""name"", ""of"": ""e_actor_matrix"" },
          {
            ""count_id"": ""e_movie_other"",
            ""condition"": {
              ""and_conditions"": [
                ""r_act_other"",
                {
                  ""exists_id"": ""r_shared_movie"",
                  ""condition"": {
                    ""and_conditions"": [
                      { ""from"": ""e_actor_matrix"", ""to"": ""e_actor_other"" },
                      { ""from"": ""e_actor_other"", ""to"": ""e_actor_matrix"" }
                    ]
                  }
                }
              ]
            }
          },
          { ""attribute_name"": ""name"", ""of"": ""e_actor_other"" }
        ],
        ""order_by"": [
          {
            ""expression"": {
              ""count_id"": ""e_movie_other"",
              ""condition"": {
                ""and_conditions"": [
                  ""r_act_other"",
                  {
                    ""exists_id"": ""r_shared_movie"",
                    ""condition"": {
                      ""and_conditions"": [
                        { ""from"": ""e_actor_matrix"", ""to"": ""e_actor_other"" },
                        { ""from"": ""e_actor_other"", ""to"": ""e_actor_matrix"" }
                      ]
                    }
                  }
                ]
              }
            },
            ""direction"": ""DESC""
          }
        ],
        ""limit"": 3
      }
    ]
  ]
}
```"
12,Q12,Give me the actors of The Matrix along with the three actors who have acted the most in any movie with them,ministral-3:14b,False,0.1,486.853024,True,stop,3130,0.498073,1149,485.184967,2.3682,"```json
{
  ""hypotheses_set"": [
    [
      {
        ""id"": ""q1"",
        ""target"": [""e_actor_matrix"", ""e_top_actors""],
        ""entities"": [
          { ""id"": ""e_movie"", ""type"": ""Movie"" },
          { ""id"": ""e_actor_matrix"", ""type"": ""Actor"" },
          { ""id"": ""e_co_actor"", ""type"": ""Actor"" },
          { ""id"": ""e_top_actors"", ""type"": ""Actor"" }
        ],
        ""relationships"": [
          { ""id"": ""r_act_matrix"", ""role"": ""actor"", ""from"": ""e_actor_matrix"", ""to"": ""e_movie"" },
          { ""id"": ""r_act_co"", ""role"": ""actor"", ""from"": ""e_co_actor"", ""to"": ""e_movie"" },
          { ""id"": ""r_shared_movie"", ""role"": ""shared_movie"", ""from"": ""e_actor_matrix"", ""to"": ""e_co_actor"" }
        ],
        ""constraint"": {
          ""and_conditions"": [
            {
              ""left"": { ""attribute_name"": ""title"", ""of"": ""e_movie"" },
              ""operator"": ""="",
              ""right"": ""The Matrix""
            },
            {
              ""exists_id"": ""r_act_matrix"",
              ""condition"": {
                ""and_conditions"": [
                  ""r_act_matrix"",
                  {
                    ""left"": { ""attribute_name"": ""title"", ""of"": ""e_movie"" },
                    ""operator"": ""="",
                    ""right"": ""The Matrix""
                  }
                ]
              }
            },
            {
              ""count_id"": ""r_shared_movie"",
              ""condition"": {
                ""and_conditions"": [
                  ""r_shared_movie"",
                  {
                    ""left"": { ""attribute_name"": ""title"", ""of"": ""e_movie"" },
                    ""operator"": ""!="",
                    ""right"": ""The Matrix""
                  }
                ]
              },
              ""operator"": "">="",
              ""right"": 0
            },
            {
              ""max_id"": ""e_top_actors"",
              ""expression"": {
                ""count_id"": ""r_shared_movie"",
                ""condition"": {
                  ""and_conditions"": [
                    ""r_shared_movie"",
                    {
                      ""left"": { ""attribute_name"": ""title"", ""of"": ""e_movie"" },
                      ""operator"": ""!="",
                      ""right"": ""The Matrix""
                    }
                  ]
                }
              },
              ""condition"": {
                ""left"": { ""attribute_name"": ""id"", ""of"": ""e_co_actor"" },
                ""operator"": ""!="",
                ""right"": { ""attribute_name"": ""id"", ""of"": ""e_actor_matrix"" }
              }
            },
            {
              ""all_id"": ""e_top_actors"",
              ""condition"": {
                ""left"": {
                  ""count_id"": ""r_shared_movie"",
                  ""condition"": {
                    ""and_conditions"": [
                      ""r_shared_movie"",
                      {
                        ""left"": { ""attribute_name"": ""title"", ""of"": ""e_movie"" },
                        ""operator"": ""!="",
                        ""right"": ""The Matrix""
                      }
                    ]
                  }
                },
                ""operator"": "">="",
                ""right"": {
                  ""min_id"": ""e_co_actor"",
                  ""expression"": {
                    ""count_id"": ""r_shared_movie"",
                    ""condition"": {
                      ""and_conditions"": [
                        ""r_shared_movie"",
                        {
                          ""left"": { ""attribute_name"": ""title"", ""of"": ""e_movie"" },
                          ""operator"": ""!="",
                          ""right"": ""The Matrix""
                        }
                      ]
                    }
                  },
                  ""condition"": {
                    ""left"": { ""attribute_name"": ""id"", ""of"": ""e_co_actor"" },
                    ""operator"": ""!="",
                    ""right"": { ""attribute_name"": ""id"", ""of"": ""e_actor_matrix"" }
                  }
                }
              }
            }
          ]
        },
        ""projection"": [
          { ""attribute_name"": ""name"", ""of"": ""e_actor_matrix"" },
          {
            ""expression_ID"": ""top_actors"",
            ""expression"": {
              ""count_id"": ""r_shared_movie"",
              ""condition"": {
                ""and_conditions"": [
                  ""r_shared_movie"",
                  {
                    ""left"": { ""attribute_name"": ""title"", ""of"": ""e_movie"" },
                    ""operator"": ""!="",
                    ""right"": ""The Matrix""
                  }
                ]
              }
            }
          },
          { ""attribute_name"": ""name"", ""of"": ""e_top_actors"" }
        ],
        ""order_by"": [
          {
            ""expression_ID"": ""top_actors"",
            ""expression"": {
              ""count_id"": ""r_shared_movie"",
              ""condition"": {
                ""and_conditions"": [
                  ""r_shared_movie"",
                  {
                    ""left"": { ""attribute_name"": ""title"", ""of"": ""e_movie"" },
                    ""operator"": ""!="",
                    ""right"": ""The Matrix""
                  }
                ]
              }
            }
          }
        ],
        ""limit"": 3
      }
    ]
  ]
}
```"
13,Q12,Give me the actors of The Matrix along with the three actors who have acted the most in any movie with them,ministral-3:14b,False,0.1,384.622772,True,stop,3130,11.903697,876,371.734429,2.3565,"```json
{
  ""hypotheses_set"": [
    [
      {
        ""id"": ""q1"",
        ""target"": [""e_actor_matrix"", ""e_top_actors""],
        ""entities"": [
          { ""id"": ""e_movie_matrix"", ""type"": ""Movie"" },
          { ""id"": ""e_actor_matrix"", ""type"": ""Person"" },
          { ""id"": ""e_actor_other"", ""type"": ""Person"" },
          { ""id"": ""e_movie_other"", ""type"": ""Movie"" },
          { ""id"": ""e_top_actors"", ""type"": ""Person"" }
        ],
        ""relationships"": [
          { ""id"": ""r_act_matrix"", ""role"": ""actor"", ""from"": ""e_actor_matrix"", ""to"": ""e_movie_matrix"" },
          { ""id"": ""r_act_other"", ""role"": ""actor"", ""from"": ""e_actor_other"", ""to"": ""e_movie_other"" },
          { ""id"": ""r_shared_movie"", ""role"": ""shared_movie"", ""from"": ""e_actor_matrix"", ""to"": ""e_actor_other"" }
        ],
        ""constraint"": {
          ""and_conditions"": [
            {
              ""left"": { ""attribute_name"": ""name"", ""of"": ""e_movie_matrix"" },
              ""operator"": ""="",
              ""right"": ""The Matrix""
            },
            {
              ""exists_id"": ""r_shared_movie"",
              ""condition"": {
                ""and_conditions"": [
                  ""r_shared_movie"",
                  {
                    ""left"": { ""attribute_name"": ""name"", ""of"": ""e_actor_matrix"" },
                    ""operator"": ""!="",
                    ""right"": { ""attribute_name"": ""name"", ""of"": ""e_actor_other"" }
                  }
                ]
              }
            },
            {
              ""count_id"": ""r_shared_movie"",
              ""condition"": {
                ""left"": { ""attribute_name"": ""name"", ""of"": ""e_actor_other"" },
                ""operator"": ""!="",
                ""right"": { ""attribute_name"": ""name"", ""of"": ""e_actor_matrix"" }
              }
            }
          ]
        },
        ""projection"": [
          { ""attribute_name"": ""name"", ""of"": ""e_actor_matrix"" }
        ],
        ""order_by"": [
          {
            ""expression"": {
              ""count_id"": ""r_shared_movie"",
              ""condition"": {
                ""left"": { ""attribute_name"": ""name"", ""of"": ""e_actor_other"" },
                ""operator"": ""!="",
                ""right"": { ""attribute_name"": ""name"", ""of"": ""e_actor_matrix"" }
              }
            },
            ""direction"": ""DESC""
          }
        ],
        ""limit"": 3,
        ""distinct"": true
      },
      {
        ""id"": ""q2"",
        ""input"": ""q1"",
        ""target"": [""e_top_actors""],
        ""projection"": [
          { ""attribute_name"": ""name"", ""of"": ""e_actor_other"" }
        ],
        ""constraint"": {
          ""and_conditions"": [
            {
              ""count_id"": ""r_shared_movie"",
              ""condition"": {
                ""left"": { ""attribute_name"": ""name"", ""of"": ""e_actor_other"" },
                ""operator"": ""!="",
                ""right"": { ""attribute_name"": ""name"", ""of"": ""e_actor_matrix"" }
              }
            }
          ]
        },
        ""order_by"": [
          {
            ""expression"": {
              ""count_id"": ""r_shared_movie"",
              ""condition"": {
                ""left"": { ""attribute_name"": ""name"", ""of"": ""e_actor_other"" },
                ""operator"": ""!="",
                ""right"": { ""attribute_name"": ""name"", ""of"": ""e_actor_matrix"" }
              }
            },
            ""direction"": ""DESC""
          }
        ],
        ""limit"": 3
      }
    ]
  ]
}
```"
14,Q12,Give me the actors of The Matrix along with the three actors who have acted the most in any movie with them,ministral-3:14b,False,0.1,315.580345,True,stop,3130,0.39788,723,314.280957,2.3005,"```json
{
  ""hypotheses_set"": [
    [
      {
        ""id"": ""q1"",
        ""target"": [""e_actor_matrix"", ""e_top_actors""],
        ""entities"": [
          { ""id"": ""e_movie_matrix"", ""type"": ""Movie"" },
          { ""id"": ""e_actor_matrix"", ""type"": ""Actor"" },
          { ""id"": ""e_actor_other"", ""type"": ""Actor"" },
          { ""id"": ""e_movie_collab"", ""type"": ""Movie"" }
        ],
        ""relationships"": [
          { ""id"": ""r_act_matrix"", ""role"": ""actor"", ""from"": ""e_actor_matrix"", ""to"": ""e_movie_matrix"" },
          { ""id"": ""r_act_collab"", ""role"": ""actor"", ""from"": ""e_actor_other"", ""to"": ""e_movie_collab"" },
          { ""id"": ""r_collab"", ""role"": ""collaborated_in"", ""from"": ""e_actor_matrix"", ""to"": ""e_actor_other"" }
        ],
        ""constraint"": {
          ""and_conditions"": [
            {
              ""left"": { ""attribute_name"": ""name"", ""of"": ""e_movie_matrix"" },
              ""operator"": ""="",
              ""right"": ""The Matrix""
            },
            {
              ""exists_id"": ""r_collab"",
              ""condition"": {
                ""and_conditions"": [
                  ""r_act_collab"",
                  {
                    ""exists_id"": ""r_collab"",
                    ""condition"": {
                      ""and_conditions"": [
                        ""r_act_matrix"",
                        {
                          ""left"": { ""attribute_name"": ""name"", ""of"": ""e_actor_matrix"" },
                          ""operator"": ""!="",
                          ""right"": { ""attribute_name"": ""name"", ""of"": ""e_actor_other"" }
                        }
                      ]
                    }
                  }
                ]
              }
            },
            {
              ""count_id"": ""r_collab"",
              ""condition"": {
                ""and_conditions"": [
                  ""r_act_collab"",
                  {
                    ""left"": { ""attribute_name"": ""name"", ""of"": ""e_actor_matrix"" },
                    ""operator"": ""="",
                    ""right"": { ""attribute_name"": ""name"", ""of"": ""e_actor_matrix"" }
                  }
                ]
              },
              ""operator"": "">="",
              ""right"": 3
            }
          ]
        },
        ""projection"": [
          { ""attribute_name"": ""name"", ""of"": ""e_actor_matrix"" },
          { ""attribute_name"": ""name"", ""of"": ""e_actor_other"" }
        ],
        ""order_by"": [
          {
            ""expression"": {
              ""count_id"": ""r_collab"",
              ""condition"": {
                ""and_conditions"": [
                  ""r_act_collab"",
                  {
                    ""left"": { ""attribute_name"": ""name"", ""of"": ""e_actor_matrix"" },
                    ""operator"": ""="",
                    ""right"": { ""attribute_name"": ""name"", ""of"": ""e_actor_matrix"" }
                  }
                ]
              }
            },
            ""direction"": ""DESC""
          }
        ],
        ""limit"": 3
      }
    ]
  ]
}
```"
15,Q12,Give me the actors of The Matrix along with the three actors who have acted the most in any movie with them,ministral-3:14b,False,0.1,298.165963,False,stop,3130,0.546123,702,296.866163,2.3647,"```json
{
  ""hypotheses_set"": [
    [
      {
        ""id"": ""q1"",
        ""target"": [""e_actor_matrix"", ""e_top_actors""],
        ""entities"": [
          { ""id"": ""e_movie_matrix"", ""type"": ""Movie"" },
          { ""id"": ""e_actor_matrix"", ""type"": ""Actor"" },
          { ""id"": ""e_actor_other"", ""type"": ""Actor"" },
          { ""id"": ""e_movie_collab"", ""type"": ""Movie"" }
        ],
        ""relationships"": [
          { ""id"": ""r_act_matrix"", ""role"": ""actor"", ""from"": ""e_actor_matrix"", ""to"": ""e_movie_matrix"" },
          { ""id"": ""r_act_collab"", ""role"": ""actor"", ""from"": ""e_actor_matrix"", ""to"": ""e_movie_collab"" },
          { ""id"": ""r_act_collab_other"", ""role"": ""actor"", ""from"": ""e_actor_other"", ""to"": ""e_movie_collab"" }
        ],
        ""constraint"": {
          ""and_conditions"": [
            {
              ""left"": { ""attribute_name"": ""name"", ""of"": ""e_movie_matrix"" },
              ""operator"": ""="",
              ""right"": ""The Matrix""
            },
            {
              ""exists_id"": ""e_movie_collab"",
              ""condition"": {
                ""and_conditions"": [
                  ""r_act_collab"",
                  ""r_act_collab_other""
                ]
              }
            },
            {
              ""left"": {
                ""count_id"": ""r_act_collab_other"",
                ""condition"": {
                  ""and_conditions"": [
                    ""r_act_collab"",
                    {
                      ""left"": { ""attribute_name"": ""id"", ""of"": ""e_actor_matrix"" },
                      ""operator"": ""="",
                      { ""attribute_name"": ""id"", ""of"": { ""expression_ID"": ""actor_matrix_id"", ""expression"": { ""attribute_name"": ""id"", ""of"": ""e_actor_matrix"" } } }
                    }
                  ]
                }
              },
              ""operator"": "">="",
              ""right"": 3
            }
          ]
        },
        ""projection"": [
          { ""attribute_name"": ""name"", ""of"": ""e_actor_matrix"" },
          { ""attribute_name"": ""name"", ""of"": ""e_actor_other"" }
        ],
        ""order_by"": [
          {
            ""expression"": {
              ""count_id"": ""r_act_collab_other"",
              ""condition"": {
                ""and_conditions"": [
                  ""r_act_collab"",
                  {
                    ""left"": { ""attribute_name"": ""id"", ""of"": ""e_actor_matrix"" },
                    ""operator"": ""="",
                    { ""attribute_name"": ""id"", ""of"": { ""expression_ID"": ""actor_matrix_id"", ""expression"": { ""attribute_name"": ""id"", ""of"": ""e_actor_matrix"" } } }
                  }
                ]
              }
            },
            ""direction"": ""DESC""
          }
        ],
        ""limit"": 3
      }
    ]
  ]
}
```"
16,Q12,Give me the actors of The Matrix along with the three actors who have acted the most in any movie with them,ministral-3:14b,False,0.1,438.372047,True,stop,3130,0.652653,1011,436.599767,2.3156,"```json
{
  ""hypotheses_set"": [
    [
      {
        ""id"": ""q1"",
        ""target"": [""e_actor_matrix"", ""e_top_actors""],
        ""entities"": [
          { ""id"": ""e_movie_matrix"", ""type"": ""Movie"" },
          { ""id"": ""e_actor_matrix"", ""type"": ""Person"" },
          { ""id"": ""e_actor_other"", ""type"": ""Person"" },
          { ""id"": ""e_movie_other"", ""type"": ""Movie"" }
        ],
        ""relationships"": [
          { ""id"": ""r_act_matrix"", ""role"": ""actor"", ""from"": ""e_actor_matrix"", ""to"": ""e_movie_matrix"" },
          { ""id"": ""r_act_other"", ""role"": ""actor"", ""from"": ""e_actor_other"", ""to"": ""e_movie_other"" },
          { ""id"": ""r_shared_movie"", ""role"": ""shared_movie"", ""from"": ""e_actor_matrix"", ""to"": ""e_actor_other"" }
        ],
        ""constraint"": {
          ""and_conditions"": [
            {
              ""left"": { ""attribute_name"": ""name"", ""of"": ""e_movie_matrix"" },
              ""operator"": ""="",
              ""right"": ""The Matrix""
            },
            {
              ""exists_id"": ""r_shared_movie"",
              ""condition"": {
                ""and_conditions"": [
                  ""r_shared_movie"",
                  {
                    ""left"": {
                      ""count_id"": ""e_movie_other"",
                      ""condition"": {
                        ""and_conditions"": [
                          ""r_act_other"",
                          {
                            ""left"": { ""attribute_name"": ""id"", ""of"": ""e_actor_other"" },
                            ""operator"": ""!="",
                            ""right"": { ""attribute_name"": ""id"", ""of"": ""e_actor_matrix"" }
                          }
                        ]
                      }
                    },
                    ""operator"": "">="",
                    ""right"": 1
                  }
                ]
              }
            },
            {
              ""left"": {
                ""count_id"": ""r_shared_movie"",
                ""condition"": {
                  ""and_conditions"": [
                    ""r_shared_movie"",
                    {
                      ""left"": {
                        ""count_id"": ""e_movie_other"",
                        ""condition"": {
                          ""and_conditions"": [
                            ""r_act_other"",
                            {
                              ""left"": { ""attribute_name"": ""id"", ""of"": ""e_actor_other"" },
                              ""operator"": ""!="",
                              ""right"": { ""attribute_name"": ""id"", ""of"": ""e_actor_matrix"" }
                            }
                          ]
                        }
                      },
                      ""operator"": "">="",
                      ""right"": 1
                    }
                  ]
                }
              },
              ""operator"": "">="",
              ""right"": 3
            }
          ]
        },
        ""projection"": [
          { ""attribute_name"": ""name"", ""of"": ""e_actor_matrix"" },
          {
            ""count_id"": ""r_shared_movie"",
            ""condition"": {
              ""and_conditions"": [
                ""r_shared_movie"",
                {
                  ""left"": {
                    ""count_id"": ""e_movie_other"",
                    ""condition"": {
                      ""and_conditions"": [
                        ""r_act_other"",
                        {
                          ""left"": { ""attribute_name"": ""id"", ""of"": ""e_actor_other"" },
                          ""operator"": ""!="",
                          ""right"": { ""attribute_name"": ""id"", ""of"": ""e_actor_matrix"" }
                        }
                      ]
                    }
                  },
                  ""operator"": "">="",
                  ""right"": 1
                }
              ]
            }
          },
          { ""attribute_name"": ""name"", ""of"": ""e_actor_other"" }
        ],
        ""order_by"": [
          {
            ""expression"": {
              ""count_id"": ""r_shared_movie"",
              ""condition"": {
                ""and_conditions"": [
                  ""r_shared_movie"",
                  {
                    ""left"": {
                      ""count_id"": ""e_movie_other"",
                      ""condition"": {
                        ""and_conditions"": [
                          ""r_act_other"",
                          {
                            ""left"": { ""attribute_name"": ""id"", ""of"": ""e_actor_other"" },
                            ""operator"": ""!="",
                            ""right"": { ""attribute_name"": ""id"", ""of"": ""e_actor_matrix"" }
                          }
                        ]
                      }
                    },
                    ""operator"": "">="",
                    ""right"": 1
                  }
                ]
              }
            },
            ""order"": ""desc""
          }
        ],
        ""limit"": 3
      }
    ]
  ]
}
```"
17,Q12,Give me the actors of The Matrix along with the three actors who have acted the most in any movie with them,ministral-3:14b,False,0.1,430.822222,False,stop,3130,11.93061,982,417.664326,2.3512,"```json
{
  ""hypotheses_set"": [
    [
      {
        ""id"": ""q1"",
        ""target"": [""e_actor_matrix"", ""e_top_actors""],
        ""entities"": [
          { ""id"": ""e_movie"", ""type"": ""Movie"" },
          { ""id"": ""e_actor_matrix"", ""type"": ""Actor"" },
          { ""id"": ""e_actor_other"", ""type"": ""Actor"" },
          { ""id"": ""e_top_actors"", ""type"": ""Actor"" }
        ],
        ""relationships"": [
          { ""id"": ""r_act_matrix"", ""role"": ""actor"", ""from"": ""e_actor_matrix"", ""to"": ""e_movie"" },
          { ""id"": ""r_act_other"", ""role"": ""actor"", ""from"": ""e_actor_other"", ""to"": ""e_movie"" },
          { ""id"": ""r_shared_movie"", ""role"": ""shared_movie"", ""from"": ""e_actor_matrix"", ""to"": ""e_actor_other"" }
        ],
        ""constraint"": {
          ""and_conditions"": [
            {
              ""left"": { ""attribute_name"": ""title"", ""of"": ""e_movie"" },
              ""operator"": ""="",
              ""right"": ""The Matrix""
            },
            {
              ""exists_id"": ""r_act_matrix"",
              ""condition"": {
                ""and_conditions"": [
                  ""r_act_matrix"",
                  {
                    ""left"": { ""attribute_name"": ""title"", ""of"": ""e_movie"" },
                    ""operator"": ""="",
                    ""right"": ""The Matrix""
                  }
                ]
              }
            },
            {
              ""exists_id"": ""r_shared_movie"",
              ""condition"": {
                ""and_conditions"": [
                  ""r_shared_movie"",
                  {
                    ""count_id"": ""e_movie"",
                    ""condition"": {
                      ""and_conditions"": [
                        ""r_act_matrix"",
                        ""r_act_other""
                      ]
                    },
                    ""operator"": "">"",
                    ""right"": 0
                  }
                ]
              }
            },
            {
              ""max_id"": ""e_top_actors"",
              ""expression"": {
                ""count_id"": ""e_movie"",
                ""condition"": {
                  ""and_conditions"": [
                    ""r_shared_movie"",
                    {
                      ""left"": { ""attribute_name"": ""id"", ""of"": ""e_actor_matrix"" },
                      ""operator"": ""="",
                      {
                        ""left"": { ""attribute_name"": ""id"", ""of"": ""e_actor_matrix"" },
                        ""operator"": ""="",
                        {
                          ""left"": { ""attribute_name"": ""id"", ""of"": ""e_actor_matrix"" },
                          ""operator"": ""="",
                          {
                            ""left"": { ""attribute_name"": ""id"", ""of"": ""e_actor_matrix"" }
                          }
                        }
                      }
                    }
                  ]
                }
              },
              ""condition"": {
                ""and_conditions"": [
                  ""r_shared_movie"",
                  {
                    ""left"": { ""attribute_name"": ""id"", ""of"": ""e_actor_matrix"" },
                    ""operator"": ""="",
                    {
                      ""left"": { ""attribute_name"": ""id"", ""of"": ""e_actor_matrix"" }
                    }
                  }
                ]
              }
            }
          ]
        },
        ""projection"": [
          { ""attribute_name"": ""name"", ""of"": ""e_actor_matrix"" },
          {
            ""count_id"": ""e_movie"",
            ""condition"": {
              ""and_conditions"": [
                ""r_shared_movie"",
                {
                  ""left"": { ""attribute_name"": ""id"", ""of"": ""e_actor_matrix"" },
                  ""operator"": ""="",
                  {
                    ""left"": { ""attribute_name"": ""id"", ""of"": ""e_actor_matrix"" }
                  }
                }
              ]
            }
          }
        ],
        ""order_by"": [
          {
            ""expression"": {
              ""count_id"": ""e_movie"",
              ""condition"": {
                ""and_conditions"": [
                  ""r_shared_movie"",
                  {
                    ""left"": { ""attribute_name"": ""id"", ""of"": ""e_actor_matrix"" },
                    ""operator"": ""="",
                    {
                      ""left"": { ""attribute_name"": ""id"", ""of"": ""e_actor_matrix"" }
                    }
                  }
                ]
              }
            },
            ""direction"": ""DESC""
          }
        ],
        ""limit"": 3
      }
    ]
  ]
}
```"
18,Q12,Give me the actors of The Matrix along with the three actors who have acted the most in any movie with them,ministral-3:14b,False,0.1,448.930551,False,stop,3130,11.890988,1029,435.811338,2.3611,"```json
{
  ""hypotheses_set"": [
    [
      {
        ""id"": ""q1"",
        ""target"": [""e_actor_matrix"", ""e_top_actors""],
        ""entities"": [
          { ""id"": ""e_movie"", ""type"": ""Movie"" },
          { ""id"": ""e_actor_matrix"", ""type"": ""Actor"" },
          { ""id"": ""e_actor_other"", ""type"": ""Actor"" },
          { ""id"": ""e_top_actors"", ""type"": ""Actor"" }
        ],
        ""relationships"": [
          { ""id"": ""r_act_matrix"", ""role"": ""actor"", ""from"": ""e_actor_matrix"", ""to"": ""e_movie"" },
          { ""id"": ""r_act_other"", ""role"": ""actor"", ""from"": ""e_actor_other"", ""to"": ""e_movie"" },
          { ""id"": ""r_shared_movie"", ""role"": ""shared_movie"", ""from"": ""e_actor_matrix"", ""to"": ""e_actor_other"" }
        ],
        ""constraint"": {
          ""and_conditions"": [
            {
              ""left"": { ""attribute_name"": ""title"", ""of"": ""e_movie"" },
              ""operator"": ""="",
              ""right"": ""The Matrix""
            },
            {
              ""exists_id"": ""r_act_matrix"",
              ""condition"": {
                ""and_conditions"": [
                  ""r_act_matrix"",
                  {
                    ""left"": { ""attribute_name"": ""title"", ""of"": ""e_movie"" },
                    ""operator"": ""="",
                    ""right"": ""The Matrix""
                  }
                ]
              }
            },
            {
              ""exists_id"": ""r_shared_movie"",
              ""condition"": {
                ""and_conditions"": [
                  ""r_shared_movie"",
                  {
                    ""count_id"": ""e_movie"",
                    ""condition"": {
                      ""and_conditions"": [
                        ""r_act_matrix"",
                        ""r_act_other""
                      ]
                    },
                    ""operator"": "">"",
                    ""right"": 0
                  }
                ]
              }
            },
            {
              ""max_id"": ""e_top_actors"",
              ""expression"": {
                ""count_id"": ""e_movie"",
                ""condition"": {
                  ""and_conditions"": [
                    ""r_act_other"",
                    {
                      ""exists_id"": ""r_shared_movie"",
                      ""condition"": {
                        ""and_conditions"": [
                          ""r_shared_movie"",
                          {
                            ""left"": { ""attribute_name"": ""id"", ""of"": ""e_actor_matrix"" },
                            ""operator"": ""="",
                            { ""attribute_name"": ""id"", ""of"": ""e_actor_other"" }
                          }
                        ]
                      }
                    }
                  ]
                }
              },
              ""condition"": {
                ""and_conditions"": [
                  {
                    ""not_condition"": {
                      ""left"": { ""attribute_name"": ""id"", ""of"": ""e_top_actors"" },
                      ""operator"": ""="",
                      { ""attribute_name"": ""id"", ""of"": ""e_actor_matrix"" }
                    }
                  }
                ]
              }
            }
          ]
        },
        ""projection"": [
          { ""attribute_name"": ""name"", ""of"": ""e_actor_matrix"" },
          {
            ""expression"": {
              ""count_id"": ""e_movie"",
              ""condition"": {
                ""and_conditions"": [
                  ""r_act_other"",
                  {
                    ""exists_id"": ""r_shared_movie"",
                    ""condition"": {
                      ""and_conditions"": [
                        ""r_shared_movie"",
                        {
                          ""left"": { ""attribute_name"": ""id"", ""of"": ""e_actor_matrix"" },
                          ""operator"": ""="",
                          { ""attribute_name"": ""id"", ""of"": ""e_actor_other"" }
                        }
                      ]
                    }
                  }
                ]
              }
            }
          },
          { ""attribute_name"": ""name"", ""of"": ""e_top_actors"" }
        ],
        ""order_by"": [
          {
            ""expression"": {
              ""count_id"": ""e_movie"",
              ""condition"": {
                ""and_conditions"": [
                  ""r_act_other"",
                  {
                    ""exists_id"": ""r_shared_movie"",
                    ""condition"": {
                      ""and_conditions"": [
                        ""r_shared_movie"",
                        {
                          ""left"": { ""attribute_name"": ""id"", ""of"": ""e_actor_matrix"" },
                          ""operator"": ""="",
                          { ""attribute_name"": ""id"", ""of"": ""e_actor_other"" }
                        }
                      ]
                    }
                  }
                ]
              }
            },
            ""direction"": ""desc""
          }
        ],
        ""limit"": 3
      }
    ]
  ]
}
```"
19,Q12,Give me the actors of The Matrix along with the three actors who have acted the most in any movie with them,ministral-3:14b,False,0.1,361.043472,True,stop,3130,11.967432,820,348.145139,2.3553,"```json
{
  ""hypotheses_set"": [
    [
      {
        ""id"": ""q1"",
        ""target"": [""e_actor_matrix"", ""e_top_actors""],
        ""entities"": [
          { ""id"": ""e_movie_matrix"", ""type"": ""Movie"" },
          { ""id"": ""e_actor_matrix"", ""type"": ""Person"" },
          { ""id"": ""e_actor_other"", ""type"": ""Person"" },
          { ""id"": ""e_movie_other"", ""type"": ""Movie"" }
        ],
        ""relationships"": [
          { ""id"": ""r_act_matrix"", ""role"": ""actor"", ""from"": ""e_actor_matrix"", ""to"": ""e_movie_matrix"" },
          { ""id"": ""r_act_other"", ""role"": ""actor"", ""from"": ""e_actor_other"", ""to"": ""e_movie_other"" },
          { ""id"": ""r_shared_movie"", ""role"": ""shared_movie"", ""from"": ""e_actor_matrix"", ""to"": ""e_actor_other"" }
        ],
        ""constraint"": {
          ""and_conditions"": [
            {
              ""left"": { ""attribute_name"": ""name"", ""of"": ""e_movie_matrix"" },
              ""operator"": ""="",
              ""right"": ""The Matrix""
            },
            {
              ""exists_id"": ""r_shared_movie"",
              ""condition"": {
                ""and_conditions"": [
                  ""r_shared_movie"",
                  {
                    ""left"": {
                      ""count_id"": ""e_movie_other"",
                      ""condition"": {
                        ""and_conditions"": [
                          ""r_act_matrix"",
                          ""r_act_other"",
                          {
                            ""left"": { ""attribute_name"": ""id"", ""of"": ""e_movie_matrix"" },
                            ""operator"": ""!="",
                            ""right"": { ""attribute_name"": ""id"", ""of"": ""e_movie_other"" }
                          }
                        ]
                      }
                    },
                    ""operator"": "">="",
                    ""right"": 1
                  }
                ]
              }
            },
            {
              ""left"": {
                ""count_id"": ""e_actor_other"",
                ""condition"": {
                  ""and_conditions"": [
                    ""r_shared_movie"",
                    {
                      ""left"": {
                        ""count_id"": ""e_movie_other"",
                        ""condition"": {
                          ""and_conditions"": [
                            ""r_act_matrix"",
                            ""r_act_other"",
                            {
                              ""left"": { ""attribute_name"": ""id"", ""of"": ""e_movie_matrix"" },
                              ""operator"": ""!="",
                              ""right"": { ""attribute_name"": ""id"", ""of"": ""e_movie_other"" }
                            }
                          ]
                        }
                      },
                      ""operator"": "">="",
                      ""right"": 1
                    }
                  ]
                }
              },
              ""operator"": "">="",
              ""right"": 3
            }
          ]
        },
        ""projection"": [
          { ""attribute_name"": ""name"", ""of"": ""e_actor_matrix"" },
          { ""attribute_name"": ""name"", ""of"": ""e_actor_other"" }
        ],
        ""order_by"": [
          {
            ""expression"": {
              ""count_id"": ""e_movie_other"",
              ""condition"": {
                ""and_conditions"": [
                  ""r_act_matrix"",
                  ""r_act_other"",
                  {
                    ""left"": { ""attribute_name"": ""id"", ""of"": ""e_movie_matrix"" },
                    ""operator"": ""!="",
                    ""right"": { ""attribute_name"": ""id"", ""of"": ""e_movie_other"" }
                  }
                ]
              }
            },
            ""direction"": ""DESC""
          }
        ],
        ""limit"": 3
      }
    ]
  ]
}
```"
20,Q12,Give me the actors of The Matrix along with the three actors who have acted the most in any movie with them,ministral-3:14b,False,0.1,234.27314,True,stop,3130,0.368511,552,233.175883,2.3673,"```json
{
  ""hypotheses_set"": [
    [
      {
        ""id"": ""q1"",
        ""target"": [""e_actor_matrix"", ""e_top_actors""],
        ""entities"": [
          { ""id"": ""e_movie_matrix"", ""type"": ""Movie"" },
          { ""id"": ""e_actor_matrix"", ""type"": ""Actor"" },
          { ""id"": ""e_actor_other"", ""type"": ""Actor"" },
          { ""id"": ""e_movie_collab"", ""type"": ""Movie"" }
        ],
        ""relationships"": [
          { ""id"": ""r_act_matrix"", ""role"": ""actor"", ""from"": ""e_actor_matrix"", ""to"": ""e_movie_matrix"" },
          { ""id"": ""r_act_collab"", ""role"": ""actor"", ""from"": ""e_actor_other"", ""to"": ""e_movie_collab"" },
          { ""id"": ""r_act_matrix_collab"", ""role"": ""actor"", ""from"": ""e_actor_matrix"", ""to"": ""e_movie_collab"" }
        ],
        ""constraint"": {
          ""and_conditions"": [
            {
              ""left"": { ""attribute_name"": ""name"", ""of"": ""e_movie_matrix"" },
              ""operator"": ""="",
              ""right"": ""The Matrix""
            },
            {
              ""exists_id"": ""e_movie_collab"",
              ""condition"": {
                ""and_conditions"": [
                  ""r_act_matrix_collab"",
                  ""r_act_collab""
                ]
              }
            },
            {
              ""left"": {
                ""count_id"": ""e_movie_collab"",
                ""condition"": {
                  ""and_conditions"": [
                    ""r_act_matrix_collab"",
                    ""r_act_collab""
                  ]
                }
              },
              ""operator"": "">="",
              ""right"": 1
            }
          ]
        },
        ""projection"": [
          { ""attribute_name"": ""name"", ""of"": ""e_actor_matrix"" }
        ],
        ""order_by"": [
          {
            ""expression"": {
              ""count_id"": ""e_movie_collab"",
              ""condition"": {
                ""and_conditions"": [
                  ""r_act_matrix_collab"",
                  ""r_act_collab""
                ]
              }
            },
            ""direction"": ""DESC""
          }
        ],
        ""limit"": 3,
        ""distinct"": true
      }
    ]
  ]
}
```"
21,Q12,Give me the actors of The Matrix along with the three actors who have acted the most in any movie with them,ministral-3:14b,False,0.1,281.696866,True,stop,3130,0.525997,662,280.431308,2.3606,"```json
{
  ""hypotheses_set"": [
    [
      {
        ""id"": ""q1"",
        ""target"": [""e_actor_matrix"", ""e_top_actors""],
        ""entities"": [
          { ""id"": ""e_movie_matrix"", ""type"": ""Movie"" },
          { ""id"": ""e_actor_matrix"", ""type"": ""Actor"" },
          { ""id"": ""e_actor_other"", ""type"": ""Actor"" },
          { ""id"": ""e_movie_collab"", ""type"": ""Movie"" }
        ],
        ""relationships"": [
          { ""id"": ""r_act_matrix"", ""role"": ""actor"", ""from"": ""e_actor_matrix"", ""to"": ""e_movie_matrix"" },
          { ""id"": ""r_act_collab"", ""role"": ""actor"", ""from"": ""e_actor_matrix"", ""to"": ""e_movie_collab"" },
          { ""id"": ""r_act_collab_other"", ""role"": ""actor"", ""from"": ""e_actor_other"", ""to"": ""e_movie_collab"" }
        ],
        ""constraint"": {
          ""and_conditions"": [
            {
              ""left"": { ""attribute_name"": ""name"", ""of"": ""e_movie_matrix"" },
              ""operator"": ""="",
              ""right"": ""The Matrix""
            },
            {
              ""exists_id"": ""e_movie_collab"",
              ""condition"": {
                ""and_conditions"": [
                  ""r_act_collab"",
                  ""r_act_collab_other""
                ]
              }
            },
            {
              ""left"": {
                ""count_id"": ""r_act_collab_other"",
                ""condition"": {
                  ""and_conditions"": [
                    ""r_act_collab_other"",
                    {
                      ""left"": { ""attribute_name"": ""id"", ""of"": ""e_actor_other"" },
                      ""operator"": ""!="",
                      ""right"": { ""attribute_name"": ""id"", ""of"": ""e_actor_matrix"" }
                    }
                  ]
                }
              },
              ""operator"": "">="",
              ""right"": 3
            }
          ]
        },
        ""projection"": [
          { ""attribute_name"": ""name"", ""of"": ""e_actor_matrix"" },
          {
            ""expression_ID"": ""top_actors"",
            ""expression"": {
              ""order_by"": [
                {
                  ""expression"": {
                    ""count_id"": ""r_act_collab_other"",
                    ""condition"": {
                      ""and_conditions"": [
                        ""r_act_collab_other"",
                        {
                          ""left"": { ""attribute_name"": ""id"", ""of"": ""e_actor_other"" },
                          ""operator"": ""!="",
                          ""right"": { ""attribute_name"": ""id"", ""of"": ""e_actor_matrix"" }
                        }
                      ]
                    }
                  },
                  ""direction"": ""DESC""
                }
              ],
              ""limit"": 3
            }
          }
        ]
      }
    ]
  ]
}
```"
22,Q12,Give me the actors of The Matrix along with the three actors who have acted the most in any movie with them,ministral-3:14b,False,0.1,404.08066,False,stop,3130,0.398371,943,402.65467,2.342,"```json
{
  ""hypotheses_set"": [
    [
      {
        ""id"": ""q1"",
        ""target"": [""e_actor_matrix"", ""e_top_actors""],
        ""entities"": [
          { ""id"": ""e_movie_matrix"", ""type"": ""Movie"" },
          { ""id"": ""e_actor_matrix"", ""type"": ""Actor"" },
          { ""id"": ""e_actor_other"", ""type"": ""Actor"" },
          { ""id"": ""e_movie_collab"", ""type"": ""Movie"" }
        ],
        ""relationships"": [
          { ""id"": ""r_act_matrix"", ""role"": ""actor"", ""from"": ""e_actor_matrix"", ""to"": ""e_movie_matrix"" },
          { ""id"": ""r_act_collab"", ""role"": ""actor"", ""from"": ""e_actor_matrix"", ""to"": ""e_movie_collab"" },
          { ""id"": ""r_act_collab_other"", ""role"": ""actor"", ""from"": ""e_actor_other"", ""to"": ""e_movie_collab"" }
        ],
        ""constraint"": {
          ""and_conditions"": [
            {
              ""left"": { ""attribute_name"": ""name"", ""of"": ""e_movie_matrix"" },
              ""operator"": ""="",
              ""right"": ""The Matrix""
            },
            {
              ""exists_id"": ""e_movie_collab"",
              ""condition"": {
                ""and_conditions"": [
                  ""r_act_collab"",
                  ""r_act_collab_other""
                ]
              }
            },
            {
              ""left"": {
                ""count_id"": ""e_movie_collab"",
                ""condition"": {
                  ""and_conditions"": [
                    ""r_act_collab"",
                    {
                      ""left"": { ""attribute_name"": ""id"", ""of"": ""e_actor_matrix"" },
                      ""operator"": ""="",
                      {
                        ""left"": { ""attribute_name"": ""id"", ""of"": ""e_actor_matrix"" },
                        ""operator"": ""=""
                        ""right"": {
                          ""attribute_name"": ""id"",
                          ""of"": {
                            ""expression_ID"": ""actor_matrix_id"",
                            ""expression"": { ""attribute_name"": ""id"", ""of"": ""e_actor_matrix"" }
                          }
                        }
                      }
                    }
                  ]
                }
              },
              ""operator"": "">="",
              ""right"": 3
            }
          ]
        },
        ""projection"": [
          { ""attribute_name"": ""name"", ""of"": ""e_actor_matrix"" },
          {
            ""count_id"": ""e_movie_collab"",
            ""condition"": {
              ""and_conditions"": [
                ""r_act_collab"",
                {
                  ""left"": { ""attribute_name"": ""id"", ""of"": ""e_actor_matrix"" },
                  ""operator"": ""="",
                  {
                    ""left"": { ""attribute_name"": ""id"", ""of"": ""e_actor_matrix"" },
                    ""operator"": ""=""
                    ""right"": {
                      ""attribute_name"": ""id"",
                      ""of"": {
                        ""expression_ID"": ""actor_matrix_id"",
                        ""expression"": { ""attribute_name"": ""id"", ""of"": ""e_actor_matrix"" }
                      }
                    }
                  }
                }
              ]
            }
          },
          { ""attribute_name"": ""name"", ""of"": ""e_actor_other"" }
        ],
        ""order_by"": [
          {
            ""expression"": {
              ""count_id"": ""e_movie_collab"",
              ""condition"": {
                ""and_conditions"": [
                  ""r_act_collab"",
                  {
                    ""left"": { ""attribute_name"": ""id"", ""of"": ""e_actor_matrix"" },
                    ""operator"": ""="",
                    {
                      ""left"": { ""attribute_name"": ""id"", ""of"": ""e_actor_matrix"" },
                      ""operator"": ""=""
                      ""right"": {
                        ""attribute_name"": ""id"",
                        ""of"": {
                          ""expression_ID"": ""actor_matrix_id"",
                          ""expression"": { ""attribute_name"": ""id"", ""of"": ""e_actor_matrix"" }
                        }
                      }
                    }
                  }
                ]
              }
            },
            ""direction"": ""DESC""
          }
        ],
        ""limit"": 3
      }
    ]
  ]
}
```"
23,Q12,Give me the actors of The Matrix along with the three actors who have acted the most in any movie with them,ministral-3:14b,False,0.1,233.945261,True,stop,3130,0.397247,550,232.741461,2.3631,"```json
{
  ""hypotheses_set"": [
    [
      {
        ""id"": ""q1"",
        ""target"": [""e_actor_matrix"", ""e_top_actors""],
        ""entities"": [
          { ""id"": ""e_movie_matrix"", ""type"": ""Movie"" },
          { ""id"": ""e_actor_matrix"", ""type"": ""Actor"" },
          { ""id"": ""e_actor_other"", ""type"": ""Actor"" },
          { ""id"": ""e_movie_collab"", ""type"": ""Movie"" }
        ],
        ""relationships"": [
          { ""id"": ""r_act_matrix"", ""role"": ""actor"", ""from"": ""e_actor_matrix"", ""to"": ""e_movie_matrix"" },
          { ""id"": ""r_act_collab"", ""role"": ""actor"", ""from"": ""e_actor_other"", ""to"": ""e_movie_collab"" },
          { ""id"": ""r_collab"", ""role"": ""co_actor"", ""from"": ""e_actor_matrix"", ""to"": ""e_actor_other"" }
        ],
        ""constraint"": {
          ""and_conditions"": [
            {
              ""left"": { ""attribute_name"": ""name"", ""of"": ""e_movie_matrix"" },
              ""operator"": ""="",
              ""right"": ""The Matrix""
            },
            {
              ""exists_id"": ""r_act_matrix""
            },
            {
              ""and_conditions"": [
                {
                  ""exists_id"": ""r_collab""
                },
                {
                  ""left"": {
                    ""count_id"": ""e_movie_collab"",
                    ""condition"": {
                      ""and_conditions"": [
                        ""r_act_collab"",
                        ""r_collab""
                      ]
                    }
                  },
                  ""operator"": "">="",
                  ""right"": 3
                },
                {
                  ""order_by"": [
                    {
                      ""expression"": {
                        ""count_id"": ""e_movie_collab"",
                        ""condition"": {
                          ""and_conditions"": [
                            ""r_act_collab"",
                            ""r_collab""
                          ]
                        }
                      },
                      ""direction"": ""DESC""
                    }
                  ],
                  ""limit"": 3
                }
              ]
            }
          ]
        },
        ""projection"": [
          { ""attribute_name"": ""name"", ""of"": ""e_actor_matrix"" },
          { ""attribute_name"": ""name"", ""of"": ""e_actor_other"" }
        ]
      }
    ]
  ]
}
```"
24,Q12,Give me the actors of The Matrix along with the three actors who have acted the most in any movie with them,ministral-3:14b,False,0.1,285.00814,False,stop,3130,0.407573,670,283.746564,2.3613,"```json
{
  ""hypotheses_set"": [
    [
      {
        ""id"": ""q1"",
        ""target"": [""e_actor_matrix"", ""e_top_actors""],
        ""entities"": [
          { ""id"": ""e_movie_matrix"", ""type"": ""Movie"" },
          { ""id"": ""e_actor_matrix"", ""type"": ""Actor"" },
          { ""id"": ""e_actor_other"", ""type"": ""Actor"" },
          { ""id"": ""e_movie_collab"", ""type"": ""Movie"" }
        ],
        ""relationships"": [
          { ""id"": ""r_act_matrix"", ""role"": ""actor"", ""from"": ""e_actor_matrix"", ""to"": ""e_movie_matrix"" },
          { ""id"": ""r_act_collab"", ""role"": ""actor"", ""from"": ""e_actor_other"", ""to"": ""e_movie_collab"" },
          { ""id"": ""r_collab"", ""role"": ""co_actor"", ""from"": ""e_actor_matrix"", ""to"": ""e_actor_other"" }
        ],
        ""constraint"": {
          ""and_conditions"": [
            {
              ""left"": { ""attribute_name"": ""name"", ""of"": ""e_movie_matrix"" },
              ""operator"": ""="",
              ""right"": ""The Matrix""
            },
            {
              ""exists_id"": ""e_movie_collab"",
              ""condition"": {
                ""and_conditions"": [
                  ""r_act_collab"",
                  {
                    ""exists_id"": ""r_collab"",
                    ""condition"": {
                      ""and_conditions"": [
                        ""r_collab"",
                        {
                          ""left"": { ""attribute_name"": ""name"", ""of"": ""e_actor_matrix"" },
                          ""operator"": ""="",
                          { ""attribute_name"": ""name"", ""of"": ""e_actor_matrix"" }
                        }
                      ]
                    }
                  }
                ]
              }
            },
            {
              ""count_id"": ""r_collab"",
              ""condition"": {
                ""left"": { ""attribute_name"": ""name"", ""of"": ""e_actor_matrix"" },
                ""operator"": ""="",
                { ""attribute_name"": ""name"", ""of"": ""e_actor_matrix"" }
              },
              ""operator"": "">="",
              ""right"": 3
            }
          ]
        },
        ""projection"": [
          { ""attribute_name"": ""name"", ""of"": ""e_actor_matrix"" },
          { ""attribute_name"": ""name"", ""of"": ""e_actor_other"" }
        ],
        ""order_by"": [
          {
            ""expression"": {
              ""count_id"": ""r_collab"",
              ""condition"": {
                ""left"": { ""attribute_name"": ""name"", ""of"": ""e_actor_matrix"" },
                ""operator"": ""="",
                { ""attribute_name"": ""name"", ""of"": ""e_actor_matrix"" }
              }
            },
            ""direction"": ""DESC""
          }
        ],
        ""limit"": 3
      }
    ]
  ]
}
```"
25,Q12,Give me the actors of The Matrix along with the three actors who have acted the most in any movie with them,ministral-3:14b,False,0.1,466.287795,False,stop,3130,0.376808,1094,464.618244,2.3546,"```json
{
  ""hypotheses_set"": [
    [
      {
        ""id"": ""q1"",
        ""target"": [""e_actor_matrix"", ""e_top_actors""],
        ""entities"": [
          { ""id"": ""e_movie_matrix"", ""type"": ""Movie"" },
          { ""id"": ""e_actor_matrix"", ""type"": ""Actor"" },
          { ""id"": ""e_actor_other"", ""type"": ""Actor"" },
          { ""id"": ""e_movie_shared"", ""type"": ""Movie"" }
        ],
        ""relationships"": [
          { ""id"": ""r_matrix_act"", ""role"": ""actor"", ""from"": ""e_actor_matrix"", ""to"": ""e_movie_matrix"" },
          { ""id"": ""r_shared_act"", ""role"": ""actor"", ""from"": ""e_actor_matrix"", ""to"": ""e_movie_shared"" },
          { ""id"": ""r_top_act"", ""role"": ""actor"", ""from"": ""e_actor_other"", ""to"": ""e_movie_shared"" }
        ],
        ""constraint"": {
          ""and_conditions"": [
            {
              ""left"": { ""attribute_name"": ""title"", ""of"": ""e_movie_matrix"" },
              ""operator"": ""="",
              ""right"": ""The Matrix""
            },
            {
              ""left"": {
                ""count_id"": ""r_top_act"",
                ""condition"": {
                  ""and_conditions"": [
                    ""r_shared_act"",
                    {
                      ""left"": { ""attribute_name"": ""id"", ""of"": ""e_actor_matrix"" },
                      ""operator"": ""="",
                      { ""left"": { ""attribute_name"": ""id"", ""of"": ""e_actor_other"" }, ""operator"": ""!="", ""right"": { ""attribute_name"": ""id"", ""of"": ""e_actor_matrix"" } }
                    }
                  ]
                }
              },
              ""operator"": "">="",
              ""right"": 3
            },
            {
              ""all_id"": ""e_top_actors"",
              ""condition"": {
                ""and_conditions"": [
                  {
                    ""left"": {
                      ""count_id"": ""r_top_act"",
                      ""condition"": {
                        ""and_conditions"": [
                          ""r_shared_act"",
                          {
                            ""left"": { ""attribute_name"": ""id"", ""of"": ""e_actor_matrix"" },
                            ""operator"": ""="",
                            { ""left"": { ""attribute_name"": ""id"", ""of"": ""e_actor_other"" }, ""operator"": ""!="", ""right"": { ""attribute_name"": ""id"", ""of"": ""e_actor_matrix"" } }
                          }
                        ]
                      }
                    },
                    ""operator"": "">="",
                    ""right"": 3
                  },
                  {
                    ""left"": {
                      ""count_id"": ""r_top_act"",
                      ""condition"": {
                        ""and_conditions"": [
                          ""r_shared_act"",
                          {
                            ""left"": { ""attribute_name"": ""id"", ""of"": ""e_actor_matrix"" },
                            ""operator"": ""="",
                            { ""left"": { ""attribute_name"": ""id"", ""of"": ""e_actor_other"" }, ""operator"": ""!="", ""right"": { ""attribute_name"": ""id"", ""of"": ""e_actor_matrix"" } }
                          }
                        ]
                      }
                    },
                    ""operator"": ""<="",
                    ""right"": {
                      ""max_id"": ""e_actor_other"",
                      ""expression"": {
                        ""count_id"": ""r_top_act"",
                        ""condition"": {
                          ""and_conditions"": [
                            ""r_shared_act"",
                            {
                              ""left"": { ""attribute_name"": ""id"", ""of"": ""e_actor_matrix"" },
                              ""operator"": ""="",
                              { ""left"": { ""attribute_name"": ""id"", ""of"": ""e_actor_other"" }, ""operator"": ""!="", ""right"": { ""attribute_name"": ""id"", ""of"": ""e_actor_matrix"" } }
                            }
                          ]
                        }
                      }
                    }
                  }
                ]
              }
            }
          ]
        },
        ""projection"": [
          { ""attribute_name"": ""name"", ""of"": ""e_actor_matrix"" },
          { ""attribute_name"": ""name"", ""of"": ""e_actor_other"" }
        ],
        ""order_by"": [
          {
            ""expression"": {
              ""count_id"": ""r_top_act"",
              ""condition"": {
                ""and_conditions"": [
                  ""r_shared_act"",
                  {
                    ""left"": { ""attribute_name"": ""id"", ""of"": ""e_actor_matrix"" },
                    ""operator"": ""="",
                    { ""left"": { ""attribute_name"": ""id"", ""of"": ""e_actor_other"" }, ""operator"": ""!="", ""right"": { ""attribute_name"": ""id"", ""of"": ""e_actor_matrix"" } }
                  }
                ]
              }
            },
            ""operator"": ""desc""
          }
        ],
        ""limit"": 3
      }
    ]
  ]
}
```"
26,Q12,Give me the actors of The Matrix along with the three actors who have acted the most in any movie with them,ministral-3:14b,False,0.1,412.706251,True,stop,3130,11.939836,942,399.810581,2.3561,"```json
{
  ""hypotheses_set"": [
    [
      {
        ""id"": ""q1"",
        ""target"": [""e_actor_matrix"", ""e_top_actors""],
        ""entities"": [
          { ""id"": ""e_movie"", ""type"": ""Movie"" },
          { ""id"": ""e_actor_matrix"", ""type"": ""Actor"" },
          { ""id"": ""e_actor_pair"", ""type"": ""Actor"" },
          { ""id"": ""e_top_actors"", ""type"": ""Actor"" }
        ],
        ""relationships"": [
          { ""id"": ""r_act_matrix"", ""role"": ""actor"", ""from"": ""e_actor_matrix"", ""to"": ""e_movie"" },
          { ""id"": ""r_act_pair"", ""role"": ""actor"", ""from"": ""e_actor_pair"", ""to"": ""e_movie"" },
          { ""id"": ""r_shared_movie"", ""role"": ""shared_movie"", ""from"": ""e_actor_matrix"", ""to"": ""e_actor_pair"" }
        ],
        ""constraint"": {
          ""and_conditions"": [
            {
              ""left"": { ""attribute_name"": ""title"", ""of"": ""e_movie"" },
              ""operator"": ""="",
              ""right"": ""The Matrix""
            },
            {
              ""exists_id"": ""r_act_matrix"",
              ""condition"": {
                ""and_conditions"": [
                  ""r_act_matrix"",
                  {
                    ""left"": { ""attribute_name"": ""title"", ""of"": ""e_movie"" },
                    ""operator"": ""="",
                    ""right"": ""The Matrix""
                  }
                ]
              }
            },
            {
              ""exists_id"": ""r_shared_movie"",
              ""condition"": {
                ""and_conditions"": [
                  ""r_shared_movie"",
                  {
                    ""left"": {
                      ""count_id"": ""r_act_pair"",
                      ""condition"": {
                        ""and_conditions"": [
                          ""r_act_pair"",
                          {
                            ""left"": { ""attribute_name"": ""id"", ""of"": ""e_actor_pair"" },
                            ""operator"": ""!="",
                            ""right"": { ""attribute_name"": ""id"", ""of"": ""e_actor_matrix"" }
                          }
                        ]
                      }
                    },
                    ""operator"": "">="",
                    ""right"": 3
                  }
                ]
              }
            },
            {
              ""max_id"": ""e_top_actors"",
              ""expression"": {
                ""count_id"": ""r_act_pair"",
                ""condition"": {
                  ""and_conditions"": [
                    ""r_act_pair"",
                    {
                      ""left"": { ""attribute_name"": ""id"", ""of"": ""e_actor_pair"" },
                      ""operator"": ""!="",
                      ""right"": { ""attribute_name"": ""id"", ""of"": ""e_actor_matrix"" }
                    }
                  ]
                }
              },
              ""condition"": {
                ""and_conditions"": [
                  {
                    ""left"": {
                      ""count_id"": ""r_act_pair"",
                      ""condition"": {
                        ""and_conditions"": [
                          ""r_act_pair"",
                          {
                            ""left"": { ""attribute_name"": ""id"", ""of"": ""e_actor_pair"" },
                            ""operator"": ""!="",
                            ""right"": { ""attribute_name"": ""id"", ""of"": ""e_actor_matrix"" }
                          }
                        ]
                      }
                    },
                    ""operator"": "">="",
                    ""right"": 3
                  }
                ]
              }
            }
          ]
        },
        ""projection"": [
          { ""attribute_name"": ""name"", ""of"": ""e_actor_matrix"" },
          { ""attribute_name"": ""name"", ""of"": ""e_top_actors"" }
        ],
        ""order_by"": [
          {
            ""expression"": {
              ""count_id"": ""r_act_pair"",
              ""condition"": {
                ""and_conditions"": [
                  ""r_act_pair"",
                  {
                    ""left"": { ""attribute_name"": ""id"", ""of"": ""e_actor_pair"" },
                    ""operator"": ""!="",
                    ""right"": { ""attribute_name"": ""id"", ""of"": ""e_actor_matrix"" }
                  }
                ]
              }
            },
            ""direction"": ""DESC""
          }
        ],
        ""limit"": 3
      }
    ]
  ]
}
```"
27,Q12,Give me the actors of The Matrix along with the three actors who have acted the most in any movie with them,ministral-3:14b,False,0.1,279.406312,True,stop,3130,0.671842,658,278.018751,2.3667,"```json
{
  ""hypotheses_set"": [
    [
      {
        ""id"": ""q1"",
        ""target"": [""e_actor_matrix"", ""e_top_actors""],
        ""entities"": [
          { ""id"": ""e_movie_matrix"", ""type"": ""Movie"" },
          { ""id"": ""e_actor_matrix"", ""type"": ""Actor"" },
          { ""id"": ""e_actor_other"", ""type"": ""Actor"" },
          { ""id"": ""e_movie_shared"", ""type"": ""Movie"" },
          { ""id"": ""e_top_actors"", ""type"": ""Actor"" }
        ],
        ""relationships"": [
          { ""id"": ""r_matrix_act"", ""role"": ""actor"", ""from"": ""e_actor_matrix"", ""to"": ""e_movie_matrix"" },
          { ""id"": ""r_shared_act"", ""role"": ""actor"", ""from"": ""e_actor_matrix"", ""to"": ""e_movie_shared"" },
          { ""id"": ""r_shared_act_other"", ""role"": ""actor"", ""from"": ""e_actor_other"", ""to"": ""e_movie_shared"" }
        ],
        ""constraint"": {
          ""and_conditions"": [
            {
              ""left"": { ""attribute_name"": ""title"", ""of"": ""e_movie_matrix"" },
              ""operator"": ""="",
              ""right"": ""The Matrix""
            },
            {
              ""exists_id"": ""e_movie_shared"",
              ""condition"": {
                ""and_conditions"": [
                  ""r_shared_act"",
                  ""r_shared_act_other""
                ]
              }
            },
            {
              ""left"": {
                ""count_id"": ""r_shared_act_other"",
                ""condition"": {
                  ""and_conditions"": [
                    ""r_shared_act_other"",
                    {
                      ""left"": { ""attribute_name"": ""id"", ""of"": ""e_actor_other"" },
                      ""operator"": ""!="",
                      ""right"": { ""attribute_name"": ""id"", ""of"": ""e_actor_matrix"" }
                    }
                  ]
                }
              },
              ""operator"": "">="",
              ""right"": 3
            },
            {
              ""order_by"": [
                {
                  ""expression"": {
                    ""count_id"": ""r_shared_act_other"",
                    ""condition"": {
                      ""and_conditions"": [
                        ""r_shared_act_other"",
                        {
                          ""left"": { ""attribute_name"": ""id"", ""of"": ""e_actor_other"" },
                          ""operator"": ""!="",
                          ""right"": { ""attribute_name"": ""id"", ""of"": ""e_actor_matrix"" }
                        }
                      ]
                    }
                  },
                  ""direction"": ""DESC""
                }
              ],
              ""limit"": 3
            }
          ]
        },
        ""projection"": [
          { ""attribute_name"": ""name"", ""of"": ""e_actor_matrix"" },
          { ""attribute_name"": ""name"", ""of"": ""e_top_actors"" }
        ]
      }
    ]
  ]
}
```"
28,Q12,Give me the actors of The Matrix along with the three actors who have acted the most in any movie with them,ministral-3:14b,False,0.1,334.598168,True,stop,3130,0.374833,787,333.275034,2.3614,"```json
{
  ""hypotheses_set"": [
    [
      {
        ""id"": ""q1"",
        ""target"": [""e_actor_matrix"", ""e_top_actors""],
        ""entities"": [
          { ""id"": ""e_movie_matrix"", ""type"": ""Movie"" },
          { ""id"": ""e_actor_matrix"", ""type"": ""Actor"" },
          { ""id"": ""e_actor_other"", ""type"": ""Actor"" },
          { ""id"": ""e_movie_collab"", ""type"": ""Movie"" }
        ],
        ""relationships"": [
          { ""id"": ""r_act_matrix"", ""role"": ""actor"", ""from"": ""e_actor_matrix"", ""to"": ""e_movie_matrix"" },
          { ""id"": ""r_act_collab"", ""role"": ""actor"", ""from"": ""e_actor_other"", ""to"": ""e_movie_collab"" },
          { ""id"": ""r_collab"", ""role"": ""collaborated_in"", ""from"": ""e_actor_matrix"", ""to"": ""e_actor_other"" }
        ],
        ""constraint"": {
          ""and_conditions"": [
            {
              ""left"": { ""attribute_name"": ""name"", ""of"": ""e_movie_matrix"" },
              ""operator"": ""="",
              ""right"": ""The Matrix""
            },
            {
              ""exists_id"": ""r_act_matrix"",
              ""condition"": {}
            },
            {
              ""and_conditions"": [
                {
                  ""exists_id"": ""r_collab"",
                  ""condition"": {}
                },
                {
                  ""left"": {
                    ""count_id"": ""e_movie_collab"",
                    ""condition"": {
                      ""and_conditions"": [
                        ""r_act_collab"",
                        {
                          ""exists_id"": ""r_collab"",
                          ""condition"": {}
                        }
                      ]
                    }
                  },
                  ""operator"": "">="",
                  ""right"": {
                    ""max_id"": ""e_actor_other"",
                    ""expression"": {
                      ""count_id"": ""e_movie_collab"",
                      ""condition"": {
                        ""and_conditions"": [
                          ""r_act_collab"",
                          {
                            ""exists_id"": ""r_collab"",
                            ""condition"": {}
                          }
                        ]
                      }
                    },
                    ""condition"": {
                      ""not_condition"": {
                        ""left"": { ""attribute_name"": ""id"", ""of"": ""e_actor_other"" },
                        ""operator"": ""="",
                        ""right"": { ""attribute_name"": ""id"", ""of"": ""e_actor_matrix"" }
                      }
                    }
                  }
                }
              ]
            }
          ]
        },
        ""projection"": [
          { ""attribute_name"": ""name"", ""of"": ""e_actor_matrix"" },
          {
            ""count_id"": ""e_movie_collab"",
            ""condition"": {
              ""and_conditions"": [
                ""r_act_collab"",
                {
                  ""exists_id"": ""r_collab"",
                  ""condition"": {}
                }
              ]
            }
          },
          { ""attribute_name"": ""name"", ""of"": ""e_actor_other"" }
        ],
        ""order_by"": [
          {
            ""expression"": {
              ""count_id"": ""e_movie_collab"",
              ""condition"": {
                ""and_conditions"": [
                  ""r_act_collab"",
                  {
                    ""exists_id"": ""r_collab"",
                    ""condition"": {}
                  }
                ]
              }
            },
            ""direction"": ""DESC""
          }
        ],
        ""limit"": 3
      }
    ]
  ]
}
```"
29,Q12,Give me the actors of The Matrix along with the three actors who have acted the most in any movie with them,ministral-3:14b,False,0.1,281.679738,True,stop,3130,0.499113,664,280.461162,2.3675,"```json
{
  ""hypotheses_set"": [
    [
      {
        ""id"": ""q1"",
        ""target"": [""e_actor_matrix"", ""e_top_actors""],
        ""entities"": [
          { ""id"": ""e_movie_matrix"", ""type"": ""Movie"" },
          { ""id"": ""e_actor_matrix"", ""type"": ""Actor"" },
          { ""id"": ""e_actor_other"", ""type"": ""Actor"" },
          { ""id"": ""e_movie_collab"", ""type"": ""Movie"" }
        ],
        ""relationships"": [
          { ""id"": ""r_act_matrix"", ""role"": ""actor"", ""from"": ""e_actor_matrix"", ""to"": ""e_movie_matrix"" },
          { ""id"": ""r_act_collab"", ""role"": ""actor"", ""from"": ""e_actor_matrix"", ""to"": ""e_movie_collab"" },
          { ""id"": ""r_act_collab_other"", ""role"": ""actor"", ""from"": ""e_actor_other"", ""to"": ""e_movie_collab"" }
        ],
        ""constraint"": {
          ""and_conditions"": [
            {
              ""left"": { ""attribute_name"": ""name"", ""of"": ""e_movie_matrix"" },
              ""operator"": ""="",
              ""right"": ""The Matrix""
            },
            {
              ""exists_id"": ""e_movie_collab"",
              ""condition"": {
                ""and_conditions"": [
                  ""r_act_collab"",
                  ""r_act_collab_other""
                ]
              }
            },
            {
              ""left"": {
                ""count_id"": ""r_act_collab_other"",
                ""condition"": {
                  ""and_conditions"": [
                    ""r_act_collab_other"",
                    {
                      ""left"": { ""attribute_name"": ""id"", ""of"": ""e_actor_other"" },
                      ""operator"": ""!="",
                      ""right"": { ""attribute_name"": ""id"", ""of"": ""e_actor_matrix"" }
                    }
                  ]
                }
              },
              ""operator"": "">="",
              ""right"": 3
            },
            {
              ""order_by"": [
                {
                  ""expression"": {
                    ""count_id"": ""r_act_collab_other"",
                    ""condition"": {
                      ""and_conditions"": [
                        ""r_act_collab_other"",
                        {
                          ""left"": { ""attribute_name"": ""id"", ""of"": ""e_actor_other"" },
                          ""operator"": ""!="",
                          ""right"": { ""attribute_name"": ""id"", ""of"": ""e_actor_matrix"" }
                        }
                      ]
                    }
                  },
                  ""direction"": ""DESC""
                }
              ],
              ""limit"": 3
            }
          ]
        },
        ""projection"": [
          { ""attribute_name"": ""name"", ""of"": ""e_actor_matrix"" },
          { ""attribute_name"": ""name"", ""of"": ""e_actor_other"" }
        ]
      }
    ]
  ]
}
```"
30,Q12,Give me the actors of The Matrix along with the three actors who have acted the most in any movie with them,ministral-3:14b,False,0.1,287.109665,False,stop,3130,0.507386,677,285.879305,2.3681,"```json
{
  ""hypotheses_set"": [
    [
      {
        ""id"": ""q1"",
        ""target"": [""e_actor_matrix"", ""e_top_actors""],
        ""entities"": [
          { ""id"": ""e_movie_matrix"", ""type"": ""Movie"" },
          { ""id"": ""e_actor_matrix"", ""type"": ""Actor"" },
          { ""id"": ""e_actor_other"", ""type"": ""Actor"" },
          { ""id"": ""e_movie_collab"", ""type"": ""Movie"" }
        ],
        ""relationships"": [
          { ""id"": ""r_act_matrix"", ""role"": ""actor"", ""from"": ""e_actor_matrix"", ""to"": ""e_movie_matrix"" },
          { ""id"": ""r_act_collab"", ""role"": ""actor"", ""from"": ""e_actor_other"", ""to"": ""e_movie_collab"" },
          { ""id"": ""r_collab"", ""role"": ""co_actor"", ""from"": ""e_actor_matrix"", ""to"": ""e_actor_other"" }
        ],
        ""constraint"": {
          ""and_conditions"": [
            {
              ""left"": { ""attribute_name"": ""name"", ""of"": ""e_movie_matrix"" },
              ""operator"": ""="",
              ""right"": ""The Matrix""
            },
            {
              ""exists_id"": ""e_movie_collab"",
              ""condition"": {
                ""and_conditions"": [
                  ""r_act_collab"",
                  {
                    ""exists_id"": ""r_collab"",
                    ""condition"": {
                      ""and_conditions"": [
                        ""r_collab"",
                        {
                          ""left"": { ""attribute_name"": ""name"", ""of"": ""e_actor_matrix"" },
                          ""operator"": ""="",
                          { ""attribute_name"": ""name"", ""of"": ""e_actor_matrix"" }
                        }
                      ]
                    }
                  }
                ]
              }
            },
            {
              ""left"": {
                ""count_id"": ""r_collab"",
                ""condition"": {
                  ""left"": { ""attribute_name"": ""name"", ""of"": ""e_actor_matrix"" },
                  ""operator"": ""="",
                  { ""attribute_name"": ""name"", ""of"": ""e_actor_matrix"" }
                }
              },
              ""operator"": "">="",
              ""right"": 3
            }
          ]
        },
        ""projection"": [
          { ""attribute_name"": ""name"", ""of"": ""e_actor_matrix"" },
          { ""attribute_name"": ""name"", ""of"": ""e_actor_other"" }
        ],
        ""order_by"": [
          {
            ""expression"": {
              ""count_id"": ""r_collab"",
              ""condition"": {
                ""left"": { ""attribute_name"": ""name"", ""of"": ""e_actor_matrix"" },
                ""operator"": ""="",
                { ""attribute_name"": ""name"", ""of"": ""e_actor_matrix"" }
              }
            },
            ""direction"": ""DESC""
          }
        ],
        ""limit"": 3
      }
    ]
  ]
}
```"
