2026-06-12 13:09:45 No previous run files found to archive. Starting fresh.
2026-06-12 13:09:45 Initializing autoresearch loop. Evaluating baseline prompt...
2026-06-12 13:09:45 Starting validation run on 45 queries...
2026-06-12 13:09:45   [1/45] Processing Query Q01...
2026-06-12 13:10:06     Query Q01 Score: 1.00
2026-06-12 13:10:06   [2/45] Processing Query Q02...
2026-06-12 13:10:29     Query Q02 Score: 0.85
2026-06-12 13:10:29   [3/45] Processing Query Q03...
2026-06-12 13:10:53     Query Q03 Score: 0.95
2026-06-12 13:10:53   [4/45] Processing Query Q04...
2026-06-12 13:11:18     Query Q04 Score: 0.60
2026-06-12 13:11:18   [5/45] Processing Query Q05...
2026-06-12 13:11:42     Query Q05 Score: 0.30
2026-06-12 13:11:42   [6/45] Processing Query Q06...
2026-06-12 13:12:05     Query Q06 Score: 1.00
2026-06-12 13:12:05   [7/45] Processing Query Q07...
2026-06-12 13:12:28     Query Q07 Score: 1.00
2026-06-12 13:12:28   [8/45] Processing Query Q08...
2026-06-12 13:12:51     Query Q08 Score: 1.00
2026-06-12 13:12:51   [9/45] Processing Query Q09...
2026-06-12 13:13:16     Query Q09 Score: 0.40
2026-06-12 13:13:16   [10/45] Processing Query Q10...
2026-06-12 13:13:42     Query Q10 Score: 0.40
2026-06-12 13:13:42   [11/45] Processing Query Q11...
2026-06-12 13:14:10     Query Q11 Score: 0.50
2026-06-12 13:14:10   [12/45] Processing Query Q12...
2026-06-12 13:14:35     Query Q12 Score: 1.00
2026-06-12 13:14:35   [13/45] Processing Query Q13...
2026-06-12 13:15:00     Query Q13 Score: 0.50
2026-06-12 13:15:00   [14/45] Processing Query Q14...
2026-06-12 13:15:24     Query Q14 Score: 0.75
2026-06-12 13:15:24   [15/45] Processing Query Q15...
2026-06-12 13:15:50     Query Q15 Score: 0.40
2026-06-12 13:15:50   [16/45] Processing Query Q16...
2026-06-12 13:16:13     Query Q16 Score: 0.75
2026-06-12 13:16:13   [17/45] Processing Query Q17...
2026-06-12 13:16:36     Query Q17 Score: 0.50
2026-06-12 13:16:36   [18/45] Processing Query Q18...
2026-06-12 13:16:58     Query Q18 Score: 1.00
2026-06-12 13:16:58   [19/45] Processing Query Q19...
2026-06-12 13:17:21     Query Q19 Score: 0.50
2026-06-12 13:17:21   [20/45] Processing Query Q20...
2026-06-12 13:17:44     Query Q20 Score: 0.95
2026-06-12 13:17:44   [21/45] Processing Query Q21...
2026-06-12 13:18:07     Query Q21 Score: 1.00
2026-06-12 13:18:07   [22/45] Processing Query Q22...
2026-06-12 13:18:29     Query Q22 Score: 1.00
2026-06-12 13:18:29   [23/45] Processing Query Q23...
2026-06-12 13:19:04     Query Q23 Score: 0.95
2026-06-12 13:19:04   [24/45] Processing Query Q24...
2026-06-12 13:19:25     Query Q24 Score: 1.00
2026-06-12 13:19:25   [25/45] Processing Query Q25...
2026-06-12 13:19:48     Query Q25 Score: 0.95
2026-06-12 13:19:48   [26/45] Processing Query Q26...
2026-06-12 13:20:09     Query Q26 Score: 1.00
2026-06-12 13:20:09   [27/45] Processing Query Q27...
2026-06-12 13:20:31     Query Q27 Score: 0.85
2026-06-12 13:20:31   [28/45] Processing Query Q28...
2026-06-12 13:20:54     Query Q28 Score: 1.00
2026-06-12 13:20:54   [29/45] Processing Query Q29...
2026-06-12 13:21:16     Query Q29 Score: 0.70
2026-06-12 13:21:16   [30/45] Processing Query Q30...
2026-06-12 13:21:39     Query Q30 Score: 1.00
2026-06-12 13:21:39   [31/45] Processing Query Q31...
2026-06-12 13:22:01     Query Q31 Score: 1.00
2026-06-12 13:22:01   [32/45] Processing Query Q32...
2026-06-12 13:22:25     Query Q32 Score: 0.90
2026-06-12 13:22:25   [33/45] Processing Query Q33...
2026-06-12 13:22:51     Query Q33 Score: 0.70
2026-06-12 13:22:51   [34/45] Processing Query Q34...
2026-06-12 13:23:15     Query Q34 Score: 0.50
2026-06-12 13:23:15   [35/45] Processing Query Q35...
2026-06-12 13:23:36     Query Q35 Score: 1.00
2026-06-12 13:23:36   [36/45] Processing Query Q36...
2026-06-12 13:23:59     Query Q36 Score: 1.00
2026-06-12 13:23:59   [37/45] Processing Query Q37...
2026-06-12 13:24:22     Query Q37 Score: 0.50
2026-06-12 13:24:22   [38/45] Processing Query Q38...
2026-06-12 13:24:45     Query Q38 Score: 0.60
2026-06-12 13:24:45   [39/45] Processing Query Q39...
2026-06-12 13:25:07     Query Q39 Score: 1.00
2026-06-12 13:25:07   [40/45] Processing Query Q40...
2026-06-12 13:25:30     Query Q40 Score: 1.00
2026-06-12 13:25:30   [41/45] Processing Query Q41...
2026-06-12 13:25:53     Query Q41 Score: 0.95
2026-06-12 13:25:53   [42/45] Processing Query Q42...
2026-06-12 13:26:16     Query Q42 Score: 1.00
2026-06-12 13:26:16   [43/45] Processing Query Q43...
2026-06-12 13:26:39     Query Q43 Score: 0.95
2026-06-12 13:26:39   [44/45] Processing Query Q48...
2026-06-12 13:27:04     Query Q48 Score: 0.60
2026-06-12 13:27:04   [45/45] Processing Query Q49...
2026-06-12 13:27:29     Query Q49 Score: 0.95
2026-06-12 13:27:29 Saved validation results to D:\TFM\Model Evaluation\autoresearch\archive\run_20260612_130945\outputs\validation_results_iter1_20260612_132729.csv
2026-06-12 13:27:29 Validation run completed. Overall Mean Score: 0.8100
2026-06-12 13:27:29 Baseline established. Score: 0.8100. Logs written to experiments.json.
2026-06-12 13:27:29 
2026-06-12 13:27:29 Entering optimization loop...
2026-06-12 13:27:29 
2026-06-12 13:27:29 =========================================
2026-06-12 13:27:29 STARTING ITERATION #2
2026-06-12 13:27:29 =========================================
2026-06-12 13:27:29 Current Champion Score: 0.8100
2026-06-12 13:27:29 Failing queries to fix: 27
2026-06-12 13:27:29 Calling Optimizer Agent to refine instructions...
2026-06-12 13:28:12 Starting validation run on 45 queries...
2026-06-12 13:28:12   [1/45] Processing Query Q01...
2026-06-12 13:28:34     Query Q01 Score: 1.00
2026-06-12 13:28:34   [2/45] Processing Query Q02...
2026-06-12 13:28:57     Query Q02 Score: 0.70
2026-06-12 13:28:57   [3/45] Processing Query Q03...
2026-06-12 13:29:22     Query Q03 Score: 0.95
2026-06-12 13:29:22   [4/45] Processing Query Q04...
2026-06-12 13:29:47     Query Q04 Score: 0.60
2026-06-12 13:29:47   [5/45] Processing Query Q05...
2026-06-12 13:30:11     Query Q05 Score: 0.50
2026-06-12 13:30:11   [6/45] Processing Query Q06...
2026-06-12 13:30:36     Query Q06 Score: 1.00
2026-06-12 13:30:36   [7/45] Processing Query Q07...
2026-06-12 13:30:59     Query Q07 Score: 1.00
2026-06-12 13:30:59   [8/45] Processing Query Q08...
2026-06-12 13:31:22     Query Q08 Score: 0.95
2026-06-12 13:31:22   [9/45] Processing Query Q09...
2026-06-12 13:31:46     Query Q09 Score: 0.50
2026-06-12 13:31:46   [10/45] Processing Query Q10...
2026-06-12 13:32:11     Query Q10 Score: 0.75
2026-06-12 13:32:11   [11/45] Processing Query Q11...
2026-06-12 13:32:37     Query Q11 Score: 0.50
2026-06-12 13:32:37   [12/45] Processing Query Q12...
2026-06-12 13:32:59     Query Q12 Score: 1.00
2026-06-12 13:32:59   [13/45] Processing Query Q13...
2026-06-12 13:33:24     Query Q13 Score: 0.40
2026-06-12 13:33:24   [14/45] Processing Query Q14...
2026-06-12 13:33:47     Query Q14 Score: 0.75
2026-06-12 13:33:47   [15/45] Processing Query Q15...
2026-06-12 13:34:15     Query Q15 Score: 0.75
2026-06-12 13:34:15   [16/45] Processing Query Q16...
2026-06-12 13:34:39     Query Q16 Score: 0.70
2026-06-12 13:34:39   [17/45] Processing Query Q17...
2026-06-12 13:35:01     Query Q17 Score: 0.50
2026-06-12 13:35:01   [18/45] Processing Query Q18...
2026-06-12 13:35:24     Query Q18 Score: 1.00
2026-06-12 13:35:24   [19/45] Processing Query Q19...
2026-06-12 13:35:47     Query Q19 Score: 0.75
2026-06-12 13:35:47   [20/45] Processing Query Q20...
2026-06-12 13:36:10     Query Q20 Score: 0.95
2026-06-12 13:36:10   [21/45] Processing Query Q21...
2026-06-12 13:36:33     Query Q21 Score: 1.00
2026-06-12 13:36:33   [22/45] Processing Query Q22...
2026-06-12 13:36:55     Query Q22 Score: 1.00
2026-06-12 13:36:55   [23/45] Processing Query Q23...
2026-06-12 13:37:26     Query Q23 Score: 1.00
2026-06-12 13:37:26   [24/45] Processing Query Q24...
2026-06-12 13:37:49     Query Q24 Score: 0.95
2026-06-12 13:37:49   [25/45] Processing Query Q25...
2026-06-12 13:38:11     Query Q25 Score: 1.00
2026-06-12 13:38:11   [26/45] Processing Query Q26...
2026-06-12 13:38:33     Query Q26 Score: 1.00
2026-06-12 13:38:33   [27/45] Processing Query Q27...
2026-06-12 13:38:55     Query Q27 Score: 0.85
2026-06-12 13:38:55   [28/45] Processing Query Q28...
2026-06-12 13:39:17     Query Q28 Score: 1.00
2026-06-12 13:39:17   [29/45] Processing Query Q29...
2026-06-12 13:39:40     Query Q29 Score: 0.70
2026-06-12 13:39:40   [30/45] Processing Query Q30...
2026-06-12 13:40:04     Query Q30 Score: 1.00
2026-06-12 13:40:04   [31/45] Processing Query Q31...
2026-06-12 13:40:26     Query Q31 Score: 1.00
2026-06-12 13:40:26   [32/45] Processing Query Q32...
2026-06-12 13:40:50     Query Q32 Score: 0.90
2026-06-12 13:40:50   [33/45] Processing Query Q33...
2026-06-12 13:41:16     Query Q33 Score: 0.60
2026-06-12 13:41:16   [34/45] Processing Query Q34...
2026-06-12 13:41:39     Query Q34 Score: 0.50
2026-06-12 13:41:39   [35/45] Processing Query Q35...
2026-06-12 13:42:00     Query Q35 Score: 1.00
2026-06-12 13:42:00   [36/45] Processing Query Q36...
2026-06-12 13:42:23     Query Q36 Score: 1.00
2026-06-12 13:42:23   [37/45] Processing Query Q37...
2026-06-12 13:42:46     Query Q37 Score: 0.95
2026-06-12 13:42:46   [38/45] Processing Query Q38...
2026-06-12 13:43:09     Query Q38 Score: 0.60
2026-06-12 13:43:09   [39/45] Processing Query Q39...
2026-06-12 13:43:31     Query Q39 Score: 0.95
2026-06-12 13:43:31   [40/45] Processing Query Q40...
2026-06-12 13:43:54     Query Q40 Score: 1.00
2026-06-12 13:43:54   [41/45] Processing Query Q41...
2026-06-12 13:44:17     Query Q41 Score: 0.95
2026-06-12 13:44:17   [42/45] Processing Query Q42...
2026-06-12 13:44:39     Query Q42 Score: 1.00
2026-06-12 13:44:39   [43/45] Processing Query Q43...
2026-06-12 13:45:04     Query Q43 Score: 0.90
2026-06-12 13:45:04   [44/45] Processing Query Q48...
2026-06-12 13:45:29     Query Q48 Score: 0.50
2026-06-12 13:45:29   [45/45] Processing Query Q49...
2026-06-12 13:45:55     Query Q49 Score: 1.00
2026-06-12 13:45:55 Saved validation results to D:\TFM\Model Evaluation\autoresearch\archive\run_20260612_130945\outputs\validation_results_iter2_20260612_134555.csv
2026-06-12 13:45:55 Validation run completed. Overall Mean Score: 0.8356
2026-06-12 13:45:55 Candidate Score: 0.8356 (Delta: +0.0256)
2026-06-12 13:45:55 >>> SUCCESS: Score improved! Saving new champion prompt.
2026-06-12 13:45:55 Iteration #2 logged successfully to experiments.json.
2026-06-12 13:45:55 
2026-06-12 13:45:55 =========================================
2026-06-12 13:45:55 STARTING ITERATION #3
2026-06-12 13:45:55 =========================================
2026-06-12 13:45:55 Current Champion Score: 0.8356
2026-06-12 13:45:55 Failing queries to fix: 27
2026-06-12 13:45:55 Calling Optimizer Agent to refine instructions...
2026-06-12 13:46:33 Starting validation run on 45 queries...
2026-06-12 13:46:33   [1/45] Processing Query Q01...
2026-06-12 13:47:01     Query Q01 Score: 1.00
2026-06-12 13:47:01   [2/45] Processing Query Q02...
2026-06-12 13:47:25     Query Q02 Score: 1.00
2026-06-12 13:47:25   [3/45] Processing Query Q03...
2026-06-12 13:47:49     Query Q03 Score: 1.00
2026-06-12 13:47:49   [4/45] Processing Query Q04...
2026-06-12 13:48:15     Query Q04 Score: 0.95
2026-06-12 13:48:15   [5/45] Processing Query Q05...
2026-06-12 13:48:39     Query Q05 Score: 0.40
2026-06-12 13:48:39   [6/45] Processing Query Q06...
2026-06-12 13:49:03     Query Q06 Score: 1.00
2026-06-12 13:49:03   [7/45] Processing Query Q07...
2026-06-12 13:49:27     Query Q07 Score: 1.00
2026-06-12 13:49:27   [8/45] Processing Query Q08...
2026-06-12 13:49:51     Query Q08 Score: 0.60
2026-06-12 13:49:51   [9/45] Processing Query Q09...
2026-06-12 13:50:26     Query Q09 Score: 0.30
2026-06-12 13:50:26   [10/45] Processing Query Q10...
2026-06-12 13:50:51     Query Q10 Score: 0.40
2026-06-12 13:50:51   [11/45] Processing Query Q11...
2026-06-12 13:51:18     Query Q11 Score: 0.50
2026-06-12 13:51:18   [12/45] Processing Query Q12...
2026-06-12 13:51:40     Query Q12 Score: 0.70
2026-06-12 13:51:40   [13/45] Processing Query Q13...
2026-06-12 13:52:05     Query Q13 Score: 0.20
2026-06-12 13:52:05   [14/45] Processing Query Q14...
2026-06-12 13:52:28     Query Q14 Score: 1.00
2026-06-12 13:52:28   [15/45] Processing Query Q15...
2026-06-12 13:52:55     Query Q15 Score: 0.30
2026-06-12 13:52:55   [16/45] Processing Query Q16...
2026-06-12 13:53:19     Query Q16 Score: 0.70
2026-06-12 13:53:19   [17/45] Processing Query Q17...
2026-06-12 13:53:42     Query Q17 Score: 1.00
2026-06-12 13:53:42   [18/45] Processing Query Q18...
2026-06-12 13:54:05     Query Q18 Score: 1.00
2026-06-12 13:54:05   [19/45] Processing Query Q19...
2026-06-12 13:54:29     Query Q19 Score: 0.75
2026-06-12 13:54:29   [20/45] Processing Query Q20...
2026-06-12 13:54:52     Query Q20 Score: 0.95
2026-06-12 13:54:52   [21/45] Processing Query Q21...
2026-06-12 13:55:15     Query Q21 Score: 1.00
2026-06-12 13:55:15   [22/45] Processing Query Q22...
2026-06-12 13:55:38     Query Q22 Score: 1.00
2026-06-12 13:55:38   [23/45] Processing Query Q23...
2026-06-12 13:56:14     Query Q23 Score: 0.95
2026-06-12 13:56:14   [24/45] Processing Query Q24...
2026-06-12 13:56:36     Query Q24 Score: 1.00
2026-06-12 13:56:36   [25/45] Processing Query Q25...
2026-06-12 13:57:00     Query Q25 Score: 1.00
2026-06-12 13:57:00   [26/45] Processing Query Q26...
2026-06-12 13:57:22     Query Q26 Score: 1.00
2026-06-12 13:57:22   [27/45] Processing Query Q27...
2026-06-12 13:57:45     Query Q27 Score: 0.85
2026-06-12 13:57:45   [28/45] Processing Query Q28...
2026-06-12 13:58:08     Query Q28 Score: 1.00
2026-06-12 13:58:08   [29/45] Processing Query Q29...
2026-06-12 13:58:31     Query Q29 Score: 0.70
2026-06-12 13:58:31   [30/45] Processing Query Q30...
2026-06-12 13:58:55     Query Q30 Score: 1.00
2026-06-12 13:58:55   [31/45] Processing Query Q31...
2026-06-12 13:59:18     Query Q31 Score: 0.95
2026-06-12 13:59:18   [32/45] Processing Query Q32...
2026-06-12 13:59:43     Query Q32 Score: 0.90
2026-06-12 13:59:43   [33/45] Processing Query Q33...
2026-06-12 14:00:10     Query Q33 Score: 0.75
2026-06-12 14:00:10   [34/45] Processing Query Q34...
2026-06-12 14:00:33     Query Q34 Score: 0.95
2026-06-12 14:00:33   [35/45] Processing Query Q35...
2026-06-12 14:00:55     Query Q35 Score: 1.00
2026-06-12 14:00:55   [36/45] Processing Query Q36...
2026-06-12 14:01:18     Query Q36 Score: 1.00
2026-06-12 14:01:18   [37/45] Processing Query Q37...
2026-06-12 14:01:41     Query Q37 Score: 0.50
2026-06-12 14:01:41   [38/45] Processing Query Q38...
2026-06-12 14:02:04     Query Q38 Score: 0.50
2026-06-12 14:02:04   [39/45] Processing Query Q39...
2026-06-12 14:02:27     Query Q39 Score: 1.00
2026-06-12 14:02:27   [40/45] Processing Query Q40...
2026-06-12 14:02:50     Query Q40 Score: 1.00
2026-06-12 14:02:50   [41/45] Processing Query Q41...
2026-06-12 14:03:14     Query Q41 Score: 0.95
2026-06-12 14:03:14   [42/45] Processing Query Q42...
2026-06-12 14:03:37     Query Q42 Score: 1.00
2026-06-12 14:03:37   [43/45] Processing Query Q43...
2026-06-12 14:04:01     Query Q43 Score: 0.90
2026-06-12 14:04:01   [44/45] Processing Query Q48...
2026-06-12 14:04:25     Query Q48 Score: 1.00
2026-06-12 14:04:25   [45/45] Processing Query Q49...
2026-06-12 14:04:50     Query Q49 Score: 0.60
2026-06-12 14:04:50 Saved validation results to D:\TFM\Model Evaluation\autoresearch\archive\run_20260612_130945\outputs\validation_results_iter3_20260612_140450.csv
2026-06-12 14:04:50 Validation run completed. Overall Mean Score: 0.8278
2026-06-12 14:04:50 Candidate Score: 0.8278 (Delta: -0.0078)
2026-06-12 14:04:50 >>> FAILURE: Score did not improve. Discarding changes.
2026-06-12 14:04:50 Iteration #3 logged successfully to experiments.json.
2026-06-12 14:04:50 
2026-06-12 14:04:50 =========================================
2026-06-12 14:04:50 STARTING ITERATION #4
2026-06-12 14:04:50 =========================================
2026-06-12 14:04:50 Current Champion Score: 0.8356
2026-06-12 14:04:50 Failing queries to fix: 27
2026-06-12 14:04:50 Calling Optimizer Agent to refine instructions...
2026-06-12 14:05:39 Starting validation run on 45 queries...
2026-06-12 14:05:39   [1/45] Processing Query Q01...
2026-06-12 14:06:02     Query Q01 Score: 1.00
2026-06-12 14:06:02   [2/45] Processing Query Q02...
2026-06-12 14:06:25     Query Q02 Score: 0.95
2026-06-12 14:06:25   [3/45] Processing Query Q03...
2026-06-12 14:06:50     Query Q03 Score: 0.95
2026-06-12 14:06:50   [4/45] Processing Query Q04...
2026-06-12 14:07:15     Query Q04 Score: 0.95
2026-06-12 14:07:15   [5/45] Processing Query Q05...
2026-06-12 14:07:38     Query Q05 Score: 0.40
2026-06-12 14:07:38   [6/45] Processing Query Q06...
2026-06-12 14:08:02     Query Q06 Score: 1.00
2026-06-12 14:08:02   [7/45] Processing Query Q07...
2026-06-12 14:08:25     Query Q07 Score: 0.95
2026-06-12 14:08:25   [8/45] Processing Query Q08...
2026-06-12 14:08:48     Query Q08 Score: 1.00
2026-06-12 14:08:48   [9/45] Processing Query Q09...
2026-06-12 14:09:11     Query Q09 Score: 0.50
2026-06-12 14:09:11   [10/45] Processing Query Q10...
2026-06-12 14:09:37     Query Q10 Score: 0.75
2026-06-12 14:09:37   [11/45] Processing Query Q11...
2026-06-12 14:10:03     Query Q11 Score: 0.60
2026-06-12 14:10:03   [12/45] Processing Query Q12...
2026-06-12 14:10:24     Query Q12 Score: 1.00
2026-06-12 14:10:24   [13/45] Processing Query Q13...
2026-06-12 14:10:49     Query Q13 Score: 0.30
2026-06-12 14:10:49   [14/45] Processing Query Q14...
2026-06-12 14:11:12     Query Q14 Score: 0.75
2026-06-12 14:11:12   [15/45] Processing Query Q15...
2026-06-12 14:11:38     Query Q15 Score: 0.50
2026-06-12 14:11:38   [16/45] Processing Query Q16...
2026-06-12 14:12:01     Query Q16 Score: 0.70
2026-06-12 14:12:01   [17/45] Processing Query Q17...
2026-06-12 14:12:24     Query Q17 Score: 1.00
2026-06-12 14:12:24   [18/45] Processing Query Q18...
2026-06-12 14:12:46     Query Q18 Score: 1.00
2026-06-12 14:12:46   [19/45] Processing Query Q19...
2026-06-12 14:13:09     Query Q19 Score: 0.60
2026-06-12 14:13:09   [20/45] Processing Query Q20...
2026-06-12 14:13:32     Query Q20 Score: 0.95
2026-06-12 14:13:32   [21/45] Processing Query Q21...
2026-06-12 14:14:02     Query Q21 Score: 0.95
2026-06-12 14:14:02   [22/45] Processing Query Q22...
2026-06-12 14:14:24     Query Q22 Score: 1.00
2026-06-12 14:14:24   [23/45] Processing Query Q23...
2026-06-12 14:14:57     Query Q23 Score: 0.50
2026-06-12 14:14:57   [24/45] Processing Query Q24...
2026-06-12 14:15:19     Query Q24 Score: 1.00
2026-06-12 14:15:19   [25/45] Processing Query Q25...
2026-06-12 14:15:42     Query Q25 Score: 1.00
2026-06-12 14:15:42   [26/45] Processing Query Q26...
2026-06-12 14:16:04     Query Q26 Score: 1.00
2026-06-12 14:16:04   [27/45] Processing Query Q27...
2026-06-12 14:16:27     Query Q27 Score: 0.60
2026-06-12 14:16:27   [28/45] Processing Query Q28...
2026-06-12 14:16:49     Query Q28 Score: 1.00
2026-06-12 14:16:49   [29/45] Processing Query Q29...
2026-06-12 14:17:12     Query Q29 Score: 0.50
2026-06-12 14:17:12   [30/45] Processing Query Q30...
2026-06-12 14:17:36     Query Q30 Score: 1.00
2026-06-12 14:17:36   [31/45] Processing Query Q31...
2026-06-12 14:18:00     Query Q31 Score: 0.85
2026-06-12 14:18:00   [32/45] Processing Query Q32...
2026-06-12 14:18:24     Query Q32 Score: 0.90
2026-06-12 14:18:24   [33/45] Processing Query Q33...
2026-06-12 14:18:50     Query Q33 Score: 0.75
2026-06-12 14:18:50   [34/45] Processing Query Q34...
2026-06-12 14:19:13     Query Q34 Score: 0.50
2026-06-12 14:19:13   [35/45] Processing Query Q35...
2026-06-12 14:19:34     Query Q35 Score: 1.00
2026-06-12 14:19:34   [36/45] Processing Query Q36...
2026-06-12 14:19:58     Query Q36 Score: 1.00
2026-06-12 14:19:58   [37/45] Processing Query Q37...
2026-06-12 14:20:24     Query Q37 Score: 1.00
2026-06-12 14:20:24   [38/45] Processing Query Q38...
2026-06-12 14:20:48     Query Q38 Score: 0.60
2026-06-12 14:20:48   [39/45] Processing Query Q39...
2026-06-12 14:21:11     Query Q39 Score: 0.85
2026-06-12 14:21:11   [40/45] Processing Query Q40...
2026-06-12 14:21:35     Query Q40 Score: 1.00
2026-06-12 14:21:35   [41/45] Processing Query Q41...
2026-06-12 14:22:00     Query Q41 Score: 0.95
2026-06-12 14:22:00   [42/45] Processing Query Q42...
2026-06-12 14:22:23     Query Q42 Score: 1.00
2026-06-12 14:22:23   [43/45] Processing Query Q43...
2026-06-12 14:22:47     Query Q43 Score: 0.90
2026-06-12 14:22:47   [44/45] Processing Query Q48...
2026-06-12 14:23:21     Query Q48 Score: 1.00
2026-06-12 14:23:21   [45/45] Processing Query Q49...
2026-06-12 14:23:48     Query Q49 Score: 0.85
2026-06-12 14:23:48 Saved validation results to D:\TFM\Model Evaluation\autoresearch\archive\run_20260612_130945\outputs\validation_results_iter4_20260612_142348.csv
2026-06-12 14:23:48 Validation run completed. Overall Mean Score: 0.8344
2026-06-12 14:23:48 Candidate Score: 0.8344 (Delta: -0.0011)
2026-06-12 14:23:48 >>> FAILURE: Score did not improve. Discarding changes.
2026-06-12 14:23:48 Iteration #4 logged successfully to experiments.json.
2026-06-12 14:23:48 
2026-06-12 14:23:48 =========================================
2026-06-12 14:23:48 STARTING ITERATION #5
2026-06-12 14:23:48 =========================================
2026-06-12 14:23:48 Current Champion Score: 0.8356
2026-06-12 14:23:48 Failing queries to fix: 27
2026-06-12 14:23:48 Calling Optimizer Agent to refine instructions...
2026-06-12 14:24:39 Starting validation run on 45 queries...
2026-06-12 14:24:39   [1/45] Processing Query Q01...
2026-06-12 14:25:01     Query Q01 Score: 1.00
2026-06-12 14:25:01   [2/45] Processing Query Q02...
2026-06-12 14:25:27     Query Q02 Score: 0.60
2026-06-12 14:25:27   [3/45] Processing Query Q03...
2026-06-12 14:25:52     Query Q03 Score: 0.95
2026-06-12 14:25:52   [4/45] Processing Query Q04...
2026-06-12 14:26:18     Query Q04 Score: 0.95
2026-06-12 14:26:18   [5/45] Processing Query Q05...
2026-06-12 14:26:42     Query Q05 Score: 0.40
2026-06-12 14:26:42   [6/45] Processing Query Q06...
2026-06-12 14:27:05     Query Q06 Score: 1.00
2026-06-12 14:27:05   [7/45] Processing Query Q07...
2026-06-12 14:27:29     Query Q07 Score: 1.00
2026-06-12 14:27:29   [8/45] Processing Query Q08...
2026-06-12 14:27:53     Query Q08 Score: 1.00
2026-06-12 14:27:53   [9/45] Processing Query Q09...
2026-06-12 14:28:22     Query Q09 Score: 0.50
2026-06-12 14:28:22   [10/45] Processing Query Q10...
2026-06-12 14:28:47     Query Q10 Score: 0.40
2026-06-12 14:28:47   [11/45] Processing Query Q11...
2026-06-12 14:29:13     Query Q11 Score: 0.30
2026-06-12 14:29:13   [12/45] Processing Query Q12...
2026-06-12 14:29:35     Query Q12 Score: 0.70
2026-06-12 14:29:35   [13/45] Processing Query Q13...
2026-06-12 14:29:59     Query Q13 Score: 0.20
2026-06-12 14:29:59   [14/45] Processing Query Q14...
2026-06-12 14:30:22     Query Q14 Score: 1.00
2026-06-12 14:30:22   [15/45] Processing Query Q15...
2026-06-12 14:30:52     Query Q15 Score: 1.00
2026-06-12 14:30:52   [16/45] Processing Query Q16...
2026-06-12 14:31:15     Query Q16 Score: 0.50
2026-06-12 14:31:15   [17/45] Processing Query Q17...
2026-06-12 14:31:37     Query Q17 Score: 0.50
2026-06-12 14:31:37   [18/45] Processing Query Q18...
2026-06-12 14:32:00     Query Q18 Score: 1.00
2026-06-12 14:32:00   [19/45] Processing Query Q19...
2026-06-12 14:32:41     Query Q19 Score: 0.50
2026-06-12 14:32:41   [20/45] Processing Query Q20...
2026-06-12 14:33:04     Query Q20 Score: 0.95
2026-06-12 14:33:04   [21/45] Processing Query Q21...
2026-06-12 14:33:38     Query Q21 Score: 0.70
2026-06-12 14:33:38   [22/45] Processing Query Q22...
2026-06-12 14:34:01     Query Q22 Score: 1.00
2026-06-12 14:34:01   [23/45] Processing Query Q23...
2026-06-12 14:34:43     Query Q23 Score: 0.40
2026-06-12 14:34:43   [24/45] Processing Query Q24...
2026-06-12 14:35:05     Query Q24 Score: 1.00
2026-06-12 14:35:05   [25/45] Processing Query Q25...
2026-06-12 14:35:28     Query Q25 Score: 1.00
2026-06-12 14:35:28   [26/45] Processing Query Q26...
2026-06-12 14:35:49     Query Q26 Score: 1.00
2026-06-12 14:35:49   [27/45] Processing Query Q27...
2026-06-12 14:36:11     Query Q27 Score: 0.85
2026-06-12 14:36:11   [28/45] Processing Query Q28...
2026-06-12 14:36:33     Query Q28 Score: 1.00
2026-06-12 14:36:33   [29/45] Processing Query Q29...
2026-06-12 14:36:56     Query Q29 Score: 0.70
2026-06-12 14:36:56   [30/45] Processing Query Q30...
2026-06-12 14:37:20     Query Q30 Score: 0.95
2026-06-12 14:37:20   [31/45] Processing Query Q31...
2026-06-12 14:37:43     Query Q31 Score: 1.00
2026-06-12 14:37:43   [32/45] Processing Query Q32...
2026-06-12 14:38:06     Query Q32 Score: 0.90
2026-06-12 14:38:06   [33/45] Processing Query Q33...
2026-06-12 14:38:33     Query Q33 Score: 0.75
2026-06-12 14:38:33   [34/45] Processing Query Q34...
2026-06-12 14:38:56     Query Q34 Score: 0.50
2026-06-12 14:38:56   [35/45] Processing Query Q35...
2026-06-12 14:39:17     Query Q35 Score: 1.00
2026-06-12 14:39:17   [36/45] Processing Query Q36...
2026-06-12 14:39:40     Query Q36 Score: 1.00
2026-06-12 14:39:40   [37/45] Processing Query Q37...
2026-06-12 14:40:04     Query Q37 Score: 0.60
2026-06-12 14:40:04   [38/45] Processing Query Q38...
2026-06-12 14:40:27     Query Q38 Score: 0.60
2026-06-12 14:40:27   [39/45] Processing Query Q39...
2026-06-12 14:40:49     Query Q39 Score: 1.00
2026-06-12 14:40:49   [40/45] Processing Query Q40...
2026-06-12 14:41:12     Query Q40 Score: 1.00
2026-06-12 14:41:12   [41/45] Processing Query Q41...
2026-06-12 14:41:35     Query Q41 Score: 0.95
2026-06-12 14:41:35   [42/45] Processing Query Q42...
2026-06-12 14:41:58     Query Q42 Score: 1.00
2026-06-12 14:41:58   [43/45] Processing Query Q43...
2026-06-12 14:42:21     Query Q43 Score: 0.90
2026-06-12 14:42:21   [44/45] Processing Query Q48...
2026-06-12 14:42:45     Query Q48 Score: 0.95
2026-06-12 14:42:45   [45/45] Processing Query Q49...
2026-06-12 14:43:10     Query Q49 Score: 0.75
2026-06-12 14:43:10 Saved validation results to D:\TFM\Model Evaluation\autoresearch\archive\run_20260612_130945\outputs\validation_results_iter5_20260612_144310.csv
2026-06-12 14:43:10 Validation run completed. Overall Mean Score: 0.7989
2026-06-12 14:43:10 Candidate Score: 0.7989 (Delta: -0.0367)
2026-06-12 14:43:10 >>> FAILURE: Score did not improve. Discarding changes.
2026-06-12 14:43:11 Iteration #5 logged successfully to experiments.json.
2026-06-12 14:43:11 
2026-06-12 14:43:11 =========================================
2026-06-12 14:43:11 STARTING ITERATION #6
2026-06-12 14:43:11 =========================================
2026-06-12 14:43:11 Current Champion Score: 0.8356
2026-06-12 14:43:11 Failing queries to fix: 27
2026-06-12 14:43:11 Calling Optimizer Agent to refine instructions...
2026-06-12 14:43:47 Starting validation run on 45 queries...
2026-06-12 14:43:47   [1/45] Processing Query Q01...
2026-06-12 14:44:08     Query Q01 Score: 1.00
2026-06-12 14:44:08   [2/45] Processing Query Q02...
2026-06-12 14:44:31     Query Q02 Score: 1.00
2026-06-12 14:44:31   [3/45] Processing Query Q03...
2026-06-12 14:44:56     Query Q03 Score: 0.40
2026-06-12 14:44:56   [4/45] Processing Query Q04...
2026-06-12 14:45:21     Query Q04 Score: 0.30
2026-06-12 14:45:21   [5/45] Processing Query Q05...
2026-06-12 14:45:45     Query Q05 Score: 0.40
2026-06-12 14:45:45   [6/45] Processing Query Q06...
2026-06-12 14:46:08     Query Q06 Score: 0.40
2026-06-12 14:46:08   [7/45] Processing Query Q07...
2026-06-12 14:46:31     Query Q07 Score: 1.00
2026-06-12 14:46:31   [8/45] Processing Query Q08...
2026-06-12 14:46:54     Query Q08 Score: 0.50
2026-06-12 14:46:54   [9/45] Processing Query Q09...
2026-06-12 14:47:25     Query Q09 Score: 0.40
2026-06-12 14:47:25   [10/45] Processing Query Q10...
2026-06-12 14:47:48     Query Q10 Score: 0.40
2026-06-12 14:47:48   [11/45] Processing Query Q11...
2026-06-12 14:48:15     Query Q11 Score: 0.40
2026-06-12 14:48:15   [12/45] Processing Query Q12...
2026-06-12 14:48:37     Query Q12 Score: 1.00
2026-06-12 14:48:37   [13/45] Processing Query Q13...
2026-06-12 14:49:00     Query Q13 Score: 0.50
2026-06-12 14:49:00   [14/45] Processing Query Q14...
2026-06-12 14:49:24     Query Q14 Score: 1.00
2026-06-12 14:49:24   [15/45] Processing Query Q15...
2026-06-12 14:49:52     Query Q15 Score: 1.00
2026-06-12 14:49:52   [16/45] Processing Query Q16...
2026-06-12 14:50:16     Query Q16 Score: 0.95
2026-06-12 14:50:16   [17/45] Processing Query Q17...
2026-06-12 14:50:38     Query Q17 Score: 0.50
2026-06-12 14:50:38   [18/45] Processing Query Q18...
2026-06-12 14:51:00     Query Q18 Score: 1.00
2026-06-12 14:51:00   [19/45] Processing Query Q19...
2026-06-12 14:51:32     Query Q19 Score: 0.50
2026-06-12 14:51:32   [20/45] Processing Query Q20...
2026-06-12 14:51:55     Query Q20 Score: 0.95
2026-06-12 14:51:55   [21/45] Processing Query Q21...
2026-06-12 14:52:18     Query Q21 Score: 1.00
2026-06-12 14:52:18   [22/45] Processing Query Q22...
2026-06-12 14:52:40     Query Q22 Score: 1.00
2026-06-12 14:52:40   [23/45] Processing Query Q23...
2026-06-12 14:53:05     Query Q23 Score: 0.75
2026-06-12 14:53:05   [24/45] Processing Query Q24...
2026-06-12 14:53:28     Query Q24 Score: 0.90
2026-06-12 14:53:28   [25/45] Processing Query Q25...
2026-06-12 14:53:51     Query Q25 Score: 1.00
2026-06-12 14:53:51   [26/45] Processing Query Q26...
2026-06-12 14:54:12     Query Q26 Score: 1.00
2026-06-12 14:54:12   [27/45] Processing Query Q27...
2026-06-12 14:54:37     Query Q27 Score: 0.75
2026-06-12 14:54:37   [28/45] Processing Query Q28...
2026-06-12 14:54:58     Query Q28 Score: 1.00
2026-06-12 14:54:58   [29/45] Processing Query Q29...
2026-06-12 14:55:20     Query Q29 Score: 0.50
2026-06-12 14:55:20   [30/45] Processing Query Q30...
2026-06-12 14:55:44     Query Q30 Score: 1.00
2026-06-12 14:55:44   [31/45] Processing Query Q31...
2026-06-12 14:56:06     Query Q31 Score: 1.00
2026-06-12 14:56:06   [32/45] Processing Query Q32...
2026-06-12 14:56:31     Query Q32 Score: 0.40
2026-06-12 14:56:31   [33/45] Processing Query Q33...
2026-06-12 14:56:57     Query Q33 Score: 0.60
2026-06-12 14:56:57   [34/45] Processing Query Q34...
2026-06-12 14:57:21     Query Q34 Score: 0.95
2026-06-12 14:57:21   [35/45] Processing Query Q35...
2026-06-12 14:57:43     Query Q35 Score: 1.00
2026-06-12 14:57:43   [36/45] Processing Query Q36...
2026-06-12 14:58:06     Query Q36 Score: 0.50
2026-06-12 14:58:06   [37/45] Processing Query Q37...
2026-06-12 14:58:30     Query Q37 Score: 0.95
2026-06-12 14:58:30   [38/45] Processing Query Q38...
2026-06-12 14:58:53     Query Q38 Score: 0.50
2026-06-12 14:58:53   [39/45] Processing Query Q39...
2026-06-12 14:59:16     Query Q39 Score: 1.00
2026-06-12 14:59:16   [40/45] Processing Query Q40...
2026-06-12 14:59:40     Query Q40 Score: 1.00
2026-06-12 14:59:40   [41/45] Processing Query Q41...
2026-06-12 15:00:05     Query Q41 Score: 1.00
2026-06-12 15:00:05   [42/45] Processing Query Q42...
2026-06-12 15:00:28     Query Q42 Score: 1.00
2026-06-12 15:00:28   [43/45] Processing Query Q43...
2026-06-12 15:00:52     Query Q43 Score: 0.75
2026-06-12 15:00:52   [44/45] Processing Query Q48...
2026-06-12 15:01:17     Query Q48 Score: 0.60
2026-06-12 15:01:17   [45/45] Processing Query Q49...
2026-06-12 15:01:42     Query Q49 Score: 0.85
2026-06-12 15:01:42 Saved validation results to D:\TFM\Model Evaluation\autoresearch\archive\run_20260612_130945\outputs\validation_results_iter6_20260612_150142.csv
2026-06-12 15:01:42 Validation run completed. Overall Mean Score: 0.7689
2026-06-12 15:01:42 Candidate Score: 0.7689 (Delta: -0.0667)
2026-06-12 15:01:42 >>> FAILURE: Score did not improve. Discarding changes.
2026-06-12 15:01:42 Iteration #6 logged successfully to experiments.json.
2026-06-12 15:01:42 
2026-06-12 15:01:42 =========================================
2026-06-12 15:01:42 STARTING ITERATION #7
2026-06-12 15:01:42 =========================================
2026-06-12 15:01:42 Current Champion Score: 0.8356
2026-06-12 15:01:42 Failing queries to fix: 27
2026-06-12 15:01:42 Calling Optimizer Agent to refine instructions...
2026-06-12 15:02:40 Starting validation run on 45 queries...
2026-06-12 15:02:40   [1/45] Processing Query Q01...
2026-06-12 15:03:03     Query Q01 Score: 1.00
2026-06-12 15:03:03   [2/45] Processing Query Q02...
2026-06-12 15:03:28     Query Q02 Score: 0.95
2026-06-12 15:03:28   [3/45] Processing Query Q03...
2026-06-12 15:03:52     Query Q03 Score: 0.95
2026-06-12 15:03:52   [4/45] Processing Query Q04...
2026-06-12 15:04:17     Query Q04 Score: 0.95
2026-06-12 15:04:17   [5/45] Processing Query Q05...
2026-06-12 15:04:41     Query Q05 Score: 0.40
2026-06-12 15:04:41   [6/45] Processing Query Q06...
2026-06-12 15:05:05     Query Q06 Score: 1.00
2026-06-12 15:05:05   [7/45] Processing Query Q07...
2026-06-12 15:05:29     Query Q07 Score: 1.00
2026-06-12 15:05:29   [8/45] Processing Query Q08...
2026-06-12 15:05:53     Query Q08 Score: 1.00
2026-06-12 15:05:53   [9/45] Processing Query Q09...
2026-06-12 15:06:21     Query Q09 Score: 0.40
2026-06-12 15:06:21   [10/45] Processing Query Q10...
2026-06-12 15:06:47     Query Q10 Score: 0.75
2026-06-12 15:06:47   [11/45] Processing Query Q11...
2026-06-12 15:07:13     Query Q11 Score: 0.95
2026-06-12 15:07:13   [12/45] Processing Query Q12...
2026-06-12 15:07:36     Query Q12 Score: 1.00
2026-06-12 15:07:36   [13/45] Processing Query Q13...
2026-06-12 15:08:01     Query Q13 Score: 0.40
2026-06-12 15:08:01   [14/45] Processing Query Q14...
2026-06-12 15:08:25     Query Q14 Score: 0.30
2026-06-12 15:08:25   [15/45] Processing Query Q15...
2026-06-12 15:08:53     Query Q15 Score: 0.75
2026-06-12 15:08:53   [16/45] Processing Query Q16...
2026-06-12 15:09:17     Query Q16 Score: 0.50
2026-06-12 15:09:17   [17/45] Processing Query Q17...
2026-06-12 15:09:39     Query Q17 Score: 0.50
2026-06-12 15:09:39   [18/45] Processing Query Q18...
2026-06-12 15:10:03     Query Q18 Score: 1.00
2026-06-12 15:10:03   [19/45] Processing Query Q19...
2026-06-12 15:10:34     Query Q19 Score: 0.60
2026-06-12 15:10:34   [20/45] Processing Query Q20...
2026-06-12 15:10:57     Query Q20 Score: 0.70
2026-06-12 15:10:57   [21/45] Processing Query Q21...
2026-06-12 15:11:21     Query Q21 Score: 1.00
2026-06-12 15:11:21   [22/45] Processing Query Q22...
2026-06-12 15:11:44     Query Q22 Score: 1.00
2026-06-12 15:11:44   [23/45] Processing Query Q23...
2026-06-12 15:12:17     Query Q23 Score: 0.75
2026-06-12 15:12:17   [24/45] Processing Query Q24...
2026-06-12 15:12:39     Query Q24 Score: 0.60
2026-06-12 15:12:39   [25/45] Processing Query Q25...
2026-06-12 15:13:03     Query Q25 Score: 1.00
2026-06-12 15:13:03   [26/45] Processing Query Q26...
2026-06-12 15:13:25     Query Q26 Score: 1.00
2026-06-12 15:13:25   [27/45] Processing Query Q27...
2026-06-12 15:13:47     Query Q27 Score: 0.85
2026-06-12 15:13:47   [28/45] Processing Query Q28...
2026-06-12 15:14:10     Query Q28 Score: 1.00
2026-06-12 15:14:10   [29/45] Processing Query Q29...
2026-06-12 15:14:33     Query Q29 Score: 0.70
2026-06-12 15:14:33   [30/45] Processing Query Q30...
2026-06-12 15:14:59     Query Q30 Score: 1.00
2026-06-12 15:14:59   [31/45] Processing Query Q31...
2026-06-12 15:15:22     Query Q31 Score: 1.00
2026-06-12 15:15:22   [32/45] Processing Query Q32...
2026-06-12 15:15:46     Query Q32 Score: 0.90
2026-06-12 15:15:46   [33/45] Processing Query Q33...
2026-06-12 15:16:13     Query Q33 Score: 0.75
2026-06-12 15:16:13   [34/45] Processing Query Q34...
2026-06-12 15:16:38     Query Q34 Score: 0.50
2026-06-12 15:16:38   [35/45] Processing Query Q35...
2026-06-12 15:17:00     Query Q35 Score: 1.00
2026-06-12 15:17:00   [36/45] Processing Query Q36...
2026-06-12 15:17:23     Query Q36 Score: 1.00
2026-06-12 15:17:23   [37/45] Processing Query Q37...
2026-06-12 15:17:48     Query Q37 Score: 1.00
2026-06-12 15:17:48   [38/45] Processing Query Q38...
2026-06-12 15:18:11     Query Q38 Score: 0.60
2026-06-12 15:18:11   [39/45] Processing Query Q39...
2026-06-12 15:18:34     Query Q39 Score: 0.95
2026-06-12 15:18:34   [40/45] Processing Query Q40...
2026-06-12 15:18:58     Query Q40 Score: 1.00
2026-06-12 15:18:58   [41/45] Processing Query Q41...
2026-06-12 15:19:23     Query Q41 Score: 0.95
2026-06-12 15:19:23   [42/45] Processing Query Q42...
2026-06-12 15:19:47     Query Q42 Score: 1.00
2026-06-12 15:19:47   [43/45] Processing Query Q43...
2026-06-12 15:20:11     Query Q43 Score: 0.90
2026-06-12 15:20:11   [44/45] Processing Query Q48...
2026-06-12 15:20:37     Query Q48 Score: 0.60
2026-06-12 15:20:37   [45/45] Processing Query Q49...
2026-06-12 15:21:18     Query Q49 Score: 0.40
2026-06-12 15:21:18 Saved validation results to D:\TFM\Model Evaluation\autoresearch\archive\run_20260612_130945\outputs\validation_results_iter7_20260612_152118.csv
2026-06-12 15:21:18 Validation run completed. Overall Mean Score: 0.8122
2026-06-12 15:21:18 Candidate Score: 0.8122 (Delta: -0.0233)
2026-06-12 15:21:18 >>> FAILURE: Score did not improve. Discarding changes.
2026-06-12 15:21:18 Iteration #7 logged successfully to experiments.json.
2026-06-12 15:21:18 
2026-06-12 15:21:18 =========================================
2026-06-12 15:21:18 STARTING ITERATION #8
2026-06-12 15:21:18 =========================================
2026-06-12 15:21:18 Current Champion Score: 0.8356
2026-06-12 15:21:18 Failing queries to fix: 27
2026-06-12 15:21:18 Calling Optimizer Agent to refine instructions...
2026-06-12 15:22:10 Starting validation run on 45 queries...
2026-06-12 15:22:10   [1/45] Processing Query Q01...
2026-06-12 15:22:33     Query Q01 Score: 1.00
2026-06-12 15:22:33   [2/45] Processing Query Q02...
2026-06-12 15:22:58     Query Q02 Score: 0.95
2026-06-12 15:22:58   [3/45] Processing Query Q03...
2026-06-12 15:23:23     Query Q03 Score: 0.95
2026-06-12 15:23:23   [4/45] Processing Query Q04...
2026-06-12 15:23:49     Query Q04 Score: 0.95
2026-06-12 15:23:49   [5/45] Processing Query Q05...
2026-06-12 15:24:14     Query Q05 Score: 0.30
2026-06-12 15:24:14   [6/45] Processing Query Q06...
2026-06-12 15:24:38     Query Q06 Score: 1.00
2026-06-12 15:24:38   [7/45] Processing Query Q07...
2026-06-12 15:25:02     Query Q07 Score: 1.00
2026-06-12 15:25:02   [8/45] Processing Query Q08...
2026-06-12 15:25:26     Query Q08 Score: 0.50
2026-06-12 15:25:26   [9/45] Processing Query Q09...
2026-06-12 15:25:50     Query Q09 Score: 0.50
2026-06-12 15:25:50   [10/45] Processing Query Q10...
2026-06-12 15:26:17     Query Q10 Score: 0.20
2026-06-12 15:26:17   [11/45] Processing Query Q11...
2026-06-12 15:26:44     Query Q11 Score: 0.90
2026-06-12 15:26:44   [12/45] Processing Query Q12...
2026-06-12 15:27:07     Query Q12 Score: 1.00
2026-06-12 15:27:07   [13/45] Processing Query Q13...
2026-06-12 15:27:33     Query Q13 Score: 0.40
2026-06-12 15:27:33   [14/45] Processing Query Q14...
2026-06-12 15:28:00     Query Q14 Score: 0.60
2026-06-12 15:28:00   [15/45] Processing Query Q15...
2026-06-12 15:28:28     Query Q15 Score: 0.50
2026-06-12 15:28:28   [16/45] Processing Query Q16...
2026-06-12 15:28:53     Query Q16 Score: 0.40
2026-06-12 15:28:53   [17/45] Processing Query Q17...
2026-06-12 15:29:17     Query Q17 Score: 1.00
2026-06-12 15:29:17   [18/45] Processing Query Q18...
2026-06-12 15:29:46     Query Q18 Score: 1.00
2026-06-12 15:29:46   [19/45] Processing Query Q19...
2026-06-12 15:30:39     Query Q19 Score: 0.75
2026-06-12 15:30:39   [20/45] Processing Query Q20...
2026-06-12 15:31:03     Query Q20 Score: 0.95
2026-06-12 15:31:03   [21/45] Processing Query Q21...
2026-06-12 15:31:31     Query Q21 Score: 0.95
2026-06-12 15:31:31   [22/45] Processing Query Q22...
2026-06-12 15:31:54     Query Q22 Score: 1.00
2026-06-12 15:31:54   [23/45] Processing Query Q23...
2026-06-12 15:32:29     Query Q23 Score: 0.95
2026-06-12 15:32:29   [24/45] Processing Query Q24...
2026-06-12 15:32:52     Query Q24 Score: 0.50
2026-06-12 15:32:52   [25/45] Processing Query Q25...
2026-06-12 15:33:16     Query Q25 Score: 1.00
2026-06-12 15:33:16   [26/45] Processing Query Q26...
2026-06-12 15:33:38     Query Q26 Score: 1.00
2026-06-12 15:33:38   [27/45] Processing Query Q27...
2026-06-12 15:34:01     Query Q27 Score: 0.85
2026-06-12 15:34:01   [28/45] Processing Query Q28...
2026-06-12 15:34:24     Query Q28 Score: 1.00
2026-06-12 15:34:24   [29/45] Processing Query Q29...
2026-06-12 15:34:55     Query Q29 Score: 0.70
2026-06-12 15:34:55   [30/45] Processing Query Q30...
2026-06-12 15:35:21     Query Q30 Score: 0.95
2026-06-12 15:35:21   [31/45] Processing Query Q31...
2026-06-12 15:35:45     Query Q31 Score: 1.00
2026-06-12 15:35:45   [32/45] Processing Query Q32...
2026-06-12 15:36:11     Query Q32 Score: 0.90
2026-06-12 15:36:11   [33/45] Processing Query Q33...
2026-06-12 15:36:38     Query Q33 Score: 0.60
2026-06-12 15:36:38   [34/45] Processing Query Q34...
2026-06-12 15:37:03     Query Q34 Score: 0.50
2026-06-12 15:37:03   [35/45] Processing Query Q35...
2026-06-12 15:37:33     Query Q35 Score: 1.00
2026-06-12 15:37:33   [36/45] Processing Query Q36...
2026-06-12 15:37:57     Query Q36 Score: 1.00
2026-06-12 15:37:57   [37/45] Processing Query Q37...
2026-06-12 15:38:23     Query Q37 Score: 0.75
2026-06-12 15:38:23   [38/45] Processing Query Q38...
2026-06-12 15:38:48     Query Q38 Score: 0.60
2026-06-12 15:38:48   [39/45] Processing Query Q39...
2026-06-12 15:39:12     Query Q39 Score: 0.95
2026-06-12 15:39:12   [40/45] Processing Query Q40...
2026-06-12 15:39:37     Query Q40 Score: 1.00
2026-06-12 15:39:37   [41/45] Processing Query Q41...
2026-06-12 15:40:02     Query Q41 Score: 0.95
2026-06-12 15:40:02   [42/45] Processing Query Q42...
2026-06-12 15:40:25     Query Q42 Score: 1.00
2026-06-12 15:40:25   [43/45] Processing Query Q43...
2026-06-12 15:40:51     Query Q43 Score: 0.90
2026-06-12 15:40:51   [44/45] Processing Query Q48...
2026-06-12 15:41:16     Query Q48 Score: 1.00
2026-06-12 15:41:16   [45/45] Processing Query Q49...
2026-06-12 15:42:04     Query Q49 Score: 0.40
2026-06-12 15:42:04 Saved validation results to D:\TFM\Model Evaluation\autoresearch\archive\run_20260612_130945\outputs\validation_results_iter8_20260612_154204.csv
2026-06-12 15:42:04 Validation run completed. Overall Mean Score: 0.8067
2026-06-12 15:42:04 Candidate Score: 0.8067 (Delta: -0.0289)
2026-06-12 15:42:04 >>> FAILURE: Score did not improve. Discarding changes.
2026-06-12 15:42:04 Iteration #8 logged successfully to experiments.json.
2026-06-12 15:42:04 
2026-06-12 15:42:04 =========================================
2026-06-12 15:42:04 STARTING ITERATION #9
2026-06-12 15:42:04 =========================================
2026-06-12 15:42:04 Current Champion Score: 0.8356
2026-06-12 15:42:04 Failing queries to fix: 27
2026-06-12 15:42:04 Calling Optimizer Agent to refine instructions...
2026-06-12 15:42:57 Starting validation run on 45 queries...
2026-06-12 15:42:57   [1/45] Processing Query Q01...
2026-06-12 15:43:20     Query Q01 Score: 1.00
2026-06-12 15:43:20   [2/45] Processing Query Q02...
2026-06-12 15:43:46     Query Q02 Score: 0.75
2026-06-12 15:43:46   [3/45] Processing Query Q03...
2026-06-12 15:44:11     Query Q03 Score: 0.95
2026-06-12 15:44:11   [4/45] Processing Query Q04...
2026-06-12 15:44:38     Query Q04 Score: 0.95
2026-06-12 15:44:38   [5/45] Processing Query Q05...
2026-06-12 15:45:02     Query Q05 Score: 0.30
2026-06-12 15:45:02   [6/45] Processing Query Q06...
2026-06-12 15:45:27     Query Q06 Score: 1.00
2026-06-12 15:45:27   [7/45] Processing Query Q07...
2026-06-12 15:45:50     Query Q07 Score: 1.00
2026-06-12 15:45:50   [8/45] Processing Query Q08...
2026-06-12 15:46:16     Query Q08 Score: 1.00
2026-06-12 15:46:16   [9/45] Processing Query Q09...
2026-06-12 15:46:50     Query Q09 Score: 0.40
2026-06-12 15:46:50   [10/45] Processing Query Q10...
2026-06-12 15:47:16     Query Q10 Score: 0.40
2026-06-12 15:47:16   [11/45] Processing Query Q11...
2026-06-12 15:47:43     Query Q11 Score: 0.40
2026-06-12 15:47:43   [12/45] Processing Query Q12...
2026-06-12 15:48:05     Query Q12 Score: 1.00
2026-06-12 15:48:05   [13/45] Processing Query Q13...
2026-06-12 15:48:31     Query Q13 Score: 0.50
2026-06-12 15:48:31   [14/45] Processing Query Q14...
2026-06-12 15:48:55     Query Q14 Score: 0.75
2026-06-12 15:48:55   [15/45] Processing Query Q15...
2026-06-12 15:49:22     Query Q15 Score: 0.40
2026-06-12 15:49:22   [16/45] Processing Query Q16...
2026-06-12 15:49:47     Query Q16 Score: 0.50
2026-06-12 15:49:47   [17/45] Processing Query Q17...
2026-06-12 15:50:09     Query Q17 Score: 0.50
2026-06-12 15:50:09   [18/45] Processing Query Q18...
2026-06-12 15:50:33     Query Q18 Score: 1.00
2026-06-12 15:50:33   [19/45] Processing Query Q19...
2026-06-12 15:50:56     Query Q19 Score: 0.95
2026-06-12 15:50:56   [20/45] Processing Query Q20...
2026-06-12 15:51:19     Query Q20 Score: 0.95
2026-06-12 15:51:19   [21/45] Processing Query Q21...
2026-06-12 15:51:43     Query Q21 Score: 1.00
2026-06-12 15:51:43   [22/45] Processing Query Q22...
2026-06-12 15:52:06     Query Q22 Score: 1.00
2026-06-12 15:52:06   [23/45] Processing Query Q23...
2026-06-12 15:52:43     Query Q23 Score: 0.95
2026-06-12 15:52:43   [24/45] Processing Query Q24...
2026-06-12 15:53:13     Query Q24 Score: 1.00
2026-06-12 15:53:13   [25/45] Processing Query Q25...
2026-06-12 15:54:09     Query Q25 Score: 0.95
2026-06-12 15:54:09   [26/45] Processing Query Q26...
2026-06-12 15:54:36     Query Q26 Score: 1.00
2026-06-12 15:54:36   [27/45] Processing Query Q27...
2026-06-12 15:55:04     Query Q27 Score: 0.85
2026-06-12 15:55:04   [28/45] Processing Query Q28...
2026-06-12 15:55:40     Query Q28 Score: 1.00
2026-06-12 15:55:40   [29/45] Processing Query Q29...
2026-06-12 15:56:16     Query Q29 Score: 0.70
2026-06-12 15:56:16   [30/45] Processing Query Q30...
2026-06-12 15:56:47     Query Q30 Score: 0.95
2026-06-12 15:56:47   [31/45] Processing Query Q31...
2026-06-12 15:57:27     Query Q31 Score: 1.00
2026-06-12 15:57:27   [32/45] Processing Query Q32...
2026-06-12 15:58:48     Query Q32 Score: 0.90
2026-06-12 15:58:48   [33/45] Processing Query Q33...
2026-06-12 15:59:15     Query Q33 Score: 0.60
2026-06-12 15:59:15   [34/45] Processing Query Q34...
2026-06-12 15:59:43     Query Q34 Score: 0.50
2026-06-12 15:59:43   [35/45] Processing Query Q35...
2026-06-12 16:00:19     Query Q35 Score: 1.00
2026-06-12 16:00:19   [36/45] Processing Query Q36...
2026-06-12 16:01:12     Query Q36 Score: 1.00
2026-06-12 16:01:12   [37/45] Processing Query Q37...
2026-06-12 16:02:18     Query Q37 Score: 1.00
2026-06-12 16:02:18   [38/45] Processing Query Q38...
2026-06-12 16:04:08     Query Q38 Score: 0.60
2026-06-12 16:04:08   [39/45] Processing Query Q39...
2026-06-12 16:05:08     Query Q39 Score: 1.00
2026-06-12 16:05:08   [40/45] Processing Query Q40...
2026-06-12 16:05:44     Query Q40 Score: 1.00
2026-06-12 16:05:44   [41/45] Processing Query Q41...
2026-06-12 16:06:20     Query Q41 Score: 0.95
2026-06-12 16:06:20   [42/45] Processing Query Q42...
2026-06-12 16:06:43     Query Q42 Score: 1.00
2026-06-12 16:06:43   [43/45] Processing Query Q43...
2026-06-12 16:07:07     Query Q43 Score: 0.95
2026-06-12 16:07:07   [44/45] Processing Query Q48...
2026-06-12 16:07:32     Query Q48 Score: 0.85
2026-06-12 16:07:32   [45/45] Processing Query Q49...
2026-06-12 16:08:15     Query Q49 Score: 0.40
2026-06-12 16:08:15 Saved validation results to D:\TFM\Model Evaluation\autoresearch\archive\run_20260612_130945\outputs\validation_results_iter9_20260612_160815.csv
2026-06-12 16:08:15 Validation run completed. Overall Mean Score: 0.8189
2026-06-12 16:08:15 Candidate Score: 0.8189 (Delta: -0.0167)
2026-06-12 16:08:15 >>> FAILURE: Score did not improve. Discarding changes.
2026-06-12 16:08:15 Iteration #9 logged successfully to experiments.json.
2026-06-12 16:08:15 Graceful stop flagged via 'D:\TFM\Model Evaluation\autoresearch\stop.txt' file. Exiting loop cleanly.
2026-06-12 16:08:15 
2026-06-12 16:08:15 Optimization process completed.
2026-06-12 16:08:15 Best prompt found at iteration #2 with Score: 0.8356
2026-06-14 16:37:02 Traceback (most recent call last):
2026-06-14 16:37:02   File "D:\TFM\Model Evaluation\autoresearch\main.py", line 15, in <module>
2026-06-14 16:37:02     from autoresearch.services import (
2026-06-14 16:37:02     ...<5 lines>...
2026-06-14 16:37:02     )
2026-06-14 16:37:02   File "D:\TFM\Model Evaluation\autoresearch\services\__init__.py", line 2, in <module>
2026-06-14 16:37:02     from autoresearch.services.generator import GeneratorClient
2026-06-14 16:37:02   File "D:\TFM\Model Evaluation\autoresearch\services\generator.py", line 2, in <module>
2026-06-14 16:37:02     from ollama import Client
2026-06-14 16:37:02 ModuleNotFoundError: No module named 'ollama'
2026-06-14 16:37:15 Resuming optimization loop from iteration #10.
2026-06-14 16:37:15 Current champion established at iteration #2 with Score: 0.8356
2026-06-14 16:37:15 
2026-06-14 16:37:15 Entering optimization loop...
2026-06-14 16:37:15 
2026-06-14 16:37:15 =========================================
2026-06-14 16:37:15 STARTING ITERATION #10
2026-06-14 16:37:15 =========================================
2026-06-14 16:37:15 Current Champion Score: 0.8356
2026-06-14 16:37:15 Failing queries to fix: 27
2026-06-14 16:37:15 Calling Optimizer Agent to refine instructions...
2026-06-14 16:38:27 Starting validation run on 45 queries...
2026-06-14 16:38:27   [1/45] Processing Query Q01...
2026-06-14 16:38:52     Query Q01 Score: 1.00
2026-06-14 16:38:52   [2/45] Processing Query Q02...
2026-06-14 16:39:19     Query Q02 Score: 0.95
2026-06-14 16:39:19   [3/45] Processing Query Q03...
2026-06-14 16:39:45     Query Q03 Score: 1.00
2026-06-14 16:39:45   [4/45] Processing Query Q04...
2026-06-14 16:40:14     Query Q04 Score: 0.95
2026-06-14 16:40:14   [5/45] Processing Query Q05...
2026-06-14 16:40:44     Query Q05 Score: 0.30
2026-06-14 16:40:44   [6/45] Processing Query Q06...
2026-06-14 16:41:10     Query Q06 Score: 0.95
2026-06-14 16:41:10   [7/45] Processing Query Q07...
2026-06-14 16:41:36     Query Q07 Score: 0.60
2026-06-14 16:41:36   [8/45] Processing Query Q08...
2026-06-14 16:42:01     Query Q08 Score: 1.00
2026-06-14 16:42:01   [9/45] Processing Query Q09...
2026-06-14 16:42:28     Query Q09 Score: 0.40
2026-06-14 16:42:28   [10/45] Processing Query Q10...
2026-06-14 16:42:55     Query Q10 Score: 0.40
2026-06-14 16:42:55   [11/45] Processing Query Q11...
2026-06-14 16:43:23     Query Q11 Score: 0.50
2026-06-14 16:43:23   [12/45] Processing Query Q12...
2026-06-14 16:43:47     Query Q12 Score: 0.50
2026-06-14 16:43:47   [13/45] Processing Query Q13...
2026-06-14 16:44:15     Query Q13 Score: 0.30
2026-06-14 16:44:15   [14/45] Processing Query Q14...
2026-06-14 16:44:43     Query Q14 Score: 1.00
2026-06-14 16:44:43   [15/45] Processing Query Q15...
2026-06-14 16:45:13     Query Q15 Score: 0.75
2026-06-14 16:45:13   [16/45] Processing Query Q16...
2026-06-14 16:45:38     Query Q16 Score: 0.60
2026-06-14 16:45:38   [17/45] Processing Query Q17...
2026-06-14 16:46:03     Query Q17 Score: 0.50
2026-06-14 16:46:03   [18/45] Processing Query Q18...
2026-06-14 16:46:29     Query Q18 Score: 1.00
2026-06-14 16:46:29   [19/45] Processing Query Q19...
2026-06-14 16:47:14     Query Q19 Score: 0.50
2026-06-14 16:47:14   [20/45] Processing Query Q20...
2026-06-14 16:47:40     Query Q20 Score: 0.70
2026-06-14 16:47:40   [21/45] Processing Query Q21...
2026-06-14 16:48:06     Query Q21 Score: 1.00
2026-06-14 16:48:06   [22/45] Processing Query Q22...
2026-06-14 16:48:33     Query Q22 Score: 1.00
2026-06-14 16:48:33   [23/45] Processing Query Q23...
2026-06-14 16:49:14     Query Q23 Score: 0.50
2026-06-14 16:49:14   [24/45] Processing Query Q24...
2026-06-14 16:49:40     Query Q24 Score: 0.50
2026-06-14 16:49:40   [25/45] Processing Query Q25...
2026-06-14 16:50:07     Query Q25 Score: 1.00
2026-06-14 16:50:07   [26/45] Processing Query Q26...
2026-06-14 16:50:33     Query Q26 Score: 1.00
2026-06-14 16:50:33   [27/45] Processing Query Q27...
2026-06-14 16:50:59     Query Q27 Score: 1.00
2026-06-14 16:50:59   [28/45] Processing Query Q28...
2026-06-14 16:51:27     Query Q28 Score: 0.75
2026-06-14 16:51:27   [29/45] Processing Query Q29...
2026-06-14 16:51:54     Query Q29 Score: 0.95
2026-06-14 16:51:54   [30/45] Processing Query Q30...
2026-06-14 16:52:20     Query Q30 Score: 1.00
2026-06-14 16:52:20   [31/45] Processing Query Q31...
2026-06-14 16:52:45     Query Q31 Score: 0.85
2026-06-14 16:52:45   [32/45] Processing Query Q32...
2026-06-14 16:53:12     Query Q32 Score: 0.90
2026-06-14 16:53:12   [33/45] Processing Query Q33...
2026-06-14 16:53:42     Query Q33 Score: 0.75
2026-06-14 16:53:42   [34/45] Processing Query Q34...
2026-06-14 16:54:12     Query Q34 Score: 0.50
2026-06-14 16:54:12   [35/45] Processing Query Q35...
2026-06-14 16:54:37     Query Q35 Score: 1.00
2026-06-14 16:54:37   [36/45] Processing Query Q36...
2026-06-14 16:55:02     Query Q36 Score: 1.00
2026-06-14 16:55:02   [37/45] Processing Query Q37...
2026-06-14 16:55:27     Query Q37 Score: 0.95
2026-06-14 16:55:27   [38/45] Processing Query Q38...
2026-06-14 16:55:53     Query Q38 Score: 0.60
2026-06-14 16:55:53   [39/45] Processing Query Q39...
2026-06-14 16:56:18     Query Q39 Score: 1.00
2026-06-14 16:56:18   [40/45] Processing Query Q40...
2026-06-14 16:56:43     Query Q40 Score: 1.00
2026-06-14 16:56:43   [41/45] Processing Query Q41...
2026-06-14 16:57:12     Query Q41 Score: 1.00
2026-06-14 16:57:12   [42/45] Processing Query Q42...
2026-06-14 16:57:37     Query Q42 Score: 1.00
2026-06-14 16:57:37   [43/45] Processing Query Q43...
2026-06-14 16:58:04     Query Q43 Score: 0.90
2026-06-14 16:58:04   [44/45] Processing Query Q48...
2026-06-14 16:58:33     Query Q48 Score: 0.30
2026-06-14 16:58:33   [45/45] Processing Query Q49...
2026-06-14 16:59:01     Query Q49 Score: 0.85
2026-06-14 16:59:01 Saved validation results to D:\TFM\Model Evaluation\autoresearch\archive\run_20260612_132729\outputs\validation_results_iter10_20260614_165901.csv
2026-06-14 16:59:01 Validation run completed. Overall Mean Score: 0.7822
2026-06-14 16:59:01 Candidate Score: 0.7822 (Delta: -0.0533)
2026-06-14 16:59:01 >>> FAILURE: Score did not improve. Discarding changes.
2026-06-14 16:59:01 Iteration #10 logged successfully to experiments.json.
2026-06-14 16:59:01 
2026-06-14 16:59:01 =========================================
2026-06-14 16:59:01 STARTING ITERATION #11
2026-06-14 16:59:01 =========================================
2026-06-14 16:59:01 Current Champion Score: 0.8356
2026-06-14 16:59:01 Failing queries to fix: 27
2026-06-14 16:59:01 Calling Optimizer Agent to refine instructions...
2026-06-14 17:00:06 Starting validation run on 45 queries...
2026-06-14 17:00:06   [1/45] Processing Query Q01...
2026-06-14 17:00:35     Query Q01 Score: 1.00
2026-06-14 17:00:35   [2/45] Processing Query Q02...
2026-06-14 17:01:04     Query Q02 Score: 0.40
2026-06-14 17:01:04   [3/45] Processing Query Q03...
2026-06-14 17:01:33     Query Q03 Score: 0.95
2026-06-14 17:01:33   [4/45] Processing Query Q04...
2026-06-14 17:02:01     Query Q04 Score: 0.95
2026-06-14 17:02:01   [5/45] Processing Query Q05...
2026-06-14 17:02:28     Query Q05 Score: 0.30
2026-06-14 17:02:28   [6/45] Processing Query Q06...
2026-06-14 17:02:54     Query Q06 Score: 1.00
2026-06-14 17:02:54   [7/45] Processing Query Q07...
2026-06-14 17:03:20     Query Q07 Score: 1.00
2026-06-14 17:03:20   [8/45] Processing Query Q08...
2026-06-14 17:03:46     Query Q08 Score: 1.00
2026-06-14 17:03:46   [9/45] Processing Query Q09...
2026-06-14 17:04:12     Query Q09 Score: 0.40
2026-06-14 17:04:12   [10/45] Processing Query Q10...
2026-06-14 17:04:40     Query Q10 Score: 0.40
2026-06-14 17:04:40   [11/45] Processing Query Q11...
2026-06-14 17:05:08     Query Q11 Score: 0.50
2026-06-14 17:05:08   [12/45] Processing Query Q12...
2026-06-14 17:05:33     Query Q12 Score: 1.00
2026-06-14 17:05:33   [13/45] Processing Query Q13...
2026-06-14 17:06:00     Query Q13 Score: 0.50
2026-06-14 17:06:00   [14/45] Processing Query Q14...
2026-06-14 17:06:28     Query Q14 Score: 1.00
2026-06-14 17:06:28   [15/45] Processing Query Q15...
2026-06-14 17:06:57     Query Q15 Score: 0.40
2026-06-14 17:06:57   [16/45] Processing Query Q16...
2026-06-14 17:07:24     Query Q16 Score: 0.90
2026-06-14 17:07:24   [17/45] Processing Query Q17...
2026-06-14 17:07:49     Query Q17 Score: 0.50
2026-06-14 17:07:49   [18/45] Processing Query Q18...
2026-06-14 17:08:15     Query Q18 Score: 1.00
2026-06-14 17:08:15   [19/45] Processing Query Q19...
2026-06-14 17:08:39     Query Q19 Score: 0.95
2026-06-14 17:08:39   [20/45] Processing Query Q20...
2026-06-14 17:09:05     Query Q20 Score: 0.50
2026-06-14 17:09:05   [21/45] Processing Query Q21...
2026-06-14 17:09:39     Query Q21 Score: 1.00
2026-06-14 17:09:39   [22/45] Processing Query Q22...
2026-06-14 17:10:04     Query Q22 Score: 1.00
2026-06-14 17:10:04   [23/45] Processing Query Q23...
2026-06-14 17:10:54     Query Q23 Score: 0.50
2026-06-14 17:10:54   [24/45] Processing Query Q24...
2026-06-14 17:11:19     Query Q24 Score: 1.00
2026-06-14 17:11:19   [25/45] Processing Query Q25...
2026-06-14 17:11:46     Query Q25 Score: 1.00
2026-06-14 17:11:46   [26/45] Processing Query Q26...
2026-06-14 17:12:10     Query Q26 Score: 1.00
2026-06-14 17:12:10   [27/45] Processing Query Q27...
2026-06-14 17:12:35     Query Q27 Score: 0.85
2026-06-14 17:12:35   [28/45] Processing Query Q28...
2026-06-14 17:13:01     Query Q28 Score: 1.00
2026-06-14 17:13:01   [29/45] Processing Query Q29...
2026-06-14 17:13:28     Query Q29 Score: 0.70
2026-06-14 17:13:28   [30/45] Processing Query Q30...
2026-06-14 17:13:56     Query Q30 Score: 1.00
2026-06-14 17:13:56   [31/45] Processing Query Q31...
2026-06-14 17:14:21     Query Q31 Score: 0.95
2026-06-14 17:14:21   [32/45] Processing Query Q32...
2026-06-14 17:14:48     Query Q32 Score: 0.90
2026-06-14 17:14:48   [33/45] Processing Query Q33...
2026-06-14 17:15:18     Query Q33 Score: 0.75
2026-06-14 17:15:18   [34/45] Processing Query Q34...
2026-06-14 17:15:44     Query Q34 Score: 0.50
2026-06-14 17:15:44   [35/45] Processing Query Q35...
2026-06-14 17:16:08     Query Q35 Score: 1.00
2026-06-14 17:16:08   [36/45] Processing Query Q36...
2026-06-14 17:16:34     Query Q36 Score: 1.00
2026-06-14 17:16:34   [37/45] Processing Query Q37...
2026-06-14 17:17:01     Query Q37 Score: 0.60
2026-06-14 17:17:01   [38/45] Processing Query Q38...
2026-06-14 17:17:27     Query Q38 Score: 0.60
2026-06-14 17:17:27   [39/45] Processing Query Q39...
2026-06-14 17:17:53     Query Q39 Score: 0.95
2026-06-14 17:17:53   [40/45] Processing Query Q40...
2026-06-14 17:18:19     Query Q40 Score: 1.00
2026-06-14 17:18:19   [41/45] Processing Query Q41...
2026-06-14 17:18:47     Query Q41 Score: 1.00
2026-06-14 17:18:47   [42/45] Processing Query Q42...
2026-06-14 17:19:15     Query Q42 Score: 1.00
2026-06-14 17:19:15   [43/45] Processing Query Q43...
2026-06-14 17:19:42     Query Q43 Score: 0.90
2026-06-14 17:19:42   [44/45] Processing Query Q48...
2026-06-14 17:20:11     Query Q48 Score: 1.00
2026-06-14 17:20:11   [45/45] Processing Query Q49...
2026-06-14 17:20:39     Query Q49 Score: 0.70
2026-06-14 17:20:39 Saved validation results to D:\TFM\Model Evaluation\autoresearch\archive\run_20260612_132729\outputs\validation_results_iter11_20260614_172039.csv
2026-06-14 17:20:39 Validation run completed. Overall Mean Score: 0.8122
2026-06-14 17:20:39 Candidate Score: 0.8122 (Delta: -0.0233)
2026-06-14 17:20:39 >>> FAILURE: Score did not improve. Discarding changes.
2026-06-14 17:20:39 Iteration #11 logged successfully to experiments.json.
2026-06-14 17:20:39 Graceful stop flagged via 'D:\TFM\Model Evaluation\autoresearch\stop.txt' file. Exiting loop cleanly.
2026-06-14 17:20:39 
2026-06-14 17:20:39 Optimization process completed.
2026-06-14 17:20:39 Best prompt found at iteration #2 with Score: 0.8356
2026-06-14 17:32:43 Resuming optimization loop from iteration #12.
2026-06-14 17:32:43 Current champion established at iteration #2 with Score: 0.8356
2026-06-14 17:32:43 
2026-06-14 17:32:43 Entering optimization loop...
2026-06-14 17:32:43 
2026-06-14 17:32:43 =========================================
2026-06-14 17:32:43 STARTING ITERATION #12
2026-06-14 17:32:43 =========================================
2026-06-14 17:32:43 Current Champion Score: 0.8356
2026-06-14 17:32:43 Failing queries to fix: 27
2026-06-14 17:32:43 Calling Optimizer Agent to refine instructions...
2026-06-14 17:33:45 Starting validation run on 45 queries...
2026-06-14 17:33:45   [1/45] Processing Query Q01...
2026-06-14 17:34:10     Query Q01 Score: 1.00
2026-06-14 17:34:10   [2/45] Processing Query Q02...
2026-06-14 17:34:37     Query Q02 Score: 0.95
2026-06-14 17:34:37   [3/45] Processing Query Q03...
2026-06-14 17:35:04     Query Q03 Score: 1.00
2026-06-14 17:35:04   [4/45] Processing Query Q04...
2026-06-14 17:35:32     Query Q04 Score: 0.75
2026-06-14 17:35:32   [5/45] Processing Query Q05...
2026-06-14 17:35:58     Query Q05 Score: 0.50
2026-06-14 17:35:58   [6/45] Processing Query Q06...
2026-06-14 17:36:27     Query Q06 Score: 1.00
2026-06-14 17:36:27   [7/45] Processing Query Q07...
2026-06-14 17:37:07     Query Q07 Score: 1.00
2026-06-14 17:37:07   [8/45] Processing Query Q08...
2026-06-14 17:37:33     Query Q08 Score: 1.00
2026-06-14 17:37:33   [9/45] Processing Query Q09...
2026-06-14 17:38:11     Query Q09 Score: 0.50
2026-06-14 17:38:11   [10/45] Processing Query Q10...
2026-06-14 17:38:41     Query Q10 Score: 0.85
2026-06-14 17:38:41   [11/45] Processing Query Q11...
2026-06-14 17:39:13     Query Q11 Score: 0.50
2026-06-14 17:39:13   [12/45] Processing Query Q12...
2026-06-14 17:39:37     Query Q12 Score: 1.00
2026-06-14 17:39:37   [13/45] Processing Query Q13...
2026-06-14 17:40:04     Query Q13 Score: 0.40
2026-06-14 17:40:04   [14/45] Processing Query Q14...
2026-06-14 17:40:29     Query Q14 Score: 1.00
2026-06-14 17:40:29   [15/45] Processing Query Q15...
2026-06-14 17:40:57     Query Q15 Score: 1.00
2026-06-14 17:40:57   [16/45] Processing Query Q16...
2026-06-14 17:41:22     Query Q16 Score: 0.50
2026-06-14 17:41:22   [17/45] Processing Query Q17...
2026-06-14 17:41:48     Query Q17 Score: 1.00
2026-06-14 17:41:48   [18/45] Processing Query Q18...
2026-06-14 17:42:13     Query Q18 Score: 1.00
2026-06-14 17:42:13   [19/45] Processing Query Q19...
2026-06-14 17:42:37     Query Q19 Score: 0.70
2026-06-14 17:42:37   [20/45] Processing Query Q20...
2026-06-14 17:43:02     Query Q20 Score: 0.90
2026-06-14 17:43:02   [21/45] Processing Query Q21...
2026-06-14 17:43:27     Query Q21 Score: 1.00
2026-06-14 17:43:27   [22/45] Processing Query Q22...
2026-06-14 17:43:51     Query Q22 Score: 1.00
2026-06-14 17:43:51   [23/45] Processing Query Q23...
2026-06-14 17:44:30     Query Q23 Score: 0.50
2026-06-14 17:44:30   [24/45] Processing Query Q24...
2026-06-14 17:44:55     Query Q24 Score: 1.00
2026-06-14 17:44:55   [25/45] Processing Query Q25...
2026-06-14 17:45:20     Query Q25 Score: 1.00
2026-06-14 17:45:20   [26/45] Processing Query Q26...
2026-06-14 17:45:43     Query Q26 Score: 1.00
2026-06-14 17:45:43   [27/45] Processing Query Q27...
2026-06-14 17:46:23     Query Q27 Score: 0.60
2026-06-14 17:46:23   [28/45] Processing Query Q28...
2026-06-14 17:46:48     Query Q28 Score: 1.00
2026-06-14 17:46:48   [29/45] Processing Query Q29...
2026-06-14 17:47:13     Query Q29 Score: 0.50
2026-06-14 17:47:13   [30/45] Processing Query Q30...
2026-06-14 17:47:40     Query Q30 Score: 1.00
2026-06-14 17:47:40   [31/45] Processing Query Q31...
2026-06-14 17:48:05     Query Q31 Score: 0.50
2026-06-14 17:48:05   [32/45] Processing Query Q32...
2026-06-14 17:48:47     Query Q32 Score: 0.75
2026-06-14 17:48:47   [33/45] Processing Query Q33...
2026-06-14 17:49:16     Query Q33 Score: 0.75
2026-06-14 17:49:16   [34/45] Processing Query Q34...
2026-06-14 17:49:42     Query Q34 Score: 0.95
2026-06-14 17:49:42   [35/45] Processing Query Q35...
2026-06-14 17:50:05     Query Q35 Score: 1.00
2026-06-14 17:50:05   [36/45] Processing Query Q36...
2026-06-14 17:50:32     Query Q36 Score: 0.95
2026-06-14 17:50:32   [37/45] Processing Query Q37...
2026-06-14 17:50:57     Query Q37 Score: 0.95
2026-06-14 17:50:57   [38/45] Processing Query Q38...
2026-06-14 17:51:22     Query Q38 Score: 0.60
2026-06-14 17:51:22   [39/45] Processing Query Q39...
2026-06-14 17:51:46     Query Q39 Score: 1.00
2026-06-14 17:51:46   [40/45] Processing Query Q40...
2026-06-14 17:52:11     Query Q40 Score: 0.95
2026-06-14 17:52:11   [41/45] Processing Query Q41...
2026-06-14 17:52:36     Query Q41 Score: 1.00
2026-06-14 17:52:36   [42/45] Processing Query Q42...
2026-06-14 17:53:01     Query Q42 Score: 1.00
2026-06-14 17:53:01   [43/45] Processing Query Q43...
2026-06-14 17:53:26     Query Q43 Score: 1.00
2026-06-14 17:53:26   [44/45] Processing Query Q48...
2026-06-14 17:53:51     Query Q48 Score: 0.85
2026-06-14 17:53:51   [45/45] Processing Query Q49...
2026-06-14 17:54:17     Query Q49 Score: 0.85
2026-06-14 17:54:17 Saved validation results to D:\TFM\Model Evaluation\autoresearch\archive\run_20260612_132729\outputs\validation_results_iter12_20260614_175417.csv
2026-06-14 17:54:17 Validation run completed. Overall Mean Score: 0.8500
2026-06-14 17:54:17 Candidate Score: 0.8500 (Delta: +0.0144)
2026-06-14 17:54:17 >>> SUCCESS: Score improved! Saving new champion prompt.
2026-06-14 17:54:17 Iteration #12 logged successfully to experiments.json.
2026-06-14 17:54:17 
2026-06-14 17:54:17 =========================================
2026-06-14 17:54:17 STARTING ITERATION #13
2026-06-14 17:54:17 =========================================
2026-06-14 17:54:17 Current Champion Score: 0.8500
2026-06-14 17:54:17 Failing queries to fix: 23
2026-06-14 17:54:17 Calling Optimizer Agent to refine instructions...
2026-06-14 17:55:15 Starting validation run on 45 queries...
2026-06-14 17:55:15   [1/45] Processing Query Q01...
2026-06-14 17:55:39     Query Q01 Score: 1.00
2026-06-14 17:55:39   [2/45] Processing Query Q02...
2026-06-14 17:56:03     Query Q02 Score: 0.85
2026-06-14 17:56:03   [3/45] Processing Query Q03...
2026-06-14 17:56:28     Query Q03 Score: 1.00
2026-06-14 17:56:28   [4/45] Processing Query Q04...
2026-06-14 17:56:55     Query Q04 Score: 0.75
2026-06-14 17:56:55   [5/45] Processing Query Q05...
2026-06-14 17:57:21     Query Q05 Score: 0.50
2026-06-14 17:57:21   [6/45] Processing Query Q06...
2026-06-14 17:57:46     Query Q06 Score: 1.00
2026-06-14 17:57:46   [7/45] Processing Query Q07...
2026-06-14 17:58:11     Query Q07 Score: 1.00
2026-06-14 17:58:11   [8/45] Processing Query Q08...
2026-06-14 17:58:35     Query Q08 Score: 1.00
2026-06-14 17:58:35   [9/45] Processing Query Q09...
2026-06-14 17:59:15     Query Q09 Score: 0.40
2026-06-14 17:59:15   [10/45] Processing Query Q10...
2026-06-14 17:59:41     Query Q10 Score: 0.60
2026-06-14 17:59:41   [11/45] Processing Query Q11...
2026-06-14 18:00:08     Query Q11 Score: 0.60
2026-06-14 18:00:08   [12/45] Processing Query Q12...
2026-06-14 18:00:33     Query Q12 Score: 1.00
2026-06-14 18:00:33   [13/45] Processing Query Q13...
2026-06-14 18:01:00     Query Q13 Score: 0.50
2026-06-14 18:01:00   [14/45] Processing Query Q14...
2026-06-14 18:01:28     Query Q14 Score: 1.00
2026-06-14 18:01:28   [15/45] Processing Query Q15...
2026-06-14 18:02:06     Query Q15 Score: 0.95
2026-06-14 18:02:06   [16/45] Processing Query Q16...
2026-06-14 18:02:37     Query Q16 Score: 0.50
2026-06-14 18:02:37   [17/45] Processing Query Q17...
2026-06-14 18:03:05     Query Q17 Score: 1.00
2026-06-14 18:03:05   [18/45] Processing Query Q18...
2026-06-14 18:03:31     Query Q18 Score: 1.00
2026-06-14 18:03:31   [19/45] Processing Query Q19...
2026-06-14 18:03:55     Query Q19 Score: 0.50
2026-06-14 18:03:55   [20/45] Processing Query Q20...
2026-06-14 18:04:19     Query Q20 Score: 1.00
2026-06-14 18:04:19   [21/45] Processing Query Q21...
2026-06-14 18:04:56     Query Q21 Score: 1.00
2026-06-14 18:04:56   [22/45] Processing Query Q22...
2026-06-14 18:05:19     Query Q22 Score: 1.00
2026-06-14 18:05:19   [23/45] Processing Query Q23...
2026-06-14 18:06:11     Query Q23 Score: 0.40
2026-06-14 18:06:11   [24/45] Processing Query Q24...
2026-06-14 18:06:34     Query Q24 Score: 0.95
2026-06-14 18:06:34   [25/45] Processing Query Q25...
2026-06-14 18:06:58     Query Q25 Score: 1.00
2026-06-14 18:06:58   [26/45] Processing Query Q26...
2026-06-14 18:07:21     Query Q26 Score: 1.00
2026-06-14 18:07:21   [27/45] Processing Query Q27...
2026-06-14 18:07:45     Query Q27 Score: 0.75
2026-06-14 18:07:45   [28/45] Processing Query Q28...
2026-06-14 18:08:10     Query Q28 Score: 1.00
2026-06-14 18:08:10   [29/45] Processing Query Q29...
2026-06-14 18:08:35     Query Q29 Score: 0.60
2026-06-14 18:08:35   [30/45] Processing Query Q30...
2026-06-14 18:09:00     Query Q30 Score: 1.00
2026-06-14 18:09:00   [31/45] Processing Query Q31...
2026-06-14 18:09:24     Query Q31 Score: 1.00
2026-06-14 18:09:24   [32/45] Processing Query Q32...
2026-06-14 18:09:49     Query Q32 Score: 0.75
2026-06-14 18:09:49   [33/45] Processing Query Q33...
2026-06-14 18:10:19     Query Q33 Score: 0.70
2026-06-14 18:10:19   [34/45] Processing Query Q34...
2026-06-14 18:10:44     Query Q34 Score: 1.00
2026-06-14 18:10:44   [35/45] Processing Query Q35...
2026-06-14 18:11:08     Query Q35 Score: 1.00
2026-06-14 18:11:08   [36/45] Processing Query Q36...
2026-06-14 18:11:34     Query Q36 Score: 0.50
2026-06-14 18:11:34   [37/45] Processing Query Q37...
2026-06-14 18:11:59     Query Q37 Score: 0.95
2026-06-14 18:11:59   [38/45] Processing Query Q38...
2026-06-14 18:12:25     Query Q38 Score: 0.60
2026-06-14 18:12:25   [39/45] Processing Query Q39...
2026-06-14 18:12:49     Query Q39 Score: 1.00
2026-06-14 18:12:49   [40/45] Processing Query Q40...
2026-06-14 18:13:14     Query Q40 Score: 0.95
2026-06-14 18:13:14   [41/45] Processing Query Q41...
2026-06-14 18:13:39     Query Q41 Score: 1.00
2026-06-14 18:13:39   [42/45] Processing Query Q42...
2026-06-14 18:14:02     Query Q42 Score: 1.00
2026-06-14 18:14:02   [43/45] Processing Query Q43...
2026-06-14 18:14:26     Query Q43 Score: 1.00
2026-06-14 18:14:26   [44/45] Processing Query Q48...
2026-06-14 18:14:51     Query Q48 Score: 0.95
2026-06-14 18:14:51   [45/45] Processing Query Q49...
2026-06-14 18:15:16     Query Q49 Score: 1.00
2026-06-14 18:15:16 Saved validation results to D:\TFM\Model Evaluation\autoresearch\archive\run_20260612_132729\outputs\validation_results_iter13_20260614_181516.csv
2026-06-14 18:15:16 Validation run completed. Overall Mean Score: 0.8500
2026-06-14 18:15:16 Candidate Score: 0.8500 (Delta: +0.0000)
2026-06-14 18:15:16 >>> FAILURE: Score did not improve. Discarding changes.
2026-06-14 18:15:16 Iteration #13 logged successfully to experiments.json.
2026-06-14 18:15:16 
2026-06-14 18:15:16 =========================================
2026-06-14 18:15:16 STARTING ITERATION #14
2026-06-14 18:15:16 =========================================
2026-06-14 18:15:16 Current Champion Score: 0.8500
2026-06-14 18:15:16 Failing queries to fix: 23
2026-06-14 18:15:16 Calling Optimizer Agent to refine instructions...
2026-06-14 18:16:02 Starting validation run on 45 queries...
2026-06-14 18:16:02   [1/45] Processing Query Q01...
2026-06-14 18:16:25     Query Q01 Score: 1.00
2026-06-14 18:16:25   [2/45] Processing Query Q02...
2026-06-14 18:16:50     Query Q02 Score: 1.00
2026-06-14 18:16:50   [3/45] Processing Query Q03...
2026-06-14 18:17:16     Query Q03 Score: 1.00
2026-06-14 18:17:16   [4/45] Processing Query Q04...
2026-06-14 18:17:43     Query Q04 Score: 0.95
2026-06-14 18:17:43   [5/45] Processing Query Q05...
2026-06-14 18:18:09     Query Q05 Score: 0.50
2026-06-14 18:18:09   [6/45] Processing Query Q06...
2026-06-14 18:18:34     Query Q06 Score: 1.00
2026-06-14 18:18:34   [7/45] Processing Query Q07...
2026-06-14 18:19:00     Query Q07 Score: 0.95
2026-06-14 18:19:00   [8/45] Processing Query Q08...
2026-06-14 18:19:24     Query Q08 Score: 1.00
2026-06-14 18:19:24   [9/45] Processing Query Q09...
2026-06-14 18:19:59     Query Q09 Score: 0.50
2026-06-14 18:19:59   [10/45] Processing Query Q10...
2026-06-14 18:20:25     Query Q10 Score: 0.50
2026-06-14 18:20:25   [11/45] Processing Query Q11...
2026-06-14 18:21:00     Query Q11 Score: 1.00
2026-06-14 18:21:00   [12/45] Processing Query Q12...
2026-06-14 18:21:28     Query Q12 Score: 0.75
2026-06-14 18:21:28   [13/45] Processing Query Q13...
2026-06-14 18:21:56     Query Q13 Score: 0.40
2026-06-14 18:21:56   [14/45] Processing Query Q14...
2026-06-14 18:22:20     Query Q14 Score: 1.00
2026-06-14 18:22:20   [15/45] Processing Query Q15...
2026-06-14 18:22:48     Query Q15 Score: 0.85
2026-06-14 18:22:48   [16/45] Processing Query Q16...
2026-06-14 18:23:14     Query Q16 Score: 0.50
2026-06-14 18:23:14   [17/45] Processing Query Q17...
2026-06-14 18:23:38     Query Q17 Score: 0.50
2026-06-14 18:23:38   [18/45] Processing Query Q18...
2026-06-14 18:24:03     Query Q18 Score: 1.00
2026-06-14 18:24:03   [19/45] Processing Query Q19...
2026-06-14 18:24:38     Query Q19 Score: 0.40
2026-06-14 18:24:38   [20/45] Processing Query Q20...
2026-06-14 18:25:02     Query Q20 Score: 0.95
2026-06-14 18:25:02   [21/45] Processing Query Q21...
2026-06-14 18:25:27     Query Q21 Score: 1.00
2026-06-14 18:25:27   [22/45] Processing Query Q22...
2026-06-14 18:25:51     Query Q22 Score: 1.00
2026-06-14 18:25:51   [23/45] Processing Query Q23...
2026-06-14 18:26:30     Query Q23 Score: 0.90
2026-06-14 18:26:30   [24/45] Processing Query Q24...
2026-06-14 18:26:55     Query Q24 Score: 1.00
2026-06-14 18:26:55   [25/45] Processing Query Q25...
2026-06-14 18:27:20     Query Q25 Score: 1.00
2026-06-14 18:27:20   [26/45] Processing Query Q26...
2026-06-14 18:27:43     Query Q26 Score: 1.00
2026-06-14 18:27:43   [27/45] Processing Query Q27...
2026-06-14 18:28:07     Query Q27 Score: 1.00
2026-06-14 18:28:07   [28/45] Processing Query Q28...
2026-06-14 18:28:31     Query Q28 Score: 1.00
2026-06-14 18:28:31   [29/45] Processing Query Q29...
2026-06-14 18:28:56     Query Q29 Score: 0.50
2026-06-14 18:28:56   [30/45] Processing Query Q30...
2026-06-14 18:29:23     Query Q30 Score: 1.00
2026-06-14 18:29:23   [31/45] Processing Query Q31...
2026-06-14 18:29:48     Query Q31 Score: 0.95
2026-06-14 18:29:48   [32/45] Processing Query Q32...
2026-06-14 18:30:25     Query Q32 Score: 0.75
2026-06-14 18:30:25   [33/45] Processing Query Q33...
2026-06-14 18:31:03     Query Q33 Score: 0.60
2026-06-14 18:31:03   [34/45] Processing Query Q34...
2026-06-14 18:31:29     Query Q34 Score: 0.95
2026-06-14 18:31:29   [35/45] Processing Query Q35...
2026-06-14 18:31:52     Query Q35 Score: 1.00
2026-06-14 18:31:52   [36/45] Processing Query Q36...
2026-06-14 18:32:18     Query Q36 Score: 0.95
2026-06-14 18:32:18   [37/45] Processing Query Q37...
2026-06-14 18:32:43     Query Q37 Score: 0.95
2026-06-14 18:32:43   [38/45] Processing Query Q38...
2026-06-14 18:33:08     Query Q38 Score: 0.60
2026-06-14 18:33:08   [39/45] Processing Query Q39...
2026-06-14 18:33:33     Query Q39 Score: 1.00
2026-06-14 18:33:33   [40/45] Processing Query Q40...
2026-06-14 18:34:01     Query Q40 Score: 0.95
2026-06-14 18:34:01   [41/45] Processing Query Q41...
2026-06-14 18:34:27     Query Q41 Score: 1.00
2026-06-14 18:34:27   [42/45] Processing Query Q42...
2026-06-14 18:34:52     Query Q42 Score: 1.00
2026-06-14 18:34:52   [43/45] Processing Query Q43...
2026-06-14 18:35:17     Query Q43 Score: 1.00
2026-06-14 18:35:17   [44/45] Processing Query Q48...
2026-06-14 18:35:43     Query Q48 Score: 0.95
2026-06-14 18:35:43   [45/45] Processing Query Q49...
2026-06-14 18:36:36     Query Q49 Score: 0.40
2026-06-14 18:36:36 Saved validation results to D:\TFM\Model Evaluation\autoresearch\archive\run_20260612_132729\outputs\validation_results_iter14_20260614_183636.csv
2026-06-14 18:36:36 Validation run completed. Overall Mean Score: 0.8489
2026-06-14 18:36:36 Candidate Score: 0.8489 (Delta: -0.0011)
2026-06-14 18:36:36 >>> FAILURE: Score did not improve. Discarding changes.
2026-06-14 18:36:36 Iteration #14 logged successfully to experiments.json.
2026-06-14 18:36:36 
2026-06-14 18:36:36 =========================================
2026-06-14 18:36:36 STARTING ITERATION #15
2026-06-14 18:36:36 =========================================
2026-06-14 18:36:36 Current Champion Score: 0.8500
2026-06-14 18:36:36 Failing queries to fix: 23
2026-06-14 18:36:36 Calling Optimizer Agent to refine instructions...
2026-06-14 18:37:27 Starting validation run on 45 queries...
2026-06-14 18:37:27   [1/45] Processing Query Q01...
2026-06-14 18:37:50     Query Q01 Score: 1.00
2026-06-14 18:37:50   [2/45] Processing Query Q02...
2026-06-14 18:38:16     Query Q02 Score: 1.00
2026-06-14 18:38:16   [3/45] Processing Query Q03...
2026-06-14 18:38:42     Query Q03 Score: 1.00
2026-06-14 18:38:42   [4/45] Processing Query Q04...
2026-06-14 18:39:09     Query Q04 Score: 0.95
2026-06-14 18:39:09   [5/45] Processing Query Q05...
2026-06-14 18:39:36     Query Q05 Score: 0.50
2026-06-14 18:39:36   [6/45] Processing Query Q06...
2026-06-14 18:40:01     Query Q06 Score: 1.00
2026-06-14 18:40:01   [7/45] Processing Query Q07...
2026-06-14 18:40:34     Query Q07 Score: 0.50
2026-06-14 18:40:34   [8/45] Processing Query Q08...
2026-06-14 18:41:00     Query Q08 Score: 1.00
2026-06-14 18:41:00   [9/45] Processing Query Q09...
2026-06-14 18:41:33     Query Q09 Score: 0.50
2026-06-14 18:41:33   [10/45] Processing Query Q10...
2026-06-14 18:42:01     Query Q10 Score: 0.40
2026-06-14 18:42:01   [11/45] Processing Query Q11...
2026-06-14 18:42:29     Query Q11 Score: 0.50
2026-06-14 18:42:29   [12/45] Processing Query Q12...
2026-06-14 18:42:53     Query Q12 Score: 1.00
2026-06-14 18:42:53   [13/45] Processing Query Q13...
2026-06-14 18:43:20     Query Q13 Score: 0.20
2026-06-14 18:43:20   [14/45] Processing Query Q14...
2026-06-14 18:43:45     Query Q14 Score: 1.00
2026-06-14 18:43:45   [15/45] Processing Query Q15...
2026-06-14 18:44:16     Query Q15 Score: 0.50
2026-06-14 18:44:16   [16/45] Processing Query Q16...
2026-06-14 18:44:43     Query Q16 Score: 0.50
2026-06-14 18:44:43   [17/45] Processing Query Q17...
2026-06-14 18:45:08     Query Q17 Score: 1.00
2026-06-14 18:45:08   [18/45] Processing Query Q18...
2026-06-14 18:45:34     Query Q18 Score: 1.00
2026-06-14 18:45:34   [19/45] Processing Query Q19...
2026-06-14 18:46:15     Query Q19 Score: 0.30
2026-06-14 18:46:15   [20/45] Processing Query Q20...
2026-06-14 18:46:41     Query Q20 Score: 0.95
2026-06-14 18:46:41   [21/45] Processing Query Q21...
2026-06-14 18:47:07     Query Q21 Score: 1.00
2026-06-14 18:47:07   [22/45] Processing Query Q22...
2026-06-14 18:47:32     Query Q22 Score: 1.00
2026-06-14 18:47:32   [23/45] Processing Query Q23...
2026-06-14 18:48:26     Query Q23 Score: 0.50
2026-06-14 18:48:26   [24/45] Processing Query Q24...
2026-06-14 18:48:50     Query Q24 Score: 1.00
2026-06-14 18:48:50   [25/45] Processing Query Q25...
2026-06-14 18:49:15     Query Q25 Score: 1.00
2026-06-14 18:49:15   [26/45] Processing Query Q26...
2026-06-14 18:49:39     Query Q26 Score: 1.00
2026-06-14 18:49:39   [27/45] Processing Query Q27...
2026-06-14 18:50:04     Query Q27 Score: 1.00
2026-06-14 18:50:04   [28/45] Processing Query Q28...
2026-06-14 18:50:29     Query Q28 Score: 1.00
2026-06-14 18:50:29   [29/45] Processing Query Q29...
2026-06-14 18:50:53     Query Q29 Score: 0.50
2026-06-14 18:50:53   [30/45] Processing Query Q30...
2026-06-14 18:51:20     Query Q30 Score: 0.95
2026-06-14 18:51:20   [31/45] Processing Query Q31...
2026-06-14 18:51:53     Query Q31 Score: 0.90
2026-06-14 18:51:53   [32/45] Processing Query Q32...
2026-06-14 18:52:20     Query Q32 Score: 0.75
2026-06-14 18:52:20   [33/45] Processing Query Q33...
2026-06-14 18:52:49     Query Q33 Score: 0.70
2026-06-14 18:52:49   [34/45] Processing Query Q34...
2026-06-14 18:53:14     Query Q34 Score: 0.95
2026-06-14 18:53:14   [35/45] Processing Query Q35...
2026-06-14 18:53:51     Query Q35 Score: 1.00
2026-06-14 18:53:51   [36/45] Processing Query Q36...
2026-06-14 18:54:17     Query Q36 Score: 1.00
2026-06-14 18:54:17   [37/45] Processing Query Q37...
2026-06-14 18:54:43     Query Q37 Score: 0.95
2026-06-14 18:54:43   [38/45] Processing Query Q38...
2026-06-14 18:55:08     Query Q38 Score: 0.60
2026-06-14 18:55:08   [39/45] Processing Query Q39...
2026-06-14 18:55:34     Query Q39 Score: 1.00
2026-06-14 18:55:34   [40/45] Processing Query Q40...
2026-06-14 18:56:00     Query Q40 Score: 0.95
2026-06-14 18:56:00   [41/45] Processing Query Q41...
2026-06-14 18:56:25     Query Q41 Score: 1.00
2026-06-14 18:56:25   [42/45] Processing Query Q42...
2026-06-14 18:56:50     Query Q42 Score: 1.00
2026-06-14 18:56:50   [43/45] Processing Query Q43...
2026-06-14 18:57:15     Query Q43 Score: 1.00
2026-06-14 18:57:15   [44/45] Processing Query Q48...
2026-06-14 18:57:41     Query Q48 Score: 0.40
2026-06-14 18:57:41   [45/45] Processing Query Q49...
2026-06-14 18:58:08     Query Q49 Score: 0.40
2026-06-14 18:58:08 Saved validation results to D:\TFM\Model Evaluation\autoresearch\archive\run_20260612_132729\outputs\validation_results_iter15_20260614_185808.csv
2026-06-14 18:58:08 Validation run completed. Overall Mean Score: 0.8078
2026-06-14 18:58:08 Candidate Score: 0.8078 (Delta: -0.0422)
2026-06-14 18:58:08 >>> FAILURE: Score did not improve. Discarding changes.
2026-06-14 18:58:08 Iteration #15 logged successfully to experiments.json.
2026-06-14 18:58:08 
2026-06-14 18:58:08 =========================================
2026-06-14 18:58:08 STARTING ITERATION #16
2026-06-14 18:58:08 =========================================
2026-06-14 18:58:08 Current Champion Score: 0.8500
2026-06-14 18:58:08 Failing queries to fix: 23
2026-06-14 18:58:08 Calling Optimizer Agent to refine instructions...
2026-06-14 18:58:57 Starting validation run on 45 queries...
2026-06-14 18:58:57   [1/45] Processing Query Q01...
2026-06-14 18:59:22     Query Q01 Score: 1.00
2026-06-14 18:59:22   [2/45] Processing Query Q02...
2026-06-14 18:59:48     Query Q02 Score: 0.50
2026-06-14 18:59:48   [3/45] Processing Query Q03...
2026-06-14 19:00:14     Query Q03 Score: 1.00
2026-06-14 19:00:14   [4/45] Processing Query Q04...
2026-06-14 19:00:42     Query Q04 Score: 0.70
2026-06-14 19:00:42   [5/45] Processing Query Q05...
2026-06-14 19:01:08     Query Q05 Score: 0.30
2026-06-14 19:01:08   [6/45] Processing Query Q06...
2026-06-14 19:01:33     Query Q06 Score: 1.00
2026-06-14 19:01:33   [7/45] Processing Query Q07...
2026-06-14 19:01:59     Query Q07 Score: 1.00
2026-06-14 19:01:59   [8/45] Processing Query Q08...
2026-06-14 19:02:25     Query Q08 Score: 0.60
2026-06-14 19:02:25   [9/45] Processing Query Q09...
2026-06-14 19:02:52     Query Q09 Score: 0.40
2026-06-14 19:02:52   [10/45] Processing Query Q10...
2026-06-14 19:03:20     Query Q10 Score: 0.75
2026-06-14 19:03:20   [11/45] Processing Query Q11...
2026-06-14 19:03:48     Query Q11 Score: 0.40
2026-06-14 19:03:48   [12/45] Processing Query Q12...
2026-06-14 19:04:12     Query Q12 Score: 1.00
2026-06-14 19:04:12   [13/45] Processing Query Q13...
2026-06-14 19:04:39     Query Q13 Score: 0.30
2026-06-14 19:04:39   [14/45] Processing Query Q14...
2026-06-14 19:05:04     Query Q14 Score: 1.00
2026-06-14 19:05:04   [15/45] Processing Query Q15...
2026-06-14 19:05:38     Query Q15 Score: 0.95
2026-06-14 19:05:38   [16/45] Processing Query Q16...
2026-06-14 19:06:03     Query Q16 Score: 0.50
2026-06-14 19:06:03   [17/45] Processing Query Q17...
2026-06-14 19:06:28     Query Q17 Score: 1.00
2026-06-14 19:06:28   [18/45] Processing Query Q18...
2026-06-14 19:06:55     Query Q18 Score: 1.00
2026-06-14 19:06:55   [19/45] Processing Query Q19...
2026-06-14 19:07:23     Query Q19 Score: 0.70
2026-06-14 19:07:23   [20/45] Processing Query Q20...
2026-06-14 19:07:47     Query Q20 Score: 0.95
2026-06-14 19:07:47   [21/45] Processing Query Q21...
2026-06-14 19:08:12     Query Q21 Score: 1.00
2026-06-14 19:08:12   [22/45] Processing Query Q22...
2026-06-14 19:08:37     Query Q22 Score: 1.00
2026-06-14 19:08:37   [23/45] Processing Query Q23...
2026-06-14 19:09:25     Query Q23 Score: 0.40
2026-06-14 19:09:25   [24/45] Processing Query Q24...
2026-06-14 19:09:56     Query Q24 Score: 0.95
2026-06-14 19:09:56   [25/45] Processing Query Q25...
2026-06-14 19:10:27     Query Q25 Score: 1.00
2026-06-14 19:10:27   [26/45] Processing Query Q26...
2026-06-14 19:10:50     Query Q26 Score: 1.00
2026-06-14 19:10:50   [27/45] Processing Query Q27...
2026-06-14 19:11:37     Query Q27 Score: 0.75
2026-06-14 19:11:37   [28/45] Processing Query Q28...
2026-06-14 19:12:00     Query Q28 Score: 1.00
2026-06-14 19:12:00   [29/45] Processing Query Q29...
2026-06-14 19:12:24     Query Q29 Score: 0.50
2026-06-14 19:12:24   [30/45] Processing Query Q30...
2026-06-14 19:12:50     Query Q30 Score: 0.95
2026-06-14 19:12:50   [31/45] Processing Query Q31...
2026-06-14 19:13:15     Query Q31 Score: 0.95
2026-06-14 19:13:15   [32/45] Processing Query Q32...
2026-06-14 19:13:42     Query Q32 Score: 0.75
2026-06-14 19:13:42   [33/45] Processing Query Q33...
2026-06-14 19:14:12     Query Q33 Score: 0.40
2026-06-14 19:14:12   [34/45] Processing Query Q34...
2026-06-14 19:14:38     Query Q34 Score: 0.95
2026-06-14 19:14:38   [35/45] Processing Query Q35...
2026-06-14 19:15:03     Query Q35 Score: 1.00
2026-06-14 19:15:03   [36/45] Processing Query Q36...
2026-06-14 19:15:29     Query Q36 Score: 0.50
2026-06-14 19:15:29   [37/45] Processing Query Q37...
2026-06-14 19:15:54     Query Q37 Score: 0.95
2026-06-14 19:15:54   [38/45] Processing Query Q38...
2026-06-14 19:16:20     Query Q38 Score: 0.60
2026-06-14 19:16:20   [39/45] Processing Query Q39...
2026-06-14 19:16:45     Query Q39 Score: 1.00
2026-06-14 19:16:45   [40/45] Processing Query Q40...
2026-06-14 19:17:11     Query Q40 Score: 0.95
2026-06-14 19:17:11   [41/45] Processing Query Q41...
2026-06-14 19:17:37     Query Q41 Score: 1.00
2026-06-14 19:17:37   [42/45] Processing Query Q42...
2026-06-14 19:18:02     Query Q42 Score: 1.00
2026-06-14 19:18:02   [43/45] Processing Query Q43...
2026-06-14 19:18:27     Query Q43 Score: 1.00
2026-06-14 19:18:27   [44/45] Processing Query Q48...
2026-06-14 19:18:54     Query Q48 Score: 0.75
2026-06-14 19:18:54   [45/45] Processing Query Q49...
2026-06-14 19:19:49     Query Q49 Score: 0.40
2026-06-14 19:19:49 Saved validation results to D:\TFM\Model Evaluation\autoresearch\archive\run_20260612_132729\outputs\validation_results_iter16_20260614_191949.csv
2026-06-14 19:19:49 Validation run completed. Overall Mean Score: 0.7956
2026-06-14 19:19:49 Candidate Score: 0.7956 (Delta: -0.0544)
2026-06-14 19:19:49 >>> FAILURE: Score did not improve. Discarding changes.
2026-06-14 19:19:49 Iteration #16 logged successfully to experiments.json.
2026-06-14 19:19:49 
2026-06-14 19:19:49 =========================================
2026-06-14 19:19:49 STARTING ITERATION #17
2026-06-14 19:19:49 =========================================
2026-06-14 19:19:49 Current Champion Score: 0.8500
2026-06-14 19:19:49 Failing queries to fix: 23
2026-06-14 19:19:49 Calling Optimizer Agent to refine instructions...
2026-06-14 19:20:39 Starting validation run on 45 queries...
2026-06-14 19:20:39   [1/45] Processing Query Q01...
2026-06-14 19:21:03     Query Q01 Score: 1.00
2026-06-14 19:21:03   [2/45] Processing Query Q02...
2026-06-14 19:21:28     Query Q02 Score: 1.00
2026-06-14 19:21:28   [3/45] Processing Query Q03...
2026-06-14 19:21:55     Query Q03 Score: 1.00
2026-06-14 19:21:55   [4/45] Processing Query Q04...
2026-06-14 19:22:23     Query Q04 Score: 0.40
2026-06-14 19:22:23   [5/45] Processing Query Q05...
2026-06-14 19:22:49     Query Q05 Score: 0.50
2026-06-14 19:22:49   [6/45] Processing Query Q06...
2026-06-14 19:23:16     Query Q06 Score: 0.95
2026-06-14 19:23:16   [7/45] Processing Query Q07...
2026-06-14 19:23:42     Query Q07 Score: 0.95
2026-06-14 19:23:42   [8/45] Processing Query Q08...
2026-06-14 19:24:07     Query Q08 Score: 1.00
2026-06-14 19:24:07   [9/45] Processing Query Q09...
2026-06-14 19:24:32     Query Q09 Score: 0.50
2026-06-14 19:24:32   [10/45] Processing Query Q10...
2026-06-14 19:24:59     Query Q10 Score: 0.50
2026-06-14 19:24:59   [11/45] Processing Query Q11...
2026-06-14 19:25:28     Query Q11 Score: 1.00
2026-06-14 19:25:28   [12/45] Processing Query Q12...
2026-06-14 19:25:51     Query Q12 Score: 0.75
2026-06-14 19:25:51   [13/45] Processing Query Q13...
2026-06-14 19:26:18     Query Q13 Score: 0.50
2026-06-14 19:26:18   [14/45] Processing Query Q14...
2026-06-14 19:26:42     Query Q14 Score: 1.00
2026-06-14 19:26:42   [15/45] Processing Query Q15...
2026-06-14 19:27:14     Query Q15 Score: 0.95
2026-06-14 19:27:14   [16/45] Processing Query Q16...
2026-06-14 19:27:40     Query Q16 Score: 0.50
2026-06-14 19:27:40   [17/45] Processing Query Q17...
2026-06-14 19:28:05     Query Q17 Score: 0.50
2026-06-14 19:28:05   [18/45] Processing Query Q18...
2026-06-14 19:28:30     Query Q18 Score: 1.00
2026-06-14 19:28:30   [19/45] Processing Query Q19...
2026-06-14 19:28:55     Query Q19 Score: 0.50
2026-06-14 19:28:55   [20/45] Processing Query Q20...
2026-06-14 19:29:20     Query Q20 Score: 0.95
2026-06-14 19:29:20   [21/45] Processing Query Q21...
2026-06-14 19:29:45     Query Q21 Score: 1.00
2026-06-14 19:29:45   [22/45] Processing Query Q22...
2026-06-14 19:30:09     Query Q22 Score: 1.00
2026-06-14 19:30:09   [23/45] Processing Query Q23...
2026-06-14 19:30:52     Query Q23 Score: 0.60
2026-06-14 19:30:52   [24/45] Processing Query Q24...
2026-06-14 19:31:16     Query Q24 Score: 0.95
2026-06-14 19:31:16   [25/45] Processing Query Q25...
2026-06-14 19:31:40     Query Q25 Score: 1.00
2026-06-14 19:31:40   [26/45] Processing Query Q26...
2026-06-14 19:32:03     Query Q26 Score: 1.00
2026-06-14 19:32:03   [27/45] Processing Query Q27...
2026-06-14 19:32:26     Query Q27 Score: 1.00
2026-06-14 19:32:26   [28/45] Processing Query Q28...
2026-06-14 19:32:51     Query Q28 Score: 0.50
2026-06-14 19:32:51   [29/45] Processing Query Q29...
2026-06-14 19:33:15     Query Q29 Score: 0.90
2026-06-14 19:33:15   [30/45] Processing Query Q30...
2026-06-14 19:33:40     Query Q30 Score: 0.95
2026-06-14 19:33:40   [31/45] Processing Query Q31...
2026-06-14 19:34:04     Query Q31 Score: 0.95
2026-06-14 19:34:04   [32/45] Processing Query Q32...
2026-06-14 19:34:29     Query Q32 Score: 0.75
2026-06-14 19:34:29   [33/45] Processing Query Q33...
2026-06-14 19:34:57     Query Q33 Score: 0.60
2026-06-14 19:34:57   [34/45] Processing Query Q34...
2026-06-14 19:35:23     Query Q34 Score: 1.00
2026-06-14 19:35:23   [35/45] Processing Query Q35...
2026-06-14 19:35:46     Query Q35 Score: 1.00
2026-06-14 19:35:46   [36/45] Processing Query Q36...
2026-06-14 19:36:13     Query Q36 Score: 0.95
2026-06-14 19:36:13   [37/45] Processing Query Q37...
2026-06-14 19:36:38     Query Q37 Score: 0.95
2026-06-14 19:36:38   [38/45] Processing Query Q38...
2026-06-14 19:37:05     Query Q38 Score: 0.60
2026-06-14 19:37:05   [39/45] Processing Query Q39...
2026-06-14 19:37:30     Query Q39 Score: 1.00
2026-06-14 19:37:30   [40/45] Processing Query Q40...
2026-06-14 19:37:56     Query Q40 Score: 0.95
2026-06-14 19:37:56   [41/45] Processing Query Q41...
2026-06-14 19:38:21     Query Q41 Score: 1.00
2026-06-14 19:38:21   [42/45] Processing Query Q42...
2026-06-14 19:38:46     Query Q42 Score: 1.00
2026-06-14 19:38:46   [43/45] Processing Query Q43...
2026-06-14 19:39:11     Query Q43 Score: 1.00
2026-06-14 19:39:11   [44/45] Processing Query Q48...
2026-06-14 19:39:38     Query Q48 Score: 0.95
2026-06-14 19:39:38   [45/45] Processing Query Q49...
2026-06-14 19:40:06     Query Q49 Score: 0.75
2026-06-14 19:40:06 Saved validation results to D:\TFM\Model Evaluation\autoresearch\archive\run_20260612_132729\outputs\validation_results_iter17_20260614_194006.csv
2026-06-14 19:40:06 Validation run completed. Overall Mean Score: 0.8400
2026-06-14 19:40:06 Candidate Score: 0.8400 (Delta: -0.0100)
2026-06-14 19:40:06 >>> FAILURE: Score did not improve. Discarding changes.
2026-06-14 19:40:06 Iteration #17 logged successfully to experiments.json.
2026-06-14 19:40:06 
2026-06-14 19:40:06 =========================================
2026-06-14 19:40:06 STARTING ITERATION #18
2026-06-14 19:40:06 =========================================
2026-06-14 19:40:06 Current Champion Score: 0.8500
2026-06-14 19:40:06 Failing queries to fix: 23
2026-06-14 19:40:06 Calling Optimizer Agent to refine instructions...
2026-06-14 19:40:59 Starting validation run on 45 queries...
2026-06-14 19:40:59   [1/45] Processing Query Q01...
2026-06-14 19:41:23     Query Q01 Score: 1.00
2026-06-14 19:41:23   [2/45] Processing Query Q02...
2026-06-14 19:41:48     Query Q02 Score: 1.00
2026-06-14 19:41:48   [3/45] Processing Query Q03...
2026-06-14 19:42:15     Query Q03 Score: 1.00
2026-06-14 19:42:15   [4/45] Processing Query Q04...
2026-06-14 19:42:42     Query Q04 Score: 0.50
2026-06-14 19:42:42   [5/45] Processing Query Q05...
2026-06-14 19:43:08     Query Q05 Score: 0.50
2026-06-14 19:43:08   [6/45] Processing Query Q06...
2026-06-14 19:43:33     Query Q06 Score: 1.00
2026-06-14 19:43:33   [7/45] Processing Query Q07...
2026-06-14 19:43:58     Query Q07 Score: 1.00
2026-06-14 19:43:58   [8/45] Processing Query Q08...
2026-06-14 19:44:23     Query Q08 Score: 1.00
2026-06-14 19:44:23   [9/45] Processing Query Q09...
2026-06-14 19:44:49     Query Q09 Score: 0.40
2026-06-14 19:44:49   [10/45] Processing Query Q10...
2026-06-14 19:45:16     Query Q10 Score: 0.85
2026-06-14 19:45:16   [11/45] Processing Query Q11...
2026-06-14 19:45:47     Query Q11 Score: 0.50
2026-06-14 19:45:47   [12/45] Processing Query Q12...
2026-06-14 19:46:11     Query Q12 Score: 1.00
2026-06-14 19:46:11   [13/45] Processing Query Q13...
2026-06-14 19:46:38     Query Q13 Score: 0.30
2026-06-14 19:46:38   [14/45] Processing Query Q14...
2026-06-14 19:47:07     Query Q14 Score: 1.00
2026-06-14 19:47:07   [15/45] Processing Query Q15...
2026-06-14 19:47:35     Query Q15 Score: 0.95
2026-06-14 19:47:35   [16/45] Processing Query Q16...
2026-06-14 19:48:01     Query Q16 Score: 0.50
2026-06-14 19:48:01   [17/45] Processing Query Q17...
2026-06-14 19:48:26     Query Q17 Score: 1.00
2026-06-14 19:48:26   [18/45] Processing Query Q18...
2026-06-14 19:48:51     Query Q18 Score: 1.00
2026-06-14 19:48:51   [19/45] Processing Query Q19...
2026-06-14 19:49:26     Query Q19 Score: 0.30
2026-06-14 19:49:26   [20/45] Processing Query Q20...
2026-06-14 19:49:51     Query Q20 Score: 0.95
2026-06-14 19:49:51   [21/45] Processing Query Q21...
2026-06-14 19:50:15     Query Q21 Score: 1.00
2026-06-14 19:50:15   [22/45] Processing Query Q22...
2026-06-14 19:50:40     Query Q22 Score: 1.00
2026-06-14 19:50:40   [23/45] Processing Query Q23...
2026-06-14 19:51:28     Query Q23 Score: 0.40
2026-06-14 19:51:28   [24/45] Processing Query Q24...
2026-06-14 19:51:52     Query Q24 Score: 1.00
2026-06-14 19:51:52   [25/45] Processing Query Q25...
2026-06-14 19:52:17     Query Q25 Score: 1.00
2026-06-14 19:52:17   [26/45] Processing Query Q26...
2026-06-14 19:52:40     Query Q26 Score: 1.00
2026-06-14 19:52:40   [27/45] Processing Query Q27...
2026-06-14 19:53:05     Query Q27 Score: 0.95
2026-06-14 19:53:05   [28/45] Processing Query Q28...
2026-06-14 19:53:30     Query Q28 Score: 1.00
2026-06-14 19:53:30   [29/45] Processing Query Q29...
2026-06-14 19:53:55     Query Q29 Score: 1.00
2026-06-14 19:53:55   [30/45] Processing Query Q30...
2026-06-14 19:54:21     Query Q30 Score: 1.00
2026-06-14 19:54:21   [31/45] Processing Query Q31...
2026-06-14 19:54:46     Query Q31 Score: 1.00
2026-06-14 19:54:46   [32/45] Processing Query Q32...
2026-06-14 19:55:12     Query Q32 Score: 0.75
2026-06-14 19:55:12   [33/45] Processing Query Q33...
2026-06-14 19:55:41     Query Q33 Score: 0.60
2026-06-14 19:55:41   [34/45] Processing Query Q34...
2026-06-14 19:56:06     Query Q34 Score: 0.95
2026-06-14 19:56:06   [35/45] Processing Query Q35...
2026-06-14 19:56:29     Query Q35 Score: 1.00
2026-06-14 19:56:29   [36/45] Processing Query Q36...
2026-06-14 19:56:54     Query Q36 Score: 1.00
2026-06-14 19:56:54   [37/45] Processing Query Q37...
2026-06-14 19:57:19     Query Q37 Score: 0.95
2026-06-14 19:57:19   [38/45] Processing Query Q38...
2026-06-14 19:57:43     Query Q38 Score: 0.50
2026-06-14 19:57:43   [39/45] Processing Query Q39...
2026-06-14 19:58:07     Query Q39 Score: 1.00
2026-06-14 19:58:07   [40/45] Processing Query Q40...
2026-06-14 19:58:32     Query Q40 Score: 0.95
2026-06-14 19:58:32   [41/45] Processing Query Q41...
2026-06-14 19:58:56     Query Q41 Score: 1.00
2026-06-14 19:58:56   [42/45] Processing Query Q42...
2026-06-14 19:59:20     Query Q42 Score: 1.00
2026-06-14 19:59:20   [43/45] Processing Query Q43...
2026-06-14 19:59:46     Query Q43 Score: 1.00
2026-06-14 19:59:46   [44/45] Processing Query Q48...
2026-06-14 20:00:12     Query Q48 Score: 0.85
2026-06-14 20:00:12   [45/45] Processing Query Q49...
2026-06-14 20:01:04     Query Q49 Score: 1.00
2026-06-14 20:01:04 Saved validation results to D:\TFM\Model Evaluation\autoresearch\archive\run_20260612_132729\outputs\validation_results_iter18_20260614_200104.csv
2026-06-14 20:01:04 Validation run completed. Overall Mean Score: 0.8589
2026-06-14 20:01:04 Candidate Score: 0.8589 (Delta: +0.0089)
2026-06-14 20:01:04 >>> SUCCESS: Score improved! Saving new champion prompt.
2026-06-14 20:01:04 Iteration #18 logged successfully to experiments.json.
2026-06-14 20:01:04 
2026-06-14 20:01:04 =========================================
2026-06-14 20:01:04 STARTING ITERATION #19
2026-06-14 20:01:04 =========================================
2026-06-14 20:01:04 Current Champion Score: 0.8589
2026-06-14 20:01:04 Failing queries to fix: 19
2026-06-14 20:01:04 Calling Optimizer Agent to refine instructions...
2026-06-14 20:02:26 Starting validation run on 45 queries...
2026-06-14 20:02:26   [1/45] Processing Query Q01...
2026-06-14 20:02:51     Query Q01 Score: 1.00
2026-06-14 20:02:51   [2/45] Processing Query Q02...
2026-06-14 20:03:15     Query Q02 Score: 1.00
2026-06-14 20:03:15   [3/45] Processing Query Q03...
2026-06-14 20:03:41     Query Q03 Score: 1.00
2026-06-14 20:03:41   [4/45] Processing Query Q04...
2026-06-14 20:04:08     Query Q04 Score: 0.75
2026-06-14 20:04:08   [5/45] Processing Query Q05...
2026-06-14 20:04:33     Query Q05 Score: 0.50
2026-06-14 20:04:33   [6/45] Processing Query Q06...
2026-06-14 20:04:57     Query Q06 Score: 1.00
2026-06-14 20:04:57   [7/45] Processing Query Q07...
2026-06-14 20:05:21     Query Q07 Score: 1.00
2026-06-14 20:05:21   [8/45] Processing Query Q08...
2026-06-14 20:05:45     Query Q08 Score: 0.75
2026-06-14 20:05:45   [9/45] Processing Query Q09...
2026-06-14 20:06:11     Query Q09 Score: 0.40
2026-06-14 20:06:11   [10/45] Processing Query Q10...
2026-06-14 20:06:36     Query Q10 Score: 0.50
2026-06-14 20:06:36   [11/45] Processing Query Q11...
2026-06-14 20:07:06     Query Q11 Score: 0.50
2026-06-14 20:07:06   [12/45] Processing Query Q12...
2026-06-14 20:07:32     Query Q12 Score: 0.75
2026-06-14 20:07:32   [13/45] Processing Query Q13...
2026-06-14 20:07:59     Query Q13 Score: 0.40
2026-06-14 20:07:59   [14/45] Processing Query Q14...
2026-06-14 20:08:23     Query Q14 Score: 1.00
2026-06-14 20:08:23   [15/45] Processing Query Q15...
2026-06-14 20:08:50     Query Q15 Score: 0.95
2026-06-14 20:08:50   [16/45] Processing Query Q16...
2026-06-14 20:09:17     Query Q16 Score: 0.50
2026-06-14 20:09:17   [17/45] Processing Query Q17...
2026-06-14 20:09:42     Query Q17 Score: 1.00
2026-06-14 20:09:42   [18/45] Processing Query Q18...
2026-06-14 20:10:06     Query Q18 Score: 1.00
2026-06-14 20:10:06   [19/45] Processing Query Q19...
2026-06-14 20:10:30     Query Q19 Score: 0.60
2026-06-14 20:10:30   [20/45] Processing Query Q20...
2026-06-14 20:10:55     Query Q20 Score: 0.95
2026-06-14 20:10:55   [21/45] Processing Query Q21...
2026-06-14 20:11:20     Query Q21 Score: 1.00
2026-06-14 20:11:20   [22/45] Processing Query Q22...
2026-06-14 20:11:45     Query Q22 Score: 1.00
2026-06-14 20:11:45   [23/45] Processing Query Q23...
2026-06-14 20:12:41     Query Q23 Score: 0.40
2026-06-14 20:12:41   [24/45] Processing Query Q24...
2026-06-14 20:13:05     Query Q24 Score: 1.00
2026-06-14 20:13:05   [25/45] Processing Query Q25...
2026-06-14 20:13:30     Query Q25 Score: 1.00
2026-06-14 20:13:30   [26/45] Processing Query Q26...
2026-06-14 20:13:53     Query Q26 Score: 1.00
2026-06-14 20:13:53   [27/45] Processing Query Q27...
2026-06-14 20:14:17     Query Q27 Score: 0.95
2026-06-14 20:14:17   [28/45] Processing Query Q28...
2026-06-14 20:14:41     Query Q28 Score: 1.00
2026-06-14 20:14:41   [29/45] Processing Query Q29...
2026-06-14 20:15:04     Query Q29 Score: 0.60
2026-06-14 20:15:04   [30/45] Processing Query Q30...
2026-06-14 20:15:29     Query Q30 Score: 1.00
2026-06-14 20:15:29   [31/45] Processing Query Q31...
2026-06-14 20:15:53     Query Q31 Score: 1.00
2026-06-14 20:15:53   [32/45] Processing Query Q32...
2026-06-14 20:16:18     Query Q32 Score: 0.75
2026-06-14 20:16:18   [33/45] Processing Query Q33...
2026-06-14 20:16:51     Query Q33 Score: 0.70
2026-06-14 20:16:51   [34/45] Processing Query Q34...
2026-06-14 20:17:16     Query Q34 Score: 0.95
2026-06-14 20:17:16   [35/45] Processing Query Q35...
2026-06-14 20:17:39     Query Q35 Score: 1.00
2026-06-14 20:17:39   [36/45] Processing Query Q36...
2026-06-14 20:18:05     Query Q36 Score: 1.00
2026-06-14 20:18:05   [37/45] Processing Query Q37...
2026-06-14 20:18:31     Query Q37 Score: 0.50
2026-06-14 20:18:31   [38/45] Processing Query Q38...
2026-06-14 20:18:55     Query Q38 Score: 0.60
2026-06-14 20:18:55   [39/45] Processing Query Q39...
2026-06-14 20:19:20     Query Q39 Score: 1.00
2026-06-14 20:19:20   [40/45] Processing Query Q40...
2026-06-14 20:19:45     Query Q40 Score: 0.95
2026-06-14 20:19:45   [41/45] Processing Query Q41...
2026-06-14 20:20:10     Query Q41 Score: 1.00
2026-06-14 20:20:10   [42/45] Processing Query Q42...
2026-06-14 20:20:35     Query Q42 Score: 1.00
2026-06-14 20:20:35   [43/45] Processing Query Q43...
2026-06-14 20:21:00     Query Q43 Score: 1.00
2026-06-14 20:21:00   [44/45] Processing Query Q48...
2026-06-14 20:21:29     Query Q48 Score: 0.50
2026-06-14 20:21:29   [45/45] Processing Query Q49...
2026-06-14 20:21:56     Query Q49 Score: 0.75
2026-06-14 20:21:56 Saved validation results to D:\TFM\Model Evaluation\autoresearch\archive\run_20260612_132729\outputs\validation_results_iter19_20260614_202156.csv
2026-06-14 20:21:56 Validation run completed. Overall Mean Score: 0.8267
2026-06-14 20:21:56 Candidate Score: 0.8267 (Delta: -0.0322)
2026-06-14 20:21:56 >>> FAILURE: Score did not improve. Discarding changes.
2026-06-14 20:21:56 Iteration #19 logged successfully to experiments.json.
2026-06-14 20:21:56 
2026-06-14 20:21:56 =========================================
2026-06-14 20:21:56 STARTING ITERATION #20
2026-06-14 20:21:56 =========================================
2026-06-14 20:21:56 Current Champion Score: 0.8589
2026-06-14 20:21:56 Failing queries to fix: 19
2026-06-14 20:21:56 Calling Optimizer Agent to refine instructions...
2026-06-14 20:22:37 Starting validation run on 45 queries...
2026-06-14 20:22:37   [1/45] Processing Query Q01...
2026-06-14 20:23:00     Query Q01 Score: 1.00
2026-06-14 20:23:00   [2/45] Processing Query Q02...
2026-06-14 20:23:25     Query Q02 Score: 1.00
2026-06-14 20:23:25   [3/45] Processing Query Q03...
2026-06-14 20:23:51     Query Q03 Score: 1.00
2026-06-14 20:23:51   [4/45] Processing Query Q04...
2026-06-14 20:24:18     Query Q04 Score: 0.50
2026-06-14 20:24:18   [5/45] Processing Query Q05...
2026-06-14 20:24:44     Query Q05 Score: 0.50
2026-06-14 20:24:44   [6/45] Processing Query Q06...
2026-06-14 20:25:09     Query Q06 Score: 1.00
2026-06-14 20:25:09   [7/45] Processing Query Q07...
2026-06-14 20:25:34     Query Q07 Score: 1.00
2026-06-14 20:25:34   [8/45] Processing Query Q08...
2026-06-14 20:26:02     Query Q08 Score: 1.00
2026-06-14 20:26:02   [9/45] Processing Query Q09...
2026-06-14 20:26:36     Query Q09 Score: 0.95
2026-06-14 20:26:36   [10/45] Processing Query Q10...
2026-06-14 20:27:02     Query Q10 Score: 0.40
2026-06-14 20:27:02   [11/45] Processing Query Q11...
2026-06-14 20:27:29     Query Q11 Score: 0.50
2026-06-14 20:27:29   [12/45] Processing Query Q12...
2026-06-14 20:27:53     Query Q12 Score: 1.00
2026-06-14 20:27:53   [13/45] Processing Query Q13...
2026-06-14 20:28:18     Query Q13 Score: 0.50
2026-06-14 20:28:18   [14/45] Processing Query Q14...
2026-06-14 20:28:42     Query Q14 Score: 1.00
2026-06-14 20:28:42   [15/45] Processing Query Q15...
2026-06-14 20:29:11     Query Q15 Score: 0.40
2026-06-14 20:29:11   [16/45] Processing Query Q16...
2026-06-14 20:29:36     Query Q16 Score: 0.50
2026-06-14 20:29:36   [17/45] Processing Query Q17...
2026-06-14 20:30:00     Query Q17 Score: 1.00
2026-06-14 20:30:00   [18/45] Processing Query Q18...
2026-06-14 20:30:24     Query Q18 Score: 1.00
2026-06-14 20:30:24   [19/45] Processing Query Q19...
2026-06-14 20:31:10     Query Q19 Score: 0.75
2026-06-14 20:31:10   [20/45] Processing Query Q20...
2026-06-14 20:31:36     Query Q20 Score: 0.95
2026-06-14 20:31:36   [21/45] Processing Query Q21...
2026-06-14 20:32:00     Query Q21 Score: 1.00
2026-06-14 20:32:00   [22/45] Processing Query Q22...
2026-06-14 20:32:24     Query Q22 Score: 1.00
2026-06-14 20:32:24   [23/45] Processing Query Q23...
2026-06-14 20:33:04     Query Q23 Score: 0.95
2026-06-14 20:33:04   [24/45] Processing Query Q24...
2026-06-14 20:33:29     Query Q24 Score: 0.95
2026-06-14 20:33:29   [25/45] Processing Query Q25...
2026-06-14 20:33:54     Query Q25 Score: 1.00
2026-06-14 20:33:54   [26/45] Processing Query Q26...
2026-06-14 20:34:17     Query Q26 Score: 1.00
2026-06-14 20:34:17   [27/45] Processing Query Q27...
2026-06-14 20:34:40     Query Q27 Score: 0.95
2026-06-14 20:34:40   [28/45] Processing Query Q28...
2026-06-14 20:35:03     Query Q28 Score: 1.00
2026-06-14 20:35:03   [29/45] Processing Query Q29...
2026-06-14 20:35:27     Query Q29 Score: 1.00
2026-06-14 20:35:27   [30/45] Processing Query Q30...
2026-06-14 20:35:52     Query Q30 Score: 1.00
2026-06-14 20:35:52   [31/45] Processing Query Q31...
2026-06-14 20:36:16     Query Q31 Score: 1.00
2026-06-14 20:36:16   [32/45] Processing Query Q32...
2026-06-14 20:36:45     Query Q32 Score: 0.75
2026-06-14 20:36:45   [33/45] Processing Query Q33...
2026-06-14 20:37:12     Query Q33 Score: 0.75
2026-06-14 20:37:12   [34/45] Processing Query Q34...
2026-06-14 20:37:37     Query Q34 Score: 0.95
2026-06-14 20:37:37   [35/45] Processing Query Q35...
2026-06-14 20:38:01     Query Q35 Score: 1.00
2026-06-14 20:38:01   [36/45] Processing Query Q36...
2026-06-14 20:38:27     Query Q36 Score: 1.00
2026-06-14 20:38:27   [37/45] Processing Query Q37...
2026-06-14 20:38:52     Query Q37 Score: 1.00
2026-06-14 20:38:52   [38/45] Processing Query Q38...
2026-06-14 20:39:17     Query Q38 Score: 0.60
2026-06-14 20:39:17   [39/45] Processing Query Q39...
2026-06-14 20:39:42     Query Q39 Score: 1.00
2026-06-14 20:39:42   [40/45] Processing Query Q40...
2026-06-14 20:40:07     Query Q40 Score: 0.95
2026-06-14 20:40:07   [41/45] Processing Query Q41...
2026-06-14 20:40:33     Query Q41 Score: 1.00
2026-06-14 20:40:33   [42/45] Processing Query Q42...
2026-06-14 20:40:58     Query Q42 Score: 1.00
2026-06-14 20:40:58   [43/45] Processing Query Q43...
2026-06-14 20:41:23     Query Q43 Score: 1.00
2026-06-14 20:41:23   [44/45] Processing Query Q48...
2026-06-14 20:41:54     Query Q48 Score: 0.40
2026-06-14 20:41:54   [45/45] Processing Query Q49...
2026-06-14 20:42:41     Query Q49 Score: 0.60
2026-06-14 20:42:41 Saved validation results to D:\TFM\Model Evaluation\autoresearch\archive\run_20260612_132729\outputs\validation_results_iter20_20260614_204241.csv
2026-06-14 20:42:41 Validation run completed. Overall Mean Score: 0.8622
2026-06-14 20:42:41 Candidate Score: 0.8622 (Delta: +0.0033)
2026-06-14 20:42:41 >>> SUCCESS: Score improved! Saving new champion prompt.
2026-06-14 20:42:41 Iteration #20 logged successfully to experiments.json.
2026-06-14 20:42:41 
2026-06-14 20:42:41 =========================================
2026-06-14 20:42:41 STARTING ITERATION #21
2026-06-14 20:42:41 =========================================
2026-06-14 20:42:41 Current Champion Score: 0.8622
2026-06-14 20:42:41 Failing queries to fix: 20
2026-06-14 20:42:41 Calling Optimizer Agent to refine instructions...
2026-06-14 20:43:38 Starting validation run on 45 queries...
2026-06-14 20:43:38   [1/45] Processing Query Q01...
2026-06-14 20:44:04     Query Q01 Score: 1.00
2026-06-14 20:44:04   [2/45] Processing Query Q02...
2026-06-14 20:44:31     Query Q02 Score: 0.50
2026-06-14 20:44:31   [3/45] Processing Query Q03...
2026-06-14 20:44:57     Query Q03 Score: 1.00
2026-06-14 20:44:57   [4/45] Processing Query Q04...
2026-06-14 20:45:26     Query Q04 Score: 0.85
2026-06-14 20:45:26   [5/45] Processing Query Q05...
2026-06-14 20:45:53     Query Q05 Score: 0.50
2026-06-14 20:45:53   [6/45] Processing Query Q06...
2026-06-14 20:46:19     Query Q06 Score: 1.00
2026-06-14 20:46:19   [7/45] Processing Query Q07...
2026-06-14 20:46:45     Query Q07 Score: 1.00
2026-06-14 20:46:45   [8/45] Processing Query Q08...
2026-06-14 20:47:17     Query Q08 Score: 0.60
2026-06-14 20:47:17   [9/45] Processing Query Q09...
2026-06-14 20:47:45     Query Q09 Score: 0.50
2026-06-14 20:47:45   [10/45] Processing Query Q10...
2026-06-14 20:48:15     Query Q10 Score: 0.40
2026-06-14 20:48:15   [11/45] Processing Query Q11...
2026-06-14 20:48:45     Query Q11 Score: 0.50
2026-06-14 20:48:45   [12/45] Processing Query Q12...
2026-06-14 20:49:09     Query Q12 Score: 0.75
2026-06-14 20:49:09   [13/45] Processing Query Q13...
2026-06-14 20:49:35     Query Q13 Score: 0.50
2026-06-14 20:49:35   [14/45] Processing Query Q14...
2026-06-14 20:50:02     Query Q14 Score: 0.95
2026-06-14 20:50:02   [15/45] Processing Query Q15...
2026-06-14 20:50:43     Query Q15 Score: 1.00
2026-06-14 20:50:43   [16/45] Processing Query Q16...
2026-06-14 20:51:11     Query Q16 Score: 0.50
2026-06-14 20:51:11   [17/45] Processing Query Q17...
2026-06-14 20:51:45     Query Q17 Score: 1.00
2026-06-14 20:51:45   [18/45] Processing Query Q18...
2026-06-14 20:52:19     Query Q18 Score: 1.00
2026-06-14 20:52:19   [19/45] Processing Query Q19...
2026-06-14 20:52:47     Query Q19 Score: 0.40
2026-06-14 20:52:47   [20/45] Processing Query Q20...
2026-06-14 20:53:16     Query Q20 Score: 0.95
2026-06-14 20:53:16   [21/45] Processing Query Q21...
2026-06-14 20:54:03     Query Q21 Score: 1.00
2026-06-14 20:54:03   [22/45] Processing Query Q22...
2026-06-14 20:54:31     Query Q22 Score: 1.00
2026-06-14 20:54:31   [23/45] Processing Query Q23...
2026-06-14 20:55:04     Query Q23 Score: 0.50
2026-06-14 20:55:04   [24/45] Processing Query Q24...
2026-06-14 20:55:33     Query Q24 Score: 1.00
2026-06-14 20:55:33   [25/45] Processing Query Q25...
2026-06-14 20:56:01     Query Q25 Score: 1.00
2026-06-14 20:56:01   [26/45] Processing Query Q26...
2026-06-14 20:56:27     Query Q26 Score: 1.00
2026-06-14 20:56:27   [27/45] Processing Query Q27...
2026-06-14 20:56:54     Query Q27 Score: 1.00
2026-06-14 20:56:54   [28/45] Processing Query Q28...
2026-06-14 20:57:22     Query Q28 Score: 1.00
2026-06-14 20:57:22   [29/45] Processing Query Q29...
2026-06-14 20:57:49     Query Q29 Score: 0.60
2026-06-14 20:57:49   [30/45] Processing Query Q30...
2026-06-14 20:58:15     Query Q30 Score: 1.00
2026-06-14 20:58:15   [31/45] Processing Query Q31...
2026-06-14 20:58:39     Query Q31 Score: 1.00
2026-06-14 20:58:39   [32/45] Processing Query Q32...
2026-06-14 20:59:05     Query Q32 Score: 0.60
2026-06-14 20:59:05   [33/45] Processing Query Q33...
2026-06-14 20:59:31     Query Q33 Score: 1.00
2026-06-14 20:59:31   [34/45] Processing Query Q34...
2026-06-14 20:59:56     Query Q34 Score: 0.50
2026-06-14 20:59:56   [35/45] Processing Query Q35...
2026-06-14 21:00:19     Query Q35 Score: 1.00
2026-06-14 21:00:19   [36/45] Processing Query Q36...
2026-06-14 21:00:44     Query Q36 Score: 1.00
2026-06-14 21:00:44   [37/45] Processing Query Q37...
2026-06-14 21:01:10     Query Q37 Score: 0.95
2026-06-14 21:01:10   [38/45] Processing Query Q38...
2026-06-14 21:01:34     Query Q38 Score: 0.50
2026-06-14 21:01:34   [39/45] Processing Query Q39...
2026-06-14 21:01:58     Query Q39 Score: 1.00
2026-06-14 21:01:58   [40/45] Processing Query Q40...
2026-06-14 21:02:24     Query Q40 Score: 0.95
2026-06-14 21:02:24   [41/45] Processing Query Q41...
2026-06-14 21:02:49     Query Q41 Score: 1.00
2026-06-14 21:02:49   [42/45] Processing Query Q42...
2026-06-14 21:03:13     Query Q42 Score: 1.00
2026-06-14 21:03:13   [43/45] Processing Query Q43...
2026-06-14 21:03:38     Query Q43 Score: 1.00
2026-06-14 21:03:38   [44/45] Processing Query Q48...
2026-06-14 21:04:06     Query Q48 Score: 0.65
2026-06-14 21:04:06   [45/45] Processing Query Q49...
2026-06-14 21:04:32     Query Q49 Score: 0.75
2026-06-14 21:04:32 Saved validation results to D:\TFM\Model Evaluation\autoresearch\archive\run_20260612_132729\outputs\validation_results_iter21_20260614_210432.csv
2026-06-14 21:04:32 Validation run completed. Overall Mean Score: 0.8200
2026-06-14 21:04:32 Candidate Score: 0.8200 (Delta: -0.0422)
2026-06-14 21:04:32 >>> FAILURE: Score did not improve. Discarding changes.
2026-06-14 21:04:32 Iteration #21 logged successfully to experiments.json.
2026-06-14 21:04:32 
2026-06-14 21:04:32 =========================================
2026-06-14 21:04:32 STARTING ITERATION #22
2026-06-14 21:04:32 =========================================
2026-06-14 21:04:32 Current Champion Score: 0.8622
2026-06-14 21:04:32 Failing queries to fix: 20
2026-06-14 21:04:32 Calling Optimizer Agent to refine instructions...
2026-06-14 21:05:26 Starting validation run on 45 queries...
2026-06-14 21:05:26   [1/45] Processing Query Q01...
2026-06-14 21:05:51     Query Q01 Score: 1.00
2026-06-14 21:05:51   [2/45] Processing Query Q02...
2026-06-14 21:06:17     Query Q02 Score: 0.95
2026-06-14 21:06:17   [3/45] Processing Query Q03...
2026-06-14 21:06:43     Query Q03 Score: 1.00
2026-06-14 21:06:43   [4/45] Processing Query Q04...
2026-06-14 21:07:10     Query Q04 Score: 0.85
2026-06-14 21:07:10   [5/45] Processing Query Q05...
2026-06-14 21:07:36     Query Q05 Score: 0.30
2026-06-14 21:07:36   [6/45] Processing Query Q06...
2026-06-14 21:08:02     Query Q06 Score: 1.00
2026-06-14 21:08:02   [7/45] Processing Query Q07...
2026-06-14 21:08:28     Query Q07 Score: 1.00
2026-06-14 21:08:28   [8/45] Processing Query Q08...
2026-06-14 21:08:54     Query Q08 Score: 1.00
2026-06-14 21:08:54   [9/45] Processing Query Q09...
2026-06-14 21:09:33     Query Q09 Score: 0.50
2026-06-14 21:09:33   [10/45] Processing Query Q10...
2026-06-14 21:10:00     Query Q10 Score: 0.40
2026-06-14 21:10:00   [11/45] Processing Query Q11...
2026-06-14 21:10:28     Query Q11 Score: 0.50
2026-06-14 21:10:28   [12/45] Processing Query Q12...
2026-06-14 21:10:52     Query Q12 Score: 0.75
2026-06-14 21:10:52   [13/45] Processing Query Q13...
2026-06-14 21:11:17     Query Q13 Score: 0.50
2026-06-14 21:11:17   [14/45] Processing Query Q14...
2026-06-14 21:11:41     Query Q14 Score: 1.00
2026-06-14 21:11:41   [15/45] Processing Query Q15...
2026-06-14 21:12:07     Query Q15 Score: 0.95
2026-06-14 21:12:07   [16/45] Processing Query Q16...
2026-06-14 21:12:32     Query Q16 Score: 0.50
2026-06-14 21:12:32   [17/45] Processing Query Q17...
2026-06-14 21:12:57     Query Q17 Score: 1.00
2026-06-14 21:12:57   [18/45] Processing Query Q18...
2026-06-14 21:13:22     Query Q18 Score: 1.00
2026-06-14 21:13:22   [19/45] Processing Query Q19...
2026-06-14 21:13:50     Query Q19 Score: 0.50
2026-06-14 21:13:50   [20/45] Processing Query Q20...
2026-06-14 21:14:15     Query Q20 Score: 0.90
2026-06-14 21:14:15   [21/45] Processing Query Q21...
2026-06-14 21:14:47     Query Q21 Score: 0.95
2026-06-14 21:14:47   [22/45] Processing Query Q22...
2026-06-14 21:15:10     Query Q22 Score: 1.00
2026-06-14 21:15:10   [23/45] Processing Query Q23...
2026-06-14 21:15:49     Query Q23 Score: 0.30
2026-06-14 21:15:49   [24/45] Processing Query Q24...
2026-06-14 21:16:13     Query Q24 Score: 1.00
2026-06-14 21:16:13   [25/45] Processing Query Q25...
2026-06-14 21:16:37     Query Q25 Score: 1.00
2026-06-14 21:16:37   [26/45] Processing Query Q26...
2026-06-14 21:17:00     Query Q26 Score: 1.00
2026-06-14 21:17:00   [27/45] Processing Query Q27...
2026-06-14 21:17:24     Query Q27 Score: 0.95
2026-06-14 21:17:24   [28/45] Processing Query Q28...
2026-06-14 21:17:48     Query Q28 Score: 1.00
2026-06-14 21:17:48   [29/45] Processing Query Q29...
2026-06-14 21:18:14     Query Q29 Score: 1.00
2026-06-14 21:18:14   [30/45] Processing Query Q30...
2026-06-14 21:18:40     Query Q30 Score: 0.95
2026-06-14 21:18:40   [31/45] Processing Query Q31...
2026-06-14 21:19:05     Query Q31 Score: 1.00
2026-06-14 21:19:05   [32/45] Processing Query Q32...
2026-06-14 21:19:31     Query Q32 Score: 0.75
2026-06-14 21:19:31   [33/45] Processing Query Q33...
2026-06-14 21:19:57     Query Q33 Score: 1.00
2026-06-14 21:19:57   [34/45] Processing Query Q34...
2026-06-14 21:20:23     Query Q34 Score: 0.50
2026-06-14 21:20:23   [35/45] Processing Query Q35...
2026-06-14 21:20:47     Query Q35 Score: 1.00
2026-06-14 21:20:47   [36/45] Processing Query Q36...
2026-06-14 21:21:12     Query Q36 Score: 1.00
2026-06-14 21:21:12   [37/45] Processing Query Q37...
2026-06-14 21:21:37     Query Q37 Score: 0.95
2026-06-14 21:21:37   [38/45] Processing Query Q38...
2026-06-14 21:22:01     Query Q38 Score: 0.50
2026-06-14 21:22:01   [39/45] Processing Query Q39...
2026-06-14 21:22:26     Query Q39 Score: 1.00
2026-06-14 21:22:26   [40/45] Processing Query Q40...
2026-06-14 21:22:51     Query Q40 Score: 0.95
2026-06-14 21:22:51   [41/45] Processing Query Q41...
2026-06-14 21:23:17     Query Q41 Score: 1.00
2026-06-14 21:23:17   [42/45] Processing Query Q42...
2026-06-14 21:23:41     Query Q42 Score: 1.00
2026-06-14 21:23:41   [43/45] Processing Query Q43...
2026-06-14 21:24:06     Query Q43 Score: 1.00
2026-06-14 21:24:06   [44/45] Processing Query Q48...
2026-06-14 21:24:33     Query Q48 Score: 0.75
2026-06-14 21:24:33   [45/45] Processing Query Q49...
2026-06-14 21:25:05     Query Q49 Score: 0.75
2026-06-14 21:25:05 Saved validation results to D:\TFM\Model Evaluation\autoresearch\archive\run_20260612_132729\outputs\validation_results_iter22_20260614_212505.csv
2026-06-14 21:25:05 Validation run completed. Overall Mean Score: 0.8422
2026-06-14 21:25:05 Candidate Score: 0.8422 (Delta: -0.0200)
2026-06-14 21:25:05 >>> FAILURE: Score did not improve. Discarding changes.
2026-06-14 21:25:05 Iteration #22 logged successfully to experiments.json.
2026-06-14 21:25:05 
2026-06-14 21:25:05 =========================================
2026-06-14 21:25:05 STARTING ITERATION #23
2026-06-14 21:25:05 =========================================
2026-06-14 21:25:05 Current Champion Score: 0.8622
2026-06-14 21:25:05 Failing queries to fix: 20
2026-06-14 21:25:05 Calling Optimizer Agent to refine instructions...
2026-06-14 21:26:09 Starting validation run on 45 queries...
2026-06-14 21:26:09   [1/45] Processing Query Q01...
2026-06-14 21:26:33     Query Q01 Score: 1.00
2026-06-14 21:26:33   [2/45] Processing Query Q02...
2026-06-14 21:27:00     Query Q02 Score: 0.75
2026-06-14 21:27:00   [3/45] Processing Query Q03...
2026-06-14 21:27:26     Query Q03 Score: 1.00
2026-06-14 21:27:26   [4/45] Processing Query Q04...
2026-06-14 21:27:53     Query Q04 Score: 0.50
2026-06-14 21:27:53   [5/45] Processing Query Q05...
2026-06-14 21:28:19     Query Q05 Score: 0.40
2026-06-14 21:28:19   [6/45] Processing Query Q06...
2026-06-14 21:28:44     Query Q06 Score: 0.50
2026-06-14 21:28:44   [7/45] Processing Query Q07...
2026-06-14 21:29:08     Query Q07 Score: 1.00
2026-06-14 21:29:08   [8/45] Processing Query Q08...
2026-06-14 21:29:36     Query Q08 Score: 1.00
2026-06-14 21:29:36   [9/45] Processing Query Q09...
2026-06-14 21:30:03     Query Q09 Score: 0.50
2026-06-14 21:30:03   [10/45] Processing Query Q10...
2026-06-14 21:30:31     Query Q10 Score: 0.50
2026-06-14 21:30:31   [11/45] Processing Query Q11...
2026-06-14 21:30:59     Query Q11 Score: 0.40
2026-06-14 21:30:59   [12/45] Processing Query Q12...
2026-06-14 21:31:23     Query Q12 Score: 0.75
2026-06-14 21:31:23   [13/45] Processing Query Q13...
2026-06-14 21:31:49     Query Q13 Score: 0.50
2026-06-14 21:31:49   [14/45] Processing Query Q14...
2026-06-14 21:32:13     Query Q14 Score: 0.30
2026-06-14 21:32:13   [15/45] Processing Query Q15...
2026-06-14 21:32:41     Query Q15 Score: 0.40
2026-06-14 21:32:41   [16/45] Processing Query Q16...
2026-06-14 21:33:08     Query Q16 Score: 0.95
2026-06-14 21:33:08   [17/45] Processing Query Q17...
2026-06-14 21:33:32     Query Q17 Score: 1.00
2026-06-14 21:33:32   [18/45] Processing Query Q18...
2026-06-14 21:33:57     Query Q18 Score: 1.00
2026-06-14 21:33:57   [19/45] Processing Query Q19...
2026-06-14 21:34:38     Query Q19 Score: 0.60
2026-06-14 21:34:38   [20/45] Processing Query Q20...
2026-06-14 21:35:03     Query Q20 Score: 0.95
2026-06-14 21:35:03   [21/45] Processing Query Q21...
2026-06-14 21:35:36     Query Q21 Score: 1.00
2026-06-14 21:35:36   [22/45] Processing Query Q22...
2026-06-14 21:35:59     Query Q22 Score: 1.00
2026-06-14 21:35:59   [23/45] Processing Query Q23...
2026-06-14 21:36:34     Query Q23 Score: 0.85
2026-06-14 21:36:34   [24/45] Processing Query Q24...
2026-06-14 21:36:58     Query Q24 Score: 0.60
2026-06-14 21:36:58   [25/45] Processing Query Q25...
2026-06-14 21:37:22     Query Q25 Score: 1.00
2026-06-14 21:37:22   [26/45] Processing Query Q26...
2026-06-14 21:37:44     Query Q26 Score: 1.00
2026-06-14 21:37:44   [27/45] Processing Query Q27...
2026-06-14 21:38:22     Query Q27 Score: 0.75
2026-06-14 21:38:22   [28/45] Processing Query Q28...
2026-06-14 21:38:46     Query Q28 Score: 1.00
2026-06-14 21:38:46   [29/45] Processing Query Q29...
2026-06-14 21:39:10     Query Q29 Score: 1.00
2026-06-14 21:39:10   [30/45] Processing Query Q30...
2026-06-14 21:39:35     Query Q30 Score: 1.00
2026-06-14 21:39:35   [31/45] Processing Query Q31...
2026-06-14 21:39:59     Query Q31 Score: 1.00
2026-06-14 21:39:59   [32/45] Processing Query Q32...
2026-06-14 21:40:24     Query Q32 Score: 0.60
2026-06-14 21:40:24   [33/45] Processing Query Q33...
2026-06-14 21:40:51     Query Q33 Score: 0.50
2026-06-14 21:40:51   [34/45] Processing Query Q34...
2026-06-14 21:41:15     Query Q34 Score: 0.50
2026-06-14 21:41:15   [35/45] Processing Query Q35...
2026-06-14 21:41:38     Query Q35 Score: 1.00
2026-06-14 21:41:38   [36/45] Processing Query Q36...
2026-06-14 21:42:03     Query Q36 Score: 1.00
2026-06-14 21:42:03   [37/45] Processing Query Q37...
2026-06-14 21:42:28     Query Q37 Score: 0.95
2026-06-14 21:42:28   [38/45] Processing Query Q38...
2026-06-14 21:42:53     Query Q38 Score: 0.50
2026-06-14 21:42:53   [39/45] Processing Query Q39...
2026-06-14 21:43:17     Query Q39 Score: 1.00
2026-06-14 21:43:17   [40/45] Processing Query Q40...
2026-06-14 21:43:42     Query Q40 Score: 0.95
2026-06-14 21:43:42   [41/45] Processing Query Q41...
2026-06-14 21:44:07     Query Q41 Score: 1.00
2026-06-14 21:44:07   [42/45] Processing Query Q42...
2026-06-14 21:44:30     Query Q42 Score: 1.00
2026-06-14 21:44:30   [43/45] Processing Query Q43...
2026-06-14 21:44:56     Query Q43 Score: 0.85
2026-06-14 21:44:56   [44/45] Processing Query Q48...
2026-06-14 21:45:23     Query Q48 Score: 0.65
2026-06-14 21:45:23   [45/45] Processing Query Q49...
2026-06-14 21:45:50     Query Q49 Score: 0.85
2026-06-14 21:45:50 Saved validation results to D:\TFM\Model Evaluation\autoresearch\archive\run_20260612_132729\outputs\validation_results_iter23_20260614_214550.csv
2026-06-14 21:45:50 Validation run completed. Overall Mean Score: 0.7900
2026-06-14 21:45:50 Candidate Score: 0.7900 (Delta: -0.0722)
2026-06-14 21:45:50 >>> FAILURE: Score did not improve. Discarding changes.
2026-06-14 21:45:50 Iteration #23 logged successfully to experiments.json.
2026-06-14 21:45:50 
2026-06-14 21:45:50 =========================================
2026-06-14 21:45:50 STARTING ITERATION #24
2026-06-14 21:45:50 =========================================
2026-06-14 21:45:50 Current Champion Score: 0.8622
2026-06-14 21:45:50 Failing queries to fix: 20
2026-06-14 21:45:50 Calling Optimizer Agent to refine instructions...
2026-06-14 21:46:58 Starting validation run on 45 queries...
2026-06-14 21:46:58   [1/45] Processing Query Q01...
2026-06-14 21:47:22     Query Q01 Score: 1.00
2026-06-14 21:47:22   [2/45] Processing Query Q02...
2026-06-14 21:47:48     Query Q02 Score: 0.75
2026-06-14 21:47:48   [3/45] Processing Query Q03...
2026-06-14 21:48:14     Query Q03 Score: 1.00
2026-06-14 21:48:14   [4/45] Processing Query Q04...
2026-06-14 21:48:41     Query Q04 Score: 0.50
2026-06-14 21:48:41   [5/45] Processing Query Q05...
2026-06-14 21:49:07     Query Q05 Score: 0.30
2026-06-14 21:49:07   [6/45] Processing Query Q06...
2026-06-14 21:49:32     Query Q06 Score: 1.00
2026-06-14 21:49:32   [7/45] Processing Query Q07...
2026-06-14 21:49:56     Query Q07 Score: 1.00
2026-06-14 21:49:56   [8/45] Processing Query Q08...
2026-06-14 21:50:21     Query Q08 Score: 1.00
2026-06-14 21:50:21   [9/45] Processing Query Q09...
2026-06-14 21:50:57     Query Q09 Score: 0.50
2026-06-14 21:50:57   [10/45] Processing Query Q10...
2026-06-14 21:51:23     Query Q10 Score: 0.40
2026-06-14 21:51:23   [11/45] Processing Query Q11...
2026-06-14 21:51:54     Query Q11 Score: 0.30
2026-06-14 21:51:54   [12/45] Processing Query Q12...
2026-06-14 21:52:18     Query Q12 Score: 0.75
2026-06-14 21:52:18   [13/45] Processing Query Q13...
2026-06-14 21:52:43     Query Q13 Score: 0.50
2026-06-14 21:52:43   [14/45] Processing Query Q14...
2026-06-14 21:53:10     Query Q14 Score: 1.00
2026-06-14 21:53:10   [15/45] Processing Query Q15...
2026-06-14 21:53:58     Query Q15 Score: 0.75
2026-06-14 21:53:58   [16/45] Processing Query Q16...
2026-06-14 21:54:23     Query Q16 Score: 0.50
2026-06-14 21:54:23   [17/45] Processing Query Q17...
2026-06-14 21:54:48     Query Q17 Score: 1.00
2026-06-14 21:54:48   [18/45] Processing Query Q18...
2026-06-14 21:55:13     Query Q18 Score: 1.00
2026-06-14 21:55:13   [19/45] Processing Query Q19...
2026-06-14 21:56:06     Query Q19 Score: 0.30
2026-06-14 21:56:06   [20/45] Processing Query Q20...
2026-06-14 21:56:31     Query Q20 Score: 0.95
2026-06-14 21:56:31   [21/45] Processing Query Q21...
2026-06-14 21:56:55     Query Q21 Score: 1.00
2026-06-14 21:56:55   [22/45] Processing Query Q22...
2026-06-14 21:57:20     Query Q22 Score: 1.00
2026-06-14 21:57:20   [23/45] Processing Query Q23...
2026-06-14 21:57:51     Query Q23 Score: 0.90
2026-06-14 21:57:51   [24/45] Processing Query Q24...
2026-06-14 21:58:14     Query Q24 Score: 1.00
2026-06-14 21:58:14   [25/45] Processing Query Q25...
2026-06-14 21:58:38     Query Q25 Score: 1.00
2026-06-14 21:58:38   [26/45] Processing Query Q26...
2026-06-14 21:59:02     Query Q26 Score: 1.00
2026-06-14 21:59:02   [27/45] Processing Query Q27...
2026-06-14 21:59:25     Query Q27 Score: 1.00
2026-06-14 21:59:25   [28/45] Processing Query Q28...
2026-06-14 21:59:50     Query Q28 Score: 1.00
2026-06-14 21:59:50   [29/45] Processing Query Q29...
2026-06-14 22:00:15     Query Q29 Score: 1.00
2026-06-14 22:00:15   [30/45] Processing Query Q30...
2026-06-14 22:00:40     Query Q30 Score: 1.00
2026-06-14 22:00:40   [31/45] Processing Query Q31...
2026-06-14 22:01:07     Query Q31 Score: 1.00
2026-06-14 22:01:07   [32/45] Processing Query Q32...
2026-06-14 22:01:39     Query Q32 Score: 0.75
2026-06-14 22:01:39   [33/45] Processing Query Q33...
2026-06-14 22:02:13     Query Q33 Score: 0.85
2026-06-14 22:02:13   [34/45] Processing Query Q34...
2026-06-14 22:02:39     Query Q34 Score: 0.95
2026-06-14 22:02:39   [35/45] Processing Query Q35...
2026-06-14 22:03:03     Query Q35 Score: 1.00
2026-06-14 22:03:03   [36/45] Processing Query Q36...
2026-06-14 22:03:29     Query Q36 Score: 1.00
2026-06-14 22:03:29   [37/45] Processing Query Q37...
2026-06-14 22:03:55     Query Q37 Score: 0.95
2026-06-14 22:03:55   [38/45] Processing Query Q38...
2026-06-14 22:04:24     Query Q38 Score: 0.50
2026-06-14 22:04:24   [39/45] Processing Query Q39...
2026-06-14 22:04:50     Query Q39 Score: 1.00
2026-06-14 22:04:50   [40/45] Processing Query Q40...
2026-06-14 22:05:16     Query Q40 Score: 0.95
2026-06-14 22:05:16   [41/45] Processing Query Q41...
2026-06-14 22:05:42     Query Q41 Score: 1.00
2026-06-14 22:05:42   [42/45] Processing Query Q42...
2026-06-14 22:06:06     Query Q42 Score: 1.00
2026-06-14 22:06:06   [43/45] Processing Query Q43...
2026-06-14 22:06:32     Query Q43 Score: 1.00
2026-06-14 22:06:32   [44/45] Processing Query Q48...
2026-06-14 22:07:01     Query Q48 Score: 0.40
2026-06-14 22:07:01   [45/45] Processing Query Q49...
2026-06-14 22:07:35     Query Q49 Score: 0.90
2026-06-14 22:07:35 Saved validation results to D:\TFM\Model Evaluation\autoresearch\archive\run_20260612_132729\outputs\validation_results_iter24_20260614_220735.csv
2026-06-14 22:07:35 Validation run completed. Overall Mean Score: 0.8367
2026-06-14 22:07:35 Candidate Score: 0.8367 (Delta: -0.0256)
2026-06-14 22:07:35 >>> FAILURE: Score did not improve. Discarding changes.
2026-06-14 22:07:35 Iteration #24 logged successfully to experiments.json.
2026-06-14 22:07:35 
2026-06-14 22:07:35 =========================================
2026-06-14 22:07:35 STARTING ITERATION #25
2026-06-14 22:07:35 =========================================
2026-06-14 22:07:35 Current Champion Score: 0.8622
2026-06-14 22:07:35 Failing queries to fix: 20
2026-06-14 22:07:35 Calling Optimizer Agent to refine instructions...
2026-06-14 22:08:43 Starting validation run on 45 queries...
2026-06-14 22:08:43   [1/45] Processing Query Q01...
2026-06-14 22:09:09     Query Q01 Score: 1.00
2026-06-14 22:09:09   [2/45] Processing Query Q02...
2026-06-14 22:09:37     Query Q02 Score: 0.40
2026-06-14 22:09:37   [3/45] Processing Query Q03...
2026-06-14 22:10:04     Query Q03 Score: 1.00
2026-06-14 22:10:04   [4/45] Processing Query Q04...
2026-06-14 22:10:33     Query Q04 Score: 0.90
2026-06-14 22:10:33   [5/45] Processing Query Q05...
2026-06-14 22:11:01     Query Q05 Score: 0.50
2026-06-14 22:11:01   [6/45] Processing Query Q06...
2026-06-14 22:11:26     Query Q06 Score: 1.00
2026-06-14 22:11:26   [7/45] Processing Query Q07...
2026-06-14 22:11:53     Query Q07 Score: 1.00
2026-06-14 22:11:53   [8/45] Processing Query Q08...
2026-06-14 22:12:19     Query Q08 Score: 1.00
2026-06-14 22:12:19   [9/45] Processing Query Q09...
2026-06-14 22:12:53     Query Q09 Score: 0.40
2026-06-14 22:12:53   [10/45] Processing Query Q10...
2026-06-14 22:13:29     Query Q10 Score: 0.95
2026-06-14 22:13:29   [11/45] Processing Query Q11...
2026-06-14 22:14:00     Query Q11 Score: 0.50
2026-06-14 22:14:00   [12/45] Processing Query Q12...
2026-06-14 22:14:25     Query Q12 Score: 1.00
2026-06-14 22:14:25   [13/45] Processing Query Q13...
2026-06-14 22:14:52     Query Q13 Score: 0.40
2026-06-14 22:14:52   [14/45] Processing Query Q14...
2026-06-14 22:15:19     Query Q14 Score: 0.30
2026-06-14 22:15:19   [15/45] Processing Query Q15...
2026-06-14 22:15:46     Query Q15 Score: 0.40
2026-06-14 22:15:46   [16/45] Processing Query Q16...
2026-06-14 22:16:12     Query Q16 Score: 0.50
2026-06-14 22:16:12   [17/45] Processing Query Q17...
2026-06-14 22:16:50     Query Q17 Score: 1.00
2026-06-14 22:16:50   [18/45] Processing Query Q18...
2026-06-14 22:17:17     Query Q18 Score: 1.00
2026-06-14 22:17:17   [19/45] Processing Query Q19...
2026-06-14 22:18:04     Query Q19 Score: 0.30
2026-06-14 22:18:04   [20/45] Processing Query Q20...
2026-06-14 22:18:29     Query Q20 Score: 0.95
2026-06-14 22:18:29   [21/45] Processing Query Q21...
2026-06-14 22:19:07     Query Q21 Score: 1.00
2026-06-14 22:19:07   [22/45] Processing Query Q22...
2026-06-14 22:19:33     Query Q22 Score: 1.00
2026-06-14 22:19:33   [23/45] Processing Query Q23...
2026-06-14 22:20:14     Query Q23 Score: 0.40
2026-06-14 22:20:14   [24/45] Processing Query Q24...
2026-06-14 22:20:43     Query Q24 Score: 0.95
2026-06-14 22:20:43   [25/45] Processing Query Q25...
2026-06-14 22:21:10     Query Q25 Score: 1.00
2026-06-14 22:21:10   [26/45] Processing Query Q26...
2026-06-14 22:21:35     Query Q26 Score: 1.00
2026-06-14 22:21:35   [27/45] Processing Query Q27...
2026-06-14 22:22:03     Query Q27 Score: 0.85
2026-06-14 22:22:03   [28/45] Processing Query Q28...
2026-06-14 22:22:28     Query Q28 Score: 1.00
2026-06-14 22:22:28   [29/45] Processing Query Q29...
2026-06-14 22:22:53     Query Q29 Score: 0.60
2026-06-14 22:22:53   [30/45] Processing Query Q30...
2026-06-14 22:23:20     Query Q30 Score: 0.95
2026-06-14 22:23:20   [31/45] Processing Query Q31...
2026-06-14 22:23:45     Query Q31 Score: 1.00
2026-06-14 22:23:45   [32/45] Processing Query Q32...
2026-06-14 22:24:12     Query Q32 Score: 0.75
2026-06-14 22:24:12   [33/45] Processing Query Q33...
2026-06-14 22:24:43     Query Q33 Score: 0.75
2026-06-14 22:24:43   [34/45] Processing Query Q34...
2026-06-14 22:25:08     Query Q34 Score: 0.50
2026-06-14 22:25:08   [35/45] Processing Query Q35...
2026-06-14 22:25:32     Query Q35 Score: 1.00
2026-06-14 22:25:32   [36/45] Processing Query Q36...
2026-06-14 22:25:58     Query Q36 Score: 1.00
2026-06-14 22:25:58   [37/45] Processing Query Q37...
2026-06-14 22:26:24     Query Q37 Score: 0.95
2026-06-14 22:26:24   [38/45] Processing Query Q38...
2026-06-14 22:26:49     Query Q38 Score: 0.60
2026-06-14 22:26:49   [39/45] Processing Query Q39...
2026-06-14 22:27:17     Query Q39 Score: 1.00
2026-06-14 22:27:17   [40/45] Processing Query Q40...
2026-06-14 22:27:43     Query Q40 Score: 0.95
2026-06-14 22:27:43   [41/45] Processing Query Q41...
2026-06-14 22:28:09     Query Q41 Score: 1.00
2026-06-14 22:28:09   [42/45] Processing Query Q42...
2026-06-14 22:28:38     Query Q42 Score: 1.00
2026-06-14 22:28:38   [43/45] Processing Query Q43...
2026-06-14 22:29:03     Query Q43 Score: 1.00
2026-06-14 22:29:03   [44/45] Processing Query Q48...
2026-06-14 22:29:30     Query Q48 Score: 1.00
2026-06-14 22:29:30   [45/45] Processing Query Q49...
2026-06-14 22:30:03     Query Q49 Score: 0.90
2026-06-14 22:30:03 Saved validation results to D:\TFM\Model Evaluation\autoresearch\archive\run_20260612_132729\outputs\validation_results_iter25_20260614_223003.csv
2026-06-14 22:30:03 Validation run completed. Overall Mean Score: 0.8144
2026-06-14 22:30:03 Candidate Score: 0.8144 (Delta: -0.0478)
2026-06-14 22:30:03 >>> FAILURE: Score did not improve. Discarding changes.
2026-06-14 22:30:03 Iteration #25 logged successfully to experiments.json.
2026-06-14 22:30:03 
2026-06-14 22:30:03 =========================================
2026-06-14 22:30:03 STARTING ITERATION #26
2026-06-14 22:30:03 =========================================
2026-06-14 22:30:03 Current Champion Score: 0.8622
2026-06-14 22:30:03 Failing queries to fix: 20
2026-06-14 22:30:03 Calling Optimizer Agent to refine instructions...
2026-06-14 22:31:10 Starting validation run on 45 queries...
2026-06-14 22:31:10   [1/45] Processing Query Q01...
2026-06-14 22:31:34     Query Q01 Score: 1.00
2026-06-14 22:31:34   [2/45] Processing Query Q02...
2026-06-14 22:32:01     Query Q02 Score: 1.00
2026-06-14 22:32:01   [3/45] Processing Query Q03...
2026-06-14 22:32:28     Query Q03 Score: 1.00
2026-06-14 22:32:28   [4/45] Processing Query Q04...
2026-06-14 22:32:57     Query Q04 Score: 0.50
2026-06-14 22:32:57   [5/45] Processing Query Q05...
2026-06-14 22:33:32     Query Q05 Score: 0.40
2026-06-14 22:33:32   [6/45] Processing Query Q06...
2026-06-14 22:34:03     Query Q06 Score: 1.00
2026-06-14 22:34:03   [7/45] Processing Query Q07...
2026-06-14 22:34:30     Query Q07 Score: 1.00
2026-06-14 22:34:30   [8/45] Processing Query Q08...
2026-06-14 22:35:05     Query Q08 Score: 0.50
2026-06-14 22:35:05   [9/45] Processing Query Q09...
2026-06-14 22:35:35     Query Q09 Score: 0.50
2026-06-14 22:35:35   [10/45] Processing Query Q10...
2026-06-14 22:36:05     Query Q10 Score: 0.50
2026-06-14 22:36:05   [11/45] Processing Query Q11...
2026-06-14 22:36:34     Query Q11 Score: 0.40
2026-06-14 22:36:34   [12/45] Processing Query Q12...
2026-06-14 22:36:59     Query Q12 Score: 0.75
2026-06-14 22:36:59   [13/45] Processing Query Q13...
2026-06-14 22:37:28     Query Q13 Score: 0.50
2026-06-14 22:37:28   [14/45] Processing Query Q14...
2026-06-14 22:37:53     Query Q14 Score: 0.95
2026-06-14 22:37:53   [15/45] Processing Query Q15...
2026-06-14 22:38:30     Query Q15 Score: 0.60
2026-06-14 22:38:30   [16/45] Processing Query Q16...
2026-06-14 22:39:03     Query Q16 Score: 0.50
2026-06-14 22:39:03   [17/45] Processing Query Q17...
2026-06-14 22:39:34     Query Q17 Score: 1.00
2026-06-14 22:39:34   [18/45] Processing Query Q18...
2026-06-14 22:40:12     Query Q18 Score: 1.00
2026-06-14 22:40:12   [19/45] Processing Query Q19...
2026-06-14 22:41:12     Query Q19 Score: 0.30
2026-06-14 22:41:12   [20/45] Processing Query Q20...
2026-06-14 22:41:51     Query Q20 Score: 0.95
2026-06-14 22:41:51   [21/45] Processing Query Q21...
2026-06-14 22:42:31     Query Q21 Score: 0.95
2026-06-14 22:42:31   [22/45] Processing Query Q22...
2026-06-14 22:43:01     Query Q22 Score: 1.00
2026-06-14 22:43:01   [23/45] Processing Query Q23...
2026-06-14 22:43:51     Query Q23 Score: 0.50
2026-06-14 22:43:51   [24/45] Processing Query Q24...
2026-06-14 22:44:20     Query Q24 Score: 1.00
2026-06-14 22:44:20   [25/45] Processing Query Q25...
2026-06-14 22:44:48     Query Q25 Score: 1.00
2026-06-14 22:44:48   [26/45] Processing Query Q26...
2026-06-14 22:45:15     Query Q26 Score: 1.00
2026-06-14 22:45:15   [27/45] Processing Query Q27...
2026-06-14 22:45:48     Query Q27 Score: 0.95
2026-06-14 22:45:48   [28/45] Processing Query Q28...
2026-06-14 22:46:16     Query Q28 Score: 1.00
2026-06-14 22:46:16   [29/45] Processing Query Q29...
2026-06-14 22:46:44     Query Q29 Score: 1.00
2026-06-14 22:46:44   [30/45] Processing Query Q30...
2026-06-14 22:47:11     Query Q30 Score: 1.00
2026-06-14 22:47:11   [31/45] Processing Query Q31...
2026-06-14 22:47:37     Query Q31 Score: 1.00
2026-06-14 22:47:37   [32/45] Processing Query Q32...
2026-06-14 22:48:05     Query Q32 Score: 0.60
2026-06-14 22:48:05   [33/45] Processing Query Q33...
2026-06-14 22:48:42     Query Q33 Score: 0.40
2026-06-14 22:48:42   [34/45] Processing Query Q34...
2026-06-14 22:49:12     Query Q34 Score: 0.95
2026-06-14 22:49:12   [35/45] Processing Query Q35...
2026-06-14 22:49:38     Query Q35 Score: 1.00
2026-06-14 22:49:38   [36/45] Processing Query Q36...
2026-06-14 22:50:05     Query Q36 Score: 1.00
2026-06-14 22:50:05   [37/45] Processing Query Q37...
2026-06-14 22:50:32     Query Q37 Score: 0.95
2026-06-14 22:50:32   [38/45] Processing Query Q38...
2026-06-14 22:50:58     Query Q38 Score: 0.60
2026-06-14 22:50:58   [39/45] Processing Query Q39...
2026-06-14 22:51:25     Query Q39 Score: 1.00
2026-06-14 22:51:25   [40/45] Processing Query Q40...
2026-06-14 22:51:58     Query Q40 Score: 0.95
2026-06-14 22:51:58   [41/45] Processing Query Q41...
2026-06-14 22:52:31     Query Q41 Score: 1.00
2026-06-14 22:52:31   [42/45] Processing Query Q42...
2026-06-14 22:53:02     Query Q42 Score: 1.00
2026-06-14 22:53:02   [43/45] Processing Query Q43...
2026-06-14 22:53:29     Query Q43 Score: 1.00
2026-06-14 22:53:29   [44/45] Processing Query Q48...
2026-06-14 22:54:15     Query Q48 Score: 0.40
2026-06-14 22:54:15   [45/45] Processing Query Q49...
2026-06-14 22:55:10     Query Q49 Score: 0.50
2026-06-14 22:55:10 Saved validation results to D:\TFM\Model Evaluation\autoresearch\archive\run_20260612_132729\outputs\validation_results_iter26_20260614_225510.csv
2026-06-14 22:55:10 Validation run completed. Overall Mean Score: 0.8022
2026-06-14 22:55:10 Candidate Score: 0.8022 (Delta: -0.0600)
2026-06-14 22:55:10 >>> FAILURE: Score did not improve. Discarding changes.
2026-06-14 22:55:10 Iteration #26 logged successfully to experiments.json.
2026-06-14 22:55:10 
2026-06-14 22:55:10 =========================================
2026-06-14 22:55:10 STARTING ITERATION #27
2026-06-14 22:55:10 =========================================
2026-06-14 22:55:10 Current Champion Score: 0.8622
2026-06-14 22:55:10 Failing queries to fix: 20
2026-06-14 22:55:10 Calling Optimizer Agent to refine instructions...
2026-06-14 22:56:00 Starting validation run on 45 queries...
2026-06-14 22:56:00   [1/45] Processing Query Q01...
2026-06-14 22:56:26     Query Q01 Score: 1.00
2026-06-14 22:56:26   [2/45] Processing Query Q02...
2026-06-14 22:56:53     Query Q02 Score: 1.00
2026-06-14 22:56:53   [3/45] Processing Query Q03...
2026-06-14 22:57:20     Query Q03 Score: 0.50
2026-06-14 22:57:20   [4/45] Processing Query Q04...
2026-06-14 22:57:56     Query Q04 Score: 0.40
2026-06-14 22:57:56   [5/45] Processing Query Q05...
2026-06-14 22:58:29     Query Q05 Score: 0.50
2026-06-14 22:58:29   [6/45] Processing Query Q06...
2026-06-14 22:58:55     Query Q06 Score: 1.00
2026-06-14 22:58:55   [7/45] Processing Query Q07...
2026-06-14 22:59:20     Query Q07 Score: 1.00
2026-06-14 22:59:20   [8/45] Processing Query Q08...
2026-06-14 22:59:50     Query Q08 Score: 1.00
2026-06-14 22:59:50   [9/45] Processing Query Q09...
2026-06-14 23:00:23     Query Q09 Score: 0.40
2026-06-14 23:00:23   [10/45] Processing Query Q10...
2026-06-14 23:00:54     Query Q10 Score: 0.40
2026-06-14 23:00:54   [11/45] Processing Query Q11...
2026-06-14 23:01:24     Query Q11 Score: 0.60
2026-06-14 23:01:24   [12/45] Processing Query Q12...
2026-06-14 23:01:49     Query Q12 Score: 1.00
2026-06-14 23:01:49   [13/45] Processing Query Q13...
2026-06-14 23:02:26     Query Q13 Score: 0.50
2026-06-14 23:02:26   [14/45] Processing Query Q14...
2026-06-14 23:02:52     Query Q14 Score: 1.00
2026-06-14 23:02:52   [15/45] Processing Query Q15...
2026-06-14 23:03:20     Query Q15 Score: 0.40
2026-06-14 23:03:20   [16/45] Processing Query Q16...
2026-06-14 23:03:50     Query Q16 Score: 1.00
2026-06-14 23:03:50   [17/45] Processing Query Q17...
2026-06-14 23:04:17     Query Q17 Score: 1.00
2026-06-14 23:04:17   [18/45] Processing Query Q18...
2026-06-14 23:04:43     Query Q18 Score: 1.00
2026-06-14 23:04:43   [19/45] Processing Query Q19...
2026-06-14 23:05:11     Query Q19 Score: 0.70
2026-06-14 23:05:11   [20/45] Processing Query Q20...
2026-06-14 23:05:38     Query Q20 Score: 0.95
2026-06-14 23:05:38   [21/45] Processing Query Q21...
2026-06-14 23:06:32     Query Q21 Score: 0.60
2026-06-14 23:06:32   [22/45] Processing Query Q22...
2026-06-14 23:06:58     Query Q22 Score: 1.00
2026-06-14 23:06:58   [23/45] Processing Query Q23...
2026-06-14 23:07:39     Query Q23 Score: 0.40
2026-06-14 23:07:39   [24/45] Processing Query Q24...
2026-06-14 23:08:05     Query Q24 Score: 1.00
2026-06-14 23:08:05   [25/45] Processing Query Q25...
2026-06-14 23:08:31     Query Q25 Score: 1.00
2026-06-14 23:08:31   [26/45] Processing Query Q26...
2026-06-14 23:08:55     Query Q26 Score: 1.00
2026-06-14 23:08:55   [27/45] Processing Query Q27...
2026-06-14 23:09:20     Query Q27 Score: 0.95
2026-06-14 23:09:20   [28/45] Processing Query Q28...
2026-06-14 23:09:46     Query Q28 Score: 1.00
2026-06-14 23:09:46   [29/45] Processing Query Q29...
2026-06-14 23:10:11     Query Q29 Score: 1.00
2026-06-14 23:10:11   [30/45] Processing Query Q30...
2026-06-14 23:10:39     Query Q30 Score: 1.00
2026-06-14 23:10:39   [31/45] Processing Query Q31...
2026-06-14 23:11:05     Query Q31 Score: 1.00
2026-06-14 23:11:05   [32/45] Processing Query Q32...
2026-06-14 23:11:33     Query Q32 Score: 0.60
2026-06-14 23:11:33   [33/45] Processing Query Q33...
2026-06-14 23:12:01     Query Q33 Score: 0.95
2026-06-14 23:12:01   [34/45] Processing Query Q34...
2026-06-14 23:12:26     Query Q34 Score: 0.95
2026-06-14 23:12:26   [35/45] Processing Query Q35...
2026-06-14 23:12:51     Query Q35 Score: 1.00
2026-06-14 23:12:51   [36/45] Processing Query Q36...
2026-06-14 23:13:19     Query Q36 Score: 1.00
2026-06-14 23:13:19   [37/45] Processing Query Q37...
2026-06-14 23:13:47     Query Q37 Score: 0.95
2026-06-14 23:13:47   [38/45] Processing Query Q38...
2026-06-14 23:14:14     Query Q38 Score: 0.60
2026-06-14 23:14:14   [39/45] Processing Query Q39...
2026-06-14 23:14:40     Query Q39 Score: 1.00
2026-06-14 23:14:40   [40/45] Processing Query Q40...
2026-06-14 23:15:06     Query Q40 Score: 0.95
2026-06-14 23:15:06   [41/45] Processing Query Q41...
2026-06-14 23:15:33     Query Q41 Score: 1.00
2026-06-14 23:15:33   [42/45] Processing Query Q42...
2026-06-14 23:15:58     Query Q42 Score: 1.00
2026-06-14 23:15:58   [43/45] Processing Query Q43...
2026-06-14 23:16:23     Query Q43 Score: 1.00
2026-06-14 23:16:23   [44/45] Processing Query Q48...
2026-06-14 23:17:05     Query Q48 Score: 0.65
2026-06-14 23:17:05   [45/45] Processing Query Q49...
2026-06-14 23:17:34     Query Q49 Score: 0.40
2026-06-14 23:17:34 Saved validation results to D:\TFM\Model Evaluation\autoresearch\archive\run_20260612_132729\outputs\validation_results_iter27_20260614_231734.csv
2026-06-14 23:17:34 Validation run completed. Overall Mean Score: 0.8300
2026-06-14 23:17:34 Candidate Score: 0.8300 (Delta: -0.0322)
2026-06-14 23:17:34 >>> FAILURE: Score did not improve. Discarding changes.
2026-06-14 23:17:34 Iteration #27 logged successfully to experiments.json.
2026-06-14 23:17:34 
2026-06-14 23:17:34 =========================================
2026-06-14 23:17:34 STARTING ITERATION #28
2026-06-14 23:17:34 =========================================
2026-06-14 23:17:34 Current Champion Score: 0.8622
2026-06-14 23:17:34 Failing queries to fix: 20
2026-06-14 23:17:34 Calling Optimizer Agent to refine instructions...
2026-06-14 23:18:31 Starting validation run on 45 queries...
2026-06-14 23:18:31   [1/45] Processing Query Q01...
2026-06-14 23:18:56     Query Q01 Score: 1.00
2026-06-14 23:18:56   [2/45] Processing Query Q02...
2026-06-14 23:19:23     Query Q02 Score: 1.00
2026-06-14 23:19:23   [3/45] Processing Query Q03...
2026-06-14 23:19:50     Query Q03 Score: 1.00
2026-06-14 23:19:50   [4/45] Processing Query Q04...
2026-06-14 23:20:18     Query Q04 Score: 0.75
2026-06-14 23:20:18   [5/45] Processing Query Q05...
2026-06-14 23:20:44     Query Q05 Score: 0.60
2026-06-14 23:20:44   [6/45] Processing Query Q06...
2026-06-14 23:21:10     Query Q06 Score: 1.00
2026-06-14 23:21:10   [7/45] Processing Query Q07...
2026-06-14 23:21:36     Query Q07 Score: 1.00
2026-06-14 23:21:36   [8/45] Processing Query Q08...
2026-06-14 23:22:12     Query Q08 Score: 1.00
2026-06-14 23:22:12   [9/45] Processing Query Q09...
2026-06-14 23:22:45     Query Q09 Score: 0.50
2026-06-14 23:22:45   [10/45] Processing Query Q10...
2026-06-14 23:23:19     Query Q10 Score: 0.65
2026-06-14 23:23:19   [11/45] Processing Query Q11...
2026-06-14 23:23:52     Query Q11 Score: 0.50
2026-06-14 23:23:52   [12/45] Processing Query Q12...
2026-06-14 23:24:18     Query Q12 Score: 0.75
2026-06-14 23:24:18   [13/45] Processing Query Q13...
2026-06-14 23:24:46     Query Q13 Score: 0.40
2026-06-14 23:24:46   [14/45] Processing Query Q14...
2026-06-14 23:25:15     Query Q14 Score: 0.95
2026-06-14 23:25:15   [15/45] Processing Query Q15...
2026-06-14 23:25:46     Query Q15 Score: 0.40
2026-06-14 23:25:46   [16/45] Processing Query Q16...
2026-06-14 23:26:14     Query Q16 Score: 0.50
2026-06-14 23:26:14   [17/45] Processing Query Q17...
2026-06-14 23:26:40     Query Q17 Score: 1.00
2026-06-14 23:26:40   [18/45] Processing Query Q18...
2026-06-14 23:27:06     Query Q18 Score: 1.00
2026-06-14 23:27:06   [19/45] Processing Query Q19...
2026-06-14 23:27:51     Query Q19 Score: 0.50
2026-06-14 23:27:51   [20/45] Processing Query Q20...
2026-06-14 23:28:18     Query Q20 Score: 0.95
2026-06-14 23:28:18   [21/45] Processing Query Q21...
2026-06-14 23:28:51     Query Q21 Score: 0.95
2026-06-14 23:28:51   [22/45] Processing Query Q22...
2026-06-14 23:29:15     Query Q22 Score: 1.00
2026-06-14 23:29:15   [23/45] Processing Query Q23...
2026-06-14 23:30:11     Query Q23 Score: 0.20
2026-06-14 23:30:11   [24/45] Processing Query Q24...
2026-06-14 23:30:37     Query Q24 Score: 0.95
2026-06-14 23:30:37   [25/45] Processing Query Q25...
2026-06-14 23:31:02     Query Q25 Score: 1.00
2026-06-14 23:31:02   [26/45] Processing Query Q26...
2026-06-14 23:31:33     Query Q26 Score: 1.00
2026-06-14 23:31:33   [27/45] Processing Query Q27...
2026-06-14 23:31:58     Query Q27 Score: 0.95
2026-06-14 23:31:58   [28/45] Processing Query Q28...
2026-06-14 23:32:22     Query Q28 Score: 1.00
2026-06-14 23:32:22   [29/45] Processing Query Q29...
2026-06-14 23:32:48     Query Q29 Score: 1.00
2026-06-14 23:32:48   [30/45] Processing Query Q30...
2026-06-14 23:33:15     Query Q30 Score: 1.00
2026-06-14 23:33:15   [31/45] Processing Query Q31...
2026-06-14 23:33:48     Query Q31 Score: 1.00
2026-06-14 23:33:48   [32/45] Processing Query Q32...
2026-06-14 23:34:15     Query Q32 Score: 0.60
2026-06-14 23:34:15   [33/45] Processing Query Q33...
2026-06-14 23:34:44     Query Q33 Score: 0.95
2026-06-14 23:34:44   [34/45] Processing Query Q34...
2026-06-14 23:35:10     Query Q34 Score: 0.95
2026-06-14 23:35:10   [35/45] Processing Query Q35...
2026-06-14 23:35:35     Query Q35 Score: 1.00
2026-06-14 23:35:35   [36/45] Processing Query Q36...
2026-06-14 23:36:01     Query Q36 Score: 1.00
2026-06-14 23:36:01   [37/45] Processing Query Q37...
2026-06-14 23:36:26     Query Q37 Score: 1.00
2026-06-14 23:36:26   [38/45] Processing Query Q38...
2026-06-14 23:36:53     Query Q38 Score: 0.60
2026-06-14 23:36:53   [39/45] Processing Query Q39...
2026-06-14 23:37:19     Query Q39 Score: 1.00
2026-06-14 23:37:19   [40/45] Processing Query Q40...
2026-06-14 23:37:47     Query Q40 Score: 0.95
2026-06-14 23:37:47   [41/45] Processing Query Q41...
2026-06-14 23:38:14     Query Q41 Score: 1.00
2026-06-14 23:38:14   [42/45] Processing Query Q42...
2026-06-14 23:38:39     Query Q42 Score: 1.00
2026-06-14 23:38:39   [43/45] Processing Query Q43...
2026-06-14 23:39:03     Query Q43 Score: 1.00
2026-06-14 23:39:03   [44/45] Processing Query Q48...
2026-06-14 23:39:31     Query Q48 Score: 0.40
2026-06-14 23:39:31   [45/45] Processing Query Q49...
2026-06-14 23:40:08     Query Q49 Score: 0.95
2026-06-14 23:40:08 Saved validation results to D:\TFM\Model Evaluation\autoresearch\archive\run_20260612_132729\outputs\validation_results_iter28_20260614_234008.csv
2026-06-14 23:40:08 Validation run completed. Overall Mean Score: 0.8422
2026-06-14 23:40:08 Candidate Score: 0.8422 (Delta: -0.0200)
2026-06-14 23:40:08 >>> FAILURE: Score did not improve. Discarding changes.
2026-06-14 23:40:08 Iteration #28 logged successfully to experiments.json.
2026-06-14 23:40:08 
2026-06-14 23:40:08 =========================================
2026-06-14 23:40:08 STARTING ITERATION #29
2026-06-14 23:40:08 =========================================
2026-06-14 23:40:08 Current Champion Score: 0.8622
2026-06-14 23:40:08 Failing queries to fix: 20
2026-06-14 23:40:08 Calling Optimizer Agent to refine instructions...
2026-06-14 23:41:01 Starting validation run on 45 queries...
2026-06-14 23:41:01   [1/45] Processing Query Q01...
2026-06-14 23:41:27     Query Q01 Score: 1.00
2026-06-14 23:41:27   [2/45] Processing Query Q02...
2026-06-14 23:41:54     Query Q02 Score: 1.00
2026-06-14 23:41:54   [3/45] Processing Query Q03...
2026-06-14 23:42:22     Query Q03 Score: 1.00
2026-06-14 23:42:22   [4/45] Processing Query Q04...
2026-06-14 23:42:52     Query Q04 Score: 0.50
2026-06-14 23:42:52   [5/45] Processing Query Q05...
2026-06-14 23:43:19     Query Q05 Score: 0.40
2026-06-14 23:43:19   [6/45] Processing Query Q06...
2026-06-14 23:43:46     Query Q06 Score: 0.65
2026-06-14 23:43:46   [7/45] Processing Query Q07...
2026-06-14 23:44:14     Query Q07 Score: 1.00
2026-06-14 23:44:14   [8/45] Processing Query Q08...
2026-06-14 23:44:51     Query Q08 Score: 0.50
2026-06-14 23:44:51   [9/45] Processing Query Q09...
2026-06-14 23:45:21     Query Q09 Score: 0.50
2026-06-14 23:45:21   [10/45] Processing Query Q10...
2026-06-14 23:45:49     Query Q10 Score: 0.50
2026-06-14 23:45:49   [11/45] Processing Query Q11...
2026-06-14 23:46:16     Query Q11 Score: 0.50
2026-06-14 23:46:16   [12/45] Processing Query Q12...
2026-06-14 23:46:39     Query Q12 Score: 1.00
2026-06-14 23:46:39   [13/45] Processing Query Q13...
2026-06-14 23:47:04     Query Q13 Score: 0.50
2026-06-14 23:47:04   [14/45] Processing Query Q14...
2026-06-14 23:47:28     Query Q14 Score: 0.95
2026-06-14 23:47:28   [15/45] Processing Query Q15...
2026-06-14 23:47:55     Query Q15 Score: 0.90
2026-06-14 23:47:55   [16/45] Processing Query Q16...
2026-06-14 23:48:20     Query Q16 Score: 0.50
2026-06-14 23:48:20   [17/45] Processing Query Q17...
2026-06-14 23:48:44     Query Q17 Score: 1.00
2026-06-14 23:48:44   [18/45] Processing Query Q18...
2026-06-14 23:49:08     Query Q18 Score: 1.00
2026-06-14 23:49:08   [19/45] Processing Query Q19...
2026-06-14 23:49:47     Query Q19 Score: 0.85
2026-06-14 23:49:47   [20/45] Processing Query Q20...
2026-06-14 23:50:13     Query Q20 Score: 1.00
2026-06-14 23:50:13   [21/45] Processing Query Q21...
2026-06-14 23:50:49     Query Q21 Score: 1.00
2026-06-14 23:50:49   [22/45] Processing Query Q22...
2026-06-14 23:51:13     Query Q22 Score: 1.00
2026-06-14 23:51:13   [23/45] Processing Query Q23...
2026-06-14 23:51:56     Query Q23 Score: 0.40
2026-06-14 23:51:56   [24/45] Processing Query Q24...
2026-06-14 23:52:18     Query Q24 Score: 1.00
2026-06-14 23:52:18   [25/45] Processing Query Q25...
2026-06-14 23:52:42     Query Q25 Score: 0.95
2026-06-14 23:52:42   [26/45] Processing Query Q26...
2026-06-14 23:53:04     Query Q26 Score: 1.00
2026-06-14 23:53:04   [27/45] Processing Query Q27...
2026-06-14 23:53:44     Query Q27 Score: 0.40
2026-06-14 23:53:44   [28/45] Processing Query Q28...
2026-06-14 23:54:06     Query Q28 Score: 1.00
2026-06-14 23:54:06   [29/45] Processing Query Q29...
2026-06-14 23:54:30     Query Q29 Score: 1.00
2026-06-14 23:54:30   [30/45] Processing Query Q30...
2026-06-14 23:54:54     Query Q30 Score: 1.00
2026-06-14 23:54:54   [31/45] Processing Query Q31...
2026-06-14 23:55:17     Query Q31 Score: 1.00
2026-06-14 23:55:17   [32/45] Processing Query Q32...
2026-06-14 23:55:42     Query Q32 Score: 0.90
2026-06-14 23:55:42   [33/45] Processing Query Q33...
2026-06-14 23:56:08     Query Q33 Score: 0.75
2026-06-14 23:56:08   [34/45] Processing Query Q34...
2026-06-14 23:56:32     Query Q34 Score: 0.95
2026-06-14 23:56:32   [35/45] Processing Query Q35...
2026-06-14 23:56:56     Query Q35 Score: 1.00
2026-06-14 23:56:56   [36/45] Processing Query Q36...
2026-06-14 23:57:19     Query Q36 Score: 1.00
2026-06-14 23:57:19   [37/45] Processing Query Q37...
2026-06-14 23:57:43     Query Q37 Score: 1.00
2026-06-14 23:57:43   [38/45] Processing Query Q38...
2026-06-14 23:58:08     Query Q38 Score: 0.50
2026-06-14 23:58:08   [39/45] Processing Query Q39...
2026-06-14 23:58:32     Query Q39 Score: 1.00
2026-06-14 23:58:32   [40/45] Processing Query Q40...
2026-06-14 23:58:57     Query Q40 Score: 0.95
2026-06-14 23:58:57   [41/45] Processing Query Q41...
2026-06-14 23:59:22     Query Q41 Score: 1.00
2026-06-14 23:59:22   [42/45] Processing Query Q42...
2026-06-14 23:59:47     Query Q42 Score: 1.00
2026-06-14 23:59:47   [43/45] Processing Query Q43...
2026-06-15 00:00:12     Query Q43 Score: 1.00
2026-06-15 00:00:12   [44/45] Processing Query Q48...
2026-06-15 00:00:38     Query Q48 Score: 0.40
2026-06-15 00:00:38   [45/45] Processing Query Q49...
2026-06-15 00:01:06     Query Q49 Score: 0.40
2026-06-15 00:01:06 Saved validation results to D:\TFM\Model Evaluation\autoresearch\archive\run_20260612_132729\outputs\validation_results_iter29_20260615_000106.csv
2026-06-15 00:01:06 Validation run completed. Overall Mean Score: 0.8189
2026-06-15 00:01:06 Candidate Score: 0.8189 (Delta: -0.0433)
2026-06-15 00:01:06 >>> FAILURE: Score did not improve. Discarding changes.
2026-06-15 00:01:06 Iteration #29 logged successfully to experiments.json.
2026-06-15 00:01:06 
2026-06-15 00:01:06 =========================================
2026-06-15 00:01:06 STARTING ITERATION #30
2026-06-15 00:01:06 =========================================
2026-06-15 00:01:06 Current Champion Score: 0.8622
2026-06-15 00:01:06 Failing queries to fix: 20
2026-06-15 00:01:06 Calling Optimizer Agent to refine instructions...
2026-06-15 00:01:59 Starting validation run on 45 queries...
2026-06-15 00:01:59   [1/45] Processing Query Q01...
2026-06-15 00:02:25     Query Q01 Score: 1.00
2026-06-15 00:02:25   [2/45] Processing Query Q02...
2026-06-15 00:02:51     Query Q02 Score: 1.00
2026-06-15 00:02:51   [3/45] Processing Query Q03...
2026-06-15 00:03:17     Query Q03 Score: 1.00
2026-06-15 00:03:17   [4/45] Processing Query Q04...
2026-06-15 00:03:50     Query Q04 Score: 0.85
2026-06-15 00:03:50   [5/45] Processing Query Q05...
2026-06-15 00:04:15     Query Q05 Score: 0.50
2026-06-15 00:04:15   [6/45] Processing Query Q06...
2026-06-15 00:04:40     Query Q06 Score: 1.00
2026-06-15 00:04:40   [7/45] Processing Query Q07...
2026-06-15 00:05:05     Query Q07 Score: 1.00
2026-06-15 00:05:05   [8/45] Processing Query Q08...
2026-06-15 00:05:29     Query Q08 Score: 0.50
2026-06-15 00:05:29   [9/45] Processing Query Q09...
2026-06-15 00:06:02     Query Q09 Score: 0.40
2026-06-15 00:06:02   [10/45] Processing Query Q10...
2026-06-15 00:06:28     Query Q10 Score: 0.40
2026-06-15 00:06:28   [11/45] Processing Query Q11...
2026-06-15 00:06:56     Query Q11 Score: 0.50
2026-06-15 00:06:56   [12/45] Processing Query Q12...
2026-06-15 00:07:19     Query Q12 Score: 0.75
2026-06-15 00:07:19   [13/45] Processing Query Q13...
2026-06-15 00:07:44     Query Q13 Score: 0.40
2026-06-15 00:07:44   [14/45] Processing Query Q14...
2026-06-15 00:08:08     Query Q14 Score: 1.00
2026-06-15 00:08:08   [15/45] Processing Query Q15...
2026-06-15 00:08:36     Query Q15 Score: 0.70
2026-06-15 00:08:36   [16/45] Processing Query Q16...
2026-06-15 00:09:01     Query Q16 Score: 0.50
2026-06-15 00:09:01   [17/45] Processing Query Q17...
2026-06-15 00:09:26     Query Q17 Score: 1.00
2026-06-15 00:09:26   [18/45] Processing Query Q18...
2026-06-15 00:09:51     Query Q18 Score: 1.00
2026-06-15 00:09:51   [19/45] Processing Query Q19...
2026-06-15 00:10:45     Query Q19 Score: 0.40
2026-06-15 00:10:45   [20/45] Processing Query Q20...
2026-06-15 00:11:10     Query Q20 Score: 0.90
2026-06-15 00:11:10   [21/45] Processing Query Q21...
2026-06-15 00:11:47     Query Q21 Score: 1.00
2026-06-15 00:11:47   [22/45] Processing Query Q22...
2026-06-15 00:12:10     Query Q22 Score: 1.00
2026-06-15 00:12:10   [23/45] Processing Query Q23...
2026-06-15 00:12:44     Query Q23 Score: 0.50
2026-06-15 00:12:44   [24/45] Processing Query Q24...
2026-06-15 00:13:09     Query Q24 Score: 0.95
2026-06-15 00:13:09   [25/45] Processing Query Q25...
2026-06-15 00:13:33     Query Q25 Score: 1.00
2026-06-15 00:13:33   [26/45] Processing Query Q26...
2026-06-15 00:13:56     Query Q26 Score: 1.00
2026-06-15 00:13:56   [27/45] Processing Query Q27...
2026-06-15 00:14:21     Query Q27 Score: 0.95
2026-06-15 00:14:21   [28/45] Processing Query Q28...
2026-06-15 00:14:45     Query Q28 Score: 1.00
2026-06-15 00:14:45   [29/45] Processing Query Q29...
2026-06-15 00:15:11     Query Q29 Score: 1.00
2026-06-15 00:15:11   [30/45] Processing Query Q30...
2026-06-15 00:15:36     Query Q30 Score: 1.00
2026-06-15 00:15:36   [31/45] Processing Query Q31...
2026-06-15 00:16:00     Query Q31 Score: 1.00
2026-06-15 00:16:00   [32/45] Processing Query Q32...
2026-06-15 00:16:25     Query Q32 Score: 1.00
2026-06-15 00:16:25   [33/45] Processing Query Q33...
2026-06-15 00:17:12     Query Q33 Score: 0.40
2026-06-15 00:17:12   [34/45] Processing Query Q34...
2026-06-15 00:17:36     Query Q34 Score: 0.95
2026-06-15 00:17:36   [35/45] Processing Query Q35...
2026-06-15 00:18:00     Query Q35 Score: 1.00
2026-06-15 00:18:00   [36/45] Processing Query Q36...
2026-06-15 00:18:26     Query Q36 Score: 0.95
2026-06-15 00:18:26   [37/45] Processing Query Q37...
2026-06-15 00:18:51     Query Q37 Score: 0.95
2026-06-15 00:18:51   [38/45] Processing Query Q38...
2026-06-15 00:19:15     Query Q38 Score: 0.60
2026-06-15 00:19:15   [39/45] Processing Query Q39...
2026-06-15 00:19:38     Query Q39 Score: 1.00
2026-06-15 00:19:38   [40/45] Processing Query Q40...
2026-06-15 00:20:02     Query Q40 Score: 0.95
2026-06-15 00:20:02   [41/45] Processing Query Q41...
2026-06-15 00:20:27     Query Q41 Score: 1.00
2026-06-15 00:20:27   [42/45] Processing Query Q42...
2026-06-15 00:20:50     Query Q42 Score: 1.00
2026-06-15 00:20:50   [43/45] Processing Query Q43...
2026-06-15 00:21:14     Query Q43 Score: 1.00
2026-06-15 00:21:14   [44/45] Processing Query Q48...
2026-06-15 00:21:44     Query Q48 Score: 1.00
2026-06-15 00:21:44   [45/45] Processing Query Q49...
2026-06-15 00:22:40     Query Q49 Score: 0.40
2026-06-15 00:22:40 Saved validation results to D:\TFM\Model Evaluation\autoresearch\archive\run_20260612_132729\outputs\validation_results_iter30_20260615_002240.csv
2026-06-15 00:22:40 Validation run completed. Overall Mean Score: 0.8311
2026-06-15 00:22:40 Candidate Score: 0.8311 (Delta: -0.0311)
2026-06-15 00:22:40 >>> FAILURE: Score did not improve. Discarding changes.
2026-06-15 00:22:40 Iteration #30 logged successfully to experiments.json.
2026-06-15 00:22:40 
2026-06-15 00:22:40 =========================================
2026-06-15 00:22:40 STARTING ITERATION #31
2026-06-15 00:22:40 =========================================
2026-06-15 00:22:40 Current Champion Score: 0.8622
2026-06-15 00:22:40 Failing queries to fix: 20
2026-06-15 00:22:40 Calling Optimizer Agent to refine instructions...
2026-06-15 00:23:36 Starting validation run on 45 queries...
2026-06-15 00:23:36   [1/45] Processing Query Q01...
2026-06-15 00:24:00     Query Q01 Score: 1.00
2026-06-15 00:24:00   [2/45] Processing Query Q02...
2026-06-15 00:24:26     Query Q02 Score: 1.00
2026-06-15 00:24:26   [3/45] Processing Query Q03...
2026-06-15 00:24:51     Query Q03 Score: 1.00
2026-06-15 00:24:51   [4/45] Processing Query Q04...
2026-06-15 00:25:17     Query Q04 Score: 0.75
2026-06-15 00:25:17   [5/45] Processing Query Q05...
2026-06-15 00:25:41     Query Q05 Score: 0.50
2026-06-15 00:25:41   [6/45] Processing Query Q06...
2026-06-15 00:26:06     Query Q06 Score: 1.00
2026-06-15 00:26:06   [7/45] Processing Query Q07...
2026-06-15 00:26:31     Query Q07 Score: 1.00
2026-06-15 00:26:31   [8/45] Processing Query Q08...
2026-06-15 00:27:05     Query Q08 Score: 0.50
2026-06-15 00:27:05   [9/45] Processing Query Q09...
2026-06-15 00:27:33     Query Q09 Score: 0.50
2026-06-15 00:27:33   [10/45] Processing Query Q10...
2026-06-15 00:27:59     Query Q10 Score: 0.50
2026-06-15 00:27:59   [11/45] Processing Query Q11...
2026-06-15 00:28:25     Query Q11 Score: 0.50
2026-06-15 00:28:25   [12/45] Processing Query Q12...
2026-06-15 00:28:48     Query Q12 Score: 0.75
2026-06-15 00:28:48   [13/45] Processing Query Q13...
2026-06-15 00:29:15     Query Q13 Score: 0.50
2026-06-15 00:29:15   [14/45] Processing Query Q14...
2026-06-15 00:29:39     Query Q14 Score: 0.95
2026-06-15 00:29:39   [15/45] Processing Query Q15...
2026-06-15 00:30:06     Query Q15 Score: 0.90
2026-06-15 00:30:06   [16/45] Processing Query Q16...
2026-06-15 00:30:31     Query Q16 Score: 0.50
2026-06-15 00:30:31   [17/45] Processing Query Q17...
2026-06-15 00:30:55     Query Q17 Score: 1.00
2026-06-15 00:30:55   [18/45] Processing Query Q18...
2026-06-15 00:31:18     Query Q18 Score: 1.00
2026-06-15 00:31:18   [19/45] Processing Query Q19...
2026-06-15 00:32:01     Query Q19 Score: 0.85
2026-06-15 00:32:01   [20/45] Processing Query Q20...
2026-06-15 00:32:24     Query Q20 Score: 0.95
2026-06-15 00:32:24   [21/45] Processing Query Q21...
2026-06-15 00:33:05     Query Q21 Score: 0.85
2026-06-15 00:33:05   [22/45] Processing Query Q22...
2026-06-15 00:33:28     Query Q22 Score: 1.00
2026-06-15 00:33:28   [23/45] Processing Query Q23...
2026-06-15 00:34:20     Query Q23 Score: 0.40
2026-06-15 00:34:20   [24/45] Processing Query Q24...
2026-06-15 00:34:43     Query Q24 Score: 0.95
2026-06-15 00:34:43   [25/45] Processing Query Q25...
2026-06-15 00:35:07     Query Q25 Score: 1.00
2026-06-15 00:35:07   [26/45] Processing Query Q26...
2026-06-15 00:35:29     Query Q26 Score: 1.00
2026-06-15 00:35:29   [27/45] Processing Query Q27...
2026-06-15 00:35:53     Query Q27 Score: 0.95
2026-06-15 00:35:53   [28/45] Processing Query Q28...
2026-06-15 00:36:17     Query Q28 Score: 1.00
2026-06-15 00:36:17   [29/45] Processing Query Q29...
2026-06-15 00:36:42     Query Q29 Score: 1.00
2026-06-15 00:36:42   [30/45] Processing Query Q30...
2026-06-15 00:37:08     Query Q30 Score: 1.00
2026-06-15 00:37:08   [31/45] Processing Query Q31...
2026-06-15 00:37:33     Query Q31 Score: 1.00
2026-06-15 00:37:33   [32/45] Processing Query Q32...
2026-06-15 00:37:59     Query Q32 Score: 0.60
2026-06-15 00:37:59   [33/45] Processing Query Q33...
2026-06-15 00:38:44     Query Q33 Score: 0.40
2026-06-15 00:38:44   [34/45] Processing Query Q34...
2026-06-15 00:39:09     Query Q34 Score: 0.95
2026-06-15 00:39:09   [35/45] Processing Query Q35...
2026-06-15 00:39:32     Query Q35 Score: 1.00
2026-06-15 00:39:32   [36/45] Processing Query Q36...
2026-06-15 00:39:56     Query Q36 Score: 1.00
2026-06-15 00:39:56   [37/45] Processing Query Q37...
2026-06-15 00:40:20     Query Q37 Score: 1.00
2026-06-15 00:40:20   [38/45] Processing Query Q38...
2026-06-15 00:40:44     Query Q38 Score: 0.60
2026-06-15 00:40:44   [39/45] Processing Query Q39...
2026-06-15 00:41:07     Query Q39 Score: 1.00
2026-06-15 00:41:07   [40/45] Processing Query Q40...
2026-06-15 00:41:31     Query Q40 Score: 0.95
2026-06-15 00:41:31   [41/45] Processing Query Q41...
2026-06-15 00:41:55     Query Q41 Score: 1.00
2026-06-15 00:41:55   [42/45] Processing Query Q42...
2026-06-15 00:42:20     Query Q42 Score: 1.00
2026-06-15 00:42:20   [43/45] Processing Query Q43...
2026-06-15 00:42:46     Query Q43 Score: 0.85
2026-06-15 00:42:46   [44/45] Processing Query Q48...
2026-06-15 00:43:21     Query Q48 Score: 0.50
2026-06-15 00:43:21   [45/45] Processing Query Q49...
2026-06-15 00:43:48     Query Q49 Score: 0.40
2026-06-15 00:43:48 Saved validation results to D:\TFM\Model Evaluation\autoresearch\archive\run_20260612_132729\outputs\validation_results_iter31_20260615_004348.csv
2026-06-15 00:43:48 Validation run completed. Overall Mean Score: 0.8233
2026-06-15 00:43:48 Candidate Score: 0.8233 (Delta: -0.0389)
2026-06-15 00:43:48 >>> FAILURE: Score did not improve. Discarding changes.
2026-06-15 00:43:48 Iteration #31 logged successfully to experiments.json.
2026-06-15 00:43:48 Graceful stop flagged via 'D:\TFM\Model Evaluation\autoresearch\stop.txt' file. Exiting loop cleanly.
2026-06-15 00:43:48 
2026-06-15 00:43:48 Optimization process completed.
2026-06-15 00:43:48 Best prompt found at iteration #20 with Score: 0.8622
2026-06-15 08:35:56 Resuming optimization loop from iteration #32.
2026-06-15 08:35:56 Current champion established at iteration #20 with Score: 0.8622
2026-06-15 08:35:56 
2026-06-15 08:35:56 Entering optimization loop...
2026-06-15 08:35:56 
2026-06-15 08:35:56 =========================================
2026-06-15 08:35:56 STARTING ITERATION #32
2026-06-15 08:35:56 =========================================
2026-06-15 08:35:56 Current Champion Score: 0.8622
2026-06-15 08:35:56 Failing queries to fix: 20
2026-06-15 08:35:56 Calling Optimizer Agent to refine instructions...
2026-06-15 08:43:31 Starting validation run on 45 queries...
2026-06-15 08:43:31   [1/45] Processing Query Q01...
2026-06-15 08:44:15     Query Q01 Score: 1.00
2026-06-15 08:44:15   [2/45] Processing Query Q02...
2026-06-15 08:44:45     Query Q02 Score: 0.95
2026-06-15 08:44:45   [3/45] Processing Query Q03...
2026-06-15 08:45:09     Query Q03 Score: 1.00
2026-06-15 08:45:09   [4/45] Processing Query Q04...
2026-06-15 08:45:36     Query Q04 Score: 0.95
2026-06-15 08:45:36   [5/45] Processing Query Q05...
2026-06-15 08:46:02     Query Q05 Score: 0.40
2026-06-15 08:46:02   [6/45] Processing Query Q06...
2026-06-15 08:46:28     Query Q06 Score: 1.00
2026-06-15 08:46:28   [7/45] Processing Query Q07...
2026-06-15 08:46:53     Query Q07 Score: 1.00
2026-06-15 08:46:53   [8/45] Processing Query Q08...
2026-06-15 08:47:22     Query Q08 Score: 1.00
2026-06-15 08:47:22   [9/45] Processing Query Q09...
2026-06-15 08:47:48     Query Q09 Score: 0.50
2026-06-15 08:47:48   [10/45] Processing Query Q10...
2026-06-15 08:48:16     Query Q10 Score: 0.65
2026-06-15 08:48:16   [11/45] Processing Query Q11...
2026-06-15 08:48:50     Query Q11 Score: 0.30
2026-06-15 08:48:50   [12/45] Processing Query Q12...
2026-06-15 08:49:15     Query Q12 Score: 1.00
2026-06-15 08:49:15   [13/45] Processing Query Q13...
2026-06-15 08:49:42     Query Q13 Score: 0.40
2026-06-15 08:49:42   [14/45] Processing Query Q14...
2026-06-15 08:50:09     Query Q14 Score: 0.90
2026-06-15 08:50:09   [15/45] Processing Query Q15...
2026-06-15 08:50:39     Query Q15 Score: 0.40
2026-06-15 08:50:39   [16/45] Processing Query Q16...
2026-06-15 08:51:08     Query Q16 Score: 1.00
2026-06-15 08:51:08   [17/45] Processing Query Q17...
2026-06-15 08:51:35     Query Q17 Score: 1.00
2026-06-15 08:51:35   [18/45] Processing Query Q18...
2026-06-15 08:52:01     Query Q18 Score: 1.00
2026-06-15 08:52:01   [19/45] Processing Query Q19...
2026-06-15 08:52:48     Query Q19 Score: 0.75
2026-06-15 08:52:48   [20/45] Processing Query Q20...
2026-06-15 08:53:13     Query Q20 Score: 1.00
2026-06-15 08:53:13   [21/45] Processing Query Q21...
2026-06-15 08:53:38     Query Q21 Score: 1.00
2026-06-15 08:53:38   [22/45] Processing Query Q22...
2026-06-15 08:54:03     Query Q22 Score: 1.00
2026-06-15 08:54:03   [23/45] Processing Query Q23...
2026-06-15 08:54:40     Query Q23 Score: 0.50
2026-06-15 08:54:40   [24/45] Processing Query Q24...
2026-06-15 08:55:10     Query Q24 Score: 0.95
2026-06-15 08:55:10   [25/45] Processing Query Q25...
2026-06-15 08:55:33     Query Q25 Score: 1.00
2026-06-15 08:55:33   [26/45] Processing Query Q26...
2026-06-15 08:55:55     Query Q26 Score: 1.00
2026-06-15 08:55:55   [27/45] Processing Query Q27...
2026-06-15 08:56:18     Query Q27 Score: 0.50
2026-06-15 08:56:18   [28/45] Processing Query Q28...
2026-06-15 08:56:41     Query Q28 Score: 1.00
2026-06-15 08:56:41   [29/45] Processing Query Q29...
2026-06-15 08:57:05     Query Q29 Score: 1.00
2026-06-15 08:57:05   [30/45] Processing Query Q30...
2026-06-15 08:57:28     Query Q30 Score: 1.00
2026-06-15 08:57:28   [31/45] Processing Query Q31...
2026-06-15 08:57:51     Query Q31 Score: 1.00
2026-06-15 08:57:51   [32/45] Processing Query Q32...
2026-06-15 08:58:15     Query Q32 Score: 0.75
2026-06-15 08:58:15   [33/45] Processing Query Q33...
2026-06-15 08:58:41     Query Q33 Score: 0.40
2026-06-15 08:58:41   [34/45] Processing Query Q34...
2026-06-15 08:59:04     Query Q34 Score: 0.95
2026-06-15 08:59:04   [35/45] Processing Query Q35...
2026-06-15 08:59:26     Query Q35 Score: 1.00
2026-06-15 08:59:26   [36/45] Processing Query Q36...
2026-06-15 08:59:50     Query Q36 Score: 1.00
2026-06-15 08:59:50   [37/45] Processing Query Q37...
2026-06-15 09:00:14     Query Q37 Score: 1.00
2026-06-15 09:00:14   [38/45] Processing Query Q38...
2026-06-15 09:00:37     Query Q38 Score: 0.60
2026-06-15 09:00:37   [39/45] Processing Query Q39...
2026-06-15 09:01:01     Query Q39 Score: 0.95
2026-06-15 09:01:01   [40/45] Processing Query Q40...
2026-06-15 09:01:25     Query Q40 Score: 0.95
2026-06-15 09:01:25   [41/45] Processing Query Q41...
2026-06-15 09:01:50     Query Q41 Score: 1.00
2026-06-15 09:01:50   [42/45] Processing Query Q42...
2026-06-15 09:02:12     Query Q42 Score: 1.00
2026-06-15 09:02:12   [43/45] Processing Query Q43...
2026-06-15 09:02:36     Query Q43 Score: 1.00
2026-06-15 09:02:36   [44/45] Processing Query Q48...
2026-06-15 09:03:02     Query Q48 Score: 0.65
2026-06-15 09:03:02   [45/45] Processing Query Q49...
2026-06-15 09:03:28     Query Q49 Score: 0.30
2026-06-15 09:03:28 Saved validation results to D:\TFM\Model Evaluation\autoresearch\archive\run_20260612_132729\outputs\validation_results_iter32_20260615_090328.csv
2026-06-15 09:03:28 Validation run completed. Overall Mean Score: 0.8378
2026-06-15 09:03:28 Candidate Score: 0.8378 (Delta: -0.0244)
2026-06-15 09:03:28 >>> FAILURE: Score did not improve. Discarding changes.
2026-06-15 09:03:28 Iteration #32 logged successfully to experiments.json.
2026-06-15 09:03:28 Graceful stop flagged via 'D:\TFM\Model Evaluation\autoresearch\stop.txt' file. Exiting loop cleanly.
2026-06-15 09:03:28 
2026-06-15 09:03:28 Optimization process completed.
2026-06-15 09:03:28 Best prompt found at iteration #20 with Score: 0.8622
2026-06-15 09:15:35 Resuming optimization loop from iteration #33.
2026-06-15 09:15:35 Current champion established at iteration #20 with Score: 0.8622
2026-06-15 09:15:35 
2026-06-15 09:15:35 Entering optimization loop...
2026-06-15 09:15:35 
2026-06-15 09:15:35 =========================================
2026-06-15 09:15:35 STARTING ITERATION #33
2026-06-15 09:15:35 =========================================
2026-06-15 09:15:35 Current Champion Score: 0.8622
2026-06-15 09:15:35 Failing queries to fix: 20
2026-06-15 09:15:35 Calling Optimizer Agent to refine instructions...
2026-06-15 09:21:32 Starting validation run on 45 queries...
2026-06-15 09:21:32   [1/45] Processing Query Q01...
2026-06-15 09:22:02     Query Q01 Score: 1.00
2026-06-15 09:22:02   [2/45] Processing Query Q02...
2026-06-15 09:22:25     Query Q02 Score: 0.50
2026-06-15 09:22:25   [3/45] Processing Query Q03...
2026-06-15 09:22:49     Query Q03 Score: 0.40
2026-06-15 09:22:49   [4/45] Processing Query Q04...
2026-06-15 09:23:14     Query Q04 Score: 0.50
2026-06-15 09:23:14   [5/45] Processing Query Q05...
2026-06-15 09:23:38     Query Q05 Score: 0.40
2026-06-15 09:23:38   [6/45] Processing Query Q06...
2026-06-15 09:24:03     Query Q06 Score: 0.40
2026-06-15 09:24:03   [7/45] Processing Query Q07...
2026-06-15 09:24:27     Query Q07 Score: 1.00
2026-06-15 09:24:27   [8/45] Processing Query Q08...
2026-06-15 09:24:51     Query Q08 Score: 0.60
2026-06-15 09:24:51   [9/45] Processing Query Q09...
2026-06-15 09:25:16     Query Q09 Score: 0.40
2026-06-15 09:25:16   [10/45] Processing Query Q10...
2026-06-15 09:25:40     Query Q10 Score: 0.75
2026-06-15 09:25:40   [11/45] Processing Query Q11...
2026-06-15 09:26:09     Query Q11 Score: 0.40
2026-06-15 09:26:09   [12/45] Processing Query Q12...
2026-06-15 09:26:32     Query Q12 Score: 1.00
2026-06-15 09:26:32   [13/45] Processing Query Q13...
2026-06-15 09:26:56     Query Q13 Score: 0.60
2026-06-15 09:26:56   [14/45] Processing Query Q14...
2026-06-15 09:27:18     Query Q14 Score: 1.00
2026-06-15 09:27:18   [15/45] Processing Query Q15...
2026-06-15 09:27:48     Query Q15 Score: 0.85
2026-06-15 09:27:48   [16/45] Processing Query Q16...
2026-06-15 09:28:12     Query Q16 Score: 0.85
2026-06-15 09:28:12   [17/45] Processing Query Q17...
2026-06-15 09:28:35     Query Q17 Score: 0.50
2026-06-15 09:28:35   [18/45] Processing Query Q18...
2026-06-15 09:28:58     Query Q18 Score: 1.00
2026-06-15 09:28:58   [19/45] Processing Query Q19...
2026-06-15 09:29:21     Query Q19 Score: 0.50
2026-06-15 09:29:21   [20/45] Processing Query Q20...
2026-06-15 09:29:45     Query Q20 Score: 0.90
2026-06-15 09:29:45   [21/45] Processing Query Q21...
2026-06-15 09:30:08     Query Q21 Score: 1.00
2026-06-15 09:30:08   [22/45] Processing Query Q22...
2026-06-15 09:30:30     Query Q22 Score: 1.00
2026-06-15 09:30:30   [23/45] Processing Query Q23...
2026-06-15 09:30:59     Query Q23 Score: 0.95
2026-06-15 09:30:59   [24/45] Processing Query Q24...
2026-06-15 09:31:24     Query Q24 Score: 0.95
2026-06-15 09:31:24   [25/45] Processing Query Q25...
2026-06-15 09:31:47     Query Q25 Score: 1.00
2026-06-15 09:31:47   [26/45] Processing Query Q26...
2026-06-15 09:32:09     Query Q26 Score: 1.00
2026-06-15 09:32:09   [27/45] Processing Query Q27...
2026-06-15 09:32:36     Query Q27 Score: 1.00
2026-06-15 09:32:36   [28/45] Processing Query Q28...
2026-06-15 09:32:58     Query Q28 Score: 1.00
2026-06-15 09:32:58   [29/45] Processing Query Q29...
2026-06-15 09:33:21     Query Q29 Score: 0.50
2026-06-15 09:33:21   [30/45] Processing Query Q30...
2026-06-15 09:33:45     Query Q30 Score: 1.00
2026-06-15 09:33:45   [31/45] Processing Query Q31...
2026-06-15 09:34:07     Query Q31 Score: 1.00
2026-06-15 09:34:07   [32/45] Processing Query Q32...
2026-06-15 09:34:31     Query Q32 Score: 0.60
2026-06-15 09:34:31   [33/45] Processing Query Q33...
2026-06-15 09:34:57     Query Q33 Score: 0.50
2026-06-15 09:34:57   [34/45] Processing Query Q34...
2026-06-15 09:35:20     Query Q34 Score: 1.00
2026-06-15 09:35:20   [35/45] Processing Query Q35...
2026-06-15 09:35:42     Query Q35 Score: 1.00
2026-06-15 09:35:42   [36/45] Processing Query Q36...
2026-06-15 09:36:06     Query Q36 Score: 0.50
2026-06-15 09:36:06   [37/45] Processing Query Q37...
2026-06-15 09:36:29     Query Q37 Score: 0.95
2026-06-15 09:36:29   [38/45] Processing Query Q38...
2026-06-15 09:36:52     Query Q38 Score: 0.50
2026-06-15 09:36:52   [39/45] Processing Query Q39...
2026-06-15 09:37:15     Query Q39 Score: 1.00
2026-06-15 09:37:15   [40/45] Processing Query Q40...
2026-06-15 09:37:38     Query Q40 Score: 1.00
2026-06-15 09:37:38   [41/45] Processing Query Q41...
2026-06-15 09:38:01     Query Q41 Score: 1.00
2026-06-15 09:38:01   [42/45] Processing Query Q42...
2026-06-15 09:38:24     Query Q42 Score: 1.00
2026-06-15 09:38:24   [43/45] Processing Query Q43...
2026-06-15 09:38:48     Query Q43 Score: 0.70
2026-06-15 09:38:48   [44/45] Processing Query Q48...
2026-06-15 09:39:13     Query Q48 Score: 0.60
2026-06-15 09:39:13   [45/45] Processing Query Q49...
2026-06-15 09:39:38     Query Q49 Score: 0.85
2026-06-15 09:39:38 Saved validation results to D:\TFM\Model Evaluation\autoresearch\archive\run_20260612_132729\outputs\validation_results_iter33_20260615_093938.csv
2026-06-15 09:39:38 Validation run completed. Overall Mean Score: 0.7811
2026-06-15 09:39:38 Candidate Score: 0.7811 (Delta: -0.0811)
2026-06-15 09:39:38 >>> FAILURE: Score did not improve. Discarding changes.
2026-06-15 09:39:38 Iteration #33 logged successfully to experiments.json.
2026-06-15 09:39:38 
2026-06-15 09:39:38 =========================================
2026-06-15 09:39:38 STARTING ITERATION #34
2026-06-15 09:39:38 =========================================
2026-06-15 09:39:38 Current Champion Score: 0.8622
2026-06-15 09:39:38 Failing queries to fix: 20
2026-06-15 09:39:38 Calling Optimizer Agent to refine instructions...
2026-06-15 09:47:19 Starting validation run on 45 queries...
2026-06-15 09:47:19   [1/45] Processing Query Q01...
2026-06-15 09:47:50     Query Q01 Score: 1.00
2026-06-15 09:47:50   [2/45] Processing Query Q02...
2026-06-15 09:48:17     Query Q02 Score: 0.50
2026-06-15 09:48:17   [3/45] Processing Query Q03...
2026-06-15 09:48:41     Query Q03 Score: 1.00
2026-06-15 09:48:41   [4/45] Processing Query Q04...
2026-06-15 09:49:07     Query Q04 Score: 0.50
2026-06-15 09:49:07   [5/45] Processing Query Q05...
2026-06-15 09:49:32     Query Q05 Score: 0.40
2026-06-15 09:49:32   [6/45] Processing Query Q06...
2026-06-15 09:49:55     Query Q06 Score: 1.00
2026-06-15 09:49:55   [7/45] Processing Query Q07...
2026-06-15 09:50:19     Query Q07 Score: 1.00
2026-06-15 09:50:19   [8/45] Processing Query Q08...
2026-06-15 09:50:43     Query Q08 Score: 1.00
2026-06-15 09:50:43   [9/45] Processing Query Q09...
2026-06-15 09:51:10     Query Q09 Score: 0.50
2026-06-15 09:51:10   [10/45] Processing Query Q10...
2026-06-15 09:51:36     Query Q10 Score: 0.40
2026-06-15 09:51:36   [11/45] Processing Query Q11...
2026-06-15 09:52:02     Query Q11 Score: 0.50
2026-06-15 09:52:02   [12/45] Processing Query Q12...
2026-06-15 09:52:25     Query Q12 Score: 1.00
2026-06-15 09:52:25   [13/45] Processing Query Q13...
2026-06-15 09:52:49     Query Q13 Score: 0.40
2026-06-15 09:52:49   [14/45] Processing Query Q14...
2026-06-15 09:53:13     Query Q14 Score: 1.00
2026-06-15 09:53:13   [15/45] Processing Query Q15...
2026-06-15 09:53:48     Query Q15 Score: 0.75
2026-06-15 09:53:48   [16/45] Processing Query Q16...
2026-06-15 09:54:12     Query Q16 Score: 0.50
2026-06-15 09:54:12   [17/45] Processing Query Q17...
2026-06-15 09:54:36     Query Q17 Score: 1.00
2026-06-15 09:54:36   [18/45] Processing Query Q18...
2026-06-15 09:54:59     Query Q18 Score: 1.00
2026-06-15 09:54:59   [19/45] Processing Query Q19...
2026-06-15 09:55:22     Query Q19 Score: 0.70
2026-06-15 09:55:22   [20/45] Processing Query Q20...
2026-06-15 09:55:46     Query Q20 Score: 0.90
2026-06-15 09:55:46   [21/45] Processing Query Q21...
2026-06-15 09:56:09     Query Q21 Score: 1.00
2026-06-15 09:56:09   [22/45] Processing Query Q22...
2026-06-15 09:56:33     Query Q22 Score: 1.00
2026-06-15 09:56:33   [23/45] Processing Query Q23...
2026-06-15 09:57:24     Query Q23 Score: 0.40
2026-06-15 09:57:24   [24/45] Processing Query Q24...
2026-06-15 09:57:46     Query Q24 Score: 1.00
2026-06-15 09:57:46   [25/45] Processing Query Q25...
2026-06-15 09:58:10     Query Q25 Score: 1.00
2026-06-15 09:58:10   [26/45] Processing Query Q26...
2026-06-15 09:58:32     Query Q26 Score: 1.00
2026-06-15 09:58:32   [27/45] Processing Query Q27...
2026-06-15 09:59:19     Query Q27 Score: 0.90
2026-06-15 09:59:19   [28/45] Processing Query Q28...
2026-06-15 09:59:41     Query Q28 Score: 1.00
2026-06-15 09:59:41   [29/45] Processing Query Q29...
2026-06-15 10:00:04     Query Q29 Score: 0.60
2026-06-15 10:00:04   [30/45] Processing Query Q30...
2026-06-15 10:00:28     Query Q30 Score: 1.00
2026-06-15 10:00:28   [31/45] Processing Query Q31...
2026-06-15 10:00:51     Query Q31 Score: 1.00
2026-06-15 10:00:51   [32/45] Processing Query Q32...
2026-06-15 10:01:15     Query Q32 Score: 0.60
2026-06-15 10:01:15   [33/45] Processing Query Q33...
2026-06-15 10:01:41     Query Q33 Score: 0.95
2026-06-15 10:01:41   [34/45] Processing Query Q34...
2026-06-15 10:02:05     Query Q34 Score: 0.50
2026-06-15 10:02:05   [35/45] Processing Query Q35...
2026-06-15 10:02:27     Query Q35 Score: 1.00
2026-06-15 10:02:27   [36/45] Processing Query Q36...
2026-06-15 10:02:50     Query Q36 Score: 1.00
2026-06-15 10:02:50   [37/45] Processing Query Q37...
2026-06-15 10:03:15     Query Q37 Score: 0.75
2026-06-15 10:03:15   [38/45] Processing Query Q38...
2026-06-15 10:03:39     Query Q38 Score: 0.60
2026-06-15 10:03:39   [39/45] Processing Query Q39...
2026-06-15 10:04:02     Query Q39 Score: 1.00
2026-06-15 10:04:02   [40/45] Processing Query Q40...
2026-06-15 10:04:26     Query Q40 Score: 0.95
2026-06-15 10:04:26   [41/45] Processing Query Q41...
2026-06-15 10:04:50     Query Q41 Score: 1.00
2026-06-15 10:04:50   [42/45] Processing Query Q42...
2026-06-15 10:05:13     Query Q42 Score: 1.00
2026-06-15 10:05:13   [43/45] Processing Query Q43...
2026-06-15 10:05:38     Query Q43 Score: 0.85
2026-06-15 10:05:38   [44/45] Processing Query Q48...
2026-06-15 10:06:05     Query Q48 Score: 0.50
2026-06-15 10:06:05   [45/45] Processing Query Q49...
2026-06-15 10:06:56     Query Q49 Score: 0.95
2026-06-15 10:06:56 Saved validation results to D:\TFM\Model Evaluation\autoresearch\archive\run_20260612_132729\outputs\validation_results_iter34_20260615_100656.csv
2026-06-15 10:06:56 Validation run completed. Overall Mean Score: 0.8133
2026-06-15 10:06:56 Candidate Score: 0.8133 (Delta: -0.0489)
2026-06-15 10:06:56 >>> FAILURE: Score did not improve. Discarding changes.
2026-06-15 10:06:56 Iteration #34 logged successfully to experiments.json.
2026-06-15 10:06:56 Graceful stop flagged via 'D:\TFM\Model Evaluation\autoresearch\stop.txt' file. Exiting loop cleanly.
2026-06-15 10:06:56 
2026-06-15 10:06:56 Optimization process completed.
2026-06-15 10:06:56 Best prompt found at iteration #20 with Score: 0.8622
2026-06-15 10:43:32 Resuming optimization loop from iteration #35.
2026-06-15 10:43:32 Current champion established at iteration #20 with Score: 0.8622
2026-06-15 10:43:32 
2026-06-15 10:43:32 Entering optimization loop...
2026-06-15 10:43:32 
2026-06-15 10:43:32 =========================================
2026-06-15 10:43:32 STARTING ITERATION #35
2026-06-15 10:43:32 =========================================
2026-06-15 10:43:32 Current Champion Score: 0.8622
2026-06-15 10:43:32 Failing queries to fix: 20
2026-06-15 10:43:32 Calling Optimizer Agent to refine instructions...
2026-06-15 10:53:05 Starting validation run on 45 queries...
2026-06-15 10:53:05   [1/45] Processing Query Q01...
2026-06-15 10:53:29     Query Q01 Score: 1.00
2026-06-15 10:53:29   [2/45] Processing Query Q02...
2026-06-15 10:53:54     Query Q02 Score: 1.00
2026-06-15 10:53:54   [3/45] Processing Query Q03...
2026-06-15 10:54:19     Query Q03 Score: 1.00
2026-06-15 10:54:19   [4/45] Processing Query Q04...
2026-06-15 10:54:45     Query Q04 Score: 0.40
2026-06-15 10:54:45   [5/45] Processing Query Q05...
2026-06-15 10:55:10     Query Q05 Score: 0.40
2026-06-15 10:55:10   [6/45] Processing Query Q06...
2026-06-15 10:55:34     Query Q06 Score: 1.00
2026-06-15 10:55:34   [7/45] Processing Query Q07...
2026-06-15 10:55:59     Query Q07 Score: 1.00
2026-06-15 10:55:59   [8/45] Processing Query Q08...
2026-06-15 10:56:34     Query Q08 Score: 0.50
2026-06-15 10:56:34   [9/45] Processing Query Q09...
2026-06-15 10:57:06     Query Q09 Score: 0.40
2026-06-15 10:57:06   [10/45] Processing Query Q10...
2026-06-15 10:57:33     Query Q10 Score: 0.75
2026-06-15 10:57:33   [11/45] Processing Query Q11...
2026-06-15 10:58:01     Query Q11 Score: 0.40
2026-06-15 10:58:01   [12/45] Processing Query Q12...
2026-06-15 10:58:24     Query Q12 Score: 1.00
2026-06-15 10:58:24   [13/45] Processing Query Q13...
2026-06-15 10:58:58     Query Q13 Score: 0.60
2026-06-15 10:58:58   [14/45] Processing Query Q14...
2026-06-15 10:59:22     Query Q14 Score: 0.95
2026-06-15 10:59:22   [15/45] Processing Query Q15...
2026-06-15 10:59:49     Query Q15 Score: 0.95
2026-06-15 10:59:49   [16/45] Processing Query Q16...
2026-06-15 11:00:13     Query Q16 Score: 0.50
2026-06-15 11:00:13   [17/45] Processing Query Q17...
2026-06-15 11:00:38     Query Q17 Score: 1.00
2026-06-15 11:00:38   [18/45] Processing Query Q18...
2026-06-15 11:01:02     Query Q18 Score: 1.00
2026-06-15 11:01:02   [19/45] Processing Query Q19...
2026-06-15 11:01:35     Query Q19 Score: 0.50
2026-06-15 11:01:35   [20/45] Processing Query Q20...
2026-06-15 11:01:59     Query Q20 Score: 0.95
2026-06-15 11:01:59   [21/45] Processing Query Q21...
2026-06-15 11:02:23     Query Q21 Score: 1.00
2026-06-15 11:02:23   [22/45] Processing Query Q22...
2026-06-15 11:02:47     Query Q22 Score: 1.00
2026-06-15 11:02:47   [23/45] Processing Query Q23...
2026-06-15 11:03:32     Query Q23 Score: 0.50
2026-06-15 11:03:32   [24/45] Processing Query Q24...
2026-06-15 11:03:56     Query Q24 Score: 0.50
2026-06-15 11:03:56   [25/45] Processing Query Q25...
2026-06-15 11:04:21     Query Q25 Score: 1.00
2026-06-15 11:04:21   [26/45] Processing Query Q26...
2026-06-15 11:04:43     Query Q26 Score: 1.00
2026-06-15 11:04:43   [27/45] Processing Query Q27...
2026-06-15 11:05:08     Query Q27 Score: 0.60
2026-06-15 11:05:08   [28/45] Processing Query Q28...
2026-06-15 11:05:31     Query Q28 Score: 1.00
2026-06-15 11:05:31   [29/45] Processing Query Q29...
2026-06-15 11:05:55     Query Q29 Score: 0.60
2026-06-15 11:05:55   [30/45] Processing Query Q30...
2026-06-15 11:06:19     Query Q30 Score: 1.00
2026-06-15 11:06:19   [31/45] Processing Query Q31...
2026-06-15 11:06:43     Query Q31 Score: 1.00
2026-06-15 11:06:43   [32/45] Processing Query Q32...
2026-06-15 11:07:08     Query Q32 Score: 0.60
2026-06-15 11:07:08   [33/45] Processing Query Q33...
2026-06-15 11:07:36     Query Q33 Score: 0.50
2026-06-15 11:07:36   [34/45] Processing Query Q34...
2026-06-15 11:08:00     Query Q34 Score: 0.95
2026-06-15 11:08:00   [35/45] Processing Query Q35...
2026-06-15 11:08:23     Query Q35 Score: 1.00
2026-06-15 11:08:23   [36/45] Processing Query Q36...
2026-06-15 11:08:47     Query Q36 Score: 1.00
2026-06-15 11:08:47   [37/45] Processing Query Q37...
2026-06-15 11:09:12     Query Q37 Score: 0.95
2026-06-15 11:09:12   [38/45] Processing Query Q38...
2026-06-15 11:09:37     Query Q38 Score: 0.60
2026-06-15 11:09:37   [39/45] Processing Query Q39...
2026-06-15 11:10:00     Query Q39 Score: 1.00
2026-06-15 11:10:00   [40/45] Processing Query Q40...
2026-06-15 11:10:25     Query Q40 Score: 0.95
2026-06-15 11:10:25   [41/45] Processing Query Q41...
2026-06-15 11:10:50     Query Q41 Score: 1.00
2026-06-15 11:10:50   [42/45] Processing Query Q42...
2026-06-15 11:11:14     Query Q42 Score: 1.00
2026-06-15 11:11:14   [43/45] Processing Query Q43...
2026-06-15 11:11:38     Query Q43 Score: 1.00
2026-06-15 11:11:38   [44/45] Processing Query Q48...
2026-06-15 11:12:03     Query Q48 Score: 0.60
2026-06-15 11:12:03   [45/45] Processing Query Q49...
2026-06-15 11:12:30     Query Q49 Score: 0.75
2026-06-15 11:12:30 Saved validation results to D:\TFM\Model Evaluation\autoresearch\archive\run_20260612_132729\outputs\validation_results_iter35_20260615_111230.csv
2026-06-15 11:12:30 Validation run completed. Overall Mean Score: 0.8089
2026-06-15 11:12:30 Candidate Score: 0.8089 (Delta: -0.0533)
2026-06-15 11:12:30 >>> FAILURE: Score did not improve. Discarding changes.
2026-06-15 11:12:30 Iteration #35 logged successfully to experiments.json.
2026-06-15 11:12:30 
2026-06-15 11:12:30 =========================================
2026-06-15 11:12:30 STARTING ITERATION #36
2026-06-15 11:12:30 =========================================
2026-06-15 11:12:30 Current Champion Score: 0.8622
2026-06-15 11:12:30 Failing queries to fix: 20
2026-06-15 11:12:30 Calling Optimizer Agent to refine instructions...
2026-06-15 11:22:21 Starting validation run on 45 queries...
2026-06-15 11:22:21   [1/45] Processing Query Q01...
2026-06-15 11:22:45     Query Q01 Score: 1.00
2026-06-15 11:22:45   [2/45] Processing Query Q02...
2026-06-15 11:23:09     Query Q02 Score: 0.70
2026-06-15 11:23:09   [3/45] Processing Query Q03...
2026-06-15 11:23:33     Query Q03 Score: 1.00
2026-06-15 11:23:33   [4/45] Processing Query Q04...
2026-06-15 11:23:58     Query Q04 Score: 1.00
2026-06-15 11:23:58   [5/45] Processing Query Q05...
2026-06-15 11:24:22     Query Q05 Score: 0.60
2026-06-15 11:24:22   [6/45] Processing Query Q06...
2026-06-15 11:24:46     Query Q06 Score: 1.00
2026-06-15 11:24:46   [7/45] Processing Query Q07...
2026-06-15 11:25:10     Query Q07 Score: 1.00
2026-06-15 11:25:10   [8/45] Processing Query Q08...
2026-06-15 11:25:34     Query Q08 Score: 1.00
2026-06-15 11:25:34   [9/45] Processing Query Q09...
2026-06-15 11:26:02     Query Q09 Score: 0.50
2026-06-15 11:26:02   [10/45] Processing Query Q10...
2026-06-15 11:26:28     Query Q10 Score: 0.40
2026-06-15 11:26:28   [11/45] Processing Query Q11...
2026-06-15 11:26:54     Query Q11 Score: 0.50
2026-06-15 11:26:54   [12/45] Processing Query Q12...
2026-06-15 11:27:17     Query Q12 Score: 0.75
2026-06-15 11:27:17   [13/45] Processing Query Q13...
2026-06-15 11:27:43     Query Q13 Score: 0.50
2026-06-15 11:27:43   [14/45] Processing Query Q14...
2026-06-15 11:28:06     Query Q14 Score: 1.00
2026-06-15 11:28:06   [15/45] Processing Query Q15...
2026-06-15 11:28:31     Query Q15 Score: 1.00
2026-06-15 11:28:31   [16/45] Processing Query Q16...
2026-06-15 11:29:08     Query Q16 Score: 1.00
2026-06-15 11:29:08   [17/45] Processing Query Q17...
2026-06-15 11:29:32     Query Q17 Score: 1.00
2026-06-15 11:29:32   [18/45] Processing Query Q18...
2026-06-15 11:29:55     Query Q18 Score: 1.00
2026-06-15 11:29:55   [19/45] Processing Query Q19...
2026-06-15 11:30:37     Query Q19 Score: 0.50
2026-06-15 11:30:37   [20/45] Processing Query Q20...
2026-06-15 11:31:01     Query Q20 Score: 0.95
2026-06-15 11:31:01   [21/45] Processing Query Q21...
2026-06-15 11:31:36     Query Q21 Score: 0.75
2026-06-15 11:31:36   [22/45] Processing Query Q22...
2026-06-15 11:31:59     Query Q22 Score: 1.00
2026-06-15 11:31:59   [23/45] Processing Query Q23...
2026-06-15 11:32:45     Query Q23 Score: 0.30
2026-06-15 11:32:45   [24/45] Processing Query Q24...
2026-06-15 11:33:08     Query Q24 Score: 1.00
2026-06-15 11:33:08   [25/45] Processing Query Q25...
2026-06-15 11:33:31     Query Q25 Score: 1.00
2026-06-15 11:33:31   [26/45] Processing Query Q26...
2026-06-15 11:33:53     Query Q26 Score: 1.00
2026-06-15 11:33:53   [27/45] Processing Query Q27...
2026-06-15 11:34:16     Query Q27 Score: 0.95
2026-06-15 11:34:16   [28/45] Processing Query Q28...
2026-06-15 11:34:38     Query Q28 Score: 1.00
2026-06-15 11:34:38   [29/45] Processing Query Q29...
2026-06-15 11:35:02     Query Q29 Score: 0.95
2026-06-15 11:35:02   [30/45] Processing Query Q30...
2026-06-15 11:35:26     Query Q30 Score: 1.00
2026-06-15 11:35:26   [31/45] Processing Query Q31...
2026-06-15 11:35:49     Query Q31 Score: 0.95
2026-06-15 11:35:49   [32/45] Processing Query Q32...
2026-06-15 11:36:14     Query Q32 Score: 0.75
2026-06-15 11:36:14   [33/45] Processing Query Q33...
2026-06-15 11:36:39     Query Q33 Score: 1.00
2026-06-15 11:36:39   [34/45] Processing Query Q34...
2026-06-15 11:37:02     Query Q34 Score: 0.95
2026-06-15 11:37:02   [35/45] Processing Query Q35...
2026-06-15 11:37:24     Query Q35 Score: 1.00
2026-06-15 11:37:24   [36/45] Processing Query Q36...
2026-06-15 11:37:48     Query Q36 Score: 0.50
2026-06-15 11:37:48   [37/45] Processing Query Q37...
2026-06-15 11:38:12     Query Q37 Score: 0.95
2026-06-15 11:38:12   [38/45] Processing Query Q38...
2026-06-15 11:38:35     Query Q38 Score: 0.60
2026-06-15 11:38:35   [39/45] Processing Query Q39...
2026-06-15 11:38:59     Query Q39 Score: 1.00
2026-06-15 11:38:59   [40/45] Processing Query Q40...
2026-06-15 11:39:23     Query Q40 Score: 0.95
2026-06-15 11:39:23   [41/45] Processing Query Q41...
2026-06-15 11:39:47     Query Q41 Score: 1.00
2026-06-15 11:39:47   [42/45] Processing Query Q42...
2026-06-15 11:40:10     Query Q42 Score: 1.00
2026-06-15 11:40:10   [43/45] Processing Query Q43...
2026-06-15 11:40:34     Query Q43 Score: 1.00
2026-06-15 11:40:34   [44/45] Processing Query Q48...
2026-06-15 11:40:59     Query Q48 Score: 0.50
2026-06-15 11:40:59   [45/45] Processing Query Q49...
2026-06-15 11:41:28     Query Q49 Score: 1.00
2026-06-15 11:41:28 Saved validation results to D:\TFM\Model Evaluation\autoresearch\archive\run_20260612_132729\outputs\validation_results_iter36_20260615_114128.csv
2026-06-15 11:41:28 Validation run completed. Overall Mean Score: 0.8556
2026-06-15 11:41:28 Candidate Score: 0.8556 (Delta: -0.0067)
2026-06-15 11:41:28 >>> FAILURE: Score did not improve. Discarding changes.
2026-06-15 11:41:28 Iteration #36 logged successfully to experiments.json.
2026-06-15 11:41:28 
2026-06-15 11:41:28 =========================================
2026-06-15 11:41:28 STARTING ITERATION #37
2026-06-15 11:41:28 =========================================
2026-06-15 11:41:28 Current Champion Score: 0.8622
2026-06-15 11:41:28 Failing queries to fix: 20
2026-06-15 11:41:28 Calling Optimizer Agent to refine instructions...
2026-06-15 11:52:11 Starting validation run on 45 queries...
2026-06-15 11:52:11   [1/45] Processing Query Q01...
2026-06-15 11:52:34     Query Q01 Score: 1.00
2026-06-15 11:52:34   [2/45] Processing Query Q02...
2026-06-15 11:52:58     Query Q02 Score: 1.00
2026-06-15 11:52:58   [3/45] Processing Query Q03...
2026-06-15 11:53:22     Query Q03 Score: 1.00
2026-06-15 11:53:22   [4/45] Processing Query Q04...
2026-06-15 11:53:47     Query Q04 Score: 1.00
2026-06-15 11:53:47   [5/45] Processing Query Q05...
2026-06-15 11:54:11     Query Q05 Score: 0.50
2026-06-15 11:54:11   [6/45] Processing Query Q06...
2026-06-15 11:54:35     Query Q06 Score: 1.00
2026-06-15 11:54:35   [7/45] Processing Query Q07...
2026-06-15 11:54:58     Query Q07 Score: 1.00
2026-06-15 11:54:58   [8/45] Processing Query Q08...
2026-06-15 11:55:25     Query Q08 Score: 1.00
2026-06-15 11:55:25   [9/45] Processing Query Q09...
2026-06-15 11:55:50     Query Q09 Score: 0.40
2026-06-15 11:55:50   [10/45] Processing Query Q10...
2026-06-15 11:56:16     Query Q10 Score: 0.40
2026-06-15 11:56:16   [11/45] Processing Query Q11...
2026-06-15 11:56:42     Query Q11 Score: 0.50
2026-06-15 11:56:42   [12/45] Processing Query Q12...
2026-06-15 11:57:04     Query Q12 Score: 1.00
2026-06-15 11:57:04   [13/45] Processing Query Q13...
2026-06-15 11:57:29     Query Q13 Score: 0.40
2026-06-15 11:57:29   [14/45] Processing Query Q14...
2026-06-15 11:57:52     Query Q14 Score: 1.00
2026-06-15 11:57:52   [15/45] Processing Query Q15...
2026-06-15 11:58:17     Query Q15 Score: 1.00
2026-06-15 11:58:17   [16/45] Processing Query Q16...
2026-06-15 11:58:42     Query Q16 Score: 1.00
2026-06-15 11:58:42   [17/45] Processing Query Q17...
2026-06-15 11:59:05     Query Q17 Score: 1.00
2026-06-15 11:59:05   [18/45] Processing Query Q18...
2026-06-15 11:59:36     Query Q18 Score: 1.00
2026-06-15 11:59:36   [19/45] Processing Query Q19...
2026-06-15 12:00:09     Query Q19 Score: 0.50
2026-06-15 12:00:09   [20/45] Processing Query Q20...
2026-06-15 12:00:32     Query Q20 Score: 0.90
2026-06-15 12:00:32   [21/45] Processing Query Q21...
2026-06-15 12:01:04     Query Q21 Score: 1.00
2026-06-15 12:01:04   [22/45] Processing Query Q22...
2026-06-15 12:01:26     Query Q22 Score: 1.00
2026-06-15 12:01:26   [23/45] Processing Query Q23...
2026-06-15 12:02:02     Query Q23 Score: 0.90
2026-06-15 12:02:02   [24/45] Processing Query Q24...
2026-06-15 12:02:24     Query Q24 Score: 1.00
2026-06-15 12:02:24   [25/45] Processing Query Q25...
2026-06-15 12:02:47     Query Q25 Score: 1.00
2026-06-15 12:02:47   [26/45] Processing Query Q26...
2026-06-15 12:03:09     Query Q26 Score: 1.00
2026-06-15 12:03:09   [27/45] Processing Query Q27...
2026-06-15 12:03:50     Query Q27 Score: 1.00
2026-06-15 12:03:50   [28/45] Processing Query Q28...
2026-06-15 12:04:13     Query Q28 Score: 1.00
2026-06-15 12:04:13   [29/45] Processing Query Q29...
2026-06-15 12:04:37     Query Q29 Score: 0.95
2026-06-15 12:04:37   [30/45] Processing Query Q30...
2026-06-15 12:05:01     Query Q30 Score: 1.00
2026-06-15 12:05:01   [31/45] Processing Query Q31...
2026-06-15 12:05:24     Query Q31 Score: 1.00
2026-06-15 12:05:24   [32/45] Processing Query Q32...
2026-06-15 12:05:48     Query Q32 Score: 0.60
2026-06-15 12:05:48   [33/45] Processing Query Q33...
2026-06-15 12:06:14     Query Q33 Score: 0.75
2026-06-15 12:06:14   [34/45] Processing Query Q34...
2026-06-15 12:06:37     Query Q34 Score: 0.95
2026-06-15 12:06:37   [35/45] Processing Query Q35...
2026-06-15 12:06:59     Query Q35 Score: 1.00
2026-06-15 12:06:59   [36/45] Processing Query Q36...
2026-06-15 12:07:22     Query Q36 Score: 1.00
2026-06-15 12:07:22   [37/45] Processing Query Q37...
2026-06-15 12:07:46     Query Q37 Score: 0.95
2026-06-15 12:07:46   [38/45] Processing Query Q38...
2026-06-15 12:08:10     Query Q38 Score: 0.60
2026-06-15 12:08:10   [39/45] Processing Query Q39...
2026-06-15 12:08:32     Query Q39 Score: 1.00
2026-06-15 12:08:32   [40/45] Processing Query Q40...
2026-06-15 12:08:56     Query Q40 Score: 0.95
2026-06-15 12:08:56   [41/45] Processing Query Q41...
2026-06-15 12:09:20     Query Q41 Score: 1.00
2026-06-15 12:09:20   [42/45] Processing Query Q42...
2026-06-15 12:09:43     Query Q42 Score: 1.00
2026-06-15 12:09:43   [43/45] Processing Query Q43...
2026-06-15 12:10:07     Query Q43 Score: 1.00
2026-06-15 12:10:07   [44/45] Processing Query Q48...
2026-06-15 12:10:31     Query Q48 Score: 0.50
2026-06-15 12:10:31   [45/45] Processing Query Q49...
2026-06-15 12:10:57     Query Q49 Score: 0.75
2026-06-15 12:10:57 Saved validation results to D:\TFM\Model Evaluation\autoresearch\archive\run_20260612_132729\outputs\validation_results_iter37_20260615_121057.csv
2026-06-15 12:10:57 Validation run completed. Overall Mean Score: 0.8778
2026-06-15 12:10:57 Candidate Score: 0.8778 (Delta: +0.0156)
2026-06-15 12:10:57 >>> SUCCESS: Score improved! Saving new champion prompt.
2026-06-15 12:10:57 Iteration #37 logged successfully to experiments.json.
2026-06-15 12:10:57 
2026-06-15 12:10:57 =========================================
2026-06-15 12:10:57 STARTING ITERATION #38
2026-06-15 12:10:57 =========================================
2026-06-15 12:10:57 Current Champion Score: 0.8778
2026-06-15 12:10:57 Failing queries to fix: 17
2026-06-15 12:10:57 Calling Optimizer Agent to refine instructions...
2026-06-15 12:20:53 Starting validation run on 45 queries...
2026-06-15 12:20:53   [1/45] Processing Query Q01...
2026-06-15 12:21:16     Query Q01 Score: 1.00
2026-06-15 12:21:16   [2/45] Processing Query Q02...
2026-06-15 12:21:40     Query Q02 Score: 1.00
2026-06-15 12:21:40   [3/45] Processing Query Q03...
2026-06-15 12:22:04     Query Q03 Score: 1.00
2026-06-15 12:22:04   [4/45] Processing Query Q04...
2026-06-15 12:22:29     Query Q04 Score: 1.00
2026-06-15 12:22:29   [5/45] Processing Query Q05...
2026-06-15 12:22:53     Query Q05 Score: 0.40
2026-06-15 12:22:53   [6/45] Processing Query Q06...
2026-06-15 12:23:17     Query Q06 Score: 1.00
2026-06-15 12:23:17   [7/45] Processing Query Q07...
2026-06-15 12:23:41     Query Q07 Score: 1.00
2026-06-15 12:23:41   [8/45] Processing Query Q08...
2026-06-15 12:24:16     Query Q08 Score: 0.60
2026-06-15 12:24:16   [9/45] Processing Query Q09...
2026-06-15 12:24:44     Query Q09 Score: 1.00
2026-06-15 12:24:44   [10/45] Processing Query Q10...
2026-06-15 12:25:10     Query Q10 Score: 0.50
2026-06-15 12:25:10   [11/45] Processing Query Q11...
2026-06-15 12:25:39     Query Q11 Score: 0.40
2026-06-15 12:25:39   [12/45] Processing Query Q12...
2026-06-15 12:26:01     Query Q12 Score: 0.75
2026-06-15 12:26:01   [13/45] Processing Query Q13...
2026-06-15 12:26:26     Query Q13 Score: 0.30
2026-06-15 12:26:26   [14/45] Processing Query Q14...
2026-06-15 12:26:49     Query Q14 Score: 0.95
2026-06-15 12:26:49   [15/45] Processing Query Q15...
2026-06-15 12:27:14     Query Q15 Score: 1.00
2026-06-15 12:27:14   [16/45] Processing Query Q16...
2026-06-15 12:27:57     Query Q16 Score: 0.85
2026-06-15 12:27:57   [17/45] Processing Query Q17...
2026-06-15 12:28:21     Query Q17 Score: 1.00
2026-06-15 12:28:21   [18/45] Processing Query Q18...
2026-06-15 12:28:44     Query Q18 Score: 1.00
2026-06-15 12:28:44   [19/45] Processing Query Q19...
2026-06-15 12:29:32     Query Q19 Score: 0.40
2026-06-15 12:29:32   [20/45] Processing Query Q20...
2026-06-15 12:29:55     Query Q20 Score: 0.95
2026-06-15 12:29:55   [21/45] Processing Query Q21...
2026-06-15 12:30:19     Query Q21 Score: 1.00
2026-06-15 12:30:19   [22/45] Processing Query Q22...
2026-06-15 12:30:42     Query Q22 Score: 1.00
2026-06-15 12:30:42   [23/45] Processing Query Q23...
2026-06-15 12:31:21     Query Q23 Score: 0.75
2026-06-15 12:31:21   [24/45] Processing Query Q24...
2026-06-15 12:31:44     Query Q24 Score: 0.95
2026-06-15 12:31:44   [25/45] Processing Query Q25...
2026-06-15 12:32:08     Query Q25 Score: 1.00
2026-06-15 12:32:08   [26/45] Processing Query Q26...
2026-06-15 12:32:30     Query Q26 Score: 1.00
2026-06-15 12:32:30   [27/45] Processing Query Q27...
2026-06-15 12:33:03     Query Q27 Score: 1.00
2026-06-15 12:33:03   [28/45] Processing Query Q28...
2026-06-15 12:33:28     Query Q28 Score: 1.00
2026-06-15 12:33:28   [29/45] Processing Query Q29...
2026-06-15 12:33:53     Query Q29 Score: 1.00
2026-06-15 12:33:53   [30/45] Processing Query Q30...
2026-06-15 12:34:18     Query Q30 Score: 1.00
2026-06-15 12:34:18   [31/45] Processing Query Q31...
2026-06-15 12:34:42     Query Q31 Score: 0.95
2026-06-15 12:34:42   [32/45] Processing Query Q32...
2026-06-15 12:35:07     Query Q32 Score: 0.85
2026-06-15 12:35:07   [33/45] Processing Query Q33...
2026-06-15 12:35:33     Query Q33 Score: 1.00
2026-06-15 12:35:33   [34/45] Processing Query Q34...
2026-06-15 12:35:56     Query Q34 Score: 0.95
2026-06-15 12:35:56   [35/45] Processing Query Q35...
2026-06-15 12:36:18     Query Q35 Score: 1.00
2026-06-15 12:36:18   [36/45] Processing Query Q36...
2026-06-15 12:36:42     Query Q36 Score: 0.60
2026-06-15 12:36:42   [37/45] Processing Query Q37...
2026-06-15 12:37:06     Query Q37 Score: 0.95
2026-06-15 12:37:06   [38/45] Processing Query Q38...
2026-06-15 12:37:29     Query Q38 Score: 0.60
2026-06-15 12:37:29   [39/45] Processing Query Q39...
2026-06-15 12:37:53     Query Q39 Score: 1.00
2026-06-15 12:37:53   [40/45] Processing Query Q40...
2026-06-15 12:38:17     Query Q40 Score: 0.95
2026-06-15 12:38:17   [41/45] Processing Query Q41...
2026-06-15 12:38:41     Query Q41 Score: 1.00
2026-06-15 12:38:41   [42/45] Processing Query Q42...
2026-06-15 12:39:04     Query Q42 Score: 1.00
2026-06-15 12:39:04   [43/45] Processing Query Q43...
2026-06-15 12:39:28     Query Q43 Score: 0.75
2026-06-15 12:39:28   [44/45] Processing Query Q48...
2026-06-15 12:39:54     Query Q48 Score: 0.75
2026-06-15 12:39:54   [45/45] Processing Query Q49...
2026-06-15 12:40:21     Query Q49 Score: 0.30
2026-06-15 12:40:21 Saved validation results to D:\TFM\Model Evaluation\autoresearch\archive\run_20260612_132729\outputs\validation_results_iter38_20260615_124021.csv
2026-06-15 12:40:21 Validation run completed. Overall Mean Score: 0.8544
2026-06-15 12:40:21 Candidate Score: 0.8544 (Delta: -0.0233)
2026-06-15 12:40:21 >>> FAILURE: Score did not improve. Discarding changes.
2026-06-15 12:40:21 Iteration #38 logged successfully to experiments.json.
2026-06-15 12:40:21 
2026-06-15 12:40:21 =========================================
2026-06-15 12:40:21 STARTING ITERATION #39
2026-06-15 12:40:21 =========================================
2026-06-15 12:40:21 Current Champion Score: 0.8778
2026-06-15 12:40:21 Failing queries to fix: 17
2026-06-15 12:40:21 Calling Optimizer Agent to refine instructions...
2026-06-15 12:50:58 Starting validation run on 45 queries...
2026-06-15 12:50:58   [1/45] Processing Query Q01...
2026-06-15 12:51:22     Query Q01 Score: 1.00
2026-06-15 12:51:22   [2/45] Processing Query Q02...
2026-06-15 12:51:46     Query Q02 Score: 1.00
2026-06-15 12:51:46   [3/45] Processing Query Q03...
2026-06-15 12:52:10     Query Q03 Score: 1.00
2026-06-15 12:52:10   [4/45] Processing Query Q04...
2026-06-15 12:52:35     Query Q04 Score: 0.95
2026-06-15 12:52:35   [5/45] Processing Query Q05...
2026-06-15 12:53:00     Query Q05 Score: 0.40
2026-06-15 12:53:00   [6/45] Processing Query Q06...
2026-06-15 12:53:24     Query Q06 Score: 1.00
2026-06-15 12:53:24   [7/45] Processing Query Q07...
2026-06-15 12:53:47     Query Q07 Score: 1.00
2026-06-15 12:53:47   [8/45] Processing Query Q08...
2026-06-15 12:54:11     Query Q08 Score: 1.00
2026-06-15 12:54:11   [9/45] Processing Query Q09...
2026-06-15 12:54:40     Query Q09 Score: 0.95
2026-06-15 12:54:40   [10/45] Processing Query Q10...
2026-06-15 12:55:07     Query Q10 Score: 0.50
2026-06-15 12:55:07   [11/45] Processing Query Q11...
2026-06-15 12:55:34     Query Q11 Score: 0.40
2026-06-15 12:55:34   [12/45] Processing Query Q12...
2026-06-15 12:55:57     Query Q12 Score: 0.75
2026-06-15 12:55:57   [13/45] Processing Query Q13...
2026-06-15 12:56:22     Query Q13 Score: 0.30
2026-06-15 12:56:22   [14/45] Processing Query Q14...
2026-06-15 12:56:45     Query Q14 Score: 0.95
2026-06-15 12:56:45   [15/45] Processing Query Q15...
2026-06-15 12:57:10     Query Q15 Score: 1.00
2026-06-15 12:57:10   [16/45] Processing Query Q16...
2026-06-15 12:57:35     Query Q16 Score: 1.00
2026-06-15 12:57:35   [17/45] Processing Query Q17...
2026-06-15 12:57:58     Query Q17 Score: 1.00
2026-06-15 12:57:58   [18/45] Processing Query Q18...
2026-06-15 12:58:22     Query Q18 Score: 1.00
2026-06-15 12:58:22   [19/45] Processing Query Q19...
2026-06-15 12:58:45     Query Q19 Score: 1.00
2026-06-15 12:58:45   [20/45] Processing Query Q20...
2026-06-15 12:59:08     Query Q20 Score: 0.95
2026-06-15 12:59:08   [21/45] Processing Query Q21...
2026-06-15 12:59:31     Query Q21 Score: 1.00
2026-06-15 12:59:31   [22/45] Processing Query Q22...
2026-06-15 12:59:54     Query Q22 Score: 1.00
2026-06-15 12:59:54   [23/45] Processing Query Q23...
2026-06-15 13:00:46     Query Q23 Score: 0.75
2026-06-15 13:00:46   [24/45] Processing Query Q24...
2026-06-15 13:01:09     Query Q24 Score: 0.95
2026-06-15 13:01:09   [25/45] Processing Query Q25...
2026-06-15 13:01:32     Query Q25 Score: 1.00
2026-06-15 13:01:32   [26/45] Processing Query Q26...
2026-06-15 13:01:54     Query Q26 Score: 1.00
2026-06-15 13:01:54   [27/45] Processing Query Q27...
2026-06-15 13:02:18     Query Q27 Score: 0.85
2026-06-15 13:02:18   [28/45] Processing Query Q28...
2026-06-15 13:02:42     Query Q28 Score: 1.00
2026-06-15 13:02:42   [29/45] Processing Query Q29...
2026-06-15 13:03:06     Query Q29 Score: 1.00
2026-06-15 13:03:06   [30/45] Processing Query Q30...
2026-06-15 13:03:30     Query Q30 Score: 1.00
2026-06-15 13:03:30   [31/45] Processing Query Q31...
2026-06-15 13:03:53     Query Q31 Score: 1.00
2026-06-15 13:03:53   [32/45] Processing Query Q32...
2026-06-15 13:04:18     Query Q32 Score: 0.75
2026-06-15 13:04:18   [33/45] Processing Query Q33...
2026-06-15 13:04:48     Query Q33 Score: 1.00
2026-06-15 13:04:48   [34/45] Processing Query Q34...
2026-06-15 13:05:11     Query Q34 Score: 0.95
2026-06-15 13:05:11   [35/45] Processing Query Q35...
2026-06-15 13:05:33     Query Q35 Score: 1.00
2026-06-15 13:05:33   [36/45] Processing Query Q36...
2026-06-15 13:05:57     Query Q36 Score: 0.50
2026-06-15 13:05:57   [37/45] Processing Query Q37...
2026-06-15 13:06:21     Query Q37 Score: 0.95
2026-06-15 13:06:21   [38/45] Processing Query Q38...
2026-06-15 13:06:44     Query Q38 Score: 0.60
2026-06-15 13:06:44   [39/45] Processing Query Q39...
2026-06-15 13:07:08     Query Q39 Score: 1.00
2026-06-15 13:07:08   [40/45] Processing Query Q40...
2026-06-15 13:07:32     Query Q40 Score: 0.95
2026-06-15 13:07:32   [41/45] Processing Query Q41...
2026-06-15 13:07:56     Query Q41 Score: 1.00
2026-06-15 13:07:56   [42/45] Processing Query Q42...
2026-06-15 13:08:19     Query Q42 Score: 1.00
2026-06-15 13:08:19   [43/45] Processing Query Q43...
2026-06-15 13:08:43     Query Q43 Score: 1.00
2026-06-15 13:08:43   [44/45] Processing Query Q48...
2026-06-15 13:09:08     Query Q48 Score: 0.95
2026-06-15 13:09:08   [45/45] Processing Query Q49...
2026-06-15 13:09:34     Query Q49 Score: 0.40
2026-06-15 13:09:34 Saved validation results to D:\TFM\Model Evaluation\autoresearch\archive\run_20260612_132729\outputs\validation_results_iter39_20260615_130934.csv
2026-06-15 13:09:34 Validation run completed. Overall Mean Score: 0.8833
2026-06-15 13:09:34 Candidate Score: 0.8833 (Delta: +0.0056)
2026-06-15 13:09:34 >>> SUCCESS: Score improved! Saving new champion prompt.
2026-06-15 13:09:34 Iteration #39 logged successfully to experiments.json.
2026-06-15 13:09:34 
2026-06-15 13:09:34 =========================================
2026-06-15 13:09:34 STARTING ITERATION #40
2026-06-15 13:09:34 =========================================
2026-06-15 13:09:34 Current Champion Score: 0.8833
2026-06-15 13:09:34 Failing queries to fix: 20
2026-06-15 13:09:34 Calling Optimizer Agent to refine instructions...
2026-06-15 13:20:31 Starting validation run on 45 queries...
2026-06-15 13:20:31   [1/45] Processing Query Q01...
2026-06-15 13:20:54     Query Q01 Score: 1.00
2026-06-15 13:20:54   [2/45] Processing Query Q02...
2026-06-15 13:21:20     Query Q02 Score: 0.85
2026-06-15 13:21:20   [3/45] Processing Query Q03...
2026-06-15 13:21:44     Query Q03 Score: 1.00
2026-06-15 13:21:44   [4/45] Processing Query Q04...
2026-06-15 13:22:09     Query Q04 Score: 1.00
2026-06-15 13:22:09   [5/45] Processing Query Q05...
2026-06-15 13:22:33     Query Q05 Score: 0.50
2026-06-15 13:22:33   [6/45] Processing Query Q06...
2026-06-15 13:22:57     Query Q06 Score: 1.00
2026-06-15 13:22:57   [7/45] Processing Query Q07...
2026-06-15 13:23:21     Query Q07 Score: 1.00
2026-06-15 13:23:21   [8/45] Processing Query Q08...
2026-06-15 13:23:45     Query Q08 Score: 1.00
2026-06-15 13:23:45   [9/45] Processing Query Q09...
2026-06-15 13:24:17     Query Q09 Score: 0.40
2026-06-15 13:24:17   [10/45] Processing Query Q10...
2026-06-15 13:24:43     Query Q10 Score: 0.40
2026-06-15 13:24:43   [11/45] Processing Query Q11...
2026-06-15 13:25:18     Query Q11 Score: 1.00
2026-06-15 13:25:18   [12/45] Processing Query Q12...
2026-06-15 13:25:41     Query Q12 Score: 0.75
2026-06-15 13:25:41   [13/45] Processing Query Q13...
2026-06-15 13:26:06     Query Q13 Score: 0.50
2026-06-15 13:26:06   [14/45] Processing Query Q14...
2026-06-15 13:26:30     Query Q14 Score: 0.95
2026-06-15 13:26:30   [15/45] Processing Query Q15...
2026-06-15 13:26:55     Query Q15 Score: 1.00
2026-06-15 13:26:55   [16/45] Processing Query Q16...
2026-06-15 13:27:20     Query Q16 Score: 1.00
2026-06-15 13:27:20   [17/45] Processing Query Q17...
2026-06-15 13:27:43     Query Q17 Score: 1.00
2026-06-15 13:27:43   [18/45] Processing Query Q18...
2026-06-15 13:28:07     Query Q18 Score: 0.85
2026-06-15 13:28:07   [19/45] Processing Query Q19...
2026-06-15 13:28:30     Query Q19 Score: 1.00
2026-06-15 13:28:30   [20/45] Processing Query Q20...
2026-06-15 13:28:53     Query Q20 Score: 0.90
2026-06-15 13:28:53   [21/45] Processing Query Q21...
2026-06-15 13:29:21     Query Q21 Score: 0.95
2026-06-15 13:29:21   [22/45] Processing Query Q22...
2026-06-15 13:29:45     Query Q22 Score: 1.00
2026-06-15 13:29:45   [23/45] Processing Query Q23...
2026-06-15 13:30:21     Query Q23 Score: 0.40
2026-06-15 13:30:21   [24/45] Processing Query Q24...
2026-06-15 13:30:44     Query Q24 Score: 0.95
2026-06-15 13:30:44   [25/45] Processing Query Q25...
2026-06-15 13:31:08     Query Q25 Score: 1.00
2026-06-15 13:31:08   [26/45] Processing Query Q26...
2026-06-15 13:31:30     Query Q26 Score: 1.00
2026-06-15 13:31:30   [27/45] Processing Query Q27...
2026-06-15 13:32:12     Query Q27 Score: 0.75
2026-06-15 13:32:12   [28/45] Processing Query Q28...
2026-06-15 13:32:35     Query Q28 Score: 1.00
2026-06-15 13:32:35   [29/45] Processing Query Q29...
2026-06-15 13:32:59     Query Q29 Score: 0.90
2026-06-15 13:32:59   [30/45] Processing Query Q30...
2026-06-15 13:33:23     Query Q30 Score: 1.00
2026-06-15 13:33:23   [31/45] Processing Query Q31...
2026-06-15 13:33:47     Query Q31 Score: 0.95
2026-06-15 13:33:47   [32/45] Processing Query Q32...
2026-06-15 13:34:12     Query Q32 Score: 0.85
2026-06-15 13:34:12   [33/45] Processing Query Q33...
2026-06-15 13:34:54     Query Q33 Score: 1.00
2026-06-15 13:34:54   [34/45] Processing Query Q34...
2026-06-15 13:35:18     Query Q34 Score: 1.00
2026-06-15 13:35:18   [35/45] Processing Query Q35...
2026-06-15 13:35:41     Query Q35 Score: 1.00
2026-06-15 13:35:41   [36/45] Processing Query Q36...
2026-06-15 13:36:06     Query Q36 Score: 1.00
2026-06-15 13:36:06   [37/45] Processing Query Q37...
2026-06-15 13:36:30     Query Q37 Score: 0.85
2026-06-15 13:36:30   [38/45] Processing Query Q38...
2026-06-15 13:37:00     Query Q38 Score: 0.85
2026-06-15 13:37:00   [39/45] Processing Query Q39...
2026-06-15 13:37:23     Query Q39 Score: 1.00
2026-06-15 13:37:23   [40/45] Processing Query Q40...
2026-06-15 13:37:47     Query Q40 Score: 0.95
2026-06-15 13:37:47   [41/45] Processing Query Q41...
2026-06-15 13:38:11     Query Q41 Score: 1.00
2026-06-15 13:38:11   [42/45] Processing Query Q42...
2026-06-15 13:38:35     Query Q42 Score: 1.00
2026-06-15 13:38:35   [43/45] Processing Query Q43...
2026-06-15 13:39:00     Query Q43 Score: 0.75
2026-06-15 13:39:00   [44/45] Processing Query Q48...
2026-06-15 13:39:25     Query Q48 Score: 0.75
2026-06-15 13:39:25   [45/45] Processing Query Q49...
2026-06-15 13:39:50     Query Q49 Score: 0.40
2026-06-15 13:39:50 Saved validation results to D:\TFM\Model Evaluation\autoresearch\archive\run_20260612_132729\outputs\validation_results_iter40_20260615_133950.csv
2026-06-15 13:39:50 Validation run completed. Overall Mean Score: 0.8756
2026-06-15 13:39:50 Candidate Score: 0.8756 (Delta: -0.0078)
2026-06-15 13:39:50 >>> FAILURE: Score did not improve. Discarding changes.
2026-06-15 13:39:50 Iteration #40 logged successfully to experiments.json.
2026-06-15 13:39:50 
2026-06-15 13:39:50 =========================================
2026-06-15 13:39:50 STARTING ITERATION #41
2026-06-15 13:39:50 =========================================
2026-06-15 13:39:50 Current Champion Score: 0.8833
2026-06-15 13:39:50 Failing queries to fix: 20
2026-06-15 13:39:50 Calling Optimizer Agent to refine instructions...
2026-06-15 13:50:43 Starting validation run on 45 queries...
2026-06-15 13:50:43   [1/45] Processing Query Q01...
2026-06-15 13:51:06     Query Q01 Score: 1.00
2026-06-15 13:51:06   [2/45] Processing Query Q02...
2026-06-15 13:51:30     Query Q02 Score: 1.00
2026-06-15 13:51:30   [3/45] Processing Query Q03...
2026-06-15 13:51:54     Query Q03 Score: 1.00
2026-06-15 13:51:54   [4/45] Processing Query Q04...
2026-06-15 13:52:19     Query Q04 Score: 0.50
2026-06-15 13:52:19   [5/45] Processing Query Q05...
2026-06-15 13:52:44     Query Q05 Score: 0.40
2026-06-15 13:52:44   [6/45] Processing Query Q06...
2026-06-15 13:53:08     Query Q06 Score: 1.00
2026-06-15 13:53:08   [7/45] Processing Query Q07...
2026-06-15 13:53:32     Query Q07 Score: 1.00
2026-06-15 13:53:32   [8/45] Processing Query Q08...
2026-06-15 13:53:56     Query Q08 Score: 1.00
2026-06-15 13:53:56   [9/45] Processing Query Q09...
2026-06-15 13:54:25     Query Q09 Score: 0.40
2026-06-15 13:54:25   [10/45] Processing Query Q10...
2026-06-15 13:54:50     Query Q10 Score: 0.75
2026-06-15 13:54:50   [11/45] Processing Query Q11...
2026-06-15 13:55:18     Query Q11 Score: 0.50
2026-06-15 13:55:18   [12/45] Processing Query Q12...
2026-06-15 13:55:41     Query Q12 Score: 0.75
2026-06-15 13:55:41   [13/45] Processing Query Q13...
2026-06-15 13:56:06     Query Q13 Score: 0.40
2026-06-15 13:56:06   [14/45] Processing Query Q14...
2026-06-15 13:56:32     Query Q14 Score: 1.00
2026-06-15 13:56:32   [15/45] Processing Query Q15...
2026-06-15 13:56:57     Query Q15 Score: 1.00
2026-06-15 13:56:57   [16/45] Processing Query Q16...
2026-06-15 13:57:48     Query Q16 Score: 0.50
2026-06-15 13:57:48   [17/45] Processing Query Q17...
2026-06-15 13:58:12     Query Q17 Score: 0.95
2026-06-15 13:58:12   [18/45] Processing Query Q18...
2026-06-15 13:58:36     Query Q18 Score: 0.65
2026-06-15 13:58:36   [19/45] Processing Query Q19...
2026-06-15 13:58:59     Query Q19 Score: 1.00
2026-06-15 13:58:59   [20/45] Processing Query Q20...
2026-06-15 13:59:23     Query Q20 Score: 0.90
2026-06-15 13:59:23   [21/45] Processing Query Q21...
2026-06-15 13:59:46     Query Q21 Score: 1.00
2026-06-15 13:59:46   [22/45] Processing Query Q22...
2026-06-15 14:00:10     Query Q22 Score: 1.00
2026-06-15 14:00:10   [23/45] Processing Query Q23...
2026-06-15 14:00:48     Query Q23 Score: 0.95
2026-06-15 14:00:48   [24/45] Processing Query Q24...
2026-06-15 14:01:11     Query Q24 Score: 0.50
2026-06-15 14:01:11   [25/45] Processing Query Q25...
2026-06-15 14:01:35     Query Q25 Score: 1.00
2026-06-15 14:01:35   [26/45] Processing Query Q26...
2026-06-15 14:01:57     Query Q26 Score: 1.00
2026-06-15 14:01:57   [27/45] Processing Query Q27...
2026-06-15 14:02:21     Query Q27 Score: 0.60
2026-06-15 14:02:21   [28/45] Processing Query Q28...
2026-06-15 14:02:43     Query Q28 Score: 1.00
2026-06-15 14:02:43   [29/45] Processing Query Q29...
2026-06-15 14:03:09     Query Q29 Score: 1.00
2026-06-15 14:03:09   [30/45] Processing Query Q30...
2026-06-15 14:03:37     Query Q30 Score: 1.00
2026-06-15 14:03:37   [31/45] Processing Query Q31...
2026-06-15 14:04:02     Query Q31 Score: 1.00
2026-06-15 14:04:02   [32/45] Processing Query Q32...
2026-06-15 14:04:28     Query Q32 Score: 0.50
2026-06-15 14:04:28   [33/45] Processing Query Q33...
2026-06-15 14:05:16     Query Q33 Score: 1.00
2026-06-15 14:05:16   [34/45] Processing Query Q34...
2026-06-15 14:05:40     Query Q34 Score: 1.00
2026-06-15 14:05:40   [35/45] Processing Query Q35...
2026-06-15 14:06:02     Query Q35 Score: 1.00
2026-06-15 14:06:02   [36/45] Processing Query Q36...
2026-06-15 14:06:27     Query Q36 Score: 0.50
2026-06-15 14:06:27   [37/45] Processing Query Q37...
2026-06-15 14:06:51     Query Q37 Score: 0.95
2026-06-15 14:06:51   [38/45] Processing Query Q38...
2026-06-15 14:07:15     Query Q38 Score: 0.85
2026-06-15 14:07:15   [39/45] Processing Query Q39...
2026-06-15 14:07:39     Query Q39 Score: 0.95
2026-06-15 14:07:39   [40/45] Processing Query Q40...
2026-06-15 14:08:03     Query Q40 Score: 0.95
2026-06-15 14:08:03   [41/45] Processing Query Q41...
2026-06-15 14:08:28     Query Q41 Score: 1.00
2026-06-15 14:08:28   [42/45] Processing Query Q42...
2026-06-15 14:08:52     Query Q42 Score: 1.00
2026-06-15 14:08:52   [43/45] Processing Query Q43...
2026-06-15 14:09:16     Query Q43 Score: 1.00
2026-06-15 14:09:16   [44/45] Processing Query Q48...
2026-06-15 14:09:49     Query Q48 Score: 0.95
2026-06-15 14:09:49   [45/45] Processing Query Q49...
2026-06-15 14:10:29     Query Q49 Score: 1.00
2026-06-15 14:10:29 Saved validation results to D:\TFM\Model Evaluation\autoresearch\archive\run_20260612_132729\outputs\validation_results_iter41_20260615_141029.csv
2026-06-15 14:10:29 Validation run completed. Overall Mean Score: 0.8533
2026-06-15 14:10:29 Candidate Score: 0.8533 (Delta: -0.0300)
2026-06-15 14:10:29 >>> FAILURE: Score did not improve. Discarding changes.
2026-06-15 14:10:29 Iteration #41 logged successfully to experiments.json.
2026-06-15 14:10:29 
2026-06-15 14:10:29 =========================================
2026-06-15 14:10:29 STARTING ITERATION #42
2026-06-15 14:10:29 =========================================
2026-06-15 14:10:29 Current Champion Score: 0.8833
2026-06-15 14:10:29 Failing queries to fix: 20
2026-06-15 14:10:29 Calling Optimizer Agent to refine instructions...
2026-06-15 14:22:24 Starting validation run on 45 queries...
2026-06-15 14:22:24   [1/45] Processing Query Q01...
2026-06-15 14:22:48     Query Q01 Score: 1.00
2026-06-15 14:22:48   [2/45] Processing Query Q02...
2026-06-15 14:23:12     Query Q02 Score: 0.95
2026-06-15 14:23:12   [3/45] Processing Query Q03...
2026-06-15 14:23:36     Query Q03 Score: 1.00
2026-06-15 14:23:36   [4/45] Processing Query Q04...
2026-06-15 14:24:01     Query Q04 Score: 0.50
2026-06-15 14:24:01   [5/45] Processing Query Q05...
2026-06-15 14:24:25     Query Q05 Score: 0.50
2026-06-15 14:24:25   [6/45] Processing Query Q06...
2026-06-15 14:24:50     Query Q06 Score: 0.50
2026-06-15 14:24:50   [7/45] Processing Query Q07...
2026-06-15 14:25:14     Query Q07 Score: 1.00
2026-06-15 14:25:14   [8/45] Processing Query Q08...
2026-06-15 14:25:38     Query Q08 Score: 1.00
2026-06-15 14:25:38   [9/45] Processing Query Q09...
2026-06-15 14:26:06     Query Q09 Score: 0.40
2026-06-15 14:26:06   [10/45] Processing Query Q10...
2026-06-15 14:26:33     Query Q10 Score: 0.50
2026-06-15 14:26:33   [11/45] Processing Query Q11...
2026-06-15 14:27:01     Query Q11 Score: 0.40
2026-06-15 14:27:01   [12/45] Processing Query Q12...
2026-06-15 14:27:24     Query Q12 Score: 0.75
2026-06-15 14:27:24   [13/45] Processing Query Q13...
2026-06-15 14:27:50     Query Q13 Score: 0.50
2026-06-15 14:27:50   [14/45] Processing Query Q14...
2026-06-15 14:28:13     Query Q14 Score: 0.50
2026-06-15 14:28:13   [15/45] Processing Query Q15...
2026-06-15 14:28:38     Query Q15 Score: 1.00
2026-06-15 14:28:38   [16/45] Processing Query Q16...
2026-06-15 14:29:02     Query Q16 Score: 0.50
2026-06-15 14:29:02   [17/45] Processing Query Q17...
2026-06-15 14:29:25     Query Q17 Score: 0.50
2026-06-15 14:29:25   [18/45] Processing Query Q18...
2026-06-15 14:29:49     Query Q18 Score: 0.75
2026-06-15 14:29:49   [19/45] Processing Query Q19...
2026-06-15 14:30:11     Query Q19 Score: 1.00
2026-06-15 14:30:11   [20/45] Processing Query Q20...
2026-06-15 14:30:36     Query Q20 Score: 0.90
2026-06-15 14:30:36   [21/45] Processing Query Q21...
2026-06-15 14:30:59     Query Q21 Score: 1.00
2026-06-15 14:30:59   [22/45] Processing Query Q22...
2026-06-15 14:31:23     Query Q22 Score: 1.00
2026-06-15 14:31:23   [23/45] Processing Query Q23...
2026-06-15 14:32:15     Query Q23 Score: 0.60
2026-06-15 14:32:15   [24/45] Processing Query Q24...
2026-06-15 14:32:46     Query Q24 Score: 0.95
2026-06-15 14:32:46   [25/45] Processing Query Q25...
2026-06-15 14:33:09     Query Q25 Score: 0.95
2026-06-15 14:33:09   [26/45] Processing Query Q26...
2026-06-15 14:33:32     Query Q26 Score: 1.00
2026-06-15 14:33:32   [27/45] Processing Query Q27...
2026-06-15 14:33:55     Query Q27 Score: 1.00
2026-06-15 14:33:55   [28/45] Processing Query Q28...
2026-06-15 14:34:17     Query Q28 Score: 1.00
2026-06-15 14:34:17   [29/45] Processing Query Q29...
2026-06-15 14:34:40     Query Q29 Score: 0.60
2026-06-15 14:34:40   [30/45] Processing Query Q30...
2026-06-15 14:35:04     Query Q30 Score: 1.00
2026-06-15 14:35:04   [31/45] Processing Query Q31...
2026-06-15 14:35:27     Query Q31 Score: 1.00
2026-06-15 14:35:27   [32/45] Processing Query Q32...
2026-06-15 14:35:52     Query Q32 Score: 0.75
2026-06-15 14:35:52   [33/45] Processing Query Q33...
2026-06-15 14:36:17     Query Q33 Score: 1.00
2026-06-15 14:36:17   [34/45] Processing Query Q34...
2026-06-15 14:36:40     Query Q34 Score: 0.95
2026-06-15 14:36:40   [35/45] Processing Query Q35...
2026-06-15 14:37:02     Query Q35 Score: 1.00
2026-06-15 14:37:02   [36/45] Processing Query Q36...
2026-06-15 14:37:26     Query Q36 Score: 0.40
2026-06-15 14:37:26   [37/45] Processing Query Q37...
2026-06-15 14:37:50     Query Q37 Score: 0.95
2026-06-15 14:37:50   [38/45] Processing Query Q38...
2026-06-15 14:38:13     Query Q38 Score: 0.60
2026-06-15 14:38:13   [39/45] Processing Query Q39...
2026-06-15 14:38:36     Query Q39 Score: 1.00
2026-06-15 14:38:36   [40/45] Processing Query Q40...
2026-06-15 14:39:00     Query Q40 Score: 0.95
2026-06-15 14:39:00   [41/45] Processing Query Q41...
2026-06-15 14:39:25     Query Q41 Score: 1.00
2026-06-15 14:39:25   [42/45] Processing Query Q42...
2026-06-15 14:39:47     Query Q42 Score: 1.00
2026-06-15 14:39:47   [43/45] Processing Query Q43...
2026-06-15 14:40:12     Query Q43 Score: 0.75
2026-06-15 14:40:12   [44/45] Processing Query Q48...
2026-06-15 14:40:37     Query Q48 Score: 1.00
2026-06-15 14:40:37   [45/45] Processing Query Q49...
2026-06-15 14:41:02     Query Q49 Score: 0.75
2026-06-15 14:41:02 Saved validation results to D:\TFM\Model Evaluation\autoresearch\archive\run_20260612_132729\outputs\validation_results_iter42_20260615_144102.csv
2026-06-15 14:41:02 Validation run completed. Overall Mean Score: 0.8078
2026-06-15 14:41:02 Candidate Score: 0.8078 (Delta: -0.0756)
2026-06-15 14:41:02 >>> FAILURE: Score did not improve. Discarding changes.
2026-06-15 14:41:02 Iteration #42 logged successfully to experiments.json.
2026-06-15 14:41:02 Graceful stop flagged via 'D:\TFM\Model Evaluation\autoresearch\stop.txt' file. Exiting loop cleanly.
2026-06-15 14:41:02 
2026-06-15 14:41:02 Optimization process completed.
2026-06-15 14:41:02 Best prompt found at iteration #39 with Score: 0.8833
2026-06-15 16:04:54 Resuming optimization loop from iteration #43.
2026-06-15 16:04:54 Current champion established at iteration #39 with Score: 0.8833
2026-06-15 16:04:54 
2026-06-15 16:04:54 Entering optimization loop...
2026-06-15 16:04:54 
2026-06-15 16:04:54 =========================================
2026-06-15 16:04:54 STARTING ITERATION #43
2026-06-15 16:04:54 =========================================
2026-06-15 16:04:54 Current Champion Score: 0.8833
2026-06-15 16:04:54 Failing queries to fix: 20
2026-06-15 16:04:54 Calling Optimizer Agent to refine instructions...
2026-06-15 16:16:00 Starting validation run on 45 queries...
2026-06-15 16:16:00   [1/45] Processing Query Q01...
2026-06-15 16:16:41     Query Q01 Score: 1.00
2026-06-15 16:16:41   [2/45] Processing Query Q02...
2026-06-15 16:17:08     Query Q02 Score: 1.00
2026-06-15 16:17:08   [3/45] Processing Query Q03...
2026-06-15 16:17:35     Query Q03 Score: 1.00
2026-06-15 16:17:35   [4/45] Processing Query Q04...
2026-06-15 16:18:03     Query Q04 Score: 0.50
2026-06-15 16:18:03   [5/45] Processing Query Q05...
2026-06-15 16:18:30     Query Q05 Score: 0.50
2026-06-15 16:18:30   [6/45] Processing Query Q06...
2026-06-15 16:18:56     Query Q06 Score: 0.50
2026-06-15 16:18:56   [7/45] Processing Query Q07...
2026-06-15 16:19:20     Query Q07 Score: 1.00
2026-06-15 16:19:20   [8/45] Processing Query Q08...
2026-06-15 16:19:45     Query Q08 Score: 1.00
2026-06-15 16:19:45   [9/45] Processing Query Q09...
2026-06-15 16:20:15     Query Q09 Score: 0.40
2026-06-15 16:20:15   [10/45] Processing Query Q10...
2026-06-15 16:20:41     Query Q10 Score: 0.40
2026-06-15 16:20:41   [11/45] Processing Query Q11...
2026-06-15 16:21:09     Query Q11 Score: 0.40
2026-06-15 16:21:09   [12/45] Processing Query Q12...
2026-06-15 16:21:32     Query Q12 Score: 0.75
2026-06-15 16:21:32   [13/45] Processing Query Q13...
2026-06-15 16:21:58     Query Q13 Score: 0.50
2026-06-15 16:21:58   [14/45] Processing Query Q14...
2026-06-15 16:22:22     Query Q14 Score: 1.00
2026-06-15 16:22:22   [15/45] Processing Query Q15...
2026-06-15 16:22:46     Query Q15 Score: 1.00
2026-06-15 16:22:46   [16/45] Processing Query Q16...
2026-06-15 16:23:12     Query Q16 Score: 1.00
2026-06-15 16:23:12   [17/45] Processing Query Q17...
2026-06-15 16:23:36     Query Q17 Score: 1.00
2026-06-15 16:23:36   [18/45] Processing Query Q18...
2026-06-15 16:24:00     Query Q18 Score: 1.00
2026-06-15 16:24:00   [19/45] Processing Query Q19...
2026-06-15 16:24:24     Query Q19 Score: 1.00
2026-06-15 16:24:24   [20/45] Processing Query Q20...
2026-06-15 16:24:48     Query Q20 Score: 0.90
2026-06-15 16:24:48   [21/45] Processing Query Q21...
2026-06-15 16:25:11     Query Q21 Score: 1.00
2026-06-15 16:25:11   [22/45] Processing Query Q22...
2026-06-15 16:25:35     Query Q22 Score: 1.00
2026-06-15 16:25:35   [23/45] Processing Query Q23...
2026-06-15 16:26:00     Query Q23 Score: 0.75
2026-06-15 16:26:00   [24/45] Processing Query Q24...
2026-06-15 16:26:24     Query Q24 Score: 0.50
2026-06-15 16:26:24   [25/45] Processing Query Q25...
2026-06-15 16:26:48     Query Q25 Score: 1.00
2026-06-15 16:26:48   [26/45] Processing Query Q26...
2026-06-15 16:27:10     Query Q26 Score: 1.00
2026-06-15 16:27:10   [27/45] Processing Query Q27...
2026-06-15 16:27:34     Query Q27 Score: 0.40
2026-06-15 16:27:34   [28/45] Processing Query Q28...
2026-06-15 16:27:58     Query Q28 Score: 1.00
2026-06-15 16:27:58   [29/45] Processing Query Q29...
2026-06-15 16:28:23     Query Q29 Score: 1.00
2026-06-15 16:28:23   [30/45] Processing Query Q30...
2026-06-15 16:28:46     Query Q30 Score: 1.00
2026-06-15 16:28:46   [31/45] Processing Query Q31...
2026-06-15 16:29:09     Query Q31 Score: 1.00
2026-06-15 16:29:09   [32/45] Processing Query Q32...
2026-06-15 16:29:34     Query Q32 Score: 0.50
2026-06-15 16:29:34   [33/45] Processing Query Q33...
2026-06-15 16:30:08     Query Q33 Score: 1.00
2026-06-15 16:30:08   [34/45] Processing Query Q34...
2026-06-15 16:30:33     Query Q34 Score: 0.95
2026-06-15 16:30:33   [35/45] Processing Query Q35...
2026-06-15 16:30:57     Query Q35 Score: 1.00
2026-06-15 16:30:57   [36/45] Processing Query Q36...
2026-06-15 16:31:21     Query Q36 Score: 0.60
2026-06-15 16:31:21   [37/45] Processing Query Q37...
2026-06-15 16:31:44     Query Q37 Score: 0.95
2026-06-15 16:31:44   [38/45] Processing Query Q38...
2026-06-15 16:32:08     Query Q38 Score: 0.60
2026-06-15 16:32:08   [39/45] Processing Query Q39...
2026-06-15 16:32:32     Query Q39 Score: 1.00
2026-06-15 16:32:32   [40/45] Processing Query Q40...
2026-06-15 16:32:56     Query Q40 Score: 0.95
2026-06-15 16:32:56   [41/45] Processing Query Q41...
2026-06-15 16:33:21     Query Q41 Score: 1.00
2026-06-15 16:33:21   [42/45] Processing Query Q42...
2026-06-15 16:33:46     Query Q42 Score: 1.00
2026-06-15 16:33:46   [43/45] Processing Query Q43...
2026-06-15 16:34:11     Query Q43 Score: 1.00
2026-06-15 16:34:11   [44/45] Processing Query Q48...
2026-06-15 16:34:37     Query Q48 Score: 0.75
2026-06-15 16:34:37   [45/45] Processing Query Q49...
2026-06-15 16:35:05     Query Q49 Score: 0.40
2026-06-15 16:35:05 Saved validation results to D:\TFM\Model Evaluation\autoresearch\archive\run_20260612_132729\outputs\validation_results_iter43_20260615_163505.csv
2026-06-15 16:35:05 Validation run completed. Overall Mean Score: 0.8267
2026-06-15 16:35:05 Candidate Score: 0.8267 (Delta: -0.0567)
2026-06-15 16:35:05 >>> FAILURE: Score did not improve. Discarding changes.
2026-06-15 16:35:05 Iteration #43 logged successfully to experiments.json.
2026-06-15 16:35:05 
2026-06-15 16:35:05 =========================================
2026-06-15 16:35:05 STARTING ITERATION #44
2026-06-15 16:35:05 =========================================
2026-06-15 16:35:05 Current Champion Score: 0.8833
2026-06-15 16:35:05 Failing queries to fix: 20
2026-06-15 16:35:05 Calling Optimizer Agent to refine instructions...
2026-06-15 16:46:25 Starting validation run on 45 queries...
2026-06-15 16:46:25   [1/45] Processing Query Q01...
2026-06-15 16:46:52     Query Q01 Score: 1.00
2026-06-15 16:46:52   [2/45] Processing Query Q02...
2026-06-15 16:47:16     Query Q02 Score: 1.00
2026-06-15 16:47:16   [3/45] Processing Query Q03...
2026-06-15 16:47:41     Query Q03 Score: 1.00
2026-06-15 16:47:41   [4/45] Processing Query Q04...
2026-06-15 16:48:06     Query Q04 Score: 0.50
2026-06-15 16:48:06   [5/45] Processing Query Q05...
2026-06-15 16:48:31     Query Q05 Score: 0.50
2026-06-15 16:48:31   [6/45] Processing Query Q06...
2026-06-15 16:48:55     Query Q06 Score: 1.00
2026-06-15 16:48:55   [7/45] Processing Query Q07...
2026-06-15 16:49:20     Query Q07 Score: 1.00
2026-06-15 16:49:20   [8/45] Processing Query Q08...
2026-06-15 16:49:43     Query Q08 Score: 1.00
2026-06-15 16:49:43   [9/45] Processing Query Q09...
2026-06-15 16:50:14     Query Q09 Score: 0.30
2026-06-15 16:50:14   [10/45] Processing Query Q10...
2026-06-15 16:50:44     Query Q10 Score: 0.95
2026-06-15 16:50:44   [11/45] Processing Query Q11...
2026-06-15 16:51:10     Query Q11 Score: 0.50
2026-06-15 16:51:10   [12/45] Processing Query Q12...
2026-06-15 16:51:33     Query Q12 Score: 0.75
2026-06-15 16:51:33   [13/45] Processing Query Q13...
2026-06-15 16:52:03     Query Q13 Score: 0.50
2026-06-15 16:52:03   [14/45] Processing Query Q14...
2026-06-15 16:52:26     Query Q14 Score: 1.00
2026-06-15 16:52:26   [15/45] Processing Query Q15...
2026-06-15 16:52:52     Query Q15 Score: 1.00
2026-06-15 16:52:52   [16/45] Processing Query Q16...
2026-06-15 16:53:41     Query Q16 Score: 1.00
2026-06-15 16:53:41   [17/45] Processing Query Q17...
2026-06-15 16:54:05     Query Q17 Score: 1.00
2026-06-15 16:54:05   [18/45] Processing Query Q18...
2026-06-15 16:54:30     Query Q18 Score: 0.75
2026-06-15 16:54:30   [19/45] Processing Query Q19...
2026-06-15 16:55:03     Query Q19 Score: 0.75
2026-06-15 16:55:03   [20/45] Processing Query Q20...
2026-06-15 16:55:28     Query Q20 Score: 0.90
2026-06-15 16:55:28   [21/45] Processing Query Q21...
2026-06-15 16:56:03     Query Q21 Score: 0.60
2026-06-15 16:56:03   [22/45] Processing Query Q22...
2026-06-15 16:56:27     Query Q22 Score: 1.00
2026-06-15 16:56:27   [23/45] Processing Query Q23...
2026-06-15 16:57:13     Query Q23 Score: 0.40
2026-06-15 16:57:13   [24/45] Processing Query Q24...
2026-06-15 16:57:54     Query Q24 Score: 1.00
2026-06-15 16:57:54   [25/45] Processing Query Q25...
2026-06-15 16:58:21     Query Q25 Score: 1.00
2026-06-15 16:58:21   [26/45] Processing Query Q26...
2026-06-15 16:58:47     Query Q26 Score: 1.00
2026-06-15 16:58:47   [27/45] Processing Query Q27...
2026-06-15 16:59:16     Query Q27 Score: 0.75
2026-06-15 16:59:16   [28/45] Processing Query Q28...
2026-06-15 16:59:43     Query Q28 Score: 1.00
2026-06-15 16:59:43   [29/45] Processing Query Q29...
2026-06-15 17:00:12     Query Q29 Score: 1.00
2026-06-15 17:00:12   [30/45] Processing Query Q30...
2026-06-15 17:00:48     Query Q30 Score: 1.00
2026-06-15 17:00:48   [31/45] Processing Query Q31...
2026-06-15 17:01:16     Query Q31 Score: 1.00
2026-06-15 17:01:16   [32/45] Processing Query Q32...
2026-06-15 17:01:54     Query Q32 Score: 0.50
2026-06-15 17:01:54   [33/45] Processing Query Q33...
2026-06-15 17:02:36     Query Q33 Score: 1.00
2026-06-15 17:02:36   [34/45] Processing Query Q34...
2026-06-15 17:03:03     Query Q34 Score: 0.95
2026-06-15 17:03:03   [35/45] Processing Query Q35...
2026-06-15 17:03:29     Query Q35 Score: 1.00
2026-06-15 17:03:29   [36/45] Processing Query Q36...
2026-06-15 17:03:57     Query Q36 Score: 0.95
2026-06-15 17:03:57   [37/45] Processing Query Q37...
2026-06-15 17:04:26     Query Q37 Score: 0.85
2026-06-15 17:04:26   [38/45] Processing Query Q38...
2026-06-15 17:04:55     Query Q38 Score: 0.60
2026-06-15 17:04:55   [39/45] Processing Query Q39...
2026-06-15 17:05:21     Query Q39 Score: 1.00
2026-06-15 17:05:21   [40/45] Processing Query Q40...
2026-06-15 17:05:51     Query Q40 Score: 0.95
2026-06-15 17:05:51   [41/45] Processing Query Q41...
2026-06-15 17:06:19     Query Q41 Score: 1.00
2026-06-15 17:06:19   [42/45] Processing Query Q42...
2026-06-15 17:06:47     Query Q42 Score: 1.00
2026-06-15 17:06:47   [43/45] Processing Query Q43...
2026-06-15 17:07:15     Query Q43 Score: 1.00
2026-06-15 17:07:15   [44/45] Processing Query Q48...
2026-06-15 17:07:45     Query Q48 Score: 0.75
2026-06-15 17:07:45   [45/45] Processing Query Q49...
2026-06-15 17:08:14     Query Q49 Score: 0.40
2026-06-15 17:08:14 Saved validation results to D:\TFM\Model Evaluation\autoresearch\archive\run_20260612_132729\outputs\validation_results_iter44_20260615_170814.csv
2026-06-15 17:08:14 Validation run completed. Overall Mean Score: 0.8467
2026-06-15 17:08:14 Candidate Score: 0.8467 (Delta: -0.0367)
2026-06-15 17:08:14 >>> FAILURE: Score did not improve. Discarding changes.
2026-06-15 17:08:14 Iteration #44 logged successfully to experiments.json.
2026-06-15 17:08:14 
2026-06-15 17:08:14 =========================================
2026-06-15 17:08:14 STARTING ITERATION #45
2026-06-15 17:08:14 =========================================
2026-06-15 17:08:14 Current Champion Score: 0.8833
2026-06-15 17:08:14 Failing queries to fix: 20
2026-06-15 17:08:14 Calling Optimizer Agent to refine instructions...
2026-06-15 17:20:50 Starting validation run on 45 queries...
2026-06-15 17:20:50   [1/45] Processing Query Q01...
2026-06-15 17:21:22     Query Q01 Score: 1.00
2026-06-15 17:21:22   [2/45] Processing Query Q02...
2026-06-15 17:22:01     Query Q02 Score: 1.00
2026-06-15 17:22:01   [3/45] Processing Query Q03...
2026-06-15 17:22:28     Query Q03 Score: 1.00
2026-06-15 17:22:28   [4/45] Processing Query Q04...
2026-06-15 17:22:56     Query Q04 Score: 0.50
2026-06-15 17:22:56   [5/45] Processing Query Q05...
2026-06-15 17:23:25     Query Q05 Score: 0.50
2026-06-15 17:23:25   [6/45] Processing Query Q06...
2026-06-15 17:23:52     Query Q06 Score: 0.50
2026-06-15 17:23:52   [7/45] Processing Query Q07...
2026-06-15 17:24:59     Query Q07 Score: 1.00
2026-06-15 17:24:59   [8/45] Processing Query Q08...
2026-06-15 17:25:46     Query Q08 Score: 1.00
2026-06-15 17:25:46   [9/45] Processing Query Q09...
2026-06-15 17:26:35     Query Q09 Score: 0.50
2026-06-15 17:26:35   [10/45] Processing Query Q10...
2026-06-15 17:27:02     Query Q10 Score: 0.85
2026-06-15 17:27:02   [11/45] Processing Query Q11...
2026-06-15 17:27:29     Query Q11 Score: 0.50
2026-06-15 17:27:29   [12/45] Processing Query Q12...
2026-06-15 17:27:53     Query Q12 Score: 0.75
2026-06-15 17:27:53   [13/45] Processing Query Q13...
2026-06-15 17:28:34     Query Q13 Score: 0.40
2026-06-15 17:28:34   [14/45] Processing Query Q14...
2026-06-15 17:29:00     Query Q14 Score: 0.95
2026-06-15 17:29:00   [15/45] Processing Query Q15...
2026-06-15 17:30:00     Query Q15 Score: 1.00
2026-06-15 17:30:00   [16/45] Processing Query Q16...
2026-06-15 17:30:58     Query Q16 Score: 1.00
2026-06-15 17:30:58   [17/45] Processing Query Q17...
2026-06-15 17:32:06     Query Q17 Score: 0.95
2026-06-15 17:32:06   [18/45] Processing Query Q18...
2026-06-15 17:32:31     Query Q18 Score: 1.00
2026-06-15 17:32:31   [19/45] Processing Query Q19...
2026-06-15 17:34:02     Query Q19 Score: 1.00
2026-06-15 17:34:02   [20/45] Processing Query Q20...
2026-06-15 17:35:32     Query Q20 Score: 0.90
2026-06-15 17:35:32   [21/45] Processing Query Q21...
2026-06-15 17:36:06     Query Q21 Score: 1.00
2026-06-15 17:36:06   [22/45] Processing Query Q22...
2026-06-15 17:36:30     Query Q22 Score: 1.00
2026-06-15 17:36:30   [23/45] Processing Query Q23...
2026-06-15 17:36:57     Query Q23 Score: 0.75
2026-06-15 17:36:57   [24/45] Processing Query Q24...
2026-06-15 17:37:24     Query Q24 Score: 0.95
2026-06-15 17:37:24   [25/45] Processing Query Q25...
2026-06-15 17:37:49     Query Q25 Score: 1.00
2026-06-15 17:37:49   [26/45] Processing Query Q26...
2026-06-15 17:38:13     Query Q26 Score: 1.00
2026-06-15 17:38:13   [27/45] Processing Query Q27...
2026-06-15 17:38:38     Query Q27 Score: 0.60
2026-06-15 17:38:38   [28/45] Processing Query Q28...
2026-06-15 17:39:03     Query Q28 Score: 1.00
2026-06-15 17:39:03   [29/45] Processing Query Q29...
2026-06-15 17:39:29     Query Q29 Score: 1.00
2026-06-15 17:39:29   [30/45] Processing Query Q30...
2026-06-15 17:39:54     Query Q30 Score: 1.00
2026-06-15 17:39:54   [31/45] Processing Query Q31...
2026-06-15 17:40:19     Query Q31 Score: 0.95
2026-06-15 17:40:19   [32/45] Processing Query Q32...
2026-06-15 17:40:46     Query Q32 Score: 0.75
2026-06-15 17:40:46   [33/45] Processing Query Q33...
2026-06-15 17:41:22     Query Q33 Score: 1.00
2026-06-15 17:41:22   [34/45] Processing Query Q34...
2026-06-15 17:46:37     Query Q34 Score: 0.95
2026-06-15 17:46:37   [35/45] Processing Query Q35...
2026-06-15 17:46:59     Query Q35 Score: 1.00
2026-06-15 17:46:59   [36/45] Processing Query Q36...
2026-06-15 17:49:13     Query Q36 Score: 1.00
2026-06-15 17:49:13   [37/45] Processing Query Q37...
2026-06-15 17:59:31     Query Q37 Score: 0.95
2026-06-15 17:59:31   [38/45] Processing Query Q38...
2026-06-15 17:59:56     Query Q38 Score: 0.60
2026-06-15 17:59:56   [39/45] Processing Query Q39...
2026-06-15 18:00:21     Query Q39 Score: 0.95
2026-06-15 18:00:21   [40/45] Processing Query Q40...
2026-06-15 18:00:45     Query Q40 Score: 0.95
2026-06-15 18:00:45   [41/45] Processing Query Q41...
2026-06-15 18:01:10     Query Q41 Score: 1.00
2026-06-15 18:01:10   [42/45] Processing Query Q42...
2026-06-15 18:01:34     Query Q42 Score: 1.00
2026-06-15 18:01:34   [43/45] Processing Query Q43...
2026-06-15 18:01:59     Query Q43 Score: 1.00
2026-06-15 18:01:59   [44/45] Processing Query Q48...
2026-06-15 18:02:25     Query Q48 Score: 0.75
2026-06-15 18:02:25   [45/45] Processing Query Q49...
2026-06-15 18:02:52     Query Q49 Score: 0.40
2026-06-15 18:02:52 Saved validation results to D:\TFM\Model Evaluation\autoresearch\archive\run_20260612_132729\outputs\validation_results_iter45_20260615_180252.csv
2026-06-15 18:02:52 Validation run completed. Overall Mean Score: 0.8633
2026-06-15 18:02:52 Candidate Score: 0.8633 (Delta: -0.0200)
2026-06-15 18:02:52 >>> FAILURE: Score did not improve. Discarding changes.
2026-06-15 18:02:52 Iteration #45 logged successfully to experiments.json.
2026-06-15 18:02:52 Graceful stop flagged via 'D:\TFM\Model Evaluation\autoresearch\stop.txt' file. Exiting loop cleanly.
2026-06-15 18:02:52 
2026-06-15 18:02:52 Optimization process completed.
2026-06-15 18:02:52 Best prompt found at iteration #39 with Score: 0.8833
2026-06-15 18:03:01 Resuming optimization loop from iteration #46.
2026-06-15 18:03:01 Current champion established at iteration #39 with Score: 0.8833
2026-06-15 18:03:01 
2026-06-15 18:03:01 Entering optimization loop...
2026-06-15 18:03:01 
2026-06-15 18:03:01 =========================================
2026-06-15 18:03:01 STARTING ITERATION #46
2026-06-15 18:03:01 =========================================
2026-06-15 18:03:01 Current Champion Score: 0.8833
2026-06-15 18:03:01 Failing queries to fix: 20
2026-06-15 18:03:01 Calling Optimizer Agent to refine instructions...
2026-06-15 18:04:50 Starting validation run on 45 queries...
2026-06-15 18:04:50   [1/45] Processing Query Q01...
2026-06-15 18:05:15     Query Q01 Score: 1.00
2026-06-15 18:05:15   [2/45] Processing Query Q02...
2026-06-15 18:05:41     Query Q02 Score: 0.95
2026-06-15 18:05:41   [3/45] Processing Query Q03...
2026-06-15 18:06:07     Query Q03 Score: 1.00
2026-06-15 18:06:07   [4/45] Processing Query Q04...
2026-06-15 18:06:34     Query Q04 Score: 1.00
2026-06-15 18:06:34   [5/45] Processing Query Q05...
2026-06-15 18:07:00     Query Q05 Score: 0.50
2026-06-15 18:07:00   [6/45] Processing Query Q06...
2026-06-15 18:07:26     Query Q06 Score: 1.00
2026-06-15 18:07:26   [7/45] Processing Query Q07...
2026-06-15 18:07:51     Query Q07 Score: 1.00
2026-06-15 18:07:51   [8/45] Processing Query Q08...
2026-06-15 18:08:27     Query Q08 Score: 1.00
2026-06-15 18:08:27   [9/45] Processing Query Q09...
2026-06-15 18:09:03     Query Q09 Score: 0.40
2026-06-15 18:09:03   [10/45] Processing Query Q10...
2026-06-15 18:09:32     Query Q10 Score: 0.85
2026-06-15 18:09:32   [11/45] Processing Query Q11...
2026-06-15 18:10:17     Query Q11 Score: 0.50
2026-06-15 18:10:17   [12/45] Processing Query Q12...
2026-06-15 18:10:41     Query Q12 Score: 0.75
2026-06-15 18:10:41   [13/45] Processing Query Q13...
2026-06-15 18:11:15     Query Q13 Score: 0.50
2026-06-15 18:11:15   [14/45] Processing Query Q14...
2026-06-15 18:11:46     Query Q14 Score: 0.95
2026-06-15 18:11:46   [15/45] Processing Query Q15...
2026-06-15 18:12:12     Query Q15 Score: 1.00
2026-06-15 18:12:12   [16/45] Processing Query Q16...
2026-06-15 18:12:38     Query Q16 Score: 0.50
2026-06-15 18:12:38   [17/45] Processing Query Q17...
2026-06-15 18:13:06     Query Q17 Score: 1.00
2026-06-15 18:13:06   [18/45] Processing Query Q18...
2026-06-15 18:13:32     Query Q18 Score: 0.75
2026-06-15 18:13:32   [19/45] Processing Query Q19...
2026-06-15 18:14:09     Query Q19 Score: 0.50
2026-06-15 18:14:09   [20/45] Processing Query Q20...
2026-06-15 18:14:36     Query Q20 Score: 0.75
2026-06-15 18:14:36   [21/45] Processing Query Q21...
2026-06-15 18:15:16     Query Q21 Score: 0.85
2026-06-15 18:15:16   [22/45] Processing Query Q22...
2026-06-15 18:15:41     Query Q22 Score: 1.00
2026-06-15 18:15:41   [23/45] Processing Query Q23...
2026-06-15 18:16:21     Query Q23 Score: 0.60
2026-06-15 18:16:21   [24/45] Processing Query Q24...
2026-06-15 18:16:57     Query Q24 Score: 1.00
2026-06-15 18:16:57   [25/45] Processing Query Q25...
2026-06-15 18:17:22     Query Q25 Score: 1.00
2026-06-15 18:17:22   [26/45] Processing Query Q26...
2026-06-15 18:17:47     Query Q26 Score: 1.00
2026-06-15 18:17:47   [27/45] Processing Query Q27...
2026-06-15 18:18:16     Query Q27 Score: 0.60
2026-06-15 18:18:16   [28/45] Processing Query Q28...
2026-06-15 18:18:41     Query Q28 Score: 1.00
2026-06-15 18:18:41   [29/45] Processing Query Q29...
2026-06-15 18:19:07     Query Q29 Score: 1.00
2026-06-15 18:19:07   [30/45] Processing Query Q30...
2026-06-15 18:19:33     Query Q30 Score: 1.00
2026-06-15 18:19:33   [31/45] Processing Query Q31...
2026-06-15 18:19:59     Query Q31 Score: 1.00
2026-06-15 18:19:59   [32/45] Processing Query Q32...
2026-06-15 18:20:26     Query Q32 Score: 0.75
2026-06-15 18:20:26   [33/45] Processing Query Q33...
2026-06-15 18:20:59     Query Q33 Score: 0.50
2026-06-15 18:20:59   [34/45] Processing Query Q34...
2026-06-15 18:21:25     Query Q34 Score: 0.95
2026-06-15 18:21:25   [35/45] Processing Query Q35...
2026-06-15 18:21:49     Query Q35 Score: 1.00
2026-06-15 18:21:49   [36/45] Processing Query Q36...
2026-06-15 18:22:15     Query Q36 Score: 1.00
2026-06-15 18:22:15   [37/45] Processing Query Q37...
2026-06-15 18:22:41     Query Q37 Score: 0.95
2026-06-15 18:22:41   [38/45] Processing Query Q38...
2026-06-15 18:23:06     Query Q38 Score: 0.60
2026-06-15 18:23:06   [39/45] Processing Query Q39...
2026-06-15 18:23:31     Query Q39 Score: 0.95
2026-06-15 18:23:31   [40/45] Processing Query Q40...
2026-06-15 18:23:58     Query Q40 Score: 0.95
2026-06-15 18:23:58   [41/45] Processing Query Q41...
2026-06-15 18:24:26     Query Q41 Score: 1.00
2026-06-15 18:24:26   [42/45] Processing Query Q42...
2026-06-15 18:24:50     Query Q42 Score: 1.00
2026-06-15 18:24:50   [43/45] Processing Query Q43...
2026-06-15 18:25:16     Query Q43 Score: 1.00
2026-06-15 18:25:16   [44/45] Processing Query Q48...
2026-06-15 18:25:53     Query Q48 Score: 1.00
2026-06-15 18:25:53   [45/45] Processing Query Q49...
2026-06-15 18:26:20     Query Q49 Score: 1.00
2026-06-15 18:26:20 Saved validation results to D:\TFM\Model Evaluation\autoresearch\archive\run_20260612_132729\outputs\validation_results_iter46_20260615_182620.csv
2026-06-15 18:26:20 Validation run completed. Overall Mean Score: 0.8578
2026-06-15 18:26:20 Candidate Score: 0.8578 (Delta: -0.0256)
2026-06-15 18:26:20 >>> FAILURE: Score did not improve. Discarding changes.
2026-06-15 18:26:20 Iteration #46 logged successfully to experiments.json.
2026-06-15 18:26:20 
2026-06-15 18:26:20 =========================================
2026-06-15 18:26:20 STARTING ITERATION #47
2026-06-15 18:26:20 =========================================
2026-06-15 18:26:20 Current Champion Score: 0.8833
2026-06-15 18:26:20 Failing queries to fix: 20
2026-06-15 18:26:20 Calling Optimizer Agent to refine instructions...
2026-06-15 18:27:54 Starting validation run on 45 queries...
2026-06-15 18:27:54   [1/45] Processing Query Q01...
2026-06-15 18:28:20     Query Q01 Score: 1.00
2026-06-15 18:28:20   [2/45] Processing Query Q02...
2026-06-15 18:28:45     Query Q02 Score: 1.00
2026-06-15 18:28:45   [3/45] Processing Query Q03...
2026-06-15 18:29:11     Query Q03 Score: 1.00
2026-06-15 18:29:11   [4/45] Processing Query Q04...
2026-06-15 18:29:38     Query Q04 Score: 1.00
2026-06-15 18:29:38   [5/45] Processing Query Q05...
2026-06-15 18:30:06     Query Q05 Score: 0.50
2026-06-15 18:30:06   [6/45] Processing Query Q06...
2026-06-15 18:30:33     Query Q06 Score: 1.00
2026-06-15 18:30:33   [7/45] Processing Query Q07...
2026-06-15 18:31:03     Query Q07 Score: 1.00
2026-06-15 18:31:03   [8/45] Processing Query Q08...
2026-06-15 18:31:29     Query Q08 Score: 1.00
2026-06-15 18:31:29   [9/45] Processing Query Q09...
2026-06-15 18:32:04     Query Q09 Score: 0.40
2026-06-15 18:32:04   [10/45] Processing Query Q10...
2026-06-15 18:32:35     Query Q10 Score: 0.50
2026-06-15 18:32:35   [11/45] Processing Query Q11...
2026-06-15 18:33:02     Query Q11 Score: 0.50
2026-06-15 18:33:02   [12/45] Processing Query Q12...
2026-06-15 18:33:25     Query Q12 Score: 0.75
2026-06-15 18:33:25   [13/45] Processing Query Q13...
2026-06-15 18:33:55     Query Q13 Score: 0.30
2026-06-15 18:33:55   [14/45] Processing Query Q14...
2026-06-15 18:34:19     Query Q14 Score: 1.00
2026-06-15 18:34:19   [15/45] Processing Query Q15...
2026-06-15 18:34:44     Query Q15 Score: 1.00
2026-06-15 18:34:44   [16/45] Processing Query Q16...
2026-06-15 18:35:11     Query Q16 Score: 0.90
2026-06-15 18:35:11   [17/45] Processing Query Q17...
2026-06-15 18:35:35     Query Q17 Score: 1.00
2026-06-15 18:35:35   [18/45] Processing Query Q18...
2026-06-15 18:36:00     Query Q18 Score: 0.75
2026-06-15 18:36:00   [19/45] Processing Query Q19...
2026-06-15 18:36:52     Query Q19 Score: 0.20
2026-06-15 18:36:52   [20/45] Processing Query Q20...
2026-06-15 18:37:16     Query Q20 Score: 0.90
2026-06-15 18:37:16   [21/45] Processing Query Q21...
2026-06-15 18:37:51     Query Q21 Score: 1.00
2026-06-15 18:37:51   [22/45] Processing Query Q22...
2026-06-15 18:38:15     Query Q22 Score: 1.00
2026-06-15 18:38:15   [23/45] Processing Query Q23...
2026-06-15 18:38:50     Query Q23 Score: 0.85
2026-06-15 18:38:50   [24/45] Processing Query Q24...
2026-06-15 18:39:36     Query Q24 Score: 0.95
2026-06-15 18:39:36   [25/45] Processing Query Q25...
2026-06-15 18:40:01     Query Q25 Score: 1.00
2026-06-15 18:40:01   [26/45] Processing Query Q26...
2026-06-15 18:40:24     Query Q26 Score: 1.00
2026-06-15 18:40:24   [27/45] Processing Query Q27...
2026-06-15 18:40:49     Query Q27 Score: 0.75
2026-06-15 18:40:49   [28/45] Processing Query Q28...
2026-06-15 18:41:13     Query Q28 Score: 1.00
2026-06-15 18:41:13   [29/45] Processing Query Q29...
2026-06-15 18:41:37     Query Q29 Score: 1.00
2026-06-15 18:41:37   [30/45] Processing Query Q30...
2026-06-15 18:42:02     Query Q30 Score: 1.00
2026-06-15 18:42:02   [31/45] Processing Query Q31...
2026-06-15 18:42:27     Query Q31 Score: 1.00
2026-06-15 18:42:27   [32/45] Processing Query Q32...
2026-06-15 18:42:53     Query Q32 Score: 1.00
2026-06-15 18:42:53   [33/45] Processing Query Q33...
2026-06-15 18:43:20     Query Q33 Score: 0.60
2026-06-15 18:43:20   [34/45] Processing Query Q34...
2026-06-15 18:43:45     Query Q34 Score: 0.95
2026-06-15 18:43:45   [35/45] Processing Query Q35...
2026-06-15 18:44:08     Query Q35 Score: 1.00
2026-06-15 18:44:08   [36/45] Processing Query Q36...
2026-06-15 18:44:33     Query Q36 Score: 1.00
2026-06-15 18:44:33   [37/45] Processing Query Q37...
2026-06-15 18:44:58     Query Q37 Score: 1.00
2026-06-15 18:44:58   [38/45] Processing Query Q38...
2026-06-15 18:45:22     Query Q38 Score: 0.60
2026-06-15 18:45:22   [39/45] Processing Query Q39...
2026-06-15 18:45:59     Query Q39 Score: 1.00
2026-06-15 18:45:59   [40/45] Processing Query Q40...
2026-06-15 18:46:24     Query Q40 Score: 0.95
2026-06-15 18:46:24   [41/45] Processing Query Q41...
2026-06-15 18:46:48     Query Q41 Score: 1.00
2026-06-15 18:46:48   [42/45] Processing Query Q42...
2026-06-15 18:47:12     Query Q42 Score: 1.00
2026-06-15 18:47:12   [43/45] Processing Query Q43...
2026-06-15 18:47:38     Query Q43 Score: 0.40
2026-06-15 18:47:38   [44/45] Processing Query Q48...
2026-06-15 18:48:15     Query Q48 Score: 0.50
2026-06-15 18:48:15   [45/45] Processing Query Q49...
2026-06-15 18:48:44     Query Q49 Score: 0.40
2026-06-15 18:48:44 Saved validation results to D:\TFM\Model Evaluation\autoresearch\archive\run_20260612_132729\outputs\validation_results_iter47_20260615_184844.csv
2026-06-15 18:48:44 Validation run completed. Overall Mean Score: 0.8367
2026-06-15 18:48:44 Candidate Score: 0.8367 (Delta: -0.0467)
2026-06-15 18:48:44 >>> FAILURE: Score did not improve. Discarding changes.
2026-06-15 18:48:44 Iteration #47 logged successfully to experiments.json.
2026-06-15 18:48:44 
2026-06-15 18:48:44 =========================================
2026-06-15 18:48:44 STARTING ITERATION #48
2026-06-15 18:48:44 =========================================
2026-06-15 18:48:44 Current Champion Score: 0.8833
2026-06-15 18:48:44 Failing queries to fix: 20
2026-06-15 18:48:44 Calling Optimizer Agent to refine instructions...
2026-06-15 18:50:25 Starting validation run on 45 queries...
2026-06-15 18:50:25   [1/45] Processing Query Q01...
2026-06-15 18:50:52     Query Q01 Score: 1.00
2026-06-15 18:50:52   [2/45] Processing Query Q02...
2026-06-15 18:51:18     Query Q02 Score: 1.00
2026-06-15 18:51:18   [3/45] Processing Query Q03...
2026-06-15 18:51:45     Query Q03 Score: 1.00
2026-06-15 18:51:45   [4/45] Processing Query Q04...
2026-06-15 18:52:13     Query Q04 Score: 1.00
2026-06-15 18:52:13   [5/45] Processing Query Q05...
2026-06-15 18:52:39     Query Q05 Score: 0.50
2026-06-15 18:52:39   [6/45] Processing Query Q06...
2026-06-15 18:53:06     Query Q06 Score: 1.00
2026-06-15 18:53:06   [7/45] Processing Query Q07...
2026-06-15 18:53:31     Query Q07 Score: 1.00
2026-06-15 18:53:31   [8/45] Processing Query Q08...
2026-06-15 18:53:57     Query Q08 Score: 1.00
2026-06-15 18:53:57   [9/45] Processing Query Q09...
2026-06-15 18:54:29     Query Q09 Score: 0.40
2026-06-15 18:54:29   [10/45] Processing Query Q10...
2026-06-15 18:54:58     Query Q10 Score: 0.40
2026-06-15 18:54:58   [11/45] Processing Query Q11...
2026-06-15 18:55:28     Query Q11 Score: 0.20
2026-06-15 18:55:28   [12/45] Processing Query Q12...
2026-06-15 18:55:53     Query Q12 Score: 0.75
2026-06-15 18:55:53   [13/45] Processing Query Q13...
2026-06-15 18:56:20     Query Q13 Score: 0.40
2026-06-15 18:56:20   [14/45] Processing Query Q14...
2026-06-15 18:56:46     Query Q14 Score: 0.50
2026-06-15 18:56:46   [15/45] Processing Query Q15...
2026-06-15 18:57:13     Query Q15 Score: 1.00
2026-06-15 18:57:13   [16/45] Processing Query Q16...
2026-06-15 18:57:46     Query Q16 Score: 1.00
2026-06-15 18:57:46   [17/45] Processing Query Q17...
2026-06-15 18:58:13     Query Q17 Score: 1.00
2026-06-15 18:58:13   [18/45] Processing Query Q18...
2026-06-15 18:58:42     Query Q18 Score: 0.75
2026-06-15 18:58:42   [19/45] Processing Query Q19...
2026-06-15 18:59:17     Query Q19 Score: 0.75
2026-06-15 18:59:17   [20/45] Processing Query Q20...
2026-06-15 18:59:47     Query Q20 Score: 0.50
2026-06-15 18:59:47   [21/45] Processing Query Q21...
2026-06-15 19:00:24     Query Q21 Score: 0.85
2026-06-15 19:00:24   [22/45] Processing Query Q22...
2026-06-15 19:00:53     Query Q22 Score: 1.00
2026-06-15 19:00:53   [23/45] Processing Query Q23...
2026-06-15 19:02:49     Query Q23 Score: 0.40
2026-06-15 19:02:49   [24/45] Processing Query Q24...
2026-06-15 19:03:15     Query Q24 Score: 0.95
2026-06-15 19:03:15   [25/45] Processing Query Q25...
2026-06-15 19:03:41     Query Q25 Score: 1.00
2026-06-15 19:03:41   [26/45] Processing Query Q26...
2026-06-15 19:04:05     Query Q26 Score: 1.00
2026-06-15 19:04:05   [27/45] Processing Query Q27...
2026-06-15 19:04:31     Query Q27 Score: 1.00
2026-06-15 19:04:31   [28/45] Processing Query Q28...
2026-06-15 19:04:57     Query Q28 Score: 1.00
2026-06-15 19:04:57   [29/45] Processing Query Q29...
2026-06-15 19:05:25     Query Q29 Score: 0.95
2026-06-15 19:05:25   [30/45] Processing Query Q30...
2026-06-15 19:05:51     Query Q30 Score: 1.00
2026-06-15 19:05:51   [31/45] Processing Query Q31...
2026-06-15 19:06:16     Query Q31 Score: 1.00
2026-06-15 19:06:16   [32/45] Processing Query Q32...
2026-06-15 19:06:44     Query Q32 Score: 0.60
2026-06-15 19:06:44   [33/45] Processing Query Q33...
2026-06-15 19:07:17     Query Q33 Score: 1.00
2026-06-15 19:07:17   [34/45] Processing Query Q34...
2026-06-15 19:07:43     Query Q34 Score: 0.95
2026-06-15 19:07:43   [35/45] Processing Query Q35...
2026-06-15 19:08:08     Query Q35 Score: 1.00
2026-06-15 19:08:08   [36/45] Processing Query Q36...
2026-06-15 19:08:54     Query Q36 Score: 1.00
2026-06-15 19:08:54   [37/45] Processing Query Q37...
2026-06-15 19:09:23     Query Q37 Score: 0.40
2026-06-15 19:09:23   [38/45] Processing Query Q38...
2026-06-15 19:09:55     Query Q38 Score: 0.50
2026-06-15 19:09:55   [39/45] Processing Query Q39...
2026-06-15 19:10:21     Query Q39 Score: 1.00
2026-06-15 19:10:21   [40/45] Processing Query Q40...
2026-06-15 19:10:47     Query Q40 Score: 0.95
2026-06-15 19:10:47   [41/45] Processing Query Q41...
2026-06-15 19:11:13     Query Q41 Score: 1.00
2026-06-15 19:11:13   [42/45] Processing Query Q42...
2026-06-15 19:11:39     Query Q42 Score: 1.00
2026-06-15 19:11:39   [43/45] Processing Query Q43...
2026-06-15 19:12:06     Query Q43 Score: 0.50
2026-06-15 19:12:06   [44/45] Processing Query Q48...
2026-06-15 19:12:35     Query Q48 Score: 0.85
2026-06-15 19:12:35   [45/45] Processing Query Q49...
2026-06-15 19:13:16     Query Q49 Score: 1.00
2026-06-15 19:13:16 Saved validation results to D:\TFM\Model Evaluation\autoresearch\archive\run_20260612_132729\outputs\validation_results_iter48_20260615_191316.csv
2026-06-15 19:13:16 Validation run completed. Overall Mean Score: 0.8233
2026-06-15 19:13:16 Candidate Score: 0.8233 (Delta: -0.0600)
2026-06-15 19:13:16 >>> FAILURE: Score did not improve. Discarding changes.
2026-06-15 19:13:16 Iteration #48 logged successfully to experiments.json.
2026-06-15 19:13:16 
2026-06-15 19:13:16 =========================================
2026-06-15 19:13:16 STARTING ITERATION #49
2026-06-15 19:13:16 =========================================
2026-06-15 19:13:16 Current Champion Score: 0.8833
2026-06-15 19:13:16 Failing queries to fix: 20
2026-06-15 19:13:16 Calling Optimizer Agent to refine instructions...
2026-06-15 19:14:50 Starting validation run on 45 queries...
2026-06-15 19:14:50   [1/45] Processing Query Q01...
2026-06-15 19:15:18     Query Q01 Score: 1.00
2026-06-15 19:15:18   [2/45] Processing Query Q02...
2026-06-15 19:15:45     Query Q02 Score: 1.00
2026-06-15 19:15:45   [3/45] Processing Query Q03...
2026-06-15 19:16:13     Query Q03 Score: 1.00
2026-06-15 19:16:13   [4/45] Processing Query Q04...
2026-06-15 19:16:42     Query Q04 Score: 1.00
2026-06-15 19:16:42   [5/45] Processing Query Q05...
2026-06-15 19:17:10     Query Q05 Score: 0.60
2026-06-15 19:17:10   [6/45] Processing Query Q06...
2026-06-15 19:17:38     Query Q06 Score: 1.00
2026-06-15 19:17:38   [7/45] Processing Query Q07...
2026-06-15 19:18:04     Query Q07 Score: 1.00
2026-06-15 19:18:04   [8/45] Processing Query Q08...
2026-06-15 19:18:30     Query Q08 Score: 1.00
2026-06-15 19:18:30   [9/45] Processing Query Q09...
2026-06-15 19:19:08     Query Q09 Score: 0.40
2026-06-15 19:19:08   [10/45] Processing Query Q10...
2026-06-15 19:19:37     Query Q10 Score: 0.65
2026-06-15 19:19:37   [11/45] Processing Query Q11...
2026-06-15 19:20:14     Query Q11 Score: 0.95
2026-06-15 19:20:14   [12/45] Processing Query Q12...
2026-06-15 19:20:40     Query Q12 Score: 1.00
2026-06-15 19:20:40   [13/45] Processing Query Q13...
2026-06-15 19:21:15     Query Q13 Score: 0.40
2026-06-15 19:21:15   [14/45] Processing Query Q14...
2026-06-15 19:21:41     Query Q14 Score: 1.00
2026-06-15 19:21:41   [15/45] Processing Query Q15...
2026-06-15 19:22:19     Query Q15 Score: 1.00
2026-06-15 19:22:19   [16/45] Processing Query Q16...
2026-06-15 19:22:48     Query Q16 Score: 1.00
2026-06-15 19:22:48   [17/45] Processing Query Q17...
2026-06-15 19:23:13     Query Q17 Score: 1.00
2026-06-15 19:23:13   [18/45] Processing Query Q18...
2026-06-15 19:23:38     Query Q18 Score: 1.00
2026-06-15 19:23:38   [19/45] Processing Query Q19...
2026-06-15 19:24:22     Query Q19 Score: 0.50
2026-06-15 19:24:22   [20/45] Processing Query Q20...
2026-06-15 19:24:48     Query Q20 Score: 0.90
2026-06-15 19:24:48   [21/45] Processing Query Q21...
2026-06-15 19:25:20     Query Q21 Score: 0.95
2026-06-15 19:25:20   [22/45] Processing Query Q22...
2026-06-15 19:25:45     Query Q22 Score: 1.00
2026-06-15 19:25:45   [23/45] Processing Query Q23...
2026-06-15 19:26:34     Query Q23 Score: 0.85
2026-06-15 19:26:34   [24/45] Processing Query Q24...
2026-06-15 19:27:10     Query Q24 Score: 0.50
2026-06-15 19:27:10   [25/45] Processing Query Q25...
2026-06-15 19:27:36     Query Q25 Score: 1.00
2026-06-15 19:27:36   [26/45] Processing Query Q26...
2026-06-15 19:28:01     Query Q26 Score: 1.00
2026-06-15 19:28:01   [27/45] Processing Query Q27...
2026-06-15 19:28:29     Query Q27 Score: 0.85
2026-06-15 19:28:29   [28/45] Processing Query Q28...
2026-06-15 19:29:05     Query Q28 Score: 1.00
2026-06-15 19:29:05   [29/45] Processing Query Q29...
2026-06-15 19:29:33     Query Q29 Score: 1.00
2026-06-15 19:29:33   [30/45] Processing Query Q30...
2026-06-15 19:30:01     Query Q30 Score: 1.00
2026-06-15 19:30:01   [31/45] Processing Query Q31...
2026-06-15 19:30:27     Query Q31 Score: 1.00
2026-06-15 19:30:27   [32/45] Processing Query Q32...
2026-06-15 19:30:55     Query Q32 Score: 0.75
2026-06-15 19:30:55   [33/45] Processing Query Q33...
2026-06-15 19:31:41     Query Q33 Score: 1.00
2026-06-15 19:31:41   [34/45] Processing Query Q34...
2026-06-15 19:32:07     Query Q34 Score: 0.95
2026-06-15 19:32:07   [35/45] Processing Query Q35...
2026-06-15 19:32:31     Query Q35 Score: 1.00
2026-06-15 19:32:31   [36/45] Processing Query Q36...
2026-06-15 19:32:58     Query Q36 Score: 0.50
2026-06-15 19:32:58   [37/45] Processing Query Q37...
2026-06-15 19:33:24     Query Q37 Score: 0.95
2026-06-15 19:33:24   [38/45] Processing Query Q38...
2026-06-15 19:33:49     Query Q38 Score: 0.60
2026-06-15 19:33:49   [39/45] Processing Query Q39...
2026-06-15 19:34:15     Query Q39 Score: 1.00
2026-06-15 19:34:15   [40/45] Processing Query Q40...
2026-06-15 19:34:42     Query Q40 Score: 0.95
2026-06-15 19:34:42   [41/45] Processing Query Q41...
2026-06-15 19:35:10     Query Q41 Score: 1.00
2026-06-15 19:35:10   [42/45] Processing Query Q42...
2026-06-15 19:35:44     Query Q42 Score: 1.00
2026-06-15 19:35:44   [43/45] Processing Query Q43...
2026-06-15 19:36:11     Query Q43 Score: 1.00
2026-06-15 19:36:11   [44/45] Processing Query Q48...
2026-06-15 19:36:45     Query Q48 Score: 0.95
2026-06-15 19:36:45   [45/45] Processing Query Q49...
2026-06-15 19:37:24     Query Q49 Score: 0.75
2026-06-15 19:37:24 Saved validation results to D:\TFM\Model Evaluation\autoresearch\archive\run_20260612_132729\outputs\validation_results_iter49_20260615_193724.csv
2026-06-15 19:37:24 Validation run completed. Overall Mean Score: 0.8878
2026-06-15 19:37:24 Candidate Score: 0.8878 (Delta: +0.0044)
2026-06-15 19:37:24 >>> SUCCESS: Score improved! Saving new champion prompt.
2026-06-15 19:37:24 Iteration #49 logged successfully to experiments.json.
2026-06-15 19:37:24 Graceful stop flagged via 'D:\TFM\Model Evaluation\autoresearch\stop.txt' file. Exiting loop cleanly.
2026-06-15 19:37:24 
2026-06-15 19:37:24 Optimization process completed.
2026-06-15 19:37:24 Best prompt found at iteration #49 with Score: 0.8878
2026-06-15 19:45:08 Resuming optimization loop from iteration #50.
2026-06-15 19:45:08 Current champion established at iteration #49 with Score: 0.8878
2026-06-15 19:45:08 
2026-06-15 19:45:08 Entering optimization loop...
2026-06-15 19:45:08 
2026-06-15 19:45:08 =========================================
2026-06-15 19:45:08 STARTING ITERATION #50
2026-06-15 19:45:08 =========================================
2026-06-15 19:45:08 Current Champion Score: 0.8878
2026-06-15 19:45:08 Failing queries to fix: 19
2026-06-15 19:45:08 Calling Optimizer Agent to refine instructions...
2026-06-15 19:51:36 Starting validation run on 45 queries...
2026-06-15 19:51:36   [1/45] Processing Query Q01...
2026-06-15 19:52:10     Query Q01 Score: 1.00
2026-06-15 19:52:10   [2/45] Processing Query Q02...
2026-06-15 19:52:35     Query Q02 Score: 1.00
2026-06-15 19:52:35   [3/45] Processing Query Q03...
2026-06-15 19:52:59     Query Q03 Score: 1.00
2026-06-15 19:52:59   [4/45] Processing Query Q04...
2026-06-15 19:53:26     Query Q04 Score: 0.60
2026-06-15 19:53:26   [5/45] Processing Query Q05...
2026-06-15 19:53:51     Query Q05 Score: 0.50
2026-06-15 19:53:51   [6/45] Processing Query Q06...
2026-06-15 19:54:16     Query Q06 Score: 1.00
2026-06-15 19:54:16   [7/45] Processing Query Q07...
2026-06-15 19:54:40     Query Q07 Score: 1.00
2026-06-15 19:54:40   [8/45] Processing Query Q08...
2026-06-15 19:55:04     Query Q08 Score: 1.00
2026-06-15 19:55:04   [9/45] Processing Query Q09...
2026-06-15 19:55:29     Query Q09 Score: 0.50
2026-06-15 19:55:29   [10/45] Processing Query Q10...
2026-06-15 19:55:53     Query Q10 Score: 0.50
2026-06-15 19:55:53   [11/45] Processing Query Q11...
2026-06-15 19:56:21     Query Q11 Score: 0.50
2026-06-15 19:56:21   [12/45] Processing Query Q12...
2026-06-15 19:56:44     Query Q12 Score: 1.00
2026-06-15 19:56:44   [13/45] Processing Query Q13...
2026-06-15 19:57:09     Query Q13 Score: 0.50
2026-06-15 19:57:09   [14/45] Processing Query Q14...
2026-06-15 19:57:33     Query Q14 Score: 0.75
2026-06-15 19:57:33   [15/45] Processing Query Q15...
2026-06-15 19:58:20     Query Q15 Score: 0.90
2026-06-15 19:58:20   [16/45] Processing Query Q16...
2026-06-15 19:58:45     Query Q16 Score: 0.70
2026-06-15 19:58:45   [17/45] Processing Query Q17...
2026-06-15 19:59:10     Query Q17 Score: 1.00
2026-06-15 19:59:10   [18/45] Processing Query Q18...
2026-06-15 19:59:41     Query Q18 Score: 0.75
2026-06-15 19:59:41   [19/45] Processing Query Q19...
2026-06-15 20:00:14     Query Q19 Score: 0.60
2026-06-15 20:00:14   [20/45] Processing Query Q20...
2026-06-15 20:00:39     Query Q20 Score: 0.95
2026-06-15 20:00:39   [21/45] Processing Query Q21...
2026-06-15 20:01:05     Query Q21 Score: 1.00
2026-06-15 20:01:05   [22/45] Processing Query Q22...
2026-06-15 20:01:30     Query Q22 Score: 1.00
2026-06-15 20:01:30   [23/45] Processing Query Q23...
2026-06-15 20:02:28     Query Q23 Score: 0.40
2026-06-15 20:02:28   [24/45] Processing Query Q24...
2026-06-15 20:02:54     Query Q24 Score: 1.00
2026-06-15 20:02:54   [25/45] Processing Query Q25...
2026-06-15 20:03:22     Query Q25 Score: 1.00
2026-06-15 20:03:22   [26/45] Processing Query Q26...
2026-06-15 20:03:48     Query Q26 Score: 1.00
2026-06-15 20:03:48   [27/45] Processing Query Q27...
2026-06-15 20:04:14     Query Q27 Score: 1.00
2026-06-15 20:04:14   [28/45] Processing Query Q28...
2026-06-15 20:04:41     Query Q28 Score: 1.00
2026-06-15 20:04:41   [29/45] Processing Query Q29...
2026-06-15 20:05:08     Query Q29 Score: 0.60
2026-06-15 20:05:08   [30/45] Processing Query Q30...
2026-06-15 20:05:36     Query Q30 Score: 1.00
2026-06-15 20:05:36   [31/45] Processing Query Q31...
2026-06-15 20:06:02     Query Q31 Score: 1.00
2026-06-15 20:06:02   [32/45] Processing Query Q32...
2026-06-15 20:06:31     Query Q32 Score: 0.75
2026-06-15 20:06:31   [33/45] Processing Query Q33...
2026-06-15 20:07:02     Query Q33 Score: 0.75
2026-06-15 20:07:02   [34/45] Processing Query Q34...
2026-06-15 20:07:28     Query Q34 Score: 0.95
2026-06-15 20:07:28   [35/45] Processing Query Q35...
2026-06-15 20:07:54     Query Q35 Score: 1.00
2026-06-15 20:07:54   [36/45] Processing Query Q36...
2026-06-15 20:08:21     Query Q36 Score: 0.85
2026-06-15 20:08:21   [37/45] Processing Query Q37...
2026-06-15 20:08:48     Query Q37 Score: 1.00
2026-06-15 20:08:48   [38/45] Processing Query Q38...
2026-06-15 20:09:14     Query Q38 Score: 0.75
2026-06-15 20:09:14   [39/45] Processing Query Q39...
2026-06-15 20:09:40     Query Q39 Score: 0.95
2026-06-15 20:09:40   [40/45] Processing Query Q40...
2026-06-15 20:10:08     Query Q40 Score: 0.95
2026-06-15 20:10:08   [41/45] Processing Query Q41...
2026-06-15 20:10:34     Query Q41 Score: 1.00
2026-06-15 20:10:34   [42/45] Processing Query Q42...
2026-06-15 20:11:00     Query Q42 Score: 1.00
2026-06-15 20:11:00   [43/45] Processing Query Q43...
2026-06-15 20:11:27     Query Q43 Score: 1.00
2026-06-15 20:11:27   [44/45] Processing Query Q48...
2026-06-15 20:11:54     Query Q48 Score: 0.75
2026-06-15 20:11:54   [45/45] Processing Query Q49...
2026-06-15 20:12:52     Query Q49 Score: 0.65
2026-06-15 20:12:52 Saved validation results to D:\TFM\Model Evaluation\autoresearch\archive\run_20260612_132729\outputs\validation_results_iter50_20260615_201252.csv
2026-06-15 20:12:52 Validation run completed. Overall Mean Score: 0.8467
2026-06-15 20:12:52 Candidate Score: 0.8467 (Delta: -0.0411)
2026-06-15 20:12:52 >>> FAILURE: Score did not improve. Discarding changes.
2026-06-15 20:12:52 Iteration #50 logged successfully to experiments.json.
2026-06-15 20:12:52 
2026-06-15 20:12:52 =========================================
2026-06-15 20:12:52 STARTING ITERATION #51
2026-06-15 20:12:52 =========================================
2026-06-15 20:12:52 Current Champion Score: 0.8878
2026-06-15 20:12:52 Failing queries to fix: 19
2026-06-15 20:12:52 Calling Optimizer Agent to refine instructions...
2026-06-15 20:20:20 Starting validation run on 45 queries...
2026-06-15 20:20:20   [1/45] Processing Query Q01...
2026-06-15 20:20:59     Query Q01 Score: 1.00
2026-06-15 20:20:59   [2/45] Processing Query Q02...
2026-06-15 20:21:24     Query Q02 Score: 1.00
2026-06-15 20:21:24   [3/45] Processing Query Q03...
2026-06-15 20:21:51     Query Q03 Score: 1.00
2026-06-15 20:21:51   [4/45] Processing Query Q04...
2026-06-15 20:22:18     Query Q04 Score: 1.00
2026-06-15 20:22:18   [5/45] Processing Query Q05...
2026-06-15 20:22:44     Query Q05 Score: 0.50
2026-06-15 20:22:44   [6/45] Processing Query Q06...
2026-06-15 20:23:12     Query Q06 Score: 1.00
2026-06-15 20:23:12   [7/45] Processing Query Q07...
2026-06-15 20:23:38     Query Q07 Score: 1.00
2026-06-15 20:23:38   [8/45] Processing Query Q08...
2026-06-15 20:24:13     Query Q08 Score: 0.60
2026-06-15 20:24:13   [9/45] Processing Query Q09...
2026-06-15 20:24:45     Query Q09 Score: 0.95
2026-06-15 20:24:45   [10/45] Processing Query Q10...
2026-06-15 20:25:12     Query Q10 Score: 0.95
2026-06-15 20:25:12   [11/45] Processing Query Q11...
2026-06-15 20:25:42     Query Q11 Score: 0.50
2026-06-15 20:25:42   [12/45] Processing Query Q12...
2026-06-15 20:26:08     Query Q12 Score: 1.00
2026-06-15 20:26:08   [13/45] Processing Query Q13...
2026-06-15 20:26:36     Query Q13 Score: 0.50
2026-06-15 20:26:36   [14/45] Processing Query Q14...
2026-06-15 20:27:06     Query Q14 Score: 1.00
2026-06-15 20:27:06   [15/45] Processing Query Q15...
2026-06-15 20:27:33     Query Q15 Score: 1.00
2026-06-15 20:27:33   [16/45] Processing Query Q16...
2026-06-15 20:28:01     Query Q16 Score: 0.50
2026-06-15 20:28:01   [17/45] Processing Query Q17...
2026-06-15 20:28:27     Query Q17 Score: 1.00
2026-06-15 20:28:27   [18/45] Processing Query Q18...
2026-06-15 20:28:53     Query Q18 Score: 0.75
2026-06-15 20:28:53   [19/45] Processing Query Q19...
2026-06-15 20:29:19     Query Q19 Score: 0.40
2026-06-15 20:29:19   [20/45] Processing Query Q20...
2026-06-15 20:29:44     Query Q20 Score: 0.90
2026-06-15 20:29:44   [21/45] Processing Query Q21...
2026-06-15 20:30:35     Query Q21 Score: 0.60
2026-06-15 20:30:35   [22/45] Processing Query Q22...
2026-06-15 20:31:00     Query Q22 Score: 1.00
2026-06-15 20:31:00   [23/45] Processing Query Q23...
2026-06-15 20:31:32     Query Q23 Score: 0.40
2026-06-15 20:31:32   [24/45] Processing Query Q24...
2026-06-15 20:32:12     Query Q24 Score: 0.60
2026-06-15 20:32:12   [25/45] Processing Query Q25...
2026-06-15 20:32:37     Query Q25 Score: 1.00
2026-06-15 20:32:37   [26/45] Processing Query Q26...
2026-06-15 20:33:01     Query Q26 Score: 1.00
2026-06-15 20:33:01   [27/45] Processing Query Q27...
2026-06-15 20:33:27     Query Q27 Score: 0.75
2026-06-15 20:33:27   [28/45] Processing Query Q28...
2026-06-15 20:33:51     Query Q28 Score: 1.00
2026-06-15 20:33:51   [29/45] Processing Query Q29...
2026-06-15 20:34:16     Query Q29 Score: 1.00
2026-06-15 20:34:16   [30/45] Processing Query Q30...
2026-06-15 20:34:41     Query Q30 Score: 1.00
2026-06-15 20:34:41   [31/45] Processing Query Q31...
2026-06-15 20:35:06     Query Q31 Score: 1.00
2026-06-15 20:35:06   [32/45] Processing Query Q32...
2026-06-15 20:35:32     Query Q32 Score: 0.60
2026-06-15 20:35:32   [33/45] Processing Query Q33...
2026-06-15 20:35:58     Query Q33 Score: 1.00
2026-06-15 20:35:58   [34/45] Processing Query Q34...
2026-06-15 20:36:23     Query Q34 Score: 1.00
2026-06-15 20:36:23   [35/45] Processing Query Q35...
2026-06-15 20:36:47     Query Q35 Score: 1.00
2026-06-15 20:36:47   [36/45] Processing Query Q36...
2026-06-15 20:37:11     Query Q36 Score: 1.00
2026-06-15 20:37:11   [37/45] Processing Query Q37...
2026-06-15 20:37:35     Query Q37 Score: 0.95
2026-06-15 20:37:35   [38/45] Processing Query Q38...
2026-06-15 20:37:59     Query Q38 Score: 0.60
2026-06-15 20:37:59   [39/45] Processing Query Q39...
2026-06-15 20:38:22     Query Q39 Score: 0.95
2026-06-15 20:38:22   [40/45] Processing Query Q40...
2026-06-15 20:38:47     Query Q40 Score: 1.00
2026-06-15 20:38:47   [41/45] Processing Query Q41...
2026-06-15 20:39:13     Query Q41 Score: 1.00
2026-06-15 20:39:13   [42/45] Processing Query Q42...
2026-06-15 20:39:38     Query Q42 Score: 1.00
2026-06-15 20:39:38   [43/45] Processing Query Q43...
2026-06-15 20:40:03     Query Q43 Score: 1.00
2026-06-15 20:40:03   [44/45] Processing Query Q48...
2026-06-15 20:40:29     Query Q48 Score: 0.65
2026-06-15 20:40:29   [45/45] Processing Query Q49...
2026-06-15 20:41:10     Query Q49 Score: 0.90
2026-06-15 20:41:10 Saved validation results to D:\TFM\Model Evaluation\autoresearch\archive\run_20260612_132729\outputs\validation_results_iter51_20260615_204110.csv
2026-06-15 20:41:10 Validation run completed. Overall Mean Score: 0.8567
2026-06-15 20:41:10 Candidate Score: 0.8567 (Delta: -0.0311)
2026-06-15 20:41:10 >>> FAILURE: Score did not improve. Discarding changes.
2026-06-15 20:41:10 Iteration #51 logged successfully to experiments.json.
2026-06-15 20:41:10 
2026-06-15 20:41:10 =========================================
2026-06-15 20:41:10 STARTING ITERATION #52
2026-06-15 20:41:10 =========================================
2026-06-15 20:41:10 Current Champion Score: 0.8878
2026-06-15 20:41:10 Failing queries to fix: 19
2026-06-15 20:41:10 Calling Optimizer Agent to refine instructions...
2026-06-15 20:47:55 Starting validation run on 45 queries...
2026-06-15 20:47:55   [1/45] Processing Query Q01...
2026-06-15 20:48:28     Query Q01 Score: 1.00
2026-06-15 20:48:28   [2/45] Processing Query Q02...
2026-06-15 20:48:52     Query Q02 Score: 1.00
2026-06-15 20:48:52   [3/45] Processing Query Q03...
2026-06-15 20:49:17     Query Q03 Score: 1.00
2026-06-15 20:49:17   [4/45] Processing Query Q04...
2026-06-15 20:49:44     Query Q04 Score: 0.90
2026-06-15 20:49:44   [5/45] Processing Query Q05...
2026-06-15 20:50:09     Query Q05 Score: 0.50
2026-06-15 20:50:09   [6/45] Processing Query Q06...
2026-06-15 20:50:48     Query Q06 Score: 0.20
2026-06-15 20:50:48   [7/45] Processing Query Q07...
2026-06-15 20:51:11     Query Q07 Score: 1.00
2026-06-15 20:51:11   [8/45] Processing Query Q08...
2026-06-15 20:51:35     Query Q08 Score: 1.00
2026-06-15 20:51:35   [9/45] Processing Query Q09...
2026-06-15 20:51:59     Query Q09 Score: 0.40
2026-06-15 20:51:59   [10/45] Processing Query Q10...
2026-06-15 20:52:27     Query Q10 Score: 0.75
2026-06-15 20:52:27   [11/45] Processing Query Q11...
2026-06-15 20:53:03     Query Q11 Score: 0.50
2026-06-15 20:53:03   [12/45] Processing Query Q12...
2026-06-15 20:53:27     Query Q12 Score: 1.00
2026-06-15 20:53:27   [13/45] Processing Query Q13...
2026-06-15 20:53:53     Query Q13 Score: 0.50
2026-06-15 20:53:53   [14/45] Processing Query Q14...
2026-06-15 20:54:18     Query Q14 Score: 1.00
2026-06-15 20:54:18   [15/45] Processing Query Q15...
2026-06-15 20:54:43     Query Q15 Score: 1.00
2026-06-15 20:54:43   [16/45] Processing Query Q16...
2026-06-15 20:55:08     Query Q16 Score: 0.60
2026-06-15 20:55:08   [17/45] Processing Query Q17...
2026-06-15 20:55:32     Query Q17 Score: 0.50
2026-06-15 20:55:32   [18/45] Processing Query Q18...
2026-06-15 20:55:56     Query Q18 Score: 1.00
2026-06-15 20:55:56   [19/45] Processing Query Q19...
2026-06-15 20:56:21     Query Q19 Score: 0.50
2026-06-15 20:56:21   [20/45] Processing Query Q20...
2026-06-15 20:56:45     Query Q20 Score: 0.95
2026-06-15 20:56:45   [21/45] Processing Query Q21...
2026-06-15 20:57:15     Query Q21 Score: 0.90
2026-06-15 20:57:15   [22/45] Processing Query Q22...
2026-06-15 20:57:39     Query Q22 Score: 1.00
2026-06-15 20:57:39   [23/45] Processing Query Q23...
2026-06-15 20:58:22     Query Q23 Score: 0.40
2026-06-15 20:58:22   [24/45] Processing Query Q24...
2026-06-15 20:59:01     Query Q24 Score: 1.00
2026-06-15 20:59:01   [25/45] Processing Query Q25...
2026-06-15 20:59:27     Query Q25 Score: 1.00
2026-06-15 20:59:27   [26/45] Processing Query Q26...
2026-06-15 20:59:50     Query Q26 Score: 1.00
2026-06-15 20:59:50   [27/45] Processing Query Q27...
2026-06-15 21:00:17     Query Q27 Score: 0.75
2026-06-15 21:00:17   [28/45] Processing Query Q28...
2026-06-15 21:00:42     Query Q28 Score: 1.00
2026-06-15 21:00:42   [29/45] Processing Query Q29...
2026-06-15 21:01:06     Query Q29 Score: 0.60
2026-06-15 21:01:06   [30/45] Processing Query Q30...
2026-06-15 21:01:31     Query Q30 Score: 1.00
2026-06-15 21:01:31   [31/45] Processing Query Q31...
2026-06-15 21:01:57     Query Q31 Score: 1.00
2026-06-15 21:01:57   [32/45] Processing Query Q32...
2026-06-15 21:02:27     Query Q32 Score: 0.75
2026-06-15 21:02:27   [33/45] Processing Query Q33...
2026-06-15 21:02:55     Query Q33 Score: 0.75
2026-06-15 21:02:55   [34/45] Processing Query Q34...
2026-06-15 21:03:20     Query Q34 Score: 0.50
2026-06-15 21:03:20   [35/45] Processing Query Q35...
2026-06-15 21:03:43     Query Q35 Score: 1.00
2026-06-15 21:03:43   [36/45] Processing Query Q36...
2026-06-15 21:04:09     Query Q36 Score: 1.00
2026-06-15 21:04:09   [37/45] Processing Query Q37...
2026-06-15 21:04:35     Query Q37 Score: 0.95
2026-06-15 21:04:35   [38/45] Processing Query Q38...
2026-06-15 21:05:00     Query Q38 Score: 0.50
2026-06-15 21:05:00   [39/45] Processing Query Q39...
2026-06-15 21:05:25     Query Q39 Score: 1.00
2026-06-15 21:05:25   [40/45] Processing Query Q40...
2026-06-15 21:05:52     Query Q40 Score: 1.00
2026-06-15 21:05:52   [41/45] Processing Query Q41...
2026-06-15 21:06:18     Query Q41 Score: 1.00
2026-06-15 21:06:18   [42/45] Processing Query Q42...
2026-06-15 21:06:44     Query Q42 Score: 1.00
2026-06-15 21:06:44   [43/45] Processing Query Q43...
2026-06-15 21:07:10     Query Q43 Score: 1.00
2026-06-15 21:07:10   [44/45] Processing Query Q48...
2026-06-15 21:07:36     Query Q48 Score: 0.40
2026-06-15 21:07:36   [45/45] Processing Query Q49...
2026-06-15 21:08:08     Query Q49 Score: 1.00
2026-06-15 21:08:08 Saved validation results to D:\TFM\Model Evaluation\autoresearch\archive\run_20260612_132729\outputs\validation_results_iter52_20260615_210808.csv
2026-06-15 21:08:08 Validation run completed. Overall Mean Score: 0.8178
2026-06-15 21:08:08 Candidate Score: 0.8178 (Delta: -0.0700)
2026-06-15 21:08:08 >>> FAILURE: Score did not improve. Discarding changes.
2026-06-15 21:08:08 Iteration #52 logged successfully to experiments.json.
2026-06-15 21:08:08 Graceful stop flagged via 'D:\TFM\Model Evaluation\autoresearch\stop.txt' file. Exiting loop cleanly.
2026-06-15 21:08:08 
2026-06-15 21:08:08 Optimization process completed.
2026-06-15 21:08:08 Best prompt found at iteration #49 with Score: 0.8878
2026-06-15 21:31:36 Resuming optimization loop from iteration #53.
2026-06-15 21:31:36 Current champion established at iteration #49 with Score: 0.8878
2026-06-15 21:31:36 
2026-06-15 21:31:36 Entering optimization loop...
2026-06-15 21:31:36 
2026-06-15 21:31:36 =========================================
2026-06-15 21:31:36 STARTING ITERATION #53
2026-06-15 21:31:36 =========================================
2026-06-15 21:31:36 Current Champion Score: 0.8878
2026-06-15 21:31:36 Failing queries to fix: 19
2026-06-15 21:31:36 Calling Optimizer Agent to refine instructions...
2026-06-15 21:34:41 Starting validation run on 45 queries...
2026-06-15 21:34:41   [1/45] Processing Query Q01...
2026-06-15 21:35:08     Query Q01 Score: 1.00
2026-06-15 21:35:08   [2/45] Processing Query Q02...
2026-06-15 21:35:34     Query Q02 Score: 1.00
2026-06-15 21:35:34   [3/45] Processing Query Q03...
2026-06-15 21:36:01     Query Q03 Score: 1.00
2026-06-15 21:36:01   [4/45] Processing Query Q04...
2026-06-15 21:36:28     Query Q04 Score: 1.00
2026-06-15 21:36:28   [5/45] Processing Query Q05...
2026-06-15 21:36:55     Query Q05 Score: 0.50
2026-06-15 21:36:55   [6/45] Processing Query Q06...
2026-06-15 21:37:21     Query Q06 Score: 1.00
2026-06-15 21:37:21   [7/45] Processing Query Q07...
2026-06-15 21:37:48     Query Q07 Score: 1.00
2026-06-15 21:37:48   [8/45] Processing Query Q08...
2026-06-15 21:38:14     Query Q08 Score: 1.00
2026-06-15 21:38:14   [9/45] Processing Query Q09...
2026-06-15 21:38:51     Query Q09 Score: 0.40
2026-06-15 21:38:51   [10/45] Processing Query Q10...
2026-06-15 21:39:19     Query Q10 Score: 0.95
2026-06-15 21:39:19   [11/45] Processing Query Q11...
2026-06-15 21:40:00     Query Q11 Score: 0.40
2026-06-15 21:40:00   [12/45] Processing Query Q12...
2026-06-15 21:40:24     Query Q12 Score: 1.00
2026-06-15 21:40:24   [13/45] Processing Query Q13...
2026-06-15 21:40:52     Query Q13 Score: 0.40
2026-06-15 21:40:52   [14/45] Processing Query Q14...
2026-06-15 21:41:17     Query Q14 Score: 1.00
2026-06-15 21:41:17   [15/45] Processing Query Q15...
2026-06-15 21:42:01     Query Q15 Score: 1.00
2026-06-15 21:42:01   [16/45] Processing Query Q16...
2026-06-15 21:42:28     Query Q16 Score: 1.00
2026-06-15 21:42:28   [17/45] Processing Query Q17...
2026-06-15 21:42:53     Query Q17 Score: 1.00
2026-06-15 21:42:53   [18/45] Processing Query Q18...
2026-06-15 21:43:18     Query Q18 Score: 0.75
2026-06-15 21:43:18   [19/45] Processing Query Q19...
2026-06-15 21:43:48     Query Q19 Score: 0.30
2026-06-15 21:43:48   [20/45] Processing Query Q20...
2026-06-15 21:44:14     Query Q20 Score: 0.90
2026-06-15 21:44:14   [21/45] Processing Query Q21...
2026-06-15 21:44:47     Query Q21 Score: 0.90
2026-06-15 21:44:47   [22/45] Processing Query Q22...
2026-06-15 21:45:13     Query Q22 Score: 1.00
2026-06-15 21:45:13   [23/45] Processing Query Q23...
2026-06-15 21:45:49     Query Q23 Score: 0.90
2026-06-15 21:45:49   [24/45] Processing Query Q24...
2026-06-15 21:46:13     Query Q24 Score: 0.95
2026-06-15 21:46:13   [25/45] Processing Query Q25...
2026-06-15 21:46:38     Query Q25 Score: 1.00
2026-06-15 21:46:38   [26/45] Processing Query Q26...
2026-06-15 21:47:03     Query Q26 Score: 1.00
2026-06-15 21:47:03   [27/45] Processing Query Q27...
2026-06-15 21:47:28     Query Q27 Score: 0.85
2026-06-15 21:47:28   [28/45] Processing Query Q28...
2026-06-15 21:47:52     Query Q28 Score: 1.00
2026-06-15 21:47:52   [29/45] Processing Query Q29...
2026-06-15 21:48:18     Query Q29 Score: 1.00
2026-06-15 21:48:18   [30/45] Processing Query Q30...
2026-06-15 21:48:43     Query Q30 Score: 1.00
2026-06-15 21:48:43   [31/45] Processing Query Q31...
2026-06-15 21:49:08     Query Q31 Score: 1.00
2026-06-15 21:49:08   [32/45] Processing Query Q32...
2026-06-15 21:49:35     Query Q32 Score: 0.75
2026-06-15 21:49:35   [33/45] Processing Query Q33...
2026-06-15 21:50:08     Query Q33 Score: 0.50
2026-06-15 21:50:08   [34/45] Processing Query Q34...
2026-06-15 21:50:34     Query Q34 Score: 0.50
2026-06-15 21:50:34   [35/45] Processing Query Q35...
2026-06-15 21:50:58     Query Q35 Score: 1.00
2026-06-15 21:50:58   [36/45] Processing Query Q36...
2026-06-15 21:51:24     Query Q36 Score: 0.40
2026-06-15 21:51:24   [37/45] Processing Query Q37...
2026-06-15 21:51:49     Query Q37 Score: 0.95
2026-06-15 21:51:49   [38/45] Processing Query Q38...
2026-06-15 21:52:14     Query Q38 Score: 0.60
2026-06-15 21:52:14   [39/45] Processing Query Q39...
2026-06-15 21:52:38     Query Q39 Score: 0.95
2026-06-15 21:52:38   [40/45] Processing Query Q40...
2026-06-15 21:53:04     Query Q40 Score: 0.95
2026-06-15 21:53:04   [41/45] Processing Query Q41...
2026-06-15 21:53:30     Query Q41 Score: 1.00
2026-06-15 21:53:30   [42/45] Processing Query Q42...
2026-06-15 21:53:55     Query Q42 Score: 1.00
2026-06-15 21:53:55   [43/45] Processing Query Q43...
2026-06-15 21:54:20     Query Q43 Score: 1.00
2026-06-15 21:54:20   [44/45] Processing Query Q48...
2026-06-15 21:54:48     Query Q48 Score: 1.00
2026-06-15 21:54:48   [45/45] Processing Query Q49...
2026-06-15 21:55:16     Query Q49 Score: 0.30
2026-06-15 21:55:16 Saved validation results to D:\TFM\Model Evaluation\autoresearch\archive\run_20260612_132729\outputs\validation_results_iter53_20260615_215516.csv
2026-06-15 21:55:16 Validation run completed. Overall Mean Score: 0.8467
2026-06-15 21:55:16 Candidate Score: 0.8467 (Delta: -0.0411)
2026-06-15 21:55:16 >>> FAILURE: Score did not improve. Discarding changes.
2026-06-15 21:55:16 Iteration #53 logged successfully to experiments.json.
2026-06-15 21:55:16 
2026-06-15 21:55:16 =========================================
2026-06-15 21:55:16 STARTING ITERATION #54
2026-06-15 21:55:16 =========================================
2026-06-15 21:55:16 Current Champion Score: 0.8878
2026-06-15 21:55:16 Failing queries to fix: 19
2026-06-15 21:55:16 Calling Optimizer Agent to refine instructions...
2026-06-15 21:56:38 Starting validation run on 45 queries...
2026-06-15 21:56:38   [1/45] Processing Query Q01...
2026-06-15 21:57:03     Query Q01 Score: 1.00
2026-06-15 21:57:03   [2/45] Processing Query Q02...
2026-06-15 21:57:28     Query Q02 Score: 1.00
2026-06-15 21:57:28   [3/45] Processing Query Q03...
2026-06-15 21:57:54     Query Q03 Score: 1.00
2026-06-15 21:57:54   [4/45] Processing Query Q04...
2026-06-15 21:58:19     Query Q04 Score: 1.00
2026-06-15 21:58:19   [5/45] Processing Query Q05...
2026-06-15 21:58:44     Query Q05 Score: 0.50
2026-06-15 21:58:44   [6/45] Processing Query Q06...
2026-06-15 21:59:09     Query Q06 Score: 1.00
2026-06-15 21:59:09   [7/45] Processing Query Q07...
2026-06-15 21:59:34     Query Q07 Score: 1.00
2026-06-15 21:59:34   [8/45] Processing Query Q08...
2026-06-15 21:59:58     Query Q08 Score: 1.00
2026-06-15 21:59:58   [9/45] Processing Query Q09...
2026-06-15 22:00:32     Query Q09 Score: 0.30
2026-06-15 22:00:32   [10/45] Processing Query Q10...
2026-06-15 22:00:58     Query Q10 Score: 1.00
2026-06-15 22:00:58   [11/45] Processing Query Q11...
2026-06-15 22:01:27     Query Q11 Score: 0.20
2026-06-15 22:01:27   [12/45] Processing Query Q12...
2026-06-15 22:01:51     Query Q12 Score: 0.75
2026-06-15 22:01:51   [13/45] Processing Query Q13...
2026-06-15 22:02:21     Query Q13 Score: 0.75
2026-06-15 22:02:21   [14/45] Processing Query Q14...
2026-06-15 22:02:46     Query Q14 Score: 1.00
2026-06-15 22:02:46   [15/45] Processing Query Q15...
2026-06-15 22:03:23     Query Q15 Score: 1.00
2026-06-15 22:03:23   [16/45] Processing Query Q16...
2026-06-15 22:03:50     Query Q16 Score: 1.00
2026-06-15 22:03:50   [17/45] Processing Query Q17...
2026-06-15 22:04:16     Query Q17 Score: 1.00
2026-06-15 22:04:16   [18/45] Processing Query Q18...
2026-06-15 22:04:41     Query Q18 Score: 0.75
2026-06-15 22:04:41   [19/45] Processing Query Q19...
2026-06-15 22:05:18     Query Q19 Score: 0.40
2026-06-15 22:05:18   [20/45] Processing Query Q20...
2026-06-15 22:05:43     Query Q20 Score: 0.85
2026-06-15 22:05:43   [21/45] Processing Query Q21...
2026-06-15 22:06:16     Query Q21 Score: 0.95
2026-06-15 22:06:16   [22/45] Processing Query Q22...
2026-06-15 22:06:41     Query Q22 Score: 1.00
2026-06-15 22:06:41   [23/45] Processing Query Q23...
2026-06-15 22:07:17     Query Q23 Score: 0.90
2026-06-15 22:07:17   [24/45] Processing Query Q24...
2026-06-15 22:07:42     Query Q24 Score: 0.95
2026-06-15 22:07:42   [25/45] Processing Query Q25...
2026-06-15 22:08:08     Query Q25 Score: 1.00
2026-06-15 22:08:08   [26/45] Processing Query Q26...
2026-06-15 22:08:31     Query Q26 Score: 1.00
2026-06-15 22:08:31   [27/45] Processing Query Q27...
2026-06-15 22:08:55     Query Q27 Score: 1.00
2026-06-15 22:08:55   [28/45] Processing Query Q28...
2026-06-15 22:09:19     Query Q28 Score: 1.00
2026-06-15 22:09:19   [29/45] Processing Query Q29...
2026-06-15 22:09:45     Query Q29 Score: 1.00
2026-06-15 22:09:45   [30/45] Processing Query Q30...
2026-06-15 22:10:10     Query Q30 Score: 1.00
2026-06-15 22:10:10   [31/45] Processing Query Q31...
2026-06-15 22:10:34     Query Q31 Score: 1.00
2026-06-15 22:10:34   [32/45] Processing Query Q32...
2026-06-15 22:11:02     Query Q32 Score: 0.75
2026-06-15 22:11:02   [33/45] Processing Query Q33...
2026-06-15 22:11:28     Query Q33 Score: 1.00
2026-06-15 22:11:28   [34/45] Processing Query Q34...
2026-06-15 22:11:53     Query Q34 Score: 1.00
2026-06-15 22:11:53   [35/45] Processing Query Q35...
2026-06-15 22:12:16     Query Q35 Score: 1.00
2026-06-15 22:12:16   [36/45] Processing Query Q36...
2026-06-15 22:12:41     Query Q36 Score: 1.00
2026-06-15 22:12:41   [37/45] Processing Query Q37...
2026-06-15 22:13:07     Query Q37 Score: 0.95
2026-06-15 22:13:07   [38/45] Processing Query Q38...
2026-06-15 22:13:32     Query Q38 Score: 0.60
2026-06-15 22:13:32   [39/45] Processing Query Q39...
2026-06-15 22:13:56     Query Q39 Score: 0.95
2026-06-15 22:13:56   [40/45] Processing Query Q40...
2026-06-15 22:14:21     Query Q40 Score: 0.95
2026-06-15 22:14:21   [41/45] Processing Query Q41...
2026-06-15 22:14:47     Query Q41 Score: 1.00
2026-06-15 22:14:47   [42/45] Processing Query Q42...
2026-06-15 22:15:12     Query Q42 Score: 1.00
2026-06-15 22:15:12   [43/45] Processing Query Q43...
2026-06-15 22:15:37     Query Q43 Score: 1.00
2026-06-15 22:15:37   [44/45] Processing Query Q48...
2026-06-15 22:16:04     Query Q48 Score: 1.00
2026-06-15 22:16:04   [45/45] Processing Query Q49...
2026-06-15 22:16:41     Query Q49 Score: 0.85
2026-06-15 22:16:41 Saved validation results to D:\TFM\Model Evaluation\autoresearch\archive\run_20260612_132729\outputs\validation_results_iter54_20260615_221641.csv
2026-06-15 22:16:41 Validation run completed. Overall Mean Score: 0.8967
2026-06-15 22:16:41 Candidate Score: 0.8967 (Delta: +0.0089)
2026-06-15 22:16:41 >>> SUCCESS: Score improved! Saving new champion prompt.
2026-06-15 22:16:41 Iteration #54 logged successfully to experiments.json.
2026-06-15 22:16:41 
2026-06-15 22:16:41 =========================================
2026-06-15 22:16:41 STARTING ITERATION #55
2026-06-15 22:16:41 =========================================
2026-06-15 22:16:41 Current Champion Score: 0.8967
2026-06-15 22:16:41 Failing queries to fix: 17
2026-06-15 22:16:41 Calling Optimizer Agent to refine instructions...
2026-06-15 22:18:21 Starting validation run on 45 queries...
2026-06-15 22:18:21   [1/45] Processing Query Q01...
2026-06-15 22:18:50     Query Q01 Score: 1.00
2026-06-15 22:18:50   [2/45] Processing Query Q02...
2026-06-15 22:19:17     Query Q02 Score: 1.00
2026-06-15 22:19:17   [3/45] Processing Query Q03...
2026-06-15 22:19:45     Query Q03 Score: 1.00
2026-06-15 22:19:45   [4/45] Processing Query Q04...
2026-06-15 22:20:13     Query Q04 Score: 1.00
2026-06-15 22:20:13   [5/45] Processing Query Q05...
2026-06-15 22:20:39     Query Q05 Score: 0.50
2026-06-15 22:20:39   [6/45] Processing Query Q06...
2026-06-15 22:21:05     Query Q06 Score: 1.00
2026-06-15 22:21:05   [7/45] Processing Query Q07...
2026-06-15 22:21:30     Query Q07 Score: 1.00
2026-06-15 22:21:30   [8/45] Processing Query Q08...
2026-06-15 22:21:55     Query Q08 Score: 1.00
2026-06-15 22:21:55   [9/45] Processing Query Q09...
2026-06-15 22:22:30     Query Q09 Score: 0.50
2026-06-15 22:22:30   [10/45] Processing Query Q10...
2026-06-15 22:22:57     Query Q10 Score: 0.95
2026-06-15 22:22:57   [11/45] Processing Query Q11...
2026-06-15 22:23:29     Query Q11 Score: 0.40
2026-06-15 22:23:29   [12/45] Processing Query Q12...
2026-06-15 22:23:54     Query Q12 Score: 0.75
2026-06-15 22:23:54   [13/45] Processing Query Q13...
2026-06-15 22:24:29     Query Q13 Score: 0.50
2026-06-15 22:24:29   [14/45] Processing Query Q14...
2026-06-15 22:24:55     Query Q14 Score: 1.00
2026-06-15 22:24:55   [15/45] Processing Query Q15...
2026-06-15 22:25:39     Query Q15 Score: 1.00
2026-06-15 22:25:39   [16/45] Processing Query Q16...
2026-06-15 22:26:06     Query Q16 Score: 1.00
2026-06-15 22:26:06   [17/45] Processing Query Q17...
2026-06-15 22:26:31     Query Q17 Score: 1.00
2026-06-15 22:26:31   [18/45] Processing Query Q18...
2026-06-15 22:26:56     Query Q18 Score: 1.00
2026-06-15 22:26:56   [19/45] Processing Query Q19...
2026-06-15 22:27:26     Query Q19 Score: 0.95
2026-06-15 22:27:26   [20/45] Processing Query Q20...
2026-06-15 22:27:51     Query Q20 Score: 0.90
2026-06-15 22:27:51   [21/45] Processing Query Q21...
2026-06-15 22:28:23     Query Q21 Score: 0.95
2026-06-15 22:28:23   [22/45] Processing Query Q22...
2026-06-15 22:28:48     Query Q22 Score: 1.00
2026-06-15 22:28:48   [23/45] Processing Query Q23...
2026-06-15 22:29:33     Query Q23 Score: 0.30
2026-06-15 22:29:33   [24/45] Processing Query Q24...
2026-06-15 22:29:59     Query Q24 Score: 0.95
2026-06-15 22:29:59   [25/45] Processing Query Q25...
2026-06-15 22:30:25     Query Q25 Score: 1.00
2026-06-15 22:30:25   [26/45] Processing Query Q26...
2026-06-15 22:30:48     Query Q26 Score: 1.00
2026-06-15 22:30:48   [27/45] Processing Query Q27...
2026-06-15 22:31:13     Query Q27 Score: 1.00
2026-06-15 22:31:13   [28/45] Processing Query Q28...
2026-06-15 22:31:39     Query Q28 Score: 0.85
2026-06-15 22:31:39   [29/45] Processing Query Q29...
2026-06-15 22:32:04     Query Q29 Score: 1.00
2026-06-15 22:32:04   [30/45] Processing Query Q30...
2026-06-15 22:32:36     Query Q30 Score: 1.00
2026-06-15 22:32:36   [31/45] Processing Query Q31...
2026-06-15 22:33:03     Query Q31 Score: 1.00
2026-06-15 22:33:03   [32/45] Processing Query Q32...
2026-06-15 22:33:38     Query Q32 Score: 0.75
2026-06-15 22:33:38   [33/45] Processing Query Q33...
2026-06-15 22:34:05     Query Q33 Score: 1.00
2026-06-15 22:34:05   [34/45] Processing Query Q34...
2026-06-15 22:34:31     Query Q34 Score: 1.00
2026-06-15 22:34:31   [35/45] Processing Query Q35...
2026-06-15 22:34:56     Query Q35 Score: 1.00
2026-06-15 22:34:56   [36/45] Processing Query Q36...
2026-06-15 22:35:21     Query Q36 Score: 1.00
2026-06-15 22:35:21   [37/45] Processing Query Q37...
2026-06-15 22:35:47     Query Q37 Score: 1.00
2026-06-15 22:35:47   [38/45] Processing Query Q38...
2026-06-15 22:36:13     Query Q38 Score: 0.60
2026-06-15 22:36:13   [39/45] Processing Query Q39...
2026-06-15 22:36:38     Query Q39 Score: 0.95
2026-06-15 22:36:38   [40/45] Processing Query Q40...
2026-06-15 22:37:04     Query Q40 Score: 1.00
2026-06-15 22:37:04   [41/45] Processing Query Q41...
2026-06-15 22:37:33     Query Q41 Score: 1.00
2026-06-15 22:37:33   [42/45] Processing Query Q42...
2026-06-15 22:37:58     Query Q42 Score: 1.00
2026-06-15 22:37:58   [43/45] Processing Query Q43...
2026-06-15 22:38:24     Query Q43 Score: 1.00
2026-06-15 22:38:24   [44/45] Processing Query Q48...
2026-06-15 22:38:51     Query Q48 Score: 0.95
2026-06-15 22:38:51   [45/45] Processing Query Q49...
2026-06-15 22:39:20     Query Q49 Score: 0.60
2026-06-15 22:39:20 Saved validation results to D:\TFM\Model Evaluation\autoresearch\archive\run_20260612_132729\outputs\validation_results_iter55_20260615_223920.csv
2026-06-15 22:39:20 Validation run completed. Overall Mean Score: 0.8967
2026-06-15 22:39:20 Candidate Score: 0.8967 (Delta: +0.0000)
2026-06-15 22:39:20 >>> FAILURE: Score did not improve. Discarding changes.
2026-06-15 22:39:20 Iteration #55 logged successfully to experiments.json.
2026-06-15 22:39:20 
2026-06-15 22:39:20 =========================================
2026-06-15 22:39:20 STARTING ITERATION #56
2026-06-15 22:39:20 =========================================
2026-06-15 22:39:20 Current Champion Score: 0.8967
2026-06-15 22:39:20 Failing queries to fix: 17
2026-06-15 22:39:20 Calling Optimizer Agent to refine instructions...
2026-06-15 22:41:00 Starting validation run on 45 queries...
2026-06-15 22:41:00   [1/45] Processing Query Q01...
2026-06-15 22:41:27     Query Q01 Score: 1.00
2026-06-15 22:41:27   [2/45] Processing Query Q02...
2026-06-15 22:41:54     Query Q02 Score: 1.00
2026-06-15 22:41:54   [3/45] Processing Query Q03...
2026-06-15 22:42:19     Query Q03 Score: 1.00
2026-06-15 22:42:19   [4/45] Processing Query Q04...
2026-06-15 22:42:47     Query Q04 Score: 1.00
2026-06-15 22:42:47   [5/45] Processing Query Q05...
2026-06-15 22:43:13     Query Q05 Score: 0.40
2026-06-15 22:43:13   [6/45] Processing Query Q06...
2026-06-15 22:43:38     Query Q06 Score: 1.00
2026-06-15 22:43:38   [7/45] Processing Query Q07...
2026-06-15 22:44:03     Query Q07 Score: 1.00
2026-06-15 22:44:03   [8/45] Processing Query Q08...
2026-06-15 22:44:36     Query Q08 Score: 0.60
2026-06-15 22:44:36   [9/45] Processing Query Q09...
2026-06-15 22:45:15     Query Q09 Score: 0.40
2026-06-15 22:45:15   [10/45] Processing Query Q10...
2026-06-15 22:45:42     Query Q10 Score: 0.40
2026-06-15 22:45:42   [11/45] Processing Query Q11...
2026-06-15 22:46:10     Query Q11 Score: 0.60
2026-06-15 22:46:10   [12/45] Processing Query Q12...
2026-06-15 22:46:35     Query Q12 Score: 0.75
2026-06-15 22:46:35   [13/45] Processing Query Q13...
2026-06-15 22:47:12     Query Q13 Score: 0.40
2026-06-15 22:47:12   [14/45] Processing Query Q14...
2026-06-15 22:47:37     Query Q14 Score: 1.00
2026-06-15 22:47:37   [15/45] Processing Query Q15...
2026-06-15 22:48:13     Query Q15 Score: 1.00
2026-06-15 22:48:13   [16/45] Processing Query Q16...
2026-06-15 22:48:40     Query Q16 Score: 0.95
2026-06-15 22:48:40   [17/45] Processing Query Q17...
2026-06-15 22:49:05     Query Q17 Score: 0.50
2026-06-15 22:49:05   [18/45] Processing Query Q18...
2026-06-15 22:49:30     Query Q18 Score: 1.00
2026-06-15 22:49:30   [19/45] Processing Query Q19...
2026-06-15 22:49:58     Query Q19 Score: 1.00
2026-06-15 22:49:58   [20/45] Processing Query Q20...
2026-06-15 22:50:24     Query Q20 Score: 0.75
2026-06-15 22:50:24   [21/45] Processing Query Q21...
2026-06-15 22:50:50     Query Q21 Score: 1.00
2026-06-15 22:50:50   [22/45] Processing Query Q22...
2026-06-15 22:51:15     Query Q22 Score: 1.00
2026-06-15 22:51:15   [23/45] Processing Query Q23...
2026-06-15 22:51:58     Query Q23 Score: 0.40
2026-06-15 22:51:58   [24/45] Processing Query Q24...
2026-06-15 22:52:43     Query Q24 Score: 0.85
2026-06-15 22:52:43   [25/45] Processing Query Q25...
2026-06-15 22:53:09     Query Q25 Score: 1.00
2026-06-15 22:53:09   [26/45] Processing Query Q26...
2026-06-15 22:53:35     Query Q26 Score: 1.00
2026-06-15 22:53:35   [27/45] Processing Query Q27...
2026-06-15 22:54:01     Query Q27 Score: 0.50
2026-06-15 22:54:01   [28/45] Processing Query Q28...
2026-06-15 22:54:26     Query Q28 Score: 1.00
2026-06-15 22:54:26   [29/45] Processing Query Q29...
2026-06-15 22:54:52     Query Q29 Score: 0.60
2026-06-15 22:54:52   [30/45] Processing Query Q30...
2026-06-15 22:55:18     Query Q30 Score: 1.00
2026-06-15 22:55:18   [31/45] Processing Query Q31...
2026-06-15 22:55:43     Query Q31 Score: 1.00
2026-06-15 22:55:43   [32/45] Processing Query Q32...
2026-06-15 22:56:10     Query Q32 Score: 0.60
2026-06-15 22:56:10   [33/45] Processing Query Q33...
2026-06-15 22:56:43     Query Q33 Score: 1.00
2026-06-15 22:56:43   [34/45] Processing Query Q34...
2026-06-15 22:57:09     Query Q34 Score: 0.50
2026-06-15 22:57:09   [35/45] Processing Query Q35...
2026-06-15 22:57:38     Query Q35 Score: 1.00
2026-06-15 22:57:38   [36/45] Processing Query Q36...
2026-06-15 22:58:11     Query Q36 Score: 1.00
2026-06-15 22:58:11   [37/45] Processing Query Q37...
2026-06-15 22:58:36     Query Q37 Score: 0.95
2026-06-15 22:58:36   [38/45] Processing Query Q38...
2026-06-15 22:59:08     Query Q38 Score: 0.60
2026-06-15 22:59:08   [39/45] Processing Query Q39...
2026-06-15 22:59:38     Query Q39 Score: 0.95
2026-06-15 22:59:38   [40/45] Processing Query Q40...
2026-06-15 23:00:22     Query Q40 Score: 0.95
2026-06-15 23:00:22   [41/45] Processing Query Q41...
2026-06-15 23:00:50     Query Q41 Score: 1.00
2026-06-15 23:00:50   [42/45] Processing Query Q42...
2026-06-15 23:01:24     Query Q42 Score: 1.00
2026-06-15 23:01:24   [43/45] Processing Query Q43...
2026-06-15 23:01:51     Query Q43 Score: 1.00
2026-06-15 23:01:51   [44/45] Processing Query Q48...
2026-06-15 23:02:19     Query Q48 Score: 0.75
2026-06-15 23:02:19   [45/45] Processing Query Q49...
2026-06-15 23:02:46     Query Q49 Score: 1.00
2026-06-15 23:02:46 Saved validation results to D:\TFM\Model Evaluation\autoresearch\archive\run_20260612_132729\outputs\validation_results_iter56_20260615_230246.csv
2026-06-15 23:02:46 Validation run completed. Overall Mean Score: 0.8311
2026-06-15 23:02:46 Candidate Score: 0.8311 (Delta: -0.0656)
2026-06-15 23:02:46 >>> FAILURE: Score did not improve. Discarding changes.
2026-06-15 23:02:46 Iteration #56 logged successfully to experiments.json.
2026-06-15 23:02:46 
2026-06-15 23:02:46 =========================================
2026-06-15 23:02:46 STARTING ITERATION #57
2026-06-15 23:02:46 =========================================
2026-06-15 23:02:46 Current Champion Score: 0.8967
2026-06-15 23:02:46 Failing queries to fix: 17
2026-06-15 23:02:46 Calling Optimizer Agent to refine instructions...
2026-06-15 23:04:10 Starting validation run on 45 queries...
2026-06-15 23:04:10   [1/45] Processing Query Q01...
2026-06-15 23:04:44     Query Q01 Score: 1.00
2026-06-15 23:04:44   [2/45] Processing Query Q02...
2026-06-15 23:05:12     Query Q02 Score: 0.50
2026-06-15 23:05:12   [3/45] Processing Query Q03...
2026-06-15 23:05:38     Query Q03 Score: 1.00
2026-06-15 23:05:38   [4/45] Processing Query Q04...
2026-06-15 23:06:05     Query Q04 Score: 0.85
2026-06-15 23:06:05   [5/45] Processing Query Q05...
2026-06-15 23:06:31     Query Q05 Score: 0.50
2026-06-15 23:06:31   [6/45] Processing Query Q06...
2026-06-15 23:06:57     Query Q06 Score: 1.00
2026-06-15 23:06:57   [7/45] Processing Query Q07...
2026-06-15 23:07:22     Query Q07 Score: 1.00
2026-06-15 23:07:22   [8/45] Processing Query Q08...
2026-06-15 23:07:57     Query Q08 Score: 0.50
2026-06-15 23:07:57   [9/45] Processing Query Q09...
2026-06-15 23:08:42     Query Q09 Score: 0.40
2026-06-15 23:08:42   [10/45] Processing Query Q10...
2026-06-15 23:09:12     Query Q10 Score: 0.50
2026-06-15 23:09:12   [11/45] Processing Query Q11...
2026-06-15 23:09:49     Query Q11 Score: 0.50
2026-06-15 23:09:49   [12/45] Processing Query Q12...
2026-06-15 23:10:14     Query Q12 Score: 1.00
2026-06-15 23:10:14   [13/45] Processing Query Q13...
2026-06-15 23:10:42     Query Q13 Score: 0.40
2026-06-15 23:10:42   [14/45] Processing Query Q14...
2026-06-15 23:11:06     Query Q14 Score: 1.00
2026-06-15 23:11:06   [15/45] Processing Query Q15...
2026-06-15 23:11:44     Query Q15 Score: 1.00
2026-06-15 23:11:44   [16/45] Processing Query Q16...
2026-06-15 23:12:11     Query Q16 Score: 0.50
2026-06-15 23:12:11   [17/45] Processing Query Q17...
2026-06-15 23:12:36     Query Q17 Score: 0.50
2026-06-15 23:12:36   [18/45] Processing Query Q18...
2026-06-15 23:13:01     Query Q18 Score: 1.00
2026-06-15 23:13:01   [19/45] Processing Query Q19...
2026-06-15 23:13:26     Query Q19 Score: 1.00
2026-06-15 23:13:26   [20/45] Processing Query Q20...
2026-06-15 23:13:52     Query Q20 Score: 0.90
2026-06-15 23:13:52   [21/45] Processing Query Q21...
2026-06-15 23:14:39     Query Q21 Score: 0.60
2026-06-15 23:14:39   [22/45] Processing Query Q22...
2026-06-15 23:15:05     Query Q22 Score: 1.00
2026-06-15 23:15:05   [23/45] Processing Query Q23...
2026-06-15 23:15:46     Query Q23 Score: 0.90
2026-06-15 23:15:46   [24/45] Processing Query Q24...
2026-06-15 23:16:25     Query Q24 Score: 1.00
2026-06-15 23:16:25   [25/45] Processing Query Q25...
2026-06-15 23:16:50     Query Q25 Score: 1.00
2026-06-15 23:16:50   [26/45] Processing Query Q26...
2026-06-15 23:17:15     Query Q26 Score: 1.00
2026-06-15 23:17:15   [27/45] Processing Query Q27...
2026-06-15 23:18:04     Query Q27 Score: 0.40
2026-06-15 23:18:04   [28/45] Processing Query Q28...
2026-06-15 23:18:29     Query Q28 Score: 1.00
2026-06-15 23:18:29   [29/45] Processing Query Q29...
2026-06-15 23:18:54     Query Q29 Score: 0.60
2026-06-15 23:18:54   [30/45] Processing Query Q30...
2026-06-15 23:19:21     Query Q30 Score: 1.00
2026-06-15 23:19:21   [31/45] Processing Query Q31...
2026-06-15 23:19:47     Query Q31 Score: 0.95
2026-06-15 23:19:47   [32/45] Processing Query Q32...
2026-06-15 23:20:23     Query Q32 Score: 0.60
2026-06-15 23:20:23   [33/45] Processing Query Q33...
2026-06-15 23:20:53     Query Q33 Score: 0.85
2026-06-15 23:20:53   [34/45] Processing Query Q34...
2026-06-15 23:21:19     Query Q34 Score: 0.95
2026-06-15 23:21:19   [35/45] Processing Query Q35...
2026-06-15 23:21:43     Query Q35 Score: 1.00
2026-06-15 23:21:43   [36/45] Processing Query Q36...
2026-06-15 23:22:14     Query Q36 Score: 0.40
2026-06-15 23:22:14   [37/45] Processing Query Q37...
2026-06-15 23:22:41     Query Q37 Score: 0.95
2026-06-15 23:22:41   [38/45] Processing Query Q38...
2026-06-15 23:23:05     Query Q38 Score: 1.00
2026-06-15 23:23:05   [39/45] Processing Query Q39...
2026-06-15 23:23:31     Query Q39 Score: 1.00
2026-06-15 23:23:31   [40/45] Processing Query Q40...
2026-06-15 23:23:57     Query Q40 Score: 0.95
2026-06-15 23:23:57   [41/45] Processing Query Q41...
2026-06-15 23:24:23     Query Q41 Score: 1.00
2026-06-15 23:24:23   [42/45] Processing Query Q42...
2026-06-15 23:24:48     Query Q42 Score: 1.00
2026-06-15 23:24:48   [43/45] Processing Query Q43...
2026-06-15 23:25:14     Query Q43 Score: 1.00
2026-06-15 23:25:14   [44/45] Processing Query Q48...
2026-06-15 23:25:41     Query Q48 Score: 0.70
2026-06-15 23:25:41   [45/45] Processing Query Q49...
2026-06-15 23:26:07     Query Q49 Score: 1.00
2026-06-15 23:26:07 Saved validation results to D:\TFM\Model Evaluation\autoresearch\archive\run_20260612_132729\outputs\validation_results_iter57_20260615_232607.csv
2026-06-15 23:26:07 Validation run completed. Overall Mean Score: 0.8200
2026-06-15 23:26:07 Candidate Score: 0.8200 (Delta: -0.0767)
2026-06-15 23:26:07 >>> FAILURE: Score did not improve. Discarding changes.
2026-06-15 23:26:07 Iteration #57 logged successfully to experiments.json.
2026-06-15 23:26:07 
2026-06-15 23:26:07 =========================================
2026-06-15 23:26:07 STARTING ITERATION #58
2026-06-15 23:26:07 =========================================
2026-06-15 23:26:07 Current Champion Score: 0.8967
2026-06-15 23:26:07 Failing queries to fix: 17
2026-06-15 23:26:07 Calling Optimizer Agent to refine instructions...
2026-06-15 23:27:58 Starting validation run on 45 queries...
2026-06-15 23:27:58   [1/45] Processing Query Q01...
2026-06-15 23:28:25     Query Q01 Score: 1.00
2026-06-15 23:28:25   [2/45] Processing Query Q02...
2026-06-15 23:28:52     Query Q02 Score: 1.00
2026-06-15 23:28:52   [3/45] Processing Query Q03...
2026-06-15 23:29:19     Query Q03 Score: 1.00
2026-06-15 23:29:19   [4/45] Processing Query Q04...
2026-06-15 23:29:47     Query Q04 Score: 0.95
2026-06-15 23:29:47   [5/45] Processing Query Q05...
2026-06-15 23:30:15     Query Q05 Score: 0.50
2026-06-15 23:30:15   [6/45] Processing Query Q06...
2026-06-15 23:30:42     Query Q06 Score: 1.00
2026-06-15 23:30:42   [7/45] Processing Query Q07...
2026-06-15 23:31:08     Query Q07 Score: 1.00
2026-06-15 23:31:08   [8/45] Processing Query Q08...
2026-06-15 23:31:52     Query Q08 Score: 0.60
2026-06-15 23:31:52   [9/45] Processing Query Q09...
2026-06-15 23:32:30     Query Q09 Score: 0.50
2026-06-15 23:32:30   [10/45] Processing Query Q10...
2026-06-15 23:33:04     Query Q10 Score: 0.40
2026-06-15 23:33:04   [11/45] Processing Query Q11...
2026-06-15 23:33:34     Query Q11 Score: 0.40
2026-06-15 23:33:34   [12/45] Processing Query Q12...
2026-06-15 23:33:58     Query Q12 Score: 1.00
2026-06-15 23:33:58   [13/45] Processing Query Q13...
2026-06-15 23:34:25     Query Q13 Score: 0.40
2026-06-15 23:34:25   [14/45] Processing Query Q14...
2026-06-15 23:34:50     Query Q14 Score: 1.00
2026-06-15 23:34:50   [15/45] Processing Query Q15...
2026-06-15 23:35:19     Query Q15 Score: 0.70
2026-06-15 23:35:19   [16/45] Processing Query Q16...
2026-06-15 23:35:57     Query Q16 Score: 1.00
2026-06-15 23:35:57   [17/45] Processing Query Q17...
2026-06-15 23:36:22     Query Q17 Score: 0.50
2026-06-15 23:36:22   [18/45] Processing Query Q18...
2026-06-15 23:36:48     Query Q18 Score: 1.00
2026-06-15 23:36:48   [19/45] Processing Query Q19...
2026-06-15 23:37:13     Query Q19 Score: 1.00
2026-06-15 23:37:13   [20/45] Processing Query Q20...
2026-06-15 23:37:40     Query Q20 Score: 0.95
2026-06-15 23:37:40   [21/45] Processing Query Q21...
2026-06-15 23:38:25     Query Q21 Score: 0.40
2026-06-15 23:38:25   [22/45] Processing Query Q22...
2026-06-15 23:38:50     Query Q22 Score: 1.00
2026-06-15 23:38:50   [23/45] Processing Query Q23...
2026-06-15 23:39:47     Query Q23 Score: 0.40
2026-06-15 23:39:47   [24/45] Processing Query Q24...
2026-06-15 23:40:12     Query Q24 Score: 1.00
2026-06-15 23:40:12   [25/45] Processing Query Q25...
2026-06-15 23:40:38     Query Q25 Score: 1.00
2026-06-15 23:40:38   [26/45] Processing Query Q26...
2026-06-15 23:41:02     Query Q26 Score: 1.00
2026-06-15 23:41:02   [27/45] Processing Query Q27...
2026-06-15 23:41:27     Query Q27 Score: 0.95
2026-06-15 23:41:27   [28/45] Processing Query Q28...
2026-06-15 23:41:53     Query Q28 Score: 1.00
2026-06-15 23:41:53   [29/45] Processing Query Q29...
2026-06-15 23:42:18     Query Q29 Score: 0.60
2026-06-15 23:42:18   [30/45] Processing Query Q30...
2026-06-15 23:42:44     Query Q30 Score: 1.00
2026-06-15 23:42:44   [31/45] Processing Query Q31...
2026-06-15 23:43:09     Query Q31 Score: 1.00
2026-06-15 23:43:09   [32/45] Processing Query Q32...
2026-06-15 23:43:36     Query Q32 Score: 0.60
2026-06-15 23:43:36   [33/45] Processing Query Q33...
2026-06-15 23:44:05     Query Q33 Score: 0.40
2026-06-15 23:44:05   [34/45] Processing Query Q34...
2026-06-15 23:44:33     Query Q34 Score: 0.95
2026-06-15 23:44:33   [35/45] Processing Query Q35...
2026-06-15 23:44:58     Query Q35 Score: 1.00
2026-06-15 23:44:58   [36/45] Processing Query Q36...
2026-06-15 23:45:23     Query Q36 Score: 0.50
2026-06-15 23:45:23   [37/45] Processing Query Q37...
2026-06-15 23:45:50     Query Q37 Score: 0.95
2026-06-15 23:45:50   [38/45] Processing Query Q38...
2026-06-15 23:46:16     Query Q38 Score: 0.50
2026-06-15 23:46:16   [39/45] Processing Query Q39...
2026-06-15 23:46:41     Query Q39 Score: 1.00
2026-06-15 23:46:41   [40/45] Processing Query Q40...
2026-06-15 23:47:09     Query Q40 Score: 0.95
2026-06-15 23:47:09   [41/45] Processing Query Q41...
2026-06-15 23:47:35     Query Q41 Score: 1.00
2026-06-15 23:47:35   [42/45] Processing Query Q42...
2026-06-15 23:48:00     Query Q42 Score: 1.00
2026-06-15 23:48:00   [43/45] Processing Query Q43...
2026-06-15 23:48:26     Query Q43 Score: 1.00
2026-06-15 23:48:26   [44/45] Processing Query Q48...
2026-06-15 23:49:01     Query Q48 Score: 0.95
2026-06-15 23:49:01   [45/45] Processing Query Q49...
2026-06-15 23:49:28     Query Q49 Score: 1.00
2026-06-15 23:49:28 Saved validation results to D:\TFM\Model Evaluation\autoresearch\archive\run_20260612_132729\outputs\validation_results_iter58_20260615_234928.csv
2026-06-15 23:49:28 Validation run completed. Overall Mean Score: 0.8233
2026-06-15 23:49:28 Candidate Score: 0.8233 (Delta: -0.0733)
2026-06-15 23:49:28 >>> FAILURE: Score did not improve. Discarding changes.
2026-06-15 23:49:28 Iteration #58 logged successfully to experiments.json.
2026-06-15 23:49:28 
2026-06-15 23:49:28 =========================================
2026-06-15 23:49:28 STARTING ITERATION #59
2026-06-15 23:49:28 =========================================
2026-06-15 23:49:28 Current Champion Score: 0.8967
2026-06-15 23:49:28 Failing queries to fix: 17
2026-06-15 23:49:28 Calling Optimizer Agent to refine instructions...
2026-06-15 23:50:51 Starting validation run on 45 queries...
2026-06-15 23:50:51   [1/45] Processing Query Q01...
2026-06-15 23:51:18     Query Q01 Score: 1.00
2026-06-15 23:51:18   [2/45] Processing Query Q02...
2026-06-15 23:51:44     Query Q02 Score: 1.00
2026-06-15 23:51:44   [3/45] Processing Query Q03...
2026-06-15 23:52:10     Query Q03 Score: 1.00
2026-06-15 23:52:10   [4/45] Processing Query Q04...
2026-06-15 23:52:38     Query Q04 Score: 1.00
2026-06-15 23:52:38   [5/45] Processing Query Q05...
2026-06-15 23:53:05     Query Q05 Score: 0.50
2026-06-15 23:53:05   [6/45] Processing Query Q06...
2026-06-15 23:53:31     Query Q06 Score: 1.00
2026-06-15 23:53:31   [7/45] Processing Query Q07...
2026-06-15 23:53:57     Query Q07 Score: 1.00
2026-06-15 23:53:57   [8/45] Processing Query Q08...
2026-06-15 23:54:37     Query Q08 Score: 0.50
2026-06-15 23:54:37   [9/45] Processing Query Q09...
2026-06-15 23:55:11     Query Q09 Score: 0.40
2026-06-15 23:55:11   [10/45] Processing Query Q10...
2026-06-15 23:55:37     Query Q10 Score: 0.75
2026-06-15 23:55:37   [11/45] Processing Query Q11...
2026-06-15 23:56:06     Query Q11 Score: 0.50
2026-06-15 23:56:06   [12/45] Processing Query Q12...
2026-06-15 23:56:30     Query Q12 Score: 1.00
2026-06-15 23:56:30   [13/45] Processing Query Q13...
2026-06-15 23:57:01     Query Q13 Score: 0.50
2026-06-15 23:57:01   [14/45] Processing Query Q14...
2026-06-15 23:57:27     Query Q14 Score: 1.00
2026-06-15 23:57:27   [15/45] Processing Query Q15...
2026-06-15 23:58:12     Query Q15 Score: 1.00
2026-06-15 23:58:12   [16/45] Processing Query Q16...
2026-06-15 23:58:41     Query Q16 Score: 1.00
2026-06-15 23:58:41   [17/45] Processing Query Q17...
2026-06-15 23:59:06     Query Q17 Score: 1.00
2026-06-15 23:59:06   [18/45] Processing Query Q18...
2026-06-15 23:59:31     Query Q18 Score: 1.00
2026-06-15 23:59:31   [19/45] Processing Query Q19...
2026-06-15 23:59:56     Query Q19 Score: 1.00
2026-06-15 23:59:56   [20/45] Processing Query Q20...
2026-06-16 00:00:21     Query Q20 Score: 0.90
2026-06-16 00:00:21   [21/45] Processing Query Q21...
2026-06-16 00:01:01     Query Q21 Score: 0.75
2026-06-16 00:01:01   [22/45] Processing Query Q22...
2026-06-16 00:01:33     Query Q22 Score: 1.00
2026-06-16 00:01:33   [23/45] Processing Query Q23...
2026-06-16 00:02:14     Query Q23 Score: 0.30
2026-06-16 00:02:14   [24/45] Processing Query Q24...
2026-06-16 00:02:50     Query Q24 Score: 0.95
2026-06-16 00:02:50   [25/45] Processing Query Q25...
2026-06-16 00:03:15     Query Q25 Score: 1.00
2026-06-16 00:03:15   [26/45] Processing Query Q26...
2026-06-16 00:03:40     Query Q26 Score: 0.85
2026-06-16 00:03:40   [27/45] Processing Query Q27...
2026-06-16 00:04:25     Query Q27 Score: 0.50
2026-06-16 00:04:25   [28/45] Processing Query Q28...
2026-06-16 00:04:50     Query Q28 Score: 1.00
2026-06-16 00:04:50   [29/45] Processing Query Q29...
2026-06-16 00:05:17     Query Q29 Score: 1.00
2026-06-16 00:05:17   [30/45] Processing Query Q30...
2026-06-16 00:05:43     Query Q30 Score: 1.00
2026-06-16 00:05:43   [31/45] Processing Query Q31...
2026-06-16 00:06:08     Query Q31 Score: 0.95
2026-06-16 00:06:08   [32/45] Processing Query Q32...
2026-06-16 00:06:36     Query Q32 Score: 0.60
2026-06-16 00:06:36   [33/45] Processing Query Q33...
2026-06-16 00:07:05     Query Q33 Score: 0.75
2026-06-16 00:07:05   [34/45] Processing Query Q34...
2026-06-16 00:07:32     Query Q34 Score: 0.50
2026-06-16 00:07:32   [35/45] Processing Query Q35...
2026-06-16 00:07:56     Query Q35 Score: 1.00
2026-06-16 00:07:56   [36/45] Processing Query Q36...
2026-06-16 00:08:22     Query Q36 Score: 0.60
2026-06-16 00:08:22   [37/45] Processing Query Q37...
2026-06-16 00:08:48     Query Q37 Score: 1.00
2026-06-16 00:08:48   [38/45] Processing Query Q38...
2026-06-16 00:09:16     Query Q38 Score: 0.60
2026-06-16 00:09:16   [39/45] Processing Query Q39...
2026-06-16 00:09:42     Query Q39 Score: 0.95
2026-06-16 00:09:42   [40/45] Processing Query Q40...
2026-06-16 00:10:09     Query Q40 Score: 0.95
2026-06-16 00:10:09   [41/45] Processing Query Q41...
2026-06-16 00:10:36     Query Q41 Score: 1.00
2026-06-16 00:10:36   [42/45] Processing Query Q42...
2026-06-16 00:11:01     Query Q42 Score: 1.00
2026-06-16 00:11:01   [43/45] Processing Query Q43...
2026-06-16 00:11:26     Query Q43 Score: 1.00
2026-06-16 00:11:26   [44/45] Processing Query Q48...
2026-06-16 00:11:54     Query Q48 Score: 0.70
2026-06-16 00:11:54   [45/45] Processing Query Q49...
2026-06-16 00:12:21     Query Q49 Score: 0.40
2026-06-16 00:12:21 Saved validation results to D:\TFM\Model Evaluation\autoresearch\archive\run_20260612_132729\outputs\validation_results_iter59_20260616_001221.csv
2026-06-16 00:12:21 Validation run completed. Overall Mean Score: 0.8311
2026-06-16 00:12:21 Candidate Score: 0.8311 (Delta: -0.0656)
2026-06-16 00:12:21 >>> FAILURE: Score did not improve. Discarding changes.
2026-06-16 00:12:21 Iteration #59 logged successfully to experiments.json.
2026-06-16 00:12:21 Graceful stop flagged via 'D:\TFM\Model Evaluation\autoresearch\stop.txt' file. Exiting loop cleanly.
2026-06-16 00:12:21 
2026-06-16 00:12:21 Optimization process completed.
2026-06-16 00:12:21 Best prompt found at iteration #55 with Score: 0.8967
2026-06-16 08:35:13 Resuming optimization loop from iteration #60.
2026-06-16 08:35:13 Current champion established at iteration #55 with Score: 0.8967
2026-06-16 08:35:13 
2026-06-16 08:35:13 Entering optimization loop...
2026-06-16 08:35:13 
2026-06-16 08:35:13 =========================================
2026-06-16 08:35:13 STARTING ITERATION #60
2026-06-16 08:35:13 =========================================
2026-06-16 08:35:13 Current Champion Score: 0.8967
2026-06-16 08:35:13 Failing queries to fix: 17
2026-06-16 08:35:13 Calling Optimizer Agent to refine instructions...
2026-06-16 08:49:53 Resuming optimization loop from iteration #60.
2026-06-16 08:49:53 Current champion established at iteration #55 with Score: 0.8967
2026-06-16 08:49:53 
2026-06-16 08:49:53 Entering optimization loop...
2026-06-16 08:49:53 
2026-06-16 08:49:53 =========================================
2026-06-16 08:49:53 STARTING ITERATION #60
2026-06-16 08:49:53 =========================================
2026-06-16 08:49:53 Current Champion Score: 0.8967
2026-06-16 08:49:53 Failing queries to fix: 17
2026-06-16 08:49:53 Calling Optimizer Agent to refine instructions...
2026-06-16 09:01:41 Starting validation run on 45 queries...
2026-06-16 09:01:41   [1/45] Processing Query Q01...
2026-06-16 09:02:11     Query Q01 Score: 1.00
2026-06-16 09:02:11   [2/45] Processing Query Q02...
2026-06-16 09:02:35     Query Q02 Score: 1.00
2026-06-16 09:02:35   [3/45] Processing Query Q03...
2026-06-16 09:03:00     Query Q03 Score: 1.00
2026-06-16 09:03:00   [4/45] Processing Query Q04...
2026-06-16 09:03:25     Query Q04 Score: 0.75
2026-06-16 09:03:25   [5/45] Processing Query Q05...
2026-06-16 09:03:49     Query Q05 Score: 0.50
2026-06-16 09:03:49   [6/45] Processing Query Q06...
2026-06-16 09:04:13     Query Q06 Score: 1.00
2026-06-16 09:04:13   [7/45] Processing Query Q07...
2026-06-16 09:04:36     Query Q07 Score: 1.00
2026-06-16 09:04:36   [8/45] Processing Query Q08...
2026-06-16 09:05:04     Query Q08 Score: 0.50
2026-06-16 09:05:04   [9/45] Processing Query Q09...
2026-06-16 09:05:40     Query Q09 Score: 0.40
2026-06-16 09:05:40   [10/45] Processing Query Q10...
2026-06-16 09:06:03     Query Q10 Score: 0.75
2026-06-16 09:06:03   [11/45] Processing Query Q11...
2026-06-16 09:06:33     Query Q11 Score: 0.40
2026-06-16 09:06:33   [12/45] Processing Query Q12...
2026-06-16 09:06:55     Query Q12 Score: 1.00
2026-06-16 09:06:55   [13/45] Processing Query Q13...
2026-06-16 09:07:19     Query Q13 Score: 0.40
2026-06-16 09:07:19   [14/45] Processing Query Q14...
2026-06-16 09:07:43     Query Q14 Score: 1.00
2026-06-16 09:07:43   [15/45] Processing Query Q15...
2026-06-16 09:08:17     Query Q15 Score: 1.00
2026-06-16 09:08:17   [16/45] Processing Query Q16...
2026-06-16 09:08:43     Query Q16 Score: 1.00
2026-06-16 09:08:43   [17/45] Processing Query Q17...
2026-06-16 09:09:07     Query Q17 Score: 1.00
2026-06-16 09:09:07   [18/45] Processing Query Q18...
2026-06-16 09:09:30     Query Q18 Score: 1.00
2026-06-16 09:09:30   [19/45] Processing Query Q19...
2026-06-16 09:09:55     Query Q19 Score: 0.40
2026-06-16 09:09:55   [20/45] Processing Query Q20...
2026-06-16 09:10:19     Query Q20 Score: 0.90
2026-06-16 09:10:19   [21/45] Processing Query Q21...
2026-06-16 09:10:49     Query Q21 Score: 0.95
2026-06-16 09:10:49   [22/45] Processing Query Q22...
2026-06-16 09:11:13     Query Q22 Score: 1.00
2026-06-16 09:11:13   [23/45] Processing Query Q23...
2026-06-16 09:11:46     Query Q23 Score: 0.75
2026-06-16 09:11:46   [24/45] Processing Query Q24...
2026-06-16 09:12:23     Query Q24 Score: 0.90
2026-06-16 09:12:23   [25/45] Processing Query Q25...
2026-06-16 09:12:46     Query Q25 Score: 1.00
2026-06-16 09:12:46   [26/45] Processing Query Q26...
2026-06-16 09:13:09     Query Q26 Score: 1.00
2026-06-16 09:13:09   [27/45] Processing Query Q27...
2026-06-16 09:13:32     Query Q27 Score: 1.00
2026-06-16 09:13:32   [28/45] Processing Query Q28...
2026-06-16 09:13:56     Query Q28 Score: 1.00
2026-06-16 09:13:56   [29/45] Processing Query Q29...
2026-06-16 09:14:20     Query Q29 Score: 0.95
2026-06-16 09:14:20   [30/45] Processing Query Q30...
2026-06-16 09:14:44     Query Q30 Score: 1.00
2026-06-16 09:14:44   [31/45] Processing Query Q31...
2026-06-16 09:15:07     Query Q31 Score: 1.00
2026-06-16 09:15:07   [32/45] Processing Query Q32...
2026-06-16 09:15:39     Query Q32 Score: 0.60
2026-06-16 09:15:39   [33/45] Processing Query Q33...
2026-06-16 09:16:06     Query Q33 Score: 0.85
2026-06-16 09:16:06   [34/45] Processing Query Q34...
2026-06-16 09:16:30     Query Q34 Score: 1.00
2026-06-16 09:16:30   [35/45] Processing Query Q35...
2026-06-16 09:16:52     Query Q35 Score: 1.00
2026-06-16 09:16:52   [36/45] Processing Query Q36...
2026-06-16 09:17:15     Query Q36 Score: 1.00
2026-06-16 09:17:15   [37/45] Processing Query Q37...
2026-06-16 09:17:39     Query Q37 Score: 0.95
2026-06-16 09:17:39   [38/45] Processing Query Q38...
2026-06-16 09:18:02     Query Q38 Score: 0.60
2026-06-16 09:18:02   [39/45] Processing Query Q39...
2026-06-16 09:18:26     Query Q39 Score: 0.95
2026-06-16 09:18:26   [40/45] Processing Query Q40...
2026-06-16 09:18:51     Query Q40 Score: 1.00
2026-06-16 09:18:51   [41/45] Processing Query Q41...
2026-06-16 09:19:16     Query Q41 Score: 1.00
2026-06-16 09:19:16   [42/45] Processing Query Q42...
2026-06-16 09:19:39     Query Q42 Score: 1.00
2026-06-16 09:19:39   [43/45] Processing Query Q43...
2026-06-16 09:20:02     Query Q43 Score: 1.00
2026-06-16 09:20:02   [44/45] Processing Query Q48...
2026-06-16 09:20:28     Query Q48 Score: 0.60
2026-06-16 09:20:28   [45/45] Processing Query Q49...
2026-06-16 09:21:04     Query Q49 Score: 1.00
2026-06-16 09:21:04 Saved validation results to D:\TFM\Model Evaluation\autoresearch\archive\run_20260612_132729\outputs\validation_results_iter60_20260616_092104.csv
2026-06-16 09:21:04 Validation run completed. Overall Mean Score: 0.8689
2026-06-16 09:21:04 Candidate Score: 0.8689 (Delta: -0.0278)
2026-06-16 09:21:04 >>> FAILURE: Score did not improve. Discarding changes.
2026-06-16 09:21:04 Iteration #60 logged successfully to experiments.json.
2026-06-16 09:21:04 
2026-06-16 09:21:04 =========================================
2026-06-16 09:21:04 STARTING ITERATION #61
2026-06-16 09:21:04 =========================================
2026-06-16 09:21:04 Current Champion Score: 0.8967
2026-06-16 09:21:04 Failing queries to fix: 17
2026-06-16 09:21:04 Calling Optimizer Agent to refine instructions...
2026-06-16 09:34:03 Starting validation run on 45 queries...
2026-06-16 09:34:03   [1/45] Processing Query Q01...
2026-06-16 09:34:30     Query Q01 Score: 1.00
2026-06-16 09:34:30   [2/45] Processing Query Q02...
2026-06-16 09:34:55     Query Q02 Score: 1.00
2026-06-16 09:34:55   [3/45] Processing Query Q03...
2026-06-16 09:35:20     Query Q03 Score: 1.00
2026-06-16 09:35:20   [4/45] Processing Query Q04...
2026-06-16 09:35:48     Query Q04 Score: 1.00
2026-06-16 09:35:48   [5/45] Processing Query Q05...
2026-06-16 09:36:15     Query Q05 Score: 0.40
2026-06-16 09:36:15   [6/45] Processing Query Q06...
2026-06-16 09:36:41     Query Q06 Score: 1.00
2026-06-16 09:36:41   [7/45] Processing Query Q07...
2026-06-16 09:37:08     Query Q07 Score: 1.00
2026-06-16 09:37:08   [8/45] Processing Query Q08...
2026-06-16 09:37:41     Query Q08 Score: 0.50
2026-06-16 09:37:41   [9/45] Processing Query Q09...
2026-06-16 09:38:20     Query Q09 Score: 0.40
2026-06-16 09:38:20   [10/45] Processing Query Q10...
2026-06-16 09:38:48     Query Q10 Score: 0.50
2026-06-16 09:38:48   [11/45] Processing Query Q11...
2026-06-16 09:39:19     Query Q11 Score: 0.40
2026-06-16 09:39:19   [12/45] Processing Query Q12...
2026-06-16 09:39:44     Query Q12 Score: 0.75
2026-06-16 09:39:44   [13/45] Processing Query Q13...
2026-06-16 09:40:18     Query Q13 Score: 0.50
2026-06-16 09:40:18   [14/45] Processing Query Q14...
2026-06-16 09:40:43     Query Q14 Score: 1.00
2026-06-16 09:40:43   [15/45] Processing Query Q15...
2026-06-16 09:41:23     Query Q15 Score: 1.00
2026-06-16 09:41:23   [16/45] Processing Query Q16...
2026-06-16 09:41:49     Query Q16 Score: 1.00
2026-06-16 09:41:49   [17/45] Processing Query Q17...
2026-06-16 09:42:14     Query Q17 Score: 1.00
2026-06-16 09:42:14   [18/45] Processing Query Q18...
2026-06-16 09:42:38     Query Q18 Score: 0.75
2026-06-16 09:42:38   [19/45] Processing Query Q19...
2026-06-16 09:43:11     Query Q19 Score: 0.65
2026-06-16 09:43:11   [20/45] Processing Query Q20...
2026-06-16 09:43:36     Query Q20 Score: 0.60
2026-06-16 09:43:36   [21/45] Processing Query Q21...
2026-06-16 09:44:08     Query Q21 Score: 0.95
2026-06-16 09:44:08   [22/45] Processing Query Q22...
2026-06-16 09:44:33     Query Q22 Score: 1.00
2026-06-16 09:44:33   [23/45] Processing Query Q23...
2026-06-16 09:45:18     Query Q23 Score: 0.60
2026-06-16 09:45:18   [24/45] Processing Query Q24...
2026-06-16 09:45:49     Query Q24 Score: 1.00
2026-06-16 09:45:49   [25/45] Processing Query Q25...
2026-06-16 09:46:13     Query Q25 Score: 1.00
2026-06-16 09:46:13   [26/45] Processing Query Q26...
2026-06-16 09:46:36     Query Q26 Score: 1.00
2026-06-16 09:46:36   [27/45] Processing Query Q27...
2026-06-16 09:46:59     Query Q27 Score: 0.85
2026-06-16 09:46:59   [28/45] Processing Query Q28...
2026-06-16 09:47:24     Query Q28 Score: 1.00
2026-06-16 09:47:24   [29/45] Processing Query Q29...
2026-06-16 09:47:48     Query Q29 Score: 1.00
2026-06-16 09:47:48   [30/45] Processing Query Q30...
2026-06-16 09:48:13     Query Q30 Score: 1.00
2026-06-16 09:48:13   [31/45] Processing Query Q31...
2026-06-16 09:48:36     Query Q31 Score: 1.00
2026-06-16 09:48:36   [32/45] Processing Query Q32...
2026-06-16 09:49:01     Query Q32 Score: 0.60
2026-06-16 09:49:01   [33/45] Processing Query Q33...
2026-06-16 09:49:28     Query Q33 Score: 0.95
2026-06-16 09:49:28   [34/45] Processing Query Q34...
2026-06-16 09:49:52     Query Q34 Score: 0.95
2026-06-16 09:49:52   [35/45] Processing Query Q35...
2026-06-16 09:50:15     Query Q35 Score: 1.00
2026-06-16 09:50:15   [36/45] Processing Query Q36...
2026-06-16 09:50:40     Query Q36 Score: 0.40
2026-06-16 09:50:40   [37/45] Processing Query Q37...
2026-06-16 09:51:04     Query Q37 Score: 1.00
2026-06-16 09:51:04   [38/45] Processing Query Q38...
2026-06-16 09:51:28     Query Q38 Score: 0.60
2026-06-16 09:51:28   [39/45] Processing Query Q39...
2026-06-16 09:51:51     Query Q39 Score: 0.95
2026-06-16 09:51:51   [40/45] Processing Query Q40...
2026-06-16 09:52:16     Query Q40 Score: 0.95
2026-06-16 09:52:16   [41/45] Processing Query Q41...
2026-06-16 09:52:41     Query Q41 Score: 1.00
2026-06-16 09:52:41   [42/45] Processing Query Q42...
2026-06-16 09:53:04     Query Q42 Score: 1.00
2026-06-16 09:53:04   [43/45] Processing Query Q43...
2026-06-16 09:53:28     Query Q43 Score: 1.00
2026-06-16 09:53:28   [44/45] Processing Query Q48...
2026-06-16 09:53:54     Query Q48 Score: 0.95
2026-06-16 09:53:54   [45/45] Processing Query Q49...
2026-06-16 09:54:20     Query Q49 Score: 0.75
2026-06-16 09:54:20 Saved validation results to D:\TFM\Model Evaluation\autoresearch\archive\run_20260612_132729\outputs\validation_results_iter61_20260616_095420.csv
2026-06-16 09:54:20 Validation run completed. Overall Mean Score: 0.8433
2026-06-16 09:54:20 Candidate Score: 0.8433 (Delta: -0.0533)
2026-06-16 09:54:20 >>> FAILURE: Score did not improve. Discarding changes.
2026-06-16 09:54:20 Iteration #61 logged successfully to experiments.json.
2026-06-16 09:54:20 
2026-06-16 09:54:20 =========================================
2026-06-16 09:54:20 STARTING ITERATION #62
2026-06-16 09:54:20 =========================================
2026-06-16 09:54:20 Current Champion Score: 0.8967
2026-06-16 09:54:20 Failing queries to fix: 17
2026-06-16 09:54:20 Calling Optimizer Agent to refine instructions...
2026-06-16 10:05:46 Starting validation run on 45 queries...
2026-06-16 10:05:46   [1/45] Processing Query Q01...
2026-06-16 10:06:11     Query Q01 Score: 1.00
2026-06-16 10:06:11   [2/45] Processing Query Q02...
2026-06-16 10:06:35     Query Q02 Score: 1.00
2026-06-16 10:06:35   [3/45] Processing Query Q03...
2026-06-16 10:07:00     Query Q03 Score: 1.00
2026-06-16 10:07:00   [4/45] Processing Query Q04...
2026-06-16 10:07:27     Query Q04 Score: 0.95
2026-06-16 10:07:27   [5/45] Processing Query Q05...
2026-06-16 10:07:52     Query Q05 Score: 0.50
2026-06-16 10:07:52   [6/45] Processing Query Q06...
2026-06-16 10:08:17     Query Q06 Score: 1.00
2026-06-16 10:08:17   [7/45] Processing Query Q07...
2026-06-16 10:08:41     Query Q07 Score: 1.00
2026-06-16 10:08:41   [8/45] Processing Query Q08...
2026-06-16 10:09:06     Query Q08 Score: 1.00
2026-06-16 10:09:06   [9/45] Processing Query Q09...
2026-06-16 10:09:41     Query Q09 Score: 0.30
2026-06-16 10:09:41   [10/45] Processing Query Q10...
2026-06-16 10:10:07     Query Q10 Score: 0.50
2026-06-16 10:10:07   [11/45] Processing Query Q11...
2026-06-16 10:10:34     Query Q11 Score: 0.50
2026-06-16 10:10:34   [12/45] Processing Query Q12...
2026-06-16 10:10:57     Query Q12 Score: 0.75
2026-06-16 10:10:57   [13/45] Processing Query Q13...
2026-06-16 10:11:22     Query Q13 Score: 0.40
2026-06-16 10:11:22   [14/45] Processing Query Q14...
2026-06-16 10:11:46     Query Q14 Score: 1.00
2026-06-16 10:11:46   [15/45] Processing Query Q15...
2026-06-16 10:12:12     Query Q15 Score: 1.00
2026-06-16 10:12:12   [16/45] Processing Query Q16...
2026-06-16 10:12:37     Query Q16 Score: 0.95
2026-06-16 10:12:37   [17/45] Processing Query Q17...
2026-06-16 10:13:01     Query Q17 Score: 1.00
2026-06-16 10:13:01   [18/45] Processing Query Q18...
2026-06-16 10:13:24     Query Q18 Score: 0.75
2026-06-16 10:13:24   [19/45] Processing Query Q19...
2026-06-16 10:13:47     Query Q19 Score: 0.95
2026-06-16 10:13:47   [20/45] Processing Query Q20...
2026-06-16 10:14:11     Query Q20 Score: 0.90
2026-06-16 10:14:11   [21/45] Processing Query Q21...
2026-06-16 10:14:43     Query Q21 Score: 0.95
2026-06-16 10:14:43   [22/45] Processing Query Q22...
2026-06-16 10:15:06     Query Q22 Score: 1.00
2026-06-16 10:15:06   [23/45] Processing Query Q23...
2026-06-16 10:15:34     Query Q23 Score: 0.85
2026-06-16 10:15:34   [24/45] Processing Query Q24...
2026-06-16 10:16:09     Query Q24 Score: 0.75
2026-06-16 10:16:09   [25/45] Processing Query Q25...
2026-06-16 10:16:32     Query Q25 Score: 1.00
2026-06-16 10:16:32   [26/45] Processing Query Q26...
2026-06-16 10:16:55     Query Q26 Score: 1.00
2026-06-16 10:16:55   [27/45] Processing Query Q27...
2026-06-16 10:17:20     Query Q27 Score: 0.75
2026-06-16 10:17:20   [28/45] Processing Query Q28...
2026-06-16 10:17:43     Query Q28 Score: 1.00
2026-06-16 10:17:43   [29/45] Processing Query Q29...
2026-06-16 10:18:06     Query Q29 Score: 0.60
2026-06-16 10:18:06   [30/45] Processing Query Q30...
2026-06-16 10:18:30     Query Q30 Score: 1.00
2026-06-16 10:18:30   [31/45] Processing Query Q31...
2026-06-16 10:18:54     Query Q31 Score: 1.00
2026-06-16 10:18:54   [32/45] Processing Query Q32...
2026-06-16 10:19:19     Query Q32 Score: 0.75
2026-06-16 10:19:19   [33/45] Processing Query Q33...
2026-06-16 10:19:45     Query Q33 Score: 0.75
2026-06-16 10:19:45   [34/45] Processing Query Q34...
2026-06-16 10:20:10     Query Q34 Score: 1.00
2026-06-16 10:20:10   [35/45] Processing Query Q35...
2026-06-16 10:20:32     Query Q35 Score: 1.00
2026-06-16 10:20:32   [36/45] Processing Query Q36...
2026-06-16 10:20:56     Query Q36 Score: 1.00
2026-06-16 10:20:56   [37/45] Processing Query Q37...
2026-06-16 10:21:20     Query Q37 Score: 0.95
2026-06-16 10:21:20   [38/45] Processing Query Q38...
2026-06-16 10:21:44     Query Q38 Score: 0.60
2026-06-16 10:21:44   [39/45] Processing Query Q39...
2026-06-16 10:22:08     Query Q39 Score: 1.00
2026-06-16 10:22:08   [40/45] Processing Query Q40...
2026-06-16 10:22:34     Query Q40 Score: 1.00
2026-06-16 10:22:34   [41/45] Processing Query Q41...
2026-06-16 10:22:59     Query Q41 Score: 1.00
2026-06-16 10:22:59   [42/45] Processing Query Q42...
2026-06-16 10:23:23     Query Q42 Score: 1.00
2026-06-16 10:23:23   [43/45] Processing Query Q43...
2026-06-16 10:23:49     Query Q43 Score: 0.85
2026-06-16 10:23:49   [44/45] Processing Query Q48...
2026-06-16 10:24:15     Query Q48 Score: 0.40
2026-06-16 10:24:15   [45/45] Processing Query Q49...
2026-06-16 10:24:41     Query Q49 Score: 0.75
2026-06-16 10:24:41 Saved validation results to D:\TFM\Model Evaluation\autoresearch\archive\run_20260612_132729\outputs\validation_results_iter62_20260616_102441.csv
2026-06-16 10:24:41 Validation run completed. Overall Mean Score: 0.8533
2026-06-16 10:24:41 Candidate Score: 0.8533 (Delta: -0.0433)
2026-06-16 10:24:41 >>> FAILURE: Score did not improve. Discarding changes.
2026-06-16 10:24:41 Iteration #62 logged successfully to experiments.json.
2026-06-16 10:24:41 
2026-06-16 10:24:41 =========================================
2026-06-16 10:24:41 STARTING ITERATION #63
2026-06-16 10:24:41 =========================================
2026-06-16 10:24:41 Current Champion Score: 0.8967
2026-06-16 10:24:41 Failing queries to fix: 17
2026-06-16 10:24:41 Calling Optimizer Agent to refine instructions...
2026-06-16 10:37:59 Starting validation run on 45 queries...
2026-06-16 10:37:59   [1/45] Processing Query Q01...
2026-06-16 10:38:25     Query Q01 Score: 1.00
2026-06-16 10:38:25   [2/45] Processing Query Q02...
2026-06-16 10:38:50     Query Q02 Score: 0.95
2026-06-16 10:38:50   [3/45] Processing Query Q03...
2026-06-16 10:39:15     Query Q03 Score: 1.00
2026-06-16 10:39:15   [4/45] Processing Query Q04...
2026-06-16 10:39:41     Query Q04 Score: 1.00
2026-06-16 10:39:41   [5/45] Processing Query Q05...
2026-06-16 10:40:05     Query Q05 Score: 0.60
2026-06-16 10:40:05   [6/45] Processing Query Q06...
2026-06-16 10:40:30     Query Q06 Score: 1.00
2026-06-16 10:40:30   [7/45] Processing Query Q07...
2026-06-16 10:40:54     Query Q07 Score: 1.00
2026-06-16 10:40:54   [8/45] Processing Query Q08...
2026-06-16 10:41:28     Query Q08 Score: 0.60
2026-06-16 10:41:28   [9/45] Processing Query Q09...
2026-06-16 10:42:02     Query Q09 Score: 0.40
2026-06-16 10:42:02   [10/45] Processing Query Q10...
2026-06-16 10:42:28     Query Q10 Score: 0.50
2026-06-16 10:42:28   [11/45] Processing Query Q11...
2026-06-16 10:42:54     Query Q11 Score: 0.50
2026-06-16 10:42:54   [12/45] Processing Query Q12...
2026-06-16 10:43:17     Query Q12 Score: 1.00
2026-06-16 10:43:17   [13/45] Processing Query Q13...
2026-06-16 10:43:43     Query Q13 Score: 0.40
2026-06-16 10:43:43   [14/45] Processing Query Q14...
2026-06-16 10:44:06     Query Q14 Score: 0.95
2026-06-16 10:44:06   [15/45] Processing Query Q15...
2026-06-16 10:44:36     Query Q15 Score: 1.00
2026-06-16 10:44:36   [16/45] Processing Query Q16...
2026-06-16 10:45:01     Query Q16 Score: 1.00
2026-06-16 10:45:01   [17/45] Processing Query Q17...
2026-06-16 10:45:25     Query Q17 Score: 1.00
2026-06-16 10:45:25   [18/45] Processing Query Q18...
2026-06-16 10:45:49     Query Q18 Score: 0.75
2026-06-16 10:45:49   [19/45] Processing Query Q19...
2026-06-16 10:46:22     Query Q19 Score: 1.00
2026-06-16 10:46:22   [20/45] Processing Query Q20...
2026-06-16 10:46:45     Query Q20 Score: 0.90
2026-06-16 10:46:45   [21/45] Processing Query Q21...
2026-06-16 10:47:19     Query Q21 Score: 1.00
2026-06-16 10:47:19   [22/45] Processing Query Q22...
2026-06-16 10:47:42     Query Q22 Score: 1.00
2026-06-16 10:47:42   [23/45] Processing Query Q23...
2026-06-16 10:48:35     Query Q23 Score: 0.40
2026-06-16 10:48:35   [24/45] Processing Query Q24...
2026-06-16 10:49:11     Query Q24 Score: 0.50
2026-06-16 10:49:11   [25/45] Processing Query Q25...
2026-06-16 10:49:35     Query Q25 Score: 1.00
2026-06-16 10:49:35   [26/45] Processing Query Q26...
2026-06-16 10:49:58     Query Q26 Score: 1.00
2026-06-16 10:49:58   [27/45] Processing Query Q27...
2026-06-16 10:50:34     Query Q27 Score: 1.00
2026-06-16 10:50:34   [28/45] Processing Query Q28...
2026-06-16 10:50:57     Query Q28 Score: 1.00
2026-06-16 10:50:57   [29/45] Processing Query Q29...
2026-06-16 10:51:22     Query Q29 Score: 1.00
2026-06-16 10:51:22   [30/45] Processing Query Q30...
2026-06-16 10:51:47     Query Q30 Score: 1.00
2026-06-16 10:51:47   [31/45] Processing Query Q31...
2026-06-16 10:52:10     Query Q31 Score: 1.00
2026-06-16 10:52:10   [32/45] Processing Query Q32...
2026-06-16 10:52:35     Query Q32 Score: 0.60
2026-06-16 10:52:35   [33/45] Processing Query Q33...
2026-06-16 10:53:10     Query Q33 Score: 0.50
2026-06-16 10:53:10   [34/45] Processing Query Q34...
2026-06-16 10:53:34     Query Q34 Score: 0.95
2026-06-16 10:53:34   [35/45] Processing Query Q35...
2026-06-16 10:53:55     Query Q35 Score: 1.00
2026-06-16 10:53:55   [36/45] Processing Query Q36...
2026-06-16 10:54:19     Query Q36 Score: 1.00
2026-06-16 10:54:19   [37/45] Processing Query Q37...
2026-06-16 10:54:44     Query Q37 Score: 0.95
2026-06-16 10:54:44   [38/45] Processing Query Q38...
2026-06-16 10:55:07     Query Q38 Score: 0.60
2026-06-16 10:55:07   [39/45] Processing Query Q39...
2026-06-16 10:55:31     Query Q39 Score: 0.95
2026-06-16 10:55:31   [40/45] Processing Query Q40...
2026-06-16 10:55:55     Query Q40 Score: 0.95
2026-06-16 10:55:55   [41/45] Processing Query Q41...
2026-06-16 10:56:21     Query Q41 Score: 1.00
2026-06-16 10:56:21   [42/45] Processing Query Q42...
2026-06-16 10:56:44     Query Q42 Score: 1.00
2026-06-16 10:56:44   [43/45] Processing Query Q43...
2026-06-16 10:57:09     Query Q43 Score: 0.40
2026-06-16 10:57:09   [44/45] Processing Query Q48...
2026-06-16 10:57:34     Query Q48 Score: 0.50
2026-06-16 10:57:34   [45/45] Processing Query Q49...
2026-06-16 10:58:01     Query Q49 Score: 0.40
2026-06-16 10:58:01 Saved validation results to D:\TFM\Model Evaluation\autoresearch\archive\run_20260612_132729\outputs\validation_results_iter63_20260616_105801.csv
2026-06-16 10:58:01 Validation run completed. Overall Mean Score: 0.8278
2026-06-16 10:58:01 Candidate Score: 0.8278 (Delta: -0.0689)
2026-06-16 10:58:01 >>> FAILURE: Score did not improve. Discarding changes.
2026-06-16 10:58:01 Iteration #63 logged successfully to experiments.json.
2026-06-16 10:58:01 
2026-06-16 10:58:01 =========================================
2026-06-16 10:58:01 STARTING ITERATION #64
2026-06-16 10:58:01 =========================================
2026-06-16 10:58:01 Current Champion Score: 0.8967
2026-06-16 10:58:01 Failing queries to fix: 17
2026-06-16 10:58:01 Calling Optimizer Agent to refine instructions...
2026-06-16 11:10:59 Starting validation run on 45 queries...
2026-06-16 11:10:59   [1/45] Processing Query Q01...
2026-06-16 11:11:24     Query Q01 Score: 1.00
2026-06-16 11:11:24   [2/45] Processing Query Q02...
2026-06-16 11:11:49     Query Q02 Score: 0.95
2026-06-16 11:11:49   [3/45] Processing Query Q03...
2026-06-16 11:12:13     Query Q03 Score: 1.00
2026-06-16 11:12:13   [4/45] Processing Query Q04...
2026-06-16 11:12:39     Query Q04 Score: 0.95
2026-06-16 11:12:39   [5/45] Processing Query Q05...
2026-06-16 11:13:04     Query Q05 Score: 0.40
2026-06-16 11:13:04   [6/45] Processing Query Q06...
2026-06-16 11:13:29     Query Q06 Score: 0.40
2026-06-16 11:13:29   [7/45] Processing Query Q07...
2026-06-16 11:13:53     Query Q07 Score: 1.00
2026-06-16 11:13:53   [8/45] Processing Query Q08...
2026-06-16 11:14:24     Query Q08 Score: 0.50
2026-06-16 11:14:24   [9/45] Processing Query Q09...
2026-06-16 11:14:56     Query Q09 Score: 0.30
2026-06-16 11:14:56   [10/45] Processing Query Q10...
2026-06-16 11:15:21     Query Q10 Score: 0.40
2026-06-16 11:15:21   [11/45] Processing Query Q11...
2026-06-16 11:15:48     Query Q11 Score: 0.50
2026-06-16 11:15:48   [12/45] Processing Query Q12...
2026-06-16 11:16:11     Query Q12 Score: 1.00
2026-06-16 11:16:11   [13/45] Processing Query Q13...
2026-06-16 11:16:35     Query Q13 Score: 0.40
2026-06-16 11:16:35   [14/45] Processing Query Q14...
2026-06-16 11:17:00     Query Q14 Score: 0.60
2026-06-16 11:17:00   [15/45] Processing Query Q15...
2026-06-16 11:17:35     Query Q15 Score: 0.95
2026-06-16 11:17:35   [16/45] Processing Query Q16...
2026-06-16 11:17:59     Query Q16 Score: 0.50
2026-06-16 11:17:59   [17/45] Processing Query Q17...
2026-06-16 11:18:22     Query Q17 Score: 1.00
2026-06-16 11:18:22   [18/45] Processing Query Q18...
2026-06-16 11:18:46     Query Q18 Score: 1.00
2026-06-16 11:18:46   [19/45] Processing Query Q19...
2026-06-16 11:19:09     Query Q19 Score: 1.00
2026-06-16 11:19:09   [20/45] Processing Query Q20...
2026-06-16 11:19:32     Query Q20 Score: 0.90
2026-06-16 11:19:32   [21/45] Processing Query Q21...
2026-06-16 11:20:12     Query Q21 Score: 1.00
2026-06-16 11:20:12   [22/45] Processing Query Q22...
2026-06-16 11:20:35     Query Q22 Score: 1.00
2026-06-16 11:20:35   [23/45] Processing Query Q23...
2026-06-16 11:21:12     Query Q23 Score: 0.50
2026-06-16 11:21:12   [24/45] Processing Query Q24...
2026-06-16 11:21:55     Query Q24 Score: 0.50
2026-06-16 11:21:55   [25/45] Processing Query Q25...
2026-06-16 11:22:18     Query Q25 Score: 1.00
2026-06-16 11:22:18   [26/45] Processing Query Q26...
2026-06-16 11:22:40     Query Q26 Score: 1.00
2026-06-16 11:22:40   [27/45] Processing Query Q27...
2026-06-16 11:23:05     Query Q27 Score: 0.75
2026-06-16 11:23:05   [28/45] Processing Query Q28...
2026-06-16 11:23:28     Query Q28 Score: 1.00
2026-06-16 11:23:28   [29/45] Processing Query Q29...
2026-06-16 11:23:51     Query Q29 Score: 0.60
2026-06-16 11:23:51   [30/45] Processing Query Q30...
2026-06-16 11:24:16     Query Q30 Score: 1.00
2026-06-16 11:24:16   [31/45] Processing Query Q31...
2026-06-16 11:24:39     Query Q31 Score: 1.00
2026-06-16 11:24:39   [32/45] Processing Query Q32...
2026-06-16 11:25:03     Query Q32 Score: 0.60
2026-06-16 11:25:03   [33/45] Processing Query Q33...
2026-06-16 11:25:54     Query Q33 Score: 1.00
2026-06-16 11:25:54   [34/45] Processing Query Q34...
2026-06-16 11:26:19     Query Q34 Score: 0.50
2026-06-16 11:26:19   [35/45] Processing Query Q35...
2026-06-16 11:26:40     Query Q35 Score: 1.00
2026-06-16 11:26:40   [36/45] Processing Query Q36...
2026-06-16 11:27:04     Query Q36 Score: 0.50
2026-06-16 11:27:04   [37/45] Processing Query Q37...
2026-06-16 11:27:27     Query Q37 Score: 0.95
2026-06-16 11:27:27   [38/45] Processing Query Q38...
2026-06-16 11:27:51     Query Q38 Score: 0.60
2026-06-16 11:27:51   [39/45] Processing Query Q39...
2026-06-16 11:28:14     Query Q39 Score: 0.95
2026-06-16 11:28:14   [40/45] Processing Query Q40...
2026-06-16 11:28:38     Query Q40 Score: 0.95
2026-06-16 11:28:38   [41/45] Processing Query Q41...
2026-06-16 11:29:03     Query Q41 Score: 1.00
2026-06-16 11:29:03   [42/45] Processing Query Q42...
2026-06-16 11:29:27     Query Q42 Score: 1.00
2026-06-16 11:29:27   [43/45] Processing Query Q43...
2026-06-16 11:29:52     Query Q43 Score: 0.95
2026-06-16 11:29:52   [44/45] Processing Query Q48...
2026-06-16 11:30:17     Query Q48 Score: 0.75
2026-06-16 11:30:17   [45/45] Processing Query Q49...
2026-06-16 11:31:05     Query Q49 Score: 1.00
2026-06-16 11:31:05 Saved validation results to D:\TFM\Model Evaluation\autoresearch\archive\run_20260612_132729\outputs\validation_results_iter64_20260616_113105.csv
2026-06-16 11:31:05 Validation run completed. Overall Mean Score: 0.7967
2026-06-16 11:31:05 Candidate Score: 0.7967 (Delta: -0.1000)
2026-06-16 11:31:05 >>> FAILURE: Score did not improve. Discarding changes.
2026-06-16 11:31:05 Iteration #64 logged successfully to experiments.json.
2026-06-16 11:31:05 
2026-06-16 11:31:05 =========================================
2026-06-16 11:31:05 STARTING ITERATION #65
2026-06-16 11:31:05 =========================================
2026-06-16 11:31:05 Current Champion Score: 0.8967
2026-06-16 11:31:05 Failing queries to fix: 17
2026-06-16 11:31:05 Calling Optimizer Agent to refine instructions...
2026-06-16 11:45:17 Starting validation run on 45 queries...
2026-06-16 11:45:17   [1/45] Processing Query Q01...
2026-06-16 11:45:42     Query Q01 Score: 1.00
2026-06-16 11:45:42   [2/45] Processing Query Q02...
2026-06-16 11:46:06     Query Q02 Score: 1.00
2026-06-16 11:46:06   [3/45] Processing Query Q03...
2026-06-16 11:46:30     Query Q03 Score: 1.00
2026-06-16 11:46:30   [4/45] Processing Query Q04...
2026-06-16 11:46:56     Query Q04 Score: 0.90
2026-06-16 11:46:56   [5/45] Processing Query Q05...
2026-06-16 11:47:20     Query Q05 Score: 0.40
2026-06-16 11:47:20   [6/45] Processing Query Q06...
2026-06-16 11:47:46     Query Q06 Score: 0.30
2026-06-16 11:47:46   [7/45] Processing Query Q07...
2026-06-16 11:48:09     Query Q07 Score: 1.00
2026-06-16 11:48:09   [8/45] Processing Query Q08...
2026-06-16 11:48:33     Query Q08 Score: 1.00
2026-06-16 11:48:33   [9/45] Processing Query Q09...
2026-06-16 11:49:17     Query Q09 Score: 0.40
2026-06-16 11:49:17   [10/45] Processing Query Q10...
2026-06-16 11:49:42     Query Q10 Score: 0.65
2026-06-16 11:49:42   [11/45] Processing Query Q11...
2026-06-16 11:50:09     Query Q11 Score: 0.20
2026-06-16 11:50:09   [12/45] Processing Query Q12...
2026-06-16 11:50:32     Query Q12 Score: 1.00
2026-06-16 11:50:32   [13/45] Processing Query Q13...
2026-06-16 11:51:06     Query Q13 Score: 0.50
2026-06-16 11:51:06   [14/45] Processing Query Q14...
2026-06-16 11:51:30     Query Q14 Score: 0.95
2026-06-16 11:51:30   [15/45] Processing Query Q15...
2026-06-16 11:51:56     Query Q15 Score: 1.00
2026-06-16 11:51:56   [16/45] Processing Query Q16...
2026-06-16 11:52:46     Query Q16 Score: 1.00
2026-06-16 11:52:46   [17/45] Processing Query Q17...
2026-06-16 11:53:10     Query Q17 Score: 1.00
2026-06-16 11:53:10   [18/45] Processing Query Q18...
2026-06-16 11:53:34     Query Q18 Score: 1.00
2026-06-16 11:53:34   [19/45] Processing Query Q19...
2026-06-16 11:54:11     Query Q19 Score: 0.90
2026-06-16 11:54:11   [20/45] Processing Query Q20...
2026-06-16 11:54:36     Query Q20 Score: 0.90
2026-06-16 11:54:36   [21/45] Processing Query Q21...
2026-06-16 11:55:26     Query Q21 Score: 0.60
2026-06-16 11:55:26   [22/45] Processing Query Q22...
2026-06-16 11:55:49     Query Q22 Score: 1.00
2026-06-16 11:55:49   [23/45] Processing Query Q23...
2026-06-16 11:56:28     Query Q23 Score: 0.90
2026-06-16 11:56:28   [24/45] Processing Query Q24...
2026-06-16 11:57:04     Query Q24 Score: 0.95
2026-06-16 11:57:04   [25/45] Processing Query Q25...
2026-06-16 11:57:28     Query Q25 Score: 1.00
2026-06-16 11:57:28   [26/45] Processing Query Q26...
2026-06-16 11:57:51     Query Q26 Score: 1.00
2026-06-16 11:57:51   [27/45] Processing Query Q27...
2026-06-16 11:58:14     Query Q27 Score: 0.40
2026-06-16 11:58:14   [28/45] Processing Query Q28...
2026-06-16 11:58:37     Query Q28 Score: 1.00
2026-06-16 11:58:37   [29/45] Processing Query Q29...
2026-06-16 11:59:02     Query Q29 Score: 1.00
2026-06-16 11:59:02   [30/45] Processing Query Q30...
2026-06-16 11:59:26     Query Q30 Score: 1.00
2026-06-16 11:59:26   [31/45] Processing Query Q31...
2026-06-16 11:59:49     Query Q31 Score: 1.00
2026-06-16 11:59:49   [32/45] Processing Query Q32...
2026-06-16 12:00:14     Query Q32 Score: 0.60
2026-06-16 12:00:14   [33/45] Processing Query Q33...
2026-06-16 12:00:41     Query Q33 Score: 0.95
2026-06-16 12:00:41   [34/45] Processing Query Q34...
2026-06-16 12:01:05     Query Q34 Score: 1.00
2026-06-16 12:01:05   [35/45] Processing Query Q35...
2026-06-16 12:01:27     Query Q35 Score: 1.00
2026-06-16 12:01:27   [36/45] Processing Query Q36...
2026-06-16 12:01:51     Query Q36 Score: 0.50
2026-06-16 12:01:51   [37/45] Processing Query Q37...
2026-06-16 12:02:15     Query Q37 Score: 0.95
2026-06-16 12:02:15   [38/45] Processing Query Q38...
2026-06-16 12:02:38     Query Q38 Score: 0.60
2026-06-16 12:02:38   [39/45] Processing Query Q39...
2026-06-16 12:03:02     Query Q39 Score: 1.00
2026-06-16 12:03:02   [40/45] Processing Query Q40...
2026-06-16 12:03:26     Query Q40 Score: 0.95
2026-06-16 12:03:26   [41/45] Processing Query Q41...
2026-06-16 12:03:51     Query Q41 Score: 1.00
2026-06-16 12:03:51   [42/45] Processing Query Q42...
2026-06-16 12:04:14     Query Q42 Score: 1.00
2026-06-16 12:04:14   [43/45] Processing Query Q43...
2026-06-16 12:04:39     Query Q43 Score: 0.40
2026-06-16 12:04:39   [44/45] Processing Query Q48...
2026-06-16 12:05:05     Query Q48 Score: 0.95
2026-06-16 12:05:05   [45/45] Processing Query Q49...
2026-06-16 12:05:30     Query Q49 Score: 0.95
2026-06-16 12:05:30 Saved validation results to D:\TFM\Model Evaluation\autoresearch\archive\run_20260612_132729\outputs\validation_results_iter65_20260616_120530.csv
2026-06-16 12:05:30 Validation run completed. Overall Mean Score: 0.8400
2026-06-16 12:05:30 Candidate Score: 0.8400 (Delta: -0.0567)
2026-06-16 12:05:30 >>> FAILURE: Score did not improve. Discarding changes.
2026-06-16 12:05:30 Iteration #65 logged successfully to experiments.json.
2026-06-16 12:05:30 
2026-06-16 12:05:30 =========================================
2026-06-16 12:05:30 STARTING ITERATION #66
2026-06-16 12:05:30 =========================================
2026-06-16 12:05:30 Current Champion Score: 0.8967
2026-06-16 12:05:30 Failing queries to fix: 17
2026-06-16 12:05:30 Calling Optimizer Agent to refine instructions...
2026-06-16 12:16:35 Starting validation run on 45 queries...
2026-06-16 12:16:35   [1/45] Processing Query Q01...
2026-06-16 12:17:00     Query Q01 Score: 1.00
2026-06-16 12:17:00   [2/45] Processing Query Q02...
2026-06-16 12:17:24     Query Q02 Score: 1.00
2026-06-16 12:17:24   [3/45] Processing Query Q03...
2026-06-16 12:17:48     Query Q03 Score: 1.00
2026-06-16 12:17:48   [4/45] Processing Query Q04...
2026-06-16 12:18:14     Query Q04 Score: 0.70
2026-06-16 12:18:14   [5/45] Processing Query Q05...
2026-06-16 12:18:38     Query Q05 Score: 0.40
2026-06-16 12:18:38   [6/45] Processing Query Q06...
2026-06-16 12:19:03     Query Q06 Score: 0.40
2026-06-16 12:19:03   [7/45] Processing Query Q07...
2026-06-16 12:19:27     Query Q07 Score: 0.95
2026-06-16 12:19:27   [8/45] Processing Query Q08...
2026-06-16 12:19:51     Query Q08 Score: 0.50
2026-06-16 12:19:51   [9/45] Processing Query Q09...
2026-06-16 12:20:16     Query Q09 Score: 0.40
2026-06-16 12:20:16   [10/45] Processing Query Q10...
2026-06-16 12:20:41     Query Q10 Score: 0.90
2026-06-16 12:20:41   [11/45] Processing Query Q11...
2026-06-16 12:21:07     Query Q11 Score: 0.85
2026-06-16 12:21:07   [12/45] Processing Query Q12...
2026-06-16 12:21:30     Query Q12 Score: 1.00
2026-06-16 12:21:30   [13/45] Processing Query Q13...
2026-06-16 12:21:55     Query Q13 Score: 0.40
2026-06-16 12:21:55   [14/45] Processing Query Q14...
2026-06-16 12:22:18     Query Q14 Score: 1.00
2026-06-16 12:22:18   [15/45] Processing Query Q15...
2026-06-16 12:22:44     Query Q15 Score: 0.40
2026-06-16 12:22:44   [16/45] Processing Query Q16...
2026-06-16 12:23:30     Query Q16 Score: 0.30
2026-06-16 12:23:30   [17/45] Processing Query Q17...
2026-06-16 12:23:53     Query Q17 Score: 1.00
2026-06-16 12:23:53   [18/45] Processing Query Q18...
2026-06-16 12:24:17     Query Q18 Score: 1.00
2026-06-16 12:24:17   [19/45] Processing Query Q19...
2026-06-16 12:24:41     Query Q19 Score: 0.50
2026-06-16 12:24:41   [20/45] Processing Query Q20...
2026-06-16 12:25:05     Query Q20 Score: 0.90
2026-06-16 12:25:05   [21/45] Processing Query Q21...
2026-06-16 12:25:29     Query Q21 Score: 1.00
2026-06-16 12:25:29   [22/45] Processing Query Q22...
2026-06-16 12:25:51     Query Q22 Score: 1.00
2026-06-16 12:25:51   [23/45] Processing Query Q23...
2026-06-16 12:26:31     Query Q23 Score: 0.95
2026-06-16 12:26:31   [24/45] Processing Query Q24...
2026-06-16 12:26:59     Query Q24 Score: 0.50
2026-06-16 12:26:59   [25/45] Processing Query Q25...
2026-06-16 12:27:23     Query Q25 Score: 1.00
2026-06-16 12:27:23   [26/45] Processing Query Q26...
2026-06-16 12:27:45     Query Q26 Score: 1.00
2026-06-16 12:27:45   [27/45] Processing Query Q27...
2026-06-16 12:28:10     Query Q27 Score: 0.50
2026-06-16 12:28:10   [28/45] Processing Query Q28...
2026-06-16 12:28:33     Query Q28 Score: 1.00
2026-06-16 12:28:33   [29/45] Processing Query Q29...
2026-06-16 12:28:56     Query Q29 Score: 0.50
2026-06-16 12:28:56   [30/45] Processing Query Q30...
2026-06-16 12:29:20     Query Q30 Score: 1.00
2026-06-16 12:29:20   [31/45] Processing Query Q31...
2026-06-16 12:29:43     Query Q31 Score: 0.95
2026-06-16 12:29:43   [32/45] Processing Query Q32...
2026-06-16 12:30:08     Query Q32 Score: 0.75
2026-06-16 12:30:08   [33/45] Processing Query Q33...
2026-06-16 12:30:34     Query Q33 Score: 0.95
2026-06-16 12:30:34   [34/45] Processing Query Q34...
2026-06-16 12:30:57     Query Q34 Score: 0.95
2026-06-16 12:30:57   [35/45] Processing Query Q35...
2026-06-16 12:31:19     Query Q35 Score: 1.00
2026-06-16 12:31:19   [36/45] Processing Query Q36...
2026-06-16 12:31:43     Query Q36 Score: 0.50
2026-06-16 12:31:43   [37/45] Processing Query Q37...
2026-06-16 12:32:07     Query Q37 Score: 0.95
2026-06-16 12:32:07   [38/45] Processing Query Q38...
2026-06-16 12:32:31     Query Q38 Score: 0.60
2026-06-16 12:32:31   [39/45] Processing Query Q39...
2026-06-16 12:32:54     Query Q39 Score: 1.00
2026-06-16 12:32:54   [40/45] Processing Query Q40...
2026-06-16 12:33:18     Query Q40 Score: 0.95
2026-06-16 12:33:18   [41/45] Processing Query Q41...
2026-06-16 12:33:43     Query Q41 Score: 1.00
2026-06-16 12:33:43   [42/45] Processing Query Q42...
2026-06-16 12:34:06     Query Q42 Score: 1.00
2026-06-16 12:34:06   [43/45] Processing Query Q43...
2026-06-16 12:34:30     Query Q43 Score: 0.85
2026-06-16 12:34:30   [44/45] Processing Query Q48...
2026-06-16 12:34:56     Query Q48 Score: 0.65
2026-06-16 12:34:56   [45/45] Processing Query Q49...
2026-06-16 12:35:21     Query Q49 Score: 0.85
2026-06-16 12:35:21 Saved validation results to D:\TFM\Model Evaluation\autoresearch\archive\run_20260612_132729\outputs\validation_results_iter66_20260616_123521.csv
2026-06-16 12:35:21 Validation run completed. Overall Mean Score: 0.8000
2026-06-16 12:35:21 Candidate Score: 0.8000 (Delta: -0.0967)
2026-06-16 12:35:21 >>> FAILURE: Score did not improve. Discarding changes.
2026-06-16 12:35:21 Iteration #66 logged successfully to experiments.json.
2026-06-16 12:35:21 
2026-06-16 12:35:21 =========================================
2026-06-16 12:35:21 STARTING ITERATION #67
2026-06-16 12:35:21 =========================================
2026-06-16 12:35:21 Current Champion Score: 0.8967
2026-06-16 12:35:21 Failing queries to fix: 17
2026-06-16 12:35:21 Calling Optimizer Agent to refine instructions...
2026-06-16 12:47:35 Starting validation run on 45 queries...
2026-06-16 12:47:35   [1/45] Processing Query Q01...
2026-06-16 12:48:00     Query Q01 Score: 1.00
2026-06-16 12:48:00   [2/45] Processing Query Q02...
2026-06-16 12:48:24     Query Q02 Score: 1.00
2026-06-16 12:48:24   [3/45] Processing Query Q03...
2026-06-16 12:48:48     Query Q03 Score: 1.00
2026-06-16 12:48:48   [4/45] Processing Query Q04...
2026-06-16 12:49:14     Query Q04 Score: 0.95
2026-06-16 12:49:14   [5/45] Processing Query Q05...
2026-06-16 12:49:40     Query Q05 Score: 0.70
2026-06-16 12:49:40   [6/45] Processing Query Q06...
2026-06-16 12:50:04     Query Q06 Score: 1.00
2026-06-16 12:50:04   [7/45] Processing Query Q07...
2026-06-16 12:50:27     Query Q07 Score: 1.00
2026-06-16 12:50:27   [8/45] Processing Query Q08...
2026-06-16 12:50:51     Query Q08 Score: 1.00
2026-06-16 12:50:51   [9/45] Processing Query Q09...
2026-06-16 12:51:20     Query Q09 Score: 0.95
2026-06-16 12:51:20   [10/45] Processing Query Q10...
2026-06-16 12:51:46     Query Q10 Score: 0.60
2026-06-16 12:51:46   [11/45] Processing Query Q11...
2026-06-16 12:52:14     Query Q11 Score: 0.40
2026-06-16 12:52:14   [12/45] Processing Query Q12...
2026-06-16 12:52:39     Query Q12 Score: 1.00
2026-06-16 12:52:39   [13/45] Processing Query Q13...
2026-06-16 12:53:04     Query Q13 Score: 0.40
2026-06-16 12:53:04   [14/45] Processing Query Q14...
2026-06-16 12:53:29     Query Q14 Score: 1.00
2026-06-16 12:53:29   [15/45] Processing Query Q15...
2026-06-16 12:53:55     Query Q15 Score: 0.75
2026-06-16 12:53:55   [16/45] Processing Query Q16...
2026-06-16 12:54:20     Query Q16 Score: 0.60
2026-06-16 12:54:20   [17/45] Processing Query Q17...
2026-06-16 12:54:44     Query Q17 Score: 1.00
2026-06-16 12:54:44   [18/45] Processing Query Q18...
2026-06-16 12:55:07     Query Q18 Score: 0.75
2026-06-16 12:55:07   [19/45] Processing Query Q19...
2026-06-16 12:55:30     Query Q19 Score: 0.95
2026-06-16 12:55:30   [20/45] Processing Query Q20...
2026-06-16 12:55:55     Query Q20 Score: 0.90
2026-06-16 12:55:55   [21/45] Processing Query Q21...
2026-06-16 12:56:18     Query Q21 Score: 1.00
2026-06-16 12:56:18   [22/45] Processing Query Q22...
2026-06-16 12:56:41     Query Q22 Score: 1.00
2026-06-16 12:56:41   [23/45] Processing Query Q23...
2026-06-16 12:57:31     Query Q23 Score: 0.50
2026-06-16 12:57:31   [24/45] Processing Query Q24...
2026-06-16 12:57:55     Query Q24 Score: 0.95
2026-06-16 12:57:55   [25/45] Processing Query Q25...
2026-06-16 12:58:18     Query Q25 Score: 1.00
2026-06-16 12:58:18   [26/45] Processing Query Q26...
2026-06-16 12:58:40     Query Q26 Score: 1.00
2026-06-16 12:58:40   [27/45] Processing Query Q27...
2026-06-16 12:59:04     Query Q27 Score: 0.60
2026-06-16 12:59:04   [28/45] Processing Query Q28...
2026-06-16 12:59:28     Query Q28 Score: 1.00
2026-06-16 12:59:28   [29/45] Processing Query Q29...
2026-06-16 12:59:51     Query Q29 Score: 0.60
2026-06-16 12:59:51   [30/45] Processing Query Q30...
2026-06-16 13:00:15     Query Q30 Score: 1.00
2026-06-16 13:00:15   [31/45] Processing Query Q31...
2026-06-16 13:00:38     Query Q31 Score: 1.00
2026-06-16 13:00:38   [32/45] Processing Query Q32...
2026-06-16 13:01:06     Query Q32 Score: 0.75
2026-06-16 13:01:06   [33/45] Processing Query Q33...
2026-06-16 13:01:33     Query Q33 Score: 0.65
2026-06-16 13:01:33   [34/45] Processing Query Q34...
2026-06-16 13:01:58     Query Q34 Score: 0.95
2026-06-16 13:01:58   [35/45] Processing Query Q35...
2026-06-16 13:02:21     Query Q35 Score: 1.00
2026-06-16 13:02:21   [36/45] Processing Query Q36...
2026-06-16 13:02:45     Query Q36 Score: 0.50
2026-06-16 13:02:45   [37/45] Processing Query Q37...
2026-06-16 13:03:09     Query Q37 Score: 1.00
2026-06-16 13:03:09   [38/45] Processing Query Q38...
2026-06-16 13:03:33     Query Q38 Score: 0.85
2026-06-16 13:03:33   [39/45] Processing Query Q39...
2026-06-16 13:03:56     Query Q39 Score: 1.00
2026-06-16 13:03:56   [40/45] Processing Query Q40...
2026-06-16 13:04:20     Query Q40 Score: 0.95
2026-06-16 13:04:20   [41/45] Processing Query Q41...
2026-06-16 13:04:44     Query Q41 Score: 1.00
2026-06-16 13:04:44   [42/45] Processing Query Q42...
2026-06-16 13:05:07     Query Q42 Score: 1.00
2026-06-16 13:05:07   [43/45] Processing Query Q43...
2026-06-16 13:05:32     Query Q43 Score: 0.75
2026-06-16 13:05:32   [44/45] Processing Query Q48...
2026-06-16 13:06:07     Query Q48 Score: 0.85
2026-06-16 13:06:07   [45/45] Processing Query Q49...
2026-06-16 13:06:33     Query Q49 Score: 0.75
2026-06-16 13:06:33 Saved validation results to D:\TFM\Model Evaluation\autoresearch\archive\run_20260612_132729\outputs\validation_results_iter67_20260616_130633.csv
2026-06-16 13:06:33 Validation run completed. Overall Mean Score: 0.8578
2026-06-16 13:06:33 Candidate Score: 0.8578 (Delta: -0.0389)
2026-06-16 13:06:33 >>> FAILURE: Score did not improve. Discarding changes.
2026-06-16 13:06:33 Iteration #67 logged successfully to experiments.json.
2026-06-16 13:06:33 Graceful stop flagged via 'D:\TFM\Model Evaluation\autoresearch\stop.txt' file. Exiting loop cleanly.
2026-06-16 13:06:33 
2026-06-16 13:06:33 Optimization process completed.
2026-06-16 13:06:33 Best prompt found at iteration #55 with Score: 0.8967
