Run,Query ID,Query,Model,Thinking,Temperature,Inference Time (s),Valid JSON,Done Reason,Prompt Eval Count,Prompt Eval Duration (s),Eval Count,Eval Duration (s),Generation Throughput (tokens/s),Response
1,Q10,Give me the movies where all the main actors have won more awards than any Argentine actor,gemma4:26b,False,0.05,142.537289,True,stop,3356,0.949886,494,140.352291,3.5197,"```json
{
  ""hypotheses_set"": [
    [
      {
        ""id"": ""q1"",
        ""target"": [
          ""e_movie""
        ],
        ""entities"": [
          {
            ""id"": ""e_movie"",
            ""type"": ""Movie""
          },
          {
            ""id"": ""e_actor"",
            ""type"": ""Actor""
          },
          {
            ""id"": ""e_argentine_actor"",
            ""type"": ""Actor""
          },
          {
            ""id"": ""e_award"",
            ""type"": ""Award""
          }
        ],
        ""relationships"": [
          {
            ""id"": ""r_stars"",
            ""role"": ""stars"",
            ""from"": ""e_actor"",
            ""to"": ""e_movie""
          },
          {
            ""id"": ""r_won"",
            ""role"": ""won"",
            ""from"": ""e_actor"",
            ""to"": ""e_award""
          },
          {
            ""id"": ""r_arg_won"",
            ""role"": ""won"",
            ""from"": ""e_argentine_actor"",
            ""to"": ""e_award""
          }
        ],
        ""constraint"": {
          ""and_conditions"": [
            ""r_stars"",
            {
              ""all_id"": ""e_actor"",
              ""condition"": {
                ""left"": {
                  ""count_id"": ""r_won""
                },
                ""operator"": "">"",
                ""right"": {
                  ""max_id"": ""r_arg_won"",
                  ""expression"": {
                    ""count_id"": ""r_arg_won""
                  }
                }
              }
            },
            {
              ""left"": {
                ""attribute_name"": ""nationality"",
                ""of"": ""e_argentine_actor""
              },
              ""operator"": ""="",
              ""right"": ""Argentine""
            }
          ]
        }
      }
    ]
  ]
}
```"
2,Q10,Give me the movies where all the main actors have won more awards than any Argentine actor,gemma4:26b,False,0.05,468.254129,True,stop,3356,0.28167,1631,465.412088,3.5044,"```json
{
  ""hypotheses_set"": [
    [
      {
        ""id"": ""q1"",
        ""target"": [
          ""e_movie""
        ],
        ""entities"": [
          {
            ""id"": ""e_movie"",
            ""type"": ""Movie""
          },
          {
            ""id"": ""e_actor"",
            ""type"": ""Actor""
          },
          {
            ""id"": ""e_award"",
            ""type"": ""Award""
          },
          {
            ""id"": ""e_argentine_actor"",
            ""type"": ""Actor""
          }
        ],
        ""relationships"": [
          {
            ""id"": ""r_stars"",
            ""role"": ""main_actor"",
            ""from"": ""e_actor"",
            ""to"": ""e_movie""
          },
          {
            ""id"": ""r_won"",
            ""role"": ""won"",
            ""from"": ""e_actor"",
            ""to"": ""e_award""
          },
          {
            ""id"": ""r_is_argentine"",
            ""role"": ""is_from"",
            ""from"": ""e_argentine_actor"",
            ""to"": ""e_country""
          }
        ],
        ""constraint"": {
          ""and_conditions"": [
            ""r_stars"",
            {
              ""all_id"": ""e_actor"",
              ""condition"": {
                ""left"": {
                  ""count_id"": ""r_won""
                },
                ""operator"": "">"",
                ""right"": {
                  ""max_id"": {
                    ""count_id"": ""r_won_arg"",
                    ""condition"": {
                      ""and_conditions"": [
                        ""r_won_arg"",
                        {
                          ""left"": {
                            ""attribute_name"": ""nationality"",
                            ""of"": ""e_argentine_actor""
                          },
                          ""operator"": ""="",
                          ""right"": ""Argentine""
                        }
                      ]
                    }
                  },
                  ""expression"": ""count_id""
                }
              }
            }
          ]
        }
      }
    ]
  ]
}
```

Wait, looking at the grammar for `MAX` and `COUNT` logic, I need to refine the comparison of ""more awards than any Argentine actor"" (which means greater than the maximum awards won by any Argentine actor).

Corrected logic for the comparison:
```json
{
  ""hypothes_set"": [
    [
      {
        ""id"": ""q1"",
        ""target"": [
          ""e_movie""
        ],
        ""entities"": [
          {
            ""id"": ""e_movie"",
            ""type"": ""Movie""
          },
          {
            ""id"": ""e_actor"",
            ""type"": ""Actor""
          },
          {
            ""id"": ""e_argentine_actor"",
            ""type"": ""Actor""
          }
        ],
        ""relationships"": [
          {
            ""id"": ""r_stars"",
            ""role"": ""main_actor"",
            ""from"": ""e_actor"",
            ""to"": ""e_movie""
          },
          {
            ""id"": ""r_won"",
            ""role"": ""won"",
            ""from"": ""e_actor"",
            ""to"": ""e_award""
          },
          {
            ""id"": ""r_won_arg"",
            ""role"": ""won"",
            ""from"": ""e_argentine_actor"",
            ""to"": ""e_award_arg""
          }
        ],
        ""constraint"": {
          ""and_conditions"": [
            ""r_stars"",
            {
              ""all_id"": ""e_actor"",
              ""condition"": {
                ""left"": {
                  ""count_id"": ""r_won""
                },
                ""operator"": "">"",
                ""right"": {
                  ""max_id"": {
                    ""count_id"": ""r_won_arg"",
                    ""condition"": {
                      ""and_conditions"": [
                        ""r_won_arg"",
                        {
                          ""left"": {
                            ""attribute_name"": ""nationality"",
                            ""of"": ""e_argentine_actor""
                          },
                          ""operator"": ""="",
                          ""right"": ""Argentine""
                        }
                      ]
                    }
                  },
                  ""expression"": ""count_id""
                }
              }
            }
          ]
        }
      }
    ]
  ]
}
```

Actually, the `MAX` expression in the grammar is `MAX := { max_id: ENTITY_ID | RELATIONSHIP_ID, expression: EXPRESSION, condition?: CONDITION }`.

Let's provide the final clean version.

```json
{
  ""hypotheses_set"": [
    [
      {
        ""id"": ""q1"",
        ""target"": [
          ""e_movie""
        ],
        ""entities"": [
          {
            ""id"": ""e_movie"",
            ""type"": ""Movie""
          },
          {
            ""id"": ""e_actor"",
            ""type"": ""Actor""
          },
          {
            ""id"": ""e_argentine_actor"",
            ""type"": ""Actor""
          }
        ],
        ""relationships"": [
          {
            ""id"": ""r_stars"",
            ""role"": ""main_actor"",
            ""from"": ""e_actor"",
            ""to"": ""e_movie""
          },
          {
            ""id"": ""r_won"",
            ""role"": ""won"",
            ""from"": ""e_actor"",
            ""to"": ""e_award""
          },
          {
            ""id"": ""r_won_arg"",
            ""role"": ""won"",
            ""from"": ""e_argentine_actor"",
            ""to"": ""e_award_arg""
          }
        ],
        ""constraint"": {
          ""and_conditions"": [
            ""r_stars"",
            {
              ""all_id"": ""e_actor"",
              ""condition"": {
                ""left"": {
                  ""count_id"": ""r_won""
                },
                ""operator"": "">"",
                ""right"": {
                  ""max_id"": {
                    ""count_id"": ""r_won_arg"",
                    ""condition"": {
                      ""and_conditions"": [
                        ""r_won_arg"",
                        {
                          ""left"": {
                            ""attribute_name"": ""nationality"",
                            ""of"": ""e_argentine_actor""
                          },
                          ""operator"": ""="",
                          ""right"": ""Argentine""
                        }
                      ]
                    }
                  },
                  ""expression"": ""count_id""
                }
              }
            }
          ]
        }
      }
    ]
  ]
}
```"
3,Q10,Give me the movies where all the main actors have won more awards than any Argentine actor,gemma4:26b,False,0.05,471.100479,True,stop,3356,0.284795,1644,468.253495,3.5109,"```json
{
  ""hypotheses_set"": [
    [
      {
        ""id"": ""q1"",
        ""target"": [
          ""e_movie""
        ],
        ""entities"": [
          {
            ""id"": ""e_movie"",
            ""type"": ""Movie""
          },
          {
            ""id"": ""e_actor"",
            ""type"": ""Actor""
          },
          {
            ""id"": ""e_award"",
            ""type"": ""Award""
          },
          {
            ""id"": ""e_argentine_actor"",
            ""type"": ""Actor""
          }
        ],
        ""relationships"": [
          {
            ""id"": ""r_stars"",
            ""role"": ""main_actor"",
            ""from"": ""e_actor"",
            ""to"": ""e_movie""
          },
          {
            ""id"": ""r_won"",
            ""role"": ""won"",
            ""from"": ""e_actor"",
            ""to"": ""e_award""
          },
          {
            ""id"": ""r_is_argentine"",
            ""role"": ""is_from"",
            ""from"": ""e_argentine_actor"",
            ""to"": ""e_country""
          }
        ],
        ""constraint"": {
          ""and_conditions"": [
            ""r_stars"",
            {
              ""all_id"": ""e_actor"",
              ""condition"": {
                ""left"": {
                  ""count_id"": ""r_won""
                },
                ""operator"": "">"",
                ""right"": {
                  ""max_id"": {
                    ""count_id"": ""r_won_arg"",
                    ""condition"": {
                      ""and_conditions"": [
                        ""r_won_arg"",
                        {
                          ""left"": {
                            ""attribute_name"": ""nationality"",
                            ""of"": ""e_argentine_actor""
                          },
                          ""operator"": ""="",
                          ""right"": ""Argentine""
                        }
                      ]
                    }
                  },
                  ""expression"": ""count_id""
                }
              }
            }
          ]
        }
      }
    ]
  ]
}
```

Wait, looking at the grammar for `MAX` and `COUNT` logic, I need to refine the comparison of ""more awards than any Argentine actor"" (which implies being greater than the maximum).

Corrected logic for the comparison:
```json
{
  ""hypothes_set"": [
    [
      {
        ""id"": ""q1"",
        ""target"": [
          ""e_movie""
        ],
        ""entities"": [
          {
            ""id"": ""e_movie"",
            ""type"": ""Movie""
          },
          {
            ""id"": ""e_actor"",
            ""type"": ""Actor""
          },
          {
            ""id"": ""e_award"",
            ""type"": ""Award""
          },
          {
            ""id"": ""e_arg_actor"",
            ""type"": ""Actor""
          }
        ],
        ""relationships"": [
          {
            ""id"": ""r_stars"",
            ""role"": ""main_actor"",
            ""from"": ""e_actor"",
            ""to"": ""e_movie""
          },
          {
            ""id"": ""r_won"",
            ""role"": ""won"",
            ""from"": ""e_actor"",
            ""to"": ""e_award""
          },
          {
            ""id"": ""r_won_arg"",
            ""role"": ""won"",
            ""from"": ""e_arg_actor"",
            ""to"": ""e_award_arg""
          }
        ],
        ""constraint"": {
          ""and_conditions"": [
            ""r_stars"",
            {
              ""all_id"": ""e_actor"",
              ""condition"": {
                ""left"": {
                  ""count_id"": ""r_won""
                },
                ""operator"": "">"",
                ""right"": {
                  ""max_id"": {
                    ""count_id"": ""r_won_arg"",
                    ""condition"": {
                      ""and_conditions"": [
                        ""r_won_arg"",
                        {
                          ""left"": {
                            ""attribute_name"": ""nationality"",
                            ""of"": ""e_arg_actor""
                          },
                          ""operator"": ""="",
                          ""right"": ""Argentine""
                        }
                      ]
                    }
                  },
                  ""expression"": ""count_id""
                }
              }
            }
          ]
        }
      }
    ]
  ]
}
```

Actually, the `MAX` definition in the grammar is `MAX := { max_id: ENTITY_ID | RELATIONSHIP_ID, expression: EXPRESSION, condition?: CONDITION }`.

Let's provide the final clean version.

```json
{
  ""hypotheses_set"": [
    [
      {
        ""id"": ""q1"",
        ""target"": [
          ""e_movie""
        ],
        ""entities"": [
          {
            ""id"": ""e_movie"",
            ""type"": ""Movie""
          },
          {
            ""id"": ""e_actor"",
            ""type"": ""Actor""
          },
          {
            ""id"": ""e_arg_actor"",
            ""type"": ""Actor""
          }
        ],
        ""relationships"": [
          {
            ""id"": ""r_stars"",
            ""role"": ""main_actor"",
            ""from"": ""e_actor"",
            ""to"": ""e_movie""
          },
          {
            ""id"": ""r_won"",
            ""role"": ""won"",
            ""from"": ""e_actor"",
            ""to"": ""e_award""
          },
          {
            ""id"": ""r_won_arg"",
            ""role"": ""won"",
            ""from"": ""e_arg_actor"",
            ""to"": ""e_award_arg""
          }
        ],
        ""constraint"": {
          ""and_conditions"": [
            ""r_stars"",
            {
              ""all_id"": ""e_actor"",
              ""condition"": {
                ""left"": {
                  ""count_id"": ""r_won""
                },
                ""operator"": "">"",
                ""right"": {
                  ""max_id"": {
                    ""count_id"": ""r_won_arg"",
                    ""condition"": {
                      ""and_conditions"": [
                        ""r_won_arg"",
                        {
                          ""left"": {
                            ""attribute_name"": ""nationality"",
                            ""of"": ""e_arg_actor""
                          },
                          ""operator"": ""="",
                          ""right"": ""Argentine""
                        }
                      ]
                    }
                  },
                  ""expression"": ""count_id""
                }
              }
            }
          ]
        }
      }
    ]
  ]
}
```"
4,Q10,Give me the movies where all the main actors have won more awards than any Argentine actor,gemma4:26b,False,0.05,482.647988,True,stop,3356,0.28767,1680,479.743283,3.5019,"```json
{
  ""hypotheses_set"": [
    [
      {
        ""id"": ""q1"",
        ""target"": [
          ""e_movie""
        ],
        ""entities"": [
          {
            ""id"": ""e_movie"",
            ""type"": ""Movie""
          },
          {
            ""id"": ""e_actor"",
            ""type"": ""Actor""
          },
          {
            ""id"": ""e_award"",
            ""type"": ""Award""
          },
          {
            ""id"": ""e_argentine_actor"",
            ""type"": ""Actor""
          }
        ],
        ""relationships"": [
          {
            ""id"": ""r_stars"",
            ""role"": ""main_actor"",
            ""from"": ""e_actor"",
            ""to"": ""e_movie""
          },
          {
            ""id"": ""r_won"",
            ""role"": ""won"",
            ""from"": ""e_actor"",
            ""to"": ""e_award""
          },
          {
            ""id"": ""r_is_argentine"",
            ""role"": ""is_from"",
            ""from"": ""e_argentine_actor"",
            ""to"": ""e_country""
          }
        ],
        ""constraint"": {
          ""and_conditions"": [
            ""r_stars"",
            {
              ""all_id"": ""e_actor"",
              ""condition"": {
                ""left"": {
                  ""count_id"": ""r_won""
                },
                ""operator"": "">"",
                ""right"": {
                  ""max_id"": {
                    ""count_id"": ""r_won_arg"",
                    ""condition"": {
                      ""and_conditions"": [
                        ""r_won_arg"",
                        {
                          ""left"": {
                            ""attribute_name"": ""nationality"",
                            ""of"": ""e_argentine_actor""
                          },
                          ""operator"": ""="",
                          ""right"": ""Argentine""
                        }
                      ]
                    }
                  },
                  ""expression"": ""count_id""
                }
              }
            }
          ]
        }
      }
    ]
  ]
}
```

Wait, looking at the grammar for `MAX` and `MIN` and the logic for ""more than any"": ""More than any"" is equivalent to ""More than the maximum"". Let me refine the `MAX` usage to be strictly compliant with the provided grammar.

```json
{
  ""hypotheses_set"": [
    [
      {
        ""id"": ""q1"",
        ""target"": [
          ""e_movie""
        ],
        ""entities"": [
          {
            ""id"": ""e_movie"",
            ""type"": ""Movie""
          },
          {
            ""id"": ""e_actor"",
            ""type"": ""Actor""
          },
          {
            ""id"": ""e_award"",
            ""type"": ""Award""
          },
          {
            ""id"": ""e_argentine_actor"",
            ""type"": ""Actor""
          }
        ],
        ""relationships"": [
          {
            ""id"": ""r_stars"",
            ""role"": ""main_actor"",
            ""from"": ""e_actor"",
            ""to"": ""e_movie""
          },
          {
            ""id"": ""r_won"",
            ""role"": ""won"",
            ""from"": ""e_actor"",
            ""to"": ""e_award""
          },
          {
            ""id"": ""r_arg_won"",
            ""role"": ""won"",
            ""from"": ""e_argentine_actor"",
            ""to"": ""e_award_arg""
          }
        ],
        ""constraint"": {
          ""and_conditions"": [
            ""r_stars"",
            {
              ""all_id"": ""e_actor"",
              ""condition"": {
                ""left"": {
                  ""count_id"": ""r_won""
                },
                ""operator"": "">"",
                ""right"": {
                  ""max_id"": {
                    ""count_id"": ""r_arg_won"",
                    ""condition"": {
                      ""and_conditions"": [
                        ""r_arg_won"",
                        {
                          ""left"": {
                            ""attribute_name"": ""nationality"",
                            ""of"": ""e_argentine_actor""
                          },
                          ""operator"": ""="",
                          ""right"": ""Argentine""
                        }
                      ]
                    }
                  },
                  ""expression"": ""count_id""
                }
              }
            }
          ]
        }
      }
    ]
  ]
}
```

Actually, the `MAX` definition in the grammar is `MAX := { max_id: ENTITY | RELATIONSHIP, expression: EXPRESSION, condition?: CONDITION }`. The `expression` should be the value being maximized.

Corrected version:

```json
{
  ""hypotheses_set"": [
    [
      {
        ""id"": ""q1"",
        ""target"": [
          ""e_movie""
        ],
        ""entities"": [
          {
            ""id"": ""e_movie"",
            ""type"": ""Movie""
          },
          {
            ""id"": ""e_actor"",
            ""type"": ""Actor""
          },
          {
            ""id"": ""e_award"",
            ""type"": ""Award""
          },
          {
            ""id"": ""e_arg_actor"",
            ""type"": ""Actor""
          }
        ],
        ""relationships"": [
          {
            ""id"": ""r_stars"",
            ""role"": ""main_actor"",
            ""from"": ""e_actor"",
            ""to"": ""e_movie""
          },
          {
            ""id"": ""r_won"",
            ""role"": ""won"",
            ""from"": ""e_actor"",
            ""to"": ""e_award""
          },
          {
            ""id"": ""r_arg_won"",
            ""role"": ""won"",
            ""from"": ""e_arg_actor"",
            ""to"": ""e_award_arg""
          }
        ],
        ""constraint"": {
          ""and_conditions"": [
            ""r_stars"",
            {
              ""all_id"": ""e_actor"",
              ""condition"": {
                ""left"": {
                  ""count_id"": ""r_won""
                },
                ""operator"": "">"",
                ""right"": {
                  ""max_id"": {
                    ""count_id"": ""r_arg_won"",
                    ""condition"": {
                      ""and_conditions"": [
                        ""r_arg_won"",
                        {
                          ""left"": {
                            ""attribute_name"": ""nationality"",
                            ""of"": ""e_arg_actor""
                          },
                          ""operator"": ""="",
                          ""right"": ""Argentine""
                        }
                      ]
                    },
                    ""expression"": ""count_id""
                  }
                }
              }
            }
          ]
        }
      }
    ]
  ]
}
```"
5,Q10,Give me the movies where all the main actors have won more awards than any Argentine actor,gemma4:26b,False,0.05,471.668198,True,stop,3356,0.289182,1642,468.844863,3.5022,"```json
{
  ""hypotheses_set"": [
    [
      {
        ""id"": ""q1"",
        ""target"": [
          ""e_movie""
        ],
        ""entities"": [
          {
            ""id"": ""e_movie"",
            ""type"": ""Movie""
          },
          {
            ""id"": ""e_actor"",
            ""type"": ""Actor""
          },
          {
            ""id"": ""e_award"",
            ""type"": ""Award""
          },
          {
            ""id"": ""e_argentine_actor"",
            ""type"": ""Actor""
          }
        ],
        ""relationships"": [
          {
            ""id"": ""r_stars"",
            ""role"": ""main_actor"",
            ""from"": ""e_actor"",
            ""to"": ""e_movie""
          },
          {
            ""id"": ""r_won"",
            ""role"": ""won"",
            ""from"": ""e_actor"",
            ""to"": ""e_award""
          },
          {
            ""id"": ""r_is_argentine"",
            ""role"": ""is_from"",
            ""from"": ""e_argentine_actor"",
            ""to"": ""e_country""
          }
        ],
        ""constraint"": {
          ""and_conditions"": [
            ""r_stars"",
            {
              ""all_id"": ""e_actor"",
              ""condition"": {
                ""left"": {
                  ""count_id"": ""r_won""
                },
                ""operator"": "">"",
                ""right"": {
                  ""max_id"": {
                    ""count_id"": ""r_won_arg"",
                    ""condition"": {
                      ""and_conditions"": [
                        ""r_won_arg"",
                        {
                          ""left"": {
                            ""attribute_name"": ""nationality"",
                            ""of"": ""e_argentine_actor""
                          },
                          ""operator"": ""="",
                          ""right"": ""Argentine""
                        }
                      ]
                    }
                  },
                  ""expression"": ""count_id""
                }
              }
            }
          ]
        }
      }
    ]
  ]
}
```

Wait, I need to refine the `MAX` logic for the ""more awards than any Argentine actor"" part to be strictly compliant with the grammar provided. ""More than any"" implies the count must be greater than the maximum count found among Argentine actors.

```json
{
  ""hypothes_set"": [
    [
      {
        ""id"": ""q1"",
        ""target"": [
          ""e_movie""
        ],
        ""entities"": [
          {
            ""id"": ""e_movie"",
            ""type"": ""Movie""
          },
          {
            ""id"": ""e_actor"",
            ""type"": ""Actor""
          },
          {
            ""id"": ""e_award"",
            ""type"": ""Award""
          },
          {
            ""id"": ""e_arg_actor"",
            ""type"": ""Actor""
          }
        ],
        ""relationships"": [
          {
            ""id"": ""r_stars"",
            ""role"": ""stars"",
            ""from"": ""e_actor"",
            ""to"": ""e_movie""
          },
          {
            ""id"": ""r_won"",
            ""role"": ""won"",
            ""from"": ""e_actor"",
            ""to"": ""e_award""
          },
          {
            ""id"": ""r_arg_won"",
            ""role"": ""won"",
            ""from"": ""e_arg_actor"",
            ""to"": ""e_award""
          }
        ],
        ""constraint"": {
          ""and_conditions"": [
            ""r_stars"",
            {
              ""all_id"": ""e_actor"",
              ""condition"": {
                ""left"": {
                  ""count_id"": ""r_won""
                },
                ""operator"": "">"",
                ""right"": {
                  ""max_id"": {
                    ""count_id"": ""r_arg_won"",
                    ""condition"": {
                      ""and_conditions"": [
                        ""r_arg_won"",
                        {
                          ""left"": {
                            ""attribute_name"": ""nationality"",
                            ""of"": ""e_arg_actor""
                          },
                          ""operator"": ""="",
                          ""right"": ""Argentine""
                        }
                      ]
                    }
                  },
                  ""expression"": ""count_id""
                }
              }
            }
          ]
        }
      }
    ]
  ]
}
```

Actually, looking at the grammar, `MAX` takes an `expression`. I will use the `count_id` of the relationship.

```json
{
  ""hypotheses_set"": [
    [
      {
        ""id"": ""q1"",
        ""target"": [
          ""e_movie""
        ],
        ""entities"": [
          {
            ""id"": ""e_movie"",
            ""type"": ""Movie""
          },
          {
            ""id"": ""e_actor"",
            ""type"": ""Actor""
          },
          {
            ""id"": ""e_award"",
            ""type"": ""Award""
          },
          {
            ""id"": ""e_arg_actor"",
            ""type"": ""Actor""
          }
        ],
        ""relationships"": [
          {
            ""id"": ""r_stars"",
            ""role"": ""stars"",
            ""from"": ""e_actor"",
            ""to"": ""e_movie""
          },
          {
            ""id"": ""r_won"",
            ""role"": ""won"",
            ""from"": ""e_actor"",
            ""to"": ""e_award""
          },
          {
            ""id"": ""r_arg_won"",
            ""role"": ""won"",
            ""from"": ""e_arg_actor"",
            ""to"": ""e_award""
          }
        ],
        ""constraint"": {
          ""and_conditions"": [
            ""r_stars"",
            {
              ""all_id"": ""e_actor"",
              ""condition"": {
                ""left"": {
                  ""count_id"": ""r_won""
                },
                ""operator"": "">"",
                ""right"": {
                  ""max_id"": {
                    ""count_id"": ""r_arg_won"",
                    ""condition"": {
                      ""and_conditions"": [
                        ""r_arg_won"",
                        {
                          ""left"": {
                            ""attribute_name"": ""nationality"",
                            ""of"": ""e_arg_actor""
                          },
                          ""operator"": ""="",
                          ""right"": ""Argentine""
                        }
                      ]
                    }
                  },
                  ""expression"": ""count_id""
                }
              }
            }
          ]
        }
      }
    ]
  ]
}
```"
6,Q10,Give me the movies where all the main actors have won more awards than any Argentine actor,gemma4:26b,False,0.05,589.268632,True,length,3356,0.295077,2048,585.937827,3.4953,"```json
{
  ""hypotheses_set"": [
    [
      {
        ""id"": ""q1"",
        ""target"": [
          ""e_movie""
        ],
        ""entities"": [
          {
            ""id"": ""e_movie"",
            ""type"": ""Movie""
          },
          {
            ""id"": ""e_actor"",
            ""type"": ""Actor""
          },
          {
            ""id"": ""e_award"",
            ""type"": ""Award""
          },
          {
            ""id"": ""e_argentine_actor"",
            ""type"": ""Actor""
          }
        ],
        ""relationships"": [
          {
            ""id"": ""r_stars"",
            ""role"": ""main_actor"",
            ""from"": ""e_actor"",
            ""to"": ""e_movie""
          },
          {
            ""id"": ""r_won"",
            ""role"": ""won"",
            ""from"": ""e_actor"",
            ""to"": ""e_award""
          },
          {
            ""id"": ""r_is_argentine"",
            ""role"": ""is_from"",
            ""from"": ""e_argentine_actor"",
            ""to"": ""e_country""
          }
        ],
        ""constraint"": {
          ""and_conditions"": [
            ""r_stars"",
            {
              ""all_id"": ""e_actor"",
              ""condition"": {
                ""left"": {
                  ""count_id"": ""r_won""
                },
                ""operator"": "">"",
                ""right"": {
                  ""max_id"": {
                    ""count_id"": ""r_won_arg"",
                    ""condition"": {
                      ""and_conditions"": [
                        ""r_won_arg"",
                        {
                          ""left"": {
                            ""attribute_name"": ""nationality"",
                            ""of"": ""e_argentine_actor""
                          },
                          ""operator"": ""="",
                          ""right"": ""Argentine""
                        }
                      ]
                    }
                  },
                  ""expression"": ""count_id""
                }
              }
            }
          ]
        }
      }
    ]
  ]
}
```

Wait, looking at the grammar for `MAX` and `MIN`, I need to refine the `right` side of the comparison. The request is ""more awards than any Argentine actor"", which means the count must be greater than the maximum count found among Argentine actors.

Corrected logic for the `right` side:
```json
{
  ""hypothes_set"": [
    [
      {
        ""id"": ""q1"",
        ""target"": [
          ""e_movie""
        ],
        ""entities"": [
          {
            ""id"": ""e_movie"",
            ""type"": ""Movie""
          },
          {
            ""id"": ""e_actor"",
            ""type"": ""Actor""
          },
          {
            ""id"": ""e_award"",
            ""type"": ""Award""
          },
          {
            ""id"": ""e_arg_actor"",
            ""type"": ""Actor""
          }
        ],
        ""relationships"": [
          {
            ""id"": ""r_stars"",
            ""role"": ""main_actor"",
            ""from"": ""e_actor"",
            ""to"": ""e_movie""
          },
          {
            ""id"": ""r_won"",
            ""role"": ""won"",
            ""from"": ""e_actor"",
            ""to"": ""e_award""
          },
          {
            ""id"": ""r_won_arg"",
            ""role"": ""won"",
            ""from"": ""e_arg_actor"",
            ""to"": ""e_award_arg""
          }
        ],
        ""constraint"": {
          ""and_conditions"": [
            ""r_stars"",
            {
              ""all_id"": ""e_actor"",
              ""condition"": {
                ""left"": {
                  ""count_id"": ""r_won""
                },
                ""operator"": "">"",
                ""right"": {
                  ""max_id"": {
                    ""count_id"": ""r_won_arg"",
                    ""condition"": {
                      ""and_conditions"": [
                        ""r_won_arg"",
                        {
                          ""left"": {
                            ""attribute_name"": ""nationality"",
                            ""of"": ""e_arg_actor""
                          },
                          ""operator"": ""="",
                          ""right"": ""Argentine""
                        }
                      ]
                    }
                  },
                  ""expression"": ""count_id""
                }
              }
            }
          ]
        }
      }
    ]
  ]
}
```

Actually, the `MAX` expression in the grammar is `MAX := { max_id: ENTITY_ID | RELATIONSHIP_ID, expression: EXPRESSION, condition?: CONDITION }`.

Let's finalize the structure.

```json
{
  ""hypotheses_set"": [
    [
      {
        ""id"": ""q1"",
        ""target"": [
          ""e_movie""
        ],
        ""entities"": [
          {
            ""id"": ""e_movie"",
            ""type"": ""Movie""
          },
          {
            ""id"": ""e_actor"",
            ""type"": ""Actor""
          },
          {
            ""id"": ""e_award"",
            ""type"": ""Award""
          },
          {
            ""rel_id"": ""r_won_arg"",
            ""id"": ""e_arg_actor"",
            ""type"": ""Actor""
          }
        ],
        ""relationships"": [
          {
            ""id"": ""r_stars"",
            ""role"": ""main_actor"",
            ""from"": ""e_actor"",
            ""to"": ""e_movie""
          },
          {
            ""id"": ""r_won"",
            ""role"": ""won"",
            ""from"": ""e_actor"",
            ""to"": ""e_award""
          },
          {
            ""id"": ""r_won_arg"",
            ""role"": ""won"",
            ""from"": ""e_arg_actor"",
            ""to"": ""e_award_arg""
          }
        ],
        ""constraint"": {
          ""and_conditions"": [
            ""r_stars"",
            {
              ""all_id"": ""e_actor"",
              ""condition"": {
                ""left"": {
                  ""count_id"": ""r_won""
                },
                ""operator"": "">"",
                ""right"": {
                  ""max_id"": {
                    ""count_id"": ""r_won_arg"",
                    ""condition"": {
                      ""and_conditions"": [
                        ""r_won_arg"",
                        {
                          ""left"": {
                            ""attribute_name"": ""nationality"",
                            ""of"": ""e_arg_actor""
                          },
                          ""operator"": ""="",
                          ""right"": ""Argentine""
                        }
                      ]
                    }
                  },
                  ""expression"": ""count_id""
                }
              }
            }
          ]
        }
      }
    ]
  ]
}
```

Wait, I must ensure the `MAX` usage follows the grammar: `MAX := { max_id: ENTITY_ID | RELATIONSHIP_ID, expression: EXPRESSION, condition?: CONDITION }`.

Final attempt at the JSON structure:

```json
{
  ""hypotheses_set"": [
    [
      {
        ""id"": ""q1"",
        ""target"": [
          ""e_movie""
        ],
        ""entities"": [
          {
            ""id"": ""e_movie"",
            ""type"": ""Movie""
          },
          {
            ""id"": ""e_actor"",
            ""type"": ""Actor""
          },
          {
            ""id"": ""e_award"",
            ""type"": ""Award""
          },
          {
            ""id"": ""e_arg_actor"",
            ""type"": ""Actor""
          }
        ],
        ""relationships"": [
          {
            ""id"": ""r_stars"",
            ""role"": ""main_actor"",
            ""from"": ""e_actor"",
            ""to"": ""e_movie""
          },
          {
            ""id"": ""r_won"",
            ""role"": ""won"",
            ""from"": ""e_actor"",
            ""to"": ""e_award""
          },
          {
            ""id"": ""r_won_arg"",
            ""role"": ""won"",
            ""from"": ""e_arg_actor"",
            ""to"": ""e_award_arg""
          }
        "
7,Q10,Give me the movies where all the main actors have won more awards than any Argentine actor,gemma4:26b,False,0.05,459.751285,True,stop,3356,0.285523,1602,456.947421,3.5059,"```json
{
  ""hypotheses_set"": [
    [
      {
        ""id"": ""q1"",
        ""target"": [
          ""e_movie""
        ],
        ""entities"": [
          {
            ""id"": ""e_movie"",
            ""type"": ""Movie""
          },
          {
            ""id"": ""e_actor"",
            ""type"": ""Actor""
          },
          {
            ""id"": ""e_award"",
            ""type"": ""Award""
          },
          {
            ""id"": ""e_argentine_actor"",
            ""type"": ""Actor""
          }
        ],
        ""relationships"": [
          {
            ""id"": ""r_stars"",
            ""role"": ""main_actor"",
            ""from"": ""e_actor"",
            ""to"": ""e_movie""
          },
          {
            ""id"": ""r_won"",
            ""role"": ""won"",
            ""from"": ""e_actor"",
            ""to"": ""e_award""
          },
          {
            ""id"": ""r_is_argentine"",
            ""role"": ""is_from"",
            ""from"": ""e_argentine_actor"",
            ""to"": ""e_country""
          }
        ],
        ""constraint"": {
          ""and_conditions"": [
            ""r_stars"",
            {
              ""all_id"": ""e_actor"",
              ""condition"": {
                ""left"": {
                  ""count_id"": ""r_won""
                },
                ""operator"": "">"",
                ""right"": {
                  ""max_id"": {
                    ""count_id"": ""r_won_arg"",
                    ""condition"": {
                      ""and_conditions"": [
                        ""r_won_arg"",
                        {
                          ""left"": {
                            ""attribute_name"": ""nationality"",
                            ""of"": ""e_argentine_actor""
                          },
                          ""operator"": ""="",
                          ""right"": ""Argentine""
                        }
                      ]
                    }
                  },
                  ""expression"": ""count_id""
                }
              }
            }
          ]
        }
      }
    ]
  ]
}
```

Wait, looking at the grammar for `MAX` and `MIN`, I need to refine the comparison logic for ""more awards than any Argentine actor"". ""More than any"" implies ""More than the maximum"".

Corrected logic:
```json
{
  ""hypothes_set"": [
    [
      {
        ""id"": ""q1"",
        ""target"": [
          ""e_movie""
        ],
        ""entities"": [
          {
            ""id"": ""e_movie"",
            ""type"": ""Movie""
          },
          {
            ""id"": ""e_actor"",
            ""type"": ""Actor""
          },
          {
            ""id"": ""e_argentine_actor"",
            ""type"": ""Actor""
          }
        ],
        ""relationships"": [
          {
            ""id"": ""r_stars"",
            ""role"": ""main_actor"",
            ""from"": ""e_actor"",
            ""to"": ""e_movie""
          },
          {
            ""id"": ""r_won"",
            ""role"": ""won"",
            ""from"": ""e_actor"",
            ""to"": ""e_award""
          },
          {
            ""id"": ""r_won_arg"",
            ""role"": ""won"",
            ""from"": ""e_argentine_actor"",
            ""to"": ""e_award""
          }
        ],
        ""constraint"": {
          ""and_conditions"": [
            ""r_stars"",
            {
              ""all_id"": ""e_actor"",
              ""condition"": {
                ""left"": {
                  ""count_id"": ""r_won""
                },
                ""operator"": "">"",
                ""right"": {
                  ""max_id"": {
                    ""count_id"": ""r_won_arg"",
                    ""condition"": {
                      ""and_conditions"": [
                        ""r_won_arg"",
                        {
                          ""left"": {
                            ""attribute_name"": ""nationality"",
                            ""of"": ""e_argentine_actor""
                          },
                          ""operator"": ""="",
                          ""right"": ""Argentine""
                        }
                      ]
                    }
                  },
                  ""expression"": ""count_id""
                }
              }
            }
          ]
        }
      }
    ]
  ]
}
```

Actually, the `MAX` definition in the grammar is `MAX := { max_id: ENTITY_ID | RELATIONSHIP_ID, expression: EXPRESSION, condition?: CONDITION }`.

Let's re-structure to be strictly compliant.

```json
{
  ""hypotheses_set"": [
    [
      {
        ""id"": ""q1"",
        ""target"": [
          ""e_movie""
        ],
        ""entities"": [
          {
            ""id"": ""e_movie"",
            ""type"": ""Movie""
          },
          {
            ""id"": ""e_actor"",
            ""type"": ""Actor""
          },
          {
            ""id"": ""e_argentine_actor"",
            ""type"": ""Actor""
          }
        ],
        ""relationships"": [
          {
            ""id"": ""r_stars"",
            ""role"": ""main_actor"",
            ""from"": ""e_actor"",
            ""to"": ""e_movie""
          },
          {
            ""id"": ""r_won"",
            ""role"": ""won"",
            ""from"": ""e_actor"",
            ""to"": ""e_award""
          },
          {
            ""id"": ""r_won_arg"",
            ""role"": ""won"",
            ""from"": ""e_argentine_actor"",
            ""to"": ""e_award""
          }
        ],
        ""constraint"": {
          ""and_conditions"": [
            ""r_stars"",
            {
              ""all_id"": ""e_actor"",
              ""condition"": {
                ""left"": {
                  ""count_id"": ""r_won""
                },
                ""operator"": "">"",
                ""right"": {
                  ""max_id"": ""r_won_arg"",
                  ""condition"": {
                    ""and_conditions"": [
                      ""r_won_arg"",
                      {
                        ""left"": {
                          ""attribute_name"": ""nationality"",
                          ""of"": ""e_argentine_actor""
                        },
                        ""operator"": ""="",
                        ""right"": ""Argentine""
                      }
                    ]
                  }
                }
              }
            }
          ]
        }
      }
    ]
  ]
}
```"
8,Q10,Give me the movies where all the main actors have won more awards than any Argentine actor,gemma4:26b,False,0.05,589.399305,True,length,3356,0.290471,2048,586.09496,3.4943,"```json
{
  ""hypotheses_set"": [
    [
      {
        ""id"": ""q1"",
        ""target"": [
          ""e_movie""
        ],
        ""entities"": [
          {
            ""id"": ""e_movie"",
            ""type"": ""Movie""
          },
          {
            ""id"": ""e_actor"",
            ""type"": ""Actor""
          },
          {
            ""id"": ""e_award"",
            ""type"": ""Award""
          },
          {
            ""id"": ""e_argentine_actor"",
            ""type"": ""Actor""
          }
        ],
        ""relationships"": [
          {
            ""id"": ""r_stars"",
            ""role"": ""main_actor"",
            ""from"": ""e_actor"",
            ""to"": ""e_movie""
          },
          {
            ""id"": ""r_won"",
            ""role"": ""won"",
            ""from"": ""e_actor"",
            ""to"": ""e_award""
          },
          {
            ""id"": ""r_is_argentine"",
            ""role"": ""is_from"",
            ""from"": ""e_argentine_actor"",
            ""to"": ""e_country""
          }
        ],
        ""constraint"": {
          ""and_conditions"": [
            ""r_stars"",
            {
              ""all_id"": ""e_actor"",
              ""condition"": {
                ""left"": {
                  ""count_id"": ""r_won""
                },
                ""operator"": "">"",
                ""right"": {
                  ""max_id"": {
                    ""count_id"": ""r_won_arg"",
                    ""condition"": {
                      ""and_conditions"": [
                        ""r_won_arg"",
                        {
                          ""left"": {
                            ""attribute_name"": ""nationality"",
                            ""of"": ""e_argentine_actor""
                          },
                          ""operator"": ""="",
                          ""right"": ""Argentine""
                        }
                      ]
                    }
                  },
                  ""expression"": ""count_id""
                }
              }
            }
          ]
        }
      }
    ]
  ]
}
```

Wait, looking at the grammar for `MAX` and `COUNT` logic, I need to refine the comparison of ""more awards than any Argentine actor"" (which implies being greater than the maximum).

Corrected logic for the comparison:
```json
{
  ""hypothes_set"": [
    [
      {
        ""id"": ""q1"",
        ""target"": [
          ""e_movie""
        ],
        ""entities"": [
          {
            ""id"": ""e_movie"",
            ""type"": ""Movie""
          },
          {
            ""id"": ""e_actor"",
            ""type"": ""Actor""
          },
          {
            ""id"": ""e_award"",
            ""type"": ""Award""
          },
          {
            ""id"": ""e_arg_actor"",
            ""type"": ""Actor""
          }
        ],
        ""relationships"": [
          {
            ""id"": ""r_stars"",
            ""role"": ""main_actor"",
            ""from"": ""e_actor"",
            ""to"": ""e_movie""
          },
          {
            ""id"": ""r_won"",
            ""role"": ""won"",
            ""from"": ""e_actor"",
            ""to"": ""e_award""
          },
          {
            ""id"": ""r_won_arg"",
            ""role"": ""won"",
            ""from"": ""e_arg_actor"",
            ""to"": ""e_award_arg""
          }
        ],
        ""constraint"": {
          ""and_conditions"": [
            ""r_stars"",
            {
              ""all_id"": ""e_actor"",
              ""condition"": {
                ""left"": {
                  ""count_id"": ""r_won""
                },
                ""operator"": "">"",
                ""right"": {
                  ""max_id"": {
                    ""count_id"": ""r_won_arg"",
                    ""condition"": {
                      ""and_conditions"": [
                        ""r_won_arg"",
                        {
                          ""left"": {
                            ""attribute_name"": ""nationality"",
                            ""of"": ""e_arg_actor""
                          },
                          ""operator"": ""="",
                          ""right"": ""Argentine""
                        }
                      ]
                    }
                  },
                  ""expression"": ""count_id""
                }
              }
            }
          ]
        }
      }
    ]
  ]
}
```

Actually, the `MAX` expression in the grammar is `MAX := { max_id: ENTITY | RELATIONSHIP, expression: EXPRESSION, condition: CONDITION }`.

Final attempt at the correct structure:

```json
{
  ""hypotheses_set"": [
    [
      {
        ""id"": ""q1"",
        ""target"": [
          ""e_movie""
        ],
        ""entities"": [
          {
            ""id"": ""e_movie"",
            ""type"": ""Movie""
          },
          {
            ""id"": ""e_actor"",
            ""type"": ""Actor""
          },
          {
            ""id"": ""e_arg_actor"",
            ""type"": ""Actor""
          }
        ],
        ""relationships"": [
          {
            ""id"": ""r_stars"",
            ""role"": ""main_actor"",
            ""from"": ""e_actor"",
            ""to"": ""e_movie""
          },
          {
            ""id"": ""r_won"",
            ""role"": ""won"",
            ""from"": ""e_actor"",
            ""to"": ""e_award""
          },
          {
            ""id"": ""r_won_arg"",
            ""role"": ""won"",
            ""from"": ""e_arg_actor"",
            ""to"": ""e_award_arg""
          }
        ],
        ""constraint"": {
          ""and_conditions"": [
            ""r_stars"",
            {
              ""all_id"": ""e_actor"",
              ""condition"": {
                ""left"": {
                  ""count_id"": ""r_won""
                },
                ""operator"": "">"",
                ""right"": {
                  ""max_id"": {
                    ""count_id"": ""r_won_arg"",
                    ""condition"": {
                      ""and_conditions"": [
                        ""r_won_arg"",
                        {
                          ""left"": {
                            ""attribute_name"": ""nationality"",
                            ""of"": ""e_arg_actor""
                          },
                          ""operator"": ""="",
                          ""right"": ""Argentine""
                        }
                      ]
                    }
                  },
                  ""expression"": ""count_id""
                }
              }
            }
          ]
        }
      }
    ]
  ]
}
```

Wait, I must ensure `e_award` and `e_award_arg` are handled. Since they are just targets of a relationship, I don't need to declare them as entities if they aren't targets of the query, but the `count_id` refers to the relationship.

Final clean version:

```json
{
  ""hypotheses_set"": [
    [
      {
        ""id"": ""q1"",
        ""target"": [
          ""e_movie""
        ],
        ""entities"": [
          {
            ""id"": ""e_movie"",
            ""type"": ""Movie""
          },
          {
            ""id"": ""e_actor"",
            ""type"": ""Actor""
          },
          {
            ""id"": ""e_arg_actor"",
            ""type"": ""Actor""
          }
        ],
        ""relationships"": [
          {
            ""id"": ""r_stars"",
            ""role"": ""main_actor"",
            ""from"": ""e_actor"",
            ""to"": ""e_movie""
          },
          {
            ""id"": ""r_won"",
            ""role"": ""won"",
            ""from"": ""e_actor"",
            ""to"": ""e_award""
          },
          {
            ""id"": ""r_won_arg"",
            ""role"": ""won"",
            ""from"": ""e_arg_actor"",
            ""to"": ""e_award_arg""
          }
        ],
        ""constraint"": {
          ""and_conditions"": [
            ""r_stars"",
            {
              ""all_id"": ""e_actor"",
              ""condition"": {
                ""left"": {
                  ""count_id"": ""r_won""
                },
                "
9,Q10,Give me the movies where all the main actors have won more awards than any Argentine actor,gemma4:26b,False,0.05,473.378363,True,stop,3356,0.290867,1648,470.553981,3.5023,"```json
{
  ""hypotheses_set"": [
    [
      {
        ""id"": ""q1"",
        ""target"": [
          ""e_movie""
        ],
        ""entities"": [
          {
            ""id"": ""e_movie"",
            ""type"": ""Movie""
          },
          {
            ""id"": ""e_actor"",
            ""type"": ""Actor""
          },
          {
            ""id"": ""e_award"",
            ""type"": ""Award""
          },
          {
            ""id"": ""e_argentine_actor"",
            ""type"": ""Actor""
          }
        ],
        ""relationships"": [
          {
            ""id"": ""r_stars"",
            ""role"": ""main_actor"",
            ""from"": ""e_actor"",
            ""to"": ""e_movie""
          },
          {
            ""id"": ""r_won"",
            ""role"": ""won"",
            ""from"": ""e_actor"",
            ""to"": ""e_award""
          },
          {
            ""id"": ""r_is_argentine"",
            ""role"": ""is_from"",
            ""from"": ""e_argentine_actor"",
            ""to"": ""e_country""
          }
        ],
        ""constraint"": {
          ""and_conditions"": [
            ""r_stars"",
            {
              ""all_id"": ""e_actor"",
              ""condition"": {
                ""left"": {
                  ""count_id"": ""r_won""
                },
                ""operator"": "">"",
                ""right"": {
                  ""max_id"": {
                    ""count_id"": ""r_won_arg"",
                    ""condition"": {
                      ""and_conditions"": [
                        ""r_won_arg"",
                        {
                          ""left"": {
                            ""attribute_name"": ""nationality"",
                            ""of"": ""e_argentine_actor""
                          },
                          ""operator"": ""="",
                          ""right"": ""Argentine""
                        }
                      ]
                    }
                  },
                  ""expression"": ""count_id""
                }
              }
            }
          ]
        }
      }
    ]
  ]
}
```

Wait, looking at the grammar for `MAX` and `MIN` and the logic for ""more than any"": ""More than any"" is equivalent to ""More than the maximum"". Let me refine the `MAX` usage to be strictly compliant with the provided grammar.

```json
{
  ""hypotheses_set"": [
    [
      {
        ""id"": ""q1"",
        ""target"": [
          ""e_movie""
        ],
        ""entities"": [
          {
            ""id"": ""e_movie"",
            ""type"": ""Movie""
          },
          {
            ""id"": ""e_actor"",
            ""type"": ""Actor""
          },
          {
            ""id"": ""e_award"",
            ""type"": ""Award""
          },
          {
            ""id"": ""e_arg_actor"",
            ""type"": ""Actor""
          }
        ],
        ""relationships"": [
          {
            ""id"": ""r_stars"",
            ""role"": ""main_actor"",
            ""from"": ""e_actor"",
            ""to"": ""e_movie""
          },
          {
            ""id"": ""r_won"",
            ""role"": ""won"",
            ""from"": ""e_actor"",
            ""to"": ""e_award""
          },
          {
            ""id"": ""r_arg_won"",
            ""role"": ""won"",
            ""from"": ""e_arg_actor"",
            ""to"": ""e_award_arg""
          }
        ],
        ""constraint"": {
          ""and_conditions"": [
            ""r_stars"",
            {
              ""all_id"": ""e_actor"",
              ""condition"": {
                ""left"": {
                  ""count_id"": ""r_won""
                },
                ""operator"": "">"",
                ""right"": {
                  ""max_id"": {
                    ""count_id"": ""r_arg_won"",
                    ""condition"": {
                      ""and_conditions"": [
                        ""r_arg_won"",
                        {
                          ""left"": {
                            ""attribute_name"": ""nationality"",
                            ""of"": ""e_arg_actor""
                          },
                          ""operator"": ""="",
                          ""right"": ""Argentine""
                        }
                      ]
                    },
                    ""expression"": ""count_id""
                  }
                }
              }
            }
          ]
        }
      }
    ]
  ]
}
```

Actually, the `MAX` grammar requires an `expression`. Let's correct the `MAX` structure.

```json
{
  ""hypotheses_set"": [
    [
      {
        ""id"": ""q1"",
        ""target"": [
          ""e_movie""
        ],
        ""entities"": [
          {
            ""id"": ""e_movie"",
            ""type"": ""Movie""
          },
          {
            ""id"": ""e_actor"",
            ""type"": ""Actor""
          },
          {
            ""id"": ""e_award"",
            ""type"": ""Award""
          },
          {
            ""id"": ""e_arg_actor"",
            ""type"": ""Actor""
          }
        ],
        ""relationships"": [
          {
            ""id"": ""r_stars"",
            ""role"": ""main_actor"",
            ""from"": ""e_actor"",
            ""to"": ""e_movie""
          },
          {
            ""id"": ""r_won"",
            ""role"": ""won"",
            ""from"": ""e_actor"",
            ""to"": ""e_award""
          },
          {
            ""id"": ""r_arg_won"",
            ""role"": ""won"",
            ""from"": ""e_arg_actor"",
            ""to"": ""e_award_arg""
          }
        ],
        ""constraint"": {
          ""and_conditions"": [
            ""r_stars"",
            {
              ""all_id"": ""e_actor"",
              ""condition"": {
                ""left"": {
                  ""count_id"": ""r_won""
                },
                ""operator"": "">"",
                ""right"": {
                  ""max_id"": {
                    ""count_id"": ""r_arg_won"",
                    ""condition"": {
                      ""and_conditions"": [
                        ""r_arg_won"",
                        {
                          ""left"": {
                            ""attribute_name"": ""nationality"",
                            ""of"": ""e_arg_actor""
                          },
                          ""operator"": ""="",
                          ""right"": ""Argentine""
                        }
                      ]
                    },
                    ""expression"": ""count_id""
                  }
                }
              }
            }
          ]
        }
      }
    ]
  ]
}
```"
10,Q10,Give me the movies where all the main actors have won more awards than any Argentine actor,gemma4:26b,False,0.05,588.37697,True,length,3356,0.289032,2048,585.042369,3.5006,"```json
{
  ""hypotheses_set"": [
    [
      {
        ""id"": ""q1"",
        ""target"": [
          ""e_movie""
        ],
        ""entities"": [
          {
            ""id"": ""e_movie"",
            ""type"": ""Movie""
          },
          {
            ""id"": ""e_actor"",
            ""type"": ""Actor""
          },
          {
            ""id"": ""e_award"",
            ""type"": ""Award""
          },
          {
            ""id"": ""e_argentine_actor"",
            ""type"": ""Actor""
          }
        ],
        ""relationships"": [
          {
            ""id"": ""r_stars"",
            ""role"": ""main_actor"",
            ""from"": ""e_actor"",
            ""to"": ""e_movie""
          },
          {
            ""id"": ""r_won"",
            ""role"": ""won"",
            ""from"": ""e_actor"",
            ""to"": ""e_award""
          },
          {
            ""id"": ""r_is_argentine"",
            ""role"": ""is_from"",
            ""from"": ""e_argentine_actor"",
            ""to"": ""e_country""
          }
        ],
        ""constraint"": {
          ""and_conditions"": [
            ""r_stars"",
            {
              ""all_id"": ""e_actor"",
              ""condition"": {
                ""left"": {
                  ""count_id"": ""r_won""
                },
                ""operator"": "">"",
                ""right"": {
                  ""max_id"": {
                    ""count_id"": ""r_won_arg"",
                    ""condition"": {
                      ""and_conditions"": [
                        ""r_won_arg"",
                        {
                          ""left"": {
                            ""attribute_name"": ""nationality"",
                            ""of"": ""e_argentine_actor""
                          },
                          ""operator"": ""="",
                          ""right"": ""Argentine""
                        }
                      ]
                    }
                  },
                  ""expression"": ""count_id""
                }
              }
            }
          ]
        }
      }
    ]
  ]
}
```

Wait, looking at the grammar for `MAX` and `MIN`, I need to refine the `right` side of the comparison. The requirement is ""more awards than any Argentine actor"", which means ""more than the maximum number of awards won by an Argentine actor"".

Corrected logic for the `right` side:
```json
{
  ""hypothes_set"": [
    [
      {
        ""id"": ""q1"",
        ""target"": [
          ""e_movie""
        ],
        ""entities"": [
          {
            ""id"": ""e_movie"",
            ""type"": ""Movie""
          },
          {
            ""id"": ""e_actor"",
            ""type"": ""Actor""
          },
          {
            ""id"": ""e_award"",
            ""type"": ""Award""
          },
          {
            ""id"": ""e_arg_actor"",
            ""type"": ""Actor""
          }
        ],
        ""relationships"": [
          {
            ""id"": ""r_stars"",
            ""role"": ""main_actor"",
            ""from"": ""e_actor"",
            ""to"": ""e_movie""
          },
          {
            ""id"": ""r_won"",
            ""role"": ""won"",
            ""from"": ""e_actor"",
            ""to"": ""e_award""
          },
          {
            ""id"": ""r_won_arg"",
            ""role"": ""won"",
            ""from"": ""e_arg_actor"",
            ""to"": ""e_award""
          }
        ],
        ""constraint"": {
          ""and_conditions"": [
            ""r_stars"",
            {
              ""all_id"": ""e_actor"",
              ""condition"": {
                ""left"": {
                  ""count_id"": ""r_won""
                },
                ""operator"": "">"",
                ""right"": {
                  ""max_id"": {
                    ""count_id"": ""r_won_arg"",
                    ""condition"": {
                      ""and_conditions"": [
                        ""r_won_arg"",
                        {
                          ""left"": {
                            ""attribute_name"": ""nationality"",
                            ""of"": ""e_arg_actor""
                          },
                          ""operator"": ""="",
                          ""right"": ""Argentine""
                        }
                      ]
                    }
                  },
                  ""expression"": ""count_id""
                }
              }
            }
          ]
        }
      }
    ]
  ]
}
```

Actually, the `MAX` grammar says `max_id` is an `ENTITY_ID` or `RELATIONSHIP_ID`. Let's re-structure to be strictly compliant.

```json
{
  ""hypotheses_set"": [
    [
      {
        ""id"": ""q1"",
        ""target"": [
          ""e_movie""
        ],
        ""entities"": [
          {
            ""id"": ""e_movie"",
            ""type"": ""Movie""
          },
          {
            ""id"": ""e_actor"",
            ""type"": ""Actor""
          },
          {
            ""id"": ""e_arg_actor"",
            ""type"": ""Actor""
          }
        ],
        ""relationships"": [
          {
            ""id"": ""r_stars"",
            ""role"": ""main_actor"",
            ""from"": ""e_actor"",
            ""to"": ""e_movie""
          },
          {
            ""id"": ""r_won"",
            ""role"": ""won"",
            ""from"": ""e_actor"",
            ""to"": ""e_award""
          },
          {
            ""id"": ""r_won_arg"",
            ""role"": ""won"",
            ""from"": ""e_arg_actor"",
            ""to"": ""e_award""
          }
        ],
        ""constraint"": {
          ""and_conditions"": [
            ""r_stars"",
            {
              ""all_id"": ""e_actor"",
              ""condition"": {
                ""left"": {
                  ""count_id"": ""r_won""
                },
                ""operator"": "">"",
                ""right"": {
                  ""max_id"": {
                    ""count_id"": ""r_won_arg"",
                    ""condition"": {
                      ""and_conditions"": [
                        ""r_won_arg"",
                        {
                          ""left"": {
                            ""attribute_name"": ""nationality"",
                            ""of"": ""e_arg_actor""
                          },
                          ""operator"": ""="",
                          ""right"": ""Argentine""
                        }
                      ]
                    }
                  },
                  ""expression"": ""count_id""
                }
              }
            }
          ]
        }
      }
    ]
  ]
}
```

Wait, the `MAX` definition in the grammar is `MAX := { max_id: ENTITY_ID | RELATIONSHIP_ID, expression: EXPRESSION, condition?: CONDITION }`.
The `expression` in `MAX` should be the value we are maximizing. In this case, the count of awards.

Final attempt at structure:

```json
{
  ""hypotheses_set"": [
    [
      {
        ""id"": ""q1"",
        ""target"": [
          ""e_movie""
        ],
        ""entities"": [
          {
            ""id"": ""e_movie"",
            ""type"": ""Movie""
          },
          {
            ""id"": ""e_actor"",
            ""type"": ""Actor""
          },
          {
            ""id"": ""e_arg_actor"",
            ""type"": ""Actor""
          }
        ],
        ""relationships"": [
          {
            ""id"": ""r_stars"",
            ""role"": ""main_actor"",
            ""from"": ""e_actor"",
            ""to"": ""e_movie""
          },
          {
            ""id"": ""r_won"",
            ""role"": ""won"",
            ""from"": ""e_actor"",
            ""to"": ""e_award""
          },
          {
            ""id"": ""r_won_arg"",
            ""role"": ""won"",
            ""from"": ""e_arg_actor"",
            ""to"": ""e_award""
          }
        ],
        ""constraint"": {
          ""and_conditions"": [
            ""r_stars"",
            {
              ""all_id"": ""e_actor"",
              ""condition"": {
                ""left"": {
                  ""count_id"
11,Q10,Give me the movies where all the main actors have won more awards than any Argentine actor,gemma4:26b,False,0.05,589.268688,True,length,3356,0.283998,2048,585.96546,3.4951,"```json
{
  ""hypotheses_set"": [
    [
      {
        ""id"": ""q1"",
        ""target"": [
          ""e_movie""
        ],
        ""entities"": [
          {
            ""id"": ""e_movie"",
            ""type"": ""Movie""
          },
          {
            ""id"": ""e_actor"",
            ""type"": ""Actor""
          },
          {
            ""id"": ""e_award"",
            ""type"": ""Award""
          },
          {
            ""id"": ""e_argentine_actor"",
            ""type"": ""Actor""
          }
        ],
        ""relationships"": [
          {
            ""id"": ""r_stars"",
            ""role"": ""main_actor"",
            ""from"": ""e_actor"",
            ""to"": ""e_movie""
          },
          {
            ""id"": ""r_won"",
            ""role"": ""won"",
            ""from"": ""e_actor"",
            ""to"": ""e_award""
          },
          {
            ""id"": ""r_is_argentine"",
            ""role"": ""is_from"",
            ""from"": ""e_argentine_actor"",
            ""to"": ""e_country""
          }
        ],
        ""constraint"": {
          ""and_conditions"": [
            ""r_stars"",
            {
              ""all_id"": ""e_actor"",
              ""condition"": {
                ""left"": {
                  ""count_id"": ""r_won""
                },
                ""operator"": "">"",
                ""right"": {
                  ""max_id"": {
                    ""count_id"": ""r_won_arg"",
                    ""condition"": {
                      ""and_conditions"": [
                        ""r_won_arg"",
                        {
                          ""left"": {
                            ""attribute_name"": ""nationality"",
                            ""of"": ""e_argentine_actor""
                          },
                          ""operator"": ""="",
                          ""right"": ""Argentine""
                        }
                      ]
                    }
                  },
                  ""expression"": ""count_id""
                }
              }
            }
          ]
        }
      }
    ]
  ]
}
```

Wait, looking at the grammar for `MAX` and `COUNT` logic, I need to refine the comparison of ""more awards than any Argentine actor"" (which implies being greater than the maximum).

Corrected logic for the comparison:
```json
{
  ""hypothes_set"": [
    [
      {
        ""id"": ""q1"",
        ""target"": [
          ""e_movie""
        ],
        ""entities"": [
          {
            ""id"": ""e_movie"",
            ""type"": ""Movie""
          },
          {
            ""id"": ""e_actor"",
            ""type"": ""Actor""
          },
          {
            ""id"": ""e_award"",
            ""type"": ""Award""
          },
          {
            ""id"": ""e_arg_actor"",
            ""type"": ""Actor""
          }
        ],
        ""relationships"": [
          {
            ""id"": ""r_stars"",
            ""role"": ""main_actor"",
            ""from"": ""e_actor"",
            ""to"": ""e_movie""
          },
          {
            ""id"": ""r_won"",
            ""role"": ""won"",
            ""from"": ""e_actor"",
            ""to"": ""e_award""
          },
          {
            ""id"": ""r_won_arg"",
            ""role"": ""won"",
            ""from"": ""e_arg_actor"",
            ""to"": ""e_award_arg""
          }
        ],
        ""constraint"": {
          ""and_conditions"": [
            ""r_stars"",
            {
              ""all_id"": ""e_actor"",
              ""condition"": {
                ""left"": {
                  ""count_id"": ""r_won""
                },
                ""operator"": "">"",
                ""right"": {
                  ""max_id"": {
                    ""count_id"": ""r_won_arg"",
                    ""condition"": {
                      ""and_conditions"": [
                        ""r_won_arg"",
                        {
                          ""left"": {
                            ""attribute_name"": ""nationality"",
                            ""of"": ""e_arg_actor""
                          },
                          ""operator"": ""="",
                          ""right"": ""Argentine""
                        }
                      ]
                    }
                  },
                  ""expression"": ""count_id""
                }
              }
            }
          ]
        }
      }
    ]
  ]
}
```

Actually, the `MAX` expression in the grammar is `MAX := { max_id: ENTITY | RELATIONSHIP, expression: EXPRESSION, condition: CONDITION }`.

Final attempt at the structure:

```json
{
  ""hypotheses_set"": [
    [
      {
        ""id"": ""q1"",
        ""target"": [
          ""e_movie""
        ],
        ""entities"": [
          {
            ""id"": ""e_movie"",
            ""type"": ""Movie""
          },
          {
            ""id"": ""e_actor"",
            ""type"": ""Actor""
          },
          {
            ""id"": ""e_arg_actor"",
            ""type"": ""Actor""
          }
        ],
        ""relationships"": [
          {
            ""id"": ""r_stars"",
            ""role"": ""main_actor"",
            ""from"": ""e_actor"",
            ""to"": ""e_movie""
          },
          {
            ""id"": ""r_won"",
            ""role"": ""won"",
            ""from"": ""e_actor"",
            ""to"": ""e_award""
          },
          {
            ""id"": ""r_won_arg"",
            ""role"": ""won"",
            ""from"": ""e_arg_actor"",
            ""to"": ""e_award_arg""
          }
        ],
        ""constraint"": {
          ""and_conditions"": [
            ""r_stars"",
            {
              ""all_id"": ""e_actor"",
              ""condition"": {
                ""left"": {
                  ""count_id"": ""r_won""
                },
                ""operator"": "">"",
                ""right"": {
                  ""max_id"": {
                    ""count_id"": ""r_won_arg"",
                    ""condition"": {
                      ""and_conditions"": [
                        ""r_won_arg"",
                        {
                          ""left"": {
                            ""attribute_name"": ""nationality"",
                            ""of"": ""e_arg_actor""
                          },
                          ""operator"": ""="",
                          ""right"": ""Argentine""
                        }
                      ]
                    }
                  },
                  ""expression"": ""count_id""
                }
              }
            }
          ]
        }
      }
    ]
  ]
}
```

Wait, I must ensure the `MAX` usage is valid per grammar. `MAX` takes an `expression` which is the value to find the max of.

```json
{
  ""hypotheses_set"": [
    [
      {
        ""id"": ""q1"",
        ""target"": [
          ""e_movie""
        ],
        ""entities"": [
          {
            ""id"": ""e_movie"",
            ""type"": ""Movie""
          },
          {
            ""id"": ""e_actor"",
            ""type"": ""Actor""
          },
          {
            ""id"": ""e_arg_actor"",
            ""type"": ""Actor""
          }
        ],
        ""relationships"": [
          {
            ""id"": ""r_stars"",
            ""role"": ""main_actor"",
            ""from"": ""e_actor"",
            ""to"": ""e_movie""
          },
          {
            ""id"": ""r_won"",
            ""role"": ""won"",
            ""from"": ""e_actor"",
            ""to"": ""e_award""
          },
          {
            ""id"": ""r_won_arg"",
            ""role"": ""won"",
            ""from"": ""e_arg_actor"",
            ""to"": ""e_award_arg""
          }
        ],
        ""constraint"": {
          ""and_conditions"": [
            ""r_stars"",
            {
              ""all_id"": ""e_actor"",
              ""condition"": {
                ""left"": {
                  ""count_id"": ""r_won""
                },
                ""operator"": "">"",
                ""right"": {
                  ""max_id"": {
                    ""count_id"": ""r_won_arg"",
                    "
12,Q10,Give me the movies where all the main actors have won more awards than any Argentine actor,gemma4:26b,False,0.05,589.286084,True,length,3356,0.288113,2048,585.963053,3.4951,"```json
{
  ""hypotheses_set"": [
    [
      {
        ""id"": ""q1"",
        ""target"": [
          ""e_movie""
        ],
        ""entities"": [
          {
            ""id"": ""e_movie"",
            ""type"": ""Movie""
          },
          {
            ""id"": ""e_actor"",
            ""type"": ""Actor""
          },
          {
            ""id"": ""e_award"",
            ""type"": ""Award""
          },
          {
            ""id"": ""e_argentine_actor"",
            ""type"": ""Actor""
          }
        ],
        ""relationships"": [
          {
            ""id"": ""r_stars"",
            ""role"": ""main_actor"",
            ""from"": ""e_actor"",
            ""to"": ""e_movie""
          },
          {
            ""id"": ""r_won"",
            ""role"": ""won"",
            ""from"": ""e_actor"",
            ""to"": ""e_award""
          },
          {
            ""id"": ""r_is_argentine"",
            ""role"": ""is_from"",
            ""from"": ""e_argentine_actor"",
            ""to"": ""e_country""
          }
        ],
        ""constraint"": {
          ""and_conditions"": [
            ""r_stars"",
            {
              ""all_id"": ""e_actor"",
              ""condition"": {
                ""left"": {
                  ""count_id"": ""r_won""
                },
                ""operator"": "">"",
                ""right"": {
                  ""max_id"": {
                    ""count_id"": ""r_won_arg"",
                    ""condition"": {
                      ""and_conditions"": [
                        ""r_won_arg"",
                        {
                          ""left"": {
                            ""attribute_name"": ""nationality"",
                            ""of"": ""e_argentine_actor""
                          },
                          ""operator"": ""="",
                          ""right"": ""Argentine""
                        }
                      ]
                    }
                  },
                  ""expression"": ""count_id""
                }
              }
            }
          ]
        }
      }
    ]
  ]
}
```

Wait, looking at the grammar for `MAX` and `COUNT` logic, I need to refine the comparison of ""more awards than any Argentine actor"" (which implies being greater than the maximum).

Corrected logic for the comparison:
```json
{
  ""hypothes_set"": [
    [
      {
        ""id"": ""q1"",
        ""target"": [
          ""e_movie""
        ],
        ""entities"": [
          {
            ""id"": ""e_movie"",
            ""type"": ""Movie""
          },
          {
            ""id"": ""e_actor"",
            ""type"": ""Actor""
          },
          {
            ""id"": ""e_award"",
            ""type"": ""Award""
          },
          {
            ""id"": ""e_arg_actor"",
            ""type"": ""Actor""
          }
        ],
        ""relationships"": [
          {
            ""id"": ""r_stars"",
            ""role"": ""main_actor"",
            ""from"": ""e_actor"",
            ""to"": ""e_movie""
          },
          {
            ""id"": ""r_won"",
            ""role"": ""won"",
            ""from"": ""e_actor"",
            ""to"": ""e_award""
          },
          {
            ""id"": ""r_won_arg"",
            ""role"": ""won"",
            ""from"": ""e_arg_actor"",
            ""to"": ""e_award_arg""
          }
        ],
        ""constraint"": {
          ""and_conditions"": [
            ""r_stars"",
            {
              ""all_id"": ""e_actor"",
              ""condition"": {
                ""left"": {
                  ""count_id"": ""r_won""
                },
                ""operator"": "">"",
                ""right"": {
                  ""max_id"": {
                    ""count_id"": ""r_won_arg"",
                    ""condition"": {
                      ""and_conditions"": [
                        ""r_won_arg"",
                        {
                          ""left"": {
                            ""attribute_name"": ""nationality"",
                            ""of"": ""e_arg_actor""
                          },
                          ""operator"": ""="",
                          ""right"": ""Argentine""
                        }
                      ]
                    }
                  },
                  ""expression"": ""count_id""
                }
              }
            }
          ]
        }
      }
    ]
  ]
}
```

Actually, the `MAX` expression in the grammar is `MAX := { max_id: ENTITY | RELATIONSHIP, expression: EXPRESSION, condition: CONDITION }`.

Final attempt at the correct structure:

```json
{
  ""hypotheses_set"": [
    [
      {
        ""id"": ""q1"",
        ""target"": [
          ""e_movie""
        ],
        ""entities"": [
          {
            ""id"": ""e_movie"",
            ""type"": ""Movie""
          },
          {
            ""id"": ""e_actor"",
            ""type"": ""Actor""
          },
          {
            ""id"": ""e_arg_actor"",
            ""type"": ""Actor""
          }
        ],
        ""relationships"": [
          {
            ""id"": ""r_stars"",
            ""role"": ""main_actor"",
            ""from"": ""e_actor"",
            ""to"": ""e_movie""
          },
          {
            ""id"": ""r_won"",
            ""role"": ""won"",
            ""from"": ""e_actor"",
            ""to"": ""e_award""
          },
          {
            ""id"": ""r_won_arg"",
            ""role"": ""won"",
            ""from"": ""e_arg_actor"",
            ""to"": ""e_award_arg""
          }
        ],
        ""constraint"": {
          ""and_conditions"": [
            ""r_stars"",
            {
              ""all_id"": ""e_actor"",
              ""condition"": {
                ""left"": {
                  ""count_id"": ""r_won""
                },
                ""operator"": "">"",
                ""right"": {
                  ""max_id"": {
                    ""count_id"": ""r_won_arg"",
                    ""condition"": {
                      ""and_conditions"": [
                        ""r_won_arg"",
                        {
                          ""left"": {
                            ""attribute_name"": ""nationality"",
                            ""of"": ""e_arg_actor""
                          },
                          ""operator"": ""="",
                          ""right"": ""Argentine""
                        }
                      ]
                    }
                  },
                  ""expression"": ""count_id""
                }
              }
            }
          ]
        }
      }
    ]
  ]
}
```

Wait, I must ensure `e_award` and `e_award_arg` are handled. Since they are just targets of a relationship, I don't need to declare them as entities if they aren't targets of the query, but the `count_id` refers to the relationship.

One more check: `r_won` is a relationship. `count_id` can be a relationship.

```json
{
  ""hypotheses_set"": [
    [
      {
        ""id"": ""q1"",
        ""target"": [
          ""e_movie""
        ],
        ""entities"": [
          {
            ""id"": ""e_movie"",
            ""type"": ""Movie""
          },
          {
            ""id"": ""e_actor"",
            ""type"": ""Actor""
          },
          {
            ""id"": ""e_arg_actor"",
            ""type"": ""Actor""
          }
        ],
        ""relationships"": [
          {
            ""id"": ""r_stars"",
            ""role"": ""main_actor"",
            ""from"": ""e_actor"",
            ""to"": ""e_movie""
          },
          {
            ""id"": ""r_won"",
            ""role"": ""won"",
            ""from"": ""e_actor"",
            ""to"": ""e_award""
          },
          {
            ""id"": ""r_won_arg"",
            ""role"": ""won"",
            ""from"": ""e_arg_actor"",
            ""to"": ""e_award_arg""
          }
        ],
        ""constraint"": {
          ""and_conditions"": [
            ""r_stars"",
            {
              ""all_id"": ""e_actor"",
              ""condition"": {
                ""left"
13,Q10,Give me the movies where all the main actors have won more awards than any Argentine actor,gemma4:26b,False,0.05,589.434063,True,length,3356,0.285839,2048,586.111134,3.4942,"```json
{
  ""hypotheses_set"": [
    [
      {
        ""id"": ""q1"",
        ""target"": [
          ""e_movie""
        ],
        ""entities"": [
          {
            ""id"": ""e_movie"",
            ""type"": ""Movie""
          },
          {
            ""id"": ""e_actor"",
            ""type"": ""Actor""
          },
          {
            ""id"": ""e_award"",
            ""type"": ""Award""
          },
          {
            ""id"": ""e_argentine_actor"",
            ""type"": ""Actor""
          }
        ],
        ""relationships"": [
          {
            ""id"": ""r_stars"",
            ""role"": ""main_actor"",
            ""from"": ""e_actor"",
            ""to"": ""e_movie""
          },
          {
            ""id"": ""r_won"",
            ""role"": ""won"",
            ""from"": ""e_actor"",
            ""to"": ""e_award""
          },
          {
            ""id"": ""r_is_argentine"",
            ""role"": ""is_from"",
            ""from"": ""e_argentine_actor"",
            ""to"": ""e_country""
          }
        ],
        ""constraint"": {
          ""and_conditions"": [
            ""r_stars"",
            {
              ""all_id"": ""e_actor"",
              ""condition"": {
                ""left"": {
                  ""count_id"": ""r_won""
                },
                ""operator"": "">"",
                ""right"": {
                  ""max_id"": {
                    ""count_id"": ""r_won_arg"",
                    ""condition"": {
                      ""and_conditions"": [
                        ""r_won_arg"",
                        {
                          ""left"": {
                            ""attribute_name"": ""nationality"",
                            ""of"": ""e_argentine_actor""
                          },
                          ""operator"": ""="",
                          ""right"": ""Argentine""
                        }
                      ]
                    }
                  },
                  ""expression"": ""count_id""
                }
              }
            }
          ]
        }
      }
    ]
  ]
}
```

Wait, looking at the grammar for `MAX` and `COUNT` logic, I need to refine the comparison of ""more awards than any Argentine actor"" (which implies being greater than the maximum).

Corrected logic for the comparison:
```json
{
  ""hypothes_set"": [
    [
      {
        ""id"": ""q1"",
        ""target"": [
          ""e_movie""
        ],
        ""entities"": [
          {
            ""id"": ""e_movie"",
            ""type"": ""Movie""
          },
          {
            ""id"": ""e_actor"",
            ""type"": ""Actor""
          },
          {
            ""id"": ""e_award"",
            ""type"": ""Award""
          },
          {
            ""id"": ""e_arg_actor"",
            ""type"": ""Actor""
          }
        ],
        ""relationships"": [
          {
            ""id"": ""r_stars"",
            ""role"": ""main_actor"",
            ""from"": ""e_actor"",
            ""to"": ""e_movie""
          },
          {
            ""id"": ""r_won"",
            ""role"": ""won"",
            ""from"": ""e_actor"",
            ""to"": ""e_award""
          },
          {
            ""id"": ""r_won_arg"",
            ""role"": ""won"",
            ""from"": ""e_arg_actor"",
            ""to"": ""e_award_arg""
          }
        ],
        ""constraint"": {
          ""and_conditions"": [
            ""r_stars"",
            {
              ""all_id"": ""e_actor"",
              ""condition"": {
                ""left"": {
                  ""count_id"": ""r_won""
                },
                ""operator"": "">"",
                ""right"": {
                  ""max_id"": {
                    ""count_id"": ""r_won_arg"",
                    ""condition"": {
                      ""and_conditions"": [
                        ""r_won_arg"",
                        {
                          ""left"": {
                            ""attribute_name"": ""nationality"",
                            ""of"": ""e_arg_actor""
                          },
                          ""operator"": ""="",
                          ""right"": ""Argentine""
                        }
                      ]
                    }
                  },
                  ""expression"": ""count_id""
                }
              }
            }
          ]
        }
      }
    ]
  ]
}
```

Actually, the `MAX` expression in the grammar is `MAX := { max_id: ENTITY | RELATIONSHIP, expression: EXPRESSION, condition: CONDITION }`.

Final attempt at the correct structure:

```json
{
  ""hypotheses_set"": [
    [
      {
        ""id"": ""q1"",
        ""target"": [
          ""e_movie""
        ],
        ""entities"": [
          {
            ""id"": ""e_movie"",
            ""type"": ""Movie""
          },
          {
            ""id"": ""e_actor"",
            ""type"": ""Actor""
          },
          {
            ""id"": ""e_arg_actor"",
            ""type"": ""Actor""
          }
        ],
        ""relationships"": [
          {
            ""id"": ""r_stars"",
            ""role"": ""main_actor"",
            ""from"": ""e_actor"",
            ""to"": ""e_movie""
          },
          {
            ""id"": ""r_won"",
            ""role"": ""won"",
            ""from"": ""e_actor"",
            ""to"": ""e_award""
          },
          {
            ""id"": ""r_won_arg"",
            ""role"": ""won"",
            ""from"": ""e_arg_actor"",
            ""to"": ""e_award_arg""
          }
        ],
        ""constraint"": {
          ""and_conditions"": [
            ""r_stars"",
            {
              ""all_id"": ""e_actor"",
              ""condition"": {
                ""left"": {
                  ""count_id"": ""r_won""
                },
                ""operator"": "">"",
                ""right"": {
                  ""max_id"": {
                    ""count_id"": ""r_won_arg"",
                    ""condition"": {
                      ""and_conditions"": [
                        ""r_won_arg"",
                        {
                          ""left"": {
                            ""attribute_name"": ""nationality"",
                            ""of"": ""e_arg_actor""
                          },
                          ""operator"": ""="",
                          ""right"": ""Argentine""
                        }
                      ]
                    }
                  },
                  ""expression"": ""count_id""
                }
              }
            }
          ]
        }
      }
    ]
  ]
}
```

Wait, I must ensure `e_award` and `e_award_arg` are handled. Since they are just targets of a relationship, I don't need to declare them as entities if they aren't targets of the query, but the `count_id` refers to the relationship.

Final clean version:

```json
{
  ""hypotheses_set"": [
    [
      {
        ""id"": ""q1"",
        ""target"": [
          ""e_movie""
        ],
        ""entities"": [
          {
            ""id"": ""e_movie"",
            ""type"": ""Movie""
          },
          {
            ""id"": ""e_actor"",
            ""type"": ""Actor""
          },
          {
            ""id"": ""e_arg_actor"",
            ""type"": ""Actor""
          }
        ],
        ""relationships"": [
          {
            ""id"": ""r_stars"",
            ""role"": ""main_actor"",
            ""from"": ""e_actor"",
            ""to"": ""e_movie""
          },
          {
            ""id"": ""r_won"",
            ""role"": ""won"",
            ""from"": ""e_actor"",
            ""to"": ""e_award""
          },
          {
            ""id"": ""r_won_arg"",
            ""role"": ""won"",
            ""from"": ""e_arg_actor"",
            ""to"": ""e_award_arg""
          }
        ],
        ""constraint"": {
          ""and_conditions"": [
            ""r_stars"",
            {
              ""all_id"": ""e_actor"",
              ""condition"": {
                ""left"": {
                  ""count_id"": ""r_won""
                },
                "
14,Q10,Give me the movies where all the main actors have won more awards than any Argentine actor,gemma4:26b,False,0.05,150.998668,True,stop,3356,0.284802,524,149.501922,3.505,"```json
{
  ""hypotheses_set"": [
    [
      {
        ""id"": ""q1"",
        ""target"": [
          ""e_movie""
        ],
        ""entities"": [
          {
            ""id"": ""e_movie"",
            ""type"": ""Movie""
          },
          {
            ""id"": ""e_actor"",
            ""type"": ""Actor""
          },
          {
            ""id"": ""e_argentine_actor"",
            ""type"": ""Actor""
          },
          {
            ""id"": ""e_award"",
            ""type"": ""Award""
          }
        ],
        ""relationships"": [
          {
            ""id"": ""r_acts"",
            ""role"": ""main_actor"",
            ""from"": ""e_actor"",
            ""to"": ""e_movie""
          },
          {
            ""id"": ""r_won"",
            ""role"": ""won"",
            ""from"": ""e_actor"",
            ""to"": ""e_award""
          },
          {
            ""id"": ""r_arg_won"",
            ""role"": ""won"",
            ""from"": ""e_argentine_actor"",
            ""to"": ""e_award""
          }
        ],
        ""constraint"": {
          ""and_conditions"": [
            ""r_acts"",
            {
              ""all_id"": ""e_actor"",
              ""condition"": {
                ""and_conditions"": [
                  ""r_acts"",
                  {
                    ""left"": {
                      ""count_id"": ""r_won""
                    },
                    ""operator"": "">"",
                    ""right"": {
                      ""max_id"": ""e_argentine_actor"",
                      ""expression"": {
                        ""count_id"": ""r_arg_won""
                      },
                      ""condition"": {
                        ""left"": {
                          ""attribute_name"": ""nationality"",
                          ""of"": ""e_argentine_actor""
                        },
                        ""operator"": ""="",
                        ""right"": ""Argentine""
                      }
                    }
                  }
                ]
              }
            }
          ]
        }
      }
    ]
  ]
}
```"
15,Q10,Give me the movies where all the main actors have won more awards than any Argentine actor,gemma4:26b,False,0.05,467.985928,True,stop,3356,0.283931,1631,465.172215,3.5062,"```json
{
  ""hypotheses_set"": [
    [
      {
        ""id"": ""q1"",
        ""target"": [
          ""e_movie""
        ],
        ""entities"": [
          {
            ""id"": ""e_movie"",
            ""type"": ""Movie""
          },
          {
            ""id"": ""e_actor"",
            ""type"": ""Actor""
          },
          {
            ""id"": ""e_award"",
            ""type"": ""Award""
          },
          {
            ""id"": ""e_argentine_actor"",
            ""type"": ""Actor""
          }
        ],
        ""relationships"": [
          {
            ""id"": ""r_stars"",
            ""role"": ""main_actor"",
            ""from"": ""e_actor"",
            ""to"": ""e_movie""
          },
          {
            ""id"": ""r_won"",
            ""role"": ""won"",
            ""from"": ""e_actor"",
            ""to"": ""e_award""
          },
          {
            ""id"": ""r_is_argentine"",
            ""role"": ""is_from"",
            ""from"": ""e_argentine_actor"",
            ""to"": ""e_country""
          }
        ],
        ""constraint"": {
          ""and_conditions"": [
            ""r_stars"",
            {
              ""all_id"": ""e_actor"",
              ""condition"": {
                ""left"": {
                  ""count_id"": ""r_won""
                },
                ""operator"": "">"",
                ""right"": {
                  ""max_id"": {
                    ""count_id"": ""r_won_arg"",
                    ""condition"": {
                      ""and_conditions"": [
                        ""r_won_arg"",
                        {
                          ""left"": {
                            ""attribute_name"": ""nationality"",
                            ""of"": ""e_argentine_actor""
                          },
                          ""operator"": ""="",
                          ""right"": ""Argentine""
                        }
                      ]
                    }
                  },
                  ""expression"": ""count_id""
                }
              }
            }
          ]
        }
      }
    ]
  ]
}
```

Wait, looking at the grammar for `MAX` and `COUNT` logic, I need to refine the comparison of ""more awards than any Argentine actor"" (which means greater than the maximum awards won by any Argentine actor).

Corrected logic for the comparison:
```json
{
  ""hypothes_set"": [
    [
      {
        ""id"": ""q1"",
        ""target"": [
          ""e_movie""
        ],
        ""entities"": [
          {
            ""id"": ""e_movie"",
            ""type"": ""Movie""
          },
          {
            ""id"": ""e_actor"",
            ""type"": ""Actor""
          },
          {
            ""id"": ""e_argentine_actor"",
            ""type"": ""Actor""
          }
        ],
        ""relationships"": [
          {
            ""id"": ""r_stars"",
            ""role"": ""main_actor"",
            ""from"": ""e_actor"",
            ""to"": ""e_movie""
          },
          {
            ""id"": ""r_won"",
            ""role"": ""won"",
            ""from"": ""e_actor"",
            ""to"": ""e_award""
          },
          {
            ""id"": ""r_won_arg"",
            ""role"": ""won"",
            ""from"": ""e_argentine_actor"",
            ""to"": ""e_award_arg""
          }
        ],
        ""constraint"": {
          ""and_conditions"": [
            ""r_stars"",
            {
              ""all_id"": ""e_actor"",
              ""condition"": {
                ""left"": {
                  ""count_id"": ""r_won""
                },
                ""operator"": "">"",
                ""right"": {
                  ""max_id"": {
                    ""count_id"": ""r_won_arg"",
                    ""condition"": {
                      ""and_conditions"": [
                        ""r_won_arg"",
                        {
                          ""left"": {
                            ""attribute_name"": ""nationality"",
                            ""of"": ""e_argentine_actor""
                          },
                          ""operator"": ""="",
                          ""right"": ""Argentine""
                        }
                      ]
                    }
                  },
                  ""expression"": ""count_id""
                }
              }
            }
          ]
        }
      }
    ]
  ]
}
```

Actually, the `MAX` expression in the grammar is `MAX := { max_id: ENTITY_ID | RELATIONSHIP_ID, expression: EXPRESSION, condition?: CONDITION }`.

Let's provide the final clean version.

```json
{
  ""hypotheses_set"": [
    [
      {
        ""id"": ""q1"",
        ""target"": [
          ""e_movie""
        ],
        ""entities"": [
          {
            ""id"": ""e_movie"",
            ""type"": ""Movie""
          },
          {
            ""id"": ""e_actor"",
            ""type"": ""Actor""
          },
          {
            ""id"": ""e_argentine_actor"",
            ""type"": ""Actor""
          }
        ],
        ""relationships"": [
          {
            ""id"": ""r_stars"",
            ""role"": ""main_actor"",
            ""from"": ""e_actor"",
            ""to"": ""e_movie""
          },
          {
            ""id"": ""r_won"",
            ""role"": ""won"",
            ""from"": ""e_actor"",
            ""to"": ""e_award""
          },
          {
            ""id"": ""r_won_arg"",
            ""role"": ""won"",
            ""from"": ""e_argentine_actor"",
            ""to"": ""e_award_arg""
          }
        ],
        ""constraint"": {
          ""and_conditions"": [
            ""r_stars"",
            {
              ""all_id"": ""e_actor"",
              ""condition"": {
                ""left"": {
                  ""count_id"": ""r_won""
                },
                ""operator"": "">"",
                ""right"": {
                  ""max_id"": {
                    ""count_id"": ""r_won_arg"",
                    ""condition"": {
                      ""and_conditions"": [
                        ""r_won_arg"",
                        {
                          ""left"": {
                            ""attribute_name"": ""nationality"",
                            ""of"": ""e_argentine_actor""
                          },
                          ""operator"": ""="",
                          ""right"": ""Argentine""
                        }
                      ]
                    }
                  },
                  ""expression"": ""count_id""
                }
              }
            }
          ]
        }
      }
    ]
  ]
}
```"
16,Q10,Give me the movies where all the main actors have won more awards than any Argentine actor,gemma4:26b,False,0.05,468.497725,True,stop,3356,0.287261,1631,465.678122,3.5024,"```json
{
  ""hypotheses_set"": [
    [
      {
        ""id"": ""q1"",
        ""target"": [
          ""e_movie""
        ],
        ""entities"": [
          {
            ""id"": ""e_movie"",
            ""type"": ""Movie""
          },
          {
            ""id"": ""e_actor"",
            ""type"": ""Actor""
          },
          {
            ""id"": ""e_award"",
            ""type"": ""Award""
          },
          {
            ""id"": ""e_argentine_actor"",
            ""type"": ""Actor""
          }
        ],
        ""relationships"": [
          {
            ""id"": ""r_stars"",
            ""role"": ""main_actor"",
            ""from"": ""e_actor"",
            ""to"": ""e_movie""
          },
          {
            ""id"": ""r_won"",
            ""role"": ""won"",
            ""from"": ""e_actor"",
            ""to"": ""e_award""
          },
          {
            ""id"": ""r_is_argentine"",
            ""role"": ""is_from"",
            ""from"": ""e_argentine_actor"",
            ""to"": ""e_country""
          }
        ],
        ""constraint"": {
          ""and_conditions"": [
            ""r_stars"",
            {
              ""all_id"": ""e_actor"",
              ""condition"": {
                ""left"": {
                  ""count_id"": ""r_won""
                },
                ""operator"": "">"",
                ""right"": {
                  ""max_id"": {
                    ""count_id"": ""r_won_arg"",
                    ""condition"": {
                      ""and_conditions"": [
                        ""r_won_arg"",
                        {
                          ""left"": {
                            ""attribute_name"": ""nationality"",
                            ""of"": ""e_argentine_actor""
                          },
                          ""operator"": ""="",
                          ""right"": ""Argentine""
                        }
                      ]
                    }
                  },
                  ""expression"": ""count_id""
                }
              }
            }
          ]
        }
      }
    ]
  ]
}
```

Wait, looking at the grammar for `MAX` and `COUNT` logic, I need to refine the comparison of ""more awards than any Argentine actor"" (which means greater than the maximum awards won by any Argentine actor).

Corrected logic for the comparison:
```json
{
  ""hypothes_set"": [
    [
      {
        ""id"": ""q1"",
        ""target"": [
          ""e_movie""
        ],
        ""entities"": [
          {
            ""id"": ""e_movie"",
            ""type"": ""Movie""
          },
          {
            ""id"": ""e_actor"",
            ""type"": ""Actor""
          },
          {
            ""id"": ""e_argentine_actor"",
            ""type"": ""Actor""
          }
        ],
        ""relationships"": [
          {
            ""id"": ""r_stars"",
            ""role"": ""main_actor"",
            ""from"": ""e_actor"",
            ""to"": ""e_movie""
          },
          {
            ""id"": ""r_won"",
            ""role"": ""won"",
            ""from"": ""e_actor"",
            ""to"": ""e_award""
          },
          {
            ""id"": ""r_won_arg"",
            ""role"": ""won"",
            ""from"": ""e_argentine_actor"",
            ""to"": ""e_award_arg""
          }
        ],
        ""constraint"": {
          ""and_conditions"": [
            ""r_stars"",
            {
              ""all_id"": ""e_actor"",
              ""condition"": {
                ""left"": {
                  ""count_id"": ""r_won""
                },
                ""operator"": "">"",
                ""right"": {
                  ""max_id"": {
                    ""count_id"": ""r_won_arg"",
                    ""condition"": {
                      ""and_conditions"": [
                        ""r_won_arg"",
                        {
                          ""left"": {
                            ""attribute_name"": ""nationality"",
                            ""of"": ""e_argentine_actor""
                          },
                          ""operator"": ""="",
                          ""right"": ""Argentine""
                        }
                      ]
                    }
                  },
                  ""expression"": ""count_id""
                }
              }
            }
          ]
        }
      }
    ]
  ]
}
```

Actually, the `MAX` definition in the grammar is `MAX := { max_id: ENTITY_ID | RELATIONSHIP_ID, expression: EXPRESSION, condition?: CONDITION }`.

Let's provide the final clean version.

```json
{
  ""hypotheses_set"": [
    [
      {
        ""id"": ""q1"",
        ""target"": [
          ""e_movie""
        ],
        ""entities"": [
          {
            ""id"": ""e_movie"",
            ""type"": ""Movie""
          },
          {
            ""id"": ""e_actor"",
            ""type"": ""Actor""
          },
          {
            ""id"": ""e_argentine_actor"",
            ""type"": ""Actor""
          }
        ],
        ""relationships"": [
          {
            ""id"": ""r_stars"",
            ""role"": ""main_actor"",
            ""from"": ""e_actor"",
            ""to"": ""e_movie""
          },
          {
            ""id"": ""r_won"",
            ""role"": ""won"",
            ""from"": ""e_actor"",
            ""to"": ""e_award""
          },
          {
            ""id"": ""r_won_arg"",
            ""role"": ""won"",
            ""from"": ""e_argentine_actor"",
            ""to"": ""e_award_arg""
          }
        ],
        ""constraint"": {
          ""and_conditions"": [
            ""r_stars"",
            {
              ""all_id"": ""e_actor"",
              ""condition"": {
                ""left"": {
                  ""count_id"": ""r_won""
                },
                ""operator"": "">"",
                ""right"": {
                  ""max_id"": {
                    ""count_id"": ""r_won_arg"",
                    ""condition"": {
                      ""and_conditions"": [
                        ""r_won_arg"",
                        {
                          ""left"": {
                            ""attribute_name"": ""nationality"",
                            ""of"": ""e_argentine_actor""
                          },
                          ""operator"": ""="",
                          ""right"": ""Argentine""
                        }
                      ]
                    }
                  },
                  ""expression"": ""count_id""
                }
              }
            }
          ]
        }
      }
    ]
  ]
}
```"
17,Q10,Give me the movies where all the main actors have won more awards than any Argentine actor,gemma4:26b,False,0.05,588.5934,True,length,3356,0.28473,2048,585.285768,3.4991,"```json
{
  ""hypotheses_set"": [
    [
      {
        ""id"": ""q1"",
        ""target"": [
          ""e_movie""
        ],
        ""entities"": [
          {
            ""id"": ""e_movie"",
            ""type"": ""Movie""
          },
          {
            ""id"": ""e_actor"",
            ""type"": ""Actor""
          },
          {
            ""id"": ""e_award"",
            ""type"": ""Award""
          },
          {
            ""id"": ""e_argentine_actor"",
            ""type"": ""Actor""
          }
        ],
        ""relationships"": [
          {
            ""id"": ""r_stars"",
            ""role"": ""main_actor"",
            ""from"": ""e_actor"",
            ""to"": ""e_movie""
          },
          {
            ""id"": ""r_won"",
            ""role"": ""won"",
            ""from"": ""e_actor"",
            ""to"": ""e_award""
          },
          {
            ""id"": ""r_is_argentine"",
            ""role"": ""is_from"",
            ""from"": ""e_argentine_actor"",
            ""to"": ""e_country""
          }
        ],
        ""constraint"": {
          ""and_conditions"": [
            ""r_stars"",
            {
              ""all_id"": ""e_actor"",
              ""condition"": {
                ""left"": {
                  ""count_id"": ""r_won""
                },
                ""operator"": "">"",
                ""right"": {
                  ""max_id"": {
                    ""count_id"": ""r_won_arg"",
                    ""condition"": {
                      ""and_conditions"": [
                        ""r_won_arg"",
                        {
                          ""left"": {
                            ""attribute_name"": ""nationality"",
                            ""of"": ""e_argentine_actor""
                          },
                          ""operator"": ""="",
                          ""right"": ""Argentine""
                        }
                      ]
                    }
                  },
                  ""expression"": ""count_id""
                }
              }
            }
          ]
        }
      }
    ]
  ]
}
```

Wait, looking at the grammar for `MAX` and `COUNT` logic, I need to refine the comparison of ""more awards than any Argentine actor"" (which implies being greater than the maximum).

Corrected logic for the comparison:
```json
{
  ""hypothes_set"": [
    [
      {
        ""id"": ""q1"",
        ""target"": [
          ""e_movie""
        ],
        ""entities"": [
          {
            ""id"": ""e_movie"",
            ""type"": ""Movie""
          },
          {
            ""id"": ""e_actor"",
            ""type"": ""Actor""
          },
          {
            ""id"": ""e_award"",
            ""type"": ""Award""
          },
          {
            ""id"": ""e_arg_actor"",
            ""type"": ""Actor""
          }
        ],
        ""relationships"": [
          {
            ""id"": ""r_stars"",
            ""role"": ""main_actor"",
            ""from"": ""e_actor"",
            ""to"": ""e_movie""
          },
          {
            ""id"": ""r_won"",
            ""role"": ""won"",
            ""from"": ""e_actor"",
            ""to"": ""e_award""
          },
          {
            ""id"": ""r_won_arg"",
            ""role"": ""won"",
            ""from"": ""e_arg_actor"",
            ""to"": ""e_award_arg""
          }
        ],
        ""constraint"": {
          ""and_conditions"": [
            ""r_stars"",
            {
              ""all_id"": ""e_actor"",
              ""condition"": {
                ""left"": {
                  ""count_id"": ""r_won""
                },
                ""operator"": "">"",
                ""right"": {
                  ""max_id"": {
                    ""count_id"": ""r_won_arg"",
                    ""condition"": {
                      ""and_conditions"": [
                        ""r_won_arg"",
                        {
                          ""left"": {
                            ""attribute_name"": ""nationality"",
                            ""of"": ""e_arg_actor""
                          },
                          ""operator"": ""="",
                          ""right"": ""Argentine""
                        }
                      ]
                    }
                  },
                  ""expression"": ""count_id""
                }
              }
            }
          ]
        }
      }
    ]
  ]
}
```

Actually, the `MAX` expression in the grammar is `MAX := { max_id: ENTITY | RELATIONSHIP, expression: EXPRESSION, condition: CONDITION }`.

Final attempt at the structure:

```json
{
  ""hypotheses_set"": [
    [
      {
        ""id"": ""q1"",
        ""target"": [
          ""e_movie""
        ],
        ""entities"": [
          {
            ""id"": ""e_movie"",
            ""type"": ""Movie""
          },
          {
            ""id"": ""e_actor"",
            ""type"": ""Actor""
          },
          {
            ""id"": ""e_arg_actor"",
            ""type"": ""Actor""
          }
        ],
        ""relationships"": [
          {
            ""id"": ""r_stars"",
            ""role"": ""main_actor"",
            ""from"": ""e_actor"",
            ""to"": ""e_movie""
          },
          {
            ""id"": ""r_won"",
            ""role"": ""won"",
            ""from"": ""e_actor"",
            ""to"": ""e_award""
          },
          {
            ""id"": ""r_won_arg"",
            ""role"": ""won"",
            ""from"": ""e_arg_actor"",
            ""to"": ""e_award_arg""
          }
        ],
        ""constraint"": {
          ""and_conditions"": [
            ""r_stars"",
            {
              ""all_id"": ""e_actor"",
              ""condition"": {
                ""left"": {
                  ""count_id"": ""r_won""
                },
                ""operator"": "">"",
                ""right"": {
                  ""max_id"": {
                    ""count_id"": ""r_won_arg"",
                    ""condition"": {
                      ""and_conditions"": [
                        ""r_won_arg"",
                        {
                          ""left"": {
                            ""attribute_name"": ""nationality"",
                            ""of"": ""e_arg_actor""
                          },
                          ""operator"": ""="",
                          ""right"": ""Argentine""
                        }
                      ]
                    }
                  },
                  ""expression"": ""count_id""
                }
              }
            }
          ]
        }
      }
    ]
  ]
}
```

Wait, I must ensure the `max_id` expression is valid. The grammar says `expression: EXPRESSION`. I will use the count of the relationship.

```json
{
  ""hypotheses_set"": [
    [
      {
        ""id"": ""q1"",
        ""target"": [
          ""e_movie""
        ],
        ""entities"": [
          {
            ""id"": ""e_movie"",
            ""type"": ""Movie""
          },
          {
            ""id"": ""e_actor"",
            ""type"": ""Actor""
          },
          {
            ""id"": ""e_arg_actor"",
            ""type"": ""Actor""
          }
        ],
        ""relationships"": [
          {
            ""id"": ""r_stars"",
            ""role"": ""main_actor"",
            ""from"": ""e_actor"",
            ""to"": ""e_movie""
          },
          {
            ""id"": ""r_won"",
            ""role"": ""won"",
            ""from"": ""e_actor"",
            ""to"": ""e_award""
          },
          {
            ""id"": ""r_won_arg"",
            ""role"": ""won"",
            ""from"": ""e_arg_actor"",
            ""to"": ""e_award_arg""
          }
        ],
        ""constraint"": {
          ""and_conditions"": [
            ""r_stars"",
            {
              ""all_id"": ""e_actor"",
              ""condition"": {
                ""left"": {
                  ""count_id"": ""r_won""
                },
                ""operator"": "">"",
                ""right"": {
                  ""max_id"": {
                    ""count_id"": ""r_won_arg"",
                    "
18,Q10,Give me the movies where all the main actors have won more awards than any Argentine actor,gemma4:26b,False,0.05,589.322497,True,length,3356,0.285908,2048,586.017025,3.4948,"```json
{
  ""hypotheses_set"": [
    [
      {
        ""id"": ""q1"",
        ""target"": [
          ""e_movie""
        ],
        ""entities"": [
          {
            ""id"": ""e_movie"",
            ""type"": ""Movie""
          },
          {
            ""id"": ""e_actor"",
            ""type"": ""Actor""
          },
          {
            ""id"": ""e_award"",
            ""type"": ""Award""
          },
          {
            ""id"": ""e_argentine_actor"",
            ""type"": ""Actor""
          }
        ],
        ""relationships"": [
          {
            ""id"": ""r_stars"",
            ""role"": ""main_actor"",
            ""from"": ""e_actor"",
            ""to"": ""e_movie""
          },
          {
            ""id"": ""r_won"",
            ""role"": ""won"",
            ""from"": ""e_actor"",
            ""to"": ""e_award""
          },
          {
            ""id"": ""r_is_argentine"",
            ""role"": ""is_from"",
            ""from"": ""e_argentine_actor"",
            ""to"": ""e_country""
          }
        ],
        ""constraint"": {
          ""and_conditions"": [
            ""r_stars"",
            {
              ""all_id"": ""e_actor"",
              ""condition"": {
                ""left"": {
                  ""count_id"": ""r_won""
                },
                ""operator"": "">"",
                ""right"": {
                  ""max_id"": {
                    ""count_id"": ""r_won_arg"",
                    ""condition"": {
                      ""and_conditions"": [
                        ""r_won_arg"",
                        {
                          ""left"": {
                            ""attribute_name"": ""nationality"",
                            ""of"": ""e_argentine_actor""
                          },
                          ""operator"": ""="",
                          ""right"": ""Argentine""
                        }
                      ]
                    }
                  },
                  ""expression"": ""count_id""
                }
              }
            }
          ]
        }
      }
    ]
  ]
}
```

Wait, looking at the grammar for `MAX` and `COUNT` logic, I need to refine the comparison of ""more awards than any Argentine actor"" (which implies being greater than the maximum).

Corrected logic for the comparison:
```json
{
  ""hypothes_set"": [
    [
      {
        ""id"": ""q1"",
        ""target"": [
          ""e_movie""
        ],
        ""entities"": [
          {
            ""id"": ""e_movie"",
            ""type"": ""Movie""
          },
          {
            ""id"": ""e_actor"",
            ""type"": ""Actor""
          },
          {
            ""id"": ""e_award"",
            ""type"": ""Award""
          },
          {
            ""id"": ""e_arg_actor"",
            ""type"": ""Actor""
          }
        ],
        ""relationships"": [
          {
            ""id"": ""r_stars"",
            ""role"": ""main_actor"",
            ""from"": ""e_actor"",
            ""to"": ""e_movie""
          },
          {
            ""id"": ""r_won"",
            ""role"": ""won"",
            ""from"": ""e_actor"",
            ""to"": ""e_award""
          },
          {
            ""id"": ""r_won_arg"",
            ""role"": ""won"",
            ""from"": ""e_arg_actor"",
            ""to"": ""e_award_arg""
          }
        ],
        ""constraint"": {
          ""and_conditions"": [
            ""r_stars"",
            {
              ""all_id"": ""e_actor"",
              ""condition"": {
                ""left"": {
                  ""count_id"": ""r_won""
                },
                ""operator"": "">"",
                ""right"": {
                  ""max_id"": {
                    ""count_id"": ""r_won_arg"",
                    ""condition"": {
                      ""and_conditions"": [
                        ""r_won_arg"",
                        {
                          ""left"": {
                            ""attribute_name"": ""nationality"",
                            ""of"": ""e_arg_actor""
                          },
                          ""operator"": ""="",
                          ""right"": ""Argentine""
                        }
                      ]
                    }
                  },
                  ""expression"": ""count_id""
                }
              }
            }
          ]
        }
      }
    ]
  ]
}
```

Actually, the `MAX` expression in the grammar is `MAX := { max_id: ENTITY | RELATIONSHIP, expression: EXPRESSION, condition: CONDITION }`.

Final attempt at the correct structure:

```json
{
  ""hypotheses_set"": [
    [
      {
        ""id"": ""q1"",
        ""target"": [
          ""e_movie""
        ],
        ""entities"": [
          {
            ""id"": ""e_movie"",
            ""type"": ""Movie""
          },
          {
            ""id"": ""e_actor"",
            ""type"": ""Actor""
          },
          {
            ""id"": ""e_arg_actor"",
            ""type"": ""Actor""
          }
        ],
        ""relationships"": [
          {
            ""id"": ""r_stars"",
            ""role"": ""main_actor"",
            ""from"": ""e_actor"",
            ""to"": ""e_movie""
          },
          {
            ""id"": ""r_won"",
            ""role"": ""won"",
            ""from"": ""e_actor"",
            ""to"": ""e_award""
          },
          {
            ""id"": ""r_won_arg"",
            ""role"": ""won"",
            ""from"": ""e_arg_actor"",
            ""to"": ""e_award_arg""
          }
        ],
        ""constraint"": {
          ""and_conditions"": [
            ""r_stars"",
            {
              ""all_id"": ""e_actor"",
              ""condition"": {
                ""left"": {
                  ""count_id"": ""r_won""
                },
                ""operator"": "">"",
                ""right"": {
                  ""max_id"": {
                    ""count_id"": ""r_won_arg"",
                    ""condition"": {
                      ""and_conditions"": [
                        ""r_won_arg"",
                        {
                          ""left"": {
                            ""attribute_name"": ""nationality"",
                            ""of"": ""e_arg_actor""
                          },
                          ""operator"": ""="",
                          ""right"": ""Argentine""
                        }
                      ]
                    }
                  },
                  ""expression"": ""count_id""
                }
              }
            }
          ]
        }
      }
    ]
  ]
}
```

Wait, I must ensure `e_award` and `e_award_arg` are handled. Since they are just targets of a relationship, I don't need to declare them as entities if they aren't targets of the query, but the `count_id` refers to the relationship.

One more check: `r_won` is a relationship. `count_id` can be a relationship.

```json
{
  ""hypotheses_set"": [
    [
      {
        ""id"": ""q1"",
        ""target"": [
          ""e_movie""
        ],
        ""entities"": [
          {
            ""id"": ""e_movie"",
            ""type"": ""Movie""
          },
          {
            ""id"": ""e_actor"",
            ""type"": ""Actor""
          },
          {
            ""id"": ""e_arg_actor"",
            ""type"": ""Actor""
          }
        ],
        ""relationships"": [
          {
            ""id"": ""r_stars"",
            ""role"": ""main_actor"",
            ""from"": ""e_actor"",
            ""to"": ""e_movie""
          },
          {
            ""id"": ""r_won"",
            ""role"": ""won"",
            ""from"": ""e_actor"",
            ""to"": ""e_award""
          },
          {
            ""id"": ""r_won_arg"",
            ""role"": ""won"",
            ""from"": ""e_arg_actor"",
            ""to"": ""e_award_arg""
          }
        ],
        ""constraint"": {
          ""and_conditions"": [
            ""r_stars"",
            {
              ""all_id"": ""e_actor"",
              ""condition"": {
                ""left"
19,Q10,Give me the movies where all the main actors have won more awards than any Argentine actor,gemma4:26b,False,0.05,468.140393,True,stop,3356,0.28782,1631,465.321319,3.5051,"```json
{
  ""hypotheses_set"": [
    [
      {
        ""id"": ""q1"",
        ""target"": [
          ""e_movie""
        ],
        ""entities"": [
          {
            ""id"": ""e_movie"",
            ""type"": ""Movie""
          },
          {
            ""id"": ""e_actor"",
            ""type"": ""Actor""
          },
          {
            ""id"": ""e_award"",
            ""type"": ""Award""
          },
          {
            ""id"": ""e_argentine_actor"",
            ""type"": ""Actor""
          }
        ],
        ""relationships"": [
          {
            ""id"": ""r_stars"",
            ""role"": ""main_actor"",
            ""from"": ""e_actor"",
            ""to"": ""e_movie""
          },
          {
            ""id"": ""r_won"",
            ""role"": ""won"",
            ""from"": ""e_actor"",
            ""to"": ""e_award""
          },
          {
            ""id"": ""r_is_argentine"",
            ""role"": ""is_from"",
            ""from"": ""e_argentine_actor"",
            ""to"": ""e_country""
          }
        ],
        ""constraint"": {
          ""and_conditions"": [
            ""r_stars"",
            {
              ""all_id"": ""e_actor"",
              ""condition"": {
                ""left"": {
                  ""count_id"": ""r_won""
                },
                ""operator"": "">"",
                ""right"": {
                  ""max_id"": {
                    ""count_id"": ""r_won_arg"",
                    ""condition"": {
                      ""and_conditions"": [
                        ""r_won_arg"",
                        {
                          ""left"": {
                            ""attribute_name"": ""nationality"",
                            ""of"": ""e_argentine_actor""
                          },
                          ""operator"": ""="",
                          ""right"": ""Argentine""
                        }
                      ]
                    }
                  },
                  ""expression"": ""count_id""
                }
              }
            }
          ]
        }
      }
    ]
  ]
}
```

Wait, looking at the grammar for `MAX` and `COUNT` logic, I need to refine the comparison of ""more awards than any Argentine actor"" (which means greater than the maximum awards won by any Argentine actor).

Corrected logic for the constraint:
```json
{
  ""hypothes_set"": [
    [
      {
        ""id"": ""q1"",
        ""target"": [
          ""e_movie""
        ],
        ""entities"": [
          {
            ""id"": ""e_movie"",
            ""type"": ""Movie""
          },
          {
            ""id"": ""e_actor"",
            ""type"": ""Actor""
          },
          {
            ""id"": ""e_argentine_actor"",
            ""type"": ""Actor""
          }
        ],
        ""relationships"": [
          {
            ""id"": ""r_stars"",
            ""role"": ""main_actor"",
            ""from"": ""e_actor"",
            ""to"": ""e_movie""
          },
          {
            ""id"": ""r_won"",
            ""role"": ""won"",
            ""from"": ""e_actor"",
            ""to"": ""e_award""
          },
          {
            ""id"": ""r_won_arg"",
            ""role"": ""won"",
            ""from"": ""e_argentine_actor"",
            ""to"": ""e_award_arg""
          }
        ],
        ""constraint"": {
          ""and_conditions"": [
            ""r_stars"",
            {
              ""all_id"": ""e_actor"",
              ""condition"": {
                ""left"": {
                  ""count_id"": ""r_won""
                },
                ""operator"": "">"",
                ""right"": {
                  ""max_id"": {
                    ""count_id"": ""r_won_arg"",
                    ""condition"": {
                      ""and_conditions"": [
                        ""r_won_arg"",
                        {
                          ""left"": {
                            ""attribute_name"": ""nationality"",
                            ""of"": ""e_argentine_actor""
                          },
                          ""operator"": ""="",
                          ""right"": ""Argentine""
                        }
                      ]
                    }
                  },
                  ""expression"": ""count_id""
                }
              }
            }
          ]
        }
      }
    ]
  ]
}
```

Actually, the `MAX` expression in the grammar is `MAX := { max_id: ENTITY_ID | RELATIONSHIP_ID, expression: EXPRESSION, condition?: CONDITION }`.

Let's provide the final clean version.

```json
{
  ""hypotheses_set"": [
    [
      {
        ""id"": ""q1"",
        ""target"": [
          ""e_movie""
        ],
        ""entities"": [
          {
            ""id"": ""e_movie"",
            ""type"": ""Movie""
          },
          {
            ""id"": ""e_actor"",
            ""type"": ""Actor""
          },
          {
            ""id"": ""e_argentine_actor"",
            ""type"": ""Actor""
          }
        ],
        ""relationships"": [
          {
            ""id"": ""r_stars"",
            ""role"": ""main_actor"",
            ""from"": ""e_actor"",
            ""to"": ""e_movie""
          },
          {
            ""id"": ""r_won"",
            ""role"": ""won"",
            ""from"": ""e_actor"",
            ""to"": ""e_award""
          },
          {
            ""id"": ""r_won_arg"",
            ""role"": ""won"",
            ""from"": ""e_argentine_actor"",
            ""to"": ""e_award_arg""
          }
        ],
        ""constraint"": {
          ""and_conditions"": [
            ""r_stars"",
            {
              ""all_id"": ""e_actor"",
              ""condition"": {
                ""left"": {
                  ""count_id"": ""r_won""
                },
                ""operator"": "">"",
                ""right"": {
                  ""max_id"": {
                    ""count_id"": ""r_won_arg"",
                    ""condition"": {
                      ""and_conditions"": [
                        ""r_won_arg"",
                        {
                          ""left"": {
                            ""attribute_name"": ""nationality"",
                            ""of"": ""e_argentine_actor""
                          },
                          ""operator"": ""="",
                          ""right"": ""Argentine""
                        }
                      ]
                    }
                  },
                  ""expression"": ""count_id""
                }
              }
            }
          ]
        }
      }
    ]
  ]
}
```"
20,Q10,Give me the movies where all the main actors have won more awards than any Argentine actor,gemma4:26b,False,0.05,467.19265,True,stop,3356,0.286426,1628,464.36215,3.5059,"```json
{
  ""hypotheses_set"": [
    [
      {
        ""id"": ""q1"",
        ""target"": [
          ""e_movie""
        ],
        ""entities"": [
          {
            ""id"": ""e_movie"",
            ""type"": ""Movie""
          },
          {
            ""id"": ""e_actor"",
            ""type"": ""Actor""
          },
          {
            ""id"": ""e_award"",
            ""type"": ""Award""
          },
          {
            ""id"": ""e_argentine_actor"",
            ""type"": ""Actor""
          }
        ],
        ""relationships"": [
          {
            ""id"": ""r_stars"",
            ""role"": ""main_actor"",
            ""from"": ""e_actor"",
            ""to"": ""e_movie""
          },
          {
            ""id"": ""r_won"",
            ""role"": ""won"",
            ""from"": ""e_actor"",
            ""to"": ""e_award""
          },
          {
            ""id"": ""r_is_argentine"",
            ""role"": ""is_from"",
            ""from"": ""e_argentine_actor"",
            ""to"": ""e_country""
          }
        ],
        ""constraint"": {
          ""and_conditions"": [
            ""r_stars"",
            {
              ""all_id"": ""e_actor"",
              ""condition"": {
                ""left"": {
                  ""count_id"": ""r_won""
                },
                ""operator"": "">"",
                ""right"": {
                  ""max_id"": {
                    ""count_id"": ""r_won_arg"",
                    ""condition"": {
                      ""and_conditions"": [
                        ""r_won_arg"",
                        {
                          ""left"": {
                            ""attribute_name"": ""nationality"",
                            ""of"": ""e_argentine_actor""
                          },
                          ""operator"": ""="",
                          ""right"": ""Argentine""
                        }
                      ]
                    }
                  },
                  ""expression"": ""count_id""
                }
              }
            }
          ]
        }
      }
    ]
  ]
}
```

Wait, looking at the grammar for `MAX` and `MIN`, I need to refine the comparison logic for ""more awards than any Argentine actor"". ""More than any"" implies ""More than the maximum"".

Corrected logic:
```json
{
  ""hypothes_set"": [
    [
      {
        ""id"": ""q1"",
        ""target"": [
          ""e_movie""
        ],
        ""entities"": [
          {
            ""id"": ""e_movie"",
            ""type"": ""Movie""
          },
          {
            ""id"": ""e_actor"",
            ""type"": ""Actor""
          },
          {
            ""id"": ""e_argentine_actor"",
            ""type"": ""Actor""
          }
        ],
        ""relationships"": [
          {
            ""id"": ""r_stars"",
            ""role"": ""main_actor"",
            ""from"": ""e_actor"",
            ""to"": ""e_movie""
          },
          {
            ""id"": ""r_won"",
            ""role"": ""won"",
            ""from"": ""e_actor"",
            ""to"": ""e_award""
          },
          {
            ""id"": ""r_won_arg"",
            ""role"": ""won"",
            ""from"": ""e_argentine_actor"",
            ""to"": ""e_award""
          }
        ],
        ""constraint"": {
          ""and_conditions"": [
            ""r_stars"",
            {
              ""all_id"": ""e_actor"",
              ""condition"": {
                ""left"": {
                  ""count_id"": ""r_won""
                },
                ""operator"": "">"",
                ""right"": {
                  ""max_id"": {
                    ""count_id"": ""r_won_arg"",
                    ""condition"": {
                      ""and_conditions"": [
                        ""r_won_arg"",
                        {
                          ""left"": {
                            ""attribute_name"": ""nationality"",
                            ""of"": ""e_argentine_actor""
                          },
                          ""operator"": ""="",
                          ""right"": ""Argentine""
                        }
                      ]
                    }
                  },
                  ""expression"": ""count_id""
                }
              }
            }
          ]
        }
      }
    ]
  ]
}
```

Actually, the grammar for `MAX` is `max_id: ENTITY_ID | RELATIONSHIP_ID, expression: EXPRESSION`. I will use the `count_id` of the relationship for the Argentine actor's awards.

Final attempt at the structure:

```json
{
  ""hypotheses_set"": [
    [
      {
        ""id"": ""q1"",
        ""target"": [
          ""e_movie""
        ],
        ""entities"": [
          {
            ""id"": ""e_movie"",
            ""type"": ""Movie""
          },
          {
            ""id"": ""e_actor"",
            ""type"": ""Actor""
          },
          {
            ""id"": ""e_argentine_actor"",
            ""type"": ""Actor""
          }
        ],
        ""relationships"": [
          {
            ""id"": ""r_stars"",
            ""role"": ""main_actor"",
            ""from"": ""e_actor"",
            ""to"": ""e_movie""
          },
          {
            ""id"": ""r_won"",
            ""role"": ""won"",
            ""from"": ""e_actor"",
            ""to"": ""e_award""
          },
          {
            ""id"": ""r_won_arg"",
            ""role"": ""won"",
            ""from"": ""e_argentine_actor"",
            ""to"": ""e_award""
          }
        ],
        ""constraint"": {
          ""and_conditions"": [
            ""r_stars"",
            {
              ""all_id"": ""e_actor"",
              ""condition"": {
                ""left"": {
                  ""count_id"": ""r_won""
                },
                ""operator"": "">"",
                ""right"": {
                  ""max_id"": {
                    ""count_id"": ""r_won_arg"",
                    ""condition"": {
                      ""and_conditions"": [
                        ""r_won_arg"",
                        {
                          ""left"": {
                            ""attribute_name"": ""nationality"",
                            ""of"": ""e_argentine_actor""
                          },
                          ""operator"": ""="",
                          ""right"": ""Argentine""
                        }
                      ]
                    }
                  },
                  ""expression"": ""count_id""
                }
              }
            }
          ]
        }
      }
    ]
  ]
}
```"
21,Q10,Give me the movies where all the main actors have won more awards than any Argentine actor,gemma4:26b,False,0.05,588.795364,True,length,3356,0.288399,2048,585.480675,3.498,"```json
{
  ""hypotheses_set"": [
    [
      {
        ""id"": ""q1"",
        ""target"": [
          ""e_movie""
        ],
        ""entities"": [
          {
            ""id"": ""e_movie"",
            ""type"": ""Movie""
          },
          {
            ""id"": ""e_actor"",
            ""type"": ""Actor""
          },
          {
            ""id"": ""e_award"",
            ""type"": ""Award""
          },
          {
            ""id"": ""e_argentine_actor"",
            ""type"": ""Actor""
          }
        ],
        ""relationships"": [
          {
            ""id"": ""r_stars"",
            ""role"": ""main_actor"",
            ""from"": ""e_actor"",
            ""to"": ""e_movie""
          },
          {
            ""id"": ""r_won"",
            ""role"": ""won"",
            ""from"": ""e_actor"",
            ""to"": ""e_award""
          },
          {
            ""id"": ""r_is_argentine"",
            ""role"": ""is_from"",
            ""from"": ""e_argentine_actor"",
            ""to"": ""e_country""
          }
        ],
        ""constraint"": {
          ""and_conditions"": [
            ""r_stars"",
            {
              ""all_id"": ""e_actor"",
              ""condition"": {
                ""left"": {
                  ""count_id"": ""r_won""
                },
                ""operator"": "">"",
                ""right"": {
                  ""max_id"": {
                    ""count_id"": ""r_won_arg"",
                    ""condition"": {
                      ""and_conditions"": [
                        ""r_won_arg"",
                        {
                          ""left"": {
                            ""attribute_name"": ""nationality"",
                            ""of"": ""e_argentine_actor""
                          },
                          ""operator"": ""="",
                          ""right"": ""Argentine""
                        }
                      ]
                    }
                  },
                  ""expression"": ""count_id""
                }
              }
            }
          ]
        }
      }
    ]
  ]
}
```

Wait, looking at the grammar for `MAX` and `COUNT` logic, I need to refine the comparison of ""more awards than any Argentine actor"" (which implies being greater than the maximum).

Corrected logic for the comparison:
```json
{
  ""hypothes_set"": [
    [
      {
        ""id"": ""q1"",
        ""target"": [
          ""e_movie""
        ],
        ""entities"": [
          {
            ""id"": ""e_movie"",
            ""type"": ""Movie""
          },
          {
            ""id"": ""e_actor"",
            ""type"": ""Actor""
          },
          {
            ""id"": ""e_award"",
            ""type"": ""Award""
          },
          {
            ""id"": ""e_arg_actor"",
            ""type"": ""Actor""
          }
        ],
        ""relationships"": [
          {
            ""id"": ""r_stars"",
            ""role"": ""main_actor"",
            ""from"": ""e_actor"",
            ""to"": ""e_movie""
          },
          {
            ""id"": ""r_won"",
            ""role"": ""won"",
            ""from"": ""e_actor"",
            ""to"": ""e_award""
          },
          {
            ""id"": ""r_won_arg"",
            ""role"": ""won"",
            ""from"": ""e_arg_actor"",
            ""to"": ""e_award_arg""
          }
        ],
        ""constraint"": {
          ""and_conditions"": [
            ""r_stars"",
            {
              ""all_id"": ""e_actor"",
              ""condition"": {
                ""left"": {
                  ""count_id"": ""r_won""
                },
                ""operator"": "">"",
                ""right"": {
                  ""max_id"": {
                    ""count_id"": ""r_won_arg"",
                    ""condition"": {
                      ""and_conditions"": [
                        ""r_won_arg"",
                        {
                          ""left"": {
                            ""attribute_name"": ""nationality"",
                            ""of"": ""e_arg_actor""
                          },
                          ""operator"": ""="",
                          ""right"": ""Argentine""
                        }
                      ]
                    }
                  },
                  ""expression"": ""count_id""
                }
              }
            }
          ]
        }
      }
    ]
  ]
}
```

Actually, the `MAX` expression in the grammar is `MAX := { max_id: ENTITY | RELATIONSHIP, expression: EXPRESSION, condition: CONDITION }`.

Final attempt at the structure:

```json
{
  ""hypotheses_set"": [
    [
      {
        ""id"": ""q1"",
        ""target"": [
          ""e_movie""
        ],
        ""entities"": [
          {
            ""id"": ""e_movie"",
            ""type"": ""Movie""
          },
          {
            ""id"": ""e_actor"",
            ""type"": ""Actor""
          },
          {
            ""id"": ""e_arg_actor"",
            ""type"": ""Actor""
          }
        ],
        ""relationships"": [
          {
            ""id"": ""r_stars"",
            ""role"": ""main_actor"",
            ""from"": ""e_actor"",
            ""to"": ""e_movie""
          },
          {
            ""id"": ""r_won"",
            ""role"": ""won"",
            ""from"": ""e_actor"",
            ""to"": ""e_award""
          },
          {
            ""id"": ""r_won_arg"",
            ""role"": ""won"",
            ""from"": ""e_arg_actor"",
            ""to"": ""e_award_arg""
          }
        ],
        ""constraint"": {
          ""and_conditions"": [
            ""r_stars"",
            {
              ""all_id"": ""e_actor"",
              ""condition"": {
                ""left"": {
                  ""count_id"": ""r_won""
                },
                ""operator"": "">"",
                ""right"": {
                  ""max_id"": {
                    ""count_id"": ""r_won_arg"",
                    ""condition"": {
                      ""and_conditions"": [
                        ""r_won_arg"",
                        {
                          ""left"": {
                            ""attribute_name"": ""nationality"",
                            ""of"": ""e_arg_actor""
                          },
                          ""operator"": ""="",
                          ""right"": ""Argentine""
                        }
                      ]
                    }
                  },
                  ""expression"": ""count_id""
                }
              }
            }
          ]
        }
      }
    ]
  ]
}
```

Wait, I must ensure `e_award` and `e_award_arg` are handled correctly. Since they are just counts of relationships, I don't need them as entities if they are just targets of the relationship.

```json
{
  ""hypotheses_set"": [
    [
      {
        ""id"": ""q1"",
        ""target"": [
          ""e_movie""
        ],
        ""entities"": [
          {
            ""id"": ""e_movie"",
            ""type"": ""Movie""
          },
          {
            ""id"": ""e_actor"",
            ""type"": ""Actor""
          },
          {
            ""id"": ""e_arg_actor"",
            ""type"": ""Actor""
          }
        ],
        ""relationships"": [
          {
            ""id"": ""r_stars"",
            ""role"": ""main_actor"",
            ""from"": ""e_actor"",
            ""to"": ""e_movie""
          },
          {
            ""id"": ""r_won"",
            ""role"": ""won"",
            ""from"": ""e_actor"",
            ""to"": ""e_award""
          },
          {
            ""id"": ""r_won_arg"",
            ""role"": ""won"",
            ""from"": ""e_arg_actor"",
            ""to"": ""e_award_arg""
          }
        ],
        ""constraint"": {
          ""and_conditions"": [
            ""r_stars"",
            {
              ""all_id"": ""e_actor"",
              ""condition"": {
                ""left"": {
                  ""count_id"": ""r_won""
                },
                ""operator"": "">"",
                ""right"": {
                  ""max_id"": {
                    "
22,Q10,Give me the movies where all the main actors have won more awards than any Argentine actor,gemma4:26b,False,0.05,472.194271,True,stop,3356,0.282273,1644,469.337152,3.5028,"```json
{
  ""hypotheses_set"": [
    [
      {
        ""id"": ""q1"",
        ""target"": [
          ""e_movie""
        ],
        ""entities"": [
          {
            ""id"": ""e_movie"",
            ""type"": ""Movie""
          },
          {
            ""id"": ""e_actor"",
            ""type"": ""Actor""
          },
          {
            ""id"": ""e_award"",
            ""type"": ""Award""
          },
          {
            ""id"": ""e_argentine_actor"",
            ""type"": ""Actor""
          }
        ],
        ""relationships"": [
          {
            ""id"": ""r_stars"",
            ""role"": ""main_actor"",
            ""from"": ""e_actor"",
            ""to"": ""e_movie""
          },
          {
            ""id"": ""r_won"",
            ""role"": ""won"",
            ""from"": ""e_actor"",
            ""to"": ""e_award""
          },
          {
            ""id"": ""r_is_argentine"",
            ""role"": ""is_from"",
            ""from"": ""e_argentine_actor"",
            ""to"": ""e_country""
          }
        ],
        ""constraint"": {
          ""and_conditions"": [
            ""r_stars"",
            {
              ""all_id"": ""e_actor"",
              ""condition"": {
                ""left"": {
                  ""count_id"": ""r_won""
                },
                ""operator"": "">"",
                ""right"": {
                  ""max_id"": {
                    ""count_id"": ""r_won_arg"",
                    ""condition"": {
                      ""and_conditions"": [
                        ""r_won_arg"",
                        {
                          ""left"": {
                            ""attribute_name"": ""nationality"",
                            ""of"": ""e_argentine_actor""
                          },
                          ""operator"": ""="",
                          ""right"": ""Argentine""
                        }
                      ]
                    }
                  },
                  ""expression"": ""count_id""
                }
              }
            }
          ]
        }
      }
    ]
  ]
}
```

Wait, looking at the grammar for `MAX` and `COUNT` logic, I need to refine the comparison of ""more awards than any Argentine actor"" (which implies being greater than the maximum).

Corrected logic for the comparison:
```json
{
  ""hypothes_set"": [
    [
      {
        ""id"": ""q1"",
        ""target"": [
          ""e_movie""
        ],
        ""entities"": [
          {
            ""id"": ""e_movie"",
            ""type"": ""Movie""
          },
          {
            ""id"": ""e_actor"",
            ""type"": ""Actor""
          },
          {
            ""id"": ""e_award"",
            ""type"": ""Award""
          },
          {
            ""id"": ""e_arg_actor"",
            ""type"": ""Actor""
          }
        ],
        ""relationships"": [
          {
            ""id"": ""r_stars"",
            ""role"": ""main_actor"",
            ""from"": ""e_actor"",
            ""to"": ""e_movie""
          },
          {
            ""id"": ""r_won"",
            ""role"": ""won"",
            ""from"": ""e_actor"",
            ""to"": ""e_award""
          },
          {
            ""id"": ""r_won_arg"",
            ""role"": ""won"",
            ""from"": ""e_arg_actor"",
            ""to"": ""e_award_arg""
          }
        ],
        ""constraint"": {
          ""and_conditions"": [
            ""r_stars"",
            {
              ""all_id"": ""e_actor"",
              ""condition"": {
                ""left"": {
                  ""count_id"": ""r_won""
                },
                ""operator"": "">"",
                ""right"": {
                  ""max_id"": {
                    ""count_id"": ""r_won_arg"",
                    ""condition"": {
                      ""and_conditions"": [
                        ""r_won_arg"",
                        {
                          ""left"": {
                            ""attribute_name"": ""nationality"",
                            ""of"": ""e_arg_actor""
                          },
                          ""operator"": ""="",
                          ""right"": ""Argentine""
                        }
                      ]
                    }
                  },
                  ""expression"": ""count_id""
                }
              }
            }
          ]
        }
      }
    ]
  ]
}
```

Actually, the `MAX` definition in the grammar is `MAX := { max_id: ENTITY_ID | RELATIONSHIP_ID, expression: EXPRESSION, condition?: CONDITION }`.

Let's provide the final clean version.

```json
{
  ""hypotheses_set"": [
    [
      {
        ""id"": ""q1"",
        ""target"": [
          ""e_movie""
        ],
        ""entities"": [
          {
            ""id"": ""e_movie"",
            ""type"": ""Movie""
          },
          {
            ""id"": ""e_actor"",
            ""type"": ""Actor""
          },
          {
            ""id"": ""e_arg_actor"",
            ""type"": ""Actor""
          }
        ],
        ""relationships"": [
          {
            ""id"": ""r_stars"",
            ""role"": ""main_actor"",
            ""from"": ""e_actor"",
            ""to"": ""e_movie""
          },
          {
            ""id"": ""r_won"",
            ""role"": ""won"",
            ""from"": ""e_actor"",
            ""to"": ""e_award""
          },
          {
            ""id"": ""r_won_arg"",
            ""role"": ""won"",
            ""from"": ""e_arg_actor"",
            ""to"": ""e_award_arg""
          }
        ],
        ""constraint"": {
          ""and_conditions"": [
            ""r_stars"",
            {
              ""all_id"": ""e_actor"",
              ""condition"": {
                ""left"": {
                  ""count_id"": ""r_won""
                },
                ""operator"": "">"",
                ""right"": {
                  ""max_id"": {
                    ""count_id"": ""r_won_arg"",
                    ""condition"": {
                      ""and_conditions"": [
                        ""r_won_arg"",
                        {
                          ""left"": {
                            ""attribute_name"": ""nationality"",
                            ""of"": ""e_arg_actor""
                          },
                          ""operator"": ""="",
                          ""right"": ""Argentine""
                        }
                      ]
                    }
                  },
                  ""expression"": ""count_id""
                }
              }
            }
          ]
        }
      }
    ]
  ]
}
```"
23,Q10,Give me the movies where all the main actors have won more awards than any Argentine actor,gemma4:26b,False,0.05,473.24556,True,stop,3356,0.289321,1648,470.412598,3.5033,"```json
{
  ""hypotheses_set"": [
    [
      {
        ""id"": ""q1"",
        ""target"": [
          ""e_movie""
        ],
        ""entities"": [
          {
            ""id"": ""e_movie"",
            ""type"": ""Movie""
          },
          {
            ""id"": ""e_actor"",
            ""type"": ""Actor""
          },
          {
            ""id"": ""e_award"",
            ""type"": ""Award""
          },
          {
            ""id"": ""e_argentine_actor"",
            ""type"": ""Actor""
          }
        ],
        ""relationships"": [
          {
            ""id"": ""r_stars"",
            ""role"": ""main_actor"",
            ""from"": ""e_actor"",
            ""to"": ""e_movie""
          },
          {
            ""id"": ""r_won"",
            ""role"": ""won"",
            ""from"": ""e_actor"",
            ""to"": ""e_award""
          },
          {
            ""id"": ""r_is_argentine"",
            ""role"": ""is_from"",
            ""from"": ""e_argentine_actor"",
            ""to"": ""e_country""
          }
        ],
        ""constraint"": {
          ""and_conditions"": [
            ""r_stars"",
            {
              ""all_id"": ""e_actor"",
              ""condition"": {
                ""left"": {
                  ""count_id"": ""r_won""
                },
                ""operator"": "">"",
                ""right"": {
                  ""max_id"": {
                    ""count_id"": ""r_won_arg"",
                    ""condition"": {
                      ""and_conditions"": [
                        ""r_won_arg"",
                        {
                          ""left"": {
                            ""attribute_name"": ""nationality"",
                            ""of"": ""e_argentine_actor""
                          },
                          ""operator"": ""="",
                          ""right"": ""Argentine""
                        }
                      ]
                    }
                  },
                  ""expression"": ""count_id""
                }
              }
            }
          ]
        }
      }
    ]
  ]
}
```

Wait, looking at the grammar for `MAX` and `MIN` and the logic for ""more than any"": ""More than any"" is equivalent to ""More than the maximum"". Let me refine the `MAX` usage to be strictly compliant with the provided grammar.

```json
{
  ""hypotheses_set"": [
    [
      {
        ""id"": ""q1"",
        ""target"": [
          ""e_movie""
        ],
        ""entities"": [
          {
            ""id"": ""e_movie"",
            ""type"": ""Movie""
          },
          {
            ""id"": ""e_actor"",
            ""type"": ""Actor""
          },
          {
            ""id"": ""e_award"",
            ""type"": ""Award""
          },
          {
            ""id"": ""e_arg_actor"",
            ""type"": ""Actor""
          }
        ],
        ""relationships"": [
          {
            ""id"": ""r_stars"",
            ""role"": ""main_actor"",
            ""from"": ""e_actor"",
            ""to"": ""e_movie""
          },
          {
            ""id"": ""r_won"",
            ""role"": ""won"",
            ""from"": ""e_actor"",
            ""to"": ""e_award""
          },
          {
            ""id"": ""r_arg_won"",
            ""role"": ""won"",
            ""from"": ""e_arg_actor"",
            ""to"": ""e_award_arg""
          }
        ],
        ""constraint"": {
          ""and_conditions"": [
            ""r_stars"",
            {
              ""all_id"": ""e_actor"",
              ""condition"": {
                ""left"": {
                  ""count_id"": ""r_won""
                },
                ""operator"": "">"",
                ""right"": {
                  ""max_id"": {
                    ""count_id"": ""r_arg_won"",
                    ""condition"": {
                      ""and_conditions"": [
                        ""r_arg_won"",
                        {
                          ""left"": {
                            ""attribute_name"": ""nationality"",
                            ""of"": ""e_arg_actor""
                          },
                          ""operator"": ""="",
                          ""right"": ""Argentine""
                        }
                      ]
                    },
                    ""expression"": ""count_id""
                  }
                }
              }
            }
          ]
        }
      }
    ]
  ]
}
```

Actually, the `MAX` grammar requires an `expression`. Let's correct the `MAX` structure.

```json
{
  ""hypotheses_set"": [
    [
      {
        ""id"": ""q1"",
        ""target"": [
          ""e_movie""
        ],
        ""entities"": [
          {
            ""id"": ""e_movie"",
            ""type"": ""Movie""
          },
          {
            ""id"": ""e_actor"",
            ""type"": ""Actor""
          },
          {
            ""id"": ""e_award"",
            ""type"": ""Award""
          },
          {
            ""id"": ""e_arg_actor"",
            ""type"": ""Actor""
          }
        ],
        ""relationships"": [
          {
            ""id"": ""r_stars"",
            ""role"": ""main_actor"",
            ""from"": ""e_actor"",
            ""to"": ""e_movie""
          },
          {
            ""id"": ""r_won"",
            ""role"": ""won"",
            ""from"": ""e_actor"",
            ""to"": ""e_award""
          },
          {
            ""id"": ""r_arg_won"",
            ""role"": ""won"",
            ""from"": ""e_arg_actor"",
            ""to"": ""e_award_arg""
          }
        ],
        ""constraint"": {
          ""and_conditions"": [
            ""r_stars"",
            {
              ""all_id"": ""e_actor"",
              ""condition"": {
                ""left"": {
                  ""count_id"": ""r_won""
                },
                ""operator"": "">"",
                ""right"": {
                  ""max_id"": {
                    ""count_id"": ""r_arg_won"",
                    ""condition"": {
                      ""and_conditions"": [
                        ""r_arg_won"",
                        {
                          ""left"": {
                            ""attribute_name"": ""nationality"",
                            ""of"": ""e_arg_actor""
                          },
                          ""operator"": ""="",
                          ""right"": ""Argentine""
                        }
                      ]
                    },
                    ""expression"": ""count_id""
                  }
                }
              }
            }
          ]
        }
      }
    ]
  ]
}
```"
24,Q10,Give me the movies where all the main actors have won more awards than any Argentine actor,gemma4:26b,False,0.05,588.549472,True,length,3356,0.290056,2048,585.247896,3.4994,"```json
{
  ""hypotheses_set"": [
    [
      {
        ""id"": ""q1"",
        ""target"": [
          ""e_movie""
        ],
        ""entities"": [
          {
            ""id"": ""e_movie"",
            ""type"": ""Movie""
          },
          {
            ""id"": ""e_actor"",
            ""type"": ""Actor""
          },
          {
            ""id"": ""e_award"",
            ""type"": ""Award""
          },
          {
            ""id"": ""e_argentine_actor"",
            ""type"": ""Actor""
          }
        ],
        ""relationships"": [
          {
            ""id"": ""r_stars"",
            ""role"": ""main_actor"",
            ""from"": ""e_actor"",
            ""to"": ""e_movie""
          },
          {
            ""id"": ""r_won"",
            ""role"": ""won"",
            ""from"": ""e_actor"",
            ""to"": ""e_award""
          },
          {
            ""id"": ""r_is_argentine"",
            ""role"": ""is_from"",
            ""from"": ""e_argentine_actor"",
            ""to"": ""e_country""
          }
        ],
        ""constraint"": {
          ""and_conditions"": [
            ""r_stars"",
            {
              ""all_id"": ""e_actor"",
              ""condition"": {
                ""left"": {
                  ""count_id"": ""r_won""
                },
                ""operator"": "">"",
                ""right"": {
                  ""max_id"": {
                    ""count_id"": ""r_won_arg"",
                    ""condition"": {
                      ""and_conditions"": [
                        ""r_won_arg"",
                        {
                          ""left"": {
                            ""attribute_name"": ""nationality"",
                            ""of"": ""e_argentine_actor""
                          },
                          ""operator"": ""="",
                          ""right"": ""Argentine""
                        }
                      ]
                    }
                  },
                  ""expression"": ""count_id""
                }
              }
            }
          ]
        }
      }
    ]
  ]
}
```

Wait, looking at the grammar for `MAX` and `MIN` and the logic for ""more than any"": ""More than any"" is equivalent to ""More than the maximum"". Let me refine the `MAX` usage to be strictly compliant with the provided grammar.

```json
{
  ""hypotheses_set"": [
    [
      {
        ""id"": ""q1"",
        ""target"": [
          ""e_movie""
        ],
        ""entities"": [
          {
            ""id"": ""e_movie"",
            ""type"": ""Movie""
          },
          {
            ""id"": ""e_actor"",
            ""type"": ""Actor""
          },
          {
            ""id"": ""e_award"",
            ""type"": ""Award""
          },
          {
            ""id"": ""e_argentine_actor"",
            ""type"": ""Actor""
          }
        ],
        ""relationships"": [
          {
            ""id"": ""r_stars"",
            ""role"": ""main_actor"",
            ""from"": ""e_actor"",
            ""to"": ""e_movie""
          },
          {
            ""id"": ""r_won"",
            ""role"": ""won"",
            ""from"": ""e_actor"",
            ""to"": ""e_award""
          },
          {
            ""id"": ""r_arg_won"",
            ""role"": ""won"",
            ""from"": ""e_argentine_actor"",
            ""to"": ""e_award_arg""
          }
        ],
        ""constraint"": {
          ""and_conditions"": [
            ""r_stars"",
            {
              ""all_id"": ""e_actor"",
              ""condition"": {
                ""left"": {
                  ""count_id"": ""r_won""
                },
                ""operator"": "">"",
                ""right"": {
                  ""max_id"": {
                    ""count_id"": ""r_arg_won"",
                    ""condition"": {
                      ""and_conditions"": [
                        ""r_arg_won"",
                        {
                          ""left"": {
                            ""attribute_name"": ""nationality"",
                            ""of"": ""e_argentine_actor""
                          },
                          ""operator"": ""="",
                          ""right"": ""Argentine""
                        }
                      ]
                    }
                  },
                  ""expression"": ""count_id""
                }
              }
            }
          ]
        }
      }
    ]
  ]
}
```

Actually, the `MAX` definition in the grammar is `MAX := { max_id: ENTITY | RELATIONSHIP, expression: EXPRESSION, condition?: CONDITION }`. The `expression` should be the value being maximized.

Corrected version:

```json
{
  ""hypotheses_set"": [
    [
      {
        ""id"": ""q1"",
        ""target"": [
          ""e_movie""
        ],
        ""entities"": [
          {
            ""id"": ""e_movie"",
            ""type"": ""Movie""
          },
          {
            ""id"": ""e_actor"",
            ""type"": ""Actor""
          },
          {
            ""id"": ""e_award"",
            ""type"": ""Award""
          },
          {
            ""id"": ""e_argentine_actor"",
            ""type"": ""Actor""
          }
        ],
        ""relationships"": [
          {
            ""id"": ""r_stars"",
            ""role"": ""main_actor"",
            ""from"": ""e_actor"",
            ""to"": ""e_movie""
          },
          {
            ""id"": ""r_won"",
            ""role"": ""won"",
            ""from"": ""e_actor"",
            ""to"": ""e_award""
          },
          {
            ""id"": ""r_arg_won"",
            ""role"": ""won"",
            ""from"": ""e_argentine_actor"",
            ""to"": ""e_award_arg""
          }
        ],
        ""constraint"": {
          ""and_conditions"": [
            ""r_stars"",
            {
              ""all_id"": ""e_actor"",
              ""condition"": {
                ""left"": {
                  ""count_id"": ""r_won""
                },
                ""operator"": "">"",
                ""right"": {
                  ""max_id"": {
                    ""count_id"": ""r_arg_won"",
                    ""expression"": ""count_id"",
                    ""condition"": {
                      ""and_conditions"": [
                        ""r_arg_won"",
                        {
                          ""left"": {
                            ""attribute_name"": ""nationality"",
                            ""of"": ""e_argentine_actor""
                          },
                          ""operator"": ""="",
                          ""right"": ""Argentine""
                        }
                      ]
                    }
                  },
                  ""expression"": ""count_id""
                }
              }
            }
          ]
        }
      }
    ]
  ]
}
```

Wait, the `MAX` grammar says `expression: EXPRESSION`. If I want to maximize the count, the expression is the count itself. Let's clean this up to be as simple and valid as possible.

```json
{
  ""hypotheses_set"": [
    [
      {
        ""id"": ""q1"",
        ""target"": [
          ""e_movie""
        ],
        ""entities"": [
          {
            ""id"": ""e_movie"",
            ""type"": ""Movie""
          },
          {
            ""id"": ""e_actor"",
            ""type"": ""Actor""
          },
          {
            ""id"": ""e_award"",
            ""type"": ""Award""
          },
          {
            ""id"": ""e_argentine_actor"",
            ""type"": ""Actor""
          }
        ],
        ""relationships"": [
          {
            ""id"": ""r_stars"",
            ""role"": ""main_actor"",
            ""from"": ""e_actor"",
            ""to"": ""e_movie""
          },
          {
            ""id"": ""r_won"",
            ""role"": ""won"",
            ""from"": ""e_actor"",
            ""to"": ""e_award""
          },
          {
            ""id"": ""r_arg_won"",
            ""role"": ""won"",
            ""from"": ""e_argentine_actor"",
            ""to"": ""e_award_arg""
          }
        ],
        ""constraint"": {
"
25,Q10,Give me the movies where all the main actors have won more awards than any Argentine actor,gemma4:26b,False,0.05,464.147992,True,stop,3356,0.289427,1617,461.379278,3.5047,"```json
{
  ""hypotheses_set"": [
    [
      {
        ""id"": ""q1"",
        ""target"": [
          ""e_movie""
        ],
        ""entities"": [
          {
            ""id"": ""e_movie"",
            ""type"": ""Movie""
          },
          {
            ""id"": ""e_actor"",
            ""type"": ""Actor""
          },
          {
            ""id"": ""e_award"",
            ""type"": ""Award""
          },
          {
            ""id"": ""e_argentine_actor"",
            ""type"": ""Actor""
          }
        ],
        ""relationships"": [
          {
            ""id"": ""r_stars"",
            ""role"": ""main_actor"",
            ""from"": ""e_actor"",
            ""to"": ""e_movie""
          },
          {
            ""id"": ""r_won"",
            ""role"": ""won"",
            ""from"": ""e_actor"",
            ""to"": ""e_award""
          },
          {
            ""id"": ""r_is_argentine"",
            ""role"": ""is_from"",
            ""from"": ""e_argentine_actor"",
            ""to"": ""e_country""
          }
        ],
        ""constraint"": {
          ""and_conditions"": [
            ""r_stars"",
            {
              ""all_id"": ""e_actor"",
              ""condition"": {
                ""left"": {
                  ""count_id"": ""r_won""
                },
                ""operator"": "">"",
                ""right"": {
                  ""max_id"": {
                    ""count_id"": ""r_won_arg"",
                    ""condition"": {
                      ""and_conditions"": [
                        ""r_won_arg"",
                        {
                          ""left"": {
                            ""attribute_name"": ""nationality"",
                            ""of"": ""e_argentine_actor""
                          },
                          ""operator"": ""="",
                          ""right"": ""Argentine""
                        }
                      ]
                    }
                  },
                  ""expression"": ""count_id""
                }
              }
            }
          ]
        }
      }
    ]
  ]
}
```

Wait, looking at the grammar for `MAX` and `MIN`, I need to refine the comparison logic for ""more awards than any Argentine actor"". ""More than any"" implies ""More than the maximum"".

Corrected logic:
```json
{
  ""hypothes_set"": [
    [
      {
        ""id"": ""q1"",
        ""target"": [
          ""e_movie""
        ],
        ""entities"": [
          {
            ""id"": ""e_movie"",
            ""type"": ""Movie""
          },
          {
            ""id"": ""e_actor"",
            ""type"": ""Actor""
          },
          {
            ""id"": ""e_argentine_actor"",
            ""type"": ""Actor""
          }
        ],
        ""relationships"": [
          {
            ""id"": ""r_stars"",
            ""role"": ""main_actor"",
            ""from"": ""e_actor"",
            ""to"": ""e_movie""
          },
          {
            ""id"": ""r_won"",
            ""role"": ""won"",
            ""from"": ""e_actor"",
            ""to"": ""e_award""
          },
          {
            ""id"": ""r_won_arg"",
            ""role"": ""won"",
            ""from"": ""e_argentine_actor"",
            ""to"": ""e_award""
          }
        ],
        ""constraint"": {
          ""and_conditions"": [
            ""r_stars"",
            {
              ""all_id"": ""e_actor"",
              ""condition"": {
                ""left"": {
                  ""count_id"": ""r_won""
                },
                ""operator"": "">"",
                ""right"": {
                  ""max_id"": {
                    ""count_id"": ""r_won_arg"",
                    ""condition"": {
                      ""and_conditions"": [
                        ""r_won_arg"",
                        {
                          ""left"": {
                            ""attribute_name"": ""nationality"",
                            ""of"": ""e_argentine_actor""
                          },
                          ""operator"": ""="",
                          ""right"": ""Argentine""
                        }
                      ]
                    }
                  },
                  ""expression"": ""count_id""
                }
              }
            }
          ]
        }
      }
    ]
  ]
}
```

Actually, the `MAX` expression in the grammar is `MAX := { max_id: ENTITY | RELATIONSHIP, expression: EXPRESSION, condition: CONDITION }`.

Let's provide the final clean version.

```json
{
  ""hypotheses_set"": [
    [
      {
        ""id"": ""q1"",
        ""target"": [
          ""e_movie""
        ],
        ""entities"": [
          {
            ""id"": ""e_movie"",
            ""type"": ""Movie""
          },
          {
            ""id"": ""e_actor"",
            ""type"": ""Actor""
          },
          {
            ""id"": ""e_argentine_actor"",
            ""type"": ""Actor""
          }
        ],
        ""relationships"": [
          {
            ""id"": ""r_stars"",
            ""role"": ""main_actor"",
            ""from"": ""e_actor"",
            ""to"": ""e_movie""
          },
          {
            ""id"": ""r_won"",
            ""role"": ""won"",
            ""from"": ""e_actor"",
            ""to"": ""e_award""
          },
          {
            ""id"": ""r_won_arg"",
            ""role"": ""won"",
            ""from"": ""e_argentine_actor"",
            ""to"": ""e_award""
          }
        ],
        ""constraint"": {
          ""and_conditions"": [
            ""r_stars"",
            {
              ""all_id"": ""e_actor"",
              ""condition"": {
                ""left"": {
                  ""count_id"": ""r_won""
                },
                ""operator"": "">"",
                ""right"": {
                  ""max_id"": {
                    ""count_id"": ""r_won_arg"",
                    ""condition"": {
                      ""and_conditions"": [
                        ""r_won_arg"",
                        {
                          ""left"": {
                            ""attribute_name"": ""nationality"",
                            ""of"": ""e_argentine_actor""
                          },
                          ""operator"": ""="",
                          ""right"": ""Argentine""
                        }
                      ]
                    }
                  },
                  ""expression"": ""count_id""
                }
              }
            }
          ]
        }
      }
    ]
  ]
}
```"
26,Q10,Give me the movies where all the main actors have won more awards than any Argentine actor,gemma4:26b,False,0.05,472.195092,True,stop,3356,0.287085,1644,469.34608,3.5027,"```json
{
  ""hypotheses_set"": [
    [
      {
        ""id"": ""q1"",
        ""target"": [
          ""e_movie""
        ],
        ""entities"": [
          {
            ""id"": ""e_movie"",
            ""type"": ""Movie""
          },
          {
            ""id"": ""e_actor"",
            ""type"": ""Actor""
          },
          {
            ""id"": ""e_award"",
            ""type"": ""Award""
          },
          {
            ""id"": ""e_argentine_actor"",
            ""type"": ""Actor""
          }
        ],
        ""relationships"": [
          {
            ""id"": ""r_stars"",
            ""role"": ""main_actor"",
            ""from"": ""e_actor"",
            ""to"": ""e_movie""
          },
          {
            ""id"": ""r_won"",
            ""role"": ""won"",
            ""from"": ""e_actor"",
            ""to"": ""e_award""
          },
          {
            ""id"": ""r_is_argentine"",
            ""role"": ""is_from"",
            ""from"": ""e_argentine_actor"",
            ""to"": ""e_country""
          }
        ],
        ""constraint"": {
          ""and_conditions"": [
            ""r_stars"",
            {
              ""all_id"": ""e_actor"",
              ""condition"": {
                ""left"": {
                  ""count_id"": ""r_won""
                },
                ""operator"": "">"",
                ""right"": {
                  ""max_id"": {
                    ""count_id"": ""r_won_arg"",
                    ""condition"": {
                      ""and_conditions"": [
                        ""r_won_arg"",
                        {
                          ""left"": {
                            ""attribute_name"": ""nationality"",
                            ""of"": ""e_argentine_actor""
                          },
                          ""operator"": ""="",
                          ""right"": ""Argentine""
                        }
                      ]
                    }
                  },
                  ""expression"": ""count_id""
                }
              }
            }
          ]
        }
      }
    ]
  ]
}
```

Wait, looking at the grammar for `MAX` and `COUNT` logic, I need to refine the comparison of ""more awards than any Argentine actor"" (which implies being greater than the maximum).

Corrected logic for the comparison:
```json
{
  ""hypothes_set"": [
    [
      {
        ""id"": ""q1"",
        ""target"": [
          ""e_movie""
        ],
        ""entities"": [
          {
            ""id"": ""e_movie"",
            ""type"": ""Movie""
          },
          {
            ""id"": ""e_actor"",
            ""type"": ""Actor""
          },
          {
            ""id"": ""e_award"",
            ""type"": ""Award""
          },
          {
            ""id"": ""e_arg_actor"",
            ""type"": ""Actor""
          }
        ],
        ""relationships"": [
          {
            ""id"": ""r_stars"",
            ""role"": ""main_actor"",
            ""from"": ""e_actor"",
            ""to"": ""e_movie""
          },
          {
            ""id"": ""r_won"",
            ""role"": ""won"",
            ""from"": ""e_actor"",
            ""to"": ""e_award""
          },
          {
            ""id"": ""r_won_arg"",
            ""role"": ""won"",
            ""from"": ""e_arg_actor"",
            ""to"": ""e_award_arg""
          }
        ],
        ""constraint"": {
          ""and_conditions"": [
            ""r_stars"",
            {
              ""all_id"": ""e_actor"",
              ""condition"": {
                ""left"": {
                  ""count_id"": ""r_won""
                },
                ""operator"": "">"",
                ""right"": {
                  ""max_id"": {
                    ""count_id"": ""r_won_arg"",
                    ""condition"": {
                      ""and_conditions"": [
                        ""r_won_arg"",
                        {
                          ""left"": {
                            ""attribute_name"": ""nationality"",
                            ""of"": ""e_arg_actor""
                          },
                          ""operator"": ""="",
                          ""right"": ""Argentine""
                        }
                      ]
                    }
                  },
                  ""expression"": ""count_id""
                }
              }
            }
          ]
        }
      }
    ]
  ]
}
```

Actually, the `MAX` definition in the grammar is `MAX := { max_id: ENTITY_ID | RELATIONSHIP_ID, expression: EXPRESSION, condition?: CONDITION }`.

Let's provide the final clean version.

```json
{
  ""hypotheses_set"": [
    [
      {
        ""id"": ""q1"",
        ""target"": [
          ""e_movie""
        ],
        ""entities"": [
          {
            ""id"": ""e_movie"",
            ""type"": ""Movie""
          },
          {
            ""id"": ""e_actor"",
            ""type"": ""Actor""
          },
          {
            ""id"": ""e_arg_actor"",
            ""type"": ""Actor""
          }
        ],
        ""relationships"": [
          {
            ""id"": ""r_stars"",
            ""role"": ""main_actor"",
            ""from"": ""e_actor"",
            ""to"": ""e_movie""
          },
          {
            ""id"": ""r_won"",
            ""role"": ""won"",
            ""from"": ""e_actor"",
            ""to"": ""e_award""
          },
          {
            ""id"": ""r_won_arg"",
            ""role"": ""won"",
            ""from"": ""e_arg_actor"",
            ""to"": ""e_award_arg""
          }
        ],
        ""constraint"": {
          ""and_conditions"": [
            ""r_stars"",
            {
              ""all_id"": ""e_actor"",
              ""condition"": {
                ""left"": {
                  ""count_id"": ""r_won""
                },
                ""operator"": "">"",
                ""right"": {
                  ""max_id"": {
                    ""count_id"": ""r_won_arg"",
                    ""condition"": {
                      ""and_conditions"": [
                        ""r_won_arg"",
                        {
                          ""left"": {
                            ""attribute_name"": ""nationality"",
                            ""of"": ""e_arg_actor""
                          },
                          ""operator"": ""="",
                          ""right"": ""Argentine""
                        }
                      ]
                    }
                  },
                  ""expression"": ""count_id""
                }
              }
            }
          ]
        }
      }
    ]
  ]
}
```"
27,Q10,Give me the movies where all the main actors have won more awards than any Argentine actor,gemma4:26b,False,0.05,472.060325,True,stop,3356,0.288283,1644,468.999318,3.5053,"```json
{
  ""hypotheses_set"": [
    [
      {
        ""id"": ""q1"",
        ""target"": [
          ""e_movie""
        ],
        ""entities"": [
          {
            ""id"": ""e_movie"",
            ""type"": ""Movie""
          },
          {
            ""id"": ""e_actor"",
            ""type"": ""Actor""
          },
          {
            ""id"": ""e_award"",
            ""type"": ""Award""
          },
          {
            ""id"": ""e_argentine_actor"",
            ""type"": ""Actor""
          }
        ],
        ""relationships"": [
          {
            ""id"": ""r_stars"",
            ""role"": ""main_actor"",
            ""from"": ""e_actor"",
            ""to"": ""e_movie""
          },
          {
            ""id"": ""r_won"",
            ""role"": ""won"",
            ""from"": ""e_actor"",
            ""to"": ""e_award""
          },
          {
            ""id"": ""r_is_argentine"",
            ""role"": ""is_from"",
            ""from"": ""e_argentine_actor"",
            ""to"": ""e_country""
          }
        ],
        ""constraint"": {
          ""and_conditions"": [
            ""r_stars"",
            {
              ""all_id"": ""e_actor"",
              ""condition"": {
                ""left"": {
                  ""count_id"": ""r_won""
                },
                ""operator"": "">"",
                ""right"": {
                  ""max_id"": {
                    ""count_id"": ""r_won_arg"",
                    ""condition"": {
                      ""and_conditions"": [
                        ""r_won_arg"",
                        {
                          ""left"": {
                            ""attribute_name"": ""nationality"",
                            ""of"": ""e_argentine_actor""
                          },
                          ""operator"": ""="",
                          ""right"": ""Argentine""
                        }
                      ]
                    }
                  },
                  ""expression"": ""count_id""
                }
              }
            }
          ]
        }
      }
    ]
  ]
}
```

Wait, looking at the grammar for `MAX` and `COUNT` logic, I need to refine the comparison of ""more awards than any Argentine actor"" (which implies being greater than the maximum).

Corrected logic for the comparison:
```json
{
  ""hypothes_set"": [
    [
      {
        ""id"": ""q1"",
        ""target"": [
          ""e_movie""
        ],
        ""entities"": [
          {
            ""id"": ""e_movie"",
            ""type"": ""Movie""
          },
          {
            ""id"": ""e_actor"",
            ""type"": ""Actor""
          },
          {
            ""id"": ""e_award"",
            ""type"": ""Award""
          },
          {
            ""id"": ""e_arg_actor"",
            ""type"": ""Actor""
          }
        ],
        ""relationships"": [
          {
            ""id"": ""r_stars"",
            ""role"": ""main_actor"",
            ""from"": ""e_actor"",
            ""to"": ""e_movie""
          },
          {
            ""id"": ""r_won"",
            ""role"": ""won"",
            ""from"": ""e_actor"",
            ""to"": ""e_award""
          },
          {
            ""id"": ""r_won_arg"",
            ""role"": ""won"",
            ""from"": ""e_arg_actor"",
            ""to"": ""e_award_arg""
          }
        ],
        ""constraint"": {
          ""and_conditions"": [
            ""r_stars"",
            {
              ""all_id"": ""e_actor"",
              ""condition"": {
                ""left"": {
                  ""count_id"": ""r_won""
                },
                ""operator"": "">"",
                ""right"": {
                  ""max_id"": {
                    ""count_id"": ""r_won_arg"",
                    ""condition"": {
                      ""and_conditions"": [
                        ""r_won_arg"",
                        {
                          ""left"": {
                            ""attribute_name"": ""nationality"",
                            ""of"": ""e_arg_actor""
                          },
                          ""operator"": ""="",
                          ""right"": ""Argentine""
                        }
                      ]
                    }
                  },
                  ""expression"": ""count_id""
                }
              }
            }
          ]
        }
      }
    ]
  ]
}
```

Actually, the `MAX` definition in the grammar is `MAX := { max_id: ENTITY_ID | RELATIONSHIP_ID, expression: EXPRESSION, condition?: CONDITION }`.

Let's provide the final clean version.

```json
{
  ""hypotheses_set"": [
    [
      {
        ""id"": ""q1"",
        ""target"": [
          ""e_movie""
        ],
        ""entities"": [
          {
            ""id"": ""e_movie"",
            ""type"": ""Movie""
          },
          {
            ""id"": ""e_actor"",
            ""type"": ""Actor""
          },
          {
            ""id"": ""e_arg_actor"",
            ""type"": ""Actor""
          }
        ],
        ""relationships"": [
          {
            ""id"": ""r_stars"",
            ""role"": ""main_actor"",
            ""from"": ""e_actor"",
            ""to"": ""e_movie""
          },
          {
            ""id"": ""r_won"",
            ""role"": ""won"",
            ""from"": ""e_actor"",
            ""to"": ""e_award""
          },
          {
            ""id"": ""r_won_arg"",
            ""role"": ""won"",
            ""from"": ""e_arg_actor"",
            ""to"": ""e_award_arg""
          }
        ],
        ""constraint"": {
          ""and_conditions"": [
            ""r_stars"",
            {
              ""all_id"": ""e_actor"",
              ""condition"": {
                ""left"": {
                  ""count_id"": ""r_won""
                },
                ""operator"": "">"",
                ""right"": {
                  ""max_id"": {
                    ""count_id"": ""r_won_arg"",
                    ""condition"": {
                      ""and_conditions"": [
                        ""r_won_arg"",
                        {
                          ""left"": {
                            ""attribute_name"": ""nationality"",
                            ""of"": ""e_arg_actor""
                          },
                          ""operator"": ""="",
                          ""right"": ""Argentine""
                        }
                      ]
                    }
                  },
                  ""expression"": ""count_id""
                }
              }
            }
          ]
        }
      }
    ]
  ]
}
```"
28,Q10,Give me the movies where all the main actors have won more awards than any Argentine actor,gemma4:26b,False,0.05,589.491844,True,length,3356,0.282072,2048,586.191447,3.4937,"```json
{
  ""hypotheses_set"": [
    [
      {
        ""id"": ""q1"",
        ""target"": [
          ""e_movie""
        ],
        ""entities"": [
          {
            ""id"": ""e_movie"",
            ""type"": ""Movie""
          },
          {
            ""id"": ""e_actor"",
            ""type"": ""Actor""
          },
          {
            ""id"": ""e_award"",
            ""type"": ""Award""
          },
          {
            ""id"": ""e_argentine_actor"",
            ""type"": ""Actor""
          }
        ],
        ""relationships"": [
          {
            ""id"": ""r_stars"",
            ""role"": ""main_actor"",
            ""from"": ""e_actor"",
            ""to"": ""e_movie""
          },
          {
            ""id"": ""r_won"",
            ""role"": ""won"",
            ""from"": ""e_actor"",
            ""to"": ""e_award""
          },
          {
            ""id"": ""r_is_argentine"",
            ""role"": ""is_from"",
            ""from"": ""e_argentine_actor"",
            ""to"": ""e_country""
          }
        ],
        ""constraint"": {
          ""and_conditions"": [
            ""r_stars"",
            {
              ""all_id"": ""e_actor"",
              ""condition"": {
                ""left"": {
                  ""count_id"": ""r_won""
                },
                ""operator"": "">"",
                ""right"": {
                  ""max_id"": {
                    ""count_id"": ""r_won_arg"",
                    ""condition"": {
                      ""and_conditions"": [
                        ""r_won_arg"",
                        {
                          ""left"": {
                            ""attribute_name"": ""nationality"",
                            ""of"": ""e_argentine_actor""
                          },
                          ""operator"": ""="",
                          ""right"": ""Argentine""
                        }
                      ]
                    }
                  },
                  ""expression"": ""count_id""
                }
              }
            }
          ]
        }
      }
    ]
  ]
}
```

Wait, looking at the grammar for `MAX` and `MIN` and the logic for ""more than any"": ""More than any"" is equivalent to ""More than the maximum"". Let me refine the `MAX` usage to be strictly compliant with the provided grammar.

```json
{
  ""hypotheses_set"": [
    [
      {
        ""id"": ""q1"",
        ""target"": [
          ""e_movie""
        ],
        ""entities"": [
          {
            ""id"": ""e_movie"",
            ""type"": ""Movie""
          },
          {
            ""id"": ""e_actor"",
            ""type"": ""Actor""
          },
          {
            ""id"": ""e_award"",
            ""type"": ""Award""
          },
          {
            ""id"": ""e_argentine_actor"",
            ""type"": ""Actor""
          }
        ],
        ""relationships"": [
          {
            ""id"": ""r_stars"",
            ""role"": ""main_actor"",
            ""from"": ""e_actor"",
            ""to"": ""e_movie""
          },
          {
            ""id"": ""r_won"",
            ""role"": ""won"",
            ""from"": ""e_actor"",
            ""to"": ""e_award""
          },
          {
            ""id"": ""r_arg_won"",
            ""role"": ""won"",
            ""from"": ""e_argentine_actor"",
            ""to"": ""e_award_arg""
          }
        ],
        ""constraint"": {
          ""and_conditions"": [
            ""r_stars"",
            {
              ""all_id"": ""e_actor"",
              ""condition"": {
                ""left"": {
                  ""count_id"": ""r_won""
                },
                ""operator"": "">"",
                ""right"": {
                  ""max_id"": {
                    ""count_id"": ""r_arg_won"",
                    ""condition"": {
                      ""and_conditions"": [
                        ""r_arg_won"",
                        {
                          ""left"": {
                            ""attribute_name"": ""nationality"",
                            ""of"": ""e_argentine_actor""
                          },
                          ""operator"": ""="",
                          ""right"": ""Argentine""
                        }
                      ]
                    }
                  },
                  ""expression"": ""count_id""
                }
              }
            }
          ]
        }
      }
    ]
  ]
}
```

Actually, the `MAX` definition in the grammar is `MAX := { max_id: ENTITY | RELATIONSHIP, expression: EXPRESSION, condition?: CONDITION }`. The `expression` should be the value being maximized.

Corrected version:

```json
{
  ""hypotheses_set"": [
    [
      {
        ""id"": ""q1"",
        ""target"": [
          ""e_movie""
        ],
        ""entities"": [
          {
            ""id"": ""e_movie"",
            ""type"": ""Movie""
          },
          {
            ""id"": ""e_actor"",
            ""type"": ""Actor""
          },
          {
            ""id"": ""e_award"",
            ""type"": ""Award""
          },
          {
            ""id"": ""e_argentine_actor"",
            ""type"": ""Actor""
          }
        ],
        ""relationships"": [
          {
            ""id"": ""r_stars"",
            ""role"": ""main_actor"",
            ""from"": ""e_actor"",
            ""to"": ""e_movie""
          },
          {
            ""id"": ""r_won"",
            ""role"": ""won"",
            ""from"": ""e_actor"",
            ""to"": ""e_award""
          },
          {
            ""id"": ""r_arg_won"",
            ""role"": ""won"",
            ""from"": ""e_argentine_actor"",
            ""to"": ""e_award_arg""
          }
        ],
        ""constraint"": {
          ""and_conditions"": [
            ""r_stars"",
            {
              ""all_id"": ""e_actor"",
              ""condition"": {
                ""left"": {
                  ""count_id"": ""r_won""
                },
                ""operator"": "">"",
                ""right"": {
                  ""max_id"": {
                    ""count_id"": ""r_arg_won"",
                    ""expression"": ""count_id"",
                    ""condition"": {
                      ""and_conditions"": [
                        ""r_arg_won"",
                        {
                          ""left"": {
                            ""attribute_name"": ""nationality"",
                            ""of"": ""e_argentine_actor""
                          },
                          ""operator"": ""="",
                          ""right"": ""Argentine""
                        }
                      ]
                    }
                  },
                  ""expression"": ""count_id""
                }
              }
            }
          ]
        }
      }
    ]
  ]
}
```

Wait, the `MAX` grammar says `expression: EXPRESSION`. If I want to maximize the count, the expression is the count itself. Let's clean this up to be as simple and valid as possible.

```json
{
  ""hypotheses_set"": [
    [
      {
        ""id"": ""q1"",
        ""target"": [
          ""e_movie""
        ],
        ""entities"": [
          {
            ""id"": ""e_movie"",
            ""type"": ""Movie""
          },
          {
            ""id"": ""e_actor"",
            ""type"": ""Actor""
          },
          {
            ""id"": ""e_award"",
            ""type"": ""Award""
          },
          {
            ""id"": ""e_argentine_actor"",
            ""type"": ""Actor""
          }
        ],
        ""relationships"": [
          {
            ""id"": ""r_stars"",
            ""role"": ""main_actor"",
            ""from"": ""e_actor"",
            ""to"": ""e_movie""
          },
          {
            ""id"": ""r_won"",
            ""role"": ""won"",
            ""from"": ""e_actor"",
            ""to"": ""e_award""
          },
          {
            ""id"": ""r_arg_won"",
            ""role"": ""won"",
            ""from"": ""e_argentine_actor"",
            ""to"": ""e_award_arg""
          }
        ],
        ""constraint"": {
"
29,Q10,Give me the movies where all the main actors have won more awards than any Argentine actor,gemma4:26b,False,0.05,589.320549,True,length,3356,0.286996,2048,585.974037,3.495,"```json
{
  ""hypotheses_set"": [
    [
      {
        ""id"": ""q1"",
        ""target"": [
          ""e_movie""
        ],
        ""entities"": [
          {
            ""id"": ""e_movie"",
            ""type"": ""Movie""
          },
          {
            ""id"": ""e_actor"",
            ""type"": ""Actor""
          },
          {
            ""id"": ""e_award"",
            ""type"": ""Award""
          },
          {
            ""id"": ""e_argentine_actor"",
            ""type"": ""Actor""
          }
        ],
        ""relationships"": [
          {
            ""id"": ""r_stars"",
            ""role"": ""main_actor"",
            ""from"": ""e_actor"",
            ""to"": ""e_movie""
          },
          {
            ""id"": ""r_won"",
            ""role"": ""won"",
            ""from"": ""e_actor"",
            ""to"": ""e_award""
          },
          {
            ""id"": ""r_is_argentine"",
            ""role"": ""is_from"",
            ""from"": ""e_argentine_actor"",
            ""to"": ""e_country""
          }
        ],
        ""constraint"": {
          ""and_conditions"": [
            ""r_stars"",
            {
              ""all_id"": ""e_actor"",
              ""condition"": {
                ""left"": {
                  ""count_id"": ""r_won""
                },
                ""operator"": "">"",
                ""right"": {
                  ""max_id"": {
                    ""count_id"": ""r_won_arg"",
                    ""condition"": {
                      ""and_conditions"": [
                        ""r_won_arg"",
                        {
                          ""left"": {
                            ""attribute_name"": ""nationality"",
                            ""of"": ""e_argentine_actor""
                          },
                          ""operator"": ""="",
                          ""right"": ""Argentine""
                        }
                      ]
                    }
                  },
                  ""expression"": ""count_id""
                }
              }
            }
          ]
        }
      }
    ]
  ]
}
```

Wait, looking at the grammar for `MAX` and `MIN` and the logic for ""more than any"": ""More than any"" is equivalent to ""More than the maximum"". Let me refine the `MAX` usage to be strictly compliant with the provided grammar.

```json
{
  ""hypotheses_set"": [
    [
      {
        ""id"": ""q1"",
        ""target"": [
          ""e_movie""
        ],
        ""entities"": [
          {
            ""id"": ""e_movie"",
            ""type"": ""Movie""
          },
          {
            ""id"": ""e_actor"",
            ""type"": ""Actor""
          },
          {
            ""id"": ""e_award"",
            ""type"": ""Award""
          },
          {
            ""id"": ""e_argentine_actor"",
            ""type"": ""Actor""
          }
        ],
        ""relationships"": [
          {
            ""id"": ""r_stars"",
            ""role"": ""main_actor"",
            ""from"": ""e_actor"",
            ""to"": ""e_movie""
          },
          {
            ""id"": ""r_won"",
            ""role"": ""won"",
            ""from"": ""e_actor"",
            ""to"": ""e_award""
          },
          {
            ""id"": ""r_arg_won"",
            ""role"": ""won"",
            ""from"": ""e_argentine_actor"",
            ""to"": ""e_award_arg""
          }
        ],
        ""constraint"": {
          ""and_conditions"": [
            ""r_stars"",
            {
              ""all_id"": ""e_actor"",
              ""condition"": {
                ""left"": {
                  ""count_id"": ""r_won""
                },
                ""operator"": "">"",
                ""right"": {
                  ""max_id"": {
                    ""count_id"": ""r_arg_won"",
                    ""condition"": {
                      ""and_conditions"": [
                        ""r_arg_won"",
                        {
                          ""left"": {
                            ""attribute_name"": ""nationality"",
                            ""of"": ""e_argentine_actor""
                          },
                          ""operator"": ""="",
                          ""right"": ""Argentine""
                        }
                      ]
                    }
                  },
                  ""expression"": ""count_id""
                }
              }
            }
          ]
        }
      }
    ]
  ]
}
```

Actually, the `MAX` definition in the grammar is `MAX := { max_id: ENTITY | RELATIONSHIP, expression: EXPRESSION, condition?: CONDITION }`. The `expression` should be the value being maximized.

Corrected version:

```json
{
  ""hypotheses_set"": [
    [
      {
        ""id"": ""q1"",
        ""target"": [
          ""e_movie""
        ],
        ""entities"": [
          {
            ""id"": ""e_movie"",
            ""type"": ""Movie""
          },
          {
            ""id"": ""e_actor"",
            ""type"": ""Actor""
          },
          {
            ""id"": ""e_award"",
            ""type"": ""Award""
          },
          {
            ""id"": ""e_argentine_actor"",
            ""type"": ""Actor""
          }
        ],
        ""relationships"": [
          {
            ""id"": ""r_stars"",
            ""role"": ""main_actor"",
            ""from"": ""e_actor"",
            ""to"": ""e_movie""
          },
          {
            ""id"": ""r_won"",
            ""role"": ""won"",
            ""from"": ""e_actor"",
            ""to"": ""e_award""
          },
          {
            ""id"": ""r_arg_won"",
            ""role"": ""won"",
            ""from"": ""e_argentine_actor"",
            ""to"": ""e_award_arg""
          }
        ],
        ""constraint"": {
          ""and_conditions"": [
            ""r_stars"",
            {
              ""all_id"": ""e_actor"",
              ""condition"": {
                ""left"": {
                  ""count_id"": ""r_won""
                },
                ""operator"": "">"",
                ""right"": {
                  ""max_id"": {
                    ""count_id"": ""r_arg_won"",
                    ""expression"": ""count_id"",
                    ""condition"": {
                      ""and_conditions"": [
                        ""r_arg_won"",
                        {
                          ""left"": {
                            ""attribute_name"": ""nationality"",
                            ""of"": ""e_argentine_actor""
                          },
                          ""operator"": ""="",
                          ""right"": ""Argentine""
                        }
                      ]
                    }
                  },
                  ""expression"": ""count_id""
                }
              }
            }
          ]
        }
      }
    ]
  ]
}
```

Wait, the `MAX` grammar says `expression: EXPRESSION`. In the context of a count, the expression is the count itself. Let's clean this up to be as simple as possible.

```json
{
  ""hypotheses_set"": [
    [
      {
        ""id"": ""q1"",
        ""target"": [
          ""e_movie""
        ],
        ""entities"": [
          {
            ""id"": ""e_movie"",
            ""type"": ""Movie""
          },
          {
            ""id"": ""e_actor"",
            ""type"": ""Actor""
          },
          {
            ""id"": ""e_argentine_actor"",
            ""type"": ""Actor""
          }
        ],
        ""relationships"": [
          {
            ""id"": ""r_stars"",
            ""role"": ""main_actor"",
            ""from"": ""e_actor"",
            ""to"": ""e_movie""
          },
          {
            ""id"": ""r_won"",
            ""role"": ""won"",
            ""from"": ""e_actor"",
            ""to"": ""e_award""
          },
          {
            ""id"": ""r_arg_won"",
            ""role"": ""won"",
            ""from"": ""e_argentine_actor"",
            ""to"": ""e_award_arg""
          }
        ],
        ""constraint"": {
          ""and_conditions"": [
            ""r_stars"",
            {
              ""all_id"": ""e_"
30,Q10,Give me the movies where all the main actors have won more awards than any Argentine actor,gemma4:26b,False,0.05,589.256953,True,length,3356,0.288329,2048,585.945296,3.4952,"```json
{
  ""hypotheses_set"": [
    [
      {
        ""id"": ""q1"",
        ""target"": [
          ""e_movie""
        ],
        ""entities"": [
          {
            ""id"": ""e_movie"",
            ""type"": ""Movie""
          },
          {
            ""id"": ""e_actor"",
            ""type"": ""Actor""
          },
          {
            ""id"": ""e_award"",
            ""type"": ""Award""
          },
          {
            ""id"": ""e_argentine_actor"",
            ""type"": ""Actor""
          }
        ],
        ""relationships"": [
          {
            ""id"": ""r_stars"",
            ""role"": ""main_actor"",
            ""from"": ""e_actor"",
            ""to"": ""e_movie""
          },
          {
            ""id"": ""r_won"",
            ""role"": ""won"",
            ""from"": ""e_actor"",
            ""to"": ""e_award""
          },
          {
            ""id"": ""r_is_argentine"",
            ""role"": ""is_from"",
            ""from"": ""e_argentine_actor"",
            ""to"": ""e_country""
          }
        ],
        ""constraint"": {
          ""and_conditions"": [
            ""r_stars"",
            {
              ""all_id"": ""e_actor"",
              ""condition"": {
                ""left"": {
                  ""count_id"": ""r_won""
                },
                ""operator"": "">"",
                ""right"": {
                  ""max_id"": {
                    ""count_id"": ""r_won_arg"",
                    ""condition"": {
                      ""and_conditions"": [
                        ""r_won_arg"",
                        {
                          ""left"": {
                            ""attribute_name"": ""nationality"",
                            ""of"": ""e_argentine_actor""
                          },
                          ""operator"": ""="",
                          ""right"": ""Argentine""
                        }
                      ]
                    }
                  },
                  ""expression"": ""count_id""
                }
              }
            }
          ]
        }
      }
    ]
  ]
}
```

Wait, I need to refine the `MAX` logic for the ""more awards than any Argentine actor"" part to be strictly compliant with the grammar provided. ""More than any"" implies being greater than the maximum.

```json
{
  ""hypotheses_set"": [
    [
      {
        ""id"": ""q1"",
        ""target"": [
          ""e_movie""
        ],
        ""entities"": [
          {
            ""id"": ""e_movie"",
            ""type"": ""Movie""
          },
          {
            ""id"": ""e_actor"",
            ""type"": ""Actor""
          },
          {
            ""id"": ""e_award"",
            ""type"": ""Award""
          },
          {
            ""id"": ""e_arg_actor"",
            ""type"": ""Actor""
          }
        ],
        ""relationships"": [
          {
            ""id"": ""r_stars"",
            ""role"": ""main_actor"",
            ""from"": ""e_actor"",
            ""to"": ""e_movie""
          },
          {
            ""id"": ""r_won"",
            ""role"": ""won"",
            ""from"": ""e_actor"",
            ""to"": ""e_award""
          },
          {
            ""id"": ""r_won_arg"",
            ""role"": ""won"",
            ""from"": ""e_arg_actor"",
            ""to"": ""e_award_arg""
          }
        ],
        ""constraint"": {
          ""and_conditions"": [
            ""r_stars"",
            {
              ""all_id"": ""e_actor"",
              ""condition"": {
                ""left"": {
                  ""count_id"": ""r_won""
                },
                ""operator"": "">"",
                ""right"": {
                  ""max_id"": {
                    ""count_id"": ""r_won_arg"",
                    ""condition"": {
                      ""and_conditions"": [
                        ""r_won_arg"",
                        {
                          ""left"": {
                            ""attribute_name"": ""nationality"",
                            ""of"": ""e_arg_actor""
                          },
                          ""operator"": ""="",
                          ""right"": ""Argentine""
                        }
                      ]
                    }
                  },
                  ""expression"": ""count_id""
                }
              }
            }
          ]
        }
      }
    ]
  ]
}
```

Actually, looking at the grammar, `MAX` takes an `expression`. Let's correct the `MAX` usage.

```json
{
  ""hyp_set"": [
    [
      {
        ""id"": ""q1"",
        ""target"": [""e_movie""],
        ""entities"": [
          { ""id"": ""e_movie"", ""type"": ""Movie"" },
          { ""id"": ""e_actor"", ""type"": ""Actor"" },
          { ""id"": ""e_award"", ""type"": ""Award"" },
          { ""id"": ""e_arg_actor"", ""type"": ""Actor"" }
        ],
        ""relationships"": [
          { ""id"": ""r_stars"", ""role"": ""main_actor"", ""from"": ""e_actor"", ""to"": ""e_movie"" },
          { ""id"": ""r_won"", ""role"": ""won"", ""from"": ""e_actor"", ""to"": ""e_award"" },
          { ""id"": ""r_won_arg"", ""role"": ""won"", ""from"": ""e_arg_actor"", ""to"": ""e_award_arg"" }
        ],
        ""constraint"": {
          ""and_conditions"": [
            ""r_stars"",
            {
              ""all_id"": ""e_actor"",
              ""condition"": {
                ""left"": { ""count_id"": ""r_won"" },
                ""operator"": "">"",
                ""right"": {
                  ""max_id"": {
                    ""count_id"": ""r_won_arg"",
                    ""condition"": {
                      ""and_conditions"": [
                        ""r_won_arg"",
                        { ""left"": { ""attribute_name"": ""nationality"", ""of"": ""e_arg_actor"" }, ""operator"": ""="", ""right"": ""Argentine"" }
                      ]
                    }
                  },
                  ""expression"": ""count_id""
                }
              }
            }
          ]
        }
      }
    ]
  ]
}
```

Final check on the `MAX` structure: `MAX := { max_id: ENTITY | RELATIONSHIP, expression: EXPRESSION, condition?: CONDITION }`.
The `expression` in `MAX` should be the value being maximized (the count).

```json
{
  ""hypotheses_set"": [
    [
      {
        ""id"": ""q1"",
        ""target"": [
          ""e_movie""
        ],
        ""entities"": [
          {
            ""id"": ""e_movie"",
            ""type"": ""Movie""
          },
          {
            ""id"": ""e_actor"",
            ""type"": ""Actor""
          },
          {
            ""id"": ""e_award"",
            ""type"": ""Award""
          },
          {
            ""id"": ""e_arg_actor"",
            ""type"": ""Actor""
          }
        ],
        ""relationships"": [
          {
            ""id"": ""r_stars"",
            ""role"": ""main_actor"",
            ""from"": ""e_actor"",
            ""to"": ""e_movie""
          },
          {
            ""id"": ""r_won"",
            ""role"": ""won"",
            ""from"": ""e_actor"",
            ""to"": ""e_award""
          },
          {
            ""id"": ""r_won_arg"",
            ""role"": ""won"",
            ""from"": ""e_arg_actor"",
            ""to"": ""e_award_arg""
          }
        ],
        ""constraint"": {
          ""and_conditions"": [
            ""r_stars"",
            {
              ""all_id"": ""e_actor"",
              ""condition"": {
                ""left"": {
                  ""count_id"": ""r_won""
                },
                ""operator"": "">"",
                ""right"": {
                  ""max_id"": {
                    ""count_id"": ""r_won_arg"",
                    ""expression"": ""count_id"",
                    ""condition"": {
                      ""and_conditions"": [
                        ""r_won_arg"",
                        {"
