Run,Query ID,Query,Model,Thinking,Temperature,Inference Time (s),Valid JSON,Done Reason,Prompt Eval Count,Prompt Eval Duration (s),Eval Count,Eval Duration (s),Generation Throughput (tokens/s),Response
1,Q02,Give me the movies that have more than four actors born in the same year as another actor in the cast,qwen3.5:9b,False,0.1,76.983404,True,stop,3227,2.035459,325,74.124042,4.3845,"```json
{
  ""hypotheses_set"": [
    [
      {
        ""id"": ""q1"",
        ""target"": [""e_movie""],
        ""entities"": [
          { ""id"": ""e_movie"", ""type"": ""Movie"" },
          { ""id"": ""e_actor"", ""type"": ""Actor"" },
          { ""id"": ""e_birth_year"", ""type"": ""Year"" }
        ],
        ""relationships"": [
          { ""id"": ""r_cast"", ""role"": ""cast"", ""from"": ""e_actor"", ""to"": ""e_movie"" },
          { ""id"": ""r_born"", ""role"": ""born_in"", ""from"": ""e_actor"", ""to"": ""e_birth_year"" }
        ],
        ""constraint"": {
          ""and_conditions"": [
            ""r_cast"",
            {
              ""left"": {
                ""count_id"": ""e_actor"",
                ""condition"": {
                  ""and_conditions"": [
                    {
                      ""left"": { ""attribute_name"": ""birth_year"", ""of"": ""e_actor"" },
                      ""operator"": ""="",
                      ""right"": { ""attribute_name"": ""birth_year"", ""of"": ""e_actor"" }
                    }
                  ]
                }
              },
              ""operator"": "">"",
              ""right"": 4
            }
          ]
        }
      }
    ]
  ]
}
```"
2,Q02,Give me the movies that have more than four actors born in the same year as another actor in the cast,qwen3.5:9b,False,0.1,476.394468,False,length,3227,2.006107,2048,471.365173,4.3448,"```json
{
  ""hypotheses_set"": [
    [
      {
        ""id"": ""q1"",
        ""target"": [""e_movie""],
        ""entities"": [
          { ""id"": ""e_movie"", ""type"": ""Movie"" },
          { ""id"": ""e_actor"", ""type"": ""Actor"" },
          { ""id"": ""e_birth"", ""type"": ""Birth"" }
        ],
        ""relationships"": [
          { ""id"": ""r_cast"", ""role"": ""cast"", ""from"": ""e_actor"", ""to"": ""e_movie"" },
          { ""id"": ""r_born"", ""role"": ""born"", ""from"": ""e_actor"", ""to"": ""e_birth"" }
        ],
        ""constraint"": {
          ""and_conditions"": [
            ""r_cast"",
            {
              ""left"": {
                ""count_id"": ""e_movie"",
                ""condition"": {
                  ""left"": {
                    ""left"": {
                      ""left"": {
                        ""left"": {
                          ""left"": {
                            ""left"": {
                              ""left"": {
                                ""left"": {
                                  ""left"": {
                                    ""left"": {
                                      ""left"": {
                                        ""left"": {
                                          ""left"": {
                                            ""left"": {
                                              ""left"": {
                                                ""left"": {
                                                  ""left"": {
                                                    ""left"": {
                                                      ""left"": {
                                                        ""left"": {
                                                          ""left"": {
                                                            ""left"": {
                                                              ""left"": {
                                                                ""left"": {
                                                                  ""left"": {
                                                                    ""left"": {
                                                                      ""left"": {
                                                                        ""left"": {
                                                                          ""left"": {
                                                                            ""left"": {
                                                                              ""left"": {
                                                                                ""left"": {
                                                                                  ""left"": {
                                                                                    ""left"": {
                                                                                      ""left"": {
                                                                                        ""left"": {
                                                                                          ""left"": {
                                                                                            ""left"": {
                                                                                              ""left"": {
                                                                                                ""left"": {
                                                                                                  ""left"": {
                                                                                                    ""left"": {
                                                                                                      ""left"": {
                                                                                                        ""left"": {
                                                                                                          ""left"": {
                                                                                                            ""left"": {
                                                                                                              ""left"": {
                                                                                                                ""left"": {
                                                                                                                  ""left"": {
                                                                                                                    ""left"": {
                                                                                                                      ""left"": {
                                                                                                                        ""left"": {
                                                                                                                          ""left"": {
                                                                                                                            ""left"": {
                                                                                                                              ""left"": {
                                                                                                                                ""left"": {
                                                                                                                                  ""left"": {
                                                                                                                                    ""left"": {
                                                                                                                                      ""left"": {
                                                                                                                                        ""left"": {
                                                                                                                                          ""left"": {
                                                                                                                                            ""left"": {
                                                                                                                                              ""left"": {
                                                                                                                                                ""left"": {
                                                                                                                                                  ""left"": {
                                                                                                                                                    ""left"": {
                                                                                                                                                      ""left"": {
                                                                                                                                                        ""left"": {
                                                                                                                                                          ""left"": {
                                                                                                                                                            ""left"": {
                                                                                                                                                              ""left"": {
                                                                                                                                                                ""left"": {
                                                                                                                                                                  ""left"": {
                                                                                                                                                                    ""left"": {
                                                                                                                                                                      ""left"": {
                                                                                                                                                                        ""left"": {
                                                                                                                                                                          ""left"": {
                                                                                                                                                                            ""left"": {
                                                                                                                                                                              ""left"": {
                                                                                                                                                                                ""left"": {
                                                                                                                                                                                  ""left"": {
                                                                                                                                                                                    ""left"": {
                                                                                                                                                                                      ""left"": {
                                                                                                                                                                                        ""left"": {
                                                                                                                                                                                          ""left"": {
                                                                                                                                                                                            ""left"": {
                                                                                                                                                                                              ""left"": {
                                                                                                                                                                                                ""left"": {
                                                                                                                                                                                                  ""left"": {
                                                                                                                                                                                                    ""left"": {
                                                                                                                                                                                                      ""left"": {
                                                                                                                                                                                                        ""left"": {
                                                                                                                                                                                                          ""left"": {
                                                                                                                                                                                                            ""left"": {
                                                                                                                                                                                                              ""left"": {
                                                                                                                                                                                                                ""left"": {
                                                                                                                                                                                                                  ""left"": {
                                                                                                                                                                                                                    ""left"": {
                                                                                                                                                                                                                      ""left"": {
                                                                                                                                                                                                                        ""left"": {
                                                                                                                                                                                                                          ""left"": {
                                                                                                                                                                                                                            ""left"": {
                                                                                                                                                                                                                              ""left"": {
                                                                                                                                                                                                                                ""left"": {
                                                                                                                                                                                                                                  ""left"": {
                                                                                                                                                                                                                                    ""left"": {
                                                                                                                                                                                                                                      ""left"": {
                                                                                                                                                                                                                                        ""left"": {
                                                                                                                                                                                                                                          ""left"": {
                                                                                                                                                                                                                                            ""left"": {
                                                                                                                                                                                                                                              ""left"": {
                                                                                                                                                                                                                                                ""left"": {
                                                                                                                                                                                                                                                  ""left"": {
                                                                                                                                                                                                                                                    ""left"": {
                                                                                                                                                                                                                                                      ""left"": {
                                                                                                                                                                                                                                                        ""left"": {
                                                                                                                                                                                                                                                          ""left"": {
                                                                                                                                                                                                                                                            ""left"": {
                                                                                                                                                                                                                                                              ""left"": {
                                                                                                                                                                                                                                                                ""left"": {
                                                                                                                                                                                                                                                                  ""left"": {
                                                                                                                                                                                                                                                                    ""left"": {
                                                                                                                                                                                                                                                                      ""left"": {
                                                                                                                                                                                                                                                                        ""left"": {
                                                                                                                                                                                                                                                                          ""left"": {
                                                                                                                                                                                                                                                                            ""left"": {
                                                                                                                                                                                                                                                                              ""left"": {
                                                                                                                                                                                                                                                                                ""left"": {
                                                                                                                                                                                                                                                                                  ""left"": {
                                                                                                                                                                                                                                                                                    ""left"": {
                                                                                                                                                                                                                                                                                      ""left"": {
                                                                                                                                                                                                                                                                                        ""left"": {
                                                                                                                                                                                                                                                                                          ""left"": {
                                                                                                                                                                                                                                                                                            ""left"": {
                                                                                                                                                                                                                                                                                              ""left"": {
                                                                                                                                                                                                                                                                                                ""left"": {
                                                                                                                                                                                                                                                                                                  ""left"": {
                                                                                                                                                                                                                                                                                                    ""left"": {
                                                                                                                                                                                                                                                                                                      ""left"": {
                                                                                                                                                                                                                                                                                                        ""left"": {
                                                                                                                                                                                                                                                                                                          ""left"": {
                                                                                                                                                                                                                                                                                                            ""left"": {
                                                                                                                                                                                                                                                                                                              ""left"": {
                                                                                                                                                                                                                                                                                                                ""left"": {
                                                                                                                                                                                                                                                                                                                  ""left"": {
                                                                                                                                                                                                                                                                                                                    ""left"": {
                                                                                                                                                                                                                                                                                                                      ""left"": {
                                                                                                                                                                                                                                                                                                                        ""left"": {
                                                                                                                                                                                                                                                                                                                          ""left"": {
                                                                                                                                                                                                                                                                                                                            ""left"": {
                                                                                                                                                                                                                                                                                                                              ""left"": {
                                                                                                                                                                                                                                                                                                                                ""left"": {
                                                                                                                                                                                                                                                                                                                                  ""left"": {
                                                                                                                                                                                                                                                                                                                                    ""left"": {
                                                                                                                                                                                                                                                                                                                                      ""left"": {
                                                                                                                                                                                                                                                                                                                                        ""left"": {
                                                                                                                                                                                                                                                                                                                                          ""left"": {
                                                                                                                                                                                                                                                                                                                                            ""left"": {
                                                                                                                                                                                                                                                                                                                                              ""left"": {
                                                                                                                                                                                                                                                                                                                                                ""left"": {
                                                                                                                                                                                                                                                                                                                                                  ""left"": {
                                                                                                                                                                                                                                                                                                                                                    ""left"": {
                                                                                                                                                                                                                                                                                                                                                      ""left"": {
                                                                                                                                                                                                                                                                                                                                                        ""left"": {
                                                                                                                                                                                                                                                                                                                                                          ""left"": {
                                                                                                                                                                                                                                                                                                                                                            ""left"": {
                                                                                                                                                                                                                                                                                                                                                              ""left"": {
                                                                                                                                                                                                                                                                                                                                                                ""left"": {
                                                                                                                                                                                                                                                                                                                                                                  ""left"": {
                                                                                                                                                                                                                                                                                                                                                                    ""left"": {
                                                                                                                                                                                                                                                                                                                                                                      ""left"": {
                                                                                                                                                                                                                                                                                                                                                                        ""left"": {
                                                                                                                                                                                                                                                                                                                                                                          ""left"": {
                                                                                                                                                                                                                                                                                                                                                                            ""left"": {
                                                                                                                                                                                                                                                                                                                                                                              ""left"": {
                                                                                                                                                                                                                                                                                                                                                                                ""left"": {
                                                                                                                                                                                                                                                                                                                                                                                  ""left"": {
                                                                                                                                                                                                                                                                                                                                                                                    ""left"": {
                                                                                                                                                                                                                                                                                                                                                                                      ""left"": {
                                                                                                                                                                                                                                                                                                                                                                                        ""left"": {
                                                                                                                                                                                                                                                                                                                                                                                          ""left"": {
                                                                                                                                                                                                                                                                                                                                                                                            ""left"": {
                                                                                                                                                                                                                                                                                                                                                                                              ""left"": {
                                                                                                                                                                                                                                                                                                                                                                                                ""left"": {
                                                                                                                                                                                                                                                                                                                                                                                                  ""left"": {
                                                                                                                                                                                                                                                                                                                                                                                                    ""left"": {
                                                                                                                                                                                                                                                                                                                                                                                                      ""left"": {
                                                                                                                                                                                                                                                                                                                                                                                                        ""left"": {
                                                                                                                                                                                                                                                                                                                                                                                                          ""left"": {
                                                                                                                                                                                                                                                                                                                                                                                                            ""left"": {
                                                                                                                                                                                                                                                                                                                                                                                                              ""left"": {
                                                                                                                                                                                                                                                                                                                                                                                                                ""left"": {
                                                                                                                                                                                                                                                                                                                                                                                                                  ""left"": {
                                                                                                                                                                                                                                                                                                                                                                                                                    ""left"": {
                                                                                                                                                                                                                                                                                                                                                                                                                      ""left"": {
                                                                                                                                                                                                                                                                                                                                                                                                                        ""left"": {
                                                                                                                                                                                                                                                                                                                                                                                                                          ""left"": {
                                                                                                                                                                                                                                                                                                                                                                                                                            ""left"": {
                                                                                                                                                                                                                                                                                                                                                                                                                              ""left"": {
                                                                                                                                                                                                                                                                                                                                                                                                                                ""left"": {
                                                                                                                                                                                                                                                                                                                                                                                                                                  ""left"": {
                                                                                                                                                                                                                                                                                                                                                                                                                                    ""left"": {
                                                                                                                                                                                                                                                                                                                                                                                                                                      ""left"": {
                                                                                                                                                                                                                                                                                                                                                                                                                                        ""left"": {
                                                                                                                                                                                                                                                                                                                                                                                                                                          ""left"": {
                                                                                                                                                                                                                                                                                                                                                                                                                                            ""left"": {
                                                                                                                                                                                                                                                                                                                                                                                                                                              ""left"": {
                                                                                                                                                                                                                                                                                                                                                                                                                                                ""left"": {
                                                                                                                                                                                                                                                                                                                                                                                                                                                  ""left"": {
                                                                                                                                                                                                                                                                                                                                                                                                                                                    ""left"": {
                                                                                                                                                                                                                                                                                                                                                                                                                                                      ""left"": {
                                                                                                                                                                                                                                                                                                                                                                                                                                                        ""left"": {
                                                                                                                                                                                                                                                                                                                                                                                                                                                          ""left"": {
                                                                                                                                                                                                                                                                                                                                                                                                                                                            ""left"": {
                                                                                                                                                                                                                                                                                                                                                                                                                                                              ""left"": {
                                                                                                                                                                                                                                                                                                                                                                                                                                                                ""left"": {
                                                                                                                                                                                                                                                                                                                                                                                                                                                                  ""left"": {
                                                                                                                                                                                                                                                                                                                                                                                                                                                                    ""left"": {
                                                                                                                                                                                                                                                                                                                                                                                                                                                                      ""left"": {
                                                                                                                                                                                                                                                                                                                                                                                                                                                                        ""left"": {
                                                                                                                                                                                                                                                                                                                                                                                                                                                                          ""left"": {
                                                                                                                                                                                                                                                                                                                                                                                                                                                                            ""left"": {
                                                                                                                                                                                                                                                                                                                                                                                                                                                                              ""left"": {
                                                                                                                                                                                                                                                                                                                                                                                                                                                                                ""left"": {
                                                                                                                                                                                                                                                                                                                                                                                                                                                                                  ""left"": {
                                                                                                                                                                                                                                                                                                                                                                                                                                                                                    ""left"": {
                                                                                                                                                                                                                                                                                                                                                                                                                                                                                      ""left"": {
                                                                                                                                                                                                                                                                                                                                                                                                                                                                                        ""left"": {
                                                                                                                                                                                                                                                                                                                                                                                                                                                                                          ""left"": {
                                                                                                                                                                                                                                                                                                                                                                                                                                                                                            ""left"": {
                                                                                                                                                                                                                                                                                                                                                                                                                                                                                              ""left"": {
                                                                                                                                                                                                                                                                                                                                                                                                                                                                                                ""left"": {
                                                                                                                                                                                                                                                                                                                                                                                                                                                                                                  ""left"": {
                                                                                                                                                                                                                                                                                                                                                                                                                                                                                                    ""left"": {
                                                                                                                                                                                                                                                                                                                                                                                                                                                                                                      ""left"": {
                                                                                                                                                                                                                                                                                                                                                                                                                                                                                                        ""left"": {
                                                                                                                                                                                                                                                                                                                                                                                                                                                                                                          """
3,Q02,Give me the movies that have more than four actors born in the same year as another actor in the cast,qwen3.5:9b,False,0.1,64.06756,True,stop,3227,2.034737,269,61.323012,4.3866,"```json
{
  ""hypotheses_set"": [
    [
      {
        ""id"": ""q1"",
        ""target"": [""e_movie""],
        ""entities"": [
          { ""id"": ""e_movie"", ""type"": ""Movie"" },
          { ""id"": ""e_actor"", ""type"": ""Actor"" }
        ],
        ""relationships"": [
          { ""id"": ""r_cast"", ""role"": ""cast"", ""from"": ""e_actor"", ""to"": ""e_movie"" }
        ],
        ""constraint"": {
          ""and_conditions"": [
            ""r_cast"",
            {
              ""left"": {
                ""count_id"": ""e_actor"",
                ""condition"": {
                  ""left"": {
                    ""attribute_name"": ""birth_year"",
                    ""of"": ""e_actor""
                  },
                  ""operator"": ""="",
                  ""right"": {
                    ""attribute_name"": ""birth_year"",
                    ""of"": ""e_actor""
                  }
                }
              },
              ""operator"": "">"",
              ""right"": 4
            }
          ]
        }
      }
    ]
  ]
}
```"
4,Q02,Give me the movies that have more than four actors born in the same year as another actor in the cast,qwen3.5:9b,False,0.1,77.088708,True,stop,3227,2.016854,325,74.222329,4.3787,"```json
{
  ""hypotheses_set"": [
    [
      {
        ""id"": ""q1"",
        ""target"": [""e_movie""],
        ""entities"": [
          { ""id"": ""e_movie"", ""type"": ""Movie"" },
          { ""id"": ""e_actor"", ""type"": ""Actor"" },
          { ""id"": ""e_birth_year"", ""type"": ""Year"" }
        ],
        ""relationships"": [
          { ""id"": ""r_cast"", ""role"": ""cast"", ""from"": ""e_actor"", ""to"": ""e_movie"" },
          { ""id"": ""r_born"", ""role"": ""born_in"", ""from"": ""e_actor"", ""to"": ""e_birth_year"" }
        ],
        ""constraint"": {
          ""and_conditions"": [
            ""r_cast"",
            {
              ""left"": {
                ""count_id"": ""e_actor"",
                ""condition"": {
                  ""and_conditions"": [
                    {
                      ""left"": { ""attribute_name"": ""birth_year"", ""of"": ""e_actor"" },
                      ""operator"": ""="",
                      ""right"": { ""attribute_name"": ""birth_year"", ""of"": ""e_actor"" }
                    }
                  ]
                }
              },
              ""operator"": "">"",
              ""right"": 4
            }
          ]
        }
      }
    ]
  ]
}
```"
5,Q02,Give me the movies that have more than four actors born in the same year as another actor in the cast,qwen3.5:9b,False,0.1,64.063897,True,stop,3227,2.039231,269,61.273436,4.3902,"```json
{
  ""hypotheses_set"": [
    [
      {
        ""id"": ""q1"",
        ""target"": [""e_movie""],
        ""entities"": [
          { ""id"": ""e_movie"", ""type"": ""Movie"" },
          { ""id"": ""e_actor"", ""type"": ""Actor"" }
        ],
        ""relationships"": [
          { ""id"": ""r_cast"", ""role"": ""cast"", ""from"": ""e_actor"", ""to"": ""e_movie"" }
        ],
        ""constraint"": {
          ""and_conditions"": [
            ""r_cast"",
            {
              ""left"": {
                ""count_id"": ""e_actor"",
                ""condition"": {
                  ""left"": {
                    ""attribute_name"": ""birth_year"",
                    ""of"": ""e_actor""
                  },
                  ""operator"": ""="",
                  ""right"": {
                    ""attribute_name"": ""birth_year"",
                    ""of"": ""e_actor""
                  }
                }
              },
              ""operator"": "">"",
              ""right"": 4
            }
          ]
        }
      }
    ]
  ]
}
```"
6,Q02,Give me the movies that have more than four actors born in the same year as another actor in the cast,qwen3.5:9b,False,0.1,76.939163,True,stop,3227,2.015569,325,74.107165,4.3855,"```json
{
  ""hypotheses_set"": [
    [
      {
        ""id"": ""q1"",
        ""target"": [""e_movie""],
        ""entities"": [
          { ""id"": ""e_movie"", ""type"": ""Movie"" },
          { ""id"": ""e_actor"", ""type"": ""Actor"" },
          { ""id"": ""e_birth_year"", ""type"": ""Year"" }
        ],
        ""relationships"": [
          { ""id"": ""r_cast"", ""role"": ""cast"", ""from"": ""e_actor"", ""to"": ""e_movie"" },
          { ""id"": ""r_born"", ""role"": ""born_in"", ""from"": ""e_actor"", ""to"": ""e_birth_year"" }
        ],
        ""constraint"": {
          ""and_conditions"": [
            ""r_cast"",
            {
              ""left"": {
                ""count_id"": ""e_actor"",
                ""condition"": {
                  ""and_conditions"": [
                    {
                      ""left"": { ""attribute_name"": ""birth_year"", ""of"": ""e_actor"" },
                      ""operator"": ""="",
                      ""right"": { ""attribute_name"": ""birth_year"", ""of"": ""e_actor"" }
                    }
                  ]
                }
              },
              ""operator"": "">"",
              ""right"": 4
            }
          ]
        }
      }
    ]
  ]
}
```"
7,Q02,Give me the movies that have more than four actors born in the same year as another actor in the cast,qwen3.5:9b,False,0.1,69.398627,True,stop,3227,2.005757,292,66.628203,4.3825,"```json
{
  ""hypotheses_set"": [
    [
      {
        ""id"": ""q1"",
        ""target"": [""e_movie""],
        ""entities"": [
          { ""id"": ""e_movie"", ""type"": ""Movie"" },
          { ""id"": ""e_actor"", ""type"": ""Actor"" }
        ],
        ""relationships"": [
          { ""id"": ""r_cast"", ""role"": ""cast"", ""from"": ""e_actor"", ""to"": ""e_movie"" }
        ],
        ""constraint"": {
          ""and_conditions"": [
            ""r_cast"",
            {
              ""all_id"": ""e_actor"",
              ""condition"": {
                ""left"": {
                  ""count_id"": ""e_actor"",
                  ""condition"": {
                    ""and_conditions"": [
                      {
                        ""left"": { ""attribute_name"": ""birth_year"", ""of"": ""e_actor"" },
                        ""operator"": ""="",
                        ""right"": { ""attribute_name"": ""birth_year"", ""of"": ""e_actor"" }
                      }
                    ]
                  }
                },
                ""operator"": "">"",
                ""right"": 4
              }
            }
          ]
        }
      }
    ]
  ]
}
```"
8,Q02,Give me the movies that have more than four actors born in the same year as another actor in the cast,qwen3.5:9b,False,0.1,76.872431,True,stop,3227,2.017014,325,74.032037,4.39,"```json
{
  ""hypotheses_set"": [
    [
      {
        ""id"": ""q1"",
        ""target"": [""e_movie""],
        ""entities"": [
          { ""id"": ""e_movie"", ""type"": ""Movie"" },
          { ""id"": ""e_actor"", ""type"": ""Actor"" },
          { ""id"": ""e_birth_year"", ""type"": ""Year"" }
        ],
        ""relationships"": [
          { ""id"": ""r_cast"", ""role"": ""cast"", ""from"": ""e_actor"", ""to"": ""e_movie"" },
          { ""id"": ""r_born"", ""role"": ""born_in"", ""from"": ""e_actor"", ""to"": ""e_birth_year"" }
        ],
        ""constraint"": {
          ""and_conditions"": [
            ""r_cast"",
            {
              ""left"": {
                ""count_id"": ""e_actor"",
                ""condition"": {
                  ""and_conditions"": [
                    {
                      ""left"": { ""attribute_name"": ""birth_year"", ""of"": ""e_actor"" },
                      ""operator"": ""="",
                      ""right"": { ""attribute_name"": ""birth_year"", ""of"": ""e_actor"" }
                    }
                  ]
                }
              },
              ""operator"": "">"",
              ""right"": 4
            }
          ]
        }
      }
    ]
  ]
}
```"
9,Q02,Give me the movies that have more than four actors born in the same year as another actor in the cast,qwen3.5:9b,False,0.1,77.025409,True,stop,3227,2.026448,325,74.171285,4.3817,"```json
{
  ""hypotheses_set"": [
    [
      {
        ""id"": ""q1"",
        ""target"": [""e_movie""],
        ""entities"": [
          { ""id"": ""e_movie"", ""type"": ""Movie"" },
          { ""id"": ""e_actor"", ""type"": ""Actor"" },
          { ""id"": ""e_birth_year"", ""type"": ""Year"" }
        ],
        ""relationships"": [
          { ""id"": ""r_cast"", ""role"": ""cast"", ""from"": ""e_actor"", ""to"": ""e_movie"" },
          { ""id"": ""r_born"", ""role"": ""born_in"", ""from"": ""e_actor"", ""to"": ""e_birth_year"" }
        ],
        ""constraint"": {
          ""and_conditions"": [
            ""r_cast"",
            {
              ""left"": {
                ""count_id"": ""e_actor"",
                ""condition"": {
                  ""and_conditions"": [
                    {
                      ""left"": { ""attribute_name"": ""birth_year"", ""of"": ""e_actor"" },
                      ""operator"": ""="",
                      ""right"": { ""attribute_name"": ""birth_year"", ""of"": ""e_actor"" }
                    }
                  ]
                }
              },
              ""operator"": "">"",
              ""right"": 4
            }
          ]
        }
      }
    ]
  ]
}
```"
10,Q02,Give me the movies that have more than four actors born in the same year as another actor in the cast,qwen3.5:9b,False,0.1,76.982287,True,stop,3227,2.026564,325,74.153317,4.3828,"```json
{
  ""hypotheses_set"": [
    [
      {
        ""id"": ""q1"",
        ""target"": [""e_movie""],
        ""entities"": [
          { ""id"": ""e_movie"", ""type"": ""Movie"" },
          { ""id"": ""e_actor"", ""type"": ""Actor"" },
          { ""id"": ""e_birth_year"", ""type"": ""Year"" }
        ],
        ""relationships"": [
          { ""id"": ""r_cast"", ""role"": ""cast"", ""from"": ""e_actor"", ""to"": ""e_movie"" },
          { ""id"": ""r_born"", ""role"": ""born_in"", ""from"": ""e_actor"", ""to"": ""e_birth_year"" }
        ],
        ""constraint"": {
          ""and_conditions"": [
            ""r_cast"",
            {
              ""left"": {
                ""count_id"": ""e_actor"",
                ""condition"": {
                  ""and_conditions"": [
                    {
                      ""left"": { ""attribute_name"": ""birth_year"", ""of"": ""e_actor"" },
                      ""operator"": ""="",
                      ""right"": { ""attribute_name"": ""birth_year"", ""of"": ""e_actor"" }
                    }
                  ]
                }
              },
              ""operator"": "">"",
              ""right"": 4
            }
          ]
        }
      }
    ]
  ]
}
```"
11,Q02,Give me the movies that have more than four actors born in the same year as another actor in the cast,qwen3.5:9b,False,0.1,77.061812,True,stop,3227,2.020396,325,74.215389,4.3791,"```json
{
  ""hypotheses_set"": [
    [
      {
        ""id"": ""q1"",
        ""target"": [""e_movie""],
        ""entities"": [
          { ""id"": ""e_movie"", ""type"": ""Movie"" },
          { ""id"": ""e_actor"", ""type"": ""Actor"" },
          { ""id"": ""e_birth_year"", ""type"": ""Year"" }
        ],
        ""relationships"": [
          { ""id"": ""r_cast"", ""role"": ""cast"", ""from"": ""e_actor"", ""to"": ""e_movie"" },
          { ""id"": ""r_born"", ""role"": ""born_in"", ""from"": ""e_actor"", ""to"": ""e_birth_year"" }
        ],
        ""constraint"": {
          ""and_conditions"": [
            ""r_cast"",
            {
              ""left"": {
                ""count_id"": ""e_actor"",
                ""condition"": {
                  ""and_conditions"": [
                    {
                      ""left"": { ""attribute_name"": ""birth_year"", ""of"": ""e_actor"" },
                      ""operator"": ""="",
                      ""right"": { ""attribute_name"": ""birth_year"", ""of"": ""e_actor"" }
                    }
                  ]
                }
              },
              ""operator"": "">"",
              ""right"": 4
            }
          ]
        }
      }
    ]
  ]
}
```"
12,Q02,Give me the movies that have more than four actors born in the same year as another actor in the cast,qwen3.5:9b,False,0.1,76.888917,True,stop,3227,2.033571,325,74.02896,4.3902,"```json
{
  ""hypotheses_set"": [
    [
      {
        ""id"": ""q1"",
        ""target"": [""e_movie""],
        ""entities"": [
          { ""id"": ""e_movie"", ""type"": ""Movie"" },
          { ""id"": ""e_actor"", ""type"": ""Actor"" },
          { ""id"": ""e_birth_year"", ""type"": ""Year"" }
        ],
        ""relationships"": [
          { ""id"": ""r_cast"", ""role"": ""cast"", ""from"": ""e_actor"", ""to"": ""e_movie"" },
          { ""id"": ""r_born"", ""role"": ""born_in"", ""from"": ""e_actor"", ""to"": ""e_birth_year"" }
        ],
        ""constraint"": {
          ""and_conditions"": [
            ""r_cast"",
            {
              ""left"": {
                ""count_id"": ""e_actor"",
                ""condition"": {
                  ""and_conditions"": [
                    {
                      ""left"": { ""attribute_name"": ""birth_year"", ""of"": ""e_actor"" },
                      ""operator"": ""="",
                      ""right"": { ""attribute_name"": ""birth_year"", ""of"": ""e_actor"" }
                    }
                  ]
                }
              },
              ""operator"": "">"",
              ""right"": 4
            }
          ]
        }
      }
    ]
  ]
}
```"
13,Q02,Give me the movies that have more than four actors born in the same year as another actor in the cast,qwen3.5:9b,False,0.1,77.085163,True,stop,3227,2.038841,325,74.227935,4.3784,"```json
{
  ""hypotheses_set"": [
    [
      {
        ""id"": ""q1"",
        ""target"": [""e_movie""],
        ""entities"": [
          { ""id"": ""e_movie"", ""type"": ""Movie"" },
          { ""id"": ""e_actor"", ""type"": ""Actor"" },
          { ""id"": ""e_birth_year"", ""type"": ""Year"" }
        ],
        ""relationships"": [
          { ""id"": ""r_cast"", ""role"": ""cast"", ""from"": ""e_actor"", ""to"": ""e_movie"" },
          { ""id"": ""r_born"", ""role"": ""born_in"", ""from"": ""e_actor"", ""to"": ""e_birth_year"" }
        ],
        ""constraint"": {
          ""and_conditions"": [
            ""r_cast"",
            {
              ""left"": {
                ""count_id"": ""e_actor"",
                ""condition"": {
                  ""and_conditions"": [
                    {
                      ""left"": { ""attribute_name"": ""birth_year"", ""of"": ""e_actor"" },
                      ""operator"": ""="",
                      ""right"": { ""attribute_name"": ""birth_year"", ""of"": ""e_actor"" }
                    }
                  ]
                }
              },
              ""operator"": "">"",
              ""right"": 4
            }
          ]
        }
      }
    ]
  ]
}
```"
14,Q02,Give me the movies that have more than four actors born in the same year as another actor in the cast,qwen3.5:9b,False,0.1,76.235295,True,stop,3227,2.030272,325,73.375777,4.4293,"```json
{
  ""hypotheses_set"": [
    [
      {
        ""id"": ""q1"",
        ""target"": [""e_movie""],
        ""entities"": [
          { ""id"": ""e_movie"", ""type"": ""Movie"" },
          { ""id"": ""e_actor"", ""type"": ""Actor"" },
          { ""id"": ""e_birth_year"", ""type"": ""Year"" }
        ],
        ""relationships"": [
          { ""id"": ""r_cast"", ""role"": ""cast"", ""from"": ""e_actor"", ""to"": ""e_movie"" },
          { ""id"": ""r_born"", ""role"": ""born_in"", ""from"": ""e_actor"", ""to"": ""e_birth_year"" }
        ],
        ""constraint"": {
          ""and_conditions"": [
            ""r_cast"",
            {
              ""left"": {
                ""count_id"": ""e_actor"",
                ""condition"": {
                  ""and_conditions"": [
                    {
                      ""left"": { ""attribute_name"": ""birth_year"", ""of"": ""e_actor"" },
                      ""operator"": ""="",
                      ""right"": { ""attribute_name"": ""birth_year"", ""of"": ""e_actor"" }
                    }
                  ]
                }
              },
              ""operator"": "">"",
              ""right"": 4
            }
          ]
        }
      }
    ]
  ]
}
```"
15,Q02,Give me the movies that have more than four actors born in the same year as another actor in the cast,qwen3.5:9b,False,0.1,77.021693,True,stop,3227,2.006051,325,74.234731,4.378,"```json
{
  ""hypotheses_set"": [
    [
      {
        ""id"": ""q1"",
        ""target"": [""e_movie""],
        ""entities"": [
          { ""id"": ""e_movie"", ""type"": ""Movie"" },
          { ""id"": ""e_actor"", ""type"": ""Actor"" },
          { ""id"": ""e_birth_year"", ""type"": ""Year"" }
        ],
        ""relationships"": [
          { ""id"": ""r_cast"", ""role"": ""cast"", ""from"": ""e_actor"", ""to"": ""e_movie"" },
          { ""id"": ""r_born"", ""role"": ""born_in"", ""from"": ""e_actor"", ""to"": ""e_birth_year"" }
        ],
        ""constraint"": {
          ""and_conditions"": [
            ""r_cast"",
            {
              ""left"": {
                ""count_id"": ""e_actor"",
                ""condition"": {
                  ""and_conditions"": [
                    {
                      ""left"": { ""attribute_name"": ""birth_year"", ""of"": ""e_actor"" },
                      ""operator"": ""="",
                      ""right"": { ""attribute_name"": ""birth_year"", ""of"": ""e_actor"" }
                    }
                  ]
                }
              },
              ""operator"": "">"",
              ""right"": 4
            }
          ]
        }
      }
    ]
  ]
}
```"
16,Q02,Give me the movies that have more than four actors born in the same year as another actor in the cast,qwen3.5:9b,False,0.1,82.975699,True,stop,3227,2.00952,351,80.129846,4.3804,"```json
{
  ""hypotheses_set"": [
    [
      {
        ""id"": ""q1"",
        ""target"": [""e_movie""],
        ""entities"": [
          { ""id"": ""e_movie"", ""type"": ""Movie"" },
          { ""id"": ""e_actor"", ""type"": ""Actor"" },
          { ""id"": ""e_birth_year"", ""type"": ""Year"" }
        ],
        ""relationships"": [
          { ""id"": ""r_cast"", ""role"": ""cast"", ""from"": ""e_actor"", ""to"": ""e_movie"" },
          { ""id"": ""r_born"", ""role"": ""born_in"", ""from"": ""e_actor"", ""to"": ""e_birth_year"" }
        ],
        ""constraint"": {
          ""and_conditions"": [
            ""r_cast"",
            {
              ""left"": {
                ""count_id"": ""e_actor"",
                ""condition"": {
                  ""all_id"": ""e_actor"",
                  ""condition"": {
                    ""left"": { ""attribute_name"": ""birth_year"", ""of"": ""e_actor"" },
                    ""operator"": ""="",
                    ""right"": {
                      ""left"": { ""attribute_name"": ""birth_year"", ""of"": ""e_actor"" },
                      ""operator"": "">"",
                      ""right"": 0
                    }
                  }
                }
              },
              ""operator"": "">"",
              ""right"": 4
            }
          ]
        }
      }
    ]
  ]
}
```"
17,Q02,Give me the movies that have more than four actors born in the same year as another actor in the cast,qwen3.5:9b,False,0.1,77.010939,True,stop,3227,2.013491,325,74.190792,4.3806,"```json
{
  ""hypotheses_set"": [
    [
      {
        ""id"": ""q1"",
        ""target"": [""e_movie""],
        ""entities"": [
          { ""id"": ""e_movie"", ""type"": ""Movie"" },
          { ""id"": ""e_actor"", ""type"": ""Actor"" },
          { ""id"": ""e_birth_year"", ""type"": ""Year"" }
        ],
        ""relationships"": [
          { ""id"": ""r_cast"", ""role"": ""cast"", ""from"": ""e_actor"", ""to"": ""e_movie"" },
          { ""id"": ""r_born"", ""role"": ""born_in"", ""from"": ""e_actor"", ""to"": ""e_birth_year"" }
        ],
        ""constraint"": {
          ""and_conditions"": [
            ""r_cast"",
            {
              ""left"": {
                ""count_id"": ""e_actor"",
                ""condition"": {
                  ""and_conditions"": [
                    {
                      ""left"": { ""attribute_name"": ""birth_year"", ""of"": ""e_actor"" },
                      ""operator"": ""="",
                      ""right"": { ""attribute_name"": ""birth_year"", ""of"": ""e_actor"" }
                    }
                  ]
                }
              },
              ""operator"": "">"",
              ""right"": 4
            }
          ]
        }
      }
    ]
  ]
}
```"
18,Q02,Give me the movies that have more than four actors born in the same year as another actor in the cast,qwen3.5:9b,False,0.1,64.117748,True,stop,3227,2.029983,269,61.346766,4.3849,"```json
{
  ""hypotheses_set"": [
    [
      {
        ""id"": ""q1"",
        ""target"": [""e_movie""],
        ""entities"": [
          { ""id"": ""e_movie"", ""type"": ""Movie"" },
          { ""id"": ""e_actor"", ""type"": ""Actor"" }
        ],
        ""relationships"": [
          { ""id"": ""r_cast"", ""role"": ""cast"", ""from"": ""e_actor"", ""to"": ""e_movie"" }
        ],
        ""constraint"": {
          ""and_conditions"": [
            ""r_cast"",
            {
              ""left"": {
                ""count_id"": ""e_actor"",
                ""condition"": {
                  ""left"": {
                    ""attribute_name"": ""birth_year"",
                    ""of"": ""e_actor""
                  },
                  ""operator"": ""="",
                  ""right"": {
                    ""attribute_name"": ""birth_year"",
                    ""of"": ""e_actor""
                  }
                }
              },
              ""operator"": "">"",
              ""right"": 4
            }
          ]
        }
      }
    ]
  ]
}
```"
19,Q02,Give me the movies that have more than four actors born in the same year as another actor in the cast,qwen3.5:9b,False,0.1,69.345047,True,stop,3227,2.036725,292,66.540932,4.3883,"```json
{
  ""hypotheses_set"": [
    [
      {
        ""id"": ""q1"",
        ""target"": [""e_movie""],
        ""entities"": [
          { ""id"": ""e_movie"", ""type"": ""Movie"" },
          { ""id"": ""e_actor"", ""type"": ""Actor"" }
        ],
        ""relationships"": [
          { ""id"": ""r_cast"", ""role"": ""cast"", ""from"": ""e_actor"", ""to"": ""e_movie"" }
        ],
        ""constraint"": {
          ""and_conditions"": [
            ""r_cast"",
            {
              ""all_id"": ""e_actor"",
              ""condition"": {
                ""left"": {
                  ""count_id"": ""e_actor"",
                  ""condition"": {
                    ""and_conditions"": [
                      {
                        ""left"": { ""attribute_name"": ""birth_year"", ""of"": ""e_actor"" },
                        ""operator"": ""="",
                        ""right"": { ""attribute_name"": ""birth_year"", ""of"": ""e_actor"" }
                      }
                    ]
                  }
                },
                ""operator"": "">"",
                ""right"": 4
              }
            }
          ]
        }
      }
    ]
  ]
}
```"
20,Q02,Give me the movies that have more than four actors born in the same year as another actor in the cast,qwen3.5:9b,False,0.1,76.948375,True,stop,3227,2.027797,325,74.116202,4.385,"```json
{
  ""hypotheses_set"": [
    [
      {
        ""id"": ""q1"",
        ""target"": [""e_movie""],
        ""entities"": [
          { ""id"": ""e_movie"", ""type"": ""Movie"" },
          { ""id"": ""e_actor"", ""type"": ""Actor"" },
          { ""id"": ""e_birth_year"", ""type"": ""Year"" }
        ],
        ""relationships"": [
          { ""id"": ""r_cast"", ""role"": ""cast"", ""from"": ""e_actor"", ""to"": ""e_movie"" },
          { ""id"": ""r_born"", ""role"": ""born_in"", ""from"": ""e_actor"", ""to"": ""e_birth_year"" }
        ],
        ""constraint"": {
          ""and_conditions"": [
            ""r_cast"",
            {
              ""left"": {
                ""count_id"": ""e_actor"",
                ""condition"": {
                  ""and_conditions"": [
                    {
                      ""left"": { ""attribute_name"": ""birth_year"", ""of"": ""e_actor"" },
                      ""operator"": ""="",
                      ""right"": { ""attribute_name"": ""birth_year"", ""of"": ""e_actor"" }
                    }
                  ]
                }
              },
              ""operator"": "">"",
              ""right"": 4
            }
          ]
        }
      }
    ]
  ]
}
```"
21,Q02,Give me the movies that have more than four actors born in the same year as another actor in the cast,qwen3.5:9b,False,0.1,77.167967,True,stop,3227,2.004012,325,74.304189,4.3739,"```json
{
  ""hypotheses_set"": [
    [
      {
        ""id"": ""q1"",
        ""target"": [""e_movie""],
        ""entities"": [
          { ""id"": ""e_movie"", ""type"": ""Movie"" },
          { ""id"": ""e_actor"", ""type"": ""Actor"" },
          { ""id"": ""e_birth_year"", ""type"": ""Year"" }
        ],
        ""relationships"": [
          { ""id"": ""r_cast"", ""role"": ""cast"", ""from"": ""e_actor"", ""to"": ""e_movie"" },
          { ""id"": ""r_born"", ""role"": ""born_in"", ""from"": ""e_actor"", ""to"": ""e_birth_year"" }
        ],
        ""constraint"": {
          ""and_conditions"": [
            ""r_cast"",
            {
              ""left"": {
                ""count_id"": ""e_actor"",
                ""condition"": {
                  ""and_conditions"": [
                    {
                      ""left"": { ""attribute_name"": ""birth_year"", ""of"": ""e_actor"" },
                      ""operator"": ""="",
                      ""right"": { ""attribute_name"": ""birth_year"", ""of"": ""e_actor"" }
                    }
                  ]
                }
              },
              ""operator"": "">"",
              ""right"": 4
            }
          ]
        }
      }
    ]
  ]
}
```"
22,Q02,Give me the movies that have more than four actors born in the same year as another actor in the cast,qwen3.5:9b,False,0.1,64.020139,True,stop,3227,2.034699,269,61.220775,4.3939,"```json
{
  ""hypotheses_set"": [
    [
      {
        ""id"": ""q1"",
        ""target"": [""e_movie""],
        ""entities"": [
          { ""id"": ""e_movie"", ""type"": ""Movie"" },
          { ""id"": ""e_actor"", ""type"": ""Actor"" }
        ],
        ""relationships"": [
          { ""id"": ""r_cast"", ""role"": ""cast"", ""from"": ""e_actor"", ""to"": ""e_movie"" }
        ],
        ""constraint"": {
          ""and_conditions"": [
            ""r_cast"",
            {
              ""left"": {
                ""count_id"": ""e_actor"",
                ""condition"": {
                  ""left"": {
                    ""attribute_name"": ""birth_year"",
                    ""of"": ""e_actor""
                  },
                  ""operator"": ""="",
                  ""right"": {
                    ""attribute_name"": ""birth_year"",
                    ""of"": ""e_actor""
                  }
                }
              },
              ""operator"": "">"",
              ""right"": 4
            }
          ]
        }
      }
    ]
  ]
}
```"
23,Q02,Give me the movies that have more than four actors born in the same year as another actor in the cast,qwen3.5:9b,False,0.1,77.288752,True,stop,3227,2.036168,325,74.412758,4.3675,"```json
{
  ""hypotheses_set"": [
    [
      {
        ""id"": ""q1"",
        ""target"": [""e_movie""],
        ""entities"": [
          { ""id"": ""e_movie"", ""type"": ""Movie"" },
          { ""id"": ""e_actor"", ""type"": ""Actor"" },
          { ""id"": ""e_birth_year"", ""type"": ""Year"" }
        ],
        ""relationships"": [
          { ""id"": ""r_cast"", ""role"": ""cast"", ""from"": ""e_actor"", ""to"": ""e_movie"" },
          { ""id"": ""r_born"", ""role"": ""born_in"", ""from"": ""e_actor"", ""to"": ""e_birth_year"" }
        ],
        ""constraint"": {
          ""and_conditions"": [
            ""r_cast"",
            {
              ""left"": {
                ""count_id"": ""e_actor"",
                ""condition"": {
                  ""and_conditions"": [
                    {
                      ""left"": { ""attribute_name"": ""birth_year"", ""of"": ""e_actor"" },
                      ""operator"": ""="",
                      ""right"": { ""attribute_name"": ""birth_year"", ""of"": ""e_actor"" }
                    }
                  ]
                }
              },
              ""operator"": "">"",
              ""right"": 4
            }
          ]
        }
      }
    ]
  ]
}
```"
24,Q02,Give me the movies that have more than four actors born in the same year as another actor in the cast,qwen3.5:9b,False,0.1,64.299814,True,stop,3227,2.035211,270,61.509551,4.3896,"```json
{
  ""hypotheses_set"": [
    [
      {
        ""id"": ""q1"",
        ""target"": [""e_movie""],
        ""entities"": [
          { ""id"": ""e_movie"", ""type"": ""Movie"" },
          { ""id"": ""e_actor"", ""type"": ""Actor"" }
        ],
        ""relationships"": [
          { ""id"": ""r_cast"", ""role"": ""actor_in"", ""from"": ""e_actor"", ""to"": ""e_movie"" }
        ],
        ""constraint"": {
          ""and_conditions"": [
            ""r_cast"",
            {
              ""left"": {
                ""count_id"": ""e_actor"",
                ""condition"": {
                  ""left"": {
                    ""attribute_name"": ""birth_year"",
                    ""of"": ""e_actor""
                  },
                  ""operator"": ""="",
                  ""right"": {
                    ""attribute_name"": ""birth_year"",
                    ""of"": ""e_actor""
                  }
                }
              },
              ""operator"": "">"",
              ""right"": 4
            }
          ]
        }
      }
    ]
  ]
}
```"
25,Q02,Give me the movies that have more than four actors born in the same year as another actor in the cast,qwen3.5:9b,False,0.1,77.124471,True,stop,3227,2.032188,325,74.264477,4.3763,"```json
{
  ""hypotheses_set"": [
    [
      {
        ""id"": ""q1"",
        ""target"": [""e_movie""],
        ""entities"": [
          { ""id"": ""e_movie"", ""type"": ""Movie"" },
          { ""id"": ""e_actor"", ""type"": ""Actor"" },
          { ""id"": ""e_birth_year"", ""type"": ""Year"" }
        ],
        ""relationships"": [
          { ""id"": ""r_cast"", ""role"": ""cast"", ""from"": ""e_actor"", ""to"": ""e_movie"" },
          { ""id"": ""r_born"", ""role"": ""born_in"", ""from"": ""e_actor"", ""to"": ""e_birth_year"" }
        ],
        ""constraint"": {
          ""and_conditions"": [
            ""r_cast"",
            {
              ""left"": {
                ""count_id"": ""e_actor"",
                ""condition"": {
                  ""and_conditions"": [
                    {
                      ""left"": { ""attribute_name"": ""birth_year"", ""of"": ""e_actor"" },
                      ""operator"": ""="",
                      ""right"": { ""attribute_name"": ""birth_year"", ""of"": ""e_actor"" }
                    }
                  ]
                }
              },
              ""operator"": "">"",
              ""right"": 4
            }
          ]
        }
      }
    ]
  ]
}
```"
26,Q02,Give me the movies that have more than four actors born in the same year as another actor in the cast,qwen3.5:9b,False,0.1,76.933257,True,stop,3227,2.017965,325,74.096168,4.3862,"```json
{
  ""hypotheses_set"": [
    [
      {
        ""id"": ""q1"",
        ""target"": [""e_movie""],
        ""entities"": [
          { ""id"": ""e_movie"", ""type"": ""Movie"" },
          { ""id"": ""e_actor"", ""type"": ""Actor"" },
          { ""id"": ""e_birth_year"", ""type"": ""Year"" }
        ],
        ""relationships"": [
          { ""id"": ""r_cast"", ""role"": ""cast"", ""from"": ""e_actor"", ""to"": ""e_movie"" },
          { ""id"": ""r_born"", ""role"": ""born_in"", ""from"": ""e_actor"", ""to"": ""e_birth_year"" }
        ],
        ""constraint"": {
          ""and_conditions"": [
            ""r_cast"",
            {
              ""left"": {
                ""count_id"": ""e_actor"",
                ""condition"": {
                  ""and_conditions"": [
                    {
                      ""left"": { ""attribute_name"": ""birth_year"", ""of"": ""e_actor"" },
                      ""operator"": ""="",
                      ""right"": { ""attribute_name"": ""birth_year"", ""of"": ""e_actor"" }
                    }
                  ]
                }
              },
              ""operator"": "">"",
              ""right"": 4
            }
          ]
        }
      }
    ]
  ]
}
```"
27,Q02,Give me the movies that have more than four actors born in the same year as another actor in the cast,qwen3.5:9b,False,0.1,76.959247,True,stop,3227,2.002834,325,74.13228,4.3841,"```json
{
  ""hypotheses_set"": [
    [
      {
        ""id"": ""q1"",
        ""target"": [""e_movie""],
        ""entities"": [
          { ""id"": ""e_movie"", ""type"": ""Movie"" },
          { ""id"": ""e_actor"", ""type"": ""Actor"" },
          { ""id"": ""e_birth_year"", ""type"": ""Year"" }
        ],
        ""relationships"": [
          { ""id"": ""r_cast"", ""role"": ""cast"", ""from"": ""e_actor"", ""to"": ""e_movie"" },
          { ""id"": ""r_born"", ""role"": ""born_in"", ""from"": ""e_actor"", ""to"": ""e_birth_year"" }
        ],
        ""constraint"": {
          ""and_conditions"": [
            ""r_cast"",
            {
              ""left"": {
                ""count_id"": ""e_actor"",
                ""condition"": {
                  ""and_conditions"": [
                    {
                      ""left"": { ""attribute_name"": ""birth_year"", ""of"": ""e_actor"" },
                      ""operator"": ""="",
                      ""right"": { ""attribute_name"": ""birth_year"", ""of"": ""e_actor"" }
                    }
                  ]
                }
              },
              ""operator"": "">"",
              ""right"": 4
            }
          ]
        }
      }
    ]
  ]
}
```"
28,Q02,Give me the movies that have more than four actors born in the same year as another actor in the cast,qwen3.5:9b,False,0.1,77.065163,True,stop,3227,2.029714,325,74.198142,4.3802,"```json
{
  ""hypotheses_set"": [
    [
      {
        ""id"": ""q1"",
        ""target"": [""e_movie""],
        ""entities"": [
          { ""id"": ""e_movie"", ""type"": ""Movie"" },
          { ""id"": ""e_actor"", ""type"": ""Actor"" },
          { ""id"": ""e_birth_year"", ""type"": ""Year"" }
        ],
        ""relationships"": [
          { ""id"": ""r_cast"", ""role"": ""cast"", ""from"": ""e_actor"", ""to"": ""e_movie"" },
          { ""id"": ""r_born"", ""role"": ""born_in"", ""from"": ""e_actor"", ""to"": ""e_birth_year"" }
        ],
        ""constraint"": {
          ""and_conditions"": [
            ""r_cast"",
            {
              ""left"": {
                ""count_id"": ""e_actor"",
                ""condition"": {
                  ""and_conditions"": [
                    {
                      ""left"": { ""attribute_name"": ""birth_year"", ""of"": ""e_actor"" },
                      ""operator"": ""="",
                      ""right"": { ""attribute_name"": ""birth_year"", ""of"": ""e_actor"" }
                    }
                  ]
                }
              },
              ""operator"": "">"",
              ""right"": 4
            }
          ]
        }
      }
    ]
  ]
}
```"
29,Q02,Give me the movies that have more than four actors born in the same year as another actor in the cast,qwen3.5:9b,False,0.1,76.993339,True,stop,3227,2.015816,325,74.211259,4.3794,"```json
{
  ""hypotheses_set"": [
    [
      {
        ""id"": ""q1"",
        ""target"": [""e_movie""],
        ""entities"": [
          { ""id"": ""e_movie"", ""type"": ""Movie"" },
          { ""id"": ""e_actor"", ""type"": ""Actor"" },
          { ""id"": ""e_birth_year"", ""type"": ""Year"" }
        ],
        ""relationships"": [
          { ""id"": ""r_cast"", ""role"": ""cast"", ""from"": ""e_actor"", ""to"": ""e_movie"" },
          { ""id"": ""r_born"", ""role"": ""born_in"", ""from"": ""e_actor"", ""to"": ""e_birth_year"" }
        ],
        ""constraint"": {
          ""and_conditions"": [
            ""r_cast"",
            {
              ""left"": {
                ""count_id"": ""e_actor"",
                ""condition"": {
                  ""and_conditions"": [
                    {
                      ""left"": { ""attribute_name"": ""birth_year"", ""of"": ""e_actor"" },
                      ""operator"": ""="",
                      ""right"": { ""attribute_name"": ""birth_year"", ""of"": ""e_actor"" }
                    }
                  ]
                }
              },
              ""operator"": "">"",
              ""right"": 4
            }
          ]
        }
      }
    ]
  ]
}
```"
30,Q02,Give me the movies that have more than four actors born in the same year as another actor in the cast,qwen3.5:9b,False,0.1,76.858946,True,stop,3227,2.024255,325,73.980612,4.393,"```json
{
  ""hypotheses_set"": [
    [
      {
        ""id"": ""q1"",
        ""target"": [""e_movie""],
        ""entities"": [
          { ""id"": ""e_movie"", ""type"": ""Movie"" },
          { ""id"": ""e_actor"", ""type"": ""Actor"" },
          { ""id"": ""e_birth_year"", ""type"": ""Year"" }
        ],
        ""relationships"": [
          { ""id"": ""r_cast"", ""role"": ""cast"", ""from"": ""e_actor"", ""to"": ""e_movie"" },
          { ""id"": ""r_born"", ""role"": ""born_in"", ""from"": ""e_actor"", ""to"": ""e_birth_year"" }
        ],
        ""constraint"": {
          ""and_conditions"": [
            ""r_cast"",
            {
              ""left"": {
                ""count_id"": ""e_actor"",
                ""condition"": {
                  ""and_conditions"": [
                    {
                      ""left"": { ""attribute_name"": ""birth_year"", ""of"": ""e_actor"" },
                      ""operator"": ""="",
                      ""right"": { ""attribute_name"": ""birth_year"", ""of"": ""e_actor"" }
                    }
                  ]
                }
              },
              ""operator"": "">"",
              ""right"": 4
            }
          ]
        }
      }
    ]
  ]
}
```"
