Run,Query ID,Query,Model,Thinking,Temperature,Inference Time (s),Valid JSON,Done Reason,Prompt Eval Count,Prompt Eval Duration (s),Eval Count,Eval Duration (s),Generation Throughput (tokens/s),Response
1,Q02,Give me the movies that have more than four actors born in the same year as another actor in the cast,gemma4:e2b,True,0.05,79.286244,True,stop,3358,1.637517,1378,75.599018,18.2277,"```json
{
  ""hypotheses_set"": [
    [
      {
        ""id"": ""q1"",
        ""target"": [""e_movie""],
        ""entities"": [
          { ""id"": ""e_movie"", ""type"": ""Movie"" },
          { ""id"": ""e_actor"", ""type"": ""Actor"" },
          { ""id"": ""e_person"", ""type"": ""Person"" }
        ],
        ""relationships"": [
          { ""id"": ""r_cast"", ""role"": ""cast_member"", ""from"": ""e_actor"", ""to"": ""e_movie"" },
          { ""id"": ""r_born"", ""role"": ""born_in"", ""from"": ""e_person"", ""to"": ""e_actor"" }
        ],
        ""constraint"": {
          ""and_conditions"": [
            ""r_cast"",
            {
              ""count_id"": ""e_actor"",
              ""operator"": "">"",
              ""right"": 4,
              ""condition"": {
                ""all_id"": ""e_person"",
                ""condition"": {
                  ""left"": { ""attribute_name"": ""birth_year"", ""of"": ""e_person"" },
                  ""operator"": ""="",
                  ""right"": {
                    ""count_id"": ""e_person"",
                    ""condition"": {
                      ""left"": { ""attribute_name"": ""birth_year"", ""of"": ""e_person"" }
                    }
                  }
                }
              }
            }
          ]
        }
      }
    ]
  ]
}
```"
2,Q02,Give me the movies that have more than four actors born in the same year as another actor in the cast,gemma4:e2b,True,0.05,64.64781,True,stop,3358,0.065081,1137,62.796691,18.106,"```json
{
  ""hypotheses_set"": [
    [
      {
        ""id"": ""q1"",
        ""target"": [""e_movie""],
        ""entities"": [
          { ""id"": ""e_movie"", ""type"": ""Movie"" },
          { ""id"": ""e_actor"", ""type"": ""Person"" }
        ],
        ""relationships"": [
          { ""id"": ""r_cast"", ""role"": ""cast_member"", ""from"": ""e_actor"", ""to"": ""e_movie"" }
        ],
        ""constraint"": {
          ""and_conditions"": [
            ""r_cast"",
            {
              ""exists"": {
                ""exists_id"": ""e_actor"",
                ""condition"": {
                  ""all_id"": ""e_actor"",
                  ""condition"": {
                    ""left"": { ""attribute_name"": ""birth_year"", ""of"": ""e_actor"" },
                    ""operator"": ""="",
                    ""right"": {
                      ""count_id"": ""e_actor"",
                      ""condition"": {
                        ""left"": { ""attribute_name"": ""birth_year"", ""of"": ""e_actor"" },
                        ""operator"": ""="",
                        ""right"": {
                          ""count_id"": ""e_actor"",
                          ""condition"": {
                            ""left"": { ""attribute_name"": ""birth_year"", ""of"": ""e_actor"" },
                            ""operator"": ""="",
                            ""right"": {
                              ""count_id"": ""e_actor"",
                              ""condition"": {
                                ""left"": { ""attribute_name"": ""birth_year"", ""of"": ""e_actor"" },
                                ""operator"": "">"",
                                ""right"": 4
                              }
                            }
                          }
                        }
                      }
                    }
                  }
                }
              }
            }
          ]
        }
      }
    ]
  ]
}
```"
3,Q02,Give me the movies that have more than four actors born in the same year as another actor in the cast,gemma4:e2b,True,0.05,65.250463,True,stop,3358,0.060214,1150,63.424648,18.1318,"```json
{
  ""hypotheses_set"": [
    [
      {
        ""id"": ""q1"",
        ""target"": [""e_movie""],
        ""entities"": [
          { ""id"": ""e_movie"", ""type"": ""Movie"" },
          { ""id"": ""e_actor"", ""type"": ""Actor"" }
        ],
        ""relationships"": [
          { ""id"": ""r_cast"", ""role"": ""cast_member"", ""from"": ""e_actor"", ""to"": ""e_movie"" }
        ],
        ""constraint"": {
          ""and_conditions"": [
            ""r_cast"",
            {
              ""count_id"": ""e_actor"",
              ""operator"": "">"",
              ""right"": 4,
              ""condition"": {
                ""left"": {
                  ""attribute_name"": ""birth_year"",
                  ""of"": ""e_actor""
                },
                ""and_conditions"": [
                  {
                    ""left"": {
                      ""attribute_name"": ""birth_year"",
                      ""of"": ""e_actor""
                    },
                    ""operator"": ""="",
                    ""right"": {
                      ""count_id"": ""e_actor"",
                      ""condition"": {
                        ""left"": {
                          ""attribute_name"": ""birth_year"",
                          ""of"": ""e_actor""
                        }
                      }
                    }
                  }
                ]
              }
            }
          ]
        }
      }
    ]
  ]
}
```"
4,Q02,Give me the movies that have more than four actors born in the same year as another actor in the cast,gemma4:e2b,True,0.05,63.840114,True,stop,3358,0.059053,1124,62.013274,18.1252,"```json
{
  ""hypotheses_set"": [
    [
      {
        ""id"": ""q1"",
        ""target"": [""e_movie""],
        ""entities"": [
          { ""id"": ""e_movie"", ""type"": ""Movie"" },
          { ""id"": ""e_person"", ""type"": ""Person"" }
        ],
        ""relationships"": [
          { ""id"": ""r_cast"", ""role"": ""cast_member"", ""from"": ""e_person"", ""to"": ""e_movie"" }
        ],
        ""constraint"": {
          ""and_conditions"": [
            ""r_cast"",
            {
              ""count_id"": ""e_person"",
              ""operator"": "">"",
              ""right"": 4
            }
          ]
        }
      }
    ]
  ]
}
```"
5,Q02,Give me the movies that have more than four actors born in the same year as another actor in the cast,gemma4:e2b,True,0.05,60.22333,True,stop,3358,0.059513,1058,58.498921,18.0858,"```json
{
  ""hypotheses_set"": [
    [
      {
        ""id"": ""q1"",
        ""target"": [""e_movie""],
        ""entities"": [
          { ""id"": ""e_movie"", ""type"": ""Movie"" },
          { ""id"": ""e_actor"", ""type"": ""Person"" }
        ],
        ""relationships"": [
          { ""id"": ""r_cast"", ""role"": ""cast_member"", ""from"": ""e_actor"", ""to"": ""e_movie"" }
        ],
        ""constraint"": {
          ""and_conditions"": [
            ""r_cast"",
            {
              ""count_id"": ""e_actor"",
              ""operator"": "">"",
              ""right"": 4,
              ""and_conditions"": [
                {
                  ""left"": {
                    ""attribute_name"": ""birth_year"",
                    ""of"": ""e_actor""
                  },
                  ""operator"": ""="",
                  ""right"": {
                    ""count_id"": ""e_actor"",
                    ""condition"": {
                      ""left"": {
                        ""attribute_name"": ""birth_year"",
                        ""of"": ""e_actor""
                      },
                      ""operator"": ""="",
                      ""right"": {
                        ""attribute_name"": ""birth_year"",
                        ""of"": ""e_actor""
                      }
                    }
                  }
                }
              ]
            }
          ]
        }
      }
    ]
  ]
}
```"
6,Q02,Give me the movies that have more than four actors born in the same year as another actor in the cast,gemma4:e2b,True,0.05,82.337205,True,stop,3358,0.063494,1451,80.124361,18.1093,"```json
{
  ""hypotheses_set"": [
    [
      {
        ""id"": ""q1"",
        ""target"": [""e_movie""],
        ""entities"": [
          { ""id"": ""e_movie"", ""type"": ""Movie"" },
          { ""id"": ""e_actor"", ""type"": ""Person"" }
        ],
        ""relationships"": [
          { ""id"": ""r_cast"", ""role"": ""cast_member"", ""from"": ""e_actor"", ""to"": ""e_movie"" }
        ],
        ""constraint"": {
          ""and_conditions"": [
            ""r_cast"",
            {
              ""exists"": {
                ""id"": ""e_year"",
                ""condition"": {
                  ""all_id"": ""e_actor"",
                  ""condition"": {
                    ""left"": {
                      ""attribute_name"": ""birth_year"",
                      ""of"": ""e_actor""
                    },
                    ""operator"": ""="",
                    ""right"": {
                      ""left"": {
                        ""count_id"": ""e_actor"",
                        ""condition"": {
                          ""left"": {
                            ""attribute_name"": ""birth_year"",
                            ""of"": ""e_actor""
                          },
                          ""operator"": ""="",
                          ""right"": {
                            ""left"": {
                              ""attribute_name"": ""birth_year"",
                              ""of"": ""e_actor""
                            }
                          }
                        }
                      },
                      ""operator"": "">"",
                      ""right"": 4
                    }
                  }
                }
              }
            }
          ]
        }
      }
    ]
  ]
}
```"
7,Q02,Give me the movies that have more than four actors born in the same year as another actor in the cast,gemma4:e2b,True,0.05,116.640804,False,length,3358,0.063475,2048,113.754533,18.0037,"```json
{
  ""hypotheses_set"": [
    [
      {
        ""id"": ""q1"",
        ""target"": [""e_movie""],
        ""entities"": [
          { ""id"": ""e_movie"", ""type"": ""Movie"" },
          { ""id"": ""e_actor"", ""type"": ""Person"" }
        ],
        ""relationships"": [
          { ""id"": ""r_cast"", ""role"": ""cast_member"", ""from"": ""e_actor"", ""to"": ""e_movie"" }
        ],
        ""constraint"": {
          ""and_conditions"": [
            ""r_cast"",
            {
              ""exists"": {
                ""id"": ""e_year"",
                ""condition"": {
                  ""all_id"": ""e_actor"",
                  ""condition"": {
                    ""left"": { ""attribute_name"": ""birth_year"", ""of"": ""e_actor"" },
                    ""operator"": ""="",
                    ""right"": {
                      ""count_id"": ""e_actor"",
                      ""condition"": {
                        ""left"": { ""attribute_name"": ""birth_year"", ""of"": ""e_actor"" },
                        ""operator"": ""="",
                        ""right"": {
                          ""count_id"": ""e_actor"",
                          ""condition"": {
                            ""left"": { ""attribute_name"": ""birth_year"", ""of"": ""e_actor"" },
                            ""operator"": ""="",
                            ""right"": {
                              ""count_id"": ""e_actor"",
                              ""condition"": {
                                ""left"": { ""attribute_name"": ""birth_year"", ""of"": ""e_actor"" },
                                ""operator"": ""="",
                                ""right"": {
                                  ""count_id"": ""e_actor"",
                                  ""condition"": {
                                    ""left"": { ""attribute_name"": ""birth_year"", ""of"": ""e_actor"" },
                                    ""operator"": ""="",
                                    ""right"": {
                                      ""count_id"": ""e_actor"",
                                      ""condition"": {
                                        ""left"": { ""attribute_name"": ""birth_year"", ""of"": ""e_actor"" },
                                        ""operator"": ""="",
                                        ""right"": {
                                          ""count_id"": ""e_actor"",
                                          ""condition"": {
                                            ""left"": { ""attribute_name"": ""birth_year"", ""of"": ""e_actor"" },
                                            ""operator"": ""="",
                                            ""right"": {
                                              ""count_id"": ""e_actor"",
                                              ""condition"": {
                                                ""left"": { ""attribute_name"": ""birth_year"", ""of"": ""e_actor"" },
                                                ""operator"": ""="",
                                                ""right"": {
                                                  ""count_id"": ""e_actor"",
                                                  ""condition"": {
                                                    ""left"": { ""attribute_name"": ""birth_year"", ""of"": ""e_actor"" },
                                                    ""operator"": ""="",
                                                    ""right"": {
                                                      ""count_id"": ""e_actor"",
                                                      ""condition"": {
                                                        ""left"": { ""attribute_name"": ""birth_year"", ""of"": ""e_actor"" },
                                                        ""operator"": ""="",
                                                        ""right"": {
                                                          ""count_id"": ""e_actor"",
                                                          ""condition"": {
                                                            ""left"": { ""attribute_name"": ""birth_year"", ""of"": ""e_actor"" },
                                                            ""operator"": ""="",
                                                            ""right"": {
                                                              ""count_id"": ""e_actor"",
                                                              ""condition"": {
                                                                ""left"": { ""attribute_name"": ""birth_year"", ""of"": ""e_actor"" },
                                                                ""operator"": ""="",
                                                                ""right"": {
                                                                  ""count_id"": ""e_actor"",
                                                                  ""condition"": {
                                                                    ""left"": { ""attribute_name"": ""birth_year"", ""of"": ""e_actor"" },
                                                                    ""operator"": ""="",
                                                                    ""right"": {
                                                                      ""count_id"": ""e_actor"",
                                                                      ""condition"": {
                                                                        ""left"": { ""attribute_name"": ""birth_year"", ""of"": ""e_actor"" },
                                                                        ""operator"": ""="",
                                                                        ""right"": {
                                                                          ""count_id"": ""e_actor"",
                                                                          ""condition"": {
                                                                            ""left"": { ""attribute_name"": ""birth_year"", ""of"": ""e_actor"" },
                                                                            ""operator"": ""="",
                                                                            ""right"": {
                                                                              ""count_id"": ""e_actor"",
                                                                              ""condition"": {
                                                                                ""left"": { ""attribute_name"": ""birth_year"", ""of"": ""e_actor"" },
                                                                                ""operator"": ""="",
                                                                                ""right"": {
                                                                                  ""count_id"": ""e_actor"",
                                                                                  ""condition"": {
                                                                                    ""left"": { ""attribute_name"": ""birth_year"", ""of"": ""e_actor"" },
                                                                                    ""operator"": ""="",
                                                                                    ""right"": {
                                                                                      ""count_id"": ""e_actor"",
                                                                                      ""condition"": {
                                                                                        ""left"": { ""attribute_name"": ""birth_year"", ""of"": ""e_actor"" },
                                                                                        ""operator"": ""="",
                                                                                        """
8,Q02,Give me the movies that have more than four actors born in the same year as another actor in the cast,gemma4:e2b,True,0.05,55.823872,True,stop,3358,0.064704,979,54.163607,18.0749,"```json
{
  ""hypotheses_set"": [
    [
      {
        ""id"": ""q1"",
        ""target"": [""e_movie""],
        ""entities"": [
          { ""id"": ""e_movie"", ""type"": ""Movie"" },
          { ""id"": ""e_actor"", ""type"": ""Person"" }
        ],
        ""relationships"": [
          { ""id"": ""r_cast"", ""role"": ""cast_member"", ""from"": ""e_actor"", ""to"": ""e_movie"" }
        ],
        ""constraint"": {
          ""and_conditions"": [
            ""r_cast"",
            {
              ""count_id"": ""e_actor"",
              ""condition"": {
                ""left"": {
                  ""attribute_name"": ""birth_year"",
                  ""of"": ""e_actor""
                },
                ""operator"": "">"",
                ""right"": 4
              }
            }
          ]
        }
      }
    ]
  ]
}
```"
9,Q02,Give me the movies that have more than four actors born in the same year as another actor in the cast,gemma4:e2b,True,0.05,116.36622,False,length,3358,0.062046,2048,113.47103,18.0487,"```json
{
  ""hypotheses_set"": [
    [
      {
        ""id"": ""q1"",
        ""target"": [""e_movie""],
        ""entities"": [
          { ""id"": ""e_movie"", ""type"": ""Movie"" },
          { ""id"": ""e_actor"", ""type"": ""Person"" }
        ],
        ""relationships"": [
          { ""id"": ""r_cast"", ""role"": ""cast_member"", ""from"": ""e_actor"", ""to"": ""e_movie"" }
        ],
        ""constraint"": {
          ""and_conditions"": [
            ""r_cast"",
            {
              ""exists"": {
                ""id"": ""e_year"",
                ""condition"": {
                  ""all_id"": ""e_actor"",
                  ""condition"": {
                    ""left"": { ""attribute_name"": ""birth_year"", ""of"": ""e_actor"" },
                    ""operator"": ""="",
                    ""right"": {
                      ""count_id"": ""e_actor"",
                      ""condition"": {
                        ""left"": { ""attribute_name"": ""birth_year"", ""of"": ""e_actor"" },
                        ""operator"": ""="",
                        ""right"": {
                          ""count_id"": ""e_actor"",
                          ""condition"": {
                            ""left"": { ""attribute_name"": ""birth_year"", ""of"": ""e_actor"" },
                            ""operator"": ""="",
                            ""right"": {
                              ""count_id"": ""e_movie"",
                              ""condition"": {
                                ""left"": { ""attribute_name"": ""birth_year"", ""of"": ""e_actor"" },
                                ""operator"": ""="",
                                ""right"": {
                                  ""count_id"": ""e_actor"",
                                  ""condition"": {
                                    ""left"": { ""attribute_name"": ""birth_year"", ""of"": ""e_actor"" },
                                    ""operator"": ""="",
                                    ""right"": {
                                      ""count_id"": ""e_movie"",
                                      ""condition"": {
                                        ""left"": { ""attribute_name"": ""birth_year"", ""of"": ""e_actor"" },
                                        ""operator"": ""="",
                                        ""right"": {
                                          ""count_id"": ""e_movie"",
                                          ""condition"": {
                                            ""left"": { ""attribute_name"": ""birth_year"", ""of"": ""e_actor"" },
                                            ""operator"": ""="",
                                            ""right"": {
                                              ""count_id"": ""e_movie"",
                                              ""condition"": {
                                                ""left"": { ""attribute_name"": ""birth_year"", ""of"": ""e_actor"" },
                                                ""operator"": ""="",
                                                ""right"": {
                                                  ""count_id"": ""e_movie"",
                                                  ""condition"": {
                                                    ""left"": { ""attribute_name"": ""birth_year"", ""of"": ""e_actor"" },
                                                    ""operator"": ""="",
                                                    ""right"": {
                                                      ""count_id"": ""e_movie"",
                                                      ""condition"": {
                                                        ""left"": { ""attribute_name"": ""birth_year"", ""of"": ""e_actor"" },
                                                        ""operator"": ""="",
                                                        ""right"": {
                                                          ""count_id"": ""e_movie"",
                                                          ""condition"": {
                                                            ""left"": { ""attribute_name"": ""birth_year"", ""of"": ""e_actor"" },
                                                            ""operator"": ""="",
                                                            ""right"": {
                                                              ""count_id"": ""e_movie"",
                                                              ""condition"": {
                                                                ""left"": { ""attribute_name"": ""birth_year"", ""of"": ""e_actor"" },
                                                                ""operator"": ""="",
                                                                ""right"": {
                                                                  ""count_id"": ""e_movie"",
                                                                  ""condition"": {
                                                                    ""left"": { ""attribute_name"": ""birth_year"", ""of"": ""e_actor"" },
                                                                    ""operator"": ""="",
                                                                    ""right"": {
                                                                      ""count_id"": ""e_movie"",
                                                                      ""condition"": {
                                                                        ""left"": { ""attribute_name"": ""birth_year"", ""of"": ""e_actor"" },
                                                                        ""operator"": ""="",
                                                                        ""right"": {
                                                                          ""count_id"": ""e_movie"",
                                                                          ""condition"": {
                                                                            ""left"": { ""attribute_name"": ""birth_year"", ""of"": ""e_actor"" },
                                                                            ""operator"": ""="",
                                                                            ""right"": {
                                                                              ""count_id"": ""e_movie"",
                                                                              ""condition"": {
                                                                                ""left"": { ""attribute_name"": ""birth_year"", ""of"": ""e_actor"" },
                                                                                ""operator"": ""="",
                                                                                ""right"": {
                                                                                  ""count_id"": ""e_movie"",
                                                                                  ""condition"": {
                                                                                    ""left"": { ""attribute_name"": ""birth_year"", ""of"": ""e_actor"" },
                                                                                    ""operator"": ""="",
                                                                                    ""right"": {
                                                                                      ""count_id"": ""e_movie"",
                                                                                      ""condition"": {
                                                                                        ""left"": { ""attribute_name"": ""birth_year"", ""of"": ""e_actor"" },
                                                                                        ""operator"": ""="",
                                                                                        ""right"": {
                                                                                          ""count_id"": ""e_movie"",
                                                                                          ""condition"": {
                                                                                            ""left"": { ""attribute_name"": ""birth_year"", ""of"": """
10,Q02,Give me the movies that have more than four actors born in the same year as another actor in the cast,gemma4:e2b,True,0.05,55.904688,True,stop,3358,0.060697,977,54.271216,18.0022,"```json
{
  ""hypotheses_set"": [
    [
      {
        ""id"": ""q1"",
        ""target"": [""e_movie""],
        ""entities"": [
          { ""id"": ""e_movie"", ""type"": ""Movie"" },
          { ""id"": ""e_actor"", ""type"": ""Person"" }
        ],
        ""relationships"": [
          { ""id"": ""r_cast"", ""role"": ""cast_member"", ""from"": ""e_actor"", ""to"": ""e_movie"" }
        ],
        ""constraint"": {
          ""and_conditions"": [
            ""r_cast"",
            {
              ""and_conditions"": [
                {
                  ""left"": {
                    ""count_id"": ""e_actor"",
                    ""condition"": {
                      ""left"": { ""attribute_name"": ""birth_year"", ""of"": ""e_actor"" },
                      ""operator"": ""="",
                      ""right"": {
                        ""left"": { ""count_id"": ""e_actor"" },
                        ""operator"": "">"",
                        ""right"": 4
                      }
                    }
                  }
                }
              ]
            }
          ]
        }
      }
    ]
  ]
}
```"
11,Q02,Give me the movies that have more than four actors born in the same year as another actor in the cast,gemma4:e2b,True,0.05,58.530507,True,stop,3358,0.060897,1030,56.836703,18.1221,"```json
{
  ""hypotheses_set"": [
    [
      {
        ""id"": ""q1"",
        ""target"": [""e_movie""],
        ""entities"": [
          { ""id"": ""e_movie"", ""type"": ""Movie"" },
          { ""id"": ""e_actor"", ""type"": ""Person"" }
        ],
        ""relationships"": [
          { ""id"": ""r_cast"", ""role"": ""cast"", ""from"": ""e_actor"", ""to"": ""e_movie"" }
        ],
        ""constraint"": {
          ""and_conditions"": [
            ""r_cast"",
            {
              ""exists"": {
                ""id"": ""e_actor"",
                ""condition"": {
                  ""all_id"": ""e_actor"",
                  ""condition"": {
                    ""count_id"": ""e_actor"",
                    ""operator"": "">"",
                    ""right"": 4
                  }
                }
              }
            }
          ]
        }
      }
    ]
  ]
}
```"
12,Q02,Give me the movies that have more than four actors born in the same year as another actor in the cast,gemma4:e2b,True,0.05,116.406494,False,length,3358,0.061403,2048,113.516952,18.0414,"```json
{
  ""hypotheses_set"": [
    [
      {
        ""id"": ""q1"",
        ""target"": [""e_movie""],
        ""entities"": [
          { ""id"": ""e_movie"", ""type"": ""Movie"" },
          { ""id"": ""e_actor"", ""type"": ""Actor"" },
          { ""id"": ""e_person"", ""type"": ""Person"" }
        ],
        ""relationships"": [
          { ""id"": ""r_cast"", ""role"": ""cast_member"", ""from"": ""e_actor"", ""to"": ""e_movie"" },
          { ""id"": ""r_born"", ""role"": ""born_in"", ""from"": ""e_actor"", ""to"": ""e_person"" }
        ],
        ""constraint"": {
          ""and_conditions"": [
            ""r_cast"",
            {
              ""exists"": {
                ""exists_id"": ""e_person"",
                ""condition"": {
                  ""left"": { ""attribute_name"": ""birth_year"", ""of"": ""e_person"" },
                  ""operator"": ""="",
                  ""right"": {
                    ""count_id"": ""e_actor"",
                    ""condition"": {
                      ""left"": { ""attribute_name"": ""birth_year"", ""of"": ""e_person"" },
                      ""operator"": ""="",
                      ""right"": {
                        ""count_id"": ""e_person"",
                        ""condition"": {
                          ""left"": { ""attribute_name"": ""birth_year"", ""of"": ""e_person"" },
                          ""operator"": ""="",
                          ""right"": {
                            ""count_id"": ""e_actor"",
                            ""condition"": {
                              ""left"": { ""attribute_name"": ""birth_year"", ""of"": ""e_person"" },
                              ""operator"": ""="",
                              ""right"": {
                                ""count_id"": ""e_person"",
                                ""condition"": {
                                  ""left"": { ""attribute_name"": ""birth_year"", ""of"": ""e_person"" },
                                  ""operator"": ""="",
                                  ""right"": {
                                    ""count_id"": ""e_actor"",
                                    ""condition"": {
                                      ""left"": { ""attribute_name"": ""birth_year"", ""of"": ""e_person"" },
                                      ""operator"": ""="",
                                      ""right"": {
                                        ""count_id"": ""e_person"",
                                        ""condition"": {
                                          ""left"": { ""attribute_name"": ""birth_year"", ""of"": ""e_person"" },
                                          ""operator"": ""="",
                                          ""right"": {
                                            ""count_id"": ""e_actor"",
                                            ""condition"": {
                                              ""left"": { ""attribute_name"": ""birth_year"", ""of"": ""e_person"" },
                                              ""operator"": ""="",
                                              ""right"": {
                                                ""count_id"": ""e_person"",
                                                ""condition"": {
                                                  ""left"": { ""attribute_name"": ""birth_year"", ""of"": ""e_person"" },
                                                  ""operator"": ""="",
                                                  ""right"": {
                                                    ""count_id"": ""e_actor"",
                                                    ""condition"": {
                                                      ""left"": { ""attribute_name"": ""birth_year"", ""of"": ""e_person"" },
                                                      ""operator"": ""="",
                                                      ""right"": {
                                                        ""count_id"": ""e_person"",
                                                        ""condition"": {
                                                          ""left"": { ""attribute_name"": ""birth_year"", ""of"": ""e_person"" },
                                                          ""operator"": ""="",
                                                          ""right"": {
                                                            ""count_id"": ""e_actor"",
                                                            ""condition"": {
                                                              ""left"": { ""attribute_name"": ""birth_year"", ""of"": ""e_person"" },
                                                              ""operator"": ""="",
                                                              ""right"": {
                                                                ""count_id"": ""e_person"",
                                                                ""condition"": {
                                                                  ""left"": { ""attribute_name"": ""birth_year"", ""of"": ""e_person"" },
                                                                  ""operator"": ""="",
                                                                  ""right"": {
                                                                    ""count_id"": ""e_actor"",
                                                                    ""condition"": {
                                                                      ""left"": { ""attribute_name"": ""birth_year"", ""of"": ""e_person"" },
                                                                      ""operator"": "">"",
                                                                      ""right"": 4
                                                                    }
                                                                  }
                                                                }
                                                              }
                                                            }
                                                          }
                                                        }
                                                      }
                                                    }
                                                  }
                                                }
                                              }
                                            }
                                          }
                                        }
                                      }
                                    }
                                  }
                              }
                            }
                          ]
                        "
13,Q02,Give me the movies that have more than four actors born in the same year as another actor in the cast,gemma4:e2b,True,0.05,57.039785,True,stop,3358,0.098238,978,53.731902,18.2015,"```json
{
  ""hypotheses_set"": [
    [
      {
        ""id"": ""q1"",
        ""target"": [""e_movie""],
        ""entities"": [
          { ""id"": ""e_movie"", ""type"": ""Movie"" },
          { ""id"": ""e_actor"", ""type"": ""Person"" }
        ],
        ""relationships"": [
          { ""id"": ""r_cast"", ""role"": ""cast_member"", ""from"": ""e_actor"", ""to"": ""e_movie"" }
        ],
        ""constraint"": {
          ""and_conditions"": [
            ""r_cast"",
            {
              ""exists"": {
                ""exists_id"": ""e_actor"",
                ""condition"": {
                  ""all_id"": ""e_actor"",
                  ""condition"": {
                    ""count_id"": ""e_actor"",
                    ""operator"": "">"",
                    ""right"": 4
                  }
                }
              }
            }
          ]
        }
      }
    ]
  ]
}
```"
14,Q02,Give me the movies that have more than four actors born in the same year as another actor in the cast,gemma4:e2b,True,0.05,68.989288,True,stop,3358,0.061117,1215,67.052169,18.1202,"```json
{
  ""hypotheses_set"": [
    [
      {
        ""id"": ""q1"",
        ""target"": [""e_movie""],
        ""entities"": [
          { ""id"": ""e_movie"", ""type"": ""Movie"" },
          { ""id"": ""e_actor"", ""type"": ""Actor"" }
        ],
        ""relationships"": [
          { ""id"": ""r_cast"", ""role"": ""cast_member"", ""from"": ""e_actor"", ""to"": ""e_movie"" }
        ],
        ""constraint"": {
          ""and_conditions"": [
            ""r_cast"",
            {
              ""left"": {
                ""count_id"": ""e_actor"",
                ""condition"": {
                  ""left"": { ""attribute_name"": ""birth_year"", ""of"": ""e_actor"" },
                  ""operator"": "">"",
                  ""right"": 4
                }
              }
            }
          ]
        }
      }
    ]
  ]
}
```"
15,Q02,Give me the movies that have more than four actors born in the same year as another actor in the cast,gemma4:e2b,True,0.05,72.359925,True,stop,3358,0.06424,1270,70.382589,18.0442,"```json
{
  ""hypotheses_set"": [
    [
      {
        ""id"": ""q1"",
        ""target"": [""e_movie""],
        ""entities"": [
          { ""id"": ""e_movie"", ""type"": ""Movie"" },
          { ""id"": ""e_person"", ""type"": ""Person"" }
        ],
        ""relationships"": [
          { ""id"": ""r_cast"", ""role"": ""cast_member"", ""from"": ""e_person"", ""to"": ""e_movie"" }
        ],
        ""constraint"": {
          ""and_conditions"": [
            ""r_cast"",
            {
              ""exists"": {
                ""id"": ""e_person"",
                ""condition"": {
                  ""all_id"": ""e_person"",
                  ""condition"": {
                    ""exists"": {
                      ""id"": ""e_person"",
                      ""condition"": {
                        ""and_conditions"": [
                          ""r_cast"",
                          {
                            ""left"": {
                              ""attribute_name"": ""birth_year"",
                              ""of"": ""e_person""
                            },
                            ""operator"": ""="",
                            ""right"": {
                              ""attribute_name"": ""birth_year"",
                              ""of"": ""e_person""
                            }
                          }
                        ]
                      }
                    }
                  }
                }
              }
            },
            {
              ""left"": {
                ""count_id"": ""e_person"",
                ""condition"": {
                  ""left"": {
                    ""attribute_name"": ""birth_year"",
                    ""of"": ""e_person""
                  },
                  ""operator"": ""="",
                  ""right"": {
                    ""attribute_name"": ""birth_year"",
                    ""of"": ""e_person""
                  }
                }
              },
              ""operator"": "">"",
              ""right"": 4
            }
          ]
        }
      }
    ]
  ]
}
```"
16,Q02,Give me the movies that have more than four actors born in the same year as another actor in the cast,gemma4:e2b,True,0.05,116.758577,False,length,3358,0.061039,2048,113.873986,17.9848,"```json
{
  ""hypotheses_set"": [
    [
      {
        ""id"": ""q1"",
        ""target"": [""e_movie""],
        ""entities"": [
          { ""id"": ""e_movie"", ""type"": ""Movie"" },
          { ""id"": ""e_actor"", ""type"": ""Actor"" },
          { ""id"": ""e_person"", ""type"": ""Person"" }
        ],
        ""relationships"": [
          { ""id"": ""r_cast"", ""role"": ""cast_member"", ""from"": ""e_actor"", ""to"": ""e_movie"" },
          { ""id"": ""r_born"", ""role"": ""born_in"", ""from"": ""e_actor"", ""to"": ""e_person"" }
        ],
        ""constraint"": {
          ""and_conditions"": [
            ""r_cast"",
            {
              ""exists"": {
                ""id"": ""e_person"",
                ""condition"": {
                  ""left"": { ""attribute_name"": ""birth_year"", ""of"": ""e_actor"" },
                  ""operator"": ""="",
                  ""right"": {
                    ""count_id"": ""e_person"",
                    ""condition"": {
                      ""left"": { ""attribute_name"": ""birth_year"", ""of"": ""e_person"" },
                      ""operator"": ""="",
                      ""right"": {
                        ""count_id"": ""e_actor"",
                        ""condition"": {
                          ""left"": { ""attribute_name"": ""birth_year"", ""of"": ""e_actor"" },
                          ""operator"": ""="",
                          ""right"": {
                            ""count_id"": ""e_person"",
                            ""condition"": {
                              ""left"": { ""attribute_name"": ""birth_year"", ""of"": ""e_person"" },
                              ""operator"": ""="",
                              ""right"": {
                                ""count_id"": ""e_actor"",
                                ""condition"": {
                                  ""left"": { ""attribute_name"": ""birth_year"", ""of"": ""e_actor"" },
                                  ""operator"": ""="",
                                  ""right"": {
                                    ""count_id"": ""e_person"",
                                    ""condition"": {
                                      ""left"": { ""attribute_name"": ""birth_year"", ""of"": ""e_person"" },
                                      ""operator"": ""="",
                                      ""right"": {
                                        ""count_id"": ""e_actor"",
                                        ""condition"": {
                                          ""left"": { ""attribute_name"": ""birth_year"", ""of"": ""e_actor"" },
                                          ""operator"": ""="",
                                          ""right"": {
                                            ""count_id"": ""e_person"",
                                            ""condition"": {
                                              ""left"": { ""attribute_name"": ""birth_year"", ""of"": ""e_person"" },
                                              ""operator"": ""="",
                                              ""right"": {
                                                ""count_id"": ""e_actor"",
                                                ""condition"": {
                                                  ""left"": { ""attribute_name"": ""birth_year"", ""of"": ""e_actor"" },
                                                  ""operator"": ""="",
                                                  ""right"": {
                                                    ""count_id"": ""e_person"",
                                                    ""condition"": {
                                                      ""left"": { ""attribute_name"": ""birth_year"", ""of"": ""e_person"" },
                                                      ""operator"": ""="",
                                                      ""right"": {
                                                        ""count_id"": ""e_actor"",
                                                        ""condition"": {
                                                          ""left"": { ""attribute_name"": ""birth_year"", ""of"": ""e_actor"" },
                                                          ""operator"": ""="",
                                                          ""right"": {
                                                            ""count_id"": ""e_person"",
                                                            ""condition"": {
                                                              ""left"": { ""attribute_name"": ""birth_year"", ""of"": ""e_person"" },
                                                              ""operator"": ""="",
                                                              ""right"": {
                                                                ""count_id"": ""e_actor"",
                                                                ""condition"": {
                                                                  ""left"": { ""attribute_name"": ""birth_year"", ""of"": ""e_actor"" },
                                                                  ""operator"": ""="",
                                                                  ""right"": {
                                                                    ""count_id"": ""e_person"",
                                                                    ""condition"": {
                                                                      ""left"": { ""attribute_name"": ""birth_year"", ""of"": ""e_person"" },
                                                                      ""operator"": ""="",
                                                                      ""right"": {
                                                                        ""count_id"": ""e_actor"",
                                                                        ""condition"": {
                                                                          ""left"": { ""attribute_name"": ""birth_year"", ""of"": ""e_actor"" },
                                                                          ""operator"": ""="",
                                                                          ""right"": {
                                                                            ""count_id"": ""e_person"",
                                                                            ""condition"": {
                                                                              ""left"": { ""attribute_name"": ""birth_year"", ""of"": ""e_person"" },
                                                                              ""operator"
17,Q02,Give me the movies that have more than four actors born in the same year as another actor in the cast,gemma4:e2b,True,0.05,117.033023,False,length,3358,0.061473,2048,114.140844,17.9427,"```json
{
  ""hypotheses_set"": [
    [
      {
        ""id"": ""q1"",
        ""target"": [""e_movie""],
        ""entities"": [
          { ""id"": ""e_movie"", ""type"": ""Movie"" },
          { ""id"": ""e_person"", ""type"": ""Person"" }
        ],
        ""relationships"": [
          { ""id"": ""r_cast"", ""role"": ""cast_member"", ""from"": ""e_person"", ""to"": ""e_movie"" }
        ],
        ""constraint"": {
          ""and_conditions"": [
            ""r_cast"",
            {
              ""exists"": {
                ""id"": ""e_year"",
                ""condition"": {
                  ""all_id"": ""e_person"",
                  ""condition"": {
                    ""and_conditions"": [
                      ""r_cast"",
                      {
                        ""left"": {
                          ""attribute_name"": ""birth_year"",
                          ""of"": ""e_person""
                        },
                        ""operator"": ""="",
                        ""right"": {
                          ""count_id"": ""e_year"",
                          ""condition"": {
                            ""left"": {
                              ""count_id"": ""e_person"",
                              ""condition"": {
                                ""left"": {
                                  ""attribute_name"": ""birth_year"",
                                  ""of"": ""e_person""
                                },
                                ""operator"": ""="",
                                ""right"": {
                                  ""left"": {
                                    ""count_id"": ""e_year"",
                                    ""condition"": {
                                      ""left"": {
                                        ""attribute_name"": ""birth_year"",
                                        ""of"": ""e_person""
                                      },
                                      ""operator"": ""="",
                                      ""right"": {
                                        ""left"": {
                                          ""count_id"": ""e_year"",
                                          ""condition"": {
                                            ""left"": {
                                              ""count_id"": ""e_person"",
                                              ""condition"": {
                                                ""left"": {
                                                  ""attribute_name"": ""birth_year"",
                                                  ""of"": ""e_person""
                                                },
                                                ""operator"": ""="",
                                                ""right"": {
                                                  ""left"": {
                                                    ""count_id"": ""e_year"",
                                                    ""condition"": {
                                                      ""left"": {
                                                        ""count_id"": ""e_person"",
                                                        ""condition"": {
                                                          ""left"": {
                                                            ""attribute_name"": ""birth_year"",
                                                            ""of"": ""e_person""
                                                          },
                                                          ""operator"": ""="",
                                                          ""right"": {
                                                            ""left"": {
                                                              ""count_id"": ""e_year"",
                                                              ""condition"": {
                                                                ""left"": {
                                                                  ""count_id"": ""e_person"",
                                                                  ""condition"": {
                                                                    ""left"": {
                                                                      ""attribute_name"": ""birth_year"",
                                                                      ""of"": ""e_person""
                                                                    },
                                                                    ""operator"": ""="",
                                                                    ""right"": {
                                                                      ""left"": {
                                                                        ""count_id"": ""e_year"",
                                                                        ""condition"": {
                                                                          ""left"": {
                                                                            ""count_id"": ""e_person"",
                                                                            ""condition"": {
                                                                              ""left"": {
                                                                                ""attribute_name"": ""birth_year"",
                                                                                ""of"": ""e_person""
                                                                              },
                                                                              ""operator"": ""="",
                                                                              ""right"": {
                                                                                ""left"": {
                                                                                  ""count_id"": ""e_year"",
                                                                                  ""condition"": {
                                                                                    ""left"": {
                                                                                      ""count_id"": ""e_person"",
                                                                                      ""condition"": {
                                                                                        ""left"": {
                                                                                          ""attribute_name"": ""birth_year"",
                                                                                          ""of"": ""e_person""
                                                                                        },
                                                                                        ""operator"": ""="",
                                                                                        ""right"": {
                                                                                          ""left"": {
                                                                                            ""count_id"": ""e_year"",
                                                                                            ""condition"": {
                                                                                              ""left"": {
                                                                                                ""count_id"": ""e_person"",
                                                                                                ""condition"": {
                                                                                                  ""left"": {
                                                                                                    ""attribute_name"": ""birth_year"",
                                                                                                    ""of"": ""e_person""
                                                                                                  },
                                                                                                  ""operator"": ""="",
                                                                                                  ""right"": {
                                                                                                    ""left"": {
                                                                                                      ""count_id"": ""e_year"",
                                                                                                      ""condition"": {
                                                                                                        ""left"": {
                                                                                                          ""count_id"": ""e_person"",
                                                                                                          ""condition"": {
                                                                                                            ""left"": {
                                                                                                              ""attribute_name"": ""birth_year"",
                                                                                                              ""of"": ""e_person""
                                                                                                            },
                                                                                                            ""operator"": ""="",
                                                                                                            ""right"": {
                                                                                                              ""left"": {
                                                                                                                ""count_id"": ""e_year"",
                                                                                                                ""condition"": {
                                                                                                                  ""left"": {
                                                                                                                    ""count_id"": ""e_person"",
                                                                                                                    ""condition"": {
                                                                                                                      ""left"": {
                                                                                                                        ""attribute_name"": ""birth_year"",
                                                                                                                        ""of"": ""e_person""
                                                                                                                      },
                                                                                                                      ""operator"": ""="",
                                                                                                                      ""right"": {
                                                                                                                        ""left"": {
                                                                                                                          ""count_id"": ""e_year"",
                                                                                                                          ""condition"": {
                                                                                                                            ""left"": {
                                                                                                                              ""count_id"": ""e_person"",
                                                                                                                              ""condition"": {
                                                                                                                                ""left"": {
                                                                                                                                  ""attribute_name"": ""birth_year"",
                                                                                                                                  ""of"": ""e_person""
                                                                                                                                },
                                                                                             "
18,Q02,Give me the movies that have more than four actors born in the same year as another actor in the cast,gemma4:e2b,True,0.05,70.198324,False,stop,3358,0.061859,1236,68.247358,18.1106,"```json
{
  ""hypotheses_set"": [
    [
      {
        ""id"": ""q1"",
        ""target"": [""e_movie""],
        ""entities"": [
          { ""id"": ""e_movie"", ""type"": ""Movie"" },
          { ""id"": ""e_person"", ""type"": ""Person"" }
        ],
        ""relationships"": [
          { ""id"": ""r_cast"", ""role"": ""cast_member"", ""from"": ""e_person"", ""to"": ""e_movie"" }
        ],
        ""constraint"": {
          ""and_conditions"": [
            ""r_cast"",
            {
              ""exists"": {
                ""id"": ""e_person"",
                ""condition"": {
                  ""and_conditions"": [
                    {
                      ""left"": {
                        ""count_id"": ""e_person"",
                        ""condition"": {
                          ""left"": { ""attribute_name"": ""birth_year"", ""of"": ""e_person"" },
                          ""operator"": ""="",
                          ""right"": {
                            ""left"": { ""attribute_name"": ""birth_year"", ""of"": ""e_person"" }
                          }
                        }
                      },
                      {
                        ""left"": {
                          ""count_id"": ""e_person"",
                          ""condition"": {
                            ""left"": { ""attribute_name"": ""birth_year"", ""of"": ""e_person"" },
                            ""operator"": ""="",
                            ""right"": {
                              ""left"": { ""attribute_name"": ""birth_year"", ""of"": ""e_person"" }
                            }
                          }
                        }
                      }
                    }
                  ]
                }
              }
            }
          ]
        }
      }
    ]
  ]
}
```"
19,Q02,Give me the movies that have more than four actors born in the same year as another actor in the cast,gemma4:e2b,True,0.05,61.515351,True,stop,3358,0.06396,1097,59.721028,18.3687,"```json
{
  ""hypotheses_set"": [
    [
      {
        ""id"": ""q1"",
        ""target"": [""e_movie""],
        ""entities"": [
          { ""id"": ""e_movie"", ""type"": ""Movie"" },
          { ""id"": ""e_actor"", ""type"": ""Person"" }
        ],
        ""relationships"": [
          { ""id"": ""r_cast"", ""role"": ""cast_member"", ""from"": ""e_actor"", ""to"": ""e_movie"" }
        ],
        ""constraint"": {
          ""and_conditions"": [
            ""r_cast"",
            {
              ""count_id"": ""e_actor"",
              ""condition"": {
                ""left"": { ""attribute_name"": ""birth_year"", ""of"": ""e_actor"" },
                ""operator"": ""=="",
                ""right"": {
                  ""left"": { ""count_id"": ""e_actor"", ""condition"": { ""left"": { ""attribute_name"": ""birth_year"", ""of"": ""e_actor"" } } },
                  ""operator"": "">"",
                  ""right"": 4
                }
              }
            }
          ]
        }
      }
    ]
  ]
}
```"
20,Q02,Give me the movies that have more than four actors born in the same year as another actor in the cast,gemma4:e2b,True,0.05,116.543738,False,length,3358,0.060862,2048,113.675715,18.0162,"```json
{
  ""hypotheses_set"": [
    [
      {
        ""id"": ""q1"",
        ""target"": [""e_movie""],
        ""entities"": [
          { ""id"": ""e_movie"", ""type"": ""Movie"" },
          { ""id"": ""e_actor"", ""type"": ""Person"" }
        ],
        ""relationships"": [
          { ""id"": ""r_cast"", ""role"": ""cast_member"", ""from"": ""e_actor"", ""to"": ""e_movie"" }
        ],
        ""constraint"": {
          ""and_conditions"": [
            ""r_cast"",
            {
              ""exists"": {
                ""id"": ""e_year"",
                ""condition"": {
                  ""all_id"": ""e_actor"",
                  ""condition"": {
                    ""left"": { ""attribute_name"": ""birth_year"", ""of"": ""e_actor"" },
                    ""operator"": ""="",
                    ""right"": {
                      ""count_id"": ""e_actor"",
                      ""condition"": {
                        ""left"": { ""attribute_name"": ""birth_year"", ""of"": ""e_actor"" },
                        ""operator"": ""="",
                        ""right"": {
                          ""count_id"": ""e_actor"",
                          ""condition"": {
                            ""left"": { ""attribute_name"": ""birth_year"", ""of"": ""e_actor"" },
                            ""operator"": ""="",
                            ""right"": {
                              ""count_id"": ""e_actor"",
                              ""condition"": {
                                ""left"": { ""attribute_name"": ""birth_year"", ""of"": ""e_actor"" },
                                ""operator"": ""="",
                                ""right"": {
                                  ""count_id"": ""e_actor"",
                                  ""condition"": {
                                    ""left"": { ""attribute_name"": ""birth_year"", ""of"": ""e_actor"" },
                                    ""operator"": ""="",
                                    ""right"": {
                                      ""count_id"": ""e_actor"",
                                      ""condition"": {
                                        ""left"": { ""attribute_name"": ""birth_year"", ""of"": ""e_actor"" },
                                        ""operator"": ""="",
                                        ""right"": {
                                          ""count_id"": ""e_actor"",
                                          ""condition"": {
                                            ""left"": { ""attribute_name"": ""birth_year"", ""of"": ""e_actor"" },
                                            ""operator"": ""="",
                                            ""right"": {
                                              ""count_id"": ""e_actor"",
                                              ""condition"": {
                                                ""left"": { ""attribute_name"": ""birth_year"", ""of"": ""e_actor"" },
                                                ""operator"": ""="",
                                                ""right"": {
                                                  ""count_id"": ""e_actor"",
                                                  ""condition"": {
                                                    ""left"": { ""attribute_name"": ""birth_year"", ""of"": ""e_actor"" },
                                                    ""operator"": ""="",
                                                    ""right"": {
                                                      ""count_id"": ""e_actor"",
                                                      ""condition"": {
                                                        ""left"": { ""attribute_name"": ""birth_year"", ""of"": ""e_actor"" },
                                                        ""operator"": ""="",
                                                        ""right"": {
                                                          ""count_id"": ""e_actor"",
                                                          ""condition"": {
                                                            ""left"": { ""attribute_name"": ""birth_year"", ""of"": ""e_actor"" },
                                                            ""operator"": ""="",
                                                            ""right"": {
                                                              ""count_id"": ""e_actor"",
                                                              ""condition"": {
                                                                ""left"": { ""attribute_name"": ""birth_year"", ""of"": ""e_actor"" },
                                                                ""operator"": ""="",
                                                                ""right"": {
                                                                  ""count_id"": ""e_actor"",
                                                                  ""condition"": {
                                                                    ""left"": { ""attribute_name"": ""birth_year"", ""of"": ""e_actor"" },
                                                                    ""operator"": ""="",
                                                                    ""right"": {
                                                                      ""count_id"": ""e_actor"",
                                                                      ""condition"": {
                                                                        ""left"": { ""attribute_name"": ""birth_year"", ""of"": ""e_actor"" },
                                                                        ""operator"": ""="",
                                                                        ""right"": {
                                                                          ""count_id"": ""e_actor"",
                                                                          ""condition"": {
                                                                            ""left"": { ""attribute_name"": ""birth_year"", ""of"": ""e_actor"" },
                                                                            ""operator"": ""="",
                                                                            ""right"": {
                                                                              ""count_id"": ""e_actor"",
                                                                              ""condition"": {
                                                                                ""left"": { ""attribute_name"": ""birth_year"", ""of"": ""e_actor"" },
                                                                                ""operator"": ""="",
                                                                                ""right"": {
                                                                                  ""count_id"": ""e_actor"",
                                                                                  ""condition"": {
                                                                                    ""left"": { ""attribute_name"": ""birth_year"", ""of"": ""e_actor"" },
                                                                                    ""operator"": ""="",
                                                                                    ""right"": {
                                                                                      ""count_id"": ""e_actor"",
                                                                                      ""condition"": {
                                                                                        ""left"": { ""attribute_name"": ""birth_year"", ""of"": ""e_actor"" },
                                                                                        ""operator"": ""="",
                                                                                        ""right"": {
                                                                                          ""count_id"": ""e_actor"",
                                                                                          ""condition"": {
                                                                                            ""left"": { ""attribute_name"": ""birth_year"", ""of"": ""e_actor"" },
                                                                                            ""operator"": ""="",
                                                                                            ""right"": {
                                                                                              ""count_id"": ""e_"
21,Q02,Give me the movies that have more than four actors born in the same year as another actor in the cast,gemma4:e2b,True,0.05,79.785946,False,stop,3358,0.061718,1401,77.659178,18.0404,"```json
{
  ""hypotheses_set"": [
    [
      {
        ""id"": ""q1"",
        ""target"": [""e_movie""],
        ""entities"": [
          { ""id"": ""e_movie"", ""type"": ""Movie"" },
          { ""id"": ""e_actor"", ""type"": ""Actor"" },
          { ""id"": ""e_person"", ""type"": ""Person"" }
        ],
        ""relationships"": [
          { ""id"": ""r_cast"", ""role"": ""cast_member"", ""from"": ""e_actor"", ""to"": ""e_movie"" },
          { ""id"": ""r_born"", ""role"": ""born_in"", ""from"": ""e_actor"", ""to"": ""e_person"" }
        ],
        ""constraint"": {
          ""and_conditions"": [
            ""r_cast"",
            {
              ""exists"": {
                ""id"": ""e_year_group"",
                ""condition"": {
                  ""and_conditions"": [
                    {
                      ""left"": {
                        ""count_id"": ""e_actor"",
                        ""condition"": {
                          ""left"": { ""attribute_name"": ""birth_year"", ""of"": ""e_person"" },
                          ""operator"": ""="",
                          ""right"": {
                            ""left"": { ""attribute_name"": ""birth_year"", ""of"": ""e_actor"" }
                          }
                        }
                      },
                      {
                        ""left"": {
                          ""count_id"": ""e_actor"",
                          ""condition"": {
                            ""left"": { ""attribute_name"": ""birth_year"", ""of"": ""e_person"" },
                            ""operator"": ""="",
                            ""right"": {
                              ""left"": { ""attribute_name"": ""birth_year"", ""of"": ""e_actor"" }
                            }
                          }
                        }
                      },
                      {
                        ""left"": {
                          ""count_id"": ""e_movie"",
                          ""condition"": {
                            ""left"": {
                              ""operator"": "">"",
                              ""left"": {
                                ""count_id"": ""e_actor"",
                                ""condition"": {
                                  ""left"": {
                                    ""attribute_name"": ""birth_year"",
                                    ""of"": ""e_person""
                                  },
                                  ""right"": {
                                    ""left"": {
                                      ""attribute_name"": ""birth_year"",
                                      ""of"": ""e_actor""
                                    }
                                  }
                                }
                              },
                              ""right"": 4
                            }
                          }
                        }
                      }
                    }
                  ]
                }
              ]
            }
          ]
        }
      }
    ]
  ]
}
```"
22,Q02,Give me the movies that have more than four actors born in the same year as another actor in the cast,gemma4:e2b,True,0.05,116.697587,False,length,3358,0.061612,2048,113.800212,17.9965,"```json
{
  ""hypotheses_set"": [
    [
      {
        ""id"": ""q1"",
        ""target"": [""e_movie""],
        ""entities"": [
          { ""id"": ""e_movie"", ""type"": ""Movie"" },
          { ""id"": ""e_person"", ""type"": ""Person"" }
        ],
        ""relationships"": [
          { ""id"": ""r_cast"", ""role"": ""cast_member"", ""from"": ""e_person"", ""to"": ""e_movie"" }
        ],
        ""constraint"": {
          ""and_conditions"": [
            ""r_cast"",
            {
              ""and_conditions"": [
                {
                  ""left"": {
                    ""count_id"": ""e_person"",
                    ""condition"": {
                      ""left"": { ""attribute_name"": ""birth_year"", ""of"": ""e_person"" },
                      ""operator"": ""="",
                      ""right"": {
                        ""count_id"": ""e_movie"",
                        ""condition"": {
                          ""left"": { ""attribute_name"": ""birth_year"", ""of"": ""e_person"" },
                          ""operator"": ""="",
                          ""right"": {
                            ""count_id"": ""e_person"",
                            ""condition"": {
                              ""left"": { ""attribute_name"": ""birth_year"", ""of"": ""e_person"" },
                              ""operator"": ""="",
                              ""right"": {
                                ""count_id"": ""e_movie"",
                                ""condition"": {
                                  ""left"": { ""attribute_name"": ""birth_year"", ""of"": ""e_person"" },
                                  ""operator"": ""="",
                                  ""right"": {
                                    ""count_id"": ""e_person"",
                                    ""condition"": {
                                      ""left"": { ""attribute_name"": ""birth_year"", ""of"": ""e_person"" },
                                      ""operator"": ""="",
                                      ""right"": {
                                        ""count_id"": ""e_movie"",
                                        ""condition"": {
                                          ""left"": { ""attribute_name"": ""birth_year"", ""of"": ""e_person"" },
                                          ""operator"": ""="",
                                          ""right"": {
                                            ""count_id"": ""e_person"",
                                            ""condition"": {
                                              ""left"": { ""attribute_name"": ""birth_year"", ""of"": ""e_person"" },
                                              ""operator"": ""="",
                                              ""right"": {
                                                ""count_id"": ""e_movie"",
                                                ""condition"": {
                                                  ""left"": { ""attribute_name"": ""birth_year"", ""of"": ""e_person"" },
                                                  ""operator"": ""="",
                                                  ""right"": {
                                                    ""count_id"": ""e_person"",
                                                    ""condition"": {
                                                      ""left"": { ""attribute_name"": ""birth_year"", ""of"": ""e_person"" },
                                                      ""operator"": ""="",
                                                      ""right"": {
                                                        ""count_id"": ""e_movie"",
                                                        ""condition"": {
                                                          ""left"": { ""attribute_name"": ""birth_year"", ""of"": ""e_person"" },
                                                          ""operator"": ""="",
                                                          ""right"": {
                                                            ""count_id"": ""e_person"",
                                                            ""condition"": {
                                                              ""left"": { ""attribute_name"": ""birth_year"", ""of"": ""e_person"" },
                                                              ""operator"": ""="",
                                                              ""right"": {
                                                                ""count_id"": ""e_movie"",
                                                                ""condition"": {
                                                                  ""left"": { ""attribute_name"": ""birth_year"", ""of"": ""e_person"" },
                                                                  ""operator"": ""="",
                                                                  ""right"": {
                                                                    ""count_id"": ""e_person"",
                                                                    ""condition"": {
                                                                      ""left"": { ""attribute_name"": ""birth_year"", ""of"": ""e_person"" },
                                                                      ""operator"": ""="",
                                                                      ""right"": {
                                                                        ""count_id"": ""e_movie"",
                                                                        ""condition"": {
                                                                          ""left"": { ""attribute_name"": ""birth_year"", ""of"": ""e_person"" },
                                                                          ""operator"": ""="",
                                                                          ""right"": {
                                                                            ""count_id"": ""e_person"",
                                                                            ""condition"": {
                                                                              ""left"": { ""attribute_name"": ""birth_year"", ""of"": ""e_person"" },
                                                                              ""operator"": ""="",
                                                                              ""right"": {
                                                                                ""count_id"": ""e_movie"",
                                                                                ""condition"": {
                                                                                  ""left"": { ""attribute_name"": ""birth_year"", ""of"": ""e_person"" },
                                                                                  ""operator"": ""="",
                                                                                  ""right"": {
                                                                                    ""count_id"": ""e_person"",
                                                                                    ""condition"": {
                                                                                      ""left"": { ""attribute_name"": ""birth_year"", ""of"": ""e_person"" },
                                                                                      ""operator"": ""="",
                                                                                      ""right"": {
                                                                                        ""count_id"": ""e_movie"",
                                                                                        ""condition"": {
                                                                                          ""left"": { ""attribute_name"": ""birth_year"
23,Q02,Give me the movies that have more than four actors born in the same year as another actor in the cast,gemma4:e2b,True,0.05,63.833757,True,stop,3358,0.061174,1120,62.011856,18.0611,"```json
{
  ""hypotheses_set"": [
    [
      {
        ""id"": ""q1"",
        ""target"": [""e_movie""],
        ""entities"": [
          { ""id"": ""e_movie"", ""type"": ""Movie"" },
          { ""id"": ""e_actor"", ""type"": ""Person"" },
          { ""id"": ""e_year"", ""type"": ""Year"" }
        ],
        ""relationships"": [
          { ""id"": ""r_cast"", ""role"": ""cast_member"", ""from"": ""e_actor"", ""to"": ""e_movie"" },
          { ""id"": ""r_born_in"", ""role"": ""born_in"", ""from"": ""e_actor"", ""to"": ""e_year"" }
        ],
        ""constraint"": {
          ""and_conditions"": [
            ""r_cast"",
            {
              ""exists"": {
                ""id"": ""e_year"",
                ""condition"": {
                  ""all_id"": ""e_actor"",
                  ""condition"": {
                    ""count_id"": ""e_actor"",
                    ""operator"": "">"",
                    ""right"": 4
                  }
                }
              }
            }
          ]
        }
      }
    ]
  ]
}
```"
24,Q02,Give me the movies that have more than four actors born in the same year as another actor in the cast,gemma4:e2b,True,0.05,58.026923,True,stop,3358,0.060945,1017,56.339403,18.0513,"```json
{
  ""hypotheses_set"": [
    [
      {
        ""id"": ""q1"",
        ""target"": [""e_movie""],
        ""entities"": [
          { ""id"": ""e_movie"", ""type"": ""Movie"" },
          { ""id"": ""e_person"", ""type"": ""Person"" }
        ],
        ""relationships"": [
          { ""id"": ""r_cast"", ""role"": ""cast_member"", ""from"": ""e_person"", ""to"": ""e_movie"" }
        ],
        ""constraint"": {
          ""and_conditions"": [
            ""r_cast"",
            {
              ""exists"": {
                ""id"": ""e_year"",
                ""condition"": {
                  ""all_id"": ""e_person"",
                  ""condition"": {
                    ""left"": {
                      ""attribute_name"": ""birth_year"",
                      ""of"": ""e_person""
                    },
                    ""operator"": ""="",
                    ""right"": {
                      ""left"": {
                        ""count_id"": ""e_person"",
                        ""condition"": {
                          ""left"": {
                            ""attribute_name"": ""birth_year"",
                            ""of"": ""e_person""
                          },
                          ""operator"": ""="",
                          ""right"": {
                            ""left"": {
                              ""attribute_name"": ""birth_year"",
                              ""of"": ""e_year""
                            }
                          }
                        }
                      },
                      ""operator"": "">"",
                      ""right"": 4
                    }
                  }
                }
              }
            }
          ]
        }
      }
    ]
  ]
}
```"
25,Q02,Give me the movies that have more than four actors born in the same year as another actor in the cast,gemma4:e2b,True,0.05,116.70257,False,length,3358,0.063688,2048,113.781776,17.9994,"```json
{
  ""hypotheses_set"": [
    [
      {
        ""id"": ""q1"",
        ""target"": [""e_movie""],
        ""entities"": [
          { ""id"": ""e_movie"", ""type"": ""Movie"" },
          { ""id"": ""e_actor"", ""type"": ""Actor"" },
          { ""id"": ""e_person"", ""type"": ""Person"" }
        ],
        ""relationships"": [
          { ""id"": ""r_cast"", ""role"": ""cast_member"", ""from"": ""e_actor"", ""to"": ""e_movie"" },
          { ""id"": ""r_born"", ""role"": ""born_in"", ""from"": ""e_actor"", ""to"": ""e_person"" }
        ],
        ""constraint"": {
          ""and_conditions"": [
            ""r_cast"",
            {
              ""exists"": {
                ""exists_id"": ""e_person"",
                ""condition"": {
                  ""left"": {
                    ""attribute_name"": ""birth_year"",
                    ""of"": ""e_actor""
                  },
                  ""operator"": ""="",
                  ""right"": {
                    ""left"": {
                      ""count_id"": ""e_actor"",
                      ""condition"": {
                        ""left"": {
                          ""attribute_name"": ""birth_year"",
                          ""of"": ""e_person""
                        },
                        ""operator"": ""="",
                        ""right"": {
                          ""left"": {
                            ""count_id"": ""e_actor"",
                            ""condition"": {
                              ""left"": {
                                ""attribute_name"": ""birth_year"",
                                ""of"": ""e_movie""
                              },
                              ""operator"": ""="",
                              ""right"": {
                                ""left"": {
                                  ""count_id"": ""e_actor"",
                                  ""condition"": {
                                    ""left"": {
                                      ""attribute_name"": ""birth_year"",
                                      ""of"": ""e_person""
                                    },
                                    ""operator"": ""="",
                                    ""right"": {
                                      ""left"": {
                                        ""count_id"": ""e_actor"",
                                        ""condition"": {
                                          ""left"": {
                                            ""attribute_name"": ""birth_year"",
                                            ""of"": ""e_movie""
                                          },
                                          ""operator"": ""="",
                                          ""right"": {
                                            ""left"": {
                                              ""count_id"": ""e_actor"",
                                              ""condition"": {
                                                ""left"": {
                                                  ""attribute_name"": ""birth_year"",
                                                  ""of"": ""e_person""
                                                },
                                                ""operator"": ""="",
                                                ""right"": {
                                                  ""left"": {
                                                    ""count_id"": ""e_actor"",
                                                    ""condition"": {
                                                      ""left"": {
                                                        ""attribute_name"": ""birth_year"",
                                                        ""of"": ""e_movie""
                                                      },
                                                      ""operator"": ""="",
                                                      ""right"": {
                                                        ""left"": {
                                                          ""count_id"": ""e_actor"",
                                                          ""condition"": {
                                                            ""left"": {
                                                              ""attribute_name"": ""birth_year"",
                                                              ""of"": ""e_person""
                                                            },
                                                            ""operator"": ""="",
                                                            ""right"": {
                                                              ""left"": {
                                                                ""count_id"": ""e_actor"",
                                                                ""condition"": {
                                                                  ""left"": {
                                                                    ""attribute_name"": ""birth_year"",
                                                                    ""of"": ""e_movie""
                                                                  },
                                                                  ""operator"": ""="",
                                                                  ""right"": {
                                                                    ""left"": {
                                                                      ""count_id"": ""e_actor"",
                                                                      ""condition"": {
                                                                        ""left"": {
                                                                          ""attribute_name"": ""birth_year"",
                                                                          ""of"": ""e_person""
                                                                        },
                                                                        ""operator"": ""="",
                                                                        ""right"": {
                                                                          ""left"": {
                                                                            ""count_id"": ""e_actor"",
                                                                            ""condition"": {
                                                                              ""left"": {
                                                                                ""attribute_name"": ""birth_year"",
                                                                                ""of"": ""e_movie""
                                                                              },
                                                                              ""operator"": ""="",
                                                                              ""right"": {
                                                                                ""left"": {
                                                                                  ""count_id"": ""e_actor"",
                                                                                  ""condition"": {
                                                                                    ""left"": {
                                                                                      ""attribute_name"": ""birth_year"",
                                                                                      ""of"": ""e_person""
                                                                                    },
                                                                                    ""operator"": ""="",
                                                                                    ""right"": {
                                                                                      """
26,Q02,Give me the movies that have more than four actors born in the same year as another actor in the cast,gemma4:e2b,True,0.05,116.655414,False,length,3358,0.064239,2048,113.743547,18.0054,"```json
{
  ""hypotheses_set"": [
    [
      {
        ""id"": ""q1"",
        ""target"": [""e_movie""],
        ""entities"": [
          { ""id"": ""e_movie"", ""type"": ""Movie"" },
          { ""id"": ""e_actor"", ""type"": ""Actor"" },
          { ""id"": ""e_person"", ""type"": ""Person"" }
        ],
        ""relationships"": [
          { ""id"": ""r_cast"", ""role"": ""cast_member"", ""from"": ""e_actor"", ""to"": ""e_movie"" },
          { ""id"": ""r_born"", ""role"": ""born_in"", ""from"": ""e_actor"", ""to"": ""e_person"" }
        ],
        ""constraint"": {
          ""and_conditions"": [
            ""r_cast"",
            {
              ""exists"": {
                ""id"": ""e_year"",
                ""condition"": {
                  ""all_id"": ""e_actor"",
                  ""condition"": {
                    ""left"": { ""attribute_name"": ""birth_year"", ""of"": ""e_actor"" },
                    ""operator"": ""="",
                    ""right"": {
                      ""count_id"": ""e_actor"",
                      ""condition"": {
                        ""left"": { ""attribute_name"": ""birth_year"", ""of"": ""e_actor"" },
                        ""operator"": ""="",
                        ""right"": {
                          ""count_id"": ""e_actor"",
                          ""condition"": {
                            ""left"": { ""attribute_name"": ""birth_year"", ""of"": ""e_actor"" },
                            ""operator"": ""="",
                            ""right"": {
                              ""count_id"": ""e_actor"",
                              ""condition"": {
                                ""left"": { ""attribute_name"": ""birth_year"", ""of"": ""e_actor"" },
                                ""operator"": ""="",
                                ""right"": {
                                  ""count_id"": ""e_actor"",
                                  ""condition"": {
                                    ""left"": { ""attribute_name"": ""birth_year"", ""of"": ""e_actor"" },
                                    ""operator"": ""="",
                                    ""right"": {
                                      ""count_id"": ""e_actor"",
                                      ""condition"": {
                                        ""left"": { ""attribute_name"": ""birth_year"", ""of"": ""e_actor"" },
                                        ""operator"": ""="",
                                        ""right"": {
                                          ""count_id"": ""e_actor"",
                                          ""condition"": {
                                            ""left"": { ""attribute_name"": ""birth_year"", ""of"": ""e_actor"" },
                                            ""operator"": ""="",
                                            ""right"": {
                                              ""count_id"": ""e_actor"",
                                              ""condition"": {
                                                ""left"": { ""attribute_name"": ""birth_year"", ""of"": ""e_actor"" },
                                                ""operator"": ""="",
                                                ""right"": {
                                                  ""count_id"": ""e_actor"",
                                                  ""condition"": {
                                                    ""left"": { ""attribute_name"": ""birth_year"", ""of"": ""e_actor"" },
                                                    ""operator"": ""="",
                                                    ""right"": {
                                                      ""count_id"": ""e_actor"",
                                                      ""condition"": {
                                                        ""left"": { ""attribute_name"": ""birth_year"", ""of"": ""e_actor"" },
                                                        ""operator"": ""="",
                                                        ""right"": {
                                                          ""count_id"": ""e_actor"",
                                                          ""condition"": {
                                                            ""left"": { ""attribute_name"": ""birth_year"", ""of"": ""e_actor"" },
                                                            ""operator"": ""="",
                                                            ""right"": {
                                                              ""count_id"": ""e_actor"",
                                                              ""condition"": {
                                                                ""left"": { ""attribute_name"": ""birth_year"", ""of"": ""e_actor"" },
                                                                ""operator"": ""="",
                                                                ""right"": {
                                                                  ""count_id"": ""e_actor"",
                                                                  ""condition"": {
                                                                    ""left"": { ""attribute_name"": ""birth_year"", ""of"": ""e_actor"" },
                                                                    ""operator"": ""="",
                                                                    ""right"": {
                                                                      ""count_id"": ""e_actor"",
                                                                      ""condition"": {
                                                                        ""left"": { ""attribute_name"": ""birth_year"", ""of"": ""e_actor"" },
                                                                        ""operator"": ""="",
                                                                        ""right"": {
                                                                          ""count_id"": ""e_actor"",
                                                                          ""condition"": {
                                                                            ""left"": { ""attribute_name"": ""birth_year"", ""of"": ""e_actor"" },
                                                                            ""operator"": ""="",
                                                                            ""right"": {
                                                                              ""count_id"": ""e_actor"",
                                                                              ""condition"": {
                                                                                ""left"": { ""attribute_name"": ""birth_year"", ""of"": ""e_actor"" },
                                                                                ""operator"": ""="",
                                                                                ""right"": {
                                                                                  ""count_id"": ""e_actor"",
                                                                                  ""condition"": {
                                                                                    ""left"": { ""attribute_name"": ""birth_year"", ""of"": ""e_actor"
27,Q02,Give me the movies that have more than four actors born in the same year as another actor in the cast,gemma4:e2b,True,0.05,66.39108,False,stop,3358,0.063586,1165,64.527508,18.0543,"```json
{
  ""hypotheses_set"": [
    [
      {
        ""id"": ""q1"",
        ""target"": [""e_movie""],
        ""entities"": [
          { ""id"": ""e_movie"", ""type"": ""Movie"" },
          { ""id"": ""e_actor"", ""type"": ""Actor"" },
          { ""id"": ""e_person"", ""type"": ""Person"" }
        ],
        ""relationships"": [
          { ""id"": ""r_cast"", ""role"": ""cast_member"", ""from"": ""e_actor"", ""to"": ""e_movie"" },
          { ""id"": ""r_born"", ""role"": ""born_in"", ""from"": ""e_actor"", ""to"": ""e_person"" }
        ],
        ""constraint"": {
          ""and_conditions"": [
            ""r_cast"",
            {
              ""exists"": {
                ""id"": ""e_year_group"",
                ""condition"": {
                  ""and_conditions"": [
                    ""r_cast"",
                    {
                      ""left"": {
                        ""count_id"": ""e_actor"",
                        ""condition"": {
                          ""left"": { ""attribute_name"": ""birth_year"", ""of"": ""e_person"" },
                          ""operator"": ""="",
                          ""right"": {
                            ""left"": { ""attribute_name"": ""birth_year"", ""of"": ""e_actor"" }
                          }
                        }
                      },
                      {
                        ""left"": { ""count_id"": ""e_actor"" },
                        ""operator"": "">"",
                        ""right"": 4
                      }
                    }
                  ]
                }
              }
            }
          ]
        }
      }
    ]
  ]
}
```"
28,Q02,Give me the movies that have more than four actors born in the same year as another actor in the cast,gemma4:e2b,True,0.05,116.813191,False,length,3358,0.061522,2048,113.886637,17.9828,"```json
{
  ""hypotheses_set"": [
    [
      {
        ""id"": ""q1"",
        ""target"": [""e_movie""],
        ""entities"": [
          { ""id"": ""e_movie"", ""type"": ""Movie"" },
          { ""id"": ""e_person"", ""type"": ""Person"" }
        ],
        ""relationships"": [
          { ""id"": ""r_cast"", ""role"": ""cast_member"", ""from"": ""e_person"", ""to"": ""e_movie"" }
        ],
        ""constraint"": {
          ""and_conditions"": [
            ""r_cast"",
            {
              ""all_id"": ""e_movie"",
              ""condition"": {
                ""and_conditions"": [
                  {
                    ""left"": {
                      ""count_id"": ""e_person"",
                      ""condition"": {
                        ""left"": { ""attribute_name"": ""birth_year"", ""of"": ""e_person"" },
                        ""operator"": ""="",
                        ""right"": {
                          ""count_id"": ""e_movie"",
                          ""condition"": {
                            ""left"": { ""attribute_name"": ""birth_year"", ""of"": ""e_person"" },
                            ""operator"": ""="",
                            ""right"": {
                              ""count_id"": ""e_person"",
                              ""condition"": {
                                ""left"": { ""attribute_name"": ""birth_year"", ""of"": ""e_person"" },
                                ""operator"": ""="",
                                ""right"": {
                                  ""count_id"": ""e_movie"",
                                  ""condition"": {
                                    ""left"": { ""attribute_name"": ""birth_year"", ""of"": ""e_person"" },
                                    ""operator"": ""="",
                                    ""right"": {
                                      ""count_id"": ""e_person"",
                                      ""condition"": {
                                        ""left"": { ""attribute_name"": ""birth_year"", ""of"": ""e_person"" },
                                        ""operator"": ""="",
                                        ""right"": {
                                          ""count_id"": ""e_movie"",
                                          ""condition"": {
                                            ""left"": { ""attribute_name"": ""birth_year"", ""of"": ""e_person"" },
                                            ""operator"": ""="",
                                            ""right"": {
                                              ""count_id"": ""e_person"",
                                              ""condition"": {
                                                ""left"": { ""attribute_name"": ""birth_year"", ""of"": ""e_person"" },
                                                ""operator"": ""="",
                                                ""right"": {
                                                  ""count_id"": ""e_movie"",
                                                  ""condition"": {
                                                    ""left"": { ""attribute_name"": ""birth_year"", ""of"": ""e_person"" },
                                                    ""operator"": ""="",
                                                    ""right"": {
                                                      ""count_id"": ""e_person"",
                                                      ""condition"": {
                                                        ""left"": { ""attribute_name"": ""birth_year"", ""of"": ""e_person"" },
                                                        ""operator"": ""="",
                                                        ""right"": {
                                                          ""count_id"": ""e_movie"",
                                                          ""condition"": {
                                                            ""left"": { ""attribute_name"": ""birth_year"", ""of"": ""e_person"" },
                                                            ""operator"": ""="",
                                                            ""right"": {
                                                              ""count_id"": ""e_person"",
                                                              ""condition"": {
                                                                ""left"": { ""attribute_name"": ""birth_year"", ""of"": ""e_person"" },
                                                                ""operator"": ""="",
                                                                ""right"": {
                                                                  ""count_id"": ""e_movie"",
                                                                  ""condition"": {
                                                                    ""left"": { ""attribute_name"": ""birth_year"", ""of"": ""e_person"" },
                                                                    ""operator"": ""="",
                                                                    ""right"": {
                                                                      ""count_id"": ""e_person"",
                                                                      ""condition"": {
                                                                        ""left"": { ""attribute_name"": ""birth_year"", ""of"": ""e_person"" },
                                                                        ""operator"": ""="",
                                                                        ""right"": {
                                                                          ""count_id"": ""e_movie"",
                                                                          ""condition"": {
                                                                            ""left"": { ""attribute_name"": ""birth_year"", ""of"": ""e_person"" },
                                                                            ""operator"": ""="",
                                                                            ""right"": {
                                                                              ""count_id"": ""e_person"",
                                                                              ""condition"": {
                                                                                ""left"": { ""attribute_name"": ""birth_year"", ""of"": ""e_person"" },
                                                                                ""operator"": ""="",
                                                                                ""right"": {
                                                                                  ""count_id"": ""e_movie"",
                                                                                  ""condition"": {
                                                                                    ""left"": { ""attribute_name"": ""birth_year"", ""of"": ""e_person"" },
                                                                                    ""operator"": ""="",
                                                                                    ""right"": {
                                                                                      ""count_id"": ""e_person"",
                                                                                      ""condition"": {
                                                                                        ""left"": { ""attribute_name"": ""birth_year"", ""of"": ""e_person"" },
                                                                                        ""operator"": ""="",
                                                                                        ""right"": {
                                                                                          ""count_id"": ""e_movie"",
                                                                                          ""condition"": {
                                                                                            ""left"": { ""attribute_name"
29,Q02,Give me the movies that have more than four actors born in the same year as another actor in the cast,gemma4:e2b,True,0.05,65.755589,True,stop,3358,0.060787,1154,63.882038,18.0645,"```json
{
  ""hypotheses_set"": [
    [
      {
        ""id"": ""q1"",
        ""target"": [""e_movie""],
        ""entities"": [
          { ""id"": ""e_movie"", ""type"": ""Movie"" },
          { ""id"": ""e_actor"", ""type"": ""Actor"" }
        ],
        ""relationships"": [
          { ""id"": ""r_cast"", ""role"": ""cast_member"", ""from"": ""e_actor"", ""to"": ""e_movie"" }
        ],
        ""constraint"": {
          ""and_conditions"": [
            ""r_cast"",
            {
              ""count_id"": ""e_actor"",
              ""operator"": "">"",
              ""right"": 4,
              ""and_conditions"": [
                {
                  ""left"": {
                    ""attribute_name"": ""birth_year"",
                    ""of"": ""e_actor""
                  },
                  ""operator"": ""="",
                  ""right"": {
                    ""count_id"": ""e_actor"",
                    ""condition"": {
                      ""left"": {
                        ""attribute_name"": ""birth_year"",
                        ""of"": ""e_actor""
                      }
                    }
                  }
                }
              ]
            }
          ]
        }
      }
    ]
  ]
}
```"
30,Q02,Give me the movies that have more than four actors born in the same year as another actor in the cast,gemma4:e2b,True,0.05,62.789211,True,stop,3358,0.061228,1105,60.984049,18.1195,"```json
{
  ""hypotheses_set"": [
    [
      {
        ""id"": ""q1"",
        ""target"": [""e_movie""],
        ""entities"": [
          { ""id"": ""e_movie"", ""type"": ""Movie"" },
          { ""id"": ""e_actor"", ""type"": ""Person"" }
        ],
        ""relationships"": [
          { ""id"": ""r_cast"", ""role"": ""cast_member"", ""from"": ""e_actor"", ""to"": ""e_movie"" }
        ],
        ""constraint"": {
          ""and_conditions"": [
            ""r_cast"",
            {
              ""count_id"": ""e_actor"",
              ""condition"": {
                ""left"": { ""attribute_name"": ""birth_year"", ""of"": ""e_actor"" },
                ""operator"": ""=="",
                ""right"": {
                  ""left"": { ""count_id"": ""e_actor"", ""condition"": { ""left"": { ""attribute_name"": ""birth_year"", ""of"": ""e_actor"" } } },
                  ""operator"": "">"",
                  ""right"": 4
                }
              }
            }
          ]
        }
      }
    ]
  ]
}
```"
