Run,Query ID,Query,Model,Thinking,Temperature,Inference Time (s),Valid JSON,Done Reason,Prompt Eval Count,Prompt Eval Duration (s),Eval Count,Eval Duration (s),Generation Throughput (tokens/s),Response
1,Q12,Give me the actors of The Matrix along with the three actors who have acted the most in any movie with them,ministral-3:3b,False,0.05,16.130587,False,stop,3130,0.031169,1010,15.264342,66.1673,"```json
{
  ""hypotheses_set"": [
    [
      {
        ""id"": ""q1"",
        ""target"": [""e_actor""],
        ""entities"": [
          { ""id"": ""e_actor"", ""type"": ""Person"" },
          { ""id"": ""e_movie"", ""type"": ""Movie"" }
        ],
        ""relationships"": [
          { ""id"": ""r_act"", ""role"": ""actor"", ""from"": ""e_actor"", ""to"": ""e_movie"" }
        ],
        ""constraint"": {
          ""and_conditions"": [
            {
              ""left"": { ""attribute_name"": ""title"", ""of"": ""e_movie"" },
              ""operator"": ""="",
              ""right"": ""The Matrix""
            }
          ]
        },
        ""projection"": [
          { ""attribute_name"": ""name"", ""of"": ""e_actor"" }
        ]
      }
    ],
    [
      {
        ""id"": ""q2"",
        ""target"": [""e_actor""],
        ""entities"": [
          { ""id"": ""e_actor"", ""type"": ""Person"" },
          { ""id"": ""e_common_actor"", ""type"": ""Person"" },
          { ""id"": ""e_movie"", ""type"": ""Movie"" }
        ],
        ""relationships"": [
          { ""id"": ""r_act1"", ""role"": ""actor"", ""from"": ""e_actor"", ""to"": ""e_movie"" },
          { ""id"": ""r_act2"", ""role"": ""actor"", ""from"": ""e_common_actor"", ""to"": ""e_movie"" }
        ],
        ""constraint"": {
          ""and_conditions"": [
            {
              ""left"": {
                ""count_id"": ""r_act1"",
                ""condition"": {
                  ""and_conditions"": [
                    ""r_act1"",
                    {
                      ""left"": { ""attribute_name"": ""title"", ""of"": ""e_movie"" },
                      ""operator"": ""!="",
                      ""right"": ""The Matrix""
                    }
                  ]
                }
              },
              ""operator"": ""="",
              ""right"": {
                ""count_id"": ""r_act2"",
                ""condition"": {
                  ""and_conditions"": [
                    ""r_act2"",
                    {
                      ""left"": { ""attribute_name"": ""title"", ""of"": ""e_movie"" },
                      ""operator"": ""!="",
                      ""right"": ""The Matrix""
                    }
                  ]
                }
              }
            }
          ]
        }
      }
    ],
    [
      {
        ""id"": ""q3"",
        ""target"": [""e_actor""],
        ""entities"": [
          { ""id"": ""e_actor"", ""type"": ""Person"" },
          { ""id"": ""e_common_actor"", ""type"": ""Person"" },
          { ""id"": ""e_movie"", ""type"": ""Movie"" }
        ],
        ""relationships"": [
          { ""id"": ""r_act1"", ""role"": ""actor"", ""from"": ""e_actor"", ""to"": ""e_movie"" },
          { ""id"": ""r_act2"", ""role"": ""actor"", ""from"": ""e_common_actor"", ""to"": ""e_movie"" }
        ],
        ""constraint"": {
          ""and_conditions"": [
            {
              ""left"": {
                ""count_id"": ""r_act1"",
                ""condition"": {
                  ""and_conditions"": [
                    ""r_act1"",
                    {
                      ""left"": { ""attribute_name"": ""title"", ""of"": ""e_movie"" },
                      ""operator"": ""!="",
                      ""right"": ""The Matrix""
                    }
                  ]
                }
              },
              ""operator"": "">="",
              ""right"": 3
            },
            {
              ""left"": {
                ""count_id"": ""r_act2"",
                ""condition"": {
                  ""and_conditions"": [
                    ""r_act2"",
                    {
                      ""left"": { ""attribute_name"": ""title"", ""of"": ""e_movie"" },
                      ""operator"": ""!="",
                      ""right"": ""The Matrix""
                    }
                  ]
                }
              },
              ""operator"": ""="",
              ""right"": {
                ""count_id"": ""r_act1"",
                ""condition"": {
                  ""and_conditions"": [
                    ""r_act1"",
                    {
                      ""left"": { ""attribute_name"": ""title"", ""of"": ""e_movie"" },
                      ""operator"": ""!="",
                      ""right"": ""The Matrix""
                    }
                  ]
                }
              }
            }
          ]
        }
      }
    ]
  }
}
```"
2,Q12,Give me the actors of The Matrix along with the three actors who have acted the most in any movie with them,ministral-3:3b,False,0.05,15.4055,True,stop,3130,1.706889,858,12.948592,66.262,"```json
{
  ""hypotheses_set"": [
    [
      {
        ""id"": ""q1"",
        ""target"": [""e_actor""],
        ""entities"": [
          { ""id"": ""e_actor"", ""type"": ""Person"" },
          { ""id"": ""e_movie"", ""type"": ""Movie"" }
        ],
        ""relationships"": [
          { ""id"": ""r_act"", ""role"": ""actor"", ""from"": ""e_actor"", ""to"": ""e_movie"" }
        ],
        ""constraint"": {
          ""and_conditions"": [
            {
              ""left"": { ""attribute_name"": ""title"", ""of"": ""e_movie"" },
              ""operator"": ""="",
              ""right"": ""The Matrix""
            }
          ]
        },
        ""projection"": [
          { ""attribute_name"": ""name"", ""of"": ""e_actor"" }
        ]
      }
    ],
    [
      {
        ""id"": ""q2"",
        ""target"": [""e_actor""],
        ""entities"": [
          { ""id"": ""e_actor"", ""type"": ""Person"" },
          { ""id"": ""e_common_actor"", ""type"": ""Person"" },
          { ""id"": ""e_movie"", ""type"": ""Movie"" }
        ],
        ""relationships"": [
          { ""id"": ""r_act1"", ""role"": ""actor"", ""from"": ""e_actor"", ""to"": ""e_movie"" },
          { ""id"": ""r_act2"", ""role"": ""actor"", ""from"": ""e_common_actor"", ""to"": ""e_movie"" }
        ],
        ""constraint"": {
          ""and_conditions"": [
            {
              ""left"": { ""count_id"": ""r_act1"" },
              ""operator"": "">"",
              ""right"": 3
            },
            {
              ""left"": { ""count_id"": ""r_act2"" },
              ""operator"": "">"",
              ""right"": 3
            },
            {
              ""left"": { ""attribute_name"": ""title"", ""of"": ""e_movie"" },
              ""operator"": ""="",
              ""right"": ""The Matrix""
            },
            {
              ""left"": { ""count_id"": ""r_act1"" },
              ""operator"": "">"",
              ""right"": {
                ""count_id"": ""r_act2"",
                ""condition"": {
                  ""and_conditions"": [
                    {
                      ""left"": { ""attribute_name"": ""name"", ""of"": ""e_common_actor"" },
                      ""operator"": ""!="",
                      ""right"": { ""attribute_name"": ""name"", ""of"": ""e_actor"" }
                    }
                  ]
                }
              }
            }
          ]
        },
        ""projection"": [
          { ""attribute_name"": ""name"", ""of"": ""e_common_actor"" }
        ]
      }
    ],
    [
      {
        ""id"": ""q3"",
        ""target"": [""e_actor""],
        ""entities"": [
          { ""id"": ""e_actor"", ""type"": ""Person"" },
          { ""id"": ""e_common_actor"", ""type"": ""Person"" },
          { ""id"": ""e_movie"", ""type"": ""Movie"" }
        ],
        ""relationships"": [
          { ""id"": ""r_act"", ""role"": ""actor"", ""from"": ""e_actor"", ""to"": ""e_movie"" }
        ],
        ""constraint"": {
          ""and_conditions"": [
            {
              ""left"": { ""attribute_name"": ""name"", ""of"": ""e_common_actor"" },
              ""operator"": ""="",
              ""right"": { ""attribute_name"": ""name"", ""of"": ""e_actor"" }
            },
            {
              ""left"": { ""count_id"": ""r_act"" },
              ""operator"": "">"",
              ""right"": 3
            }
          ]
        }
      }
    ]
  ]
}
```"
3,Q12,Give me the actors of The Matrix along with the three actors who have acted the most in any movie with them,ministral-3:3b,False,0.05,14.180874,True,stop,3130,0.01633,888,13.398758,66.2748,"```json
{
  ""hypotheses_set"": [
    [
      {
        ""id"": ""q1"",
        ""target"": [""e_actor""],
        ""entities"": [
          { ""id"": ""e_actor"", ""type"": ""Person"" },
          { ""id"": ""e_movie"", ""type"": ""Movie"" }
        ],
        ""relationships"": [
          { ""id"": ""r_act"", ""role"": ""actor"", ""from"": ""e_actor"", ""to"": ""e_movie"" }
        ],
        ""constraint"": {
          ""and_conditions"": [
            {
              ""left"": {
                ""attribute_name"": ""title"",
                ""of"": ""e_movie""
              },
              ""operator"": ""="",
              ""right"": ""The Matrix""
            }
          ]
        },
        ""projection"": [
          { ""attribute_name"": ""name"", ""of"": ""e_actor"" }
        ]
      }
    ],
    [
      {
        ""id"": ""q2"",
        ""target"": [""e_actor""],
        ""entities"": [
          { ""id"": ""e_actor"", ""type"": ""Person"" },
          { ""id"": ""e_common_actor"", ""type"": ""Person"" },
          { ""id"": ""e_movie"", ""type"": ""Movie"" }
        ],
        ""relationships"": [
          { ""id"": ""r_act1"", ""role"": ""actor"", ""from"": ""e_actor"", ""to"": ""e_movie"" },
          { ""id"": ""r_act2"", ""role"": ""actor"", ""from"": ""e_common_actor"", ""to"": ""e_movie"" }
        ],
        ""constraint"": {
          ""and_conditions"": [
            {
              ""left"": {
                ""count_id"": ""r_act1"",
                ""condition"": {
                  ""left"": { ""attribute_name"": ""name"", ""of"": ""e_actor"" },
                  ""operator"": ""="",
                  ""right"": { ""attribute_name"": ""name"", ""of"": ""e_common_actor"" }
                }
              },
              ""operator"": ""="",
              ""right"": 3
            },
            {
              ""left"": {
                ""count_id"": ""r_act2"",
                ""condition"": {
                  ""left"": { ""attribute_name"": ""title"", ""of"": ""e_movie"" },
                  ""operator"": ""!="",
                  ""right"": ""The Matrix""
                }
              },
              ""operator"": "">"",
              ""right"": 0
            }
          ]
        },
        ""projection"": [
          { ""attribute_name"": ""name"", ""of"": ""e_common_actor"" }
        ]
      }
    ],
    {
      ""id"": ""q3"",
      ""target"": [""e_actor""],
      ""entities"": [
        { ""id"": ""e_actor"", ""type"": ""Person"" },
        { ""id"": ""e_common_actor"", ""type"": ""Person"" },
        { ""id"": ""e_movie"", ""type"": ""Movie"" }
      ],
      ""relationships"": [
        { ""id"": ""r_act"", ""role"": ""actor"", ""from"": ""e_actor"", ""to"": ""e_movie"" }
      ],
      ""constraint"": {
        ""and_conditions"": [
          {
            ""left"": {
              ""count_id"": ""r_act"",
              ""condition"": {
                ""left"": {
                  ""attribute_name"": ""name"",
                  ""of"": ""e_common_actor""
                },
                ""operator"": ""="",
                ""right"": { ""attribute_name"": ""name"", ""of"": ""e_actor"" }
              }
            },
            ""operator"": "">="",
            ""right"": 3
          },
          {
            ""left"": {
              ""attribute_name"": ""title"",
              ""of"": ""e_movie""
            },
            ""operator"": ""!="",
            ""right"": ""The Matrix""
          }
        ]
      },
      ""projection"": [
        { ""attribute_name"": ""name"", ""of"": ""e_common_actor"" }
      ]
    }
  ]
}
```"
4,Q12,Give me the actors of The Matrix along with the three actors who have acted the most in any movie with them,ministral-3:3b,False,0.05,13.466942,True,stop,3130,0.016276,843,12.716121,66.2938,"```json
{
  ""hypotheses_set"": [
    [
      {
        ""id"": ""q1"",
        ""target"": [""e_actor""],
        ""entities"": [
          { ""id"": ""e_actor"", ""type"": ""Person"" },
          { ""id"": ""e_movie"", ""type"": ""Movie"" }
        ],
        ""relationships"": [
          { ""id"": ""r_act"", ""role"": ""actor"", ""from"": ""e_actor"", ""to"": ""e_movie"" }
        ],
        ""constraint"": {
          ""and_conditions"": [
            {
              ""left"": {
                ""attribute_name"": ""title"",
                ""of"": ""e_movie""
              },
              ""operator"": ""="",
              ""right"": ""The Matrix""
            }
          ]
        },
        ""projection"": [
          { ""attribute_name"": ""name"", ""of"": ""e_actor"" }
        ]
      }
    ],
    [
      {
        ""id"": ""q2"",
        ""target"": [""e_actor""],
        ""entities"": [
          { ""id"": ""e_actor"", ""type"": ""Person"" },
          { ""id"": ""e_common_actor"", ""type"": ""Person"" },
          { ""id"": ""e_movie"", ""type"": ""Movie"" }
        ],
        ""relationships"": [
          { ""id"": ""r_act1"", ""role"": ""actor"", ""from"": ""e_actor"", ""to"": ""e_movie"" },
          { ""id"": ""r_act2"", ""role"": ""actor"", ""from"": ""e_common_actor"", ""to"": ""e_movie"" }
        ],
        ""constraint"": {
          ""and_conditions"": [
            {
              ""left"": {
                ""count_id"": ""r_act1"",
                ""condition"": {
                  ""left"": { ""attribute_name"": ""name"", ""of"": ""e_actor"" },
                  ""operator"": ""="",
                  ""right"": { ""attribute_name"": ""name"", ""of"": ""e_common_actor"" }
                }
              },
              ""operator"": "">="",
              ""right"": 3
            },
            {
              ""left"": {
                ""count_id"": ""r_act2"",
                ""condition"": {
                  ""left"": { ""attribute_name"": ""name"", ""of"": ""e_common_actor"" },
                  ""operator"": ""="",
                  ""right"": { ""attribute_name"": ""name"", ""of"": ""e_actor"" }
                }
              },
              ""operator"": "">="",
              ""right"": 3
            }
          ]
        },
        ""projection"": [
          { ""attribute_name"": ""name"", ""of"": ""e_common_actor"" }
        ]
      }
    ],
    [
      {
        ""id"": ""q3"",
        ""target"": [""e_actor""],
        ""entities"": [
          { ""id"": ""e_actor"", ""type"": ""Person"" },
          { ""id"": ""e_movie"", ""type"": ""Movie"" }
        ],
        ""relationships"": [
          { ""id"": ""r_act"", ""role"": ""actor"", ""from"": ""e_actor"", ""to"": ""e_movie"" }
        ],
        ""constraint"": {
          ""and_conditions"": [
            {
              ""left"": {
                ""count_id"": ""r_act"",
                ""condition"": {
                  ""left"": {
                    ""attribute_name"": ""name"",
                    ""of"": ""e_common_actor""
                  },
                  ""operator"": ""="",
                  ""right"": { ""attribute_name"": ""name"", ""of"": ""e_actor"" }
                }
              },
              ""operator"": "">="",
              ""right"": 3
            }
          ]
        },
        ""projection"": [
          { ""attribute_name"": ""name"", ""of"": ""e_actor"" }
        ]
      }
    ]
  ]
}
```"
5,Q12,Give me the actors of The Matrix along with the three actors who have acted the most in any movie with them,ministral-3:3b,False,0.05,15.241894,True,stop,3130,0.016096,955,14.43528,66.1574,"```json
{
  ""hypotheses_set"": [
    [
      {
        ""id"": ""q1"",
        ""target"": [""e_actor""],
        ""entities"": [
          { ""id"": ""e_actor"", ""type"": ""Person"" },
          { ""id"": ""e_movie"", ""type"": ""Movie"" }
        ],
        ""relationships"": [
          { ""id"": ""r_act"", ""role"": ""actor"", ""from"": ""e_actor"", ""to"": ""e_movie"" }
        ],
        ""constraint"": {
          ""and_conditions"": [
            {
              ""left"": {
                ""attribute_name"": ""title"",
                ""of"": ""e_movie""
              },
              ""operator"": ""="",
              ""right"": ""The Matrix""
            }
          ]
        },
        ""projection"": [
          { ""attribute_name"": ""name"", ""of"": ""e_actor"" }
        ]
      }
    ],
    [
      {
        ""id"": ""q2"",
        ""target"": [""e_actor""],
        ""entities"": [
          { ""id"": ""e_actor"", ""type"": ""Person"" },
          { ""id"": ""e_common_actor"", ""type"": ""Person"" },
          { ""id"": ""e_movie"", ""type"": ""Movie"" }
        ],
        ""relationships"": [
          { ""id"": ""r_act1"", ""role"": ""actor"", ""from"": ""e_actor"", ""to"": ""e_movie"" },
          { ""id"": ""r_act2"", ""role"": ""actor"", ""from"": ""e_common_actor"", ""to"": ""e_movie"" }
        ],
        ""constraint"": {
          ""and_conditions"": [
            {
              ""left"": {
                ""count_id"": ""r_act1"",
                ""condition"": {
                  ""left"": { ""attribute_name"": ""name"", ""of"": ""e_actor"" },
                  ""operator"": ""="",
                  ""right"": { ""attribute_name"": ""name"", ""of"": ""e_common_actor"" }
                }
              },
              ""operator"": "">="",
              ""right"": 3
            },
            {
              ""left"": {
                ""count_id"": ""r_act2"",
                ""condition"": {
                  ""left"": { ""attribute_name"": ""name"", ""of"": ""e_common_actor"" },
                  ""operator"": ""="",
                  ""right"": { ""attribute_name"": ""name"", ""of"": ""e_actor"" }
                }
              },
              ""operator"": "">="",
              ""right"": 3
            }
          ]
        },
        ""projection"": [
          { ""attribute_name"": ""name"", ""of"": ""e_common_actor"" }
        ]
      }
    ],
    [
      {
        ""id"": ""q3"",
        ""target"": [""e_actor""],
        ""entities"": [
          { ""id"": ""e_actor"", ""type"": ""Person"" },
          { ""id"": ""e_movie"", ""type"": ""Movie"" }
        ],
        ""relationships"": [
          { ""id"": ""r_act"", ""role"": ""actor"", ""from"": ""e_actor"", ""to"": ""e_movie"" }
        ],
        ""constraint"": {
          ""and_conditions"": [
            {
              ""left"": {
                ""count_id"": ""r_act"",
                ""condition"": {
                  ""left"": {
                    ""exists_id"": ""e_movie"",
                    ""condition"": {
                      ""and_conditions"": [
                        {
                          ""left"": { ""attribute_name"": ""title"", ""of"": ""e_movie"" },
                          ""operator"": ""!="",
                          ""right"": ""The Matrix""
                        },
                        {
                          ""left"": {
                            ""count_id"": ""r_act"",
                            ""condition"": {
                              ""left"": { ""attribute_name"": ""name"", ""of"": ""e_actor"" },
                              ""operator"": ""="",
                              ""right"": { ""attribute_name"": ""name"", ""of"": ""e_common_actor"" }
                            }
                          },
                          ""operator"": "">="",
                          ""right"": 3
                        }
                      ]
                    }
                  }
                }
              },
              ""operator"": "">"",
              ""right"": 3
            }
          ]
        },
        ""projection"": [
          { ""attribute_name"": ""name"", ""of"": ""e_actor"" }
        ]
      }
    ]
  ]
}
```"
6,Q12,Give me the actors of The Matrix along with the three actors who have acted the most in any movie with them,ministral-3:3b,False,0.05,15.259158,True,stop,3130,0.016453,955,14.434201,66.1623,"```json
{
  ""hypotheses_set"": [
    [
      {
        ""id"": ""q1"",
        ""target"": [""e_actor""],
        ""entities"": [
          { ""id"": ""e_actor"", ""type"": ""Person"" },
          { ""id"": ""e_movie"", ""type"": ""Movie"" }
        ],
        ""relationships"": [
          { ""id"": ""r_act"", ""role"": ""actor"", ""from"": ""e_actor"", ""to"": ""e_movie"" }
        ],
        ""constraint"": {
          ""and_conditions"": [
            {
              ""left"": {
                ""attribute_name"": ""title"",
                ""of"": ""e_movie""
              },
              ""operator"": ""="",
              ""right"": ""The Matrix""
            }
          ]
        },
        ""projection"": [
          { ""attribute_name"": ""name"", ""of"": ""e_actor"" }
        ]
      }
    ],
    [
      {
        ""id"": ""q2"",
        ""target"": [""e_actor""],
        ""entities"": [
          { ""id"": ""e_actor"", ""type"": ""Person"" },
          { ""id"": ""e_common_actor"", ""type"": ""Person"" },
          { ""id"": ""e_movie"", ""type"": ""Movie"" }
        ],
        ""relationships"": [
          { ""id"": ""r_act1"", ""role"": ""actor"", ""from"": ""e_actor"", ""to"": ""e_movie"" },
          { ""id"": ""r_act2"", ""role"": ""actor"", ""from"": ""e_common_actor"", ""to"": ""e_movie"" }
        ],
        ""constraint"": {
          ""and_conditions"": [
            {
              ""left"": {
                ""count_id"": ""r_act1"",
                ""condition"": {
                  ""left"": { ""attribute_name"": ""name"", ""of"": ""e_actor"" },
                  ""operator"": ""="",
                  ""right"": { ""attribute_name"": ""name"", ""of"": ""e_common_actor"" }
                }
              },
              ""operator"": "">="",
              ""right"": 3
            },
            {
              ""left"": {
                ""count_id"": ""r_act2"",
                ""condition"": {
                  ""left"": { ""attribute_name"": ""name"", ""of"": ""e_common_actor"" },
                  ""operator"": ""="",
                  ""right"": { ""attribute_name"": ""name"", ""of"": ""e_actor"" }
                }
              },
              ""operator"": "">="",
              ""right"": 3
            }
          ]
        },
        ""projection"": [
          { ""attribute_name"": ""name"", ""of"": ""e_common_actor"" }
        ]
      }
    ],
    [
      {
        ""id"": ""q3"",
        ""target"": [""e_actor""],
        ""entities"": [
          { ""id"": ""e_actor"", ""type"": ""Person"" },
          { ""id"": ""e_movie"", ""type"": ""Movie"" }
        ],
        ""relationships"": [
          { ""id"": ""r_act"", ""role"": ""actor"", ""from"": ""e_actor"", ""to"": ""e_movie"" }
        ],
        ""constraint"": {
          ""and_conditions"": [
            {
              ""left"": {
                ""count_id"": ""r_act"",
                ""condition"": {
                  ""left"": {
                    ""exists_id"": ""e_movie"",
                    ""condition"": {
                      ""and_conditions"": [
                        {
                          ""left"": { ""attribute_name"": ""title"", ""of"": ""e_movie"" },
                          ""operator"": ""!="",
                          ""right"": ""The Matrix""
                        },
                        {
                          ""left"": {
                            ""count_id"": ""r_act"",
                            ""condition"": {
                              ""left"": { ""attribute_name"": ""name"", ""of"": ""e_actor"" },
                              ""operator"": ""="",
                              ""right"": { ""attribute_name"": ""name"", ""of"": ""e_common_actor"" }
                            }
                          },
                          ""operator"": "">="",
                          ""right"": 3
                        }
                      ]
                    }
                  }
                }
              },
              ""operator"": "">"",
              ""right"": 3
            }
          ]
        },
        ""projection"": [
          { ""attribute_name"": ""name"", ""of"": ""e_actor"" }
        ]
      }
    ]
  ]
}
```"
7,Q12,Give me the actors of The Matrix along with the three actors who have acted the most in any movie with them,ministral-3:3b,False,0.05,8.787256,True,stop,3130,0.016366,548,8.212051,66.7312,"```json
{
  ""hypotheses_set"": [
    [
      {
        ""id"": ""q1"",
        ""target"": [""e_actor""],
        ""entities"": [
          { ""id"": ""e_actor"", ""type"": ""Person"" },
          { ""id"": ""e_movie"", ""type"": ""Movie"" }
        ],
        ""relationships"": [
          { ""id"": ""r_act"", ""role"": ""actor"", ""from"": ""e_actor"", ""to"": ""e_movie"" }
        ],
        ""constraint"": {
          ""and_conditions"": [
            {
              ""left"": {
                ""attribute_name"": ""title"",
                ""of"": ""e_movie""
              },
              ""operator"": ""="",
              ""right"": ""The Matrix""
            }
          ]
        },
        ""projection"": [
          { ""attribute_name"": ""name"", ""of"": ""e_actor"" }
        ]
      }
    ],
    [
      {
        ""id"": ""q2"",
        ""target"": [""e_actor""],
        ""entities"": [
          { ""id"": ""e_actor"", ""type"": ""Person"" },
          { ""id"": ""e_common_actor"", ""type"": ""Person"" },
          { ""id"": ""e_movie"", ""type"": ""Movie"" }
        ],
        ""relationships"": [
          { ""id"": ""r_act1"", ""role"": ""actor"", ""from"": ""e_actor"", ""to"": ""e_movie"" },
          { ""id"": ""r_act2"", ""role"": ""actor"", ""from"": ""e_common_actor"", ""to"": ""e_movie"" }
        ],
        ""constraint"": {
          ""and_conditions"": [
            {
              ""left"": {
                ""count_id"": ""r_act1"",
                ""condition"": {
                  ""left"": { ""attribute_name"": ""name"", ""of"": ""e_actor"" },
                  ""operator"": ""="",
                  ""right"": { ""attribute_name"": ""name"", ""of"": ""e_common_actor"" }
                }
              },
              ""operator"": "">"",
              ""right"": 3
            },
            {
              ""left"": {
                ""attribute_name"": ""title"",
                ""of"": ""e_movie""
              },
              ""operator"": ""="",
              ""right"": ""The Matrix""
            }
          ]
        },
        ""projection"": [
          { ""attribute_name"": ""name"", ""of"": ""e_common_actor"" }
        ]
      }
    ]
  ]
}
```"
8,Q12,Give me the actors of The Matrix along with the three actors who have acted the most in any movie with them,ministral-3:3b,False,0.05,14.683283,True,stop,3130,0.016206,918,13.882891,66.1246,"```json
{
  ""hypotheses_set"": [
    [
      {
        ""id"": ""q1"",
        ""target"": [""e_actor""],
        ""entities"": [
          { ""id"": ""e_actor"", ""type"": ""Person"" },
          { ""id"": ""e_movie"", ""type"": ""Movie"" }
        ],
        ""relationships"": [
          { ""id"": ""r_act"", ""role"": ""actor"", ""from"": ""e_actor"", ""to"": ""e_movie"" }
        ],
        ""constraint"": {
          ""and_conditions"": [
            {
              ""left"": {
                ""attribute_name"": ""title"",
                ""of"": ""e_movie""
              },
              ""operator"": ""="",
              ""right"": ""The Matrix""
            }
          ]
        },
        ""projection"": [
          { ""attribute_name"": ""name"", ""of"": ""e_actor"" }
        ]
      }
    ],
    [
      {
        ""id"": ""q2"",
        ""target"": [""e_actor""],
        ""entities"": [
          { ""id"": ""e_actor"", ""type"": ""Person"" },
          { ""id"": ""e_common_actor"", ""type"": ""Person"" },
          { ""id"": ""e_movie"", ""type"": ""Movie"" }
        ],
        ""relationships"": [
          { ""id"": ""r_act1"", ""role"": ""actor"", ""from"": ""e_actor"", ""to"": ""e_movie"" },
          { ""id"": ""r_act2"", ""role"": ""actor"", ""from"": ""e_common_actor"", ""to"": ""e_movie"" }
        ],
        ""constraint"": {
          ""and_conditions"": [
            {
              ""left"": {
                ""count_id"": ""r_act1"",
                ""condition"": {
                  ""left"": { ""attribute_name"": ""name"", ""of"": ""e_actor"" },
                  ""operator"": ""="",
                  ""right"": { ""attribute_name"": ""name"", ""of"": ""e_common_actor"" }
                }
              },
              ""operator"": ""="",
              ""right"": 3
            },
            {
              ""left"": {
                ""count_id"": ""r_act2"",
                ""condition"": {
                  ""left"": { ""attribute_name"": ""title"", ""of"": ""e_movie"" },
                  ""operator"": ""!="",
                  ""right"": ""The Matrix""
                }
              },
              ""operator"": "">"",
              ""right"": 0
            }
          ]
        },
        ""projection"": [
          { ""attribute_name"": ""name"", ""of"": ""e_common_actor"" }
        ]
      }
    ],
    {
      ""id"": ""q3"",
      ""target"": [""e_actor""],
      ""entities"": [
        { ""id"": ""e_actor"", ""type"": ""Person"" },
        { ""id"": ""e_common_actor"", ""type"": ""Person"" },
        { ""id"": ""e_movie"", ""type"": ""Movie"" }
      ],
      ""relationships"": [
        { ""id"": ""r_act"", ""role"": ""actor"", ""from"": ""e_actor"", ""to"": ""e_movie"" }
      ],
      ""constraint"": {
        ""and_conditions"": [
          {
            ""left"": {
              ""count_id"": ""r_act"",
              ""condition"": {
                ""left"": { ""attribute_name"": ""name"", ""of"": ""e_common_actor"" },
                ""operator"": ""="",
                ""right"": { ""attribute_name"": ""name"", ""of"": ""e_actor"" }
              }
            },
            ""operator"": "">"",
            ""right"": 3
          },
          {
            ""left"": {
              ""count_id"": ""r_act"",
              ""condition"": {
                ""left"": { ""attribute_name"": ""title"", ""of"": ""e_movie"" },
                ""operator"": ""!="",
                ""right"": ""The Matrix""
              }
            },
            ""operator"": "">"",
            ""right"": 0
          }
        ]
      },
      ""projection"": [
        { ""attribute_name"": ""name"", ""of"": ""e_common_actor"" }
      ]
    }
  ]
}
```"
9,Q12,Give me the actors of The Matrix along with the three actors who have acted the most in any movie with them,ministral-3:3b,False,0.05,15.246032,True,stop,3130,0.016162,955,14.429943,66.1818,"```json
{
  ""hypotheses_set"": [
    [
      {
        ""id"": ""q1"",
        ""target"": [""e_actor""],
        ""entities"": [
          { ""id"": ""e_actor"", ""type"": ""Person"" },
          { ""id"": ""e_movie"", ""type"": ""Movie"" }
        ],
        ""relationships"": [
          { ""id"": ""r_act"", ""role"": ""actor"", ""from"": ""e_actor"", ""to"": ""e_movie"" }
        ],
        ""constraint"": {
          ""and_conditions"": [
            {
              ""left"": {
                ""attribute_name"": ""title"",
                ""of"": ""e_movie""
              },
              ""operator"": ""="",
              ""right"": ""The Matrix""
            }
          ]
        },
        ""projection"": [
          { ""attribute_name"": ""name"", ""of"": ""e_actor"" }
        ]
      }
    ],
    [
      {
        ""id"": ""q2"",
        ""target"": [""e_actor""],
        ""entities"": [
          { ""id"": ""e_actor"", ""type"": ""Person"" },
          { ""id"": ""e_common_actor"", ""type"": ""Person"" },
          { ""id"": ""e_movie"", ""type"": ""Movie"" }
        ],
        ""relationships"": [
          { ""id"": ""r_act1"", ""role"": ""actor"", ""from"": ""e_actor"", ""to"": ""e_movie"" },
          { ""id"": ""r_act2"", ""role"": ""actor"", ""from"": ""e_common_actor"", ""to"": ""e_movie"" }
        ],
        ""constraint"": {
          ""and_conditions"": [
            {
              ""left"": {
                ""count_id"": ""r_act1"",
                ""condition"": {
                  ""left"": { ""attribute_name"": ""name"", ""of"": ""e_actor"" },
                  ""operator"": ""="",
                  ""right"": { ""attribute_name"": ""name"", ""of"": ""e_common_actor"" }
                }
              },
              ""operator"": "">="",
              ""right"": 3
            },
            {
              ""left"": {
                ""count_id"": ""r_act2"",
                ""condition"": {
                  ""left"": { ""attribute_name"": ""name"", ""of"": ""e_common_actor"" },
                  ""operator"": ""="",
                  ""right"": { ""attribute_name"": ""name"", ""of"": ""e_actor"" }
                }
              },
              ""operator"": "">="",
              ""right"": 3
            }
          ]
        },
        ""projection"": [
          { ""attribute_name"": ""name"", ""of"": ""e_common_actor"" }
        ]
      }
    ],
    [
      {
        ""id"": ""q3"",
        ""target"": [""e_actor""],
        ""entities"": [
          { ""id"": ""e_actor"", ""type"": ""Person"" },
          { ""id"": ""e_movie"", ""type"": ""Movie"" }
        ],
        ""relationships"": [
          { ""id"": ""r_act"", ""role"": ""actor"", ""from"": ""e_actor"", ""to"": ""e_movie"" }
        ],
        ""constraint"": {
          ""and_conditions"": [
            {
              ""left"": {
                ""count_id"": ""r_act"",
                ""condition"": {
                  ""left"": {
                    ""exists_id"": ""e_movie"",
                    ""condition"": {
                      ""and_conditions"": [
                        {
                          ""left"": { ""attribute_name"": ""title"", ""of"": ""e_movie"" },
                          ""operator"": ""!="",
                          ""right"": ""The Matrix""
                        },
                        {
                          ""left"": {
                            ""count_id"": ""r_act"",
                            ""condition"": {
                              ""left"": { ""attribute_name"": ""name"", ""of"": ""e_actor"" },
                              ""operator"": ""="",
                              ""right"": { ""attribute_name"": ""name"", ""of"": ""e_common_actor"" }
                            }
                          },
                          ""operator"": "">="",
                          ""right"": 3
                        }
                      ]
                    }
                  }
                }
              },
              ""operator"": "">"",
              ""right"": 3
            }
          ]
        },
        ""projection"": [
          { ""attribute_name"": ""name"", ""of"": ""e_actor"" }
        ]
      }
    ]
  ]
}
```"
10,Q12,Give me the actors of The Matrix along with the three actors who have acted the most in any movie with them,ministral-3:3b,False,0.05,13.484992,True,stop,3130,0.016321,843,12.731846,66.2119,"```json
{
  ""hypotheses_set"": [
    [
      {
        ""id"": ""q1"",
        ""target"": [""e_actor""],
        ""entities"": [
          { ""id"": ""e_actor"", ""type"": ""Person"" },
          { ""id"": ""e_movie"", ""type"": ""Movie"" }
        ],
        ""relationships"": [
          { ""id"": ""r_act"", ""role"": ""actor"", ""from"": ""e_actor"", ""to"": ""e_movie"" }
        ],
        ""constraint"": {
          ""and_conditions"": [
            {
              ""left"": {
                ""attribute_name"": ""title"",
                ""of"": ""e_movie""
              },
              ""operator"": ""="",
              ""right"": ""The Matrix""
            }
          ]
        },
        ""projection"": [
          { ""attribute_name"": ""name"", ""of"": ""e_actor"" }
        ]
      }
    ],
    [
      {
        ""id"": ""q2"",
        ""target"": [""e_actor""],
        ""entities"": [
          { ""id"": ""e_actor"", ""type"": ""Person"" },
          { ""id"": ""e_common_actor"", ""type"": ""Person"" },
          { ""id"": ""e_movie"", ""type"": ""Movie"" }
        ],
        ""relationships"": [
          { ""id"": ""r_act1"", ""role"": ""actor"", ""from"": ""e_actor"", ""to"": ""e_movie"" },
          { ""id"": ""r_act2"", ""role"": ""actor"", ""from"": ""e_common_actor"", ""to"": ""e_movie"" }
        ],
        ""constraint"": {
          ""and_conditions"": [
            {
              ""left"": {
                ""count_id"": ""r_act1"",
                ""condition"": {
                  ""left"": { ""attribute_name"": ""name"", ""of"": ""e_actor"" },
                  ""operator"": ""="",
                  ""right"": { ""attribute_name"": ""name"", ""of"": ""e_common_actor"" }
                }
              },
              ""operator"": "">="",
              ""right"": 3
            },
            {
              ""left"": {
                ""count_id"": ""r_act2"",
                ""condition"": {
                  ""left"": { ""attribute_name"": ""name"", ""of"": ""e_common_actor"" },
                  ""operator"": ""="",
                  ""right"": { ""attribute_name"": ""name"", ""of"": ""e_actor"" }
                }
              },
              ""operator"": "">="",
              ""right"": 3
            }
          ]
        },
        ""projection"": [
          { ""attribute_name"": ""name"", ""of"": ""e_common_actor"" }
        ]
      }
    ],
    [
      {
        ""id"": ""q3"",
        ""target"": [""e_actor""],
        ""entities"": [
          { ""id"": ""e_actor"", ""type"": ""Person"" },
          { ""id"": ""e_movie"", ""type"": ""Movie"" }
        ],
        ""relationships"": [
          { ""id"": ""r_act"", ""role"": ""actor"", ""from"": ""e_actor"", ""to"": ""e_movie"" }
        ],
        ""constraint"": {
          ""and_conditions"": [
            {
              ""left"": {
                ""count_id"": ""r_act"",
                ""condition"": {
                  ""left"": {
                    ""attribute_name"": ""name"",
                    ""of"": ""e_common_actor""
                  },
                  ""operator"": ""="",
                  ""right"": { ""attribute_name"": ""name"", ""of"": ""e_actor"" }
                }
              },
              ""operator"": "">="",
              ""right"": 3
            }
          ]
        },
        ""projection"": [
          { ""attribute_name"": ""name"", ""of"": ""e_actor"" }
        ]
      }
    ]
  ]
}
```"
11,Q12,Give me the actors of The Matrix along with the three actors who have acted the most in any movie with them,ministral-3:3b,False,0.05,16.139235,False,stop,3130,0.016111,1010,15.285066,66.0776,"```json
{
  ""hypotheses_set"": [
    [
      {
        ""id"": ""q1"",
        ""target"": [""e_actor""],
        ""entities"": [
          { ""id"": ""e_actor"", ""type"": ""Person"" },
          { ""id"": ""e_movie"", ""type"": ""Movie"" }
        ],
        ""relationships"": [
          { ""id"": ""r_act"", ""role"": ""actor"", ""from"": ""e_actor"", ""to"": ""e_movie"" }
        ],
        ""constraint"": {
          ""and_conditions"": [
            {
              ""left"": { ""attribute_name"": ""title"", ""of"": ""e_movie"" },
              ""operator"": ""="",
              ""right"": ""The Matrix""
            }
          ]
        },
        ""projection"": [
          { ""attribute_name"": ""name"", ""of"": ""e_actor"" }
        ]
      }
    ],
    [
      {
        ""id"": ""q2"",
        ""target"": [""e_actor""],
        ""entities"": [
          { ""id"": ""e_actor"", ""type"": ""Person"" },
          { ""id"": ""e_common_actor"", ""type"": ""Person"" },
          { ""id"": ""e_movie"", ""type"": ""Movie"" }
        ],
        ""relationships"": [
          { ""id"": ""r_act1"", ""role"": ""actor"", ""from"": ""e_actor"", ""to"": ""e_movie"" },
          { ""id"": ""r_act2"", ""role"": ""actor"", ""from"": ""e_common_actor"", ""to"": ""e_movie"" }
        ],
        ""constraint"": {
          ""and_conditions"": [
            {
              ""left"": {
                ""count_id"": ""r_act1"",
                ""condition"": {
                  ""and_conditions"": [
                    ""r_act1"",
                    {
                      ""left"": { ""attribute_name"": ""title"", ""of"": ""e_movie"" },
                      ""operator"": ""!="",
                      ""right"": ""The Matrix""
                    }
                  ]
                }
              },
              ""operator"": ""="",
              ""right"": {
                ""count_id"": ""r_act2"",
                ""condition"": {
                  ""and_conditions"": [
                    ""r_act2"",
                    {
                      ""left"": { ""attribute_name"": ""title"", ""of"": ""e_movie"" },
                      ""operator"": ""!="",
                      ""right"": ""The Matrix""
                    }
                  ]
                }
              }
            }
          ]
        }
      }
    ],
    [
      {
        ""id"": ""q3"",
        ""target"": [""e_actor""],
        ""entities"": [
          { ""id"": ""e_actor"", ""type"": ""Person"" },
          { ""id"": ""e_common_actor"", ""type"": ""Person"" },
          { ""id"": ""e_movie"", ""type"": ""Movie"" }
        ],
        ""relationships"": [
          { ""id"": ""r_act1"", ""role"": ""actor"", ""from"": ""e_actor"", ""to"": ""e_movie"" },
          { ""id"": ""r_act2"", ""role"": ""actor"", ""from"": ""e_common_actor"", ""to"": ""e_movie"" }
        ],
        ""constraint"": {
          ""and_conditions"": [
            {
              ""left"": {
                ""count_id"": ""r_act1"",
                ""condition"": {
                  ""and_conditions"": [
                    ""r_act1"",
                    {
                      ""left"": { ""attribute_name"": ""title"", ""of"": ""e_movie"" },
                      ""operator"": ""!="",
                      ""right"": ""The Matrix""
                    }
                  ]
                }
              },
              ""operator"": "">="",
              ""right"": 3
            },
            {
              ""left"": {
                ""count_id"": ""r_act2"",
                ""condition"": {
                  ""and_conditions"": [
                    ""r_act2"",
                    {
                      ""left"": { ""attribute_name"": ""title"", ""of"": ""e_movie"" },
                      ""operator"": ""!="",
                      ""right"": ""The Matrix""
                    }
                  ]
                }
              },
              ""operator"": ""="",
              ""right"": {
                ""count_id"": ""r_act1"",
                ""condition"": {
                  ""and_conditions"": [
                    ""r_act1"",
                    {
                      ""left"": { ""attribute_name"": ""title"", ""of"": ""e_movie"" },
                      ""operator"": ""!="",
                      ""right"": ""The Matrix""
                    }
                  ]
                }
              }
            }
          ]
        }
      }
    ]
  }
}
```"
12,Q12,Give me the actors of The Matrix along with the three actors who have acted the most in any movie with them,ministral-3:3b,False,0.05,15.87151,True,stop,3130,1.706372,888,13.40609,66.2386,"```json
{
  ""hypotheses_set"": [
    [
      {
        ""id"": ""q1"",
        ""target"": [""e_actor""],
        ""entities"": [
          { ""id"": ""e_actor"", ""type"": ""Person"" },
          { ""id"": ""e_movie"", ""type"": ""Movie"" }
        ],
        ""relationships"": [
          { ""id"": ""r_act"", ""role"": ""actor"", ""from"": ""e_actor"", ""to"": ""e_movie"" }
        ],
        ""constraint"": {
          ""and_conditions"": [
            {
              ""left"": {
                ""attribute_name"": ""title"",
                ""of"": ""e_movie""
              },
              ""operator"": ""="",
              ""right"": ""The Matrix""
            }
          ]
        },
        ""projection"": [
          { ""attribute_name"": ""name"", ""of"": ""e_actor"" }
        ]
      }
    ],
    [
      {
        ""id"": ""q2"",
        ""target"": [""e_actor""],
        ""entities"": [
          { ""id"": ""e_actor"", ""type"": ""Person"" },
          { ""id"": ""e_common_actor"", ""type"": ""Person"" },
          { ""id"": ""e_movie"", ""type"": ""Movie"" }
        ],
        ""relationships"": [
          { ""id"": ""r_act1"", ""role"": ""actor"", ""from"": ""e_actor"", ""to"": ""e_movie"" },
          { ""id"": ""r_act2"", ""role"": ""actor"", ""from"": ""e_common_actor"", ""to"": ""e_movie"" }
        ],
        ""constraint"": {
          ""and_conditions"": [
            {
              ""left"": {
                ""count_id"": ""r_act1"",
                ""condition"": {
                  ""left"": { ""attribute_name"": ""name"", ""of"": ""e_actor"" },
                  ""operator"": ""="",
                  ""right"": { ""attribute_name"": ""name"", ""of"": ""e_common_actor"" }
                }
              },
              ""operator"": ""="",
              ""right"": 3
            },
            {
              ""left"": {
                ""count_id"": ""r_act2"",
                ""condition"": {
                  ""left"": { ""attribute_name"": ""title"", ""of"": ""e_movie"" },
                  ""operator"": ""!="",
                  ""right"": ""The Matrix""
                }
              },
              ""operator"": "">"",
              ""right"": 0
            }
          ]
        },
        ""projection"": [
          { ""attribute_name"": ""name"", ""of"": ""e_common_actor"" }
        ]
      }
    ],
    {
      ""id"": ""q3"",
      ""target"": [""e_actor""],
      ""entities"": [
        { ""id"": ""e_actor"", ""type"": ""Person"" },
        { ""id"": ""e_common_actor"", ""type"": ""Person"" },
        { ""id"": ""e_movie"", ""type"": ""Movie"" }
      ],
      ""relationships"": [
        { ""id"": ""r_act"", ""role"": ""actor"", ""from"": ""e_actor"", ""to"": ""e_movie"" }
      ],
      ""constraint"": {
        ""and_conditions"": [
          {
            ""left"": {
              ""count_id"": ""r_act"",
              ""condition"": {
                ""left"": {
                  ""attribute_name"": ""name"",
                  ""of"": ""e_common_actor""
                },
                ""operator"": ""="",
                ""right"": { ""attribute_name"": ""name"", ""of"": ""e_actor"" }
              }
            },
            ""operator"": "">="",
            ""right"": 3
          },
          {
            ""left"": {
              ""attribute_name"": ""title"",
              ""of"": ""e_movie""
            },
            ""operator"": ""!="",
            ""right"": ""The Matrix""
          }
        ]
      },
      ""projection"": [
        { ""attribute_name"": ""name"", ""of"": ""e_common_actor"" }
      ]
    }
  ]
}
```"
13,Q12,Give me the actors of The Matrix along with the three actors who have acted the most in any movie with them,ministral-3:3b,False,0.05,9.263628,True,stop,3130,0.016119,577,8.673212,66.5267,"```json
{
  ""hypotheses_set"": [
    [
      {
        ""id"": ""q1"",
        ""target"": [""e_actor""],
        ""entities"": [
          { ""id"": ""e_actor"", ""type"": ""Person"" },
          { ""id"": ""e_movie"", ""type"": ""Movie"" }
        ],
        ""relationships"": [
          { ""id"": ""r_act"", ""role"": ""actor"", ""from"": ""e_actor"", ""to"": ""e_movie"" }
        ],
        ""constraint"": {
          ""and_conditions"": [
            {
              ""left"": {
                ""attribute_name"": ""title"",
                ""of"": ""e_movie""
              },
              ""operator"": ""="",
              ""right"": ""The Matrix""
            }
          ]
        },
        ""projection"": [
          { ""attribute_name"": ""name"", ""of"": ""e_actor"" }
        ]
      }
    ],
    [
      {
        ""id"": ""q2"",
        ""target"": [""e_actor""],
        ""entities"": [
          { ""id"": ""e_actor"", ""type"": ""Person"" },
          { ""id"": ""e_common_actor"", ""type"": ""Person"" },
          { ""id"": ""e_movie"", ""type"": ""Movie"" }
        ],
        ""relationships"": [
          { ""id"": ""r_common_act"", ""role"": ""co-star"", ""from"": ""e_common_actor"", ""to"": ""e_movie"" },
          { ""id"": ""r_act"", ""role"": ""actor"", ""from"": ""e_actor"", ""to"": ""e_movie"" }
        ],
        ""constraint"": {
          ""and_conditions"": [
            {
              ""left"": {
                ""count_id"": ""r_common_act"",
                ""condition"": {
                  ""and_conditions"": [
                    {
                      ""left"": { ""attribute_name"": ""name"", ""of"": ""e_common_actor"" },
                      ""operator"": ""="",
                      ""right"": { ""expression_ID"": ""e_actor"", ""expression"": { ""attribute_name"": ""name"", ""of"": ""e_actor"" } }
                    }
                  ]
                }
              },
              ""operator"": "">="",
              ""right"": 3
            },
            {
              ""left"": {
                ""attribute_name"": ""title"",
                ""of"": ""e_movie""
              },
              ""operator"": ""!="",
              ""right"": ""The Matrix""
            }
          ]
        },
        ""projection"": [
          { ""attribute_name"": ""name"", ""of"": ""e_common_actor"" }
        ]
      }
    ]
  ]
}
```"
14,Q12,Give me the actors of The Matrix along with the three actors who have acted the most in any movie with them,ministral-3:3b,False,0.05,16.150989,False,stop,3130,0.016299,1010,15.294454,66.037,"```json
{
  ""hypotheses_set"": [
    [
      {
        ""id"": ""q1"",
        ""target"": [""e_actor""],
        ""entities"": [
          { ""id"": ""e_actor"", ""type"": ""Person"" },
          { ""id"": ""e_movie"", ""type"": ""Movie"" }
        ],
        ""relationships"": [
          { ""id"": ""r_act"", ""role"": ""actor"", ""from"": ""e_actor"", ""to"": ""e_movie"" }
        ],
        ""constraint"": {
          ""and_conditions"": [
            {
              ""left"": { ""attribute_name"": ""title"", ""of"": ""e_movie"" },
              ""operator"": ""="",
              ""right"": ""The Matrix""
            }
          ]
        },
        ""projection"": [
          { ""attribute_name"": ""name"", ""of"": ""e_actor"" }
        ]
      }
    ],
    [
      {
        ""id"": ""q2"",
        ""target"": [""e_actor""],
        ""entities"": [
          { ""id"": ""e_actor"", ""type"": ""Person"" },
          { ""id"": ""e_common_actor"", ""type"": ""Person"" },
          { ""id"": ""e_movie"", ""type"": ""Movie"" }
        ],
        ""relationships"": [
          { ""id"": ""r_act1"", ""role"": ""actor"", ""from"": ""e_actor"", ""to"": ""e_movie"" },
          { ""id"": ""r_act2"", ""role"": ""actor"", ""from"": ""e_common_actor"", ""to"": ""e_movie"" }
        ],
        ""constraint"": {
          ""and_conditions"": [
            {
              ""left"": {
                ""count_id"": ""r_act1"",
                ""condition"": {
                  ""and_conditions"": [
                    ""r_act1"",
                    {
                      ""left"": { ""attribute_name"": ""title"", ""of"": ""e_movie"" },
                      ""operator"": ""!="",
                      ""right"": ""The Matrix""
                    }
                  ]
                }
              },
              ""operator"": ""="",
              ""right"": {
                ""count_id"": ""r_act2"",
                ""condition"": {
                  ""and_conditions"": [
                    ""r_act2"",
                    {
                      ""left"": { ""attribute_name"": ""title"", ""of"": ""e_movie"" },
                      ""operator"": ""!="",
                      ""right"": ""The Matrix""
                    }
                  ]
                }
              }
            }
          ]
        }
      }
    ],
    [
      {
        ""id"": ""q3"",
        ""target"": [""e_actor""],
        ""entities"": [
          { ""id"": ""e_actor"", ""type"": ""Person"" },
          { ""id"": ""e_common_actor"", ""type"": ""Person"" },
          { ""id"": ""e_movie"", ""type"": ""Movie"" }
        ],
        ""relationships"": [
          { ""id"": ""r_act1"", ""role"": ""actor"", ""from"": ""e_actor"", ""to"": ""e_movie"" },
          { ""id"": ""r_act2"", ""role"": ""actor"", ""from"": ""e_common_actor"", ""to"": ""e_movie"" }
        ],
        ""constraint"": {
          ""and_conditions"": [
            {
              ""left"": {
                ""count_id"": ""r_act1"",
                ""condition"": {
                  ""and_conditions"": [
                    ""r_act1"",
                    {
                      ""left"": { ""attribute_name"": ""title"", ""of"": ""e_movie"" },
                      ""operator"": ""!="",
                      ""right"": ""The Matrix""
                    }
                  ]
                }
              },
              ""operator"": "">="",
              ""right"": 3
            },
            {
              ""left"": {
                ""count_id"": ""r_act2"",
                ""condition"": {
                  ""and_conditions"": [
                    ""r_act2"",
                    {
                      ""left"": { ""attribute_name"": ""title"", ""of"": ""e_movie"" },
                      ""operator"": ""!="",
                      ""right"": ""The Matrix""
                    }
                  ]
                }
              },
              ""operator"": ""="",
              ""right"": {
                ""count_id"": ""r_act1"",
                ""condition"": {
                  ""and_conditions"": [
                    ""r_act1"",
                    {
                      ""left"": { ""attribute_name"": ""title"", ""of"": ""e_movie"" },
                      ""operator"": ""!="",
                      ""right"": ""The Matrix""
                    }
                  ]
                }
              }
            }
          ]
        }
      }
    ]
  }
}
```"
15,Q12,Give me the actors of The Matrix along with the three actors who have acted the most in any movie with them,ministral-3:3b,False,0.05,15.849899,True,stop,3130,1.706469,887,13.389058,66.2481,"```json
{
  ""hypotheses_set"": [
    [
      {
        ""id"": ""q1"",
        ""target"": [""e_actor""],
        ""entities"": [
          { ""id"": ""e_actor"", ""type"": ""Person"" },
          { ""id"": ""e_movie"", ""type"": ""Movie"" }
        ],
        ""relationships"": [
          { ""id"": ""r_act"", ""role"": ""actor"", ""from"": ""e_actor"", ""to"": ""e_movie"" }
        ],
        ""constraint"": {
          ""and_conditions"": [
            {
              ""left"": {
                ""attribute_name"": ""title"",
                ""of"": ""e_movie""
              },
              ""operator"": ""="",
              ""right"": ""The Matrix""
            }
          ]
        },
        ""projection"": [
          { ""attribute_name"": ""name"", ""of"": ""e_actor"" }
        ]
      }
    ],
    [
      {
        ""id"": ""q2"",
        ""target"": [""e_actor""],
        ""entities"": [
          { ""id"": ""e_actor"", ""type"": ""Person"" },
          { ""id"": ""e_common_actor"", ""type"": ""Person"" },
          { ""id"": ""e_movie"", ""type"": ""Movie"" }
        ],
        ""relationships"": [
          { ""id"": ""r_act1"", ""role"": ""actor"", ""from"": ""e_actor"", ""to"": ""e_movie"" },
          { ""id"": ""r_act2"", ""role"": ""actor"", ""from"": ""e_common_actor"", ""to"": ""e_movie"" }
        ],
        ""constraint"": {
          ""and_conditions"": [
            {
              ""left"": {
                ""count_id"": ""r_act1"",
                ""condition"": {
                  ""left"": { ""attribute_name"": ""name"", ""of"": ""e_actor"" },
                  ""operator"": ""="",
                  ""right"": { ""attribute_name"": ""name"", ""of"": ""e_common_actor"" }
                }
              },
              ""operator"": ""="",
              ""right"": 3
            },
            {
              ""left"": {
                ""count_id"": ""r_act2"",
                ""condition"": {
                  ""left"": { ""attribute_name"": ""title"", ""of"": ""e_movie"" },
                  ""operator"": ""!="",
                  ""right"": ""The Matrix""
                }
              },
              ""operator"": "">"",
              ""right"": 0
            }
          ]
        },
        ""projection"": [
          { ""attribute_name"": ""name"", ""of"": ""e_common_actor"" }
        ]
      }
    ],
    {
      ""id"": ""q3"",
      ""target"": [""e_actor""],
      ""entities"": [
        { ""id"": ""e_actor"", ""type"": ""Person"" },
        { ""id"": ""e_common_actor"", ""type"": ""Person"" },
        { ""id"": ""e_movie"", ""type"": ""Movie"" }
      ],
      ""relationships"": [
        { ""id"": ""r_act"", ""role"": ""actor"", ""from"": ""e_actor"", ""to"": ""e_movie"" }
      ],
      ""constraint"": {
        ""and_conditions"": [
          {
            ""left"": {
              ""count_id"": ""r_act"",
              ""condition"": {
                ""left"": {
                  ""attribute_name"": ""name"",
                  ""of"": ""e_common_actor""
                },
                ""operator"": ""="",
                ""right"": { ""attribute_name"": ""name"", ""of"": ""e_actor"" }
              }
            },
            ""operator"": "">"",
            ""right"": 3
          },
          {
            ""left"": {
              ""attribute_name"": ""title"",
              ""of"": ""e_movie""
            },
            ""operator"": ""!="",
            ""right"": ""The Matrix""
          }
        ]
      },
      ""projection"": [
        { ""attribute_name"": ""name"", ""of"": ""e_common_actor"" }
      ]
    }
  ]
}
```"
16,Q12,Give me the actors of The Matrix along with the three actors who have acted the most in any movie with them,ministral-3:3b,False,0.05,14.156686,True,stop,3130,0.016293,887,13.380544,66.2903,"```json
{
  ""hypotheses_set"": [
    [
      {
        ""id"": ""q1"",
        ""target"": [""e_actor""],
        ""entities"": [
          { ""id"": ""e_actor"", ""type"": ""Person"" },
          { ""id"": ""e_movie"", ""type"": ""Movie"" }
        ],
        ""relationships"": [
          { ""id"": ""r_act"", ""role"": ""actor"", ""from"": ""e_actor"", ""to"": ""e_movie"" }
        ],
        ""constraint"": {
          ""and_conditions"": [
            {
              ""left"": {
                ""attribute_name"": ""title"",
                ""of"": ""e_movie""
              },
              ""operator"": ""="",
              ""right"": ""The Matrix""
            }
          ]
        },
        ""projection"": [
          { ""attribute_name"": ""name"", ""of"": ""e_actor"" }
        ]
      }
    ],
    [
      {
        ""id"": ""q2"",
        ""target"": [""e_actor""],
        ""entities"": [
          { ""id"": ""e_actor"", ""type"": ""Person"" },
          { ""id"": ""e_common_actor"", ""type"": ""Person"" },
          { ""id"": ""e_movie"", ""type"": ""Movie"" }
        ],
        ""relationships"": [
          { ""id"": ""r_act1"", ""role"": ""actor"", ""from"": ""e_actor"", ""to"": ""e_movie"" },
          { ""id"": ""r_act2"", ""role"": ""actor"", ""from"": ""e_common_actor"", ""to"": ""e_movie"" }
        ],
        ""constraint"": {
          ""and_conditions"": [
            {
              ""left"": {
                ""count_id"": ""r_act1"",
                ""condition"": {
                  ""left"": { ""attribute_name"": ""name"", ""of"": ""e_actor"" },
                  ""operator"": ""="",
                  ""right"": { ""attribute_name"": ""name"", ""of"": ""e_common_actor"" }
                }
              },
              ""operator"": ""="",
              ""right"": 3
            },
            {
              ""left"": {
                ""count_id"": ""r_act2"",
                ""condition"": {
                  ""left"": { ""attribute_name"": ""title"", ""of"": ""e_movie"" },
                  ""operator"": ""!="",
                  ""right"": ""The Matrix""
                }
              },
              ""operator"": "">"",
              ""right"": 0
            }
          ]
        },
        ""projection"": [
          { ""attribute_name"": ""name"", ""of"": ""e_common_actor"" }
        ]
      }
    ],
    {
      ""id"": ""q3"",
      ""target"": [""e_actor""],
      ""entities"": [
        { ""id"": ""e_actor"", ""type"": ""Person"" },
        { ""id"": ""e_common_actor"", ""type"": ""Person"" },
        { ""id"": ""e_movie"", ""type"": ""Movie"" }
      ],
      ""relationships"": [
        { ""id"": ""r_act"", ""role"": ""actor"", ""from"": ""e_actor"", ""to"": ""e_movie"" }
      ],
      ""constraint"": {
        ""and_conditions"": [
          {
            ""left"": {
              ""count_id"": ""r_act"",
              ""condition"": {
                ""left"": {
                  ""attribute_name"": ""name"",
                  ""of"": ""e_common_actor""
                },
                ""operator"": ""="",
                ""right"": { ""attribute_name"": ""name"", ""of"": ""e_actor"" }
              }
            },
            ""operator"": "">"",
            ""right"": 3
          },
          {
            ""left"": {
              ""attribute_name"": ""title"",
              ""of"": ""e_movie""
            },
            ""operator"": ""!="",
            ""right"": ""The Matrix""
          }
        ]
      },
      ""projection"": [
        { ""attribute_name"": ""name"", ""of"": ""e_common_actor"" }
      ]
    }
  ]
}
```"
17,Q12,Give me the actors of The Matrix along with the three actors who have acted the most in any movie with them,ministral-3:3b,False,0.05,14.193796,True,stop,3130,0.015958,888,13.416243,66.1884,"```json
{
  ""hypotheses_set"": [
    [
      {
        ""id"": ""q1"",
        ""target"": [""e_actor""],
        ""entities"": [
          { ""id"": ""e_actor"", ""type"": ""Person"" },
          { ""id"": ""e_movie"", ""type"": ""Movie"" }
        ],
        ""relationships"": [
          { ""id"": ""r_act"", ""role"": ""actor"", ""from"": ""e_actor"", ""to"": ""e_movie"" }
        ],
        ""constraint"": {
          ""and_conditions"": [
            {
              ""left"": {
                ""attribute_name"": ""title"",
                ""of"": ""e_movie""
              },
              ""operator"": ""="",
              ""right"": ""The Matrix""
            }
          ]
        },
        ""projection"": [
          { ""attribute_name"": ""name"", ""of"": ""e_actor"" }
        ]
      }
    ],
    [
      {
        ""id"": ""q2"",
        ""target"": [""e_actor""],
        ""entities"": [
          { ""id"": ""e_actor"", ""type"": ""Person"" },
          { ""id"": ""e_common_actor"", ""type"": ""Person"" },
          { ""id"": ""e_movie"", ""type"": ""Movie"" }
        ],
        ""relationships"": [
          { ""id"": ""r_act1"", ""role"": ""actor"", ""from"": ""e_actor"", ""to"": ""e_movie"" },
          { ""id"": ""r_act2"", ""role"": ""actor"", ""from"": ""e_common_actor"", ""to"": ""e_movie"" }
        ],
        ""constraint"": {
          ""and_conditions"": [
            {
              ""left"": {
                ""count_id"": ""r_act1"",
                ""condition"": {
                  ""left"": { ""attribute_name"": ""name"", ""of"": ""e_actor"" },
                  ""operator"": ""="",
                  ""right"": { ""attribute_name"": ""name"", ""of"": ""e_common_actor"" }
                }
              },
              ""operator"": ""="",
              ""right"": 3
            },
            {
              ""left"": {
                ""count_id"": ""r_act2"",
                ""condition"": {
                  ""left"": { ""attribute_name"": ""title"", ""of"": ""e_movie"" },
                  ""operator"": ""!="",
                  ""right"": ""The Matrix""
                }
              },
              ""operator"": "">"",
              ""right"": 0
            }
          ]
        },
        ""projection"": [
          { ""attribute_name"": ""name"", ""of"": ""e_common_actor"" }
        ]
      }
    ],
    {
      ""id"": ""q3"",
      ""target"": [""e_actor""],
      ""entities"": [
        { ""id"": ""e_actor"", ""type"": ""Person"" },
        { ""id"": ""e_common_actor"", ""type"": ""Person"" },
        { ""id"": ""e_movie"", ""type"": ""Movie"" }
      ],
      ""relationships"": [
        { ""id"": ""r_act"", ""role"": ""actor"", ""from"": ""e_actor"", ""to"": ""e_movie"" }
      ],
      ""constraint"": {
        ""and_conditions"": [
          {
            ""left"": {
              ""count_id"": ""r_act"",
              ""condition"": {
                ""left"": {
                  ""attribute_name"": ""name"",
                  ""of"": ""e_common_actor""
                },
                ""operator"": ""="",
                ""right"": { ""attribute_name"": ""name"", ""of"": ""e_actor"" }
              }
            },
            ""operator"": "">="",
            ""right"": 3
          },
          {
            ""left"": {
              ""attribute_name"": ""title"",
              ""of"": ""e_movie""
            },
            ""operator"": ""!="",
            ""right"": ""The Matrix""
          }
        ]
      },
      ""projection"": [
        { ""attribute_name"": ""name"", ""of"": ""e_common_actor"" }
      ]
    }
  ]
}
```"
18,Q12,Give me the actors of The Matrix along with the three actors who have acted the most in any movie with them,ministral-3:3b,False,0.05,14.642996,True,stop,3130,0.016223,918,13.856356,66.2512,"```json
{
  ""hypotheses_set"": [
    [
      {
        ""id"": ""q1"",
        ""target"": [""e_actor""],
        ""entities"": [
          { ""id"": ""e_actor"", ""type"": ""Person"" },
          { ""id"": ""e_movie"", ""type"": ""Movie"" }
        ],
        ""relationships"": [
          { ""id"": ""r_act"", ""role"": ""actor"", ""from"": ""e_actor"", ""to"": ""e_movie"" }
        ],
        ""constraint"": {
          ""and_conditions"": [
            {
              ""left"": {
                ""attribute_name"": ""title"",
                ""of"": ""e_movie""
              },
              ""operator"": ""="",
              ""right"": ""The Matrix""
            }
          ]
        },
        ""projection"": [
          { ""attribute_name"": ""name"", ""of"": ""e_actor"" }
        ]
      }
    ],
    [
      {
        ""id"": ""q2"",
        ""target"": [""e_actor""],
        ""entities"": [
          { ""id"": ""e_actor"", ""type"": ""Person"" },
          { ""id"": ""e_common_actor"", ""type"": ""Person"" },
          { ""id"": ""e_movie"", ""type"": ""Movie"" }
        ],
        ""relationships"": [
          { ""id"": ""r_act1"", ""role"": ""actor"", ""from"": ""e_actor"", ""to"": ""e_movie"" },
          { ""id"": ""r_act2"", ""role"": ""actor"", ""from"": ""e_common_actor"", ""to"": ""e_movie"" }
        ],
        ""constraint"": {
          ""and_conditions"": [
            {
              ""left"": {
                ""count_id"": ""r_act1"",
                ""condition"": {
                  ""left"": { ""attribute_name"": ""name"", ""of"": ""e_actor"" },
                  ""operator"": ""="",
                  ""right"": { ""attribute_name"": ""name"", ""of"": ""e_common_actor"" }
                }
              },
              ""operator"": ""="",
              ""right"": 3
            },
            {
              ""left"": {
                ""count_id"": ""r_act2"",
                ""condition"": {
                  ""left"": { ""attribute_name"": ""title"", ""of"": ""e_movie"" },
                  ""operator"": ""!="",
                  ""right"": ""The Matrix""
                }
              },
              ""operator"": "">"",
              ""right"": 0
            }
          ]
        },
        ""projection"": [
          { ""attribute_name"": ""name"", ""of"": ""e_common_actor"" }
        ]
      }
    ],
    {
      ""id"": ""q3"",
      ""target"": [""e_actor""],
      ""entities"": [
        { ""id"": ""e_actor"", ""type"": ""Person"" },
        { ""id"": ""e_common_actor"", ""type"": ""Person"" },
        { ""id"": ""e_movie"", ""type"": ""Movie"" }
      ],
      ""relationships"": [
        { ""id"": ""r_act"", ""role"": ""actor"", ""from"": ""e_actor"", ""to"": ""e_movie"" }
      ],
      ""constraint"": {
        ""and_conditions"": [
          {
            ""left"": {
              ""count_id"": ""r_act"",
              ""condition"": {
                ""left"": { ""attribute_name"": ""name"", ""of"": ""e_common_actor"" },
                ""operator"": ""="",
                ""right"": { ""attribute_name"": ""name"", ""of"": ""e_actor"" }
              }
            },
            ""operator"": "">"",
            ""right"": 3
          },
          {
            ""left"": {
              ""count_id"": ""r_act"",
              ""condition"": {
                ""left"": { ""attribute_name"": ""title"", ""of"": ""e_movie"" },
                ""operator"": ""!="",
                ""right"": ""The Matrix""
              }
            },
            ""operator"": "">"",
            ""right"": 0
          }
        ]
      },
      ""projection"": [
        { ""attribute_name"": ""name"", ""of"": ""e_common_actor"" }
      ]
    }
  ]
}
```"
19,Q12,Give me the actors of The Matrix along with the three actors who have acted the most in any movie with them,ministral-3:3b,False,0.05,12.635492,True,stop,3130,0.016298,790,11.911327,66.3234,"```json
{
  ""hypotheses_set"": [
    [
      {
        ""id"": ""q1"",
        ""target"": [""e_actor""],
        ""entities"": [
          { ""id"": ""e_actor"", ""type"": ""Person"" },
          { ""id"": ""e_movie"", ""type"": ""Movie"" }
        ],
        ""relationships"": [
          { ""id"": ""r_act"", ""role"": ""actor"", ""from"": ""e_actor"", ""to"": ""e_movie"" }
        ],
        ""constraint"": {
          ""and_conditions"": [
            {
              ""left"": { ""attribute_name"": ""title"", ""of"": ""e_movie"" },
              ""operator"": ""="",
              ""right"": ""The Matrix""
            }
          ]
        },
        ""projection"": [
          { ""attribute_name"": ""name"", ""of"": ""e_actor"" }
        ]
      }
    ],
    [
      {
        ""id"": ""q2"",
        ""target"": [""e_actor""],
        ""entities"": [
          { ""id"": ""e_actor"", ""type"": ""Person"" },
          { ""id"": ""e_common_actor"", ""type"": ""Person"" },
          { ""id"": ""e_movie"", ""type"": ""Movie"" }
        ],
        ""relationships"": [
          { ""id"": ""r_act1"", ""role"": ""actor"", ""from"": ""e_actor"", ""to"": ""e_movie"" },
          { ""id"": ""r_act2"", ""role"": ""actor"", ""from"": ""e_common_actor"", ""to"": ""e_movie"" }
        ],
        ""constraint"": {
          ""and_conditions"": [
            {
              ""left"": {
                ""count_id"": ""r_act1"",
                ""condition"": {
                  ""and_conditions"": [
                    {
                      ""left"": { ""attribute_name"": ""title"", ""of"": ""e_movie"" },
                      ""operator"": ""!="",
                      ""right"": ""The Matrix""
                    }
                  ]
                }
              },
              ""operator"": ""="",
              ""right"": {
                ""count_id"": ""r_act2"",
                ""condition"": {
                  ""and_conditions"": [
                    {
                      ""left"": { ""attribute_name"": ""title"", ""of"": ""e_movie"" },
                      ""operator"": ""="",
                      ""right"": ""The Matrix""
                    }
                  ]
                }
              }
            }
          ]
        }
      }
    ],
    [
      {
        ""id"": ""q3"",
        ""target"": [""e_top_actors""],
        ""entities"": [
          { ""id"": ""e_top_actors"", ""type"": ""Person"" },
          { ""id"": ""e_movie"", ""type"": ""Movie"" }
        ],
        ""relationships"": [
          { ""id"": ""r_top_act"", ""role"": ""actor"", ""from"": ""e_top_actors"", ""to"": ""e_movie"" }
        ],
        ""constraint"": {
          ""and_conditions"": [
            {
              ""left"": {
                ""count_id"": ""r_top_act"",
                ""condition"": {
                  ""and_conditions"": [
                    {
                      ""left"": { ""attribute_name"": ""title"", ""of"": ""e_movie"" },
                      ""operator"": ""!="",
                      ""right"": ""The Matrix""
                    }
                  ]
                }
              },
              ""operator"": "">="",
              ""right"": 3
            }
          ]
        },
        ""projection"": [
          { ""attribute_name"": ""name"", ""of"": ""e_top_actors"" }
        ]
      }
    ]
  ]
}
```"
20,Q12,Give me the actors of The Matrix along with the three actors who have acted the most in any movie with them,ministral-3:3b,False,0.05,15.271885,True,stop,3130,0.016352,955,14.443354,66.1204,"```json
{
  ""hypotheses_set"": [
    [
      {
        ""id"": ""q1"",
        ""target"": [""e_actor""],
        ""entities"": [
          { ""id"": ""e_actor"", ""type"": ""Person"" },
          { ""id"": ""e_movie"", ""type"": ""Movie"" }
        ],
        ""relationships"": [
          { ""id"": ""r_act"", ""role"": ""actor"", ""from"": ""e_actor"", ""to"": ""e_movie"" }
        ],
        ""constraint"": {
          ""and_conditions"": [
            {
              ""left"": {
                ""attribute_name"": ""title"",
                ""of"": ""e_movie""
              },
              ""operator"": ""="",
              ""right"": ""The Matrix""
            }
          ]
        },
        ""projection"": [
          { ""attribute_name"": ""name"", ""of"": ""e_actor"" }
        ]
      }
    ],
    [
      {
        ""id"": ""q2"",
        ""target"": [""e_actor""],
        ""entities"": [
          { ""id"": ""e_actor"", ""type"": ""Person"" },
          { ""id"": ""e_common_actor"", ""type"": ""Person"" },
          { ""id"": ""e_movie"", ""type"": ""Movie"" }
        ],
        ""relationships"": [
          { ""id"": ""r_act1"", ""role"": ""actor"", ""from"": ""e_actor"", ""to"": ""e_movie"" },
          { ""id"": ""r_act2"", ""role"": ""actor"", ""from"": ""e_common_actor"", ""to"": ""e_movie"" }
        ],
        ""constraint"": {
          ""and_conditions"": [
            {
              ""left"": {
                ""count_id"": ""r_act1"",
                ""condition"": {
                  ""left"": { ""attribute_name"": ""name"", ""of"": ""e_actor"" },
                  ""operator"": ""="",
                  ""right"": { ""attribute_name"": ""name"", ""of"": ""e_common_actor"" }
                }
              },
              ""operator"": "">="",
              ""right"": 3
            },
            {
              ""left"": {
                ""count_id"": ""r_act2"",
                ""condition"": {
                  ""left"": { ""attribute_name"": ""name"", ""of"": ""e_common_actor"" },
                  ""operator"": ""="",
                  ""right"": { ""attribute_name"": ""name"", ""of"": ""e_actor"" }
                }
              },
              ""operator"": "">="",
              ""right"": 3
            }
          ]
        },
        ""projection"": [
          { ""attribute_name"": ""name"", ""of"": ""e_common_actor"" }
        ]
      }
    ],
    [
      {
        ""id"": ""q3"",
        ""target"": [""e_actor""],
        ""entities"": [
          { ""id"": ""e_actor"", ""type"": ""Person"" },
          { ""id"": ""e_movie"", ""type"": ""Movie"" }
        ],
        ""relationships"": [
          { ""id"": ""r_act"", ""role"": ""actor"", ""from"": ""e_actor"", ""to"": ""e_movie"" }
        ],
        ""constraint"": {
          ""and_conditions"": [
            {
              ""left"": {
                ""count_id"": ""r_act"",
                ""condition"": {
                  ""left"": {
                    ""exists_id"": ""e_movie"",
                    ""condition"": {
                      ""and_conditions"": [
                        {
                          ""left"": { ""attribute_name"": ""title"", ""of"": ""e_movie"" },
                          ""operator"": ""!="",
                          ""right"": ""The Matrix""
                        },
                        {
                          ""left"": {
                            ""count_id"": ""r_act"",
                            ""condition"": {
                              ""left"": { ""attribute_name"": ""name"", ""of"": ""e_actor"" },
                              ""operator"": ""="",
                              ""right"": { ""attribute_name"": ""name"", ""of"": ""e_common_actor"" }
                            }
                          },
                          ""operator"": "">="",
                          ""right"": 3
                        }
                      ]
                    }
                  }
                }
              },
              ""operator"": "">"",
              ""right"": 3
            }
          ]
        },
        ""projection"": [
          { ""attribute_name"": ""name"", ""of"": ""e_actor"" }
        ]
      }
    ]
  ]
}
```"
21,Q12,Give me the actors of The Matrix along with the three actors who have acted the most in any movie with them,ministral-3:3b,False,0.05,14.153023,True,stop,3130,0.016369,887,13.378844,66.2987,"```json
{
  ""hypotheses_set"": [
    [
      {
        ""id"": ""q1"",
        ""target"": [""e_actor""],
        ""entities"": [
          { ""id"": ""e_actor"", ""type"": ""Person"" },
          { ""id"": ""e_movie"", ""type"": ""Movie"" }
        ],
        ""relationships"": [
          { ""id"": ""r_act"", ""role"": ""actor"", ""from"": ""e_actor"", ""to"": ""e_movie"" }
        ],
        ""constraint"": {
          ""and_conditions"": [
            {
              ""left"": {
                ""attribute_name"": ""title"",
                ""of"": ""e_movie""
              },
              ""operator"": ""="",
              ""right"": ""The Matrix""
            }
          ]
        },
        ""projection"": [
          { ""attribute_name"": ""name"", ""of"": ""e_actor"" }
        ]
      }
    ],
    [
      {
        ""id"": ""q2"",
        ""target"": [""e_actor""],
        ""entities"": [
          { ""id"": ""e_actor"", ""type"": ""Person"" },
          { ""id"": ""e_common_actor"", ""type"": ""Person"" },
          { ""id"": ""e_movie"", ""type"": ""Movie"" }
        ],
        ""relationships"": [
          { ""id"": ""r_act1"", ""role"": ""actor"", ""from"": ""e_actor"", ""to"": ""e_movie"" },
          { ""id"": ""r_act2"", ""role"": ""actor"", ""from"": ""e_common_actor"", ""to"": ""e_movie"" }
        ],
        ""constraint"": {
          ""and_conditions"": [
            {
              ""left"": {
                ""count_id"": ""r_act1"",
                ""condition"": {
                  ""left"": { ""attribute_name"": ""name"", ""of"": ""e_actor"" },
                  ""operator"": ""="",
                  ""right"": { ""attribute_name"": ""name"", ""of"": ""e_common_actor"" }
                }
              },
              ""operator"": ""="",
              ""right"": 3
            },
            {
              ""left"": {
                ""count_id"": ""r_act2"",
                ""condition"": {
                  ""left"": { ""attribute_name"": ""title"", ""of"": ""e_movie"" },
                  ""operator"": ""!="",
                  ""right"": ""The Matrix""
                }
              },
              ""operator"": "">"",
              ""right"": 0
            }
          ]
        },
        ""projection"": [
          { ""attribute_name"": ""name"", ""of"": ""e_common_actor"" }
        ]
      }
    ],
    {
      ""id"": ""q3"",
      ""target"": [""e_actor""],
      ""entities"": [
        { ""id"": ""e_actor"", ""type"": ""Person"" },
        { ""id"": ""e_common_actor"", ""type"": ""Person"" },
        { ""id"": ""e_movie"", ""type"": ""Movie"" }
      ],
      ""relationships"": [
        { ""id"": ""r_act"", ""role"": ""actor"", ""from"": ""e_actor"", ""to"": ""e_movie"" }
      ],
      ""constraint"": {
        ""and_conditions"": [
          {
            ""left"": {
              ""count_id"": ""r_act"",
              ""condition"": {
                ""left"": {
                  ""attribute_name"": ""name"",
                  ""of"": ""e_common_actor""
                },
                ""operator"": ""="",
                ""right"": { ""attribute_name"": ""name"", ""of"": ""e_actor"" }
              }
            },
            ""operator"": "">"",
            ""right"": 3
          },
          {
            ""left"": {
              ""attribute_name"": ""title"",
              ""of"": ""e_movie""
            },
            ""operator"": ""!="",
            ""right"": ""The Matrix""
          }
        ]
      },
      ""projection"": [
        { ""attribute_name"": ""name"", ""of"": ""e_common_actor"" }
      ]
    }
  ]
}
```"
22,Q12,Give me the actors of The Matrix along with the three actors who have acted the most in any movie with them,ministral-3:3b,False,0.05,14.415432,True,stop,3130,0.016137,903,13.632093,66.2407,"```json
{
  ""hypotheses_set"": [
    [
      {
        ""id"": ""q1"",
        ""target"": [""e_actor""],
        ""entities"": [
          { ""id"": ""e_actor"", ""type"": ""Person"" },
          { ""id"": ""e_movie"", ""type"": ""Movie"" }
        ],
        ""relationships"": [
          { ""id"": ""r_act"", ""role"": ""actor"", ""from"": ""e_actor"", ""to"": ""e_movie"" }
        ],
        ""constraint"": {
          ""and_conditions"": [
            {
              ""left"": {
                ""attribute_name"": ""title"",
                ""of"": ""e_movie""
              },
              ""operator"": ""="",
              ""right"": ""The Matrix""
            }
          ]
        },
        ""projection"": [
          { ""attribute_name"": ""name"", ""of"": ""e_actor"" }
        ]
      }
    ],
    [
      {
        ""id"": ""q2"",
        ""target"": [""e_actor""],
        ""entities"": [
          { ""id"": ""e_actor"", ""type"": ""Person"" },
          { ""id"": ""e_common_actor"", ""type"": ""Person"" },
          { ""id"": ""e_movie"", ""type"": ""Movie"" }
        ],
        ""relationships"": [
          { ""id"": ""r_common_act"", ""role"": ""co_actor"", ""from"": ""e_common_actor"", ""to"": ""e_movie"" },
          { ""id"": ""r_act"", ""role"": ""actor"", ""from"": ""e_actor"", ""to"": ""e_movie"" }
        ],
        ""constraint"": {
          ""and_conditions"": [
            {
              ""left"": {
                ""count_id"": ""r_act"",
                ""condition"": {
                  ""left"": { ""attribute_name"": ""name"", ""of"": ""e_actor"" },
                  ""operator"": ""="",
                  ""right"": { ""attribute_name"": ""name"", ""of"": ""e_common_actor"" }
                }
              },
              ""operator"": "">="",
              ""right"": 3
            },
            {
              ""left"": {
                ""attribute_name"": ""title"",
                ""of"": ""e_movie""
              },
              ""operator"": ""="",
              ""right"": { ""attribute_name"": ""title"", ""of"": ""e_common_actor_movie"" }
            }
          ]
        },
        ""projection"": [
          { ""attribute_name"": ""name"", ""of"": ""e_common_actor"" }
        ]
      }
    ],
    {
      ""id"": ""q3"",
      ""target"": [""e_actor""],
      ""entities"": [
        { ""id"": ""e_actor"", ""type"": ""Person"" },
        { ""id"": ""e_common_actor"", ""type"": ""Person"" },
        { ""id"": ""e_movie"", ""type"": ""Movie"" }
      ],
      ""relationships"": [
        { ""id"": ""r_common_act"", ""role"": ""co_actor"", ""from"": ""e_common_actor"", ""to"": ""e_movie"" },
        { ""id"": ""r_act"", ""role"": ""actor"", ""from"": ""e_actor"", ""to"": ""e_movie"" }
      ],
      ""constraint"": {
        ""and_conditions"": [
          {
            ""left"": {
              ""count_id"": ""r_common_act"",
              ""condition"": {
                ""left"": { ""attribute_name"": ""name"", ""of"": ""e_common_actor"" },
                ""operator"": ""="",
                ""right"": { ""attribute_name"": ""name"", ""of"": ""e_actor"" }
              }
            },
            ""operator"": "">="",
            ""right"": 3
          },
          {
            ""left"": {
              ""attribute_name"": ""title"",
              ""of"": ""e_movie""
            },
            ""operator"": ""!="",
            ""right"": ""The Matrix""
          }
        ]
      },
      ""projection"": [
        { ""attribute_name"": ""name"", ""of"": ""e_common_actor"" }
      ]
    }
  ]
}
```"
23,Q12,Give me the actors of The Matrix along with the three actors who have acted the most in any movie with them,ministral-3:3b,False,0.05,16.154501,False,stop,3130,0.017835,1010,15.290828,66.0527,"```json
{
  ""hypotheses_set"": [
    [
      {
        ""id"": ""q1"",
        ""target"": [""e_actor""],
        ""entities"": [
          { ""id"": ""e_actor"", ""type"": ""Person"" },
          { ""id"": ""e_movie"", ""type"": ""Movie"" }
        ],
        ""relationships"": [
          { ""id"": ""r_act"", ""role"": ""actor"", ""from"": ""e_actor"", ""to"": ""e_movie"" }
        ],
        ""constraint"": {
          ""and_conditions"": [
            {
              ""left"": { ""attribute_name"": ""title"", ""of"": ""e_movie"" },
              ""operator"": ""="",
              ""right"": ""The Matrix""
            }
          ]
        },
        ""projection"": [
          { ""attribute_name"": ""name"", ""of"": ""e_actor"" }
        ]
      }
    ],
    [
      {
        ""id"": ""q2"",
        ""target"": [""e_actor""],
        ""entities"": [
          { ""id"": ""e_actor"", ""type"": ""Person"" },
          { ""id"": ""e_common_actor"", ""type"": ""Person"" },
          { ""id"": ""e_movie"", ""type"": ""Movie"" }
        ],
        ""relationships"": [
          { ""id"": ""r_act1"", ""role"": ""actor"", ""from"": ""e_actor"", ""to"": ""e_movie"" },
          { ""id"": ""r_act2"", ""role"": ""actor"", ""from"": ""e_common_actor"", ""to"": ""e_movie"" }
        ],
        ""constraint"": {
          ""and_conditions"": [
            {
              ""left"": {
                ""count_id"": ""r_act1"",
                ""condition"": {
                  ""and_conditions"": [
                    ""r_act1"",
                    {
                      ""left"": { ""attribute_name"": ""title"", ""of"": ""e_movie"" },
                      ""operator"": ""!="",
                      ""right"": ""The Matrix""
                    }
                  ]
                }
              },
              ""operator"": ""="",
              ""right"": {
                ""count_id"": ""r_act2"",
                ""condition"": {
                  ""and_conditions"": [
                    ""r_act2"",
                    {
                      ""left"": { ""attribute_name"": ""title"", ""of"": ""e_movie"" },
                      ""operator"": ""!="",
                      ""right"": ""The Matrix""
                    }
                  ]
                }
              }
            }
          ]
        }
      }
    ],
    [
      {
        ""id"": ""q3"",
        ""target"": [""e_actor""],
        ""entities"": [
          { ""id"": ""e_actor"", ""type"": ""Person"" },
          { ""id"": ""e_common_actor"", ""type"": ""Person"" },
          { ""id"": ""e_movie"", ""type"": ""Movie"" }
        ],
        ""relationships"": [
          { ""id"": ""r_act1"", ""role"": ""actor"", ""from"": ""e_actor"", ""to"": ""e_movie"" },
          { ""id"": ""r_act2"", ""role"": ""actor"", ""from"": ""e_common_actor"", ""to"": ""e_movie"" }
        ],
        ""constraint"": {
          ""and_conditions"": [
            {
              ""left"": {
                ""count_id"": ""r_act1"",
                ""condition"": {
                  ""and_conditions"": [
                    ""r_act1"",
                    {
                      ""left"": { ""attribute_name"": ""title"", ""of"": ""e_movie"" },
                      ""operator"": ""!="",
                      ""right"": ""The Matrix""
                    }
                  ]
                }
              },
              ""operator"": "">="",
              ""right"": 3
            },
            {
              ""left"": {
                ""count_id"": ""r_act2"",
                ""condition"": {
                  ""and_conditions"": [
                    ""r_act2"",
                    {
                      ""left"": { ""attribute_name"": ""title"", ""of"": ""e_movie"" },
                      ""operator"": ""!="",
                      ""right"": ""The Matrix""
                    }
                  ]
                }
              },
              ""operator"": ""="",
              ""right"": {
                ""count_id"": ""r_act1"",
                ""condition"": {
                  ""and_conditions"": [
                    ""r_act1"",
                    {
                      ""left"": { ""attribute_name"": ""title"", ""of"": ""e_movie"" },
                      ""operator"": ""!="",
                      ""right"": ""The Matrix""
                    }
                  ]
                }
              }
            }
          ]
        }
      }
    ]
  }
}
```"
24,Q12,Give me the actors of The Matrix along with the three actors who have acted the most in any movie with them,ministral-3:3b,False,0.05,10.422299,True,stop,3130,1.707066,544,8.165943,66.6181,"```json
{
  ""hypotheses_set"": [
    [
      {
        ""id"": ""q1"",
        ""target"": [""e_actor""],
        ""entities"": [
          { ""id"": ""e_actor"", ""type"": ""Person"" },
          { ""id"": ""e_movie"", ""type"": ""Movie"" }
        ],
        ""relationships"": [
          { ""id"": ""r_act"", ""role"": ""actor"", ""from"": ""e_actor"", ""to"": ""e_movie"" }
        ],
        ""constraint"": {
          ""and_conditions"": [
            {
              ""left"": { ""attribute_name"": ""title"", ""of"": ""e_movie"" },
              ""operator"": ""="",
              ""right"": ""The Matrix""
            }
          ]
        },
        ""projection"": [
          { ""attribute_name"": ""name"", ""of"": ""e_actor"" }
        ]
      }
    ],
    [
      {
        ""id"": ""q2"",
        ""target"": [""e_actor""],
        ""entities"": [
          { ""id"": ""e_actor"", ""type"": ""Person"" },
          { ""id"": ""e_common_actor"", ""type"": ""Person"" },
          { ""id"": ""e_movie"", ""type"": ""Movie"" }
        ],
        ""relationships"": [
          { ""id"": ""r_act1"", ""role"": ""actor"", ""from"": ""e_actor"", ""to"": ""e_movie"" },
          { ""id"": ""r_act2"", ""role"": ""actor"", ""from"": ""e_common_actor"", ""to"": ""e_movie"" }
        ],
        ""constraint"": {
          ""and_conditions"": [
            {
              ""left"": {
                ""count_id"": ""r_act1"",
                ""condition"": {
                  ""left"": { ""attribute_name"": ""name"", ""of"": ""e_common_actor"" },
                  ""operator"": ""="",
                  ""right"": { ""attribute_name"": ""name"", ""of"": ""e_actor"" }
                }
              },
              ""operator"": ""="",
              ""right"": 3
            },
            {
              ""left"": { ""attribute_name"": ""title"", ""of"": ""e_movie"" },
              ""operator"": ""!="",
              ""right"": ""The Matrix""
            }
          ]
        },
        ""projection"": [
          { ""attribute_name"": ""name"", ""of"": ""e_common_actor"" }
        ]
      }
    ]
  ]
}
```"
25,Q12,Give me the actors of The Matrix along with the three actors who have acted the most in any movie with them,ministral-3:3b,False,0.05,13.455454,True,stop,3130,0.016197,843,12.71311,66.3095,"```json
{
  ""hypotheses_set"": [
    [
      {
        ""id"": ""q1"",
        ""target"": [""e_actor""],
        ""entities"": [
          { ""id"": ""e_actor"", ""type"": ""Person"" },
          { ""id"": ""e_movie"", ""type"": ""Movie"" }
        ],
        ""relationships"": [
          { ""id"": ""r_act"", ""role"": ""actor"", ""from"": ""e_actor"", ""to"": ""e_movie"" }
        ],
        ""constraint"": {
          ""and_conditions"": [
            {
              ""left"": {
                ""attribute_name"": ""title"",
                ""of"": ""e_movie""
              },
              ""operator"": ""="",
              ""right"": ""The Matrix""
            }
          ]
        },
        ""projection"": [
          { ""attribute_name"": ""name"", ""of"": ""e_actor"" }
        ]
      }
    ],
    [
      {
        ""id"": ""q2"",
        ""target"": [""e_actor""],
        ""entities"": [
          { ""id"": ""e_actor"", ""type"": ""Person"" },
          { ""id"": ""e_common_actor"", ""type"": ""Person"" },
          { ""id"": ""e_movie"", ""type"": ""Movie"" }
        ],
        ""relationships"": [
          { ""id"": ""r_act1"", ""role"": ""actor"", ""from"": ""e_actor"", ""to"": ""e_movie"" },
          { ""id"": ""r_act2"", ""role"": ""actor"", ""from"": ""e_common_actor"", ""to"": ""e_movie"" }
        ],
        ""constraint"": {
          ""and_conditions"": [
            {
              ""left"": {
                ""count_id"": ""r_act1"",
                ""condition"": {
                  ""left"": { ""attribute_name"": ""name"", ""of"": ""e_actor"" },
                  ""operator"": ""="",
                  ""right"": { ""attribute_name"": ""name"", ""of"": ""e_common_actor"" }
                }
              },
              ""operator"": "">="",
              ""right"": 3
            },
            {
              ""left"": {
                ""count_id"": ""r_act2"",
                ""condition"": {
                  ""left"": { ""attribute_name"": ""name"", ""of"": ""e_common_actor"" },
                  ""operator"": ""="",
                  ""right"": { ""attribute_name"": ""name"", ""of"": ""e_actor"" }
                }
              },
              ""operator"": "">="",
              ""right"": 3
            }
          ]
        },
        ""projection"": [
          { ""attribute_name"": ""name"", ""of"": ""e_common_actor"" }
        ]
      }
    ],
    [
      {
        ""id"": ""q3"",
        ""target"": [""e_actor""],
        ""entities"": [
          { ""id"": ""e_actor"", ""type"": ""Person"" },
          { ""id"": ""e_movie"", ""type"": ""Movie"" }
        ],
        ""relationships"": [
          { ""id"": ""r_act"", ""role"": ""actor"", ""from"": ""e_actor"", ""to"": ""e_movie"" }
        ],
        ""constraint"": {
          ""and_conditions"": [
            {
              ""left"": {
                ""count_id"": ""r_act"",
                ""condition"": {
                  ""left"": {
                    ""attribute_name"": ""name"",
                    ""of"": ""e_common_actor""
                  },
                  ""operator"": ""="",
                  ""right"": { ""attribute_name"": ""name"", ""of"": ""e_actor"" }
                }
              },
              ""operator"": "">="",
              ""right"": 3
            }
          ]
        },
        ""projection"": [
          { ""attribute_name"": ""name"", ""of"": ""e_actor"" }
        ]
      }
    ]
  ]
}
```"
26,Q12,Give me the actors of The Matrix along with the three actors who have acted the most in any movie with them,ministral-3:3b,False,0.05,9.587451,True,stop,3130,0.01598,597,8.984769,66.4458,"```json
{
  ""hypotheses_set"": [
    [
      {
        ""id"": ""q1"",
        ""target"": [""e_actor""],
        ""entities"": [
          { ""id"": ""e_actor"", ""type"": ""Person"" },
          { ""id"": ""e_movie"", ""type"": ""Movie"" }
        ],
        ""relationships"": [
          { ""id"": ""r_act"", ""role"": ""actor"", ""from"": ""e_actor"", ""to"": ""e_movie"" }
        ],
        ""constraint"": {
          ""and_conditions"": [
            {
              ""left"": {
                ""attribute_name"": ""title"",
                ""of"": ""e_movie""
              },
              ""operator"": ""="",
              ""right"": ""The Matrix""
            }
          ]
        },
        ""projection"": [
          { ""attribute_name"": ""name"", ""of"": ""e_actor"" }
        ]
      }
    ],
    [
      {
        ""id"": ""q2"",
        ""target"": [""e_actor""],
        ""entities"": [
          { ""id"": ""e_actor"", ""type"": ""Person"" },
          { ""id"": ""e_common_actor"", ""type"": ""Person"" },
          { ""id"": ""e_movie"", ""type"": ""Movie"" }
        ],
        ""relationships"": [
          { ""id"": ""r_act1"", ""role"": ""actor"", ""from"": ""e_actor"", ""to"": ""e_movie"" },
          { ""id"": ""r_act2"", ""role"": ""actor"", ""from"": ""e_common_actor"", ""to"": ""e_movie"" }
        ],
        ""constraint"": {
          ""and_conditions"": [
            {
              ""left"": {
                ""count_id"": ""r_act1"",
                ""condition"": {
                  ""left"": { ""attribute_name"": ""name"", ""of"": ""e_actor"" },
                  ""operator"": ""="",
                  ""right"": { ""attribute_name"": ""name"", ""of"": ""e_common_actor"" }
                }
              },
              ""operator"": "">"",
              ""right"": 3
            },
            {
              ""left"": {
                ""count_id"": ""r_act2"",
                ""condition"": {
                  ""left"": { ""attribute_name"": ""name"", ""of"": ""e_common_actor"" },
                  ""operator"": ""="",
                  ""right"": { ""attribute_name"": ""name"", ""of"": ""e_actor"" }
                }
              },
              ""operator"": "">"",
              ""right"": 3
            }
          ]
        },
        ""projection"": [
          { ""attribute_name"": ""name"", ""of"": ""e_common_actor"" }
        ]
      }
    ]
  ]
}
```"
27,Q12,Give me the actors of The Matrix along with the three actors who have acted the most in any movie with them,ministral-3:3b,False,0.05,15.245191,True,stop,3130,0.015985,955,14.430292,66.1802,"```json
{
  ""hypotheses_set"": [
    [
      {
        ""id"": ""q1"",
        ""target"": [""e_actor""],
        ""entities"": [
          { ""id"": ""e_actor"", ""type"": ""Person"" },
          { ""id"": ""e_movie"", ""type"": ""Movie"" }
        ],
        ""relationships"": [
          { ""id"": ""r_act"", ""role"": ""actor"", ""from"": ""e_actor"", ""to"": ""e_movie"" }
        ],
        ""constraint"": {
          ""and_conditions"": [
            {
              ""left"": {
                ""attribute_name"": ""title"",
                ""of"": ""e_movie""
              },
              ""operator"": ""="",
              ""right"": ""The Matrix""
            }
          ]
        },
        ""projection"": [
          { ""attribute_name"": ""name"", ""of"": ""e_actor"" }
        ]
      }
    ],
    [
      {
        ""id"": ""q2"",
        ""target"": [""e_actor""],
        ""entities"": [
          { ""id"": ""e_actor"", ""type"": ""Person"" },
          { ""id"": ""e_common_actor"", ""type"": ""Person"" },
          { ""id"": ""e_movie"", ""type"": ""Movie"" }
        ],
        ""relationships"": [
          { ""id"": ""r_act1"", ""role"": ""actor"", ""from"": ""e_actor"", ""to"": ""e_movie"" },
          { ""id"": ""r_act2"", ""role"": ""actor"", ""from"": ""e_common_actor"", ""to"": ""e_movie"" }
        ],
        ""constraint"": {
          ""and_conditions"": [
            {
              ""left"": {
                ""count_id"": ""r_act1"",
                ""condition"": {
                  ""left"": { ""attribute_name"": ""name"", ""of"": ""e_actor"" },
                  ""operator"": ""="",
                  ""right"": { ""attribute_name"": ""name"", ""of"": ""e_common_actor"" }
                }
              },
              ""operator"": "">="",
              ""right"": 3
            },
            {
              ""left"": {
                ""count_id"": ""r_act2"",
                ""condition"": {
                  ""left"": { ""attribute_name"": ""name"", ""of"": ""e_common_actor"" },
                  ""operator"": ""="",
                  ""right"": { ""attribute_name"": ""name"", ""of"": ""e_actor"" }
                }
              },
              ""operator"": "">="",
              ""right"": 3
            }
          ]
        },
        ""projection"": [
          { ""attribute_name"": ""name"", ""of"": ""e_common_actor"" }
        ]
      }
    ],
    [
      {
        ""id"": ""q3"",
        ""target"": [""e_actor""],
        ""entities"": [
          { ""id"": ""e_actor"", ""type"": ""Person"" },
          { ""id"": ""e_movie"", ""type"": ""Movie"" }
        ],
        ""relationships"": [
          { ""id"": ""r_act"", ""role"": ""actor"", ""from"": ""e_actor"", ""to"": ""e_movie"" }
        ],
        ""constraint"": {
          ""and_conditions"": [
            {
              ""left"": {
                ""count_id"": ""r_act"",
                ""condition"": {
                  ""left"": {
                    ""exists_id"": ""e_movie"",
                    ""condition"": {
                      ""and_conditions"": [
                        {
                          ""left"": { ""attribute_name"": ""title"", ""of"": ""e_movie"" },
                          ""operator"": ""!="",
                          ""right"": ""The Matrix""
                        },
                        {
                          ""left"": {
                            ""count_id"": ""r_act"",
                            ""condition"": {
                              ""left"": { ""attribute_name"": ""name"", ""of"": ""e_actor"" },
                              ""operator"": ""="",
                              ""right"": { ""attribute_name"": ""name"", ""of"": ""e_common_actor"" }
                            }
                          },
                          ""operator"": "">="",
                          ""right"": 3
                        }
                      ]
                    }
                  }
                }
              },
              ""operator"": "">"",
              ""right"": 3
            }
          ]
        },
        ""projection"": [
          { ""attribute_name"": ""name"", ""of"": ""e_actor"" }
        ]
      }
    ]
  ]
}
```"
28,Q12,Give me the actors of The Matrix along with the three actors who have acted the most in any movie with them,ministral-3:3b,False,0.05,15.250246,True,stop,3130,0.016097,955,14.432502,66.1701,"```json
{
  ""hypotheses_set"": [
    [
      {
        ""id"": ""q1"",
        ""target"": [""e_actor""],
        ""entities"": [
          { ""id"": ""e_actor"", ""type"": ""Person"" },
          { ""id"": ""e_movie"", ""type"": ""Movie"" }
        ],
        ""relationships"": [
          { ""id"": ""r_act"", ""role"": ""actor"", ""from"": ""e_actor"", ""to"": ""e_movie"" }
        ],
        ""constraint"": {
          ""and_conditions"": [
            {
              ""left"": {
                ""attribute_name"": ""title"",
                ""of"": ""e_movie""
              },
              ""operator"": ""="",
              ""right"": ""The Matrix""
            }
          ]
        },
        ""projection"": [
          { ""attribute_name"": ""name"", ""of"": ""e_actor"" }
        ]
      }
    ],
    [
      {
        ""id"": ""q2"",
        ""target"": [""e_actor""],
        ""entities"": [
          { ""id"": ""e_actor"", ""type"": ""Person"" },
          { ""id"": ""e_common_actor"", ""type"": ""Person"" },
          { ""id"": ""e_movie"", ""type"": ""Movie"" }
        ],
        ""relationships"": [
          { ""id"": ""r_act1"", ""role"": ""actor"", ""from"": ""e_actor"", ""to"": ""e_movie"" },
          { ""id"": ""r_act2"", ""role"": ""actor"", ""from"": ""e_common_actor"", ""to"": ""e_movie"" }
        ],
        ""constraint"": {
          ""and_conditions"": [
            {
              ""left"": {
                ""count_id"": ""r_act1"",
                ""condition"": {
                  ""left"": { ""attribute_name"": ""name"", ""of"": ""e_actor"" },
                  ""operator"": ""="",
                  ""right"": { ""attribute_name"": ""name"", ""of"": ""e_common_actor"" }
                }
              },
              ""operator"": "">="",
              ""right"": 3
            },
            {
              ""left"": {
                ""count_id"": ""r_act2"",
                ""condition"": {
                  ""left"": { ""attribute_name"": ""name"", ""of"": ""e_common_actor"" },
                  ""operator"": ""="",
                  ""right"": { ""attribute_name"": ""name"", ""of"": ""e_actor"" }
                }
              },
              ""operator"": "">="",
              ""right"": 3
            }
          ]
        },
        ""projection"": [
          { ""attribute_name"": ""name"", ""of"": ""e_common_actor"" }
        ]
      }
    ],
    [
      {
        ""id"": ""q3"",
        ""target"": [""e_actor""],
        ""entities"": [
          { ""id"": ""e_actor"", ""type"": ""Person"" },
          { ""id"": ""e_movie"", ""type"": ""Movie"" }
        ],
        ""relationships"": [
          { ""id"": ""r_act"", ""role"": ""actor"", ""from"": ""e_actor"", ""to"": ""e_movie"" }
        ],
        ""constraint"": {
          ""and_conditions"": [
            {
              ""left"": {
                ""count_id"": ""r_act"",
                ""condition"": {
                  ""left"": {
                    ""exists_id"": ""e_movie"",
                    ""condition"": {
                      ""and_conditions"": [
                        {
                          ""left"": { ""attribute_name"": ""title"", ""of"": ""e_movie"" },
                          ""operator"": ""!="",
                          ""right"": ""The Matrix""
                        },
                        {
                          ""left"": {
                            ""count_id"": ""r_act"",
                            ""condition"": {
                              ""left"": { ""attribute_name"": ""name"", ""of"": ""e_actor"" },
                              ""operator"": ""="",
                              ""right"": { ""attribute_name"": ""name"", ""of"": ""e_common_actor"" }
                            }
                          },
                          ""operator"": "">="",
                          ""right"": 3
                        }
                      ]
                    }
                  }
                }
              },
              ""operator"": "">"",
              ""right"": 3
            }
          ]
        },
        ""projection"": [
          { ""attribute_name"": ""name"", ""of"": ""e_actor"" }
        ]
      }
    ]
  ]
}
```"
29,Q12,Give me the actors of The Matrix along with the three actors who have acted the most in any movie with them,ministral-3:3b,False,0.05,15.134995,True,stop,3130,0.015996,947,14.321459,66.1245,"```json
{
  ""hypotheses_set"": [
    [
      {
        ""id"": ""q1"",
        ""target"": [""e_actor""],
        ""entities"": [
          { ""id"": ""e_actor"", ""type"": ""Person"" },
          { ""id"": ""e_movie"", ""type"": ""Movie"" }
        ],
        ""relationships"": [
          { ""id"": ""r_act"", ""role"": ""actor"", ""from"": ""e_actor"", ""to"": ""e_movie"" }
        ],
        ""constraint"": {
          ""and_conditions"": [
            {
              ""left"": { ""attribute_name"": ""title"", ""of"": ""e_movie"" },
              ""operator"": ""="",
              ""right"": ""The Matrix""
            }
          ]
        },
        ""projection"": [
          { ""attribute_name"": ""name"", ""of"": ""e_actor"" }
        ]
      }
    ],
    [
      {
        ""id"": ""q2"",
        ""target"": [""e_actor""],
        ""entities"": [
          { ""id"": ""e_actor"", ""type"": ""Person"" },
          { ""id"": ""e_common_actor"", ""type"": ""Person"" },
          { ""id"": ""e_movie"", ""type"": ""Movie"" }
        ],
        ""relationships"": [
          { ""id"": ""r_act1"", ""role"": ""actor"", ""from"": ""e_actor"", ""to"": ""e_movie"" },
          { ""id"": ""r_act2"", ""role"": ""actor"", ""from"": ""e_common_actor"", ""to"": ""e_movie"" }
        ],
        ""constraint"": {
          ""and_conditions"": [
            {
              ""left"": {
                ""count_id"": ""r_act1"",
                ""condition"": {
                  ""and_conditions"": [
                    ""r_act1"",
                    {
                      ""left"": { ""attribute_name"": ""title"", ""of"": ""e_movie"" },
                      ""operator"": ""!="",
                      ""right"": ""The Matrix""
                    }
                  ]
                }
              },
              ""operator"": "">="",
              ""right"": 3
            },
            {
              ""left"": {
                ""count_id"": ""r_act2"",
                ""condition"": {
                  ""and_conditions"": [
                    ""r_act2"",
                    {
                      ""left"": { ""attribute_name"": ""title"", ""of"": ""e_movie"" },
                      ""operator"": ""!="",
                      ""right"": ""The Matrix""
                    }
                  ]
                }
              },
              ""operator"": "">="",
              ""right"": 3
            },
            {
              ""left"": {
                ""exists_id"": ""r_common_actor"",
                ""condition"": {
                  ""and_conditions"": [
                    {
                      ""left"": { ""attribute_name"": ""name"", ""of"": ""e_actor"" },
                      ""operator"": ""="",
                      ""right"": { ""attribute_name"": ""name"", ""of"": ""e_common_actor"" }
                    }
                  ]
                }
              }
            }
          ]
        }
      }
    ],
    [
      {
        ""id"": ""q3"",
        ""target"": [""e_actor""],
        ""entities"": [
          { ""id"": ""e_actor"", ""type"": ""Person"" },
          { ""id"": ""e_common_actor"", ""type"": ""Person"" },
          { ""id"": ""e_movie"", ""type"": ""Movie"" }
        ],
        ""relationships"": [
          { ""id"": ""r_act"", ""role"": ""actor"", ""from"": ""e_actor"", ""to"": ""e_movie"" }
        ],
        ""constraint"": {
          ""and_conditions"": [
            {
              ""left"": {
                ""count_id"": ""r_act"",
                ""condition"": {
                  ""and_conditions"": [
                    {
                      ""left"": { ""attribute_name"": ""name"", ""of"": ""e_common_actor"" },
                      ""operator"": ""="",
                      ""right"": { ""attribute_name"": ""name"", ""of"": ""e_actor"" }
                    }
                  ]
                }
              },
              ""operator"": "">="",
              ""right"": 3
            }
          ]
        },
        ""projection"": [
          { ""attribute_name"": ""name"", ""of"": ""e_actor"" }
        ]
      }
    ]
  ]
}
```"
30,Q12,Give me the actors of The Matrix along with the three actors who have acted the most in any movie with them,ministral-3:3b,False,0.05,14.422644,True,stop,3130,0.016075,903,13.635069,66.2263,"```json
{
  ""hypotheses_set"": [
    [
      {
        ""id"": ""q1"",
        ""target"": [""e_actor""],
        ""entities"": [
          { ""id"": ""e_actor"", ""type"": ""Person"" },
          { ""id"": ""e_movie"", ""type"": ""Movie"" }
        ],
        ""relationships"": [
          { ""id"": ""r_act"", ""role"": ""actor"", ""from"": ""e_actor"", ""to"": ""e_movie"" }
        ],
        ""constraint"": {
          ""and_conditions"": [
            {
              ""left"": {
                ""attribute_name"": ""title"",
                ""of"": ""e_movie""
              },
              ""operator"": ""="",
              ""right"": ""The Matrix""
            }
          ]
        },
        ""projection"": [
          { ""attribute_name"": ""name"", ""of"": ""e_actor"" }
        ]
      }
    ],
    [
      {
        ""id"": ""q2"",
        ""target"": [""e_actor""],
        ""entities"": [
          { ""id"": ""e_actor"", ""type"": ""Person"" },
          { ""id"": ""e_common_actor"", ""type"": ""Person"" },
          { ""id"": ""e_movie"", ""type"": ""Movie"" }
        ],
        ""relationships"": [
          { ""id"": ""r_common_act"", ""role"": ""co_actor"", ""from"": ""e_common_actor"", ""to"": ""e_movie"" },
          { ""id"": ""r_act"", ""role"": ""actor"", ""from"": ""e_actor"", ""to"": ""e_movie"" }
        ],
        ""constraint"": {
          ""and_conditions"": [
            {
              ""left"": {
                ""count_id"": ""r_act"",
                ""condition"": {
                  ""left"": { ""attribute_name"": ""name"", ""of"": ""e_actor"" },
                  ""operator"": ""="",
                  ""right"": { ""attribute_name"": ""name"", ""of"": ""e_common_actor"" }
                }
              },
              ""operator"": "">="",
              ""right"": 3
            },
            {
              ""left"": {
                ""attribute_name"": ""title"",
                ""of"": ""e_movie""
              },
              ""operator"": ""="",
              ""right"": { ""attribute_name"": ""title"", ""of"": ""e_common_actor_movie"" }
            }
          ]
        },
        ""projection"": [
          { ""attribute_name"": ""name"", ""of"": ""e_common_actor"" }
        ]
      }
    ],
    {
      ""id"": ""q3"",
      ""target"": [""e_actor""],
      ""entities"": [
        { ""id"": ""e_actor"", ""type"": ""Person"" },
        { ""id"": ""e_common_actor"", ""type"": ""Person"" },
        { ""id"": ""e_movie"", ""type"": ""Movie"" }
      ],
      ""relationships"": [
        { ""id"": ""r_common_act"", ""role"": ""co_actor"", ""from"": ""e_common_actor"", ""to"": ""e_movie"" },
        { ""id"": ""r_act"", ""role"": ""actor"", ""from"": ""e_actor"", ""to"": ""e_movie"" }
      ],
      ""constraint"": {
        ""and_conditions"": [
          {
            ""left"": {
              ""count_id"": ""r_common_act"",
              ""condition"": {
                ""left"": { ""attribute_name"": ""name"", ""of"": ""e_common_actor"" },
                ""operator"": ""="",
                ""right"": { ""attribute_name"": ""name"", ""of"": ""e_actor"" }
              }
            },
            ""operator"": "">="",
            ""right"": 3
          },
          {
            ""left"": {
              ""attribute_name"": ""title"",
              ""of"": ""e_movie""
            },
            ""operator"": ""!="",
            ""right"": ""The Matrix""
          }
        ]
      },
      ""projection"": [
        { ""attribute_name"": ""name"", ""of"": ""e_common_actor"" }
      ]
    }
  ]
}
```"
