Run,Query ID,Query,Model,Thinking,Temperature,Inference Time (s),Valid JSON,Done Reason,Prompt Eval Count,Prompt Eval Duration (s),Eval Count,Eval Duration (s),Generation Throughput (tokens/s),Response
1,Q04,"Find the shortest path between Article where title is Open sets satisfying systems of congruences and Report, with report_id equal 5049b80a2935f95cc95cf14dbfb8c610, including the nodes on the path!",ministral-3:8b,False,0.15,200.898624,True,stop,4096,7.264697,1108,192.566466,5.7539,"```json
{
  ""hypotheses_set"": [
    [
      {
        ""id"": ""q1"",
        ""target"": [
          { ""entity"": ""e_article"", ""type"": ""Article"" },
          { ""entity"": ""e_report"", ""type"": ""Report"" },
          { ""entity"": ""e_intermediate_node"", ""type"": ""Node"" }
        ],
        ""entities"": [
          { ""id"": ""e_article"", ""type"": ""Article"" },
          { ""id"": ""e_report"", ""type"": ""Report"" },
          { ""id"": ""e_intermediate_node"", ""type"": ""Node"" }
        ],
        ""relationships"": [
          { ""id"": ""r_article_to_intermediate"", ""role"": ""connected_to"", ""from"": ""e_article"", ""to"": ""e_intermediate_node"" },
          { ""id"": ""r_intermediate_to_report"", ""role"": ""connected_to"", ""from"": ""e_intermediate_node"", ""to"": ""e_report"" }
        ],
        ""constraint"": {
          ""and_conditions"": [
            {
              ""left"": { ""attribute_name"": ""title"", ""of"": ""e_article"" },
              ""operator"": ""="",
              ""right"": ""Open sets satisfying systems of congruences""
            },
            {
              ""left"": { ""attribute_name"": ""report_id"", ""of"": ""e_report"" },
              ""operator"": ""="",
              ""right"": ""5049b80a2935f95cc95cf14dbfb8c610""
            },
            {
              ""left"": { ""count_id"": ""r_article_to_intermediate"" },
              ""operator"": ""+"",
              ""right"": { ""count_id"": ""r_intermediate_to_report"" },
              ""operator"": ""="",
              ""right"": 2
            }
          ]
        },
        ""projection"": [
          { ""entity"": ""e_article"", ""attribute_name"": ""title"", ""of"": ""e_article"" },
          { ""entity"": ""e_intermediate_node"", ""attribute_name"": ""id"", ""of"": ""e_intermediate_node"" },
          { ""entity"": ""e_report"", ""attribute_name"": ""report_id"", ""of"": ""e_report"" }
        ]
      }
    ],
    [
      {
        ""id"": ""q2"",
        ""target"": [
          { ""entity"": ""e_article"", ""type"": ""Article"" },
          { ""entity"": ""e_node1"", ""type"": ""Node"" },
          { ""entity"": ""e_node2"", ""type"": ""Node"" },
          { ""entity"": ""e_report"", ""type"": ""Report"" }
        ],
        ""entities"": [
          { ""id"": ""e_article"", ""type"": ""Article"" },
          { ""id"": ""e_node1"", ""type"": ""Node"" },
          { ""id"": ""e_node2"", ""type"": ""Node"" },
          { ""id"": ""e_report"", ""type"": ""Report"" }
        ],
        ""relationships"": [
          { ""id"": ""r_article_to_node1"", ""role"": ""connected_to"", ""from"": ""e_article"", ""to"": ""e_node1"" },
          { ""id"": ""r_node1_to_node2"", ""role"": ""connected_to"", ""from"": ""e_node1"", ""to"": ""e_node2"" },
          { ""id"": ""r_node2_to_report"", ""role"": ""connected_to"", ""from"": ""e_node2"", ""to"": ""e_report"" }
        ],
        ""constraint"": {
          ""and_conditions"": [
            {
              ""left"": { ""attribute_name"": ""title"", ""of"": ""e_article"" },
              ""operator"": ""="",
              ""right"": ""Open sets satisfying systems of congruences""
            },
            {
              ""left"": { ""attribute_name"": ""report_id"", ""of"": ""e_report"" },
              ""operator"": ""="",
              ""right"": ""5049b80a2935f95cc95cf14dbfb8c610""
            },
            {
              ""left"": { ""count_id"": ""r_article_to_node1"" },
              ""operator"": ""+"",
              ""right"": { ""count_id"": ""r_node1_to_node2"" },
              ""operator"": ""+"",
              ""right"": { ""count_id"": ""r_node2_to_report"" },
              ""operator"": ""="",
              ""right"": 3
            }
          ]
        },
        ""projection"": [
          { ""entity"": ""e_article"", ""attribute_name"": ""title"", ""of"": ""e_article"" },
          { ""entity"": ""e_node1"", ""attribute_name"": ""id"", ""of"": ""e_node1"" },
          { ""entity"": ""e_node2"", ""attribute_name"": ""id"", ""of"": ""e_node2"" },
          { ""entity"": ""e_report"", ""attribute_name"": ""report_id"", ""of"": ""e_report"" }
        ]
      }
    ]
  ]
}
```"
2,Q04,"Find the shortest path between Article where title is Open sets satisfying systems of congruences and Report, with report_id equal 5049b80a2935f95cc95cf14dbfb8c610, including the nodes on the path!",ministral-3:8b,False,0.15,309.405479,True,stop,4096,7.228064,1712,300.747585,5.6925,"```json
{
  ""hypotheses_set"": [
    [
      {
        ""id"": ""q1"",
        ""target"": [
          {
            ""entity_id"": ""article_path"",
            ""type"": ""Article"",
            ""role"": ""start_node""
          },
          {
            ""entity_id"": ""intermediate_nodes"",
            ""type"": ""Node"",
            ""role"": ""path_nodes""
          },
          {
            ""entity_id"": ""report_node"",
            ""type"": ""Report"",
            ""role"": ""end_node""
          }
        ],
        ""entities"": [
          { ""id"": ""article"", ""type"": ""Article"" },
          { ""id"": ""report"", ""type"": ""Report"" },
          { ""id"": ""intermediate_node_1"", ""type"": ""Node"" },
          { ""id"": ""intermediate_node_2"", ""type"": ""Node"" }
        ],
        ""relationships"": [
          { ""id"": ""r1"", ""role"": ""connected_to"", ""from"": ""article"", ""to"": ""intermediate_node_1"" },
          { ""id"": ""r2"", ""role"": ""connected_to"", ""from"": ""intermediate_node_1"", ""to"": ""intermediate_node_2"" },
          { ""id"": ""r3"", ""role"": ""connected_to"", ""from"": ""intermediate_node_2"", ""to"": ""report"" }
        ],
        ""constraint"": {
          ""and_conditions"": [
            {
              ""left"": { ""attribute_name"": ""title"", ""of"": ""article"" },
              ""operator"": ""="",
              ""right"": ""Open sets satisfying systems of congruences""
            },
            {
              ""left"": { ""attribute_name"": ""report_id"", ""of"": ""report"" },
              ""operator"": ""="",
              ""right"": ""5049b80a2935f95cc95cf14dbfb8c610""
            },
            {
              ""all_id"": ""intermediate_node_1"",
              ""condition"": {
                ""left"": { ""attribute_name"": ""type"", ""of"": ""intermediate_node_1"" },
                ""operator"": ""in"",
                ""right"": [""Node"", ""Article"", ""Report""]
              }
            },
            {
              ""all_id"": ""intermediate_node_2"",
              ""condition"": {
                ""left"": { ""attribute_name"": ""type"", ""of"": ""intermediate_node_2"" },
                ""operator"": ""in"",
                ""right"": [""Node"", ""Article"", ""Report""]
              }
            },
            {
              ""not"": {
                ""left"": {
                  ""and_conditions"": [
                    { ""left"": { ""attribute_name"": ""type"", ""of"": ""intermediate_node_1"" }, ""operator"": ""="", ""right"": ""Report"" },
                    { ""left"": { ""attribute_name"": ""report_id"", ""of"": ""intermediate_node_1"" }, ""operator"": ""="", ""right"": ""5049b80a2935f95cc95cf14dbfb8c610"" }
                  ]
                },
                ""operator"": ""and"",
                ""right"": {
                  ""and_conditions"": [
                    { ""left"": { ""attribute_name"": ""type"", ""of"": ""intermediate_node_2"" }, ""operator"": ""="", ""right"": ""Article"" },
                    { ""left"": { ""attribute_name"": ""title"", ""of"": ""intermediate_node_2"" }, ""operator"": ""="", ""right"": ""Open sets satisfying systems of congruences"" }
                  ]
                }
              }
            }
          ]
        },
        ""projection"": [
          {
            ""entity_id"": ""article_path"",
            ""attribute_name"": ""title"",
            ""of"": ""article""
          },
          {
            ""entity_id"": ""intermediate_nodes"",
            ""path_nodes"": [
              {
                ""entity_id"": ""intermediate_node_1"",
                ""attribute_name"": ""type"",
                ""of"": ""intermediate_node_1""
              },
              {
                ""entity_id"": ""intermediate_node_2"",
                ""attribute_name"": ""type"",
                ""of"": ""intermediate_node_2""
              }
            ]
          },
          {
            ""entity_id"": ""report_node"",
            ""attribute_name"": ""report_id"",
            ""of"": ""report""
          }
        ]
      }
    ],
    [
      {
        ""id"": ""q2"",
        ""target"": [
          {
            ""entity_id"": ""article_path"",
            ""type"": ""Article"",
            ""role"": ""start_node""
          },
          {
            ""entity_id"": ""intermediate_node"",
            ""type"": ""Node"",
            ""role"": ""path_node""
          },
          {
            ""entity_id"": ""report_node"",
            ""type"": ""Report"",
            ""role"": ""end_node""
          }
        ],
        ""entities"": [
          { ""id"": ""article"", ""type"": ""Article"" },
          { ""id"": ""report"", ""type"": ""Report"" },
          { ""id"": ""intermediate_node"", ""type"": ""Node"" }
        ],
        ""relationships"": [
          { ""id"": ""r1"", ""role"": ""connected_to"", ""from"": ""article"", ""to"": ""intermediate_node"" },
          { ""id"": ""r2"", ""role"": ""connected_to"", ""from"": ""intermediate_node"", ""to"": ""report"" }
        ],
        ""constraint"": {
          ""and_conditions"": [
            {
              ""left"": { ""attribute_name"": ""title"", ""of"": ""article"" },
              ""operator"": ""="",
              ""right"": ""Open sets satisfying systems of congruences""
            },
            {
              ""left"": { ""attribute_name"": ""report_id"", ""of"": ""report"" },
              ""operator"": ""="",
              ""right"": ""5049b80a2935f95cc95cf14dbfb8c610""
            },
            {
              ""all_id"": ""intermediate_node"",
              ""condition"": {
                ""left"": { ""attribute_name"": ""type"", ""of"": ""intermediate_node"" },
                ""operator"": ""in"",
                ""right"": [""Node"", ""Article"", ""Report""]
              }
            },
            {
              ""not"": {
                ""left"": {
                  ""and_conditions"": [
                    { ""left"": { ""attribute_name"": ""type"", ""of"": ""intermediate_node"" }, ""operator"": ""="", ""right"": ""Report"" },
                    { ""left"": { ""attribute_name"": ""report_id"", ""of"": ""intermediate_node"" }, ""operator"": ""="", ""right"": ""5049b80a2935f95cc95cf14dbfb8c610"" }
                  ]
                },
                ""operator"": ""and"",
                ""right"": {
                  ""and_conditions"": [
                    { ""left"": { ""attribute_name"": ""type"", ""of"": ""intermediate_node"" }, ""operator"": ""="", ""right"": ""Article"" },
                    { ""left"": { ""attribute_name"": ""title"", ""of"": ""intermediate_node"" }, ""operator"": ""="", ""right"": ""Open sets satisfying systems of congruences"" }
                  ]
                }
              }
            }
          ]
        },
        ""projection"": [
          {
            ""entity_id"": ""article_path"",
            ""attribute_name"": ""title"",
            ""of"": ""article""
          },
          {
            ""entity_id"": ""intermediate_nodes"",
            ""path_nodes"": [
              {
                ""entity_id"": ""intermediate_node"",
                ""attribute_name"": ""type"",
                ""of"": ""intermediate_node""
              }
            ]
          },
          {
            ""entity_id"": ""report_node"",
            ""attribute_name"": ""report_id"",
            ""of"": ""report""
          }
        ]
      }
    ]
  ]
}
```"
3,Q04,"Find the shortest path between Article where title is Open sets satisfying systems of congruences and Report, with report_id equal 5049b80a2935f95cc95cf14dbfb8c610, including the nodes on the path!",ministral-3:8b,False,0.15,283.092511,True,stop,4096,7.209716,1571,274.540077,5.7223,"```json
{
  ""hypotheses_set"": [
    [
      {
        ""id"": ""q1"",
        ""target"": [
          {
            ""entity_id"": ""article_path"",
            ""type"": ""Article"",
            ""attributes"": [
              { ""attribute_name"": ""title"", ""of"": ""article_path"" },
              { ""attribute_name"": ""id"", ""of"": ""article_path"" }
            ]
          },
          {
            ""entity_id"": ""report_5049b80a2935f95cc95cf14dbfb8c610"",
            ""type"": ""Report"",
            ""attributes"": [
              { ""attribute_name"": ""report_id"", ""of"": ""report_5049b80a2935f95cc95cf14dbfb8c610"" }
            ]
          }
        ],
        ""entities"": [
          { ""id"": ""article_path"", ""type"": ""Article"" },
          { ""id"": ""report_5049b80a2935f95cc95cf14dbfb8c610"", ""type"": ""Report"" },
          { ""id"": ""intermediate_node_1"", ""type"": ""Document"" },
          { ""id"": ""intermediate_node_2"", ""type"": ""Document"" }
        ],
        ""relationships"": [
          { ""id"": ""r1"", ""role"": ""connected_to"", ""from"": ""article_path"", ""to"": ""intermediate_node_1"" },
          { ""id"": ""r2"", ""role"": ""connected_to"", ""from"": ""intermediate_node_1"", ""to"": ""intermediate_node_2"" },
          { ""id"": ""r3"", ""role"": ""connected_to"", ""from"": ""intermediate_node_2"", ""to"": ""report_5049b80a2935f95cc95cf14dbfb8c610"" }
        ],
        ""constraint"": {
          ""and_conditions"": [
            {
              ""left"": { ""attribute_name"": ""title"", ""of"": ""article_path"" },
              ""operator"": ""="",
              ""right"": ""Open sets satisfying systems of congruences""
            },
            {
              ""left"": { ""attribute_name"": ""report_id"", ""of"": ""report_5049b80a2935f95cc95cf14dbfb8c610"" },
              ""operator"": ""="",
              ""right"": ""5049b80a2935f95cc95cf14dbfb8c610""
            },
            {
              ""all_id"": [""r1"", ""r2"", ""r3""],
              ""condition"": {
                ""left"": { ""attribute_name"": ""exists"", ""of"": [""r1"", ""r2"", ""r3""] },
                ""operator"": ""true"",
                ""right"": true
              }
            }
          ]
        },
        ""projection"": [
          { ""attribute_name"": ""title"", ""of"": ""article_path"" },
          { ""attribute_name"": ""id"", ""of"": ""article_path"" },
          { ""attribute_name"": ""title"", ""of"": ""intermediate_node_1"" },
          { ""attribute_name"": ""id"", ""of"": ""intermediate_node_1"" },
          { ""attribute_name"": ""title"", ""of"": ""intermediate_node_2"" },
          { ""attribute_name"": ""id"", ""of"": ""intermediate_node_2"" },
          { ""attribute_name"": ""report_id"", ""of"": ""report_5049b80a2935f95cc95cf14dbfb8c610"" }
        ]
      }
    ],
    [
      {
        ""id"": ""q2"",
        ""target"": [
          {
            ""entity_id"": ""article_path"",
            ""type"": ""Article"",
            ""attributes"": [
              { ""attribute_name"": ""title"", ""of"": ""article_path"" },
              { ""attribute_name"": ""id"", ""of"": ""article_path"" }
            ]
          },
          {
            ""entity_id"": ""report_5049b80a2935f95cc95cf14dbfb8c610"",
            ""type"": ""Report"",
            ""attributes"": [
              { ""attribute_name"": ""report_id"", ""of"": ""report_5049b80a2935f95cc95cf14dbfb8c610"" }
            ]
          }
        ],
        ""entities"": [
          { ""id"": ""article_path"", ""type"": ""Article"" },
          { ""id"": ""report_5049b80a2935f95cc95cf14dbfb8c610"", ""type"": ""Report"" },
          { ""id"": ""intermediate_node_1"", ""type"": ""Document"" }
        ],
        ""relationships"": [
          { ""id"": ""r1"", ""role"": ""connected_to"", ""from"": ""article_path"", ""to"": ""intermediate_node_1"" },
          { ""id"": ""r2"", ""role"": ""connected_to"", ""from"": ""intermediate_node_1"", ""to"": ""report_5049b80a2935f95cc95cf14dbfb8c610"" }
        ],
        ""constraint"": {
          ""and_conditions"": [
            {
              ""left"": { ""attribute_name"": ""title"", ""of"": ""article_path"" },
              ""operator"": ""="",
              ""right"": ""Open sets satisfying systems of congruences""
            },
            {
              ""left"": { ""attribute_name"": ""report_id"", ""of"": ""report_5049b80a2935f95cc95cf14dbfb8c610"" },
              ""operator"": ""="",
              ""right"": ""5049b80a2935f95cc95cf14dbfb8c610""
            },
            {
              ""all_id"": [""r1"", ""r2""],
              ""condition"": {
                ""left"": { ""attribute_name"": ""exists"", ""of"": [""r1"", ""r2""] },
                ""operator"": ""true"",
                ""right"": true
              }
            }
          ]
        },
        ""projection"": [
          { ""attribute_name"": ""title"", ""of"": ""article_path"" },
          { ""attribute_name"": ""id"", ""of"": ""article_path"" },
          { ""attribute_name"": ""title"", ""of"": ""intermediate_node_1"" },
          { ""attribute_name"": ""id"", ""of"": ""intermediate_node_1"" },
          { ""attribute_name"": ""report_id"", ""of"": ""report_5049b80a2935f95cc95cf14dbfb8c610"" }
        ]
      }
    ]
  ]
}
```"
4,Q04,"Find the shortest path between Article where title is Open sets satisfying systems of congruences and Report, with report_id equal 5049b80a2935f95cc95cf14dbfb8c610, including the nodes on the path!",ministral-3:8b,False,0.15,137.538555,True,stop,4096,7.219538,750,129.435671,5.7944,"```json
{
  ""hypotheses_set"": [
    [
      {
        ""id"": ""q1"",
        ""target"": [
          { ""entity"": ""e_article"", ""role"": ""start_node"" },
          { ""entity"": ""e_report"", ""role"": ""end_node"" },
          { ""entity"": ""e_intermediate_nodes"", ""role"": ""path_nodes"" }
        ],
        ""entities"": [
          { ""id"": ""e_article"", ""type"": ""Article"" },
          { ""id"": ""e_report"", ""type"": ""Report"" },
          { ""id"": ""e_intermediate_node"", ""type"": ""Node"" }
        ],
        ""relationships"": [
          { ""id"": ""r_article_to_intermediate"", ""role"": ""connected_to"", ""from"": ""e_article"", ""to"": ""e_intermediate_node"" },
          { ""id"": ""r_intermediate_to_intermediate"", ""role"": ""connected_to"", ""from"": ""e_intermediate_node"", ""to"": ""e_intermediate_node"" },
          { ""id"": ""r_intermediate_to_report"", ""role"": ""connected_to"", ""from"": ""e_intermediate_node"", ""to"": ""e_report"" }
        ],
        ""constraint"": {
          ""and_conditions"": [
            {
              ""left"": { ""attribute_name"": ""title"", ""of"": ""e_article"" },
              ""operator"": ""="",
              ""right"": ""Open sets satisfying systems of congruences""
            },
            {
              ""left"": { ""attribute_name"": ""report_id"", ""of"": ""e_report"" },
              ""operator"": ""="",
              ""right"": ""5049b80a2935f95cc95cf14dbfb8c610""
            },
            {
              ""left"": {
                ""all_id"": ""e_intermediate_node"",
                ""condition"": {
                  ""left"": {
                    ""exists"": [
                      { ""id"": ""r_article_to_intermediate"", ""from"": ""e_article"", ""to"": ""e_intermediate_node"" },
                      { ""id"": ""r_intermediate_to_intermediate"", ""from"": ""e_intermediate_node"", ""to"": ""e_intermediate_node"" },
                      { ""id"": ""r_intermediate_to_report"", ""from"": ""e_intermediate_node"", ""to"": ""e_report"" }
                    ]
                  },
                  ""operator"": ""exists""
                }
              },
              ""operator"": ""and"",
              ""right"": {
                ""count"": {
                  ""path"": [
                    { ""id"": ""r_article_to_intermediate"", ""from"": ""e_article"", ""to"": ""e_intermediate_node"" },
                    { ""id"": ""r_intermediate_to_intermediate"", ""from"": ""e_intermediate_node"", ""to"": ""e_intermediate_node"" },
                    { ""id"": ""r_intermediate_to_report"", ""from"": ""e_intermediate_node"", ""to"": ""e_report"" }
                  ]
                },
                ""operator"": ""min""
              }
            }
          ]
        },
        ""projection"": [
          { ""entity"": ""e_article"", ""attribute"": ""title"" },
          { ""entity"": ""e_report"", ""attribute"": ""report_id"" },
          { ""entity"": ""e_intermediate_node"", ""attribute"": ""node_id"" },
          { ""entity"": ""e_intermediate_node"", ""attribute"": ""node_type"" }
        ]
      }
    ]
  ]
}
```"
5,Q04,"Find the shortest path between Article where title is Open sets satisfying systems of congruences and Report, with report_id equal 5049b80a2935f95cc95cf14dbfb8c610, including the nodes on the path!",ministral-3:8b,False,0.15,201.091329,True,stop,4096,7.219498,1108,192.798481,5.7469,"```json
{
  ""hypotheses_set"": [
    [
      {
        ""id"": ""q1"",
        ""target"": [
          { ""entity"": ""article"", ""id"": ""a"" },
          { ""relationship"": ""path"", ""id"": ""p"" },
          { ""entity"": ""report"", ""id"": ""r"" }
        ],
        ""entities"": [
          { ""id"": ""a"", ""type"": ""Article"" },
          { ""id"": ""r"", ""type"": ""Report"" },
          { ""id"": ""i1"", ""type"": ""IntermediateNode"" },
          { ""id"": ""i2"", ""type"": ""IntermediateNode"" }
        ],
        ""relationships"": [
          { ""id"": ""r1"", ""role"": ""connected_to"", ""from"": ""a"", ""to"": ""i1"" },
          { ""id"": ""r2"", ""role"": ""connected_to"", ""from"": ""i1"", ""to"": ""i2"" },
          { ""id"": ""r3"", ""role"": ""connected_to"", ""from"": ""i2"", ""to"": ""r"" }
        ],
        ""constraint"": {
          ""and_conditions"": [
            {
              ""left"": { ""attribute_name"": ""title"", ""of"": ""a"" },
              ""operator"": ""="",
              ""right"": ""Open sets satisfying systems of congruences""
            },
            {
              ""left"": { ""attribute_name"": ""report_id"", ""of"": ""r"" },
              ""operator"": ""="",
              ""right"": ""5049b80a2935f95cc95cf14dbfb8c610""
            },
            {
              ""left"": {
                ""all_id"": [""r1"", ""r2"", ""r3""],
                ""condition"": {
                  ""operator"": ""exists""
                }
              },
              ""operator"": ""AND"",
              ""right"": {
                ""operator"": ""AND"",
                ""left"": {
                  ""all_id"": [""r1"", ""r2"", ""r3""],
                  ""condition"": {
                    ""operator"": ""distinct""
                  }
                }
              }
            }
          ]
        },
        ""projection"": [
          { ""entity"": ""a"", ""attribute"": ""title"" },
          { ""relationship"": ""r1"", ""attribute"": ""connected_to"" },
          { ""entity"": ""i1"", ""attribute"": ""node_id"" },
          { ""relationship"": ""r2"", ""attribute"": ""connected_to"" },
          { ""entity"": ""i2"", ""attribute"": ""node_id"" },
          { ""relationship"": ""r3"", ""attribute"": ""connected_to"" },
          { ""entity"": ""r"", ""attribute"": ""report_id"" }
        ]
      }
    ],
    [
      {
        ""id"": ""q2"",
        ""target"": [
          { ""entity"": ""article"", ""id"": ""a"" },
          { ""relationship"": ""path"", ""id"": ""p"" },
          { ""entity"": ""report"", ""id"": ""r"" }
        ],
        ""entities"": [
          { ""id"": ""a"", ""type"": ""Article"" },
          { ""id"": ""r"", ""type"": ""Report"" },
          { ""id"": ""i1"", ""type"": ""IntermediateNode"" }
        ],
        ""relationships"": [
          { ""id"": ""r1"", ""role"": ""connected_to"", ""from"": ""a"", ""to"": ""i1"" },
          { ""id"": ""r2"", ""role"": ""connected_to"", ""from"": ""i1"", ""to"": ""r"" }
        ],
        ""constraint"": {
          ""and_conditions"": [
            {
              ""left"": { ""attribute_name"": ""title"", ""of"": ""a"" },
              ""operator"": ""="",
              ""right"": ""Open sets satisfying systems of congruences""
            },
            {
              ""left"": { ""attribute_name"": ""report_id"", ""of"": ""r"" },
              ""operator"": ""="",
              ""right"": ""5049b80a2935f95cc95cf14dbfb8c610""
            },
            {
              ""left"": {
                ""all_id"": [""r1"", ""r2""],
                ""condition"": {
                  ""operator"": ""exists""
                }
              },
              ""operator"": ""AND"",
              ""right"": {
                ""operator"": ""AND"",
                ""left"": {
                  ""all_id"": [""r1"", ""r2""],
                  ""condition"": {
                    ""operator"": ""distinct""
                  }
                }
              }
            }
          ]
        },
        ""projection"": [
          { ""entity"": ""a"", ""attribute"": ""title"" },
          { ""relationship"": ""r1"", ""attribute"": ""connected_to"" },
          { ""entity"": ""i1"", ""attribute"": ""node_id"" },
          { ""relationship"": ""r2"", ""attribute"": ""connected_to"" },
          { ""entity"": ""r"", ""attribute"": ""report_id"" }
        ]
      }
    ]
  ]
}
```"
6,Q04,"Find the shortest path between Article where title is Open sets satisfying systems of congruences and Report, with report_id equal 5049b80a2935f95cc95cf14dbfb8c610, including the nodes on the path!",ministral-3:8b,False,0.15,179.149035,True,stop,4096,7.217055,986,170.952025,5.7677,"```json
{
  ""hypotheses_set"": [
    [
      {
        ""id"": ""q1"",
        ""target"": [
          { ""entity"": ""article"", ""id"": ""a1"" },
          { ""entity"": ""report"", ""id"": ""r1"" },
          { ""entity"": ""intermediate_node"", ""id"": ""i1"" }
        ],
        ""entities"": [
          { ""id"": ""a1"", ""type"": ""Article"" },
          { ""id"": ""r1"", ""type"": ""Report"" },
          { ""id"": ""i1"", ""type"": ""IntermediateNode"" }
        ],
        ""relationships"": [
          { ""id"": ""r_article_to_intermediate"", ""role"": ""connected_to"", ""from"": ""a1"", ""to"": ""i1"" },
          { ""id"": ""r_intermediate_to_report"", ""role"": ""connected_to"", ""from"": ""i1"", ""to"": ""r1"" }
        ],
        ""constraint"": {
          ""and_conditions"": [
            {
              ""left"": { ""attribute_name"": ""title"", ""of"": ""a1"" },
              ""operator"": ""="",
              ""right"": ""Open sets satisfying systems of congruences""
            },
            {
              ""left"": { ""attribute_name"": ""report_id"", ""of"": ""r1"" },
              ""operator"": ""="",
              ""right"": ""5049b80a2935f95cc95cf14dbfb8c610""
            },
            ""r_article_to_intermediate"",
            ""r_intermediate_to_report""
          ]
        },
        ""projection"": [
          { ""entity"": ""article"", ""attribute_name"": ""title"", ""of"": ""a1"" },
          { ""entity"": ""intermediate_node"", ""attribute_name"": ""id"", ""of"": ""i1"" },
          { ""entity"": ""report"", ""attribute_name"": ""report_id"", ""of"": ""r1"" }
        ]
      }
    ],
    [
      {
        ""id"": ""q2"",
        ""target"": [
          { ""entity"": ""article"", ""id"": ""a1"" },
          { ""entity"": ""report"", ""id"": ""r1"" },
          { ""entity"": ""intermediate_node1"", ""id"": ""i1"" },
          { ""entity"": ""intermediate_node2"", ""id"": ""i2"" }
        ],
        ""entities"": [
          { ""id"": ""a1"", ""type"": ""Article"" },
          { ""id"": ""r1"", ""type"": ""Report"" },
          { ""id"": ""i1"", ""type"": ""IntermediateNode"" },
          { ""id"": ""i2"", ""type"": ""IntermediateNode"" }
        ],
        ""relationships"": [
          { ""id"": ""r_article_to_i1"", ""role"": ""connected_to"", ""from"": ""a1"", ""to"": ""i1"" },
          { ""id"": ""r_i1_to_i2"", ""role"": ""connected_to"", ""from"": ""i1"", ""to"": ""i2"" },
          { ""id"": ""r_i2_to_report"", ""role"": ""connected_to"", ""from"": ""i2"", ""to"": ""r1"" }
        ],
        ""constraint"": {
          ""and_conditions"": [
            {
              ""left"": { ""attribute_name"": ""title"", ""of"": ""a1"" },
              ""operator"": ""="",
              ""right"": ""Open sets satisfying systems of congruences""
            },
            {
              ""left"": { ""attribute_name"": ""report_id"", ""of"": ""r1"" },
              ""operator"": ""="",
              ""right"": ""5049b80a2935f95cc95cf14dbfb8c610""
            },
            ""r_article_to_i1"",
            ""r_i1_to_i2"",
            ""r_i2_to_report""
          ]
        },
        ""projection"": [
          { ""entity"": ""article"", ""attribute_name"": ""title"", ""of"": ""a1"" },
          { ""entity"": ""intermediate_node"", ""attribute_name"": ""id"", ""of"": ""i1"" },
          { ""entity"": ""intermediate_node"", ""attribute_name"": ""id"", ""of"": ""i2"" },
          { ""entity"": ""report"", ""attribute_name"": ""report_id"", ""of"": ""r1"" }
        ]
      }
    ]
  ]
}
```"
7,Q04,"Find the shortest path between Article where title is Open sets satisfying systems of congruences and Report, with report_id equal 5049b80a2935f95cc95cf14dbfb8c610, including the nodes on the path!",ministral-3:8b,False,0.15,188.21066,True,stop,4096,7.217638,1036,179.954023,5.757,"```json
{
  ""hypotheses_set"": [
    [
      {
        ""id"": ""q1"",
        ""target"": [
          {
            ""entity_id"": ""article_node"",
            ""role"": ""Article""
          },
          {
            ""entity_id"": ""report_node"",
            ""role"": ""Report""
          },
          {
            ""path_nodes"": [
              {
                ""entity_id"": ""node1"",
                ""role"": ""IntermediateNode""
              },
              {
                ""entity_id"": ""node2"",
                ""role"": ""IntermediateNode""
              }
            ]
          }
        ],
        ""entities"": [
          { ""id"": ""article_node"", ""type"": ""Article"" },
          { ""id"": ""report_node"", ""type"": ""Report"" },
          { ""id"": ""node1"", ""type"": ""IntermediateNode"" },
          { ""id"": ""node2"", ""type"": ""IntermediateNode"" }
        ],
        ""relationships"": [
          { ""id"": ""r1"", ""role"": ""connected_to"", ""from"": ""article_node"", ""to"": ""node1"" },
          { ""id"": ""r2"", ""role"": ""connected_to"", ""from"": ""node1"", ""to"": ""node2"" },
          { ""id"": ""r3"", ""role"": ""connected_to"", ""from"": ""node2"", ""to"": ""report_node"" }
        ],
        ""constraint"": {
          ""and_conditions"": [
            {
              ""left"": { ""attribute_name"": ""title"", ""of"": ""article_node"" },
              ""operator"": ""="",
              ""right"": ""Open sets satisfying systems of congruences""
            },
            {
              ""left"": { ""attribute_name"": ""report_id"", ""of"": ""report_node"" },
              ""operator"": ""="",
              ""right"": ""5049b80a2935f95cc95cf14dbfb8c610""
            },
            ""r1"",
            ""r2"",
            ""r3""
          ]
        },
        ""projection"": [
          {
            ""entity_id"": ""article_node"",
            ""attribute_name"": ""title"",
            ""of"": ""article_node""
          },
          {
            ""entity_id"": ""node1"",
            ""attribute_name"": ""type"",
            ""of"": ""node1""
          },
          {
            ""entity_id"": ""node2"",
            ""attribute_name"": ""type"",
            ""of"": ""node2""
          },
          {
            ""entity_id"": ""report_node"",
            ""attribute_name"": ""report_id"",
            ""of"": ""report_node""
          }
        ]
      }
    ],
    [
      {
        ""id"": ""q2"",
        ""target"": [
          {
            ""entity_id"": ""article_node"",
            ""role"": ""Article""
          },
          {
            ""entity_id"": ""report_node"",
            ""role"": ""Report""
          },
          {
            ""path_nodes"": [
              {
                ""entity_id"": ""node1"",
                ""role"": ""IntermediateNode""
              }
            ]
          }
        ],
        ""entities"": [
          { ""id"": ""article_node"", ""type"": ""Article"" },
          { ""id"": ""report_node"", ""type"": ""Report"" },
          { ""id"": ""node1"", ""type"": ""IntermediateNode"" }
        ],
        ""relationships"": [
          { ""id"": ""r1"", ""role"": ""connected_to"", ""from"": ""article_node"", ""to"": ""node1"" },
          { ""id"": ""r2"", ""role"": ""connected_to"", ""from"": ""node1"", ""to"": ""report_node"" }
        ],
        ""constraint"": {
          ""and_conditions"": [
            {
              ""left"": { ""attribute_name"": ""title"", ""of"": ""article_node"" },
              ""operator"": ""="",
              ""right"": ""Open sets satisfying systems of congruences""
            },
            {
              ""left"": { ""attribute_name"": ""report_id"", ""of"": ""report_node"" },
              ""operator"": ""="",
              ""right"": ""5049b80a2935f95cc95cf14dbfb8c610""
            },
            ""r1"",
            ""r2""
          ]
        },
        ""projection"": [
          {
            ""entity_id"": ""article_node"",
            ""attribute_name"": ""title"",
            ""of"": ""article_node""
          },
          {
            ""entity_id"": ""node1"",
            ""attribute_name"": ""type"",
            ""of"": ""node1""
          },
          {
            ""entity_id"": ""report_node"",
            ""attribute_name"": ""report_id"",
            ""of"": ""report_node""
          }
        ]
      }
    ]
  ]
}
```"
8,Q04,"Find the shortest path between Article where title is Open sets satisfying systems of congruences and Report, with report_id equal 5049b80a2935f95cc95cf14dbfb8c610, including the nodes on the path!",ministral-3:8b,False,0.15,220.249465,True,stop,4096,7.222191,1217,211.875015,5.744,"```json
{
  ""hypotheses_set"": [
    [
      {
        ""id"": ""q1"",
        ""target"": [
          {
            ""entity_id"": ""article_node"",
            ""type"": ""Article"",
            ""attributes"": [
              { ""attribute_name"": ""title"", ""of"": ""article_node"" },
              { ""attribute_name"": ""id"", ""of"": ""article_node"" }
            ]
          },
          {
            ""entity_id"": ""report_node"",
            ""type"": ""Report"",
            ""attributes"": [
              { ""attribute_name"": ""id"", ""of"": ""report_node"" }
            ]
          },
          {
            ""entity_id"": ""intermediate_node_1"",
            ""type"": ""Node"",
            ""attributes"": []
          },
          {
            ""entity_id"": ""intermediate_node_2"",
            ""type"": ""Node"",
            ""attributes"": []
          }
        ],
        ""entities"": [
          { ""id"": ""article_node"", ""type"": ""Article"" },
          { ""id"": ""report_node"", ""type"": ""Report"" },
          { ""id"": ""intermediate_node_1"", ""type"": ""Node"" },
          { ""id"": ""intermediate_node_2"", ""type"": ""Node"" }
        ],
        ""relationships"": [
          { ""id"": ""r1"", ""role"": ""connected_to"", ""from"": ""article_node"", ""to"": ""intermediate_node_1"" },
          { ""id"": ""r2"", ""role"": ""connected_to"", ""from"": ""intermediate_node_1"", ""to"": ""intermediate_node_2"" },
          { ""id"": ""r3"", ""role"": ""connected_to"", ""from"": ""intermediate_node_2"", ""to"": ""report_node"" }
        ],
        ""constraint"": {
          ""and_conditions"": [
            {
              ""left"": { ""attribute_name"": ""title"", ""of"": ""article_node"" },
              ""operator"": ""="",
              ""right"": ""Open sets satisfying systems of congruences""
            },
            {
              ""left"": { ""attribute_name"": ""id"", ""of"": ""report_node"" },
              ""operator"": ""="",
              ""right"": ""5049b80a2935f95cc95cf14dbfb8c610""
            },
            ""r1"",
            ""r2"",
            ""r3""
          ]
        },
        ""projection"": [
          { ""entity_id"": ""article_node"", ""attribute_name"": ""title"", ""of"": ""article_node"" },
          { ""entity_id"": ""article_node"", ""attribute_name"": ""id"", ""of"": ""article_node"" },
          { ""entity_id"": ""intermediate_node_1"", ""attribute_name"": ""id"", ""of"": ""intermediate_node_1"" },
          { ""entity_id"": ""intermediate_node_2"", ""attribute_name"": ""id"", ""of"": ""intermediate_node_2"" },
          { ""entity_id"": ""report_node"", ""attribute_name"": ""id"", ""of"": ""report_node"" }
        ]
      }
    ],
    [
      {
        ""id"": ""q2"",
        ""target"": [
          {
            ""entity_id"": ""article_node"",
            ""type"": ""Article"",
            ""attributes"": [
              { ""attribute_name"": ""title"", ""of"": ""article_node"" },
              { ""attribute_name"": ""id"", ""of"": ""article_node"" }
            ]
          },
          {
            ""entity_id"": ""report_node"",
            ""type"": ""Report"",
            ""attributes"": [
              { ""attribute_name"": ""id"", ""of"": ""report_node"" }
            ]
          },
          {
            ""entity_id"": ""intermediate_node_1"",
            ""type"": ""Node"",
            ""attributes"": []
          }
        ],
        ""entities"": [
          { ""id"": ""article_node"", ""type"": ""Article"" },
          { ""id"": ""report_node"", ""type"": ""Report"" },
          { ""id"": ""intermediate_node_1"", ""type"": ""Node"" }
        ],
        ""relationships"": [
          { ""id"": ""r1"", ""role"": ""connected_to"", ""from"": ""article_node"", ""to"": ""intermediate_node_1"" },
          { ""id"": ""r2"", ""role"": ""connected_to"", ""from"": ""intermediate_node_1"", ""to"": ""report_node"" }
        ],
        ""constraint"": {
          ""and_conditions"": [
            {
              ""left"": { ""attribute_name"": ""title"", ""of"": ""article_node"" },
              ""operator"": ""="",
              ""right"": ""Open sets satisfying systems of congruences""
            },
            {
              ""left"": { ""attribute_name"": ""id"", ""of"": ""report_node"" },
              ""operator"": ""="",
              ""right"": ""5049b80a2935f95cc95cf14dbfb8c610""
            },
            ""r1"",
            ""r2""
          ]
        },
        ""projection"": [
          { ""entity_id"": ""article_node"", ""attribute_name"": ""title"", ""of"": ""article_node"" },
          { ""entity_id"": ""article_node"", ""attribute_name"": ""id"", ""of"": ""article_node"" },
          { ""entity_id"": ""intermediate_node_1"", ""attribute_name"": ""id"", ""of"": ""intermediate_node_1"" },
          { ""entity_id"": ""report_node"", ""attribute_name"": ""id"", ""of"": ""report_node"" }
        ]
      }
    ]
  ]
}
```"
9,Q04,"Find the shortest path between Article where title is Open sets satisfying systems of congruences and Report, with report_id equal 5049b80a2935f95cc95cf14dbfb8c610, including the nodes on the path!",ministral-3:8b,False,0.15,203.201246,True,stop,4096,7.226257,1120,194.915929,5.7461,"```json
{
  ""hypotheses_set"": [
    [
      {
        ""id"": ""q1"",
        ""target"": [
          { ""entity"": ""e_article"", ""type"": ""Article"" },
          { ""entity"": ""e_report"", ""type"": ""Report"" },
          { ""entity"": ""e_intermediate_node"", ""type"": ""Node"" }
        ],
        ""entities"": [
          { ""id"": ""e_article"", ""type"": ""Article"" },
          { ""id"": ""e_report"", ""type"": ""Report"" },
          { ""id"": ""e_intermediate_node"", ""type"": ""Node"" }
        ],
        ""relationships"": [
          { ""id"": ""r1"", ""role"": ""connected_to"", ""from"": ""e_article"", ""to"": ""e_intermediate_node"" },
          { ""id"": ""r2"", ""role"": ""connected_to"", ""from"": ""e_intermediate_node"", ""to"": ""e_report"" }
        ],
        ""constraint"": {
          ""and_conditions"": [
            {
              ""left"": { ""attribute_name"": ""title"", ""of"": ""e_article"" },
              ""operator"": ""="",
              ""right"": ""Open sets satisfying systems of congruences""
            },
            {
              ""left"": { ""attribute_name"": ""report_id"", ""of"": ""e_report"" },
              ""operator"": ""="",
              ""right"": ""5049b80a2935f95cc95cf14dbfb8c610""
            },
            {
              ""left"": {
                ""all_id"": ""e_intermediate_node"",
                ""condition"": {
                  ""left"": { ""attribute_name"": ""id"", ""of"": ""e_intermediate_node"" },
                  ""operator"": ""exists""
                }
              },
              ""operator"": ""AND"",
              ""right"": {
                ""all_id"": ""e_intermediate_node"",
                ""condition"": {
                  ""left"": {
                    ""count_id"": [
                      { ""id"": ""r1"", ""from"": ""e_article"", ""to"": ""e_intermediate_node"" },
                      { ""id"": ""r2"", ""from"": ""e_intermediate_node"", ""to"": ""e_report"" }
                    ]
                  },
                  ""operator"": ""="",
                  ""right"": 2
                }
              }
            }
          ]
        },
        ""projection"": [
          { ""entity"": ""e_article"", ""attribute_name"": ""title"", ""of"": ""e_article"" },
          { ""entity"": ""e_intermediate_node"", ""attribute_name"": ""id"", ""of"": ""e_intermediate_node"" },
          { ""entity"": ""e_report"", ""attribute_name"": ""report_id"", ""of"": ""e_report"" }
        ]
      }
    ],
    [
      {
        ""id"": ""q2"",
        ""target"": [
          { ""entity"": ""e_article"", ""type"": ""Article"" },
          { ""entity"": ""e_node1"", ""type"": ""Node"" },
          { ""entity"": ""e_node2"", ""type"": ""Node"" },
          { ""entity"": ""e_report"", ""type"": ""Report"" }
        ],
        ""entities"": [
          { ""id"": ""e_article"", ""type"": ""Article"" },
          { ""id"": ""e_node1"", ""type"": ""Node"" },
          { ""id"": ""e_node2"", ""type"": ""Node"" },
          { ""id"": ""e_report"", ""type"": ""Report"" }
        ],
        ""relationships"": [
          { ""id"": ""r1"", ""role"": ""connected_to"", ""from"": ""e_article"", ""to"": ""e_node1"" },
          { ""id"": ""r2"", ""role"": ""connected_to"", ""from"": ""e_node1"", ""to"": ""e_node2"" },
          { ""id"": ""r3"", ""role"": ""connected_to"", ""from"": ""e_node2"", ""to"": ""e_report"" }
        ],
        ""constraint"": {
          ""and_conditions"": [
            {
              ""left"": { ""attribute_name"": ""title"", ""of"": ""e_article"" },
              ""operator"": ""="",
              ""right"": ""Open sets satisfying systems of congruences""
            },
            {
              ""left"": { ""attribute_name"": ""report_id"", ""of"": ""e_report"" },
              ""operator"": ""="",
              ""right"": ""5049b80a2935f95cc95cf14dbfb8c610""
            }
          ]
        },
        ""projection"": [
          { ""entity"": ""e_article"", ""attribute_name"": ""title"", ""of"": ""e_article"" },
          { ""entity"": ""e_node1"", ""attribute_name"": ""id"", ""of"": ""e_node1"" },
          { ""entity"": ""e_node2"", ""attribute_name"": ""id"", ""of"": ""e_node2"" },
          { ""entity"": ""e_report"", ""attribute_name"": ""report_id"", ""of"": ""e_report"" }
        ]
      }
    ]
  ]
}
```"
10,Q04,"Find the shortest path between Article where title is Open sets satisfying systems of congruences and Report, with report_id equal 5049b80a2935f95cc95cf14dbfb8c610, including the nodes on the path!",ministral-3:8b,False,0.15,194.79108,False,stop,4096,7.219471,1079,186.495791,5.7857,"```json
{
  ""hypotheses_set"": [
    [
      {
        ""id"": ""q1"",
        ""target"": [
          { ""entity"": ""article_path"", ""type"": ""Article"" },
          { ""entity"": ""report_path"", ""type"": ""Report"" }
        ],
        ""entities"": [
          { ""id"": ""article"", ""type"": ""Article"" },
          { ""id"": ""report"", ""type"": ""Report"" },
          { ""id"": ""intermediate_node"", ""type"": ""Node"" }  // Generic intermediate node type
        ],
        ""relationships"": [
          { ""id"": ""r1"", ""role"": ""connected_to"", ""from"": ""article"", ""to"": ""intermediate_node"" },
          { ""id"": ""r2"", ""role"": ""connected_to"", ""from"": ""intermediate_node"", ""to"": ""report"" }
        ],
        ""constraint"": {
          ""and_conditions"": [
            {
              ""left"": { ""attribute_name"": ""title"", ""of"": ""article"" },
              ""operator"": ""="",
              ""right"": ""Open sets satisfying systems of congruences""
            },
            {
              ""left"": { ""attribute_name"": ""report_id"", ""of"": ""report"" },
              ""operator"": ""="",
              ""right"": ""5049b80a2935f95cc95cf14dbfb8c610""
            },
            {
              ""left"": { ""count_id"": ""r1"" },
              ""operator"": ""="",
              ""right"": 1
            },
            {
              ""left"": { ""count_id"": ""r2"" },
              ""operator"": ""="",
              ""right"": 1
            }
          ]
        },
        ""projection"": [
          { ""entity"": ""article_path"", ""attribute_name"": ""title"", ""of"": ""article"" },
          { ""entity"": ""intermediate_node"", ""attribute_name"": ""node_type"", ""of"": ""intermediate_node"" },
          { ""entity"": ""report_path"", ""attribute_name"": ""report_id"", ""of"": ""report"" }
        ]
      }
    ],
    [
      {
        ""id"": ""q2"",
        ""target"": [
          { ""entity"": ""article_path"", ""type"": ""Article"" },
          { ""entity"": ""intermediate_node1"", ""type"": ""Node"" },
          { ""entity"": ""intermediate_node2"", ""type"": ""Node"" },
          { ""entity"": ""report_path"", ""type"": ""Report"" }
        ],
        ""entities"": [
          { ""id"": ""article"", ""type"": ""Article"" },
          { ""id"": ""report"", ""type"": ""Report"" },
          { ""id"": ""intermediate_node1"", ""type"": ""Node"" },
          { ""id"": ""intermediate_node2"", ""type"": ""Node"" }
        ],
        ""relationships"": [
          { ""id"": ""r1"", ""role"": ""connected_to"", ""from"": ""article"", ""to"": ""intermediate_node1"" },
          { ""id"": ""r2"", ""role"": ""connected_to"", ""from"": ""intermediate_node1"", ""to"": ""intermediate_node2"" },
          { ""id"": ""r3"", ""role"": ""connected_to"", ""from"": ""intermediate_node2"", ""to"": ""report"" }
        ],
        ""constraint"": {
          ""and_conditions"": [
            {
              ""left"": { ""attribute_name"": ""title"", ""of"": ""article"" },
              ""operator"": ""="",
              ""right"": ""Open sets satisfying systems of congruences""
            },
            {
              ""left"": { ""attribute_name"": ""report_id"", ""of"": ""report"" },
              ""operator"": ""="",
              ""right"": ""5049b80a2935f95cc95cf14dbfb8c610""
            },
            {
              ""left"": { ""count_id"": ""r1"" },
              ""operator"": ""="",
              ""right"": 1
            },
            {
              ""left"": { ""count_id"": ""r2"" },
              ""operator"": ""="",
              ""right"": 1
            },
            {
              ""left"": { ""count_id"": ""r3"" },
              ""operator"": ""="",
              ""right"": 1
            }
          ]
        },
        ""projection"": [
          { ""entity"": ""article_path"", ""attribute_name"": ""title"", ""of"": ""article"" },
          { ""entity"": ""intermediate_node1"", ""attribute_name"": ""node_type"", ""of"": ""intermediate_node1"" },
          { ""entity"": ""intermediate_node2"", ""attribute_name"": ""node_type"", ""of"": ""intermediate_node2"" },
          { ""entity"": ""report_path"", ""attribute_name"": ""report_id"", ""of"": ""report"" }
        ]
      }
    ]
  ]
}
```"
11,Q04,"Find the shortest path between Article where title is Open sets satisfying systems of congruences and Report, with report_id equal 5049b80a2935f95cc95cf14dbfb8c610, including the nodes on the path!",ministral-3:8b,False,0.15,210.724329,True,stop,4096,7.267238,1162,202.346387,5.7426,"```json
{
  ""hypotheses_set"": [
    [
      {
        ""id"": ""q1"",
        ""target"": [
          {
            ""entity_id"": ""article_path"",
            ""type"": ""Article"",
            ""role"": ""start_node""
          },
          {
            ""entity_id"": ""intermediate_nodes"",
            ""type"": ""Node"",
            ""role"": ""path_nodes""
          },
          {
            ""entity_id"": ""report_node"",
            ""type"": ""Report"",
            ""role"": ""end_node""
          }
        ],
        ""entities"": [
          { ""id"": ""article"", ""type"": ""Article"" },
          { ""id"": ""report"", ""type"": ""Report"" },
          { ""id"": ""intermediate_node_1"", ""type"": ""Node"" },
          { ""id"": ""intermediate_node_2"", ""type"": ""Node"" }
        ],
        ""relationships"": [
          { ""id"": ""r1"", ""role"": ""connected_to"", ""from"": ""article"", ""to"": ""intermediate_node_1"" },
          { ""id"": ""r2"", ""role"": ""connected_to"", ""from"": ""intermediate_node_1"", ""to"": ""intermediate_node_2"" },
          { ""id"": ""r3"", ""role"": ""connected_to"", ""from"": ""intermediate_node_2"", ""to"": ""report"" }
        ],
        ""constraint"": {
          ""and_conditions"": [
            {
              ""left"": { ""attribute_name"": ""title"", ""of"": ""article"" },
              ""operator"": ""="",
              ""right"": ""Open sets satisfying systems of congruences""
            },
            {
              ""left"": { ""attribute_name"": ""report_id"", ""of"": ""report"" },
              ""operator"": ""="",
              ""right"": ""5049b80a2935f95cc95cf14dbfb8c610""
            },
            {
              ""left"": {
                ""count_id"": [
                  ""r1"",
                  ""r2"",
                  ""r3""
                ]
              },
              ""operator"": ""="",
              ""right"": 3
            }
          ]
        },
        ""projection"": [
          {
            ""entity_id"": ""article_path"",
            ""attribute_name"": ""title"",
            ""of"": ""article""
          },
          {
            ""entity_id"": ""intermediate_nodes"",
            ""expression"": {
              ""type"": ""list"",
              ""items"": [
                {
                  ""attribute_name"": ""node_id"",
                  ""of"": ""intermediate_node_1""
                },
                {
                  ""attribute_name"": ""node_id"",
                  ""of"": ""intermediate_node_2""
                }
              ]
            }
          },
          {
            ""entity_id"": ""report_node"",
            ""attribute_name"": ""report_id"",
            ""of"": ""report""
          }
        ]
      }
    ],
    [
      {
        ""id"": ""q2"",
        ""target"": [
          {
            ""entity_id"": ""article_path"",
            ""type"": ""Article"",
            ""role"": ""start_node""
          },
          {
            ""entity_id"": ""intermediate_nodes"",
            ""type"": ""Node"",
            ""role"": ""path_nodes""
          },
          {
            ""entity_id"": ""report_node"",
            ""type"": ""Report"",
            ""role"": ""end_node""
          }
        ],
        ""entities"": [
          { ""id"": ""article"", ""type"": ""Article"" },
          { ""id"": ""report"", ""type"": ""Report"" },
          { ""id"": ""intermediate_node_1"", ""type"": ""Node"" }
        ],
        ""relationships"": [
          { ""id"": ""r1"", ""role"": ""connected_to"", ""from"": ""article"", ""to"": ""intermediate_node_1"" },
          { ""id"": ""r2"", ""role"": ""connected_to"", ""from"": ""intermediate_node_1"", ""to"": ""report"" }
        ],
        ""constraint"": {
          ""and_conditions"": [
            {
              ""left"": { ""attribute_name"": ""title"", ""of"": ""article"" },
              ""operator"": ""="",
              ""right"": ""Open sets satisfying systems of congruences""
            },
            {
              ""left"": { ""attribute_name"": ""report_id"", ""of"": ""report"" },
              ""operator"": ""="",
              ""right"": ""5049b80a2935f95cc95cf14dbfb8c610""
            },
            {
              ""left"": {
                ""count_id"": [
                  ""r1"",
                  ""r2""
                ]
              },
              ""operator"": ""="",
              ""right"": 2
            }
          ]
        },
        ""projection"": [
          {
            ""entity_id"": ""article_path"",
            ""attribute_name"": ""title"",
            ""of"": ""article""
          },
          {
            ""entity_id"": ""intermediate_nodes"",
            ""expression"": {
              ""type"": ""list"",
              ""items"": [
                {
                  ""attribute_name"": ""node_id"",
                  ""of"": ""intermediate_node_1""
                }
              ]
            }
          },
          {
            ""entity_id"": ""report_node"",
            ""attribute_name"": ""report_id"",
            ""of"": ""report""
          }
        ]
      }
    ]
  ]
}
```"
12,Q04,"Find the shortest path between Article where title is Open sets satisfying systems of congruences and Report, with report_id equal 5049b80a2935f95cc95cf14dbfb8c610, including the nodes on the path!",ministral-3:8b,False,0.15,196.703824,True,stop,4096,7.216274,1084,188.450911,5.7522,"```json
{
  ""hypotheses_set"": [
    [
      {
        ""id"": ""q1"",
        ""target"": [
          {
            ""entity_id"": ""article_node"",
            ""role"": ""Article""
          },
          {
            ""entity_id"": ""report_node"",
            ""role"": ""Report""
          },
          {
            ""path_nodes"": [
              {
                ""entity_id"": ""intermediate_node_1"",
                ""role"": ""IntermediateNode""
              },
              {
                ""entity_id"": ""intermediate_node_2"",
                ""role"": ""IntermediateNode""
              }
            ]
          }
        ],
        ""entities"": [
          { ""id"": ""article_node"", ""type"": ""Article"" },
          { ""id"": ""report_node"", ""type"": ""Report"" },
          { ""id"": ""intermediate_node_1"", ""type"": ""Node"" },
          { ""id"": ""intermediate_node_2"", ""type"": ""Node"" }
        ],
        ""relationships"": [
          { ""id"": ""r1"", ""role"": ""connected_to"", ""from"": ""article_node"", ""to"": ""intermediate_node_1"" },
          { ""id"": ""r2"", ""role"": ""connected_to"", ""from"": ""intermediate_node_1"", ""to"": ""intermediate_node_2"" },
          { ""id"": ""r3"", ""role"": ""connected_to"", ""from"": ""intermediate_node_2"", ""to"": ""report_node"" }
        ],
        ""constraint"": {
          ""and_conditions"": [
            {
              ""left"": { ""attribute_name"": ""title"", ""of"": ""article_node"" },
              ""operator"": ""="",
              ""right"": ""Open sets satisfying systems of congruences""
            },
            {
              ""left"": { ""attribute_name"": ""report_id"", ""of"": ""report_node"" },
              ""operator"": ""="",
              ""right"": ""5049b80a2935f95cc95cf14dbfb8c610""
            },
            ""r1"",
            ""r2"",
            ""r3""
          ]
        },
        ""projection"": [
          {
            ""entity_id"": ""article_node"",
            ""attribute_name"": ""title"",
            ""of"": ""article_node""
          },
          {
            ""entity_id"": ""intermediate_node_1"",
            ""attribute_name"": ""type"",
            ""of"": ""intermediate_node_1""
          },
          {
            ""entity_id"": ""intermediate_node_2"",
            ""attribute_name"": ""type"",
            ""of"": ""intermediate_node_2""
          },
          {
            ""entity_id"": ""report_node"",
            ""attribute_name"": ""report_id"",
            ""of"": ""report_node""
          }
        ]
      }
    ],
    [
      {
        ""id"": ""q2"",
        ""target"": [
          {
            ""entity_id"": ""article_node"",
            ""role"": ""Article""
          },
          {
            ""entity_id"": ""report_node"",
            ""role"": ""Report""
          },
          {
            ""path_nodes"": [
              {
                ""entity_id"": ""intermediate_node_1"",
                ""role"": ""IntermediateNode""
              }
            ]
          }
        ],
        ""entities"": [
          { ""id"": ""article_node"", ""type"": ""Article"" },
          { ""id"": ""report_node"", ""type"": ""Report"" },
          { ""id"": ""intermediate_node_1"", ""type"": ""Node"" }
        ],
        ""relationships"": [
          { ""id"": ""r1"", ""role"": ""connected_to"", ""from"": ""article_node"", ""to"": ""intermediate_node_1"" },
          { ""id"": ""r2"", ""role"": ""connected_to"", ""from"": ""intermediate_node_1"", ""to"": ""report_node"" }
        ],
        ""constraint"": {
          ""and_conditions"": [
            {
              ""left"": { ""attribute_name"": ""title"", ""of"": ""article_node"" },
              ""operator"": ""="",
              ""right"": ""Open sets satisfying systems of congruences""
            },
            {
              ""left"": { ""attribute_name"": ""report_id"", ""of"": ""report_node"" },
              ""operator"": ""="",
              ""right"": ""5049b80a2935f95cc95cf14dbfb8c610""
            },
            ""r1"",
            ""r2""
          ]
        },
        ""projection"": [
          {
            ""entity_id"": ""article_node"",
            ""attribute_name"": ""title"",
            ""of"": ""article_node""
          },
          {
            ""entity_id"": ""intermediate_node_1"",
            ""attribute_name"": ""type"",
            ""of"": ""intermediate_node_1""
          },
          {
            ""entity_id"": ""report_node"",
            ""attribute_name"": ""report_id"",
            ""of"": ""report_node""
          }
        ]
      }
    ]
  ]
}
```"
13,Q04,"Find the shortest path between Article where title is Open sets satisfying systems of congruences and Report, with report_id equal 5049b80a2935f95cc95cf14dbfb8c610, including the nodes on the path!",ministral-3:8b,False,0.15,239.113771,True,stop,4096,7.224428,1323,230.696322,5.7348,"```json
{
  ""hypotheses_set"": [
    [
      {
        ""id"": ""q1"",
        ""target"": [
          {
            ""entity_id"": ""article_path"",
            ""type"": ""Article"",
            ""role"": ""start_node""
          },
          {
            ""entity_id"": ""intermediate_nodes"",
            ""type"": ""Node"",
            ""role"": ""path_nodes""
          },
          {
            ""entity_id"": ""report_path"",
            ""type"": ""Report"",
            ""role"": ""end_node""
          }
        ],
        ""entities"": [
          { ""id"": ""article"", ""type"": ""Article"" },
          { ""id"": ""report"", ""type"": ""Report"" },
          { ""id"": ""intermediate_node_1"", ""type"": ""Node"" },
          { ""id"": ""intermediate_node_2"", ""type"": ""Node"" }
        ],
        ""relationships"": [
          { ""id"": ""r1"", ""role"": ""connected_to"", ""from"": ""article"", ""to"": ""intermediate_node_1"" },
          { ""id"": ""r2"", ""role"": ""connected_to"", ""from"": ""intermediate_node_1"", ""to"": ""intermediate_node_2"" },
          { ""id"": ""r3"", ""role"": ""connected_to"", ""from"": ""intermediate_node_2"", ""to"": ""report"" }
        ],
        ""constraint"": {
          ""and_conditions"": [
            {
              ""left"": { ""attribute_name"": ""title"", ""of"": ""article"" },
              ""operator"": ""="",
              ""right"": ""Open sets satisfying systems of congruences""
            },
            {
              ""left"": { ""attribute_name"": ""report_id"", ""of"": ""report"" },
              ""operator"": ""="",
              ""right"": ""5049b80a2935f95cc95cf14dbfb8c610""
            },
            {
              ""left"": {
                ""count_id"": [
                  ""r1"",
                  ""r2"",
                  ""r3""
                ]
              },
              ""operator"": ""="",
              ""right"": 3
            },
            {
              ""not"": {
                ""or_conditions"": [
                  {
                    ""and_conditions"": [
                      { ""left"": { ""attribute_name"": ""connected_to"", ""of"": ""article"" }, ""operator"": ""="", ""right"": ""intermediate_node_2"" },
                      { ""left"": { ""attribute_name"": ""connected_to"", ""of"": ""intermediate_node_2"" }, ""operator"": ""="", ""right"": ""report"" }
                    ]
                  },
                  {
                    ""and_conditions"": [
                      { ""left"": { ""attribute_name"": ""connected_to"", ""of"": ""article"" }, ""operator"": ""="", ""right"": ""report"" }
                    ]
                  }
                ]
              }
            }
          ]
        },
        ""projection"": [
          {
            ""entity_id"": ""article_path"",
            ""attribute_name"": ""title"",
            ""of"": ""article""
          },
          {
            ""entity_id"": ""intermediate_nodes"",
            ""projection"": [
              {
                ""entity_id"": ""intermediate_node_1"",
                ""attribute_name"": ""node_id"",
                ""of"": ""intermediate_node_1""
              },
              {
                ""entity_id"": ""intermediate_node_2"",
                ""attribute_name"": ""node_id"",
                ""of"": ""intermediate_node_2""
              }
            ]
          },
          {
            ""entity_id"": ""report_path"",
            ""attribute_name"": ""title"",
            ""of"": ""report""
          }
        ]
      }
    ],
    [
      {
        ""id"": ""q2"",
        ""target"": [
          {
            ""entity_id"": ""article_path"",
            ""type"": ""Article"",
            ""role"": ""start_node""
          },
          {
            ""entity_id"": ""intermediate_nodes"",
            ""type"": ""Node"",
            ""role"": ""path_nodes""
          },
          {
            ""entity_id"": ""report_path"",
            ""type"": ""Report"",
            ""role"": ""end_node""
          }
        ],
        ""entities"": [
          { ""id"": ""article"", ""type"": ""Article"" },
          { ""id"": ""report"", ""type"": ""Report"" },
          { ""id"": ""intermediate_node_1"", ""type"": ""Node"" }
        ],
        ""relationships"": [
          { ""id"": ""r1"", ""role"": ""connected_to"", ""from"": ""article"", ""to"": ""intermediate_node_1"" },
          { ""id"": ""r2"", ""role"": ""connected_to"", ""from"": ""intermediate_node_1"", ""to"": ""report"" }
        ],
        ""constraint"": {
          ""and_conditions"": [
            {
              ""left"": { ""attribute_name"": ""title"", ""of"": ""article"" },
              ""operator"": ""="",
              ""right"": ""Open sets satisfying systems of congruences""
            },
            {
              ""left"": { ""attribute_name"": ""report_id"", ""of"": ""report"" },
              ""operator"": ""="",
              ""right"": ""5049b80a2935f95cc95cf14dbfb8c610""
            },
            {
              ""left"": {
                ""count_id"": [
                  ""r1"",
                  ""r2""
                ]
              },
              ""operator"": ""="",
              ""right"": 2
            }
          ]
        },
        ""projection"": [
          {
            ""entity_id"": ""article_path"",
            ""attribute_name"": ""title"",
            ""of"": ""article""
          },
          {
            ""entity_id"": ""intermediate_nodes"",
            ""projection"": [
              {
                ""entity_id"": ""intermediate_node_1"",
                ""attribute_name"": ""node_id"",
                ""of"": ""intermediate_node_1""
              }
            ]
          },
          {
            ""entity_id"": ""report_path"",
            ""attribute_name"": ""title"",
            ""of"": ""report""
          }
        ]
      }
    ]
  ]
}
```"
14,Q04,"Find the shortest path between Article where title is Open sets satisfying systems of congruences and Report, with report_id equal 5049b80a2935f95cc95cf14dbfb8c610, including the nodes on the path!",ministral-3:8b,False,0.15,216.528585,True,stop,4096,7.275311,1195,208.138939,5.7414,"```json
{
  ""hypotheses_set"": [
    [
      {
        ""id"": ""q1"",
        ""target"": [
          {
            ""entity_id"": ""article_node"",
            ""type"": ""Article"",
            ""attributes"": [
              { ""attribute_name"": ""title"", ""of"": ""article_node"" },
              { ""attribute_name"": ""id"", ""of"": ""article_node"" }
            ]
          },
          {
            ""entity_id"": ""report_node"",
            ""type"": ""Report"",
            ""attributes"": [
              { ""attribute_name"": ""report_id"", ""of"": ""report_node"" },
              { ""attribute_name"": ""id"", ""of"": ""report_node"" }
            ]
          },
          {
            ""entity_id"": ""intermediate_node_1"",
            ""type"": ""Node""
          },
          {
            ""entity_id"": ""intermediate_node_2"",
            ""type"": ""Node""
          }
        ],
        ""entities"": [
          { ""id"": ""article_node"", ""type"": ""Article"" },
          { ""id"": ""report_node"", ""type"": ""Report"" },
          { ""id"": ""intermediate_node_1"", ""type"": ""Node"" },
          { ""id"": ""intermediate_node_2"", ""type"": ""Node"" }
        ],
        ""relationships"": [
          { ""id"": ""r1"", ""role"": ""connected_to"", ""from"": ""article_node"", ""to"": ""intermediate_node_1"" },
          { ""id"": ""r2"", ""role"": ""connected_to"", ""from"": ""intermediate_node_1"", ""to"": ""intermediate_node_2"" },
          { ""id"": ""r3"", ""role"": ""connected_to"", ""from"": ""intermediate_node_2"", ""to"": ""report_node"" }
        ],
        ""constraint"": {
          ""and_conditions"": [
            {
              ""left"": { ""attribute_name"": ""title"", ""of"": ""article_node"" },
              ""operator"": ""="",
              ""right"": ""Open sets satisfying systems of congruences""
            },
            {
              ""left"": { ""attribute_name"": ""report_id"", ""of"": ""report_node"" },
              ""operator"": ""="",
              ""right"": ""5049b80a2935f95cc95cf14dbfb8c610""
            },
            ""r1"",
            ""r2"",
            ""r3""
          ]
        },
        ""projection"": [
          { ""attribute_name"": ""title"", ""of"": ""article_node"" },
          { ""attribute_name"": ""id"", ""of"": ""article_node"" },
          { ""attribute_name"": ""id"", ""of"": ""intermediate_node_1"" },
          { ""attribute_name"": ""id"", ""of"": ""intermediate_node_2"" },
          { ""attribute_name"": ""report_id"", ""of"": ""report_node"" },
          { ""attribute_name"": ""id"", ""of"": ""report_node"" }
        ]
      }
    ],
    [
      {
        ""id"": ""q2"",
        ""target"": [
          {
            ""entity_id"": ""article_node"",
            ""type"": ""Article"",
            ""attributes"": [
              { ""attribute_name"": ""title"", ""of"": ""article_node"" },
              { ""attribute_name"": ""id"", ""of"": ""article_node"" }
            ]
          },
          {
            ""entity_id"": ""report_node"",
            ""type"": ""Report"",
            ""attributes"": [
              { ""attribute_name"": ""report_id"", ""of"": ""report_node"" },
              { ""attribute_name"": ""id"", ""of"": ""report_node"" }
            ]
          },
          {
            ""entity_id"": ""intermediate_node_1"",
            ""type"": ""Node""
          }
        ],
        ""entities"": [
          { ""id"": ""article_node"", ""type"": ""Article"" },
          { ""id"": ""report_node"", ""type"": ""Report"" },
          { ""id"": ""intermediate_node_1"", ""type"": ""Node"" }
        ],
        ""relationships"": [
          { ""id"": ""r1"", ""role"": ""connected_to"", ""from"": ""article_node"", ""to"": ""intermediate_node_1"" },
          { ""id"": ""r2"", ""role"": ""connected_to"", ""from"": ""intermediate_node_1"", ""to"": ""report_node"" }
        ],
        ""constraint"": {
          ""and_conditions"": [
            {
              ""left"": { ""attribute_name"": ""title"", ""of"": ""article_node"" },
              ""operator"": ""="",
              ""right"": ""Open sets satisfying systems of congruences""
            },
            {
              ""left"": { ""attribute_name"": ""report_id"", ""of"": ""report_node"" },
              ""operator"": ""="",
              ""right"": ""5049b80a2935f95cc95cf14dbfb8c610""
            },
            ""r1"",
            ""r2""
          ]
        },
        ""projection"": [
          { ""attribute_name"": ""title"", ""of"": ""article_node"" },
          { ""attribute_name"": ""id"", ""of"": ""article_node"" },
          { ""attribute_name"": ""id"", ""of"": ""intermediate_node_1"" },
          { ""attribute_name"": ""report_id"", ""of"": ""report_node"" },
          { ""attribute_name"": ""id"", ""of"": ""report_node"" }
        ]
      }
    ]
  ]
}
```"
15,Q04,"Find the shortest path between Article where title is Open sets satisfying systems of congruences and Report, with report_id equal 5049b80a2935f95cc95cf14dbfb8c610, including the nodes on the path!",ministral-3:8b,False,0.15,203.040302,True,stop,4096,7.259284,1121,194.684712,5.758,"```json
{
  ""hypotheses_set"": [
    [
      {
        ""id"": ""q1"",
        ""target"": [
          {
            ""entity_id"": ""article_node"",
            ""type"": ""Article"",
            ""attributes"": [
              { ""attribute_name"": ""title"", ""of"": ""article_node"" },
              { ""attribute_name"": ""id"", ""of"": ""article_node"" }
            ]
          },
          {
            ""entity_id"": ""report_node"",
            ""type"": ""Report"",
            ""attributes"": [
              { ""attribute_name"": ""id"", ""of"": ""report_node"" }
            ]
          },
          {
            ""entity_id"": ""intermediate_node_1"",
            ""type"": ""Node""
          },
          {
            ""entity_id"": ""intermediate_node_2"",
            ""type"": ""Node""
          }
        ],
        ""entities"": [
          { ""id"": ""article_node"", ""type"": ""Article"" },
          { ""id"": ""report_node"", ""type"": ""Report"" },
          { ""id"": ""intermediate_node_1"", ""type"": ""Node"" },
          { ""id"": ""intermediate_node_2"", ""type"": ""Node"" }
        ],
        ""relationships"": [
          { ""id"": ""r1"", ""role"": ""connected_to"", ""from"": ""article_node"", ""to"": ""intermediate_node_1"" },
          { ""id"": ""r2"", ""role"": ""connected_to"", ""from"": ""intermediate_node_1"", ""to"": ""intermediate_node_2"" },
          { ""id"": ""r3"", ""role"": ""connected_to"", ""from"": ""intermediate_node_2"", ""to"": ""report_node"" }
        ],
        ""constraint"": {
          ""and_conditions"": [
            {
              ""left"": { ""attribute_name"": ""title"", ""of"": ""article_node"" },
              ""operator"": ""="",
              ""right"": ""Open sets satisfying systems of congruences""
            },
            {
              ""left"": { ""attribute_name"": ""id"", ""of"": ""report_node"" },
              ""operator"": ""="",
              ""right"": ""5049b80a2935f95cc95cf14dbfb8c610""
            },
            ""r1"",
            ""r2"",
            ""r3""
          ]
        },
        ""projection"": [
          { ""attribute_name"": ""title"", ""of"": ""article_node"" },
          { ""attribute_name"": ""id"", ""of"": ""article_node"" },
          { ""attribute_name"": ""id"", ""of"": ""intermediate_node_1"" },
          { ""attribute_name"": ""id"", ""of"": ""intermediate_node_2"" },
          { ""attribute_name"": ""id"", ""of"": ""report_node"" }
        ]
      }
    ],
    [
      {
        ""id"": ""q2"",
        ""target"": [
          {
            ""entity_id"": ""article_node"",
            ""type"": ""Article"",
            ""attributes"": [
              { ""attribute_name"": ""title"", ""of"": ""article_node"" },
              { ""attribute_name"": ""id"", ""of"": ""article_node"" }
            ]
          },
          {
            ""entity_id"": ""report_node"",
            ""type"": ""Report"",
            ""attributes"": [
              { ""attribute_name"": ""id"", ""of"": ""report_node"" }
            ]
          },
          {
            ""entity_id"": ""intermediate_node_1"",
            ""type"": ""Node""
          }
        ],
        ""entities"": [
          { ""id"": ""article_node"", ""type"": ""Article"" },
          { ""id"": ""report_node"", ""type"": ""Report"" },
          { ""id"": ""intermediate_node_1"", ""type"": ""Node"" }
        ],
        ""relationships"": [
          { ""id"": ""r1"", ""role"": ""connected_to"", ""from"": ""article_node"", ""to"": ""intermediate_node_1"" },
          { ""id"": ""r2"", ""role"": ""connected_to"", ""from"": ""intermediate_node_1"", ""to"": ""report_node"" }
        ],
        ""constraint"": {
          ""and_conditions"": [
            {
              ""left"": { ""attribute_name"": ""title"", ""of"": ""article_node"" },
              ""operator"": ""="",
              ""right"": ""Open sets satisfying systems of congruences""
            },
            {
              ""left"": { ""attribute_name"": ""id"", ""of"": ""report_node"" },
              ""operator"": ""="",
              ""right"": ""5049b80a2935f95cc95cf14dbfb8c610""
            },
            ""r1"",
            ""r2""
          ]
        },
        ""projection"": [
          { ""attribute_name"": ""title"", ""of"": ""article_node"" },
          { ""attribute_name"": ""id"", ""of"": ""article_node"" },
          { ""attribute_name"": ""id"", ""of"": ""intermediate_node_1"" },
          { ""attribute_name"": ""id"", ""of"": ""report_node"" }
        ]
      }
    ]
  ]
}
```"
16,Q04,"Find the shortest path between Article where title is Open sets satisfying systems of congruences and Report, with report_id equal 5049b80a2935f95cc95cf14dbfb8c610, including the nodes on the path!",ministral-3:8b,False,0.15,227.796421,True,stop,4096,7.271382,1258,219.328226,5.7357,"```json
{
  ""hypotheses_set"": [
    [
      {
        ""id"": ""q1"",
        ""target"": [
          {
            ""entity_id"": ""article_path"",
            ""type"": ""Article"",
            ""role"": ""start_node""
          },
          {
            ""entity_id"": ""intermediate_nodes"",
            ""type"": ""Node"",
            ""role"": ""path_nodes""
          },
          {
            ""entity_id"": ""report_node"",
            ""type"": ""Report"",
            ""role"": ""end_node""
          }
        ],
        ""entities"": [
          { ""id"": ""article"", ""type"": ""Article"" },
          { ""id"": ""report"", ""type"": ""Report"" },
          { ""id"": ""intermediate_node_1"", ""type"": ""Node"" },
          { ""id"": ""intermediate_node_2"", ""type"": ""Node"" }
        ],
        ""relationships"": [
          { ""id"": ""r1"", ""role"": ""connected_to"", ""from"": ""article"", ""to"": ""intermediate_node_1"" },
          { ""id"": ""r2"", ""role"": ""connected_to"", ""from"": ""intermediate_node_1"", ""to"": ""intermediate_node_2"" },
          { ""id"": ""r3"", ""role"": ""connected_to"", ""from"": ""intermediate_node_2"", ""to"": ""report"" }
        ],
        ""constraint"": {
          ""and_conditions"": [
            {
              ""left"": { ""attribute_name"": ""title"", ""of"": ""article"" },
              ""operator"": ""="",
              ""right"": ""Open sets satisfying systems of congruences""
            },
            {
              ""left"": { ""attribute_name"": ""report_id"", ""of"": ""report"" },
              ""operator"": ""="",
              ""right"": ""5049b80a2935f95cc95cf14dbfb8c610""
            },
            {
              ""left"": {
                ""count_id"": [
                  ""r1"",
                  ""r2"",
                  ""r3""
                ]
              },
              ""operator"": ""="",
              ""right"": 3
            }
          ]
        },
        ""projection"": [
          {
            ""entity_id"": ""article_path"",
            ""type"": ""Article"",
            ""attribute_name"": ""title"",
            ""of"": ""article""
          },
          {
            ""entity_id"": ""intermediate_nodes"",
            ""type"": ""Node"",
            ""attributes"": [
              { ""attribute_name"": ""node_id"", ""of"": ""intermediate_node_1"" },
              { ""attribute_name"": ""node_type"", ""of"": ""intermediate_node_1"" }
            ]
          },
          {
            ""entity_id"": ""intermediate_nodes"",
            ""type"": ""Node"",
            ""attributes"": [
              { ""attribute_name"": ""node_id"", ""of"": ""intermediate_node_2"" },
              { ""attribute_name"": ""node_type"", ""of"": ""intermediate_node_2"" }
            ]
          },
          {
            ""entity_id"": ""report_node"",
            ""type"": ""Report"",
            ""attribute_name"": ""report_id"",
            ""of"": ""report""
          }
        ]
      }
    ],
    [
      {
        ""id"": ""q2"",
        ""target"": [
          {
            ""entity_id"": ""article_path"",
            ""type"": ""Article"",
            ""role"": ""start_node""
          },
          {
            ""entity_id"": ""intermediate_nodes"",
            ""type"": ""Node"",
            ""role"": ""path_nodes""
          },
          {
            ""entity_id"": ""report_node"",
            ""type"": ""Report"",
            ""role"": ""end_node""
          }
        ],
        ""entities"": [
          { ""id"": ""article"", ""type"": ""Article"" },
          { ""id"": ""report"", ""type"": ""Report"" },
          { ""id"": ""intermediate_node_1"", ""type"": ""Node"" }
        ],
        ""relationships"": [
          { ""id"": ""r1"", ""role"": ""connected_to"", ""from"": ""article"", ""to"": ""intermediate_node_1"" },
          { ""id"": ""r2"", ""role"": ""connected_to"", ""from"": ""intermediate_node_1"", ""to"": ""report"" }
        ],
        ""constraint"": {
          ""and_conditions"": [
            {
              ""left"": { ""attribute_name"": ""title"", ""of"": ""article"" },
              ""operator"": ""="",
              ""right"": ""Open sets satisfying systems of congruences""
            },
            {
              ""left"": { ""attribute_name"": ""report_id"", ""of"": ""report"" },
              ""operator"": ""="",
              ""right"": ""5049b80a2935f95cc95cf14dbfb8c610""
            },
            {
              ""left"": {
                ""count_id"": [
                  ""r1"",
                  ""r2""
                ]
              },
              ""operator"": ""="",
              ""right"": 2
            }
          ]
        },
        ""projection"": [
          {
            ""entity_id"": ""article_path"",
            ""type"": ""Article"",
            ""attribute_name"": ""title"",
            ""of"": ""article""
          },
          {
            ""entity_id"": ""intermediate_nodes"",
            ""type"": ""Node"",
            ""attributes"": [
              { ""attribute_name"": ""node_id"", ""of"": ""intermediate_node_1"" },
              { ""attribute_name"": ""node_type"", ""of"": ""intermediate_node_1"" }
            ]
          },
          {
            ""entity_id"": ""report_node"",
            ""type"": ""Report"",
            ""attribute_name"": ""report_id"",
            ""of"": ""report""
          }
        ]
      }
    ]
  ]
}
```"
17,Q04,"Find the shortest path between Article where title is Open sets satisfying systems of congruences and Report, with report_id equal 5049b80a2935f95cc95cf14dbfb8c610, including the nodes on the path!",ministral-3:8b,False,0.15,258.814683,True,stop,4096,7.247136,1433,250.279889,5.7256,"```json
{
  ""hypotheses_set"": [
    [
      {
        ""id"": ""q1"",
        ""target"": [
          {
            ""entity_id"": ""article_node"",
            ""type"": ""Article"",
            ""attributes"": [
              { ""attribute_name"": ""title"", ""of"": ""article_node"" }
            ]
          },
          {
            ""entity_id"": ""report_node"",
            ""type"": ""Report"",
            ""attributes"": [
              { ""attribute_name"": ""report_id"", ""of"": ""report_node"" }
            ]
          },
          {
            ""entity_id"": ""intermediate_node_1"",
            ""type"": ""Node""
          },
          {
            ""entity_id"": ""intermediate_node_2"",
            ""type"": ""Node""
          }
        ],
        ""entities"": [
          { ""id"": ""article_node"", ""type"": ""Article"" },
          { ""id"": ""report_node"", ""type"": ""Report"" },
          { ""id"": ""intermediate_node_1"", ""type"": ""Node"" },
          { ""id"": ""intermediate_node_2"", ""type"": ""Node"" }
        ],
        ""relationships"": [
          { ""id"": ""r1"", ""role"": ""connected_to"", ""from"": ""article_node"", ""to"": ""intermediate_node_1"" },
          { ""id"": ""r2"", ""role"": ""connected_to"", ""from"": ""intermediate_node_1"", ""to"": ""intermediate_node_2"" },
          { ""id"": ""r3"", ""role"": ""connected_to"", ""from"": ""intermediate_node_2"", ""to"": ""report_node"" }
        ],
        ""constraint"": {
          ""and_conditions"": [
            {
              ""left"": { ""attribute_name"": ""title"", ""of"": ""article_node"" },
              ""operator"": ""="",
              ""right"": ""Open sets satisfying systems of congruences""
            },
            {
              ""left"": { ""attribute_name"": ""report_id"", ""of"": ""report_node"" },
              ""operator"": ""="",
              ""right"": ""5049b80a2935f95cc95cf14dbfb8c610""
            },
            ""r1"",
            ""r2"",
            ""r3""
          ]
        },
        ""projection"": [
          { ""entity_id"": ""article_node"", ""attributes"": [""title""] },
          { ""entity_id"": ""intermediate_node_1"", ""attributes"": [""id"", ""type""] },
          { ""entity_id"": ""intermediate_node_2"", ""attributes"": [""id"", ""type""] },
          { ""entity_id"": ""report_node"", ""attributes"": [""report_id""] }
        ]
      }
    ],
    [
      {
        ""id"": ""q2"",
        ""target"": [
          {
            ""entity_id"": ""article_node"",
            ""type"": ""Article"",
            ""attributes"": [
              { ""attribute_name"": ""title"", ""of"": ""article_node"" }
            ]
          },
          {
            ""entity_id"": ""report_node"",
            ""type"": ""Report"",
            ""attributes"": [
              { ""attribute_name"": ""report_id"", ""of"": ""report_node"" }
            ]
          },
          {
            ""entity_id"": ""intermediate_node_1"",
            ""type"": ""Node""
          }
        ],
        ""entities"": [
          { ""id"": ""article_node"", ""type"": ""Article"" },
          { ""id"": ""report_node"", ""type"": ""Report"" },
          { ""id"": ""intermediate_node_1"", ""type"": ""Node"" }
        ],
        ""relationships"": [
          { ""id"": ""r1"", ""role"": ""connected_to"", ""from"": ""article_node"", ""to"": ""intermediate_node_1"" },
          { ""id"": ""r2"", ""role"": ""connected_to"", ""from"": ""intermediate_node_1"", ""to"": ""report_node"" }
        ],
        ""constraint"": {
          ""and_conditions"": [
            {
              ""left"": { ""attribute_name"": ""title"", ""of"": ""article_node"" },
              ""operator"": ""="",
              ""right"": ""Open sets satisfying systems of congruences""
            },
            {
              ""left"": { ""attribute_name"": ""report_id"", ""of"": ""report_node"" },
              ""operator"": ""="",
              ""right"": ""5049b80a2935f95cc95cf14dbfb8c610""
            },
            ""r1"",
            ""r2""
          ]
        },
        ""projection"": [
          { ""entity_id"": ""article_node"", ""attributes"": [""title""] },
          { ""entity_id"": ""intermediate_node_1"", ""attributes"": [""id"", ""type""] },
          { ""entity_id"": ""report_node"", ""attributes"": [""report_id""] }
        ]
      }
    ],
    [
      {
        ""id"": ""q3"",
        ""target"": [
          {
            ""entity_id"": ""article_node"",
            ""type"": ""Article"",
            ""attributes"": [
              { ""attribute_name"": ""title"", ""of"": ""article_node"" }
            ]
          },
          {
            ""entity_id"": ""report_node"",
            ""type"": ""Report"",
            ""attributes"": [
              { ""attribute_name"": ""report_id"", ""of"": ""report_node"" }
            ]
          }
        ],
        ""entities"": [
          { ""id"": ""article_node"", ""type"": ""Article"" },
          { ""id"": ""report_node"", ""type"": ""Report"" }
        ],
        ""relationships"": [
          { ""id"": ""r1"", ""role"": ""connected_to"", ""from"": ""article_node"", ""to"": ""report_node"" }
        ],
        ""constraint"": {
          ""and_conditions"": [
            {
              ""left"": { ""attribute_name"": ""title"", ""of"": ""article_node"" },
              ""operator"": ""="",
              ""right"": ""Open sets satisfying systems of congruences""
            },
            {
              ""left"": { ""attribute_name"": ""report_id"", ""of"": ""report_node"" },
              ""operator"": ""="",
              ""right"": ""5049b80a2935f95cc95cf14dbfb8c610""
            },
            ""r1""
          ]
        },
        ""projection"": [
          { ""entity_id"": ""article_node"", ""attributes"": [""title""] },
          { ""entity_id"": ""report_node"", ""attributes"": [""report_id""] }
        ]
      }
    ]
  ]
}
```"
18,Q04,"Find the shortest path between Article where title is Open sets satisfying systems of congruences and Report, with report_id equal 5049b80a2935f95cc95cf14dbfb8c610, including the nodes on the path!",ministral-3:8b,False,0.15,206.696391,True,stop,4096,7.205422,1140,198.392756,5.7462,"```json
{
  ""hypotheses_set"": [
    [
      {
        ""id"": ""q1"",
        ""target"": [
          {
            ""entity_id"": ""e_article"",
            ""type"": ""Article"",
            ""attributes"": [
              { ""attribute_name"": ""title"", ""of"": ""e_article"" }
            ]
          },
          {
            ""entity_id"": ""e_report"",
            ""type"": ""Report"",
            ""attributes"": [
              { ""attribute_name"": ""report_id"", ""of"": ""e_report"" }
            ]
          },
          {
            ""entity_id"": ""e_intermediate_1"",
            ""type"": ""Node""
          },
          {
            ""entity_id"": ""e_intermediate_2"",
            ""type"": ""Node""
          }
        ],
        ""entities"": [
          { ""id"": ""e_article"", ""type"": ""Article"" },
          { ""id"": ""e_report"", ""type"": ""Report"" },
          { ""id"": ""e_intermediate_1"", ""type"": ""Node"" },
          { ""id"": ""e_intermediate_2"", ""type"": ""Node"" }
        ],
        ""relationships"": [
          { ""id"": ""r1"", ""role"": ""connected_to"", ""from"": ""e_article"", ""to"": ""e_intermediate_1"" },
          { ""id"": ""r2"", ""role"": ""connected_to"", ""from"": ""e_intermediate_1"", ""to"": ""e_intermediate_2"" },
          { ""id"": ""r3"", ""role"": ""connected_to"", ""from"": ""e_intermediate_2"", ""to"": ""e_report"" }
        ],
        ""constraint"": {
          ""and_conditions"": [
            {
              ""left"": { ""attribute_name"": ""title"", ""of"": ""e_article"" },
              ""operator"": ""="",
              ""right"": ""Open sets satisfying systems of congruences""
            },
            {
              ""left"": { ""attribute_name"": ""report_id"", ""of"": ""e_report"" },
              ""operator"": ""="",
              ""right"": ""5049b80a2935f95cc95cf14dbfb8c610""
            },
            {
              ""left"": {
                ""count_id"": [
                  ""r1"",
                  ""r2"",
                  ""r3""
                ]
              },
              ""operator"": ""="",
              ""right"": 3
            }
          ]
        },
        ""projection"": [
          { ""attribute_name"": ""title"", ""of"": ""e_article"" },
          { ""attribute_name"": ""report_id"", ""of"": ""e_report"" },
          { ""attribute_name"": ""node_id"", ""of"": ""e_intermediate_1"" },
          { ""attribute_name"": ""node_id"", ""of"": ""e_intermediate_2"" }
        ]
      }
    ],
    [
      {
        ""id"": ""q2"",
        ""target"": [
          {
            ""entity_id"": ""e_article"",
            ""type"": ""Article"",
            ""attributes"": [
              { ""attribute_name"": ""title"", ""of"": ""e_article"" }
            ]
          },
          {
            ""entity_id"": ""e_report"",
            ""type"": ""Report"",
            ""attributes"": [
              { ""attribute_name"": ""report_id"", ""of"": ""e_report"" }
            ]
          },
          {
            ""entity_id"": ""e_intermediate_1"",
            ""type"": ""Node""
          }
        ],
        ""entities"": [
          { ""id"": ""e_article"", ""type"": ""Article"" },
          { ""id"": ""e_report"", ""type"": ""Report"" },
          { ""id"": ""e_intermediate_1"", ""type"": ""Node"" }
        ],
        ""relationships"": [
          { ""id"": ""r1"", ""role"": ""connected_to"", ""from"": ""e_article"", ""to"": ""e_intermediate_1"" },
          { ""id"": ""r2"", ""role"": ""connected_to"", ""from"": ""e_intermediate_1"", ""to"": ""e_report"" }
        ],
        ""constraint"": {
          ""and_conditions"": [
            {
              ""left"": { ""attribute_name"": ""title"", ""of"": ""e_article"" },
              ""operator"": ""="",
              ""right"": ""Open sets satisfying systems of congruences""
            },
            {
              ""left"": { ""attribute_name"": ""report_id"", ""of"": ""e_report"" },
              ""operator"": ""="",
              ""right"": ""5049b80a2935f95cc95cf14dbfb8c610""
            },
            {
              ""left"": {
                ""count_id"": [
                  ""r1"",
                  ""r2""
                ]
              },
              ""operator"": ""="",
              ""right"": 2
            }
          ]
        },
        ""projection"": [
          { ""attribute_name"": ""title"", ""of"": ""e_article"" },
          { ""attribute_name"": ""report_id"", ""of"": ""e_report"" },
          { ""attribute_name"": ""node_id"", ""of"": ""e_intermediate_1"" }
        ]
      }
    ]
  ]
}
```"
19,Q04,"Find the shortest path between Article where title is Open sets satisfying systems of congruences and Report, with report_id equal 5049b80a2935f95cc95cf14dbfb8c610, including the nodes on the path!",ministral-3:8b,False,0.15,125.322115,False,stop,4096,7.221928,681,117.300958,5.8056,"```json
{
  ""hypotheses_set"": [
    [
      {
        ""id"": ""q1"",
        ""target"": [
          { ""entity"": ""e_article"", ""role"": ""start_node"" },
          { ""entity"": ""e_intermediate_node"", ""role"": ""path_nodes"" },
          { ""entity"": ""e_report"", ""role"": ""end_node"" }
        ],
        ""entities"": [
          { ""id"": ""e_article"", ""type"": ""Article"" },
          { ""id"": ""e_report"", ""type"": ""Report"" },
          { ""id"": ""e_intermediate_node"", ""type"": ""Node"" }  // Generic intermediate node type
        ],
        ""relationships"": [
          { ""id"": ""r1"", ""role"": ""connected_to"", ""from"": ""e_article"", ""to"": ""e_intermediate_node"" },
          { ""id"": ""r2"", ""role"": ""connected_to"", ""from"": ""e_intermediate_node"", ""to"": ""e_intermediate_node"" },
          { ""id"": ""r3"", ""role"": ""connected_to"", ""from"": ""e_intermediate_node"", ""to"": ""e_report"" }
        ],
        ""constraint"": {
          ""and_conditions"": [
            {
              ""left"": { ""attribute_name"": ""title"", ""of"": ""e_article"" },
              ""operator"": ""="",
              ""right"": ""Open sets satisfying systems of congruences""
            },
            {
              ""left"": { ""attribute_name"": ""report_id"", ""of"": ""e_report"" },
              ""operator"": ""="",
              ""right"": ""5049b80a2935f95cc95cf14dbfb8c610""
            },
            {
              ""left"": {
                ""all_id"": ""e_intermediate_node"",
                ""condition"": {
                  ""or_conditions"": [
                    { ""left"": { ""attribute_name"": ""type"", ""of"": ""e_intermediate_node"" }, ""operator"": ""in"", ""right"": [""Article"", ""Report"", ""Node""] }
                  ]
                }
              },
              ""operator"": ""exists"",
              ""right"": true
            },
            {
              ""left"": {
                ""exists_path"": [
                  { ""from"": ""e_article"", ""to"": ""e_report"", ""via"": [""e_intermediate_node""] },
                  { ""condition"": { ""min_length"": 1, ""max_length"": 5 } }
                ]
              },
              ""operator"": ""true"",
              ""right"": true
            }
          ]
        },
        ""projection"": [
          { ""entity"": ""e_article"", ""attribute"": ""title"" },
          { ""entity"": ""e_article"", ""attribute"": ""id"" },
          { ""entity"": ""e_intermediate_node"", ""attribute"": ""id"" },
          { ""entity"": ""e_intermediate_node"", ""attribute"": ""type"" },
          { ""entity"": ""e_report"", ""attribute"": ""report_id"" },
          { ""entity"": ""e_report"", ""attribute"": ""title"" }
        ]
      }
    ]
  ]
}
```"
20,Q04,"Find the shortest path between Article where title is Open sets satisfying systems of congruences and Report, with report_id equal 5049b80a2935f95cc95cf14dbfb8c610, including the nodes on the path!",ministral-3:8b,False,0.15,219.369127,True,stop,4096,7.208424,1211,211.036285,5.7383,"```json
{
  ""hypotheses_set"": [
    [
      {
        ""id"": ""q1"",
        ""target"": [
          {
            ""entity_id"": ""article_node"",
            ""type"": ""Article"",
            ""attributes"": [
              { ""attribute_name"": ""title"", ""of"": ""article_node"" }
            ]
          },
          {
            ""entity_id"": ""report_node"",
            ""type"": ""Report"",
            ""attributes"": [
              { ""attribute_name"": ""report_id"", ""of"": ""report_node"" }
            ]
          },
          {
            ""entity_id"": ""intermediate_node_1"",
            ""type"": ""Node""
          },
          {
            ""entity_id"": ""intermediate_node_2"",
            ""type"": ""Node""
          }
        ],
        ""entities"": [
          { ""id"": ""article_node"", ""type"": ""Article"" },
          { ""id"": ""report_node"", ""type"": ""Report"" },
          { ""id"": ""intermediate_node_1"", ""type"": ""Node"" },
          { ""id"": ""intermediate_node_2"", ""type"": ""Node"" }
        ],
        ""relationships"": [
          { ""id"": ""r1"", ""role"": ""connected_to"", ""from"": ""article_node"", ""to"": ""intermediate_node_1"" },
          { ""id"": ""r2"", ""role"": ""connected_to"", ""from"": ""intermediate_node_1"", ""to"": ""intermediate_node_2"" },
          { ""id"": ""r3"", ""role"": ""connected_to"", ""from"": ""intermediate_node_2"", ""to"": ""report_node"" }
        ],
        ""constraint"": {
          ""and_conditions"": [
            {
              ""left"": { ""attribute_name"": ""title"", ""of"": ""article_node"" },
              ""operator"": ""="",
              ""right"": ""Open sets satisfying systems of congruences""
            },
            {
              ""left"": { ""attribute_name"": ""report_id"", ""of"": ""report_node"" },
              ""operator"": ""="",
              ""right"": ""5049b80a2935f95cc95cf14dbfb8c610""
            },
            ""r1"",
            ""r2"",
            ""r3""
          ]
        },
        ""projection"": [
          { ""entity_id"": ""article_node"", ""type"": ""Article"", ""attributes"": [{ ""attribute_name"": ""title"", ""of"": ""article_node"" }] },
          { ""entity_id"": ""intermediate_node_1"", ""type"": ""Node"", ""attributes"": [{ ""attribute_name"": ""node_id"", ""of"": ""intermediate_node_1"" }] },
          { ""entity_id"": ""intermediate_node_2"", ""type"": ""Node"", ""attributes"": [{ ""attribute_name"": ""node_id"", ""of"": ""intermediate_node_2"" }] },
          { ""entity_id"": ""report_node"", ""type"": ""Report"", ""attributes"": [{ ""attribute_name"": ""report_id"", ""of"": ""report_node"" }] }
        ]
      }
    ],
    [
      {
        ""id"": ""q2"",
        ""target"": [
          {
            ""entity_id"": ""article_node"",
            ""type"": ""Article"",
            ""attributes"": [
              { ""attribute_name"": ""title"", ""of"": ""article_node"" }
            ]
          },
          {
            ""entity_id"": ""report_node"",
            ""type"": ""Report"",
            ""attributes"": [
              { ""attribute_name"": ""report_id"", ""of"": ""report_node"" }
            ]
          },
          {
            ""entity_id"": ""intermediate_node_1"",
            ""type"": ""Node""
          }
        ],
        ""entities"": [
          { ""id"": ""article_node"", ""type"": ""Article"" },
          { ""id"": ""report_node"", ""type"": ""Report"" },
          { ""id"": ""intermediate_node_1"", ""type"": ""Node"" }
        ],
        ""relationships"": [
          { ""id"": ""r1"", ""role"": ""connected_to"", ""from"": ""article_node"", ""to"": ""intermediate_node_1"" },
          { ""id"": ""r2"", ""role"": ""connected_to"", ""from"": ""intermediate_node_1"", ""to"": ""report_node"" }
        ],
        ""constraint"": {
          ""and_conditions"": [
            {
              ""left"": { ""attribute_name"": ""title"", ""of"": ""article_node"" },
              ""operator"": ""="",
              ""right"": ""Open sets satisfying systems of congruences""
            },
            {
              ""left"": { ""attribute_name"": ""report_id"", ""of"": ""report_node"" },
              ""operator"": ""="",
              ""right"": ""5049b80a2935f95cc95cf14dbfb8c610""
            },
            ""r1"",
            ""r2""
          ]
        },
        ""projection"": [
          { ""entity_id"": ""article_node"", ""type"": ""Article"", ""attributes"": [{ ""attribute_name"": ""title"", ""of"": ""article_node"" }] },
          { ""entity_id"": ""intermediate_node_1"", ""type"": ""Node"", ""attributes"": [{ ""attribute_name"": ""node_id"", ""of"": ""intermediate_node_1"" }] },
          { ""entity_id"": ""report_node"", ""type"": ""Report"", ""attributes"": [{ ""attribute_name"": ""report_id"", ""of"": ""report_node"" }] }
        ]
      }
    ]
  ]
}
```"
21,Q04,"Find the shortest path between Article where title is Open sets satisfying systems of congruences and Report, with report_id equal 5049b80a2935f95cc95cf14dbfb8c610, including the nodes on the path!",ministral-3:8b,False,0.15,204.209422,True,stop,4096,7.227028,1127,195.904568,5.7528,"```json
{
  ""hypotheses_set"": [
    [
      {
        ""id"": ""q1"",
        ""target"": [
          {
            ""entity_id"": ""article_node"",
            ""type"": ""Article"",
            ""attributes"": [
              { ""attribute_name"": ""title"", ""of"": ""article_node"" }
            ]
          },
          {
            ""entity_id"": ""report_node"",
            ""type"": ""Report"",
            ""attributes"": [
              { ""attribute_name"": ""report_id"", ""of"": ""report_node"" }
            ]
          },
          {
            ""entity_id"": ""intermediate_node_1"",
            ""type"": ""Node""
          },
          {
            ""entity_id"": ""intermediate_node_2"",
            ""type"": ""Node""
          }
        ],
        ""entities"": [
          { ""id"": ""article_node"", ""type"": ""Article"" },
          { ""id"": ""report_node"", ""type"": ""Report"" },
          { ""id"": ""intermediate_node_1"", ""type"": ""Node"" },
          { ""id"": ""intermediate_node_2"", ""type"": ""Node"" }
        ],
        ""relationships"": [
          { ""id"": ""r1"", ""role"": ""connected_to"", ""from"": ""article_node"", ""to"": ""intermediate_node_1"" },
          { ""id"": ""r2"", ""role"": ""connected_to"", ""from"": ""intermediate_node_1"", ""to"": ""intermediate_node_2"" },
          { ""id"": ""r3"", ""role"": ""connected_to"", ""from"": ""intermediate_node_2"", ""to"": ""report_node"" }
        ],
        ""constraint"": {
          ""and_conditions"": [
            {
              ""left"": { ""attribute_name"": ""title"", ""of"": ""article_node"" },
              ""operator"": ""="",
              ""right"": ""Open sets satisfying systems of congruences""
            },
            {
              ""left"": { ""attribute_name"": ""report_id"", ""of"": ""report_node"" },
              ""operator"": ""="",
              ""right"": ""5049b80a2935f95cc95cf14dbfb8c610""
            },
            ""r1"",
            ""r2"",
            ""r3""
          ]
        },
        ""projection"": [
          { ""entity_id"": ""article_node"", ""attribute_name"": ""title"", ""of"": ""article_node"" },
          { ""entity_id"": ""intermediate_node_1"", ""attribute_name"": ""node_id"", ""of"": ""intermediate_node_1"" },
          { ""entity_id"": ""intermediate_node_2"", ""attribute_name"": ""node_id"", ""of"": ""intermediate_node_2"" },
          { ""entity_id"": ""report_node"", ""attribute_name"": ""report_id"", ""of"": ""report_node"" }
        ]
      }
    ],
    [
      {
        ""id"": ""q2"",
        ""target"": [
          {
            ""entity_id"": ""article_node"",
            ""type"": ""Article"",
            ""attributes"": [
              { ""attribute_name"": ""title"", ""of"": ""article_node"" }
            ]
          },
          {
            ""entity_id"": ""report_node"",
            ""type"": ""Report"",
            ""attributes"": [
              { ""attribute_name"": ""report_id"", ""of"": ""report_node"" }
            ]
          },
          {
            ""entity_id"": ""intermediate_node_1"",
            ""type"": ""Node""
          }
        ],
        ""entities"": [
          { ""id"": ""article_node"", ""type"": ""Article"" },
          { ""id"": ""report_node"", ""type"": ""Report"" },
          { ""id"": ""intermediate_node_1"", ""type"": ""Node"" }
        ],
        ""relationships"": [
          { ""id"": ""r1"", ""role"": ""connected_to"", ""from"": ""article_node"", ""to"": ""intermediate_node_1"" },
          { ""id"": ""r2"", ""role"": ""connected_to"", ""from"": ""intermediate_node_1"", ""to"": ""report_node"" }
        ],
        ""constraint"": {
          ""and_conditions"": [
            {
              ""left"": { ""attribute_name"": ""title"", ""of"": ""article_node"" },
              ""operator"": ""="",
              ""right"": ""Open sets satisfying systems of congruences""
            },
            {
              ""left"": { ""attribute_name"": ""report_id"", ""of"": ""report_node"" },
              ""operator"": ""="",
              ""right"": ""5049b80a2935f95cc95cf14dbfb8c610""
            },
            ""r1"",
            ""r2""
          ]
        },
        ""projection"": [
          { ""entity_id"": ""article_node"", ""attribute_name"": ""title"", ""of"": ""article_node"" },
          { ""entity_id"": ""intermediate_node_1"", ""attribute_name"": ""node_id"", ""of"": ""intermediate_node_1"" },
          { ""entity_id"": ""report_node"", ""attribute_name"": ""report_id"", ""of"": ""report_node"" }
        ]
      }
    ]
  ]
}
```"
22,Q04,"Find the shortest path between Article where title is Open sets satisfying systems of congruences and Report, with report_id equal 5049b80a2935f95cc95cf14dbfb8c610, including the nodes on the path!",ministral-3:8b,False,0.15,274.965969,True,stop,4096,7.239067,1521,266.423789,5.7089,"```json
{
  ""hypotheses_set"": [
    [
      {
        ""id"": ""q1"",
        ""target"": [
          {
            ""entity_id"": ""article_node"",
            ""type"": ""Article"",
            ""attributes"": [
              { ""attribute_name"": ""title"", ""of"": ""article_node"" },
              { ""attribute_name"": ""id"", ""of"": ""article_node"" }
            ]
          },
          {
            ""entity_id"": ""report_node"",
            ""type"": ""Report"",
            ""attributes"": [
              { ""attribute_name"": ""report_id"", ""of"": ""report_node"" },
              { ""attribute_name"": ""id"", ""of"": ""report_node"" }
            ]
          },
          {
            ""entity_id"": ""intermediate_node_1"",
            ""type"": ""Node"",
            ""attributes"": [
              { ""attribute_name"": ""id"", ""of"": ""intermediate_node_1"" }
            ]
          },
          {
            ""entity_id"": ""intermediate_node_2"",
            ""type"": ""Node"",
            ""attributes"": [
              { ""attribute_name"": ""id"", ""of"": ""intermediate_node_2"" }
            ]
          }
        ],
        ""entities"": [
          { ""id"": ""article_node"", ""type"": ""Article"" },
          { ""id"": ""report_node"", ""type"": ""Report"" },
          { ""id"": ""intermediate_node_1"", ""type"": ""Node"" },
          { ""id"": ""intermediate_node_2"", ""type"": ""Node"" }
        ],
        ""relationships"": [
          { ""id"": ""r1"", ""role"": ""connected_to"", ""from"": ""article_node"", ""to"": ""intermediate_node_1"" },
          { ""id"": ""r2"", ""role"": ""connected_to"", ""from"": ""intermediate_node_1"", ""to"": ""intermediate_node_2"" },
          { ""id"": ""r3"", ""role"": ""connected_to"", ""from"": ""intermediate_node_2"", ""to"": ""report_node"" }
        ],
        ""constraint"": {
          ""and_conditions"": [
            {
              ""left"": { ""attribute_name"": ""title"", ""of"": ""article_node"" },
              ""operator"": ""="",
              ""right"": ""Open sets satisfying systems of congruences""
            },
            {
              ""left"": { ""attribute_name"": ""report_id"", ""of"": ""report_node"" },
              ""operator"": ""="",
              ""right"": ""5049b80a2935f95cc95cf14dbfb8c610""
            },
            {
              ""all_id"": ""r1"",
              ""condition"": {
                ""left"": { ""attribute_name"": ""hop_count"", ""of"": ""r1"" },
                ""operator"": ""="", ""right"": 1
              }
            },
            {
              ""all_id"": ""r2"",
              ""condition"": {
                ""left"": { ""attribute_name"": ""hop_count"", ""of"": ""r2"" },
                ""operator"": ""="", ""right"": 1
              }
            },
            {
              ""all_id"": ""r3"",
              ""condition"": {
                ""left"": { ""attribute_name"": ""hop_count"", ""of"": ""r3"" },
                ""operator"": ""="", ""right"": 1
              }
            }
          ]
        },
        ""projection"": [
          { ""attribute_name"": ""id"", ""of"": ""article_node"" },
          { ""attribute_name"": ""title"", ""of"": ""article_node"" },
          { ""attribute_name"": ""id"", ""of"": ""intermediate_node_1"" },
          { ""attribute_name"": ""id"", ""of"": ""intermediate_node_2"" },
          { ""attribute_name"": ""id"", ""of"": ""report_node"" },
          { ""attribute_name"": ""report_id"", ""of"": ""report_node"" }
        ]
      }
    ],
    [
      {
        ""id"": ""q2"",
        ""target"": [
          {
            ""entity_id"": ""article_node"",
            ""type"": ""Article"",
            ""attributes"": [
              { ""attribute_name"": ""title"", ""of"": ""article_node"" },
              { ""attribute_name"": ""id"", ""of"": ""article_node"" }
            ]
          },
          {
            ""entity_id"": ""report_node"",
            ""type"": ""Report"",
            ""attributes"": [
              { ""attribute_name"": ""report_id"", ""of"": ""report_node"" },
              { ""attribute_name"": ""id"", ""of"": ""report_node"" }
            ]
          },
          {
            ""entity_id"": ""intermediate_node_1"",
            ""type"": ""Node"",
            ""attributes"": [
              { ""attribute_name"": ""id"", ""of"": ""intermediate_node_1"" }
            ]
          }
        ],
        ""entities"": [
          { ""id"": ""article_node"", ""type"": ""Article"" },
          { ""id"": ""report_node"", ""type"": ""Report"" },
          { ""id"": ""intermediate_node_1"", ""type"": ""Node"" }
        ],
        ""relationships"": [
          { ""id"": ""r1"", ""role"": ""connected_to"", ""from"": ""article_node"", ""to"": ""intermediate_node_1"" },
          { ""id"": ""r2"", ""role"": ""connected_to"", ""from"": ""intermediate_node_1"", ""to"": ""report_node"" }
        ],
        ""constraint"": {
          ""and_conditions"": [
            {
              ""left"": { ""attribute_name"": ""title"", ""of"": ""article_node"" },
              ""operator"": ""="",
              ""right"": ""Open sets satisfying systems of congruences""
            },
            {
              ""left"": { ""attribute_name"": ""report_id"", ""of"": ""report_node"" },
              ""operator"": ""="",
              ""right"": ""5049b80a2935f95cc95cf14dbfb8c610""
            },
            {
              ""all_id"": ""r1"",
              ""condition"": {
                ""left"": { ""attribute_name"": ""hop_count"", ""of"": ""r1"" },
                ""operator"": ""="", ""right"": 1
              }
            },
            {
              ""all_id"": ""r2"",
              ""condition"": {
                ""left"": { ""attribute_name"": ""hop_count"", ""of"": ""r2"" },
                ""operator"": ""="", ""right"": 1
              }
            }
          ]
        },
        ""projection"": [
          { ""attribute_name"": ""id"", ""of"": ""article_node"" },
          { ""attribute_name"": ""title"", ""of"": ""article_node"" },
          { ""attribute_name"": ""id"", ""of"": ""intermediate_node_1"" },
          { ""attribute_name"": ""id"", ""of"": ""report_node"" },
          { ""attribute_name"": ""report_id"", ""of"": ""report_node"" }
        ]
      }
    ]
  ]
}
```"
23,Q04,"Find the shortest path between Article where title is Open sets satisfying systems of congruences and Report, with report_id equal 5049b80a2935f95cc95cf14dbfb8c610, including the nodes on the path!",ministral-3:8b,False,0.15,219.103531,True,stop,4096,7.222949,1211,210.727996,5.7467,"```json
{
  ""hypotheses_set"": [
    [
      {
        ""id"": ""q1"",
        ""target"": [
          {
            ""entity_id"": ""article_node"",
            ""type"": ""Article"",
            ""attributes"": [
              { ""attribute_name"": ""title"", ""of"": ""article_node"" }
            ]
          },
          {
            ""entity_id"": ""report_node"",
            ""type"": ""Report"",
            ""attributes"": [
              { ""attribute_name"": ""report_id"", ""of"": ""report_node"" }
            ]
          },
          {
            ""entity_id"": ""intermediate_node_1"",
            ""type"": ""Node""
          },
          {
            ""entity_id"": ""intermediate_node_2"",
            ""type"": ""Node""
          }
        ],
        ""entities"": [
          { ""id"": ""article_node"", ""type"": ""Article"" },
          { ""id"": ""report_node"", ""type"": ""Report"" },
          { ""id"": ""intermediate_node_1"", ""type"": ""Node"" },
          { ""id"": ""intermediate_node_2"", ""type"": ""Node"" }
        ],
        ""relationships"": [
          { ""id"": ""r1"", ""role"": ""connected_to"", ""from"": ""article_node"", ""to"": ""intermediate_node_1"" },
          { ""id"": ""r2"", ""role"": ""connected_to"", ""from"": ""intermediate_node_1"", ""to"": ""intermediate_node_2"" },
          { ""id"": ""r3"", ""role"": ""connected_to"", ""from"": ""intermediate_node_2"", ""to"": ""report_node"" }
        ],
        ""constraint"": {
          ""and_conditions"": [
            {
              ""left"": { ""attribute_name"": ""title"", ""of"": ""article_node"" },
              ""operator"": ""="",
              ""right"": ""Open sets satisfying systems of congruences""
            },
            {
              ""left"": { ""attribute_name"": ""report_id"", ""of"": ""report_node"" },
              ""operator"": ""="",
              ""right"": ""5049b80a2935f95cc95cf14dbfb8c610""
            },
            ""r1"",
            ""r2"",
            ""r3""
          ]
        },
        ""projection"": [
          { ""entity_id"": ""article_node"", ""type"": ""Article"", ""attributes"": [{ ""attribute_name"": ""title"", ""of"": ""article_node"" }] },
          { ""entity_id"": ""intermediate_node_1"", ""type"": ""Node"", ""attributes"": [{ ""attribute_name"": ""node_id"", ""of"": ""intermediate_node_1"" }] },
          { ""entity_id"": ""intermediate_node_2"", ""type"": ""Node"", ""attributes"": [{ ""attribute_name"": ""node_id"", ""of"": ""intermediate_node_2"" }] },
          { ""entity_id"": ""report_node"", ""type"": ""Report"", ""attributes"": [{ ""attribute_name"": ""report_id"", ""of"": ""report_node"" }] }
        ]
      }
    ],
    [
      {
        ""id"": ""q2"",
        ""target"": [
          {
            ""entity_id"": ""article_node"",
            ""type"": ""Article"",
            ""attributes"": [
              { ""attribute_name"": ""title"", ""of"": ""article_node"" }
            ]
          },
          {
            ""entity_id"": ""report_node"",
            ""type"": ""Report"",
            ""attributes"": [
              { ""attribute_name"": ""report_id"", ""of"": ""report_node"" }
            ]
          },
          {
            ""entity_id"": ""intermediate_node_1"",
            ""type"": ""Node""
          }
        ],
        ""entities"": [
          { ""id"": ""article_node"", ""type"": ""Article"" },
          { ""id"": ""report_node"", ""type"": ""Report"" },
          { ""id"": ""intermediate_node_1"", ""type"": ""Node"" }
        ],
        ""relationships"": [
          { ""id"": ""r1"", ""role"": ""connected_to"", ""from"": ""article_node"", ""to"": ""intermediate_node_1"" },
          { ""id"": ""r2"", ""role"": ""connected_to"", ""from"": ""intermediate_node_1"", ""to"": ""report_node"" }
        ],
        ""constraint"": {
          ""and_conditions"": [
            {
              ""left"": { ""attribute_name"": ""title"", ""of"": ""article_node"" },
              ""operator"": ""="",
              ""right"": ""Open sets satisfying systems of congruences""
            },
            {
              ""left"": { ""attribute_name"": ""report_id"", ""of"": ""report_node"" },
              ""operator"": ""="",
              ""right"": ""5049b80a2935f95cc95cf14dbfb8c610""
            },
            ""r1"",
            ""r2""
          ]
        },
        ""projection"": [
          { ""entity_id"": ""article_node"", ""type"": ""Article"", ""attributes"": [{ ""attribute_name"": ""title"", ""of"": ""article_node"" }] },
          { ""entity_id"": ""intermediate_node_1"", ""type"": ""Node"", ""attributes"": [{ ""attribute_name"": ""node_id"", ""of"": ""intermediate_node_1"" }] },
          { ""entity_id"": ""report_node"", ""type"": ""Report"", ""attributes"": [{ ""attribute_name"": ""report_id"", ""of"": ""report_node"" }] }
        ]
      }
    ]
  ]
}
```"
24,Q04,"Find the shortest path between Article where title is Open sets satisfying systems of congruences and Report, with report_id equal 5049b80a2935f95cc95cf14dbfb8c610, including the nodes on the path!",ministral-3:8b,False,0.15,211.367594,True,stop,4096,7.238997,1166,203.04038,5.7427,"```json
{
  ""hypotheses_set"": [
    [
      {
        ""id"": ""q1"",
        ""target"": [
          { ""entity"": ""e_article"", ""role"": ""start_node"" },
          { ""entity"": ""e_report"", ""role"": ""end_node"" },
          { ""entity"": ""e_intermediate_nodes"", ""role"": ""path_nodes"" }
        ],
        ""entities"": [
          { ""id"": ""e_article"", ""type"": ""Article"" },
          { ""id"": ""e_report"", ""type"": ""Report"" },
          { ""id"": ""e_intermediate_node_1"", ""type"": ""Node"" },
          { ""id"": ""e_intermediate_node_2"", ""type"": ""Node"" }
        ],
        ""relationships"": [
          { ""id"": ""r1"", ""role"": ""connected_to"", ""from"": ""e_article"", ""to"": ""e_intermediate_node_1"" },
          { ""id"": ""r2"", ""role"": ""connected_to"", ""from"": ""e_intermediate_node_1"", ""to"": ""e_intermediate_node_2"" },
          { ""id"": ""r3"", ""role"": ""connected_to"", ""from"": ""e_intermediate_node_2"", ""to"": ""e_report"" }
        ],
        ""constraint"": {
          ""and_conditions"": [
            {
              ""left"": { ""attribute_name"": ""title"", ""of"": ""e_article"" },
              ""operator"": ""="",
              ""right"": ""Open sets satisfying systems of congruences""
            },
            {
              ""left"": { ""attribute_name"": ""report_id"", ""of"": ""e_report"" },
              ""operator"": ""="",
              ""right"": ""5049b80a2935f95cc95cf14dbfb8c610""
            },
            {
              ""left"": {
                ""all_id"": [
                  { ""id"": ""r1"" },
                  { ""id"": ""r2"" },
                  { ""id"": ""r3"" }
                ],
                ""condition"": {
                  ""operator"": ""exists""
                }
              },
              ""operator"": ""AND"",
              ""right"": true
            }
          ]
        },
        ""projection"": [
          { ""entity"": ""e_article"", ""attribute"": ""title"" },
          { ""entity"": ""e_article"", ""attribute"": ""id"" },
          { ""entity"": ""e_intermediate_node_1"", ""attribute"": ""id"" },
          { ""entity"": ""e_intermediate_node_1"", ""attribute"": ""type"" },
          { ""entity"": ""e_intermediate_node_2"", ""attribute"": ""id"" },
          { ""entity"": ""e_intermediate_node_2"", ""attribute"": ""type"" },
          { ""entity"": ""e_report"", ""attribute"": ""report_id"" },
          { ""entity"": ""e_report"", ""attribute"": ""title"" }
        ]
      }
    ],
    [
      {
        ""id"": ""q2"",
        ""target"": [
          { ""entity"": ""e_article"", ""role"": ""start_node"" },
          { ""entity"": ""e_report"", ""role"": ""end_node"" },
          { ""entity"": ""e_intermediate_nodes"", ""role"": ""path_nodes"" }
        ],
        ""entities"": [
          { ""id"": ""e_article"", ""type"": ""Article"" },
          { ""id"": ""e_report"", ""type"": ""Report"" },
          { ""id"": ""e_intermediate_node"", ""type"": ""Node"" }
        ],
        ""relationships"": [
          { ""id"": ""r1"", ""role"": ""connected_to"", ""from"": ""e_article"", ""to"": ""e_intermediate_node"" },
          { ""id"": ""r2"", ""role"": ""connected_to"", ""from"": ""e_intermediate_node"", ""to"": ""e_report"" }
        ],
        ""constraint"": {
          ""and_conditions"": [
            {
              ""left"": { ""attribute_name"": ""title"", ""of"": ""e_article"" },
              ""operator"": ""="",
              ""right"": ""Open sets satisfying systems of congruences""
            },
            {
              ""left"": { ""attribute_name"": ""report_id"", ""of"": ""e_report"" },
              ""operator"": ""="",
              ""right"": ""5049b80a2935f95cc95cf14dbfb8c610""
            },
            {
              ""left"": {
                ""all_id"": [
                  { ""id"": ""r1"" },
                  { ""id"": ""r2"" }
                ],
                ""condition"": {
                  ""operator"": ""exists""
                }
              },
              ""operator"": ""AND"",
              ""right"": true
            }
          ]
        },
        ""projection"": [
          { ""entity"": ""e_article"", ""attribute"": ""title"" },
          { ""entity"": ""e_article"", ""attribute"": ""id"" },
          { ""entity"": ""e_intermediate_node"", ""attribute"": ""id"" },
          { ""entity"": ""e_intermediate_node"", ""attribute"": ""type"" },
          { ""entity"": ""e_report"", ""attribute"": ""report_id"" },
          { ""entity"": ""e_report"", ""attribute"": ""title"" }
        ]
      }
    ]
  ]
}
```"
25,Q04,"Find the shortest path between Article where title is Open sets satisfying systems of congruences and Report, with report_id equal 5049b80a2935f95cc95cf14dbfb8c610, including the nodes on the path!",ministral-3:8b,False,0.15,223.555642,True,stop,4096,7.223247,1235,215.203522,5.7388,"```json
{
  ""hypotheses_set"": [
    [
      {
        ""id"": ""q1"",
        ""target"": [
          {
            ""entity_id"": ""article_node"",
            ""type"": ""Article"",
            ""attributes"": [
              { ""attribute_name"": ""title"", ""of"": ""article_node"" }
            ]
          },
          {
            ""entity_id"": ""intermediate_nodes"",
            ""type"": ""Node"",
            ""attributes"": []
          },
          {
            ""entity_id"": ""report_node"",
            ""type"": ""Report"",
            ""attributes"": [
              { ""attribute_name"": ""report_id"", ""of"": ""report_node"" }
            ]
          }
        ],
        ""entities"": [
          { ""id"": ""article_node"", ""type"": ""Article"" },
          { ""id"": ""report_node"", ""type"": ""Report"" },
          { ""id"": ""intermediate_node_1"", ""type"": ""Node"" },
          { ""id"": ""intermediate_node_2"", ""type"": ""Node"" }
        ],
        ""relationships"": [
          { ""id"": ""r1"", ""role"": ""connected_to"", ""from"": ""article_node"", ""to"": ""intermediate_node_1"" },
          { ""id"": ""r2"", ""role"": ""connected_to"", ""from"": ""intermediate_node_1"", ""to"": ""intermediate_node_2"" },
          { ""id"": ""r3"", ""role"": ""connected_to"", ""from"": ""intermediate_node_2"", ""to"": ""report_node"" }
        ],
        ""constraint"": {
          ""and_conditions"": [
            {
              ""left"": { ""attribute_name"": ""title"", ""of"": ""article_node"" },
              ""operator"": ""="",
              ""right"": ""Open sets satisfying systems of congruences""
            },
            {
              ""left"": { ""attribute_name"": ""report_id"", ""of"": ""report_node"" },
              ""operator"": ""="",
              ""right"": ""5049b80a2935f95cc95cf14dbfb8c610""
            },
            {
              ""left"": { ""count_id"": ""r1"" },
              ""operator"": ""="",
              ""right"": 1
            },
            {
              ""left"": { ""count_id"": ""r2"" },
              ""operator"": ""="",
              ""right"": 1
            },
            {
              ""left"": { ""count_id"": ""r3"" },
              ""operator"": ""="",
              ""right"": 1
            }
          ]
        },
        ""projection"": [
          { ""entity_id"": ""article_node"", ""attribute_name"": ""title"", ""of"": ""article_node"" },
          { ""entity_id"": ""intermediate_node_1"", ""attribute_name"": ""node_id"", ""of"": ""intermediate_node_1"" },
          { ""entity_id"": ""intermediate_node_2"", ""attribute_name"": ""node_id"", ""of"": ""intermediate_node_2"" },
          { ""entity_id"": ""report_node"", ""attribute_name"": ""report_id"", ""of"": ""report_node"" }
        ]
      }
    ],
    [
      {
        ""id"": ""q2"",
        ""target"": [
          {
            ""entity_id"": ""article_node"",
            ""type"": ""Article"",
            ""attributes"": [
              { ""attribute_name"": ""title"", ""of"": ""article_node"" }
            ]
          },
          {
            ""entity_id"": ""intermediate_node"",
            ""type"": ""Node"",
            ""attributes"": []
          },
          {
            ""entity_id"": ""report_node"",
            ""type"": ""Report"",
            ""attributes"": [
              { ""attribute_name"": ""report_id"", ""of"": ""report_node"" }
            ]
          }
        ],
        ""entities"": [
          { ""id"": ""article_node"", ""type"": ""Article"" },
          { ""id"": ""report_node"", ""type"": ""Report"" },
          { ""id"": ""intermediate_node"", ""type"": ""Node"" }
        ],
        ""relationships"": [
          { ""id"": ""r1"", ""role"": ""connected_to"", ""from"": ""article_node"", ""to"": ""intermediate_node"" },
          { ""id"": ""r2"", ""role"": ""connected_to"", ""from"": ""intermediate_node"", ""to"": ""report_node"" }
        ],
        ""constraint"": {
          ""and_conditions"": [
            {
              ""left"": { ""attribute_name"": ""title"", ""of"": ""article_node"" },
              ""operator"": ""="",
              ""right"": ""Open sets satisfying systems of congruences""
            },
            {
              ""left"": { ""attribute_name"": ""report_id"", ""of"": ""report_node"" },
              ""operator"": ""="",
              ""right"": ""5049b80a2935f95cc95cf14dbfb8c610""
            },
            {
              ""left"": { ""count_id"": ""r1"" },
              ""operator"": ""="",
              ""right"": 1
            },
            {
              ""left"": { ""count_id"": ""r2"" },
              ""operator"": ""="",
              ""right"": 1
            }
          ]
        },
        ""projection"": [
          { ""entity_id"": ""article_node"", ""attribute_name"": ""title"", ""of"": ""article_node"" },
          { ""entity_id"": ""intermediate_node"", ""attribute_name"": ""node_id"", ""of"": ""intermediate_node"" },
          { ""entity_id"": ""report_node"", ""attribute_name"": ""report_id"", ""of"": ""report_node"" }
        ]
      }
    ]
  ]
}
```"
26,Q04,"Find the shortest path between Article where title is Open sets satisfying systems of congruences and Report, with report_id equal 5049b80a2935f95cc95cf14dbfb8c610, including the nodes on the path!",ministral-3:8b,False,0.15,198.45137,True,stop,4096,7.275321,1094,190.110886,5.7545,"```json
{
  ""hypotheses_set"": [
    [
      {
        ""id"": ""q1"",
        ""target"": [
          { ""entity"": ""e_article"", ""type"": ""Article"" },
          { ""entity"": ""e_report"", ""type"": ""Report"" },
          { ""entity"": ""e_intermediate_node"", ""type"": ""Node"" }
        ],
        ""entities"": [
          { ""id"": ""e_article"", ""type"": ""Article"" },
          { ""id"": ""e_report"", ""type"": ""Report"" },
          { ""id"": ""e_intermediate_node"", ""type"": ""Node"" }
        ],
        ""relationships"": [
          { ""id"": ""r_article_to_node"", ""role"": ""connected_to"", ""from"": ""e_article"", ""to"": ""e_intermediate_node"" },
          { ""id"": ""r_node_to_report"", ""role"": ""connected_to"", ""from"": ""e_intermediate_node"", ""to"": ""e_report"" }
        ],
        ""constraint"": {
          ""and_conditions"": [
            {
              ""left"": { ""attribute_name"": ""title"", ""of"": ""e_article"" },
              ""operator"": ""="",
              ""right"": ""Open sets satisfying systems of congruences""
            },
            {
              ""left"": { ""attribute_name"": ""report_id"", ""of"": ""e_report"" },
              ""operator"": ""="",
              ""right"": ""5049b80a2935f95cc95cf14dbfb8c610""
            },
            {
              ""left"": { ""attribute_name"": ""id"", ""of"": ""e_article"" },
              ""operator"": ""!="",
              ""right"": { ""attribute_name"": ""id"", ""of"": ""e_report"" }
            }
          ]
        },
        ""projection"": [
          { ""entity"": ""e_article"", ""attribute"": ""title"" },
          { ""entity"": ""e_article"", ""attribute"": ""id"" },
          { ""entity"": ""e_intermediate_node"", ""attribute"": ""id"" },
          { ""entity"": ""e_intermediate_node"", ""attribute"": ""type"" },
          { ""entity"": ""e_report"", ""attribute"": ""report_id"" }
        ]
      }
    ],
    [
      {
        ""id"": ""q2"",
        ""target"": [
          { ""entity"": ""e_article"", ""type"": ""Article"" },
          { ""entity"": ""e_node1"", ""type"": ""Node"" },
          { ""entity"": ""e_node2"", ""type"": ""Node"" },
          { ""entity"": ""e_report"", ""type"": ""Report"" }
        ],
        ""entities"": [
          { ""id"": ""e_article"", ""type"": ""Article"" },
          { ""id"": ""e_node1"", ""type"": ""Node"" },
          { ""id"": ""e_node2"", ""type"": ""Node"" },
          { ""id"": ""e_report"", ""type"": ""Report"" }
        ],
        ""relationships"": [
          { ""id"": ""r_article_to_node1"", ""role"": ""connected_to"", ""from"": ""e_article"", ""to"": ""e_node1"" },
          { ""id"": ""r_node1_to_node2"", ""role"": ""connected_to"", ""from"": ""e_node1"", ""to"": ""e_node2"" },
          { ""id"": ""r_node2_to_report"", ""role"": ""connected_to"", ""from"": ""e_node2"", ""to"": ""e_report"" }
        ],
        ""constraint"": {
          ""and_conditions"": [
            {
              ""left"": { ""attribute_name"": ""title"", ""of"": ""e_article"" },
              ""operator"": ""="",
              ""right"": ""Open sets satisfying systems of congruences""
            },
            {
              ""left"": { ""attribute_name"": ""report_id"", ""of"": ""e_report"" },
              ""operator"": ""="",
              ""right"": ""5049b80a2935f95cc95cf14dbfb8c610""
            },
            {
              ""left"": { ""attribute_name"": ""id"", ""of"": ""e_article"" },
              ""operator"": ""!="",
              ""right"": { ""attribute_name"": ""id"", ""of"": ""e_report"" }
            }
          ]
        },
        ""projection"": [
          { ""entity"": ""e_article"", ""attribute"": ""title"" },
          { ""entity"": ""e_article"", ""attribute"": ""id"" },
          { ""entity"": ""e_node1"", ""attribute"": ""id"" },
          { ""entity"": ""e_node1"", ""attribute"": ""type"" },
          { ""entity"": ""e_node2"", ""attribute"": ""id"" },
          { ""entity"": ""e_node2"", ""attribute"": ""type"" },
          { ""entity"": ""e_report"", ""attribute"": ""report_id"" }
        ]
      }
    ]
  ]
}
```"
27,Q04,"Find the shortest path between Article where title is Open sets satisfying systems of congruences and Report, with report_id equal 5049b80a2935f95cc95cf14dbfb8c610, including the nodes on the path!",ministral-3:8b,False,0.15,215.726342,True,stop,4096,7.223859,1195,207.395228,5.7619,"```json
{
  ""hypotheses_set"": [
    [
      {
        ""id"": ""q1"",
        ""target"": [
          {
            ""entity_id"": ""article_node"",
            ""type"": ""Article"",
            ""attributes"": [
              { ""attribute_name"": ""title"", ""of"": ""article_node"" },
              { ""attribute_name"": ""id"", ""of"": ""article_node"" }
            ]
          },
          {
            ""entity_id"": ""report_node"",
            ""type"": ""Report"",
            ""attributes"": [
              { ""attribute_name"": ""report_id"", ""of"": ""report_node"" },
              { ""attribute_name"": ""id"", ""of"": ""report_node"" }
            ]
          },
          {
            ""entity_id"": ""intermediate_node_1"",
            ""type"": ""Node""
          },
          {
            ""entity_id"": ""intermediate_node_2"",
            ""type"": ""Node""
          }
        ],
        ""entities"": [
          { ""id"": ""article_node"", ""type"": ""Article"" },
          { ""id"": ""report_node"", ""type"": ""Report"" },
          { ""id"": ""intermediate_node_1"", ""type"": ""Node"" },
          { ""id"": ""intermediate_node_2"", ""type"": ""Node"" }
        ],
        ""relationships"": [
          { ""id"": ""r1"", ""role"": ""connected_to"", ""from"": ""article_node"", ""to"": ""intermediate_node_1"" },
          { ""id"": ""r2"", ""role"": ""connected_to"", ""from"": ""intermediate_node_1"", ""to"": ""intermediate_node_2"" },
          { ""id"": ""r3"", ""role"": ""connected_to"", ""from"": ""intermediate_node_2"", ""to"": ""report_node"" }
        ],
        ""constraint"": {
          ""and_conditions"": [
            {
              ""left"": { ""attribute_name"": ""title"", ""of"": ""article_node"" },
              ""operator"": ""="",
              ""right"": ""Open sets satisfying systems of congruences""
            },
            {
              ""left"": { ""attribute_name"": ""report_id"", ""of"": ""report_node"" },
              ""operator"": ""="",
              ""right"": ""5049b80a2935f95cc95cf14dbfb8c610""
            },
            ""r1"",
            ""r2"",
            ""r3""
          ]
        },
        ""projection"": [
          { ""attribute_name"": ""title"", ""of"": ""article_node"" },
          { ""attribute_name"": ""id"", ""of"": ""article_node"" },
          { ""attribute_name"": ""id"", ""of"": ""intermediate_node_1"" },
          { ""attribute_name"": ""id"", ""of"": ""intermediate_node_2"" },
          { ""attribute_name"": ""report_id"", ""of"": ""report_node"" },
          { ""attribute_name"": ""id"", ""of"": ""report_node"" }
        ]
      }
    ],
    [
      {
        ""id"": ""q2"",
        ""target"": [
          {
            ""entity_id"": ""article_node"",
            ""type"": ""Article"",
            ""attributes"": [
              { ""attribute_name"": ""title"", ""of"": ""article_node"" },
              { ""attribute_name"": ""id"", ""of"": ""article_node"" }
            ]
          },
          {
            ""entity_id"": ""report_node"",
            ""type"": ""Report"",
            ""attributes"": [
              { ""attribute_name"": ""report_id"", ""of"": ""report_node"" },
              { ""attribute_name"": ""id"", ""of"": ""report_node"" }
            ]
          },
          {
            ""entity_id"": ""intermediate_node_1"",
            ""type"": ""Node""
          }
        ],
        ""entities"": [
          { ""id"": ""article_node"", ""type"": ""Article"" },
          { ""id"": ""report_node"", ""type"": ""Report"" },
          { ""id"": ""intermediate_node_1"", ""type"": ""Node"" }
        ],
        ""relationships"": [
          { ""id"": ""r1"", ""role"": ""connected_to"", ""from"": ""article_node"", ""to"": ""intermediate_node_1"" },
          { ""id"": ""r2"", ""role"": ""connected_to"", ""from"": ""intermediate_node_1"", ""to"": ""report_node"" }
        ],
        ""constraint"": {
          ""and_conditions"": [
            {
              ""left"": { ""attribute_name"": ""title"", ""of"": ""article_node"" },
              ""operator"": ""="",
              ""right"": ""Open sets satisfying systems of congruences""
            },
            {
              ""left"": { ""attribute_name"": ""report_id"", ""of"": ""report_node"" },
              ""operator"": ""="",
              ""right"": ""5049b80a2935f95cc95cf14dbfb8c610""
            },
            ""r1"",
            ""r2""
          ]
        },
        ""projection"": [
          { ""attribute_name"": ""title"", ""of"": ""article_node"" },
          { ""attribute_name"": ""id"", ""of"": ""article_node"" },
          { ""attribute_name"": ""id"", ""of"": ""intermediate_node_1"" },
          { ""attribute_name"": ""report_id"", ""of"": ""report_node"" },
          { ""attribute_name"": ""id"", ""of"": ""report_node"" }
        ]
      }
    ]
  ]
}
```"
28,Q04,"Find the shortest path between Article where title is Open sets satisfying systems of congruences and Report, with report_id equal 5049b80a2935f95cc95cf14dbfb8c610, including the nodes on the path!",ministral-3:8b,False,0.15,198.04154,True,stop,4096,7.284846,1092,189.675329,5.7572,"```json
{
  ""hypotheses_set"": [
    [
      {
        ""id"": ""q1"",
        ""target"": [
          { ""entity_id"": ""a_article"", ""type"": ""Article"" },
          { ""entity_id"": ""a_report"", ""type"": ""Report"" },
          { ""entity_id"": ""i_intermediate_1"", ""type"": ""IntermediateNode"" },
          { ""entity_id"": ""i_intermediate_2"", ""type"": ""IntermediateNode"" }
        ],
        ""entities"": [
          { ""id"": ""a_article"", ""type"": ""Article"" },
          { ""id"": ""a_report"", ""type"": ""Report"" },
          { ""id"": ""i_intermediate_1"", ""type"": ""IntermediateNode"" },
          { ""id"": ""i_intermediate_2"", ""type"": ""IntermediateNode"" }
        ],
        ""relationships"": [
          { ""id"": ""r_article_to_intermediate_1"", ""role"": ""connected_to"", ""from"": ""a_article"", ""to"": ""i_intermediate_1"" },
          { ""id"": ""r_intermediate_1_to_intermediate_2"", ""role"": ""connected_to"", ""from"": ""i_intermediate_1"", ""to"": ""i_intermediate_2"" },
          { ""id"": ""r_intermediate_2_to_report"", ""role"": ""connected_to"", ""from"": ""i_intermediate_2"", ""to"": ""a_report"" }
        ],
        ""constraint"": {
          ""and_conditions"": [
            {
              ""left"": { ""attribute_name"": ""title"", ""of"": ""a_article"" },
              ""operator"": ""="",
              ""right"": ""Open sets satisfying systems of congruences""
            },
            {
              ""left"": { ""attribute_name"": ""report_id"", ""of"": ""a_report"" },
              ""operator"": ""="",
              ""right"": ""5049b80a2935f95cc95cf14dbfb8c610""
            },
            ""r_article_to_intermediate_1"",
            ""r_intermediate_1_to_intermediate_2"",
            ""r_intermediate_2_to_report""
          ]
        },
        ""projection"": [
          { ""entity_id"": ""a_article"", ""attribute_name"": ""title"", ""of"": ""a_article"" },
          { ""entity_id"": ""i_intermediate_1"", ""attribute_name"": ""node_id"", ""of"": ""i_intermediate_1"" },
          { ""entity_id"": ""i_intermediate_2"", ""attribute_name"": ""node_id"", ""of"": ""i_intermediate_2"" },
          { ""entity_id"": ""a_report"", ""attribute_name"": ""report_id"", ""of"": ""a_report"" }
        ]
      }
    ],
    [
      {
        ""id"": ""q2"",
        ""target"": [
          { ""entity_id"": ""a_article"", ""type"": ""Article"" },
          { ""entity_id"": ""a_report"", ""type"": ""Report"" },
          { ""entity_id"": ""i_intermediate_1"", ""type"": ""IntermediateNode"" }
        ],
        ""entities"": [
          { ""id"": ""a_article"", ""type"": ""Article"" },
          { ""id"": ""a_report"", ""type"": ""Report"" },
          { ""id"": ""i_intermediate_1"", ""type"": ""IntermediateNode"" }
        ],
        ""relationships"": [
          { ""id"": ""r_article_to_intermediate_1"", ""role"": ""connected_to"", ""from"": ""a_article"", ""to"": ""i_intermediate_1"" },
          { ""id"": ""r_intermediate_1_to_report"", ""role"": ""connected_to"", ""from"": ""i_intermediate_1"", ""to"": ""a_report"" }
        ],
        ""constraint"": {
          ""and_conditions"": [
            {
              ""left"": { ""attribute_name"": ""title"", ""of"": ""a_article"" },
              ""operator"": ""="",
              ""right"": ""Open sets satisfying systems of congruences""
            },
            {
              ""left"": { ""attribute_name"": ""report_id"", ""of"": ""a_report"" },
              ""operator"": ""="",
              ""right"": ""5049b80a2935f95cc95cf14dbfb8c610""
            },
            ""r_article_to_intermediate_1"",
            ""r_intermediate_1_to_report""
          ]
        },
        ""projection"": [
          { ""entity_id"": ""a_article"", ""attribute_name"": ""title"", ""of"": ""a_article"" },
          { ""entity_id"": ""i_intermediate_1"", ""attribute_name"": ""node_id"", ""of"": ""i_intermediate_1"" },
          { ""entity_id"": ""a_report"", ""attribute_name"": ""report_id"", ""of"": ""a_report"" }
        ]
      }
    ]
  ]
}
```"
29,Q04,"Find the shortest path between Article where title is Open sets satisfying systems of congruences and Report, with report_id equal 5049b80a2935f95cc95cf14dbfb8c610, including the nodes on the path!",ministral-3:8b,False,0.15,203.119828,True,stop,4096,7.237255,1124,194.764614,5.7711,"```json
{
  ""hypotheses_set"": [
    [
      {
        ""id"": ""q1"",
        ""target"": [
          {
            ""entity_id"": ""article_node"",
            ""type"": ""Article"",
            ""attributes"": [
              { ""attribute_name"": ""title"", ""of"": ""article_node"" }
            ]
          },
          {
            ""entity_id"": ""report_node"",
            ""type"": ""Report"",
            ""attributes"": [
              { ""attribute_name"": ""report_id"", ""of"": ""report_node"" }
            ]
          },
          {
            ""entity_id"": ""intermediate_node_1"",
            ""type"": ""Node""
          },
          {
            ""entity_id"": ""intermediate_node_2"",
            ""type"": ""Node""
          }
        ],
        ""entities"": [
          { ""id"": ""article_node"", ""type"": ""Article"" },
          { ""id"": ""report_node"", ""type"": ""Report"" },
          { ""id"": ""intermediate_node_1"", ""type"": ""Node"" },
          { ""id"": ""intermediate_node_2"", ""type"": ""Node"" }
        ],
        ""relationships"": [
          { ""id"": ""r1"", ""role"": ""connected_to"", ""from"": ""article_node"", ""to"": ""intermediate_node_1"" },
          { ""id"": ""r2"", ""role"": ""connected_to"", ""from"": ""intermediate_node_1"", ""to"": ""intermediate_node_2"" },
          { ""id"": ""r3"", ""role"": ""connected_to"", ""from"": ""intermediate_node_2"", ""to"": ""report_node"" }
        ],
        ""constraint"": {
          ""and_conditions"": [
            {
              ""left"": { ""attribute_name"": ""title"", ""of"": ""article_node"" },
              ""operator"": ""="",
              ""right"": ""Open sets satisfying systems of congruences""
            },
            {
              ""left"": { ""attribute_name"": ""report_id"", ""of"": ""report_node"" },
              ""operator"": ""="",
              ""right"": ""5049b80a2935f95cc95cf14dbfb8c610""
            },
            ""r1"",
            ""r2"",
            ""r3""
          ]
        },
        ""projection"": [
          { ""entity_id"": ""article_node"", ""attribute_name"": ""title"", ""of"": ""article_node"" },
          { ""entity_id"": ""intermediate_node_1"", ""attribute_name"": ""id"", ""of"": ""intermediate_node_1"" },
          { ""entity_id"": ""intermediate_node_2"", ""attribute_name"": ""id"", ""of"": ""intermediate_node_2"" },
          { ""entity_id"": ""report_node"", ""attribute_name"": ""report_id"", ""of"": ""report_node"" }
        ]
      }
    ],
    [
      {
        ""id"": ""q2"",
        ""target"": [
          {
            ""entity_id"": ""article_node"",
            ""type"": ""Article"",
            ""attributes"": [
              { ""attribute_name"": ""title"", ""of"": ""article_node"" }
            ]
          },
          {
            ""entity_id"": ""report_node"",
            ""type"": ""Report"",
            ""attributes"": [
              { ""attribute_name"": ""report_id"", ""of"": ""report_node"" }
            ]
          },
          {
            ""entity_id"": ""intermediate_node_1"",
            ""type"": ""Node""
          }
        ],
        ""entities"": [
          { ""id"": ""article_node"", ""type"": ""Article"" },
          { ""id"": ""report_node"", ""type"": ""Report"" },
          { ""id"": ""intermediate_node_1"", ""type"": ""Node"" }
        ],
        ""relationships"": [
          { ""id"": ""r1"", ""role"": ""connected_to"", ""from"": ""article_node"", ""to"": ""intermediate_node_1"" },
          { ""id"": ""r2"", ""role"": ""connected_to"", ""from"": ""intermediate_node_1"", ""to"": ""report_node"" }
        ],
        ""constraint"": {
          ""and_conditions"": [
            {
              ""left"": { ""attribute_name"": ""title"", ""of"": ""article_node"" },
              ""operator"": ""="",
              ""right"": ""Open sets satisfying systems of congruences""
            },
            {
              ""left"": { ""attribute_name"": ""report_id"", ""of"": ""report_node"" },
              ""operator"": ""="",
              ""right"": ""5049b80a2935f95cc95cf14dbfb8c610""
            },
            ""r1"",
            ""r2""
          ]
        },
        ""projection"": [
          { ""entity_id"": ""article_node"", ""attribute_name"": ""title"", ""of"": ""article_node"" },
          { ""entity_id"": ""intermediate_node_1"", ""attribute_name"": ""id"", ""of"": ""intermediate_node_1"" },
          { ""entity_id"": ""report_node"", ""attribute_name"": ""report_id"", ""of"": ""report_node"" }
        ]
      }
    ]
  ]
}
```"
30,Q04,"Find the shortest path between Article where title is Open sets satisfying systems of congruences and Report, with report_id equal 5049b80a2935f95cc95cf14dbfb8c610, including the nodes on the path!",ministral-3:8b,False,0.15,213.149911,True,stop,4096,7.228444,1177,204.798635,5.7471,"```json
{
  ""hypotheses_set"": [
    [
      {
        ""id"": ""q1"",
        ""target"": [
          {
            ""entity_id"": ""article_node"",
            ""type"": ""Article"",
            ""attributes"": [
              { ""attribute_name"": ""title"", ""of"": ""article_node"" },
              { ""attribute_name"": ""id"", ""of"": ""article_node"" }
            ]
          },
          {
            ""entity_id"": ""report_node"",
            ""type"": ""Report"",
            ""attributes"": [
              { ""attribute_name"": ""id"", ""of"": ""report_node"" }
            ]
          },
          {
            ""entity_id"": ""intermediate_node_1"",
            ""type"": ""Node""
          },
          {
            ""entity_id"": ""intermediate_node_2"",
            ""type"": ""Node""
          }
        ],
        ""entities"": [
          { ""id"": ""article_node"", ""type"": ""Article"" },
          { ""id"": ""report_node"", ""type"": ""Report"" },
          { ""id"": ""intermediate_node_1"", ""type"": ""Node"" },
          { ""id"": ""intermediate_node_2"", ""type"": ""Node"" }
        ],
        ""relationships"": [
          { ""id"": ""r1"", ""role"": ""connected_to"", ""from"": ""article_node"", ""to"": ""intermediate_node_1"" },
          { ""id"": ""r2"", ""role"": ""connected_to"", ""from"": ""intermediate_node_1"", ""to"": ""intermediate_node_2"" },
          { ""id"": ""r3"", ""role"": ""connected_to"", ""from"": ""intermediate_node_2"", ""to"": ""report_node"" }
        ],
        ""constraint"": {
          ""and_conditions"": [
            {
              ""left"": { ""attribute_name"": ""title"", ""of"": ""article_node"" },
              ""operator"": ""="",
              ""right"": ""Open sets satisfying systems of congruences""
            },
            {
              ""left"": { ""attribute_name"": ""id"", ""of"": ""report_node"" },
              ""operator"": ""="",
              ""right"": ""5049b80a2935f95cc95cf14dbfb8c610""
            }
          ]
        },
        ""projection"": [
          { ""entity_id"": ""article_node"", ""attribute_name"": ""title"", ""of"": ""article_node"" },
          { ""entity_id"": ""article_node"", ""attribute_name"": ""id"", ""of"": ""article_node"" },
          { ""entity_id"": ""intermediate_node_1"", ""attribute_name"": ""id"", ""of"": ""intermediate_node_1"" },
          { ""entity_id"": ""intermediate_node_2"", ""attribute_name"": ""id"", ""of"": ""intermediate_node_2"" },
          { ""entity_id"": ""report_node"", ""attribute_name"": ""id"", ""of"": ""report_node"" }
        ]
      }
    ],
    [
      {
        ""id"": ""q2"",
        ""target"": [
          {
            ""entity_id"": ""article_node"",
            ""type"": ""Article"",
            ""attributes"": [
              { ""attribute_name"": ""title"", ""of"": ""article_node"" },
              { ""attribute_name"": ""id"", ""of"": ""article_node"" }
            ]
          },
          {
            ""entity_id"": ""report_node"",
            ""type"": ""Report"",
            ""attributes"": [
              { ""attribute_name"": ""id"", ""of"": ""report_node"" }
            ]
          },
          {
            ""entity_id"": ""intermediate_node_1"",
            ""type"": ""Node""
          }
        ],
        ""entities"": [
          { ""id"": ""article_node"", ""type"": ""Article"" },
          { ""id"": ""report_node"", ""type"": ""Report"" },
          { ""id"": ""intermediate_node_1"", ""type"": ""Node"" }
        ],
        ""relationships"": [
          { ""id"": ""r1"", ""role"": ""connected_to"", ""from"": ""article_node"", ""to"": ""intermediate_node_1"" },
          { ""id"": ""r2"", ""role"": ""connected_to"", ""from"": ""intermediate_node_1"", ""to"": ""report_node"" }
        ],
        ""constraint"": {
          ""and_conditions"": [
            {
              ""left"": { ""attribute_name"": ""title"", ""of"": ""article_node"" },
              ""operator"": ""="",
              ""right"": ""Open sets satisfying systems of congruences""
            },
            {
              ""left"": { ""attribute_name"": ""id"", ""of"": ""report_node"" },
              ""operator"": ""="",
              ""right"": ""5049b80a2935f95cc95cf14dbfb8c610""
            }
          ]
        },
        ""projection"": [
          { ""entity_id"": ""article_node"", ""attribute_name"": ""title"", ""of"": ""article_node"" },
          { ""entity_id"": ""article_node"", ""attribute_name"": ""id"", ""of"": ""article_node"" },
          { ""entity_id"": ""intermediate_node_1"", ""attribute_name"": ""id"", ""of"": ""intermediate_node_1"" },
          { ""entity_id"": ""report_node"", ""attribute_name"": ""id"", ""of"": ""report_node"" }
        ]
      }
    ]
  ]
}
```"
