Run,Query ID,Query,Model,Thinking,Temperature,Inference Time (s),Valid JSON,Done Reason,Prompt Eval Count,Prompt Eval Duration (s),Eval Count,Eval Duration (s),Generation Throughput (tokens/s),Response
1,Q02,Which movies have more than four actors born in the same year as another actor in the cast?,ministral-3:8b,False,0.15,60.30538,False,stop,4096,7.206004,309,52.528654,5.8825,"```json
{
  ""hypotheses_set"": [
    [
      {
        ""id"": ""q1"",
        ""target"": [""e_movie""],
        ""entities"": [
          { ""id"": ""e_movie"", ""type"": ""Movie"" },
          { ""id"": ""a1"", ""type"": ""Person"" },
          { ""id"": ""a2"", ""type"": ""Person"" }
        ],
        ""relationships"": [
          { ""id"": ""r_act1"", ""role"": ""actor"", ""from"": ""a1"", ""to"": ""e_movie"" },
          { ""id"": ""r_act2"", ""role"": ""actor"", ""from"": ""a2"", ""to"": ""e_movie"" }
        ],
        ""constraint"": {
          ""and_conditions"": [
            {
              ""left"": {
                ""count_id"": ""a2"",
                ""condition"": {
                  ""and_conditions"": [
                    {
                      ""left"": { ""attribute_name"": ""birth_year"", ""of"": ""a1"" },
                      ""operator"": ""="",
                      ""right"": { ""attribute_name"": ""birth_year"", ""of"": ""a2"" }
                    },
                    { ""not"": ""r_act2"" }  // Ensure distinct actors
                  ]
                }
              },
              ""operator"": "">="",
              ""right"": 4
            }
          ]
        }
      }
    ]
  ]
}
```"
2,Q02,Which movies have more than four actors born in the same year as another actor in the cast?,ministral-3:8b,False,0.15,68.389527,True,stop,4096,7.283055,355,60.522007,5.8656,"```json
{
  ""hypotheses_set"": [
    [
      {
        ""id"": ""q1"",
        ""target"": [""e_movie""],
        ""entities"": [
          { ""id"": ""e_movie"", ""type"": ""Movie"" },
          { ""id"": ""a1"", ""type"": ""Person"" },
          { ""id"": ""a2"", ""type"": ""Person"" }
        ],
        ""relationships"": [
          { ""id"": ""r_act1"", ""role"": ""actor"", ""from"": ""a1"", ""to"": ""e_movie"" },
          { ""id"": ""r_act2"", ""role"": ""actor"", ""from"": ""a2"", ""to"": ""e_movie"" }
        ],
        ""constraint"": {
          ""and_conditions"": [
            {
              ""left"": {
                ""count_id"": ""a1"",
                ""condition"": {
                  ""and_conditions"": [
                    ""r_act1"",
                    {
                      ""left"": {
                        ""count_id"": ""a2"",
                        ""condition"": {
                          ""and_conditions"": [
                            ""r_act2"",
                            {
                              ""left"": { ""attribute_name"": ""birth_year"", ""of"": ""a1"" },
                              ""operator"": ""="",
                              ""right"": { ""attribute_name"": ""birth_year"", ""of"": ""a2"" }
                            }
                          ]
                        }
                      },
                      ""operator"": "">="",
                      ""right"": 4
                    }
                  ]
                }
              },
              ""operator"": "">="",
              ""right"": 1
            }
          ]
        }
      }
    ]
  ]
}
```"
3,Q02,Which movies have more than four actors born in the same year as another actor in the cast?,ministral-3:8b,False,0.15,216.465674,True,stop,4096,7.225003,1196,208.089684,5.7475,"```json
{
  ""hypotheses_set"": [
    [
      {
        ""id"": ""q1"",
        ""target"": [""e_movie""],
        ""entities"": [
          { ""id"": ""e_movie"", ""type"": ""Movie"" },
          { ""id"": ""a1"", ""type"": ""Person"" },
          { ""id"": ""a2"", ""type"": ""Person"" },
          { ""id"": ""a3"", ""type"": ""Person"" },
          { ""id"": ""a4"", ""type"": ""Person"" }
        ],
        ""relationships"": [
          { ""id"": ""r_act1"", ""role"": ""actor"", ""from"": ""a1"", ""to"": ""e_movie"" },
          { ""id"": ""r_act2"", ""role"": ""actor"", ""from"": ""a2"", ""to"": ""e_movie"" },
          { ""id"": ""r_act3"", ""role"": ""actor"", ""from"": ""a3"", ""to"": ""e_movie"" },
          { ""id"": ""r_act4"", ""role"": ""actor"", ""from"": ""a4"", ""to"": ""e_movie"" }
        ],
        ""constraint"": {
          ""and_conditions"": [
            ""r_act1"",
            ""r_act2"",
            ""r_act3"",
            {
              ""left"": {
                ""count_id"": ""a4"",
                ""condition"": {
                  ""and_conditions"": [
                    ""r_act4"",
                    {
                      ""all_id"": ""a1"",
                      ""condition"": {
                        ""and_conditions"": [
                          {
                            ""left"": { ""attribute_name"": ""birth_year"", ""of"": ""a1"" },
                            ""operator"": ""="",
                            ""right"": { ""attribute_name"": ""birth_year"", ""of"": ""a2"" }
                          },
                          {
                            ""left"": { ""attribute_name"": ""birth_year"", ""of"": ""a1"" },
                            ""operator"": ""="",
                            ""right"": { ""attribute_name"": ""birth_year"", ""of"": ""a3"" }
                          },
                          {
                            ""left"": { ""attribute_name"": ""birth_year"", ""of"": ""a1"" },
                            ""operator"": ""="",
                            ""right"": { ""attribute_name"": ""birth_year"", ""of"": ""a4"" }
                          }
                        ]
                      }
                    }
                  ]
                }
              },
              ""operator"": "">="",
              ""right"": 4
            }
          ]
        }
      }
    ],
    [
      {
        ""id"": ""q2"",
        ""target"": [""e_movie""],
        ""entities"": [
          { ""id"": ""e_movie"", ""type"": ""Movie"" },
          { ""id"": ""a1"", ""type"": ""Person"" },
          { ""id"": ""a2"", ""type"": ""Person"" },
          { ""id"": ""a3"", ""type"": ""Person"" },
          { ""id"": ""a4"", ""type"": ""Person"" },
          { ""id"": ""a5"", ""type"": ""Person"" }
        ],
        ""relationships"": [
          { ""id"": ""r_act1"", ""role"": ""actor"", ""from"": ""a1"", ""to"": ""e_movie"" },
          { ""id"": ""r_act2"", ""role"": ""actor"", ""from"": ""a2"", ""to"": ""e_movie"" },
          { ""id"": ""r_act3"", ""role"": ""actor"", ""from"": ""a3"", ""to"": ""e_movie"" },
          { ""id"": ""r_act4"", ""role"": ""actor"", ""from"": ""a4"", ""to"": ""e_movie"" },
          { ""id"": ""r_act5"", ""role"": ""actor"", ""from"": ""a5"", ""to"": ""e_movie"" }
        ],
        ""constraint"": {
          ""and_conditions"": [
            ""r_act1"",
            ""r_act2"",
            ""r_act3"",
            ""r_act4"",
            {
              ""left"": {
                ""count_id"": ""a5"",
                ""condition"": {
                  ""and_conditions"": [
                    ""r_act5"",
                    {
                      ""all_id"": ""a1"",
                      ""condition"": {
                        ""and_conditions"": [
                          {
                            ""left"": { ""attribute_name"": ""birth_year"", ""of"": ""a1"" },
                            ""operator"": ""="",
                            ""right"": { ""attribute_name"": ""birth_year"", ""of"": ""a2"" }
                          },
                          {
                            ""left"": { ""attribute_name"": ""birth_year"", ""of"": ""a1"" },
                            ""operator"": ""="",
                            ""right"": { ""attribute_name"": ""birth_year"", ""of"": ""a3"" }
                          },
                          {
                            ""left"": { ""attribute_name"": ""birth_year"", ""of"": ""a1"" },
                            ""operator"": ""="",
                            ""right"": { ""attribute_name"": ""birth_year"", ""of"": ""a4"" }
                          },
                          {
                            ""left"": { ""attribute_name"": ""birth_year"", ""of"": ""a1"" },
                            ""operator"": ""="",
                            ""right"": { ""attribute_name"": ""birth_year"", ""of"": ""a5"" }
                          }
                        ]
                      }
                    }
                  ]
                }
              },
              ""operator"": "">="",
              ""right"": 4
            }
          ]
        }
      }
    ]
  ]
}
```"
4,Q02,Which movies have more than four actors born in the same year as another actor in the cast?,ministral-3:8b,False,0.15,152.957097,True,stop,4096,7.230673,837,144.852859,5.7783,"```json
{
  ""hypotheses_set"": [
    [
      {
        ""id"": ""q1"",
        ""target"": [""e_movie""],
        ""entities"": [
          { ""id"": ""e_movie"", ""type"": ""Movie"" },
          { ""id"": ""a1"", ""type"": ""Person"" },
          { ""id"": ""a2"", ""type"": ""Person"" },
          { ""id"": ""a3"", ""type"": ""Person"" },
          { ""id"": ""a4"", ""type"": ""Person"" }
        ],
        ""relationships"": [
          { ""id"": ""r1"", ""role"": ""actor"", ""from"": ""a1"", ""to"": ""e_movie"" },
          { ""id"": ""r2"", ""role"": ""actor"", ""from"": ""a2"", ""to"": ""e_movie"" },
          { ""id"": ""r3"", ""role"": ""actor"", ""from"": ""a3"", ""to"": ""e_movie"" },
          { ""id"": ""r4"", ""role"": ""actor"", ""from"": ""a4"", ""to"": ""e_movie"" }
        ],
        ""constraint"": {
          ""and_conditions"": [
            ""r1"",
            ""r2"",
            ""r3"",
            ""r4"",
            {
              ""left"": {
                ""count_id"": ""a1"",
                ""condition"": {
                  ""and_conditions"": [
                    {
                      ""left"": { ""attribute_name"": ""birth_year"", ""of"": ""a1"" },
                      ""operator"": ""="",
                      ""right"": { ""attribute_name"": ""birth_year"", ""of"": ""a2"" }
                    }
                  ]
                }
              },
              ""operator"": "">="",
              ""right"": 4
            }
          ]
        }
      }
    ],
    [
      {
        ""id"": ""q2"",
        ""target"": [""e_movie""],
        ""entities"": [
          { ""id"": ""e_movie"", ""type"": ""Movie"" },
          { ""id"": ""a1"", ""type"": ""Person"" },
          { ""id"": ""a2"", ""type"": ""Person"" },
          { ""id"": ""a3"", ""type"": ""Person"" },
          { ""id"": ""a4"", ""type"": ""Person"" },
          { ""id"": ""a5"", ""type"": ""Person"" }
        ],
        ""relationships"": [
          { ""id"": ""r1"", ""role"": ""actor"", ""from"": ""a1"", ""to"": ""e_movie"" },
          { ""id"": ""r2"", ""role"": ""actor"", ""from"": ""a2"", ""to"": ""e_movie"" },
          { ""id"": ""r3"", ""role"": ""actor"", ""from"": ""a3"", ""to"": ""e_movie"" },
          { ""id"": ""r4"", ""role"": ""actor"", ""from"": ""a4"", ""to"": ""e_movie"" },
          { ""id"": ""r5"", ""role"": ""actor"", ""from"": ""a5"", ""to"": ""e_movie"" }
        ],
        ""constraint"": {
          ""and_conditions"": [
            ""r1"",
            ""r2"",
            ""r3"",
            ""r4"",
            ""r5"",
            {
              ""left"": {
                ""count_id"": ""a1"",
                ""condition"": {
                  ""and_conditions"": [
                    {
                      ""left"": { ""attribute_name"": ""birth_year"", ""of"": ""a1"" },
                      ""operator"": ""="",
                      ""right"": { ""attribute_name"": ""birth_year"", ""of"": ""a2"" }
                    }
                  ]
                }
              },
              ""operator"": "">="",
              ""right"": 4
            }
          ]
        }
      }
    ]
  ]
}
```"
5,Q02,Which movies have more than four actors born in the same year as another actor in the cast?,ministral-3:8b,False,0.15,161.310915,True,stop,4096,7.217813,885,153.167038,5.778,"```json
{
  ""hypotheses_set"": [
    [
      {
        ""id"": ""q1"",
        ""target"": [""e_movie""],
        ""entities"": [
          { ""id"": ""e_movie"", ""type"": ""Movie"" },
          { ""id"": ""a1"", ""type"": ""Person"" },
          { ""id"": ""a2"", ""type"": ""Person"" },
          { ""id"": ""a3"", ""type"": ""Person"" },
          { ""id"": ""a4"", ""type"": ""Person"" }
        ],
        ""relationships"": [
          { ""id"": ""r_act1"", ""role"": ""actor"", ""from"": ""a1"", ""to"": ""e_movie"" },
          { ""id"": ""r_act2"", ""role"": ""actor"", ""from"": ""a2"", ""to"": ""e_movie"" },
          { ""id"": ""r_act3"", ""role"": ""actor"", ""from"": ""a3"", ""to"": ""e_movie"" },
          { ""id"": ""r_act4"", ""role"": ""actor"", ""from"": ""a4"", ""to"": ""e_movie"" }
        ],
        ""constraint"": {
          ""and_conditions"": [
            ""r_act1"",
            ""r_act2"",
            ""r_act3"",
            {
              ""left"": {
                ""count_id"": ""a4"",
                ""condition"": {
                  ""and_conditions"": [
                    ""r_act4"",
                    {
                      ""left"": {
                        ""attribute_name"": ""birth_year"",
                        ""of"": ""a1""
                      },
                      ""operator"": ""="",
                      ""right"": {
                        ""attribute_name"": ""birth_year"",
                        ""of"": ""a2""
                      }
                    }
                  ]
                }
              },
              ""operator"": "">="",
              ""right"": 4
            }
          ]
        }
      }
    ],
    [
      {
        ""id"": ""q2"",
        ""target"": [""e_movie""],
        ""entities"": [
          { ""id"": ""e_movie"", ""type"": ""Movie"" },
          { ""id"": ""a1"", ""type"": ""Person"" },
          { ""id"": ""a2"", ""type"": ""Person"" },
          { ""id"": ""a3"", ""type"": ""Person"" },
          { ""id"": ""a4"", ""type"": ""Person"" },
          { ""id"": ""a5"", ""type"": ""Person"" }
        ],
        ""relationships"": [
          { ""id"": ""r_act1"", ""role"": ""actor"", ""from"": ""a1"", ""to"": ""e_movie"" },
          { ""id"": ""r_act2"", ""role"": ""actor"", ""from"": ""a2"", ""to"": ""e_movie"" },
          { ""id"": ""r_act3"", ""role"": ""actor"", ""from"": ""a3"", ""to"": ""e_movie"" },
          { ""id"": ""r_act4"", ""role"": ""actor"", ""from"": ""a4"", ""to"": ""e_movie"" },
          { ""id"": ""r_act5"", ""role"": ""actor"", ""from"": ""a5"", ""to"": ""e_movie"" }
        ],
        ""constraint"": {
          ""and_conditions"": [
            ""r_act1"",
            ""r_act2"",
            ""r_act3"",
            ""r_act4"",
            {
              ""left"": {
                ""count_id"": ""a5"",
                ""condition"": {
                  ""and_conditions"": [
                    ""r_act5"",
                    {
                      ""left"": {
                        ""attribute_name"": ""birth_year"",
                        ""of"": ""a1""
                      },
                      ""operator"": ""="",
                      ""right"": {
                        ""attribute_name"": ""birth_year"",
                        ""of"": ""a2""
                      }
                    }
                  ]
                }
              },
              ""operator"": "">="",
              ""right"": 4
            }
          ]
        }
      }
    ]
  ]
}
```"
6,Q02,Which movies have more than four actors born in the same year as another actor in the cast?,ministral-3:8b,False,0.15,161.402454,True,stop,4096,7.222364,885,153.26249,5.7744,"```json
{
  ""hypotheses_set"": [
    [
      {
        ""id"": ""q1"",
        ""target"": [""e_movie""],
        ""entities"": [
          { ""id"": ""e_movie"", ""type"": ""Movie"" },
          { ""id"": ""a1"", ""type"": ""Person"" },
          { ""id"": ""a2"", ""type"": ""Person"" },
          { ""id"": ""a3"", ""type"": ""Person"" },
          { ""id"": ""a4"", ""type"": ""Person"" }
        ],
        ""relationships"": [
          { ""id"": ""r_act1"", ""role"": ""actor"", ""from"": ""a1"", ""to"": ""e_movie"" },
          { ""id"": ""r_act2"", ""role"": ""actor"", ""from"": ""a2"", ""to"": ""e_movie"" },
          { ""id"": ""r_act3"", ""role"": ""actor"", ""from"": ""a3"", ""to"": ""e_movie"" },
          { ""id"": ""r_act4"", ""role"": ""actor"", ""from"": ""a4"", ""to"": ""e_movie"" }
        ],
        ""constraint"": {
          ""and_conditions"": [
            ""r_act1"",
            ""r_act2"",
            ""r_act3"",
            {
              ""left"": {
                ""count_id"": ""a4"",
                ""condition"": {
                  ""and_conditions"": [
                    ""r_act4"",
                    {
                      ""left"": {
                        ""attribute_name"": ""birth_year"",
                        ""of"": ""a1""
                      },
                      ""operator"": ""="",
                      ""right"": {
                        ""attribute_name"": ""birth_year"",
                        ""of"": ""a2""
                      }
                    }
                  ]
                }
              },
              ""operator"": "">="",
              ""right"": 4
            }
          ]
        }
      }
    ],
    [
      {
        ""id"": ""q2"",
        ""target"": [""e_movie""],
        ""entities"": [
          { ""id"": ""e_movie"", ""type"": ""Movie"" },
          { ""id"": ""a1"", ""type"": ""Person"" },
          { ""id"": ""a2"", ""type"": ""Person"" },
          { ""id"": ""a3"", ""type"": ""Person"" },
          { ""id"": ""a4"", ""type"": ""Person"" },
          { ""id"": ""a5"", ""type"": ""Person"" }
        ],
        ""relationships"": [
          { ""id"": ""r_act1"", ""role"": ""actor"", ""from"": ""a1"", ""to"": ""e_movie"" },
          { ""id"": ""r_act2"", ""role"": ""actor"", ""from"": ""a2"", ""to"": ""e_movie"" },
          { ""id"": ""r_act3"", ""role"": ""actor"", ""from"": ""a3"", ""to"": ""e_movie"" },
          { ""id"": ""r_act4"", ""role"": ""actor"", ""from"": ""a4"", ""to"": ""e_movie"" },
          { ""id"": ""r_act5"", ""role"": ""actor"", ""from"": ""a5"", ""to"": ""e_movie"" }
        ],
        ""constraint"": {
          ""and_conditions"": [
            ""r_act1"",
            ""r_act2"",
            ""r_act3"",
            ""r_act4"",
            {
              ""left"": {
                ""count_id"": ""a5"",
                ""condition"": {
                  ""and_conditions"": [
                    ""r_act5"",
                    {
                      ""left"": {
                        ""attribute_name"": ""birth_year"",
                        ""of"": ""a1""
                      },
                      ""operator"": ""="",
                      ""right"": {
                        ""attribute_name"": ""birth_year"",
                        ""of"": ""a2""
                      }
                    }
                  ]
                }
              },
              ""operator"": "">="",
              ""right"": 4
            }
          ]
        }
      }
    ]
  ]
}
```"
7,Q02,Which movies have more than four actors born in the same year as another actor in the cast?,ministral-3:8b,False,0.15,197.61688,True,stop,4096,7.257744,1090,189.308544,5.7578,"```json
{
  ""hypotheses_set"": [
    [
      {
        ""id"": ""q1"",
        ""target"": [""e_movie""],
        ""entities"": [
          { ""id"": ""e_movie"", ""type"": ""Movie"" },
          { ""id"": ""a1"", ""type"": ""Person"" },
          { ""id"": ""a2"", ""type"": ""Person"" },
          { ""id"": ""a3"", ""type"": ""Person"" },
          { ""id"": ""a4"", ""type"": ""Person"" }
        ],
        ""relationships"": [
          { ""id"": ""r_act1"", ""role"": ""actor"", ""from"": ""a1"", ""to"": ""e_movie"" },
          { ""id"": ""r_act2"", ""role"": ""actor"", ""from"": ""a2"", ""to"": ""e_movie"" },
          { ""id"": ""r_act3"", ""role"": ""actor"", ""from"": ""a3"", ""to"": ""e_movie"" },
          { ""id"": ""r_act4"", ""role"": ""actor"", ""from"": ""a4"", ""to"": ""e_movie"" }
        ],
        ""constraint"": {
          ""and_conditions"": [
            ""r_act1"",
            ""r_act2"",
            ""r_act3"",
            {
              ""left"": {
                ""count_id"": ""a4"",
                ""condition"": {
                  ""and_conditions"": [
                    ""r_act4"",
                    {
                      ""all_id"": ""a1"",
                      ""condition"": {
                        ""and_conditions"": [
                          {
                            ""left"": { ""attribute_name"": ""birth_year"", ""of"": ""a1"" },
                            ""operator"": ""="",
                            ""right"": { ""attribute_name"": ""birth_year"", ""of"": ""a2"" }
                          },
                          {
                            ""left"": { ""attribute_name"": ""birth_year"", ""of"": ""a1"" },
                            ""operator"": ""="",
                            ""right"": { ""attribute_name"": ""birth_year"", ""of"": ""a3"" }
                          }
                        ]
                      }
                    }
                  ]
                }
              },
              ""operator"": "">="",
              ""right"": 4
            }
          ]
        }
      }
    ],
    [
      {
        ""id"": ""q2"",
        ""target"": [""e_movie""],
        ""entities"": [
          { ""id"": ""e_movie"", ""type"": ""Movie"" },
          { ""id"": ""a1"", ""type"": ""Person"" },
          { ""id"": ""a2"", ""type"": ""Person"" },
          { ""id"": ""a3"", ""type"": ""Person"" },
          { ""id"": ""a4"", ""type"": ""Person"" },
          { ""id"": ""a5"", ""type"": ""Person"" }
        ],
        ""relationships"": [
          { ""id"": ""r_act1"", ""role"": ""actor"", ""from"": ""a1"", ""to"": ""e_movie"" },
          { ""id"": ""r_act2"", ""role"": ""actor"", ""from"": ""a2"", ""to"": ""e_movie"" },
          { ""id"": ""r_act3"", ""role"": ""actor"", ""from"": ""a3"", ""to"": ""e_movie"" },
          { ""id"": ""r_act4"", ""role"": ""actor"", ""from"": ""a4"", ""to"": ""e_movie"" },
          { ""id"": ""r_act5"", ""role"": ""actor"", ""from"": ""a5"", ""to"": ""e_movie"" }
        ],
        ""constraint"": {
          ""and_conditions"": [
            ""r_act1"",
            ""r_act2"",
            ""r_act3"",
            ""r_act4"",
            {
              ""left"": {
                ""count_id"": ""a5"",
                ""condition"": {
                  ""and_conditions"": [
                    ""r_act5"",
                    {
                      ""all_id"": ""a1"",
                      ""condition"": {
                        ""and_conditions"": [
                          {
                            ""left"": { ""attribute_name"": ""birth_year"", ""of"": ""a1"" },
                            ""operator"": ""="",
                            ""right"": { ""attribute_name"": ""birth_year"", ""of"": ""a2"" }
                          },
                          {
                            ""left"": { ""attribute_name"": ""birth_year"", ""of"": ""a1"" },
                            ""operator"": ""="",
                            ""right"": { ""attribute_name"": ""birth_year"", ""of"": ""a3"" }
                          },
                          {
                            ""left"": { ""attribute_name"": ""birth_year"", ""of"": ""a1"" },
                            ""operator"": ""="",
                            ""right"": { ""attribute_name"": ""birth_year"", ""of"": ""a4"" }
                          }
                        ]
                      }
                    }
                  ]
                }
              },
              ""operator"": "">="",
              ""right"": 4
            }
          ]
        }
      }
    ]
  ]
}
```"
8,Q02,Which movies have more than four actors born in the same year as another actor in the cast?,ministral-3:8b,False,0.15,153.053651,True,stop,4096,7.288185,837,144.851491,5.7783,"```json
{
  ""hypotheses_set"": [
    [
      {
        ""id"": ""q1"",
        ""target"": [""e_movie""],
        ""entities"": [
          { ""id"": ""e_movie"", ""type"": ""Movie"" },
          { ""id"": ""a1"", ""type"": ""Person"" },
          { ""id"": ""a2"", ""type"": ""Person"" },
          { ""id"": ""a3"", ""type"": ""Person"" },
          { ""id"": ""a4"", ""type"": ""Person"" }
        ],
        ""relationships"": [
          { ""id"": ""r1"", ""role"": ""actor"", ""from"": ""a1"", ""to"": ""e_movie"" },
          { ""id"": ""r2"", ""role"": ""actor"", ""from"": ""a2"", ""to"": ""e_movie"" },
          { ""id"": ""r3"", ""role"": ""actor"", ""from"": ""a3"", ""to"": ""e_movie"" },
          { ""id"": ""r4"", ""role"": ""actor"", ""from"": ""a4"", ""to"": ""e_movie"" }
        ],
        ""constraint"": {
          ""and_conditions"": [
            ""r1"",
            ""r2"",
            ""r3"",
            ""r4"",
            {
              ""left"": {
                ""count_id"": ""a1"",
                ""condition"": {
                  ""and_conditions"": [
                    {
                      ""left"": { ""attribute_name"": ""birth_year"", ""of"": ""a1"" },
                      ""operator"": ""="",
                      ""right"": { ""attribute_name"": ""birth_year"", ""of"": ""a2"" }
                    }
                  ]
                }
              },
              ""operator"": "">="",
              ""right"": 4
            }
          ]
        }
      }
    ],
    [
      {
        ""id"": ""q2"",
        ""target"": [""e_movie""],
        ""entities"": [
          { ""id"": ""e_movie"", ""type"": ""Movie"" },
          { ""id"": ""a1"", ""type"": ""Person"" },
          { ""id"": ""a2"", ""type"": ""Person"" },
          { ""id"": ""a3"", ""type"": ""Person"" },
          { ""id"": ""a4"", ""type"": ""Person"" },
          { ""id"": ""a5"", ""type"": ""Person"" }
        ],
        ""relationships"": [
          { ""id"": ""r1"", ""role"": ""actor"", ""from"": ""a1"", ""to"": ""e_movie"" },
          { ""id"": ""r2"", ""role"": ""actor"", ""from"": ""a2"", ""to"": ""e_movie"" },
          { ""id"": ""r3"", ""role"": ""actor"", ""from"": ""a3"", ""to"": ""e_movie"" },
          { ""id"": ""r4"", ""role"": ""actor"", ""from"": ""a4"", ""to"": ""e_movie"" },
          { ""id"": ""r5"", ""role"": ""actor"", ""from"": ""a5"", ""to"": ""e_movie"" }
        ],
        ""constraint"": {
          ""and_conditions"": [
            ""r1"",
            ""r2"",
            ""r3"",
            ""r4"",
            ""r5"",
            {
              ""left"": {
                ""count_id"": ""a1"",
                ""condition"": {
                  ""and_conditions"": [
                    {
                      ""left"": { ""attribute_name"": ""birth_year"", ""of"": ""a1"" },
                      ""operator"": ""="",
                      ""right"": { ""attribute_name"": ""birth_year"", ""of"": ""a2"" }
                    }
                  ]
                }
              },
              ""operator"": "">="",
              ""right"": 4
            }
          ]
        }
      }
    ]
  ]
}
```"
9,Q02,Which movies have more than four actors born in the same year as another actor in the cast?,ministral-3:8b,False,0.15,152.765374,True,stop,4096,7.219338,837,144.626738,5.7873,"```json
{
  ""hypotheses_set"": [
    [
      {
        ""id"": ""q1"",
        ""target"": [""e_movie""],
        ""entities"": [
          { ""id"": ""e_movie"", ""type"": ""Movie"" },
          { ""id"": ""a1"", ""type"": ""Person"" },
          { ""id"": ""a2"", ""type"": ""Person"" },
          { ""id"": ""a3"", ""type"": ""Person"" },
          { ""id"": ""a4"", ""type"": ""Person"" }
        ],
        ""relationships"": [
          { ""id"": ""r1"", ""role"": ""actor"", ""from"": ""a1"", ""to"": ""e_movie"" },
          { ""id"": ""r2"", ""role"": ""actor"", ""from"": ""a2"", ""to"": ""e_movie"" },
          { ""id"": ""r3"", ""role"": ""actor"", ""from"": ""a3"", ""to"": ""e_movie"" },
          { ""id"": ""r4"", ""role"": ""actor"", ""from"": ""a4"", ""to"": ""e_movie"" }
        ],
        ""constraint"": {
          ""and_conditions"": [
            ""r1"",
            ""r2"",
            ""r3"",
            ""r4"",
            {
              ""left"": {
                ""count_id"": ""a1"",
                ""condition"": {
                  ""and_conditions"": [
                    {
                      ""left"": { ""attribute_name"": ""birth_year"", ""of"": ""a1"" },
                      ""operator"": ""="",
                      ""right"": { ""attribute_name"": ""birth_year"", ""of"": ""a2"" }
                    }
                  ]
                }
              },
              ""operator"": "">="",
              ""right"": 4
            }
          ]
        }
      }
    ],
    [
      {
        ""id"": ""q2"",
        ""target"": [""e_movie""],
        ""entities"": [
          { ""id"": ""e_movie"", ""type"": ""Movie"" },
          { ""id"": ""a1"", ""type"": ""Person"" },
          { ""id"": ""a2"", ""type"": ""Person"" },
          { ""id"": ""a3"", ""type"": ""Person"" },
          { ""id"": ""a4"", ""type"": ""Person"" },
          { ""id"": ""a5"", ""type"": ""Person"" }
        ],
        ""relationships"": [
          { ""id"": ""r1"", ""role"": ""actor"", ""from"": ""a1"", ""to"": ""e_movie"" },
          { ""id"": ""r2"", ""role"": ""actor"", ""from"": ""a2"", ""to"": ""e_movie"" },
          { ""id"": ""r3"", ""role"": ""actor"", ""from"": ""a3"", ""to"": ""e_movie"" },
          { ""id"": ""r4"", ""role"": ""actor"", ""from"": ""a4"", ""to"": ""e_movie"" },
          { ""id"": ""r5"", ""role"": ""actor"", ""from"": ""a5"", ""to"": ""e_movie"" }
        ],
        ""constraint"": {
          ""and_conditions"": [
            ""r1"",
            ""r2"",
            ""r3"",
            ""r4"",
            ""r5"",
            {
              ""left"": {
                ""count_id"": ""a1"",
                ""condition"": {
                  ""and_conditions"": [
                    {
                      ""left"": { ""attribute_name"": ""birth_year"", ""of"": ""a1"" },
                      ""operator"": ""="",
                      ""right"": { ""attribute_name"": ""birth_year"", ""of"": ""a2"" }
                    }
                  ]
                }
              },
              ""operator"": "">="",
              ""right"": 4
            }
          ]
        }
      }
    ]
  ]
}
```"
10,Q02,Which movies have more than four actors born in the same year as another actor in the cast?,ministral-3:8b,False,0.15,387.244318,True,stop,4096,7.263147,2146,378.176312,5.6746,"```json
{
  ""hypotheses_set"": [
    [
      {
        ""id"": ""q1"",
        ""target"": [""e_movie""],
        ""entities"": [
          { ""id"": ""e_movie"", ""type"": ""Movie"" },
          { ""id"": ""a1"", ""type"": ""Person"" },
          { ""id"": ""a2"", ""type"": ""Person"" },
          { ""id"": ""a3"", ""type"": ""Person"" },
          { ""id"": ""a4"", ""type"": ""Person"" }
        ],
        ""relationships"": [
          { ""id"": ""r_act1"", ""role"": ""actor"", ""from"": ""a1"", ""to"": ""e_movie"" },
          { ""id"": ""r_act2"", ""role"": ""actor"", ""from"": ""a2"", ""to"": ""e_movie"" },
          { ""id"": ""r_act3"", ""role"": ""actor"", ""from"": ""a3"", ""to"": ""e_movie"" },
          { ""id"": ""r_act4"", ""role"": ""actor"", ""from"": ""a4"", ""to"": ""e_movie"" }
        ],
        ""constraint"": {
          ""and_conditions"": [
            ""r_act1"",
            ""r_act2"",
            ""r_act3"",
            ""r_act4"",
            {
              ""left"": {
                ""count_id"": ""a1"",
                ""condition"": {
                  ""and_conditions"": [
                    {
                      ""left"": { ""attribute_name"": ""birth_year"", ""of"": ""a1"" },
                      ""operator"": ""="",
                      ""right"": { ""attribute_name"": ""birth_year"", ""of"": ""a2"" }
                    }
                  ]
                }
              },
              ""operator"": "">="",
              ""right"": 1
            },
            {
              ""left"": {
                ""count_id"": ""a1"",
                ""condition"": {
                  ""and_conditions"": [
                    {
                      ""left"": { ""attribute_name"": ""birth_year"", ""of"": ""a1"" },
                      ""operator"": ""="",
                      ""right"": { ""attribute_name"": ""birth_year"", ""of"": ""a3"" }
                    }
                  ]
                }
              },
              ""operator"": "">="",
              ""right"": 1
            },
            {
              ""left"": {
                ""count_id"": ""a1"",
                ""condition"": {
                  ""and_conditions"": [
                    {
                      ""left"": { ""attribute_name"": ""birth_year"", ""of"": ""a1"" },
                      ""operator"": ""="",
                      ""right"": { ""attribute_name"": ""birth_year"", ""of"": ""a4"" }
                    }
                  ]
                }
              },
              ""operator"": "">="",
              ""right"": 1
            },
            {
              ""left"": {
                ""count_id"": ""a2"",
                ""condition"": {
                  ""and_conditions"": [
                    {
                      ""left"": { ""attribute_name"": ""birth_year"", ""of"": ""a2"" },
                      ""operator"": ""="",
                      ""right"": { ""attribute_name"": ""birth_year"", ""of"": ""a3"" }
                    }
                  ]
                }
              },
              ""operator"": "">="",
              ""right"": 1
            },
            {
              ""left"": {
                ""count_id"": ""a2"",
                ""condition"": {
                  ""and_conditions"": [
                    {
                      ""left"": { ""attribute_name"": ""birth_year"", ""of"": ""a2"" },
                      ""operator"": ""="",
                      ""right"": { ""attribute_name"": ""birth_year"", ""of"": ""a4"" }
                    }
                  ]
                }
              },
              ""operator"": "">="",
              ""right"": 1
            },
            {
              ""left"": {
                ""count_id"": ""a3"",
                ""condition"": {
                  ""and_conditions"": [
                    {
                      ""left"": { ""attribute_name"": ""birth_year"", ""of"": ""a3"" },
                      ""operator"": ""="",
                      ""right"": { ""attribute_name"": ""birth_year"", ""of"": ""a4"" }
                    }
                  ]
                }
              },
              ""operator"": "">="",
              ""right"": 1
            },
            {
              ""left"": {
                ""count_id"": [
                  { ""attribute_name"": ""birth_year"", ""of"": ""a1"" },
                  { ""attribute_name"": ""birth_year"", ""of"": ""a2"" },
                  { ""attribute_name"": ""birth_year"", ""of"": ""a3"" },
                  { ""attribute_name"": ""birth_year"", ""of"": ""a4"" }
                ],
                ""condition"": {
                  ""all_id"": ""a1"",
                  ""condition"": {
                    ""left"": {
                      ""count_id"": [
                        { ""attribute_name"": ""birth_year"", ""of"": ""a2"" },
                        { ""attribute_name"": ""birth_year"", ""of"": ""a3"" },
                        { ""attribute_name"": ""birth_year"", ""of"": ""a4"" }
                      ],
                      ""condition"": {
                        ""and_conditions"": [
                          {
                            ""left"": { ""attribute_name"": ""birth_year"", ""of"": ""a1"" },
                            ""operator"": ""="",
                            ""right"": { ""attribute_name"": ""birth_year"", ""of"": ""a2"" }
                          },
                          {
                            ""left"": { ""attribute_name"": ""birth_year"", ""of"": ""a1"" },
                            ""operator"": ""="",
                            ""right"": { ""attribute_name"": ""birth_year"", ""of"": ""a3"" }
                          },
                          {
                            ""left"": { ""attribute_name"": ""birth_year"", ""of"": ""a1"" },
                            ""operator"": ""="",
                            ""right"": { ""attribute_name"": ""birth_year"", ""of"": ""a4"" }
                          }
                        ]
                      }
                    },
                    ""operator"": "">="",
                    ""right"": 1
                  }
                }
              },
              ""operator"": "">="",
              ""right"": 4
            }
          ]
        }
      }
    ],
    [
      {
        ""id"": ""q2"",
        ""target"": [""e_movie""],
        ""entities"": [
          { ""id"": ""e_movie"", ""type"": ""Movie"" },
          { ""id"": ""a1"", ""type"": ""Person"" },
          { ""id"": ""a2"", ""type"": ""Person"" },
          { ""id"": ""a3"", ""type"": ""Person"" },
          { ""id"": ""a4"", ""type"": ""Person"" },
          { ""id"": ""a5"", ""type"": ""Person"" }
        ],
        ""relationships"": [
          { ""id"": ""r_act1"", ""role"": ""actor"", ""from"": ""a1"", ""to"": ""e_movie"" },
          { ""id"": ""r_act2"", ""role"": ""actor"", ""from"": ""a2"", ""to"": ""e_movie"" },
          { ""id"": ""r_act3"", ""role"": ""actor"", ""from"": ""a3"", ""to"": ""e_movie"" },
          { ""id"": ""r_act4"", ""role"": ""actor"", ""from"": ""a4"", ""to"": ""e_movie"" },
          { ""id"": ""r_act5"", ""role"": ""actor"", ""from"": ""a5"", ""to"": ""e_movie"" }
        ],
        ""constraint"": {
          ""and_conditions"": [
            ""r_act1"",
            ""r_act2"",
            ""r_act3"",
            ""r_act4"",
            ""r_act5"",
            {
              ""left"": {
                ""count_id"": [
                  { ""attribute_name"": ""birth_year"", ""of"": ""a1"" },
                  { ""attribute_name"": ""birth_year"", ""of"": ""a2"" },
                  { ""attribute_name"": ""birth_year"", ""of"": ""a3"" },
                  { ""attribute_name"": ""birth_year"", ""of"": ""a4"" },
                  { ""attribute_name"": ""birth_year"", ""of"": ""a5"" }
                ],
                ""condition"": {
                  ""all_id"": ""a1"",
                  ""condition"": {
                    ""left"": {
                      ""count_id"": [
                        { ""attribute_name"": ""birth_year"", ""of"": ""a2"" },
                        { ""attribute_name"": ""birth_year"", ""of"": ""a3"" },
                        { ""attribute_name"": ""birth_year"", ""of"": ""a4"" },
                        { ""attribute_name"": ""birth_year"", ""of"": ""a5"" }
                      ],
                      ""condition"": {
                        ""and_conditions"": [
                          {
                            ""left"": { ""attribute_name"": ""birth_year"", ""of"": ""a1"" },
                            ""operator"": ""="",
                            ""right"": { ""attribute_name"": ""birth_year"", ""of"": ""a2"" }
                          },
                          {
                            ""left"": { ""attribute_name"": ""birth_year"", ""of"": ""a1"" },
                            ""operator"": ""="",
                            ""right"": { ""attribute_name"": ""birth_year"", ""of"": ""a3"" }
                          },
                          {
                            ""left"": { ""attribute_name"": ""birth_year"", ""of"": ""a1"" },
                            ""operator"": ""="",
                            ""right"": { ""attribute_name"": ""birth_year"", ""of"": ""a4"" }
                          },
                          {
                            ""left"": { ""attribute_name"": ""birth_year"", ""of"": ""a1"" },
                            ""operator"": ""="",
                            ""right"": { ""attribute_name"": ""birth_year"", ""of"": ""a5"" }
                          }
                        ]
                      }
                    },
                    ""operator"": "">="",
                    ""right"": 1
                  }
                }
              },
              ""operator"": "">="",
              ""right"": 4
            }
          ]
        }
      }
    ]
  ]
}
```"
11,Q02,Which movies have more than four actors born in the same year as another actor in the cast?,ministral-3:8b,False,0.15,216.745166,True,stop,4096,7.2267,1196,208.393844,5.7391,"```json
{
  ""hypotheses_set"": [
    [
      {
        ""id"": ""q1"",
        ""target"": [""e_movie""],
        ""entities"": [
          { ""id"": ""e_movie"", ""type"": ""Movie"" },
          { ""id"": ""a1"", ""type"": ""Person"" },
          { ""id"": ""a2"", ""type"": ""Person"" },
          { ""id"": ""a3"", ""type"": ""Person"" },
          { ""id"": ""a4"", ""type"": ""Person"" }
        ],
        ""relationships"": [
          { ""id"": ""r_act1"", ""role"": ""actor"", ""from"": ""a1"", ""to"": ""e_movie"" },
          { ""id"": ""r_act2"", ""role"": ""actor"", ""from"": ""a2"", ""to"": ""e_movie"" },
          { ""id"": ""r_act3"", ""role"": ""actor"", ""from"": ""a3"", ""to"": ""e_movie"" },
          { ""id"": ""r_act4"", ""role"": ""actor"", ""from"": ""a4"", ""to"": ""e_movie"" }
        ],
        ""constraint"": {
          ""and_conditions"": [
            ""r_act1"",
            ""r_act2"",
            ""r_act3"",
            {
              ""left"": {
                ""count_id"": ""a4"",
                ""condition"": {
                  ""and_conditions"": [
                    ""r_act4"",
                    {
                      ""all_id"": ""a1"",
                      ""condition"": {
                        ""and_conditions"": [
                          {
                            ""left"": { ""attribute_name"": ""birth_year"", ""of"": ""a1"" },
                            ""operator"": ""="",
                            ""right"": { ""attribute_name"": ""birth_year"", ""of"": ""a2"" }
                          },
                          {
                            ""left"": { ""attribute_name"": ""birth_year"", ""of"": ""a1"" },
                            ""operator"": ""="",
                            ""right"": { ""attribute_name"": ""birth_year"", ""of"": ""a3"" }
                          },
                          {
                            ""left"": { ""attribute_name"": ""birth_year"", ""of"": ""a1"" },
                            ""operator"": ""="",
                            ""right"": { ""attribute_name"": ""birth_year"", ""of"": ""a4"" }
                          }
                        ]
                      }
                    }
                  ]
                }
              },
              ""operator"": "">="",
              ""right"": 4
            }
          ]
        }
      }
    ],
    [
      {
        ""id"": ""q2"",
        ""target"": [""e_movie""],
        ""entities"": [
          { ""id"": ""e_movie"", ""type"": ""Movie"" },
          { ""id"": ""a1"", ""type"": ""Person"" },
          { ""id"": ""a2"", ""type"": ""Person"" },
          { ""id"": ""a3"", ""type"": ""Person"" },
          { ""id"": ""a4"", ""type"": ""Person"" },
          { ""id"": ""a5"", ""type"": ""Person"" }
        ],
        ""relationships"": [
          { ""id"": ""r_act1"", ""role"": ""actor"", ""from"": ""a1"", ""to"": ""e_movie"" },
          { ""id"": ""r_act2"", ""role"": ""actor"", ""from"": ""a2"", ""to"": ""e_movie"" },
          { ""id"": ""r_act3"", ""role"": ""actor"", ""from"": ""a3"", ""to"": ""e_movie"" },
          { ""id"": ""r_act4"", ""role"": ""actor"", ""from"": ""a4"", ""to"": ""e_movie"" },
          { ""id"": ""r_act5"", ""role"": ""actor"", ""from"": ""a5"", ""to"": ""e_movie"" }
        ],
        ""constraint"": {
          ""and_conditions"": [
            ""r_act1"",
            ""r_act2"",
            ""r_act3"",
            ""r_act4"",
            {
              ""left"": {
                ""count_id"": ""a5"",
                ""condition"": {
                  ""and_conditions"": [
                    ""r_act5"",
                    {
                      ""all_id"": ""a1"",
                      ""condition"": {
                        ""and_conditions"": [
                          {
                            ""left"": { ""attribute_name"": ""birth_year"", ""of"": ""a1"" },
                            ""operator"": ""="",
                            ""right"": { ""attribute_name"": ""birth_year"", ""of"": ""a2"" }
                          },
                          {
                            ""left"": { ""attribute_name"": ""birth_year"", ""of"": ""a1"" },
                            ""operator"": ""="",
                            ""right"": { ""attribute_name"": ""birth_year"", ""of"": ""a3"" }
                          },
                          {
                            ""left"": { ""attribute_name"": ""birth_year"", ""of"": ""a1"" },
                            ""operator"": ""="",
                            ""right"": { ""attribute_name"": ""birth_year"", ""of"": ""a4"" }
                          },
                          {
                            ""left"": { ""attribute_name"": ""birth_year"", ""of"": ""a1"" },
                            ""operator"": ""="",
                            ""right"": { ""attribute_name"": ""birth_year"", ""of"": ""a5"" }
                          }
                        ]
                      }
                    }
                  ]
                }
              },
              ""operator"": "">="",
              ""right"": 4
            }
          ]
        }
      }
    ]
  ]
}
```"
12,Q02,Which movies have more than four actors born in the same year as another actor in the cast?,ministral-3:8b,False,0.15,67.12457,True,stop,4096,7.227692,348,59.269302,5.8715,"```json
{
  ""hypotheses_set"": [
    [
      {
        ""id"": ""q1"",
        ""target"": [""e_movie""],
        ""entities"": [
          { ""id"": ""e_movie"", ""type"": ""Movie"" },
          { ""id"": ""a1"", ""type"": ""Person"" },
          { ""id"": ""a2"", ""type"": ""Person"" }
        ],
        ""relationships"": [
          { ""id"": ""r_act1"", ""role"": ""actor"", ""from"": ""a1"", ""to"": ""e_movie"" },
          { ""id"": ""r_act2"", ""role"": ""actor"", ""from"": ""a2"", ""to"": ""e_movie"" }
        ],
        ""constraint"": {
          ""and_conditions"": [
            {
              ""left"": {
                ""count_id"": ""a1"",
                ""condition"": {
                  ""and_conditions"": [
                    ""r_act1"",
                    {
                      ""left"": {
                        ""all_id"": ""a2"",
                        ""condition"": {
                          ""and_conditions"": [
                            ""r_act2"",
                            {
                              ""left"": { ""attribute_name"": ""birth_year"", ""of"": ""a1"" },
                              ""operator"": ""="",
                              ""right"": { ""attribute_name"": ""birth_year"", ""of"": ""a2"" }
                            }
                          ]
                        }
                      },
                      ""operator"": "">="",
                      ""right"": 4
                    }
                  ]
                }
              },
              ""operator"": ""exists""
            }
          ]
        }
      }
    ]
  ]
}
```"
13,Q02,Which movies have more than four actors born in the same year as another actor in the cast?,ministral-3:8b,False,0.15,160.510999,True,stop,4096,7.198508,885,152.399671,5.8071,"```json
{
  ""hypotheses_set"": [
    [
      {
        ""id"": ""q1"",
        ""target"": [""e_movie""],
        ""entities"": [
          { ""id"": ""e_movie"", ""type"": ""Movie"" },
          { ""id"": ""a1"", ""type"": ""Person"" },
          { ""id"": ""a2"", ""type"": ""Person"" },
          { ""id"": ""a3"", ""type"": ""Person"" },
          { ""id"": ""a4"", ""type"": ""Person"" }
        ],
        ""relationships"": [
          { ""id"": ""r_act1"", ""role"": ""actor"", ""from"": ""a1"", ""to"": ""e_movie"" },
          { ""id"": ""r_act2"", ""role"": ""actor"", ""from"": ""a2"", ""to"": ""e_movie"" },
          { ""id"": ""r_act3"", ""role"": ""actor"", ""from"": ""a3"", ""to"": ""e_movie"" },
          { ""id"": ""r_act4"", ""role"": ""actor"", ""from"": ""a4"", ""to"": ""e_movie"" }
        ],
        ""constraint"": {
          ""and_conditions"": [
            ""r_act1"",
            ""r_act2"",
            ""r_act3"",
            {
              ""left"": {
                ""count_id"": ""a4"",
                ""condition"": {
                  ""and_conditions"": [
                    ""r_act4"",
                    {
                      ""left"": {
                        ""attribute_name"": ""birth_year"",
                        ""of"": ""a1""
                      },
                      ""operator"": ""="",
                      ""right"": {
                        ""attribute_name"": ""birth_year"",
                        ""of"": ""a2""
                      }
                    }
                  ]
                }
              },
              ""operator"": "">="",
              ""right"": 4
            }
          ]
        }
      }
    ],
    [
      {
        ""id"": ""q2"",
        ""target"": [""e_movie""],
        ""entities"": [
          { ""id"": ""e_movie"", ""type"": ""Movie"" },
          { ""id"": ""a1"", ""type"": ""Person"" },
          { ""id"": ""a2"", ""type"": ""Person"" },
          { ""id"": ""a3"", ""type"": ""Person"" },
          { ""id"": ""a4"", ""type"": ""Person"" },
          { ""id"": ""a5"", ""type"": ""Person"" }
        ],
        ""relationships"": [
          { ""id"": ""r_act1"", ""role"": ""actor"", ""from"": ""a1"", ""to"": ""e_movie"" },
          { ""id"": ""r_act2"", ""role"": ""actor"", ""from"": ""a2"", ""to"": ""e_movie"" },
          { ""id"": ""r_act3"", ""role"": ""actor"", ""from"": ""a3"", ""to"": ""e_movie"" },
          { ""id"": ""r_act4"", ""role"": ""actor"", ""from"": ""a4"", ""to"": ""e_movie"" },
          { ""id"": ""r_act5"", ""role"": ""actor"", ""from"": ""a5"", ""to"": ""e_movie"" }
        ],
        ""constraint"": {
          ""and_conditions"": [
            ""r_act1"",
            ""r_act2"",
            ""r_act3"",
            ""r_act4"",
            {
              ""left"": {
                ""count_id"": ""a5"",
                ""condition"": {
                  ""and_conditions"": [
                    ""r_act5"",
                    {
                      ""left"": {
                        ""attribute_name"": ""birth_year"",
                        ""of"": ""a1""
                      },
                      ""operator"": ""="",
                      ""right"": {
                        ""attribute_name"": ""birth_year"",
                        ""of"": ""a2""
                      }
                    }
                  ]
                }
              },
              ""operator"": "">="",
              ""right"": 4
            }
          ]
        }
      }
    ]
  ]
}
```"
14,Q02,Which movies have more than four actors born in the same year as another actor in the cast?,ministral-3:8b,False,0.15,68.447726,True,stop,4096,7.220811,355,60.612503,5.8569,"```json
{
  ""hypotheses_set"": [
    [
      {
        ""id"": ""q1"",
        ""target"": [""e_movie""],
        ""entities"": [
          { ""id"": ""e_movie"", ""type"": ""Movie"" },
          { ""id"": ""a1"", ""type"": ""Person"" },
          { ""id"": ""a2"", ""type"": ""Person"" }
        ],
        ""relationships"": [
          { ""id"": ""r_act1"", ""role"": ""actor"", ""from"": ""a1"", ""to"": ""e_movie"" },
          { ""id"": ""r_act2"", ""role"": ""actor"", ""from"": ""a2"", ""to"": ""e_movie"" }
        ],
        ""constraint"": {
          ""and_conditions"": [
            {
              ""left"": {
                ""count_id"": ""a1"",
                ""condition"": {
                  ""and_conditions"": [
                    ""r_act1"",
                    {
                      ""left"": {
                        ""all_id"": ""a2"",
                        ""condition"": {
                          ""and_conditions"": [
                            ""r_act2"",
                            {
                              ""left"": { ""attribute_name"": ""birth_year"", ""of"": ""a1"" },
                              ""operator"": ""="",
                              ""right"": { ""attribute_name"": ""birth_year"", ""of"": ""a2"" }
                            }
                          ]
                        }
                      },
                      ""operator"": "">="",
                      ""right"": 4
                    }
                  ]
                }
              },
              ""operator"": "">="",
              ""right"": 1
            }
          ]
        }
      }
    ]
  ]
}
```"
15,Q02,Which movies have more than four actors born in the same year as another actor in the cast?,ministral-3:8b,False,0.15,493.212977,True,stop,4096,7.201026,2761,483.870086,5.7061,"```json
{
  ""hypotheses_set"": [
    [
      {
        ""id"": ""q1"",
        ""target"": [""e_movie""],
        ""entities"": [
          { ""id"": ""e_movie"", ""type"": ""Movie"" },
          { ""id"": ""a1"", ""type"": ""Person"" },
          { ""id"": ""a2"", ""type"": ""Person"" },
          { ""id"": ""a3"", ""type"": ""Person"" },
          { ""id"": ""a4"", ""type"": ""Person"" }
        ],
        ""relationships"": [
          { ""id"": ""r1"", ""role"": ""actor"", ""from"": ""a1"", ""to"": ""e_movie"" },
          { ""id"": ""r2"", ""role"": ""actor"", ""from"": ""a2"", ""to"": ""e_movie"" },
          { ""id"": ""r3"", ""role"": ""actor"", ""from"": ""a3"", ""to"": ""e_movie"" },
          { ""id"": ""r4"", ""role"": ""actor"", ""from"": ""a4"", ""to"": ""e_movie"" }
        ],
        ""constraint"": {
          ""and_conditions"": [
            ""r1"",
            ""r2"",
            ""r3"",
            ""r4"",
            {
              ""left"": {
                ""count_id"": ""a1"",
                ""condition"": {
                  ""and_conditions"": [
                    {
                      ""left"": { ""attribute_name"": ""birth_year"", ""of"": ""a1"" },
                      ""operator"": ""="",
                      ""right"": { ""attribute_name"": ""birth_year"", ""of"": ""a2"" }
                    }
                  ]
                }
              },
              ""operator"": "">="",
              ""right"": 1
            },
            {
              ""left"": {
                ""count_id"": ""a1"",
                ""condition"": {
                  ""and_conditions"": [
                    {
                      ""left"": { ""attribute_name"": ""birth_year"", ""of"": ""a1"" },
                      ""operator"": ""="",
                      ""right"": { ""attribute_name"": ""birth_year"", ""of"": ""a3"" }
                    }
                  ]
                }
              },
              ""operator"": "">="",
              ""right"": 1
            },
            {
              ""left"": {
                ""count_id"": ""a1"",
                ""condition"": {
                  ""and_conditions"": [
                    {
                      ""left"": { ""attribute_name"": ""birth_year"", ""of"": ""a1"" },
                      ""operator"": ""="",
                      ""right"": { ""attribute_name"": ""birth_year"", ""of"": ""a4"" }
                    }
                  ]
                }
              },
              ""operator"": "">="",
              ""right"": 1
            },
            {
              ""left"": {
                ""count_id"": ""a2"",
                ""condition"": {
                  ""and_conditions"": [
                    {
                      ""left"": { ""attribute_name"": ""birth_year"", ""of"": ""a2"" },
                      ""operator"": ""="",
                      ""right"": { ""attribute_name"": ""birth_year"", ""of"": ""a3"" }
                    }
                  ]
                }
              },
              ""operator"": "">="",
              ""right"": 1
            },
            {
              ""left"": {
                ""count_id"": ""a2"",
                ""condition"": {
                  ""and_conditions"": [
                    {
                      ""left"": { ""attribute_name"": ""birth_year"", ""of"": ""a2"" },
                      ""operator"": ""="",
                      ""right"": { ""attribute_name"": ""birth_year"", ""of"": ""a4"" }
                    }
                  ]
                }
              },
              ""operator"": "">="",
              ""right"": 1
            },
            {
              ""left"": {
                ""count_id"": ""a3"",
                ""condition"": {
                  ""and_conditions"": [
                    {
                      ""left"": { ""attribute_name"": ""birth_year"", ""of"": ""a3"" },
                      ""operator"": ""="",
                      ""right"": { ""attribute_name"": ""birth_year"", ""of"": ""a4"" }
                    }
                  ]
                }
              },
              ""operator"": "">="",
              ""right"": 1
            },
            {
              ""left"": {
                ""count_id"": {
                  ""address"": {
                    ""attribute_name"": ""birth_year"",
                    ""of"": ""a1""
                  },
                  ""condition"": {
                    ""and_conditions"": [
                      {
                        ""left"": { ""attribute_name"": ""birth_year"", ""of"": ""a1"" },
                        ""operator"": ""="",
                        ""right"": { ""attribute_name"": ""birth_year"", ""of"": ""a2"" }
                      }
                    ]
                  }
                },
                ""operator"": ""count"",
                ""right"": {
                  ""count_id"": {
                    ""address"": {
                      ""attribute_name"": ""birth_year"",
                      ""of"": ""a1""
                    },
                    ""condition"": {
                      ""and_conditions"": [
                        {
                          ""left"": { ""attribute_name"": ""birth_year"", ""of"": ""a1"" },
                          ""operator"": ""="",
                          ""right"": { ""attribute_name"": ""birth_year"", ""of"": ""a3"" }
                        }
                      ]
                    }
                  }
                }
              },
              ""operator"": "">="",
              ""right"": 4
            }
          ]
        }
      }
    ],
    [
      {
        ""id"": ""q2"",
        ""target"": [""e_movie""],
        ""entities"": [
          { ""id"": ""e_movie"", ""type"": ""Movie"" },
          { ""id"": ""a1"", ""type"": ""Person"" },
          { ""id"": ""a2"", ""type"": ""Person"" },
          { ""id"": ""a3"", ""type"": ""Person"" },
          { ""id"": ""a4"", ""type"": ""Person"" },
          { ""id"": ""a5"", ""type"": ""Person"" }
        ],
        ""relationships"": [
          { ""id"": ""r1"", ""role"": ""actor"", ""from"": ""a1"", ""to"": ""e_movie"" },
          { ""id"": ""r2"", ""role"": ""actor"", ""from"": ""a2"", ""to"": ""e_movie"" },
          { ""id"": ""r3"", ""role"": ""actor"", ""from"": ""a3"", ""to"": ""e_movie"" },
          { ""id"": ""r4"", ""role"": ""actor"", ""from"": ""a4"", ""to"": ""e_movie"" },
          { ""id"": ""r5"", ""role"": ""actor"", ""from"": ""a5"", ""to"": ""e_movie"" }
        ],
        ""constraint"": {
          ""and_conditions"": [
            ""r1"",
            ""r2"",
            ""r3"",
            ""r4"",
            ""r5"",
            {
              ""left"": {
                ""count_id"": ""a1"",
                ""condition"": {
                  ""and_conditions"": [
                    {
                      ""left"": { ""attribute_name"": ""birth_year"", ""of"": ""a1"" },
                      ""operator"": ""="",
                      ""right"": { ""attribute_name"": ""birth_year"", ""of"": ""a2"" }
                    }
                  ]
                }
              },
              ""operator"": "">="",
              ""right"": 1
            },
            {
              ""left"": {
                ""count_id"": ""a1"",
                ""condition"": {
                  ""and_conditions"": [
                    {
                      ""left"": { ""attribute_name"": ""birth_year"", ""of"": ""a1"" },
                      ""operator"": ""="",
                      ""right"": { ""attribute_name"": ""birth_year"", ""of"": ""a3"" }
                    }
                  ]
                }
              },
              ""operator"": "">="",
              ""right"": 1
            },
            {
              ""left"": {
                ""count_id"": ""a1"",
                ""condition"": {
                  ""and_conditions"": [
                    {
                      ""left"": { ""attribute_name"": ""birth_year"", ""of"": ""a1"" },
                      ""operator"": ""="",
                      ""right"": { ""attribute_name"": ""birth_year"", ""of"": ""a4"" }
                    }
                  ]
                }
              },
              ""operator"": "">="",
              ""right"": 1
            },
            {
              ""left"": {
                ""count_id"": ""a1"",
                ""condition"": {
                  ""and_conditions"": [
                    {
                      ""left"": { ""attribute_name"": ""birth_year"", ""of"": ""a1"" },
                      ""operator"": ""="",
                      ""right"": { ""attribute_name"": ""birth_year"", ""of"": ""a5"" }
                    }
                  ]
                }
              },
              ""operator"": "">="",
              ""right"": 1
            },
            {
              ""left"": {
                ""count_id"": ""a2"",
                ""condition"": {
                  ""and_conditions"": [
                    {
                      ""left"": { ""attribute_name"": ""birth_year"", ""of"": ""a2"" },
                      ""operator"": ""="",
                      ""right"": { ""attribute_name"": ""birth_year"", ""of"": ""a3"" }
                    }
                  ]
                }
              },
              ""operator"": "">="",
              ""right"": 1
            },
            {
              ""left"": {
                ""count_id"": ""a2"",
                ""condition"": {
                  ""and_conditions"": [
                    {
                      ""left"": { ""attribute_name"": ""birth_year"", ""of"": ""a2"" },
                      ""operator"": ""="",
                      ""right"": { ""attribute_name"": ""birth_year"", ""of"": ""a4"" }
                    }
                  ]
                }
              },
              ""operator"": "">="",
              ""right"": 1
            },
            {
              ""left"": {
                ""count_id"": ""a2"",
                ""condition"": {
                  ""and_conditions"": [
                    {
                      ""left"": { ""attribute_name"": ""birth_year"", ""of"": ""a2"" },
                      ""operator"": ""="",
                      ""right"": { ""attribute_name"": ""birth_year"", ""of"": ""a5"" }
                    }
                  ]
                }
              },
              ""operator"": "">="",
              ""right"": 1
            },
            {
              ""left"": {
                ""count_id"": ""a3"",
                ""condition"": {
                  ""and_conditions"": [
                    {
                      ""left"": { ""attribute_name"": ""birth_year"", ""of"": ""a3"" },
                      ""operator"": ""="",
                      ""right"": { ""attribute_name"": ""birth_year"", ""of"": ""a4"" }
                    }
                  ]
                }
              },
              ""operator"": "">="",
              ""right"": 1
            },
            {
              ""left"": {
                ""count_id"": ""a3"",
                ""condition"": {
                  ""and_conditions"": [
                    {
                      ""left"": { ""attribute_name"": ""birth_year"", ""of"": ""a3"" },
                      ""operator"": ""="",
                      ""right"": { ""attribute_name"": ""birth_year"", ""of"": ""a5"" }
                    }
                  ]
                }
              },
              ""operator"": "">="",
              ""right"": 1
            },
            {
              ""left"": {
                ""count_id"": ""a4"",
                ""condition"": {
                  ""and_conditions"": [
                    {
                      ""left"": { ""attribute_name"": ""birth_year"", ""of"": ""a4"" },
                      ""operator"": ""="",
                      ""right"": { ""attribute_name"": ""birth_year"", ""of"": ""a5"" }
                    }
                  ]
                }
              },
              ""operator"": "">="",
              ""right"": 1
            },
            {
              ""left"": {
                ""count_id"": {
                  ""address"": {
                    ""attribute_name"": ""birth_year"",
                    ""of"": ""a1""
                  },
                  ""condition"": {
                    ""and_conditions"": [
                      {
                        ""left"": { ""attribute_name"": ""birth_year"", ""of"": ""a1"" },
                        ""operator"": ""="",
                        ""right"": { ""attribute_name"": ""birth_year"", ""of"": ""a2"" }
                      }
                    ]
                  }
                },
                ""operator"": ""count"",
                ""right"": {
                  ""count_id"": {
                    ""address"": {
                      ""attribute_name"": ""birth_year"",
                      ""of"": ""a1""
                    },
                    ""condition"": {
                      ""and_conditions"": [
                        {
                          ""left"": { ""attribute_name"": ""birth_year"", ""of"": ""a1"" },
                          ""operator"": ""="",
                          ""right"": { ""attribute_name"": ""birth_year"", ""of"": ""a3"" }
                        }
                      ]
                    }
                  }
                }
              },
              ""operator"": "">="",
              ""right"": 4
            }
          ]
        }
      }
    ]
  ]
}
```"
16,Q02,Which movies have more than four actors born in the same year as another actor in the cast?,ministral-3:8b,False,0.15,192.783988,True,stop,4096,7.208342,1062,184.542117,5.7548,"```json
{
  ""hypotheses_set"": [
    [
      {
        ""id"": ""q1"",
        ""target"": [""e_movie""],
        ""entities"": [
          { ""id"": ""e_movie"", ""type"": ""Movie"" },
          { ""id"": ""a1"", ""type"": ""Person"" },
          { ""id"": ""a2"", ""type"": ""Person"" },
          { ""id"": ""a3"", ""type"": ""Person"" },
          { ""id"": ""a4"", ""type"": ""Person"" }
        ],
        ""relationships"": [
          { ""id"": ""r_act1"", ""role"": ""actor"", ""from"": ""a1"", ""to"": ""e_movie"" },
          { ""id"": ""r_act2"", ""role"": ""actor"", ""from"": ""a2"", ""to"": ""e_movie"" },
          { ""id"": ""r_act3"", ""role"": ""actor"", ""from"": ""a3"", ""to"": ""e_movie"" },
          { ""id"": ""r_act4"", ""role"": ""actor"", ""from"": ""a4"", ""to"": ""e_movie"" }
        ],
        ""constraint"": {
          ""and_conditions"": [
            ""r_act1"",
            ""r_act2"",
            ""r_act3"",
            {
              ""left"": {
                ""count_id"": ""a4"",
                ""condition"": {
                  ""and_conditions"": [
                    ""r_act4"",
                    {
                      ""left"": { ""attribute_name"": ""birth_year"", ""of"": ""a1"" },
                      ""operator"": ""="",
                      ""right"": { ""attribute_name"": ""birth_year"", ""of"": ""a2"" }
                    }
                  ]
                }
              },
              ""operator"": "">="",
              ""right"": 4
            }
          ]
        }
      }
    ],
    [
      {
        ""id"": ""q2"",
        ""target"": [""e_movie""],
        ""entities"": [
          { ""id"": ""e_movie"", ""type"": ""Movie"" },
          { ""id"": ""a1"", ""type"": ""Person"" },
          { ""id"": ""a2"", ""type"": ""Person"" },
          { ""id"": ""a3"", ""type"": ""Person"" },
          { ""id"": ""a4"", ""type"": ""Person"" },
          { ""id"": ""a5"", ""type"": ""Person"" }
        ],
        ""relationships"": [
          { ""id"": ""r_act1"", ""role"": ""actor"", ""from"": ""a1"", ""to"": ""e_movie"" },
          { ""id"": ""r_act2"", ""role"": ""actor"", ""from"": ""a2"", ""to"": ""e_movie"" },
          { ""id"": ""r_act3"", ""role"": ""actor"", ""from"": ""a3"", ""to"": ""e_movie"" },
          { ""id"": ""r_act4"", ""role"": ""actor"", ""from"": ""a4"", ""to"": ""e_movie"" },
          { ""id"": ""r_act5"", ""role"": ""actor"", ""from"": ""a5"", ""to"": ""e_movie"" }
        ],
        ""constraint"": {
          ""and_conditions"": [
            ""r_act1"",
            ""r_act2"",
            ""r_act3"",
            ""r_act4"",
            {
              ""left"": {
                ""count_id"": ""a5"",
                ""condition"": {
                  ""and_conditions"": [
                    ""r_act5"",
                    {
                      ""left"": {
                        ""or_conditions"": [
                          {
                            ""left"": { ""attribute_name"": ""birth_year"", ""of"": ""a1"" },
                            ""operator"": ""="",
                            ""right"": { ""attribute_name"": ""birth_year"", ""of"": ""a2"" }
                          },
                          {
                            ""left"": { ""attribute_name"": ""birth_year"", ""of"": ""a1"" },
                            ""operator"": ""="",
                            ""right"": { ""attribute_name"": ""birth_year"", ""of"": ""a3"" }
                          },
                          {
                            ""left"": { ""attribute_name"": ""birth_year"", ""of"": ""a1"" },
                            ""operator"": ""="",
                            ""right"": { ""attribute_name"": ""birth_year"", ""of"": ""a4"" }
                          }
                        ]
                      },
                      ""operator"": ""or"",
                      ""right"": {
                        ""left"": { ""attribute_name"": ""birth_year"", ""of"": ""a2"" },
                        ""operator"": ""="",
                        ""right"": { ""attribute_name"": ""birth_year"", ""of"": ""a3"" }
                      }
                    }
                  ]
                }
              },
              ""operator"": "">="",
              ""right"": 4
            }
          ]
        }
      }
    ]
  ]
}
```"
17,Q02,Which movies have more than four actors born in the same year as another actor in the cast?,ministral-3:8b,False,0.15,202.783368,True,stop,4096,7.237251,1119,194.487606,5.7536,"```json
{
  ""hypotheses_set"": [
    [
      {
        ""id"": ""q1"",
        ""target"": [""e_movie""],
        ""entities"": [
          { ""id"": ""e_movie"", ""type"": ""Movie"" },
          { ""id"": ""a1"", ""type"": ""Person"" },
          { ""id"": ""a2"", ""type"": ""Person"" },
          { ""id"": ""a3"", ""type"": ""Person"" },
          { ""id"": ""a4"", ""type"": ""Person"" }
        ],
        ""relationships"": [
          { ""id"": ""r_act1"", ""role"": ""actor"", ""from"": ""a1"", ""to"": ""e_movie"" },
          { ""id"": ""r_act2"", ""role"": ""actor"", ""from"": ""a2"", ""to"": ""e_movie"" },
          { ""id"": ""r_act3"", ""role"": ""actor"", ""from"": ""a3"", ""to"": ""e_movie"" },
          { ""id"": ""r_act4"", ""role"": ""actor"", ""from"": ""a4"", ""to"": ""e_movie"" }
        ],
        ""constraint"": {
          ""and_conditions"": [
            ""r_act1"",
            ""r_act2"",
            ""r_act3"",
            {
              ""left"": {
                ""count_id"": ""a4"",
                ""condition"": {
                  ""and_conditions"": [
                    ""r_act4"",
                    {
                      ""all_id"": ""a3"",
                      ""condition"": {
                        ""and_conditions"": [
                          {
                            ""left"": { ""attribute_name"": ""birth_year"", ""of"": ""a3"" },
                            ""operator"": ""="",
                            ""right"": { ""attribute_name"": ""birth_year"", ""of"": ""a4"" }
                          },
                          {
                            ""left"": { ""attribute_name"": ""birth_year"", ""of"": ""a3"" },
                            ""operator"": ""="",
                            ""right"": { ""attribute_name"": ""birth_year"", ""of"": ""a1"" }
                          }
                        ]
                      }
                    }
                  ]
                }
              },
              ""operator"": "">="",
              ""right"": 4
            }
          ]
        }
      }
    ],
    [
      {
        ""id"": ""q2"",
        ""target"": [""e_movie""],
        ""entities"": [
          { ""id"": ""e_movie"", ""type"": ""Movie"" },
          { ""id"": ""a1"", ""type"": ""Person"" },
          { ""id"": ""a2"", ""type"": ""Person"" },
          { ""id"": ""a3"", ""type"": ""Person"" },
          { ""id"": ""a4"", ""type"": ""Person"" },
          { ""id"": ""a5"", ""type"": ""Person"" }
        ],
        ""relationships"": [
          { ""id"": ""r_act1"", ""role"": ""actor"", ""from"": ""a1"", ""to"": ""e_movie"" },
          { ""id"": ""r_act2"", ""role"": ""actor"", ""from"": ""a2"", ""to"": ""e_movie"" },
          { ""id"": ""r_act3"", ""role"": ""actor"", ""from"": ""a3"", ""to"": ""e_movie"" },
          { ""id"": ""r_act4"", ""role"": ""actor"", ""from"": ""a4"", ""to"": ""e_movie"" },
          { ""id"": ""r_act5"", ""role"": ""actor"", ""from"": ""a5"", ""to"": ""e_movie"" }
        ],
        ""constraint"": {
          ""and_conditions"": [
            ""r_act1"",
            ""r_act2"",
            ""r_act3"",
            ""r_act4"",
            {
              ""left"": {
                ""count_id"": ""a5"",
                ""condition"": {
                  ""and_conditions"": [
                    ""r_act5"",
                    {
                      ""all_id"": ""a4"",
                      ""condition"": {
                        ""and_conditions"": [
                          {
                            ""left"": { ""attribute_name"": ""birth_year"", ""of"": ""a4"" },
                            ""operator"": ""="",
                            ""right"": { ""attribute_name"": ""birth_year"", ""of"": ""a5"" }
                          },
                          {
                            ""all_id"": ""a3"",
                            ""condition"": {
                              ""and_conditions"": [
                                {
                                  ""left"": { ""attribute_name"": ""birth_year"", ""of"": ""a3"" },
                                  ""operator"": ""="",
                                  ""right"": { ""attribute_name"": ""birth_year"", ""of"": ""a5"" }
                                },
                                {
                                  ""left"": { ""attribute_name"": ""birth_year"", ""of"": ""a3"" },
                                  ""operator"": ""="",
                                  ""right"": { ""attribute_name"": ""birth_year"", ""of"": ""a1"" }
                                }
                              ]
                            }
                          }
                        ]
                      }
                    }
                  ]
                }
              },
              ""operator"": "">="",
              ""right"": 4
            }
          ]
        }
      }
    ]
  ]
}
```"
18,Q02,Which movies have more than four actors born in the same year as another actor in the cast?,ministral-3:8b,False,0.15,197.793318,True,stop,4096,7.246462,1090,189.504691,5.7518,"```json
{
  ""hypotheses_set"": [
    [
      {
        ""id"": ""q1"",
        ""target"": [""e_movie""],
        ""entities"": [
          { ""id"": ""e_movie"", ""type"": ""Movie"" },
          { ""id"": ""a1"", ""type"": ""Person"" },
          { ""id"": ""a2"", ""type"": ""Person"" },
          { ""id"": ""a3"", ""type"": ""Person"" },
          { ""id"": ""a4"", ""type"": ""Person"" }
        ],
        ""relationships"": [
          { ""id"": ""r_act1"", ""role"": ""actor"", ""from"": ""a1"", ""to"": ""e_movie"" },
          { ""id"": ""r_act2"", ""role"": ""actor"", ""from"": ""a2"", ""to"": ""e_movie"" },
          { ""id"": ""r_act3"", ""role"": ""actor"", ""from"": ""a3"", ""to"": ""e_movie"" },
          { ""id"": ""r_act4"", ""role"": ""actor"", ""from"": ""a4"", ""to"": ""e_movie"" }
        ],
        ""constraint"": {
          ""and_conditions"": [
            ""r_act1"",
            ""r_act2"",
            ""r_act3"",
            {
              ""left"": {
                ""count_id"": ""a4"",
                ""condition"": {
                  ""and_conditions"": [
                    ""r_act4"",
                    {
                      ""all_id"": ""a1"",
                      ""condition"": {
                        ""and_conditions"": [
                          {
                            ""left"": { ""attribute_name"": ""birth_year"", ""of"": ""a1"" },
                            ""operator"": ""="",
                            ""right"": { ""attribute_name"": ""birth_year"", ""of"": ""a2"" }
                          },
                          {
                            ""left"": { ""attribute_name"": ""birth_year"", ""of"": ""a1"" },
                            ""operator"": ""="",
                            ""right"": { ""attribute_name"": ""birth_year"", ""of"": ""a3"" }
                          }
                        ]
                      }
                    }
                  ]
                }
              },
              ""operator"": "">="",
              ""right"": 4
            }
          ]
        }
      }
    ],
    [
      {
        ""id"": ""q2"",
        ""target"": [""e_movie""],
        ""entities"": [
          { ""id"": ""e_movie"", ""type"": ""Movie"" },
          { ""id"": ""a1"", ""type"": ""Person"" },
          { ""id"": ""a2"", ""type"": ""Person"" },
          { ""id"": ""a3"", ""type"": ""Person"" },
          { ""id"": ""a4"", ""type"": ""Person"" },
          { ""id"": ""a5"", ""type"": ""Person"" }
        ],
        ""relationships"": [
          { ""id"": ""r_act1"", ""role"": ""actor"", ""from"": ""a1"", ""to"": ""e_movie"" },
          { ""id"": ""r_act2"", ""role"": ""actor"", ""from"": ""a2"", ""to"": ""e_movie"" },
          { ""id"": ""r_act3"", ""role"": ""actor"", ""from"": ""a3"", ""to"": ""e_movie"" },
          { ""id"": ""r_act4"", ""role"": ""actor"", ""from"": ""a4"", ""to"": ""e_movie"" },
          { ""id"": ""r_act5"", ""role"": ""actor"", ""from"": ""a5"", ""to"": ""e_movie"" }
        ],
        ""constraint"": {
          ""and_conditions"": [
            ""r_act1"",
            ""r_act2"",
            ""r_act3"",
            ""r_act4"",
            {
              ""left"": {
                ""count_id"": ""a5"",
                ""condition"": {
                  ""and_conditions"": [
                    ""r_act5"",
                    {
                      ""all_id"": ""a1"",
                      ""condition"": {
                        ""and_conditions"": [
                          {
                            ""left"": { ""attribute_name"": ""birth_year"", ""of"": ""a1"" },
                            ""operator"": ""="",
                            ""right"": { ""attribute_name"": ""birth_year"", ""of"": ""a2"" }
                          },
                          {
                            ""left"": { ""attribute_name"": ""birth_year"", ""of"": ""a1"" },
                            ""operator"": ""="",
                            ""right"": { ""attribute_name"": ""birth_year"", ""of"": ""a3"" }
                          },
                          {
                            ""left"": { ""attribute_name"": ""birth_year"", ""of"": ""a1"" },
                            ""operator"": ""="",
                            ""right"": { ""attribute_name"": ""birth_year"", ""of"": ""a4"" }
                          }
                        ]
                      }
                    }
                  ]
                }
              },
              ""operator"": "">="",
              ""right"": 4
            }
          ]
        }
      }
    ]
  ]
}
```"
19,Q02,Which movies have more than four actors born in the same year as another actor in the cast?,ministral-3:8b,False,0.15,58.468904,True,stop,4096,7.235239,298,50.67573,5.8805,"```json
{
  ""hypotheses_set"": [
    [
      {
        ""id"": ""q1"",
        ""target"": [""e_movie""],
        ""entities"": [
          { ""id"": ""e_movie"", ""type"": ""Movie"" },
          { ""id"": ""a1"", ""type"": ""Person"" },
          { ""id"": ""a2"", ""type"": ""Person"" }
        ],
        ""relationships"": [
          { ""id"": ""r_act1"", ""role"": ""actor"", ""from"": ""a1"", ""to"": ""e_movie"" },
          { ""id"": ""r_act2"", ""role"": ""actor"", ""from"": ""a2"", ""to"": ""e_movie"" }
        ],
        ""constraint"": {
          ""and_conditions"": [
            {
              ""left"": {
                ""count_id"": ""a2"",
                ""condition"": {
                  ""and_conditions"": [
                    ""r_act2"",
                    {
                      ""left"": { ""attribute_name"": ""birth_year"", ""of"": ""a1"" },
                      ""operator"": ""="",
                      ""right"": { ""attribute_name"": ""birth_year"", ""of"": ""a2"" }
                    }
                  ]
                }
              },
              ""operator"": "">="",
              ""right"": 4
            }
          ]
        }
      }
    ]
  ]
}
```"
20,Q02,Which movies have more than four actors born in the same year as another actor in the cast?,ministral-3:8b,False,0.15,68.377543,True,stop,4096,7.221548,355,60.533411,5.8645,"```json
{
  ""hypotheses_set"": [
    [
      {
        ""id"": ""q1"",
        ""target"": [""e_movie""],
        ""entities"": [
          { ""id"": ""e_movie"", ""type"": ""Movie"" },
          { ""id"": ""a1"", ""type"": ""Person"" },
          { ""id"": ""a2"", ""type"": ""Person"" }
        ],
        ""relationships"": [
          { ""id"": ""r_act1"", ""role"": ""actor"", ""from"": ""a1"", ""to"": ""e_movie"" },
          { ""id"": ""r_act2"", ""role"": ""actor"", ""from"": ""a2"", ""to"": ""e_movie"" }
        ],
        ""constraint"": {
          ""and_conditions"": [
            {
              ""left"": {
                ""count_id"": ""a1"",
                ""condition"": {
                  ""and_conditions"": [
                    ""r_act1"",
                    {
                      ""left"": {
                        ""count_id"": ""a2"",
                        ""condition"": {
                          ""and_conditions"": [
                            ""r_act2"",
                            {
                              ""left"": { ""attribute_name"": ""birth_year"", ""of"": ""a1"" },
                              ""operator"": ""="",
                              ""right"": { ""attribute_name"": ""birth_year"", ""of"": ""a2"" }
                            }
                          ]
                        }
                      },
                      ""operator"": "">="",
                      ""right"": 4
                    }
                  ]
                }
              },
              ""operator"": "">="",
              ""right"": 1
            }
          ]
        }
      }
    ]
  ]
}
```"
21,Q02,Which movies have more than four actors born in the same year as another actor in the cast?,ministral-3:8b,False,0.15,256.354853,True,stop,4096,7.270906,1419,247.823655,5.7258,"```json
{
  ""hypotheses_set"": [
    [
      {
        ""id"": ""q1"",
        ""target"": [""e_movie""],
        ""entities"": [
          { ""id"": ""e_movie"", ""type"": ""Movie"" },
          { ""id"": ""a1"", ""type"": ""Person"" },
          { ""id"": ""a2"", ""type"": ""Person"" },
          { ""id"": ""a3"", ""type"": ""Person"" },
          { ""id"": ""a4"", ""type"": ""Person"" }
        ],
        ""relationships"": [
          { ""id"": ""r_act1"", ""role"": ""actor"", ""from"": ""a1"", ""to"": ""e_movie"" },
          { ""id"": ""r_act2"", ""role"": ""actor"", ""from"": ""a2"", ""to"": ""e_movie"" },
          { ""id"": ""r_act3"", ""role"": ""actor"", ""from"": ""a3"", ""to"": ""e_movie"" },
          { ""id"": ""r_act4"", ""role"": ""actor"", ""from"": ""a4"", ""to"": ""e_movie"" }
        ],
        ""constraint"": {
          ""and_conditions"": [
            ""r_act1"",
            ""r_act2"",
            ""r_act3"",
            {
              ""left"": {
                ""count_id"": ""a4"",
                ""condition"": {
                  ""and_conditions"": [
                    ""r_act4"",
                    {
                      ""left"": {
                        ""attribute_name"": ""birth_year"",
                        ""of"": ""a1""
                      },
                      ""operator"": ""="",
                      ""right"": {
                        ""attribute_name"": ""birth_year"",
                        ""of"": ""a2""
                      }
                    }
                  ]
                }
              },
              ""operator"": "">="",
              ""right"": 4
            }
          ]
        }
      }
    ],
    [
      {
        ""id"": ""q2"",
        ""target"": [""e_movie""],
        ""entities"": [
          { ""id"": ""e_movie"", ""type"": ""Movie"" },
          { ""id"": ""a1"", ""type"": ""Person"" },
          { ""id"": ""a2"", ""type"": ""Person"" },
          { ""id"": ""a3"", ""type"": ""Person"" },
          { ""id"": ""a4"", ""type"": ""Person"" },
          { ""id"": ""a5"", ""type"": ""Person"" }
        ],
        ""relationships"": [
          { ""id"": ""r_act1"", ""role"": ""actor"", ""from"": ""a1"", ""to"": ""e_movie"" },
          { ""id"": ""r_act2"", ""role"": ""actor"", ""from"": ""a2"", ""to"": ""e_movie"" },
          { ""id"": ""r_act3"", ""role"": ""actor"", ""from"": ""a3"", ""to"": ""e_movie"" },
          { ""id"": ""r_act4"", ""role"": ""actor"", ""from"": ""a4"", ""to"": ""e_movie"" },
          { ""id"": ""r_act5"", ""role"": ""actor"", ""from"": ""a5"", ""to"": ""e_movie"" }
        ],
        ""constraint"": {
          ""and_conditions"": [
            ""r_act1"",
            ""r_act2"",
            ""r_act3"",
            ""r_act4"",
            {
              ""left"": {
                ""count_id"": ""a5"",
                ""condition"": {
                  ""and_conditions"": [
                    ""r_act5"",
                    {
                      ""left"": {
                        ""attribute_name"": ""birth_year"",
                        ""of"": ""a1""
                      },
                      ""operator"": ""="",
                      ""right"": {
                        ""attribute_name"": ""birth_year"",
                        ""of"": ""a2""
                      }
                    }
                  ]
                }
              },
              ""operator"": "">="",
              ""right"": 4
            }
          ]
        }
      }
    ],
    [
      {
        ""id"": ""q3"",
        ""target"": [""e_movie""],
        ""entities"": [
          { ""id"": ""e_movie"", ""type"": ""Movie"" },
          { ""id"": ""a1"", ""type"": ""Person"" },
          { ""id"": ""a2"", ""type"": ""Person"" },
          { ""id"": ""a3"", ""type"": ""Person"" },
          { ""id"": ""a4"", ""type"": ""Person"" },
          { ""id"": ""a5"", ""type"": ""Person"" },
          { ""id"": ""a6"", ""type"": ""Person"" }
        ],
        ""relationships"": [
          { ""id"": ""r_act1"", ""role"": ""actor"", ""from"": ""a1"", ""to"": ""e_movie"" },
          { ""id"": ""r_act2"", ""role"": ""actor"", ""from"": ""a2"", ""to"": ""e_movie"" },
          { ""id"": ""r_act3"", ""role"": ""actor"", ""from"": ""a3"", ""to"": ""e_movie"" },
          { ""id"": ""r_act4"", ""role"": ""actor"", ""from"": ""a4"", ""to"": ""e_movie"" },
          { ""id"": ""r_act5"", ""role"": ""actor"", ""from"": ""a5"", ""to"": ""e_movie"" },
          { ""id"": ""r_act6"", ""role"": ""actor"", ""from"": ""a6"", ""to"": ""e_movie"" }
        ],
        ""constraint"": {
          ""and_conditions"": [
            {
              ""left"": {
                ""count_id"": ""e_movie"",
                ""condition"": {
                  ""and_conditions"": [
                    {
                      ""left"": {
                        ""attribute_name"": ""birth_year"",
                        ""of"": ""a1""
                      },
                      ""operator"": ""="",
                      ""right"": {
                        ""attribute_name"": ""birth_year"",
                        ""of"": ""a2""
                      }
                    }
                  ]
                }
              },
              ""operator"": "">="",
              ""right"": 4
            },
            {
              ""left"": {
                ""count_id"": ""a1"",
                ""condition"": {
                  ""and_conditions"": [
                    ""r_act1""
                  ]
                }
              },
              ""operator"": "">="",
              ""right"": 4
            }
          ]
        }
      }
    ]
  ]
}
```"
22,Q02,Which movies have more than four actors born in the same year as another actor in the cast?,ministral-3:8b,False,0.15,68.385848,True,stop,4096,7.213018,355,60.546683,5.8632,"```json
{
  ""hypotheses_set"": [
    [
      {
        ""id"": ""q1"",
        ""target"": [""e_movie""],
        ""entities"": [
          { ""id"": ""e_movie"", ""type"": ""Movie"" },
          { ""id"": ""a1"", ""type"": ""Person"" },
          { ""id"": ""a2"", ""type"": ""Person"" }
        ],
        ""relationships"": [
          { ""id"": ""r_act1"", ""role"": ""actor"", ""from"": ""a1"", ""to"": ""e_movie"" },
          { ""id"": ""r_act2"", ""role"": ""actor"", ""from"": ""a2"", ""to"": ""e_movie"" }
        ],
        ""constraint"": {
          ""and_conditions"": [
            {
              ""left"": {
                ""count_id"": ""a1"",
                ""condition"": {
                  ""and_conditions"": [
                    ""r_act1"",
                    {
                      ""left"": {
                        ""count_id"": ""a2"",
                        ""condition"": {
                          ""and_conditions"": [
                            ""r_act2"",
                            {
                              ""left"": { ""attribute_name"": ""birth_year"", ""of"": ""a1"" },
                              ""operator"": ""="",
                              ""right"": { ""attribute_name"": ""birth_year"", ""of"": ""a2"" }
                            }
                          ]
                        }
                      },
                      ""operator"": "">="",
                      ""right"": 4
                    }
                  ]
                }
              },
              ""operator"": "">="",
              ""right"": 1
            }
          ]
        }
      }
    ]
  ]
}
```"
23,Q02,Which movies have more than four actors born in the same year as another actor in the cast?,ministral-3:8b,False,0.15,145.532808,True,stop,4096,7.224223,796,137.46099,5.7907,"```json
{
  ""hypotheses_set"": [
    [
      {
        ""id"": ""q1"",
        ""target"": [""e_movie""],
        ""entities"": [
          { ""id"": ""e_movie"", ""type"": ""Movie"" },
          { ""id"": ""a1"", ""type"": ""Person"" },
          { ""id"": ""a2"", ""type"": ""Person"" },
          { ""id"": ""a3"", ""type"": ""Person"" },
          { ""id"": ""a4"", ""type"": ""Person"" }
        ],
        ""relationships"": [
          { ""id"": ""r_act1"", ""role"": ""actor"", ""from"": ""a1"", ""to"": ""e_movie"" },
          { ""id"": ""r_act2"", ""role"": ""actor"", ""from"": ""a2"", ""to"": ""e_movie"" },
          { ""id"": ""r_act3"", ""role"": ""actor"", ""from"": ""a3"", ""to"": ""e_movie"" },
          { ""id"": ""r_act4"", ""role"": ""actor"", ""from"": ""a4"", ""to"": ""e_movie"" }
        ],
        ""constraint"": {
          ""and_conditions"": [
            ""r_act1"",
            ""r_act2"",
            ""r_act3"",
            {
              ""left"": {
                ""count_id"": ""a4"",
                ""condition"": {
                  ""and_conditions"": [
                    ""r_act4"",
                    {
                      ""left"": { ""attribute_name"": ""birth_year"", ""of"": ""a1"" },
                      ""operator"": ""="",
                      ""right"": { ""attribute_name"": ""birth_year"", ""of"": ""a2"" }
                    }
                  ]
                }
              },
              ""operator"": "">="",
              ""right"": 4
            }
          ]
        }
      }
    ],
    [
      {
        ""id"": ""q2"",
        ""target"": [""e_movie""],
        ""entities"": [
          { ""id"": ""e_movie"", ""type"": ""Movie"" },
          { ""id"": ""a1"", ""type"": ""Person"" },
          { ""id"": ""a2"", ""type"": ""Person"" },
          { ""id"": ""a3"", ""type"": ""Person"" },
          { ""id"": ""a4"", ""type"": ""Person"" }
        ],
        ""relationships"": [
          { ""id"": ""r_act1"", ""role"": ""actor"", ""from"": ""a1"", ""to"": ""e_movie"" },
          { ""id"": ""r_act2"", ""role"": ""actor"", ""from"": ""a2"", ""to"": ""e_movie"" },
          { ""id"": ""r_act3"", ""role"": ""actor"", ""from"": ""a3"", ""to"": ""e_movie"" },
          { ""id"": ""r_act4"", ""role"": ""actor"", ""from"": ""a4"", ""to"": ""e_movie"" }
        ],
        ""constraint"": {
          ""and_conditions"": [
            {
              ""left"": {
                ""count_id"": ""a1"",
                ""condition"": {
                  ""and_conditions"": [
                    ""r_act1"",
                    {
                      ""left"": { ""attribute_name"": ""birth_year"", ""of"": ""a1"" },
                      ""operator"": ""="",
                      ""right"": { ""attribute_name"": ""birth_year"", ""of"": ""a2"" }
                    }
                  ]
                }
              },
              ""operator"": "">="",
              ""right"": 4
            }
          ]
        }
      }
    ]
  ]
}
```"
24,Q02,Which movies have more than four actors born in the same year as another actor in the cast?,ministral-3:8b,False,0.15,188.423574,True,stop,4096,7.238009,1037,180.177675,5.7554,"```json
{
  ""hypotheses_set"": [
    [
      {
        ""id"": ""q1"",
        ""target"": [""e_movie""],
        ""entities"": [
          { ""id"": ""e_movie"", ""type"": ""Movie"" },
          { ""id"": ""a1"", ""type"": ""Person"" },
          { ""id"": ""a2"", ""type"": ""Person"" },
          { ""id"": ""a3"", ""type"": ""Person"" },
          { ""id"": ""a4"", ""type"": ""Person"" }
        ],
        ""relationships"": [
          { ""id"": ""r_act1"", ""role"": ""actor"", ""from"": ""a1"", ""to"": ""e_movie"" },
          { ""id"": ""r_act2"", ""role"": ""actor"", ""from"": ""a2"", ""to"": ""e_movie"" },
          { ""id"": ""r_act3"", ""role"": ""actor"", ""from"": ""a3"", ""to"": ""e_movie"" },
          { ""id"": ""r_act4"", ""role"": ""actor"", ""from"": ""a4"", ""to"": ""e_movie"" }
        ],
        ""constraint"": {
          ""and_conditions"": [
            ""r_act1"",
            ""r_act2"",
            ""r_act3"",
            {
              ""left"": {
                ""count_id"": ""a4"",
                ""condition"": {
                  ""and_conditions"": [
                    ""r_act4"",
                    {
                      ""all_id"": ""a1"",
                      ""condition"": {
                        ""and_conditions"": [
                          {
                            ""left"": { ""attribute_name"": ""birth_year"", ""of"": ""a1"" },
                            ""operator"": ""="",
                            ""right"": { ""attribute_name"": ""birth_year"", ""of"": ""a2"" }
                          },
                          {
                            ""left"": { ""attribute_name"": ""birth_year"", ""of"": ""a1"" },
                            ""operator"": ""="",
                            ""right"": { ""attribute_name"": ""birth_year"", ""of"": ""a3"" }
                          }
                        ]
                      }
                    }
                  ]
                }
              },
              ""operator"": "">="",
              ""right"": 4
            }
          ]
        }
      }
    ],
    [
      {
        ""id"": ""q2"",
        ""target"": [""e_movie""],
        ""entities"": [
          { ""id"": ""e_movie"", ""type"": ""Movie"" },
          { ""id"": ""a1"", ""type"": ""Person"" },
          { ""id"": ""a2"", ""type"": ""Person"" },
          { ""id"": ""a3"", ""type"": ""Person"" },
          { ""id"": ""a4"", ""type"": ""Person"" },
          { ""id"": ""a5"", ""type"": ""Person"" }
        ],
        ""relationships"": [
          { ""id"": ""r_act1"", ""role"": ""actor"", ""from"": ""a1"", ""to"": ""e_movie"" },
          { ""id"": ""r_act2"", ""role"": ""actor"", ""from"": ""a2"", ""to"": ""e_movie"" },
          { ""id"": ""r_act3"", ""role"": ""actor"", ""from"": ""a3"", ""to"": ""e_movie"" },
          { ""id"": ""r_act4"", ""role"": ""actor"", ""from"": ""a4"", ""to"": ""e_movie"" },
          { ""id"": ""r_act5"", ""role"": ""actor"", ""from"": ""a5"", ""to"": ""e_movie"" }
        ],
        ""constraint"": {
          ""and_conditions"": [
            ""r_act1"",
            ""r_act2"",
            ""r_act3"",
            ""r_act4"",
            {
              ""left"": {
                ""count_id"": ""a5"",
                ""condition"": {
                  ""and_conditions"": [
                    ""r_act5"",
                    {
                      ""all_id"": ""a1"",
                      ""condition"": {
                        ""and_conditions"": [
                          {
                            ""left"": { ""attribute_name"": ""birth_year"", ""of"": ""a1"" },
                            ""operator"": ""="",
                            ""right"": { ""attribute_name"": ""birth_year"", ""of"": ""a2"" }
                          },
                          {
                            ""left"": { ""attribute_name"": ""birth_year"", ""of"": ""a1"" },
                            ""operator"": ""="",
                            ""right"": { ""attribute_name"": ""birth_year"", ""of"": ""a3"" }
                          }
                        ]
                      }
                    }
                  ]
                }
              },
              ""operator"": "">="",
              ""right"": 4
            }
          ]
        }
      }
    ]
  ]
}
```"
25,Q02,Which movies have more than four actors born in the same year as another actor in the cast?,ministral-3:8b,False,0.15,165.034462,True,stop,4096,7.230252,905,156.882618,5.7686,"```json
{
  ""hypotheses_set"": [
    [
      {
        ""id"": ""q1"",
        ""target"": [""e_movie""],
        ""entities"": [
          { ""id"": ""e_movie"", ""type"": ""Movie"" },
          { ""id"": ""a1"", ""type"": ""Person"" },
          { ""id"": ""a2"", ""type"": ""Person"" },
          { ""id"": ""a3"", ""type"": ""Person"" },
          { ""id"": ""a4"", ""type"": ""Person"" }
        ],
        ""relationships"": [
          { ""id"": ""r_act1"", ""role"": ""actor"", ""from"": ""a1"", ""to"": ""e_movie"" },
          { ""id"": ""r_act2"", ""role"": ""actor"", ""from"": ""a2"", ""to"": ""e_movie"" },
          { ""id"": ""r_act3"", ""role"": ""actor"", ""from"": ""a3"", ""to"": ""e_movie"" },
          { ""id"": ""r_act4"", ""role"": ""actor"", ""from"": ""a4"", ""to"": ""e_movie"" }
        ],
        ""constraint"": {
          ""and_conditions"": [
            ""r_act1"",
            ""r_act2"",
            ""r_act3"",
            {
              ""left"": {
                ""count_id"": ""a4"",
                ""condition"": {
                  ""and_conditions"": [
                    ""r_act4"",
                    {
                      ""all_id"": ""a1"",
                      ""condition"": {
                        ""left"": { ""attribute_name"": ""birth_year"", ""of"": ""a1"" },
                        ""operator"": ""="",
                        ""right"": { ""attribute_name"": ""birth_year"", ""of"": ""a2"" }
                      }
                    }
                  ]
                }
              },
              ""operator"": "">="",
              ""right"": 4
            }
          ]
        }
      }
    ],
    [
      {
        ""id"": ""q2"",
        ""target"": [""e_movie""],
        ""entities"": [
          { ""id"": ""e_movie"", ""type"": ""Movie"" },
          { ""id"": ""a1"", ""type"": ""Person"" },
          { ""id"": ""a2"", ""type"": ""Person"" },
          { ""id"": ""a3"", ""type"": ""Person"" },
          { ""id"": ""a4"", ""type"": ""Person"" },
          { ""id"": ""a5"", ""type"": ""Person"" }
        ],
        ""relationships"": [
          { ""id"": ""r_act1"", ""role"": ""actor"", ""from"": ""a1"", ""to"": ""e_movie"" },
          { ""id"": ""r_act2"", ""role"": ""actor"", ""from"": ""a2"", ""to"": ""e_movie"" },
          { ""id"": ""r_act3"", ""role"": ""actor"", ""from"": ""a3"", ""to"": ""e_movie"" },
          { ""id"": ""r_act4"", ""role"": ""actor"", ""from"": ""a4"", ""to"": ""e_movie"" },
          { ""id"": ""r_act5"", ""role"": ""actor"", ""from"": ""a5"", ""to"": ""e_movie"" }
        ],
        ""constraint"": {
          ""and_conditions"": [
            ""r_act1"",
            ""r_act2"",
            ""r_act3"",
            ""r_act4"",
            {
              ""left"": {
                ""count_id"": ""a5"",
                ""condition"": {
                  ""and_conditions"": [
                    ""r_act5"",
                    {
                      ""all_id"": ""a1"",
                      ""condition"": {
                        ""left"": { ""attribute_name"": ""birth_year"", ""of"": ""a1"" },
                        ""operator"": ""="",
                        ""right"": { ""attribute_name"": ""birth_year"", ""of"": ""a2"" }
                      }
                    }
                  ]
                }
              },
              ""operator"": "">="",
              ""right"": 4
            }
          ]
        }
      }
    ]
  ]
}
```"
26,Q02,Which movies have more than four actors born in the same year as another actor in the cast?,ministral-3:8b,False,0.15,268.600187,True,stop,4096,7.344246,1487,259.931203,5.7207,"```json
{
  ""hypotheses_set"": [
    [
      {
        ""id"": ""q1"",
        ""target"": [""e_movie""],
        ""entities"": [
          { ""id"": ""e_movie"", ""type"": ""Movie"" },
          { ""id"": ""a1"", ""type"": ""Person"" },
          { ""id"": ""a2"", ""type"": ""Person"" },
          { ""id"": ""a3"", ""type"": ""Person"" },
          { ""id"": ""a4"", ""type"": ""Person"" }
        ],
        ""relationships"": [
          { ""id"": ""r1"", ""role"": ""actor"", ""from"": ""a1"", ""to"": ""e_movie"" },
          { ""id"": ""r2"", ""role"": ""actor"", ""from"": ""a2"", ""to"": ""e_movie"" },
          { ""id"": ""r3"", ""role"": ""actor"", ""from"": ""a3"", ""to"": ""e_movie"" },
          { ""id"": ""r4"", ""role"": ""actor"", ""from"": ""a4"", ""to"": ""e_movie"" }
        ],
        ""constraint"": {
          ""and_conditions"": [
            ""r1"",
            ""r2"",
            ""r3"",
            ""r4"",
            {
              ""left"": {
                ""count_id"": ""a1"",
                ""condition"": {
                  ""and_conditions"": [
                    {
                      ""left"": { ""attribute_name"": ""birth_year"", ""of"": ""a1"" },
                      ""operator"": ""="",
                      ""right"": { ""attribute_name"": ""birth_year"", ""of"": ""a2"" }
                    }
                  ]
                }
              },
              ""operator"": "">="",
              ""right"": 1
            },
            {
              ""left"": {
                ""count_id"": ""a1"",
                ""condition"": {
                  ""and_conditions"": [
                    {
                      ""left"": { ""attribute_name"": ""birth_year"", ""of"": ""a1"" },
                      ""operator"": ""="",
                      ""right"": { ""attribute_name"": ""birth_year"", ""of"": ""a3"" }
                    }
                  ]
                }
              },
              ""operator"": "">="",
              ""right"": 1
            },
            {
              ""left"": {
                ""count_id"": ""a1"",
                ""condition"": {
                  ""and_conditions"": [
                    {
                      ""left"": { ""attribute_name"": ""birth_year"", ""of"": ""a1"" },
                      ""operator"": ""="",
                      ""right"": { ""attribute_name"": ""birth_year"", ""of"": ""a4"" }
                    }
                  ]
                }
              },
              ""operator"": "">="",
              ""right"": 1
            },
            {
              ""left"": {
                ""count_id"": ""a2"",
                ""condition"": {
                  ""and_conditions"": [
                    {
                      ""left"": { ""attribute_name"": ""birth_year"", ""of"": ""a2"" },
                      ""operator"": ""="",
                      ""right"": { ""attribute_name"": ""birth_year"", ""of"": ""a3"" }
                    }
                  ]
                }
              },
              ""operator"": "">="",
              ""right"": 1
            },
            {
              ""left"": {
                ""count_id"": ""a2"",
                ""condition"": {
                  ""and_conditions"": [
                    {
                      ""left"": { ""attribute_name"": ""birth_year"", ""of"": ""a2"" },
                      ""operator"": ""="",
                      ""right"": { ""attribute_name"": ""birth_year"", ""of"": ""a4"" }
                    }
                  ]
                }
              },
              ""operator"": "">="",
              ""right"": 1
            },
            {
              ""left"": {
                ""count_id"": ""a3"",
                ""condition"": {
                  ""and_conditions"": [
                    {
                      ""left"": { ""attribute_name"": ""birth_year"", ""of"": ""a3"" },
                      ""operator"": ""="",
                      ""right"": { ""attribute_name"": ""birth_year"", ""of"": ""a4"" }
                    }
                  ]
                }
              },
              ""operator"": "">="",
              ""right"": 1
            },
            {
              ""left"": {
                ""count_id"": ""a1"",
                ""condition"": {
                  ""all_id"": ""a2"",
                  ""condition"": {
                    ""and_conditions"": [
                      {
                        ""left"": { ""attribute_name"": ""birth_year"", ""of"": ""a1"" },
                        ""operator"": ""="",
                        ""right"": { ""attribute_name"": ""birth_year"", ""of"": ""a2"" }
                      }
                    ]
                  }
                }
              },
              ""operator"": "">="",
              ""right"": 4
            }
          ]
        }
      }
    ],
    [
      {
        ""id"": ""q2"",
        ""target"": [""e_movie""],
        ""entities"": [
          { ""id"": ""e_movie"", ""type"": ""Movie"" },
          { ""id"": ""a1"", ""type"": ""Person"" },
          { ""id"": ""a2"", ""type"": ""Person"" },
          { ""id"": ""a3"", ""type"": ""Person"" },
          { ""id"": ""a4"", ""type"": ""Person"" },
          { ""id"": ""a5"", ""type"": ""Person"" }
        ],
        ""relationships"": [
          { ""id"": ""r1"", ""role"": ""actor"", ""from"": ""a1"", ""to"": ""e_movie"" },
          { ""id"": ""r2"", ""role"": ""actor"", ""from"": ""a2"", ""to"": ""e_movie"" },
          { ""id"": ""r3"", ""role"": ""actor"", ""from"": ""a3"", ""to"": ""e_movie"" },
          { ""id"": ""r4"", ""role"": ""actor"", ""from"": ""a4"", ""to"": ""e_movie"" },
          { ""id"": ""r5"", ""role"": ""actor"", ""from"": ""a5"", ""to"": ""e_movie"" }
        ],
        ""constraint"": {
          ""and_conditions"": [
            ""r1"",
            ""r2"",
            ""r3"",
            ""r4"",
            ""r5"",
            {
              ""left"": {
                ""count_id"": ""a1"",
                ""condition"": {
                  ""all_id"": ""a2"",
                  ""condition"": {
                    ""and_conditions"": [
                      {
                        ""left"": { ""attribute_name"": ""birth_year"", ""of"": ""a1"" },
                        ""operator"": ""="",
                        ""right"": { ""attribute_name"": ""birth_year"", ""of"": ""a2"" }
                      }
                    ]
                  }
                }
              },
              ""operator"": "">="",
              ""right"": 4
            }
          ]
        }
      }
    ]
  ]
}
```"
27,Q02,Which movies have more than four actors born in the same year as another actor in the cast?,ministral-3:8b,False,0.15,153.069108,True,stop,4096,7.217029,837,144.933093,5.7751,"```json
{
  ""hypotheses_set"": [
    [
      {
        ""id"": ""q1"",
        ""target"": [""e_movie""],
        ""entities"": [
          { ""id"": ""e_movie"", ""type"": ""Movie"" },
          { ""id"": ""a1"", ""type"": ""Person"" },
          { ""id"": ""a2"", ""type"": ""Person"" },
          { ""id"": ""a3"", ""type"": ""Person"" },
          { ""id"": ""a4"", ""type"": ""Person"" }
        ],
        ""relationships"": [
          { ""id"": ""r1"", ""role"": ""actor"", ""from"": ""a1"", ""to"": ""e_movie"" },
          { ""id"": ""r2"", ""role"": ""actor"", ""from"": ""a2"", ""to"": ""e_movie"" },
          { ""id"": ""r3"", ""role"": ""actor"", ""from"": ""a3"", ""to"": ""e_movie"" },
          { ""id"": ""r4"", ""role"": ""actor"", ""from"": ""a4"", ""to"": ""e_movie"" }
        ],
        ""constraint"": {
          ""and_conditions"": [
            ""r1"",
            ""r2"",
            ""r3"",
            ""r4"",
            {
              ""left"": {
                ""count_id"": ""a1"",
                ""condition"": {
                  ""and_conditions"": [
                    {
                      ""left"": { ""attribute_name"": ""birth_year"", ""of"": ""a1"" },
                      ""operator"": ""="",
                      ""right"": { ""attribute_name"": ""birth_year"", ""of"": ""a2"" }
                    }
                  ]
                }
              },
              ""operator"": "">="",
              ""right"": 4
            }
          ]
        }
      }
    ],
    [
      {
        ""id"": ""q2"",
        ""target"": [""e_movie""],
        ""entities"": [
          { ""id"": ""e_movie"", ""type"": ""Movie"" },
          { ""id"": ""a1"", ""type"": ""Person"" },
          { ""id"": ""a2"", ""type"": ""Person"" },
          { ""id"": ""a3"", ""type"": ""Person"" },
          { ""id"": ""a4"", ""type"": ""Person"" },
          { ""id"": ""a5"", ""type"": ""Person"" }
        ],
        ""relationships"": [
          { ""id"": ""r1"", ""role"": ""actor"", ""from"": ""a1"", ""to"": ""e_movie"" },
          { ""id"": ""r2"", ""role"": ""actor"", ""from"": ""a2"", ""to"": ""e_movie"" },
          { ""id"": ""r3"", ""role"": ""actor"", ""from"": ""a3"", ""to"": ""e_movie"" },
          { ""id"": ""r4"", ""role"": ""actor"", ""from"": ""a4"", ""to"": ""e_movie"" },
          { ""id"": ""r5"", ""role"": ""actor"", ""from"": ""a5"", ""to"": ""e_movie"" }
        ],
        ""constraint"": {
          ""and_conditions"": [
            ""r1"",
            ""r2"",
            ""r3"",
            ""r4"",
            ""r5"",
            {
              ""left"": {
                ""count_id"": ""a1"",
                ""condition"": {
                  ""and_conditions"": [
                    {
                      ""left"": { ""attribute_name"": ""birth_year"", ""of"": ""a1"" },
                      ""operator"": ""="",
                      ""right"": { ""attribute_name"": ""birth_year"", ""of"": ""a2"" }
                    }
                  ]
                }
              },
              ""operator"": "">="",
              ""right"": 4
            }
          ]
        }
      }
    ]
  ]
}
```"
28,Q02,Which movies have more than four actors born in the same year as another actor in the cast?,ministral-3:8b,False,0.15,159.191255,True,stop,4096,7.233672,873,151.038718,5.78,"```json
{
  ""hypotheses_set"": [
    [
      {
        ""id"": ""q1"",
        ""target"": [""e_movie""],
        ""entities"": [
          { ""id"": ""e_movie"", ""type"": ""Movie"" },
          { ""id"": ""a1"", ""type"": ""Person"" },
          { ""id"": ""a2"", ""type"": ""Person"" },
          { ""id"": ""a3"", ""type"": ""Person"" },
          { ""id"": ""a4"", ""type"": ""Person"" }
        ],
        ""relationships"": [
          { ""id"": ""r_act1"", ""role"": ""actor"", ""from"": ""a1"", ""to"": ""e_movie"" },
          { ""id"": ""r_act2"", ""role"": ""actor"", ""from"": ""a2"", ""to"": ""e_movie"" },
          { ""id"": ""r_act3"", ""role"": ""actor"", ""from"": ""a3"", ""to"": ""e_movie"" },
          { ""id"": ""r_act4"", ""role"": ""actor"", ""from"": ""a4"", ""to"": ""e_movie"" }
        ],
        ""constraint"": {
          ""and_conditions"": [
            ""r_act1"",
            ""r_act2"",
            ""r_act3"",
            {
              ""left"": {
                ""count_id"": ""a4"",
                ""condition"": {
                  ""and_conditions"": [
                    {
                      ""left"": { ""attribute_name"": ""birth_year"", ""of"": ""a1"" },
                      ""operator"": ""="",
                      ""right"": { ""attribute_name"": ""birth_year"", ""of"": ""a2"" }
                    },
                    ""r_act4""
                  ]
                }
              },
              ""operator"": "">="",
              ""right"": 4
            }
          ]
        }
      }
    ],
    [
      {
        ""id"": ""q2"",
        ""target"": [""e_movie""],
        ""entities"": [
          { ""id"": ""e_movie"", ""type"": ""Movie"" },
          { ""id"": ""a1"", ""type"": ""Person"" },
          { ""id"": ""a2"", ""type"": ""Person"" },
          { ""id"": ""a3"", ""type"": ""Person"" },
          { ""id"": ""a4"", ""type"": ""Person"" },
          { ""id"": ""a5"", ""type"": ""Person"" }
        ],
        ""relationships"": [
          { ""id"": ""r_act1"", ""role"": ""actor"", ""from"": ""a1"", ""to"": ""e_movie"" },
          { ""id"": ""r_act2"", ""role"": ""actor"", ""from"": ""a2"", ""to"": ""e_movie"" },
          { ""id"": ""r_act3"", ""role"": ""actor"", ""from"": ""a3"", ""to"": ""e_movie"" },
          { ""id"": ""r_act4"", ""role"": ""actor"", ""from"": ""a4"", ""to"": ""e_movie"" },
          { ""id"": ""r_act5"", ""role"": ""actor"", ""from"": ""a5"", ""to"": ""e_movie"" }
        ],
        ""constraint"": {
          ""and_conditions"": [
            ""r_act1"",
            ""r_act2"",
            ""r_act3"",
            ""r_act4"",
            {
              ""left"": {
                ""count_id"": ""a5"",
                ""condition"": {
                  ""and_conditions"": [
                    {
                      ""left"": { ""attribute_name"": ""birth_year"", ""of"": ""a1"" },
                      ""operator"": ""="",
                      ""right"": { ""attribute_name"": ""birth_year"", ""of"": ""a2"" }
                    },
                    ""r_act5""
                  ]
                }
              },
              ""operator"": "">="",
              ""right"": 4
            }
          ]
        }
      }
    ]
  ]
}
```"
29,Q02,Which movies have more than four actors born in the same year as another actor in the cast?,ministral-3:8b,False,0.15,202.91393,True,stop,4096,7.196446,1119,194.640154,5.7491,"```json
{
  ""hypotheses_set"": [
    [
      {
        ""id"": ""q1"",
        ""target"": [""e_movie""],
        ""entities"": [
          { ""id"": ""e_movie"", ""type"": ""Movie"" },
          { ""id"": ""a1"", ""type"": ""Person"" },
          { ""id"": ""a2"", ""type"": ""Person"" },
          { ""id"": ""a3"", ""type"": ""Person"" },
          { ""id"": ""a4"", ""type"": ""Person"" }
        ],
        ""relationships"": [
          { ""id"": ""r_act1"", ""role"": ""actor"", ""from"": ""a1"", ""to"": ""e_movie"" },
          { ""id"": ""r_act2"", ""role"": ""actor"", ""from"": ""a2"", ""to"": ""e_movie"" },
          { ""id"": ""r_act3"", ""role"": ""actor"", ""from"": ""a3"", ""to"": ""e_movie"" },
          { ""id"": ""r_act4"", ""role"": ""actor"", ""from"": ""a4"", ""to"": ""e_movie"" }
        ],
        ""constraint"": {
          ""and_conditions"": [
            ""r_act1"",
            ""r_act2"",
            ""r_act3"",
            {
              ""left"": {
                ""count_id"": ""a4"",
                ""condition"": {
                  ""and_conditions"": [
                    ""r_act4"",
                    {
                      ""all_id"": ""a3"",
                      ""condition"": {
                        ""and_conditions"": [
                          {
                            ""left"": { ""attribute_name"": ""birth_year"", ""of"": ""a3"" },
                            ""operator"": ""="",
                            ""right"": { ""attribute_name"": ""birth_year"", ""of"": ""a4"" }
                          },
                          {
                            ""left"": { ""attribute_name"": ""birth_year"", ""of"": ""a3"" },
                            ""operator"": ""="",
                            ""right"": { ""attribute_name"": ""birth_year"", ""of"": ""a1"" }
                          }
                        ]
                      }
                    }
                  ]
                }
              },
              ""operator"": "">="",
              ""right"": 4
            }
          ]
        }
      }
    ],
    [
      {
        ""id"": ""q2"",
        ""target"": [""e_movie""],
        ""entities"": [
          { ""id"": ""e_movie"", ""type"": ""Movie"" },
          { ""id"": ""a1"", ""type"": ""Person"" },
          { ""id"": ""a2"", ""type"": ""Person"" },
          { ""id"": ""a3"", ""type"": ""Person"" },
          { ""id"": ""a4"", ""type"": ""Person"" },
          { ""id"": ""a5"", ""type"": ""Person"" }
        ],
        ""relationships"": [
          { ""id"": ""r_act1"", ""role"": ""actor"", ""from"": ""a1"", ""to"": ""e_movie"" },
          { ""id"": ""r_act2"", ""role"": ""actor"", ""from"": ""a2"", ""to"": ""e_movie"" },
          { ""id"": ""r_act3"", ""role"": ""actor"", ""from"": ""a3"", ""to"": ""e_movie"" },
          { ""id"": ""r_act4"", ""role"": ""actor"", ""from"": ""a4"", ""to"": ""e_movie"" },
          { ""id"": ""r_act5"", ""role"": ""actor"", ""from"": ""a5"", ""to"": ""e_movie"" }
        ],
        ""constraint"": {
          ""and_conditions"": [
            ""r_act1"",
            ""r_act2"",
            ""r_act3"",
            ""r_act4"",
            {
              ""left"": {
                ""count_id"": ""a5"",
                ""condition"": {
                  ""and_conditions"": [
                    ""r_act5"",
                    {
                      ""all_id"": ""a4"",
                      ""condition"": {
                        ""and_conditions"": [
                          {
                            ""left"": { ""attribute_name"": ""birth_year"", ""of"": ""a4"" },
                            ""operator"": ""="",
                            ""right"": { ""attribute_name"": ""birth_year"", ""of"": ""a5"" }
                          },
                          {
                            ""all_id"": ""a3"",
                            ""condition"": {
                              ""and_conditions"": [
                                {
                                  ""left"": { ""attribute_name"": ""birth_year"", ""of"": ""a3"" },
                                  ""operator"": ""="",
                                  ""right"": { ""attribute_name"": ""birth_year"", ""of"": ""a5"" }
                                },
                                {
                                  ""left"": { ""attribute_name"": ""birth_year"", ""of"": ""a3"" },
                                  ""operator"": ""="",
                                  ""right"": { ""attribute_name"": ""birth_year"", ""of"": ""a1"" }
                                }
                              ]
                            }
                          }
                        ]
                      }
                    }
                  ]
                }
              },
              ""operator"": "">="",
              ""right"": 4
            }
          ]
        }
      }
    ]
  ]
}
```"
30,Q02,Which movies have more than four actors born in the same year as another actor in the cast?,ministral-3:8b,False,0.15,60.280839,False,stop,4096,7.215999,309,52.499465,5.8858,"```json
{
  ""hypotheses_set"": [
    [
      {
        ""id"": ""q1"",
        ""target"": [""e_movie""],
        ""entities"": [
          { ""id"": ""e_movie"", ""type"": ""Movie"" },
          { ""id"": ""a1"", ""type"": ""Person"" },
          { ""id"": ""a2"", ""type"": ""Person"" }
        ],
        ""relationships"": [
          { ""id"": ""r_act1"", ""role"": ""actor"", ""from"": ""a1"", ""to"": ""e_movie"" },
          { ""id"": ""r_act2"", ""role"": ""actor"", ""from"": ""a2"", ""to"": ""e_movie"" }
        ],
        ""constraint"": {
          ""and_conditions"": [
            {
              ""left"": {
                ""count_id"": ""a2"",
                ""condition"": {
                  ""and_conditions"": [
                    {
                      ""left"": { ""attribute_name"": ""birth_year"", ""of"": ""a1"" },
                      ""operator"": ""="",
                      ""right"": { ""attribute_name"": ""birth_year"", ""of"": ""a2"" }
                    },
                    { ""not"": ""r_act2"" }  // Ensure distinct actors
                  ]
                }
              },
              ""operator"": "">="",
              ""right"": 4
            }
          ]
        }
      }
    ]
  ]
}
```"
