Run,Query ID,Query,Model,Thinking,Temperature,Inference Time (s),Valid JSON,Done Reason,Prompt Eval Count,Prompt Eval Duration (s),Eval Count,Eval Duration (s),Generation Throughput (tokens/s),Response
1,Q12,Give me the actors of The Matrix along with the three actors who have acted the most in any movie with them,ministral-3:8b,False,0.15,185.345493,True,stop,4096,7.239775,1019,177.076045,5.7546,"```json
{
  ""hypotheses_set"": [
    [
      {
        ""id"": ""q1"",
        ""target"": [""e_matrix_actor""],
        ""entities"": [
          { ""id"": ""e_movie"", ""type"": ""Movie"" },
          { ""id"": ""e_matrix_actor"", ""type"": ""Person"" },
          { ""id"": ""e_co_actor"", ""type"": ""Person"" }
        ],
        ""relationships"": [
          { ""id"": ""r_act_matrix"", ""role"": ""actor"", ""from"": ""e_matrix_actor"", ""to"": ""e_movie"" },
          { ""id"": ""r_act_co"", ""role"": ""actor"", ""from"": ""e_co_actor"", ""to"": ""e_movie"" }
        ],
        ""constraint"": {
          ""and_conditions"": [
            {
              ""left"": { ""attribute_name"": ""title"", ""of"": ""e_movie"" },
              ""operator"": ""="",
              ""right"": ""The Matrix""
            },
            ""r_act_matrix""
          ]
        },
        ""projection"": [
          { ""attribute_name"": ""name"", ""of"": ""e_matrix_actor"" }
        ]
      }
    ],
    [
      {
        ""id"": ""q2"",
        ""target"": [""e_co_actor""],
        ""entities"": [
          { ""id"": ""e_matrix_actor"", ""type"": ""Person"" },
          { ""id"": ""e_co_actor"", ""type"": ""Person"" },
          { ""id"": ""e_common_movie"", ""type"": ""Movie"" }
        ],
        ""relationships"": [
          { ""id"": ""r_act_matrix"", ""role"": ""actor"", ""from"": ""e_matrix_actor"", ""to"": ""e_common_movie"" },
          { ""id"": ""r_act_co"", ""role"": ""actor"", ""from"": ""e_co_actor"", ""to"": ""e_common_movie"" }
        ],
        ""constraint"": {
          ""and_conditions"": [
            {
              ""left"": { ""count_id"": ""e_common_movie"" },
              ""operator"": "">="",
              ""right"": 1
            },
            {
              ""left"": {
                ""count_id"": ""e_common_movie"",
                ""condition"": {
                  ""and_conditions"": [
                    ""r_act_matrix"",
                    ""r_act_co""
                  ]
                }
              },
              ""operator"": "">="",
              ""right"": 3
            }
          ]
        },
        ""projection"": [
          { ""attribute_name"": ""name"", ""of"": ""e_co_actor"" }
        ]
      }
    ],
    [
      {
        ""id"": ""q3"",
        ""target"": [""e_co_actor""],
        ""entities"": [
          { ""id"": ""e_matrix_actor"", ""type"": ""Person"" },
          { ""id"": ""e_co_actor"", ""type"": ""Person"" },
          { ""id"": ""e_common_movie"", ""type"": ""Movie"" }
        ],
        ""relationships"": [
          { ""id"": ""r_act_matrix"", ""role"": ""actor"", ""from"": ""e_matrix_actor"", ""to"": ""e_common_movie"" },
          { ""id"": ""r_act_co"", ""role"": ""actor"", ""from"": ""e_co_actor"", ""to"": ""e_common_movie"" }
        ],
        ""constraint"": {
          ""and_conditions"": [
            {
              ""left"": { ""count_id"": ""e_common_movie"" },
              ""operator"": "">="",
              ""right"": 1
            },
            {
              ""left"": {
                ""count_id"": ""e_common_movie"",
                ""condition"": {
                  ""and_conditions"": [
                    ""r_act_matrix"",
                    ""r_act_co""
                  ]
                }
              },
              ""operator"": "">="",
              ""right"": 3
            },
            {
              ""left"": {
                ""count_id"": ""e_common_movie"",
                ""condition"": {
                  ""and_conditions"": [
                    ""r_act_matrix"",
                    ""r_act_co""
                  ]
                }
              },
              ""operator"": ""="",
              ""right"": {
                ""left"": {
                  ""count_id"": ""e_common_movie"",
                  ""condition"": {
                    ""and_conditions"": [
                      ""r_act_matrix"",
                      ""r_act_co""
                    ]
                  }
                },
                ""operator"": ""top"",
                ""right"": 3
              }
            }
          ]
        },
        ""projection"": [
          { ""attribute_name"": ""name"", ""of"": ""e_co_actor"" }
        ]
      }
    ]
  ]
}
```"
2,Q12,Give me the actors of The Matrix along with the three actors who have acted the most in any movie with them,ministral-3:8b,False,0.15,183.008827,True,stop,4096,7.237711,1008,174.78711,5.767,"```json
{
  ""hypotheses_set"": [
    [
      {
        ""id"": ""q1"",
        ""target"": [""e_matrix_actor""],
        ""entities"": [
          { ""id"": ""e_movie"", ""type"": ""Movie"" },
          { ""id"": ""e_matrix_actor"", ""type"": ""Person"" },
          { ""id"": ""e_co_actor"", ""type"": ""Person"" }
        ],
        ""relationships"": [
          { ""id"": ""r_act_matrix"", ""role"": ""actor"", ""from"": ""e_matrix_actor"", ""to"": ""e_movie"" },
          { ""id"": ""r_act_co"", ""role"": ""actor"", ""from"": ""e_co_actor"", ""to"": ""e_movie"" }
        ],
        ""constraint"": {
          ""and_conditions"": [
            {
              ""left"": { ""attribute_name"": ""title"", ""of"": ""e_movie"" },
              ""operator"": ""="",
              ""right"": ""The Matrix""
            },
            ""r_act_matrix""
          ]
        },
        ""projection"": [
          { ""attribute_name"": ""name"", ""of"": ""e_matrix_actor"" }
        ]
      }
    ],
    [
      {
        ""id"": ""q2"",
        ""target"": [""e_co_actor""],
        ""entities"": [
          { ""id"": ""e_matrix_actor"", ""type"": ""Person"" },
          { ""id"": ""e_co_actor"", ""type"": ""Person"" },
          { ""id"": ""e_common_movie"", ""type"": ""Movie"" }
        ],
        ""relationships"": [
          { ""id"": ""r_act_matrix"", ""role"": ""actor"", ""from"": ""e_matrix_actor"", ""to"": ""e_common_movie"" },
          { ""id"": ""r_act_co"", ""role"": ""actor"", ""from"": ""e_co_actor"", ""to"": ""e_common_movie"" }
        ],
        ""constraint"": {
          ""and_conditions"": [
            {
              ""left"": { ""count_id"": ""e_common_movie"" },
              ""operator"": "">="",
              ""right"": 1
            },
            {
              ""left"": {
                ""count_id"": ""e_common_movie"",
                ""condition"": {
                  ""and_conditions"": [
                    ""r_act_matrix"",
                    ""r_act_co""
                  ]
                }
              },
              ""operator"": "">="",
              ""right"": 3
            }
          ]
        },
        ""projection"": [
          { ""attribute_name"": ""name"", ""of"": ""e_co_actor"" }
        ]
      }
    ],
    [
      {
        ""id"": ""q3"",
        ""target"": [""e_co_actor""],
        ""entities"": [
          { ""id"": ""e_matrix_actor"", ""type"": ""Person"" },
          { ""id"": ""e_co_actor"", ""type"": ""Person"" },
          { ""id"": ""e_common_movie"", ""type"": ""Movie"" }
        ],
        ""relationships"": [
          { ""id"": ""r_act_matrix"", ""role"": ""actor"", ""from"": ""e_matrix_actor"", ""to"": ""e_common_movie"" },
          { ""id"": ""r_act_co"", ""role"": ""actor"", ""from"": ""e_co_actor"", ""to"": ""e_common_movie"" }
        ],
        ""constraint"": {
          ""and_conditions"": [
            {
              ""left"": { ""count_id"": ""e_common_movie"" },
              ""operator"": "">="",
              ""right"": 1
            },
            {
              ""left"": {
                ""count_id"": ""e_common_movie"",
                ""condition"": {
                  ""and_conditions"": [
                    ""r_act_matrix"",
                    ""r_act_co""
                  ]
                }
              },
              ""operator"": "">="",
              ""right"": 3
            },
            {
              ""left"": {
                ""count_id"": ""e_common_movie"",
                ""condition"": {
                  ""and_conditions"": [
                    ""r_act_matrix"",
                    ""r_act_co""
                  ]
                }
              },
              ""operator"": "">"",
              ""right"": {
                ""count_id"": ""e_common_movie"",
                ""condition"": {
                  ""and_conditions"": [
                    ""r_act_matrix"",
                    ""r_act_co""
                  ]
                },
                ""group_by"": ""e_co_actor""
              }
            }
          ]
        },
        ""projection"": [
          { ""attribute_name"": ""name"", ""of"": ""e_co_actor"" }
        ]
      }
    ]
  ]
}
```"
3,Q12,Give me the actors of The Matrix along with the three actors who have acted the most in any movie with them,ministral-3:8b,False,0.15,132.575441,True,stop,4096,7.246668,721,124.475096,5.7923,"```json
{
  ""hypotheses_set"": [
    [
      {
        ""id"": ""q1"",
        ""target"": [""e_matrix_actor""],
        ""entities"": [
          { ""id"": ""e_movie"", ""type"": ""Movie"" },
          { ""id"": ""e_matrix_actor"", ""type"": ""Person"" },
          { ""id"": ""e_co_actor"", ""type"": ""Person"" }
        ],
        ""relationships"": [
          { ""id"": ""r_act_matrix"", ""role"": ""actor"", ""from"": ""e_matrix_actor"", ""to"": ""e_movie"" },
          { ""id"": ""r_act_co"", ""role"": ""actor"", ""from"": ""e_co_actor"", ""to"": ""e_movie"" }
        ],
        ""constraint"": {
          ""and_conditions"": [
            {
              ""left"": { ""attribute_name"": ""title"", ""of"": ""e_movie"" },
              ""operator"": ""="",
              ""right"": ""The Matrix""
            },
            ""r_act_matrix""
          ]
        },
        ""projection"": [
          { ""attribute_name"": ""name"", ""of"": ""e_matrix_actor"" }
        ]
      }
    ],
    [
      {
        ""id"": ""q2"",
        ""target"": [""e_co_actor""],
        ""entities"": [
          { ""id"": ""e_matrix_actor"", ""type"": ""Person"" },
          { ""id"": ""e_co_actor"", ""type"": ""Person"" },
          { ""id"": ""e_common_movie"", ""type"": ""Movie"" }
        ],
        ""relationships"": [
          { ""id"": ""r_act_matrix"", ""role"": ""actor"", ""from"": ""e_matrix_actor"", ""to"": ""e_common_movie"" },
          { ""id"": ""r_act_co"", ""role"": ""actor"", ""from"": ""e_co_actor"", ""to"": ""e_common_movie"" }
        ],
        ""constraint"": {
          ""and_conditions"": [
            {
              ""left"": { ""attribute_name"": ""name"", ""of"": ""e_matrix_actor"" },
              ""operator"": ""in"",
              ""right"": {
                ""query"": ""q1"",
                ""target"": [""e_matrix_actor""]
              }
            },
            {
              ""left"": {
                ""count_id"": ""e_common_movie"",
                ""condition"": ""r_act_matrix""
              },
              ""operator"": "">="",
              ""right"": 1
            },
            {
              ""left"": {
                ""count_id"": ""e_co_actor"",
                ""condition"": {
                  ""and_conditions"": [
                    ""r_act_co"",
                    {
                      ""left"": {
                        ""count_id"": ""e_common_movie"",
                        ""condition"": {
                          ""and_conditions"": [
                            ""r_act_matrix"",
                            ""r_act_co""
                          ]
                        }
                      },
                      ""operator"": "">="",
                      ""right"": 1
                    }
                  ]
                }
              },
              ""operator"": ""top"",
              ""right"": 3,
              ""group_by"": ""e_co_actor""
            }
          ]
        },
        ""projection"": [
          { ""attribute_name"": ""name"", ""of"": ""e_co_actor"" }
        ]
      }
    ]
  ]
}
```"
4,Q12,Give me the actors of The Matrix along with the three actors who have acted the most in any movie with them,ministral-3:8b,False,0.15,118.637435,True,stop,4096,7.261775,643,110.614568,5.813,"```json
{
  ""hypotheses_set"": [
    [
      {
        ""id"": ""q1"",
        ""target"": [""e_actor""],
        ""entities"": [
          { ""id"": ""e_movie"", ""type"": ""Movie"" },
          { ""id"": ""e_actor"", ""type"": ""Person"" }
        ],
        ""relationships"": [
          { ""id"": ""r_acted_in"", ""role"": ""actor"", ""from"": ""e_actor"", ""to"": ""e_movie"" }
        ],
        ""constraint"": {
          ""and_conditions"": [
            {
              ""left"": { ""attribute_name"": ""name"", ""of"": ""e_movie"" },
              ""operator"": ""="",
              ""right"": ""The Matrix""
            },
            ""r_acted_in""
          ]
        },
        ""projection"": [
          { ""attribute_name"": ""name"", ""of"": ""e_actor"" }
        ]
      }
    ],
    [
      {
        ""id"": ""q2"",
        ""target"": [""e_top_actor""],
        ""entities"": [
          { ""id"": ""e_actor"", ""type"": ""Person"" },
          { ""id"": ""e_movie"", ""type"": ""Movie"" },
          { ""id"": ""e_co_actor"", ""type"": ""Person"" }
        ],
        ""relationships"": [
          { ""id"": ""r_acted_in_1"", ""role"": ""actor"", ""from"": ""e_actor"", ""to"": ""e_movie"" },
          { ""id"": ""r_acted_in_2"", ""role"": ""actor"", ""from"": ""e_co_actor"", ""to"": ""e_movie"" }
        ],
        ""constraint"": {
          ""and_conditions"": [
            {
              ""left"": { ""attribute_name"": ""name"", ""of"": ""e_actor"" },
              ""operator"": ""in"",
              ""right"": {
                ""projection"": [
                  { ""attribute_name"": ""name"", ""of"": ""e_actor"" }
                ],
                ""input"": ""q1""
              }
            },
            {
              ""left"": {
                ""count_id"": ""e_co_actor"",
                ""condition"": {
                  ""and_conditions"": [
                    ""r_acted_in_2"",
                    {
                      ""left"": { ""attribute_name"": ""movie_id"", ""of"": ""e_movie"" },
                      ""operator"": ""in"",
                      ""right"": {
                        ""projection"": [
                          { ""attribute_name"": ""id"", ""of"": ""e_movie"" }
                        ],
                        ""input"": ""q1""
                      }
                    }
                  ]
                }
              },
              ""operator"": "">="",
              ""right"": 3
            }
          ]
        },
        ""projection"": [
          { ""attribute_name"": ""name"", ""of"": ""e_co_actor"" }
        ],
        ""limit"": 3
      }
    ]
  ]
}
```"
5,Q12,Give me the actors of The Matrix along with the three actors who have acted the most in any movie with them,ministral-3:8b,False,0.15,167.835539,True,stop,4096,7.235413,921,159.648901,5.7689,"```json
{
  ""hypotheses_set"": [
    [
      {
        ""id"": ""q1"",
        ""target"": [""e_matrix_actor""],
        ""entities"": [
          { ""id"": ""e_movie"", ""type"": ""Movie"" },
          { ""id"": ""e_matrix_actor"", ""type"": ""Person"" },
          { ""id"": ""e_co_actor"", ""type"": ""Person"" }
        ],
        ""relationships"": [
          { ""id"": ""r_act_matrix"", ""role"": ""actor"", ""from"": ""e_matrix_actor"", ""to"": ""e_movie"" },
          { ""id"": ""r_act_co"", ""role"": ""actor"", ""from"": ""e_co_actor"", ""to"": ""e_movie"" }
        ],
        ""constraint"": {
          ""and_conditions"": [
            {
              ""left"": { ""attribute_name"": ""title"", ""of"": ""e_movie"" },
              ""operator"": ""="",
              ""right"": ""The Matrix""
            },
            {
              ""left"": { ""count_id"": ""e_co_actor"" },
              ""operator"": ""="",
              ""right"": 3
            },
            {
              ""left"": {
                ""count_id"": ""e_co_actor"",
                ""condition"": {
                  ""left"": {
                    ""count_id"": ""e_co_actor"",
                    ""condition"": {
                      ""left"": { ""attribute_name"": ""title"", ""of"": ""e_movie"" },
                      ""operator"": ""!="",
                      ""right"": ""The Matrix""
                    }
                  },
                  ""operator"": "">="",
                  ""right"": 1
                }
              },
              ""operator"": "">="",
              ""right"": {
                ""count_id"": ""e_co_actor"",
                ""condition"": {
                  ""left"": {
                    ""count_id"": ""e_co_actor"",
                    ""condition"": {
                      ""left"": { ""attribute_name"": ""title"", ""of"": ""e_movie"" },
                      ""operator"": ""!="",
                      ""right"": ""The Matrix""
                    }
                  },
                  ""operator"": "">="",
                  ""right"": 1
                }
              }
            }
          ]
        },
        ""projection"": [
          { ""attribute_name"": ""name"", ""of"": ""e_matrix_actor"" }
        ]
      }
    ],
    [
      {
        ""id"": ""q2"",
        ""target"": [""e_co_actor_top3""],
        ""entities"": [
          { ""id"": ""e_matrix_actor"", ""type"": ""Person"" },
          { ""id"": ""e_co_actor"", ""type"": ""Person"" },
          { ""id"": ""e_movie"", ""type"": ""Movie"" }
        ],
        ""relationships"": [
          { ""id"": ""r_act_matrix"", ""role"": ""actor"", ""from"": ""e_matrix_actor"", ""to"": ""e_movie"" },
          { ""id"": ""r_act_co"", ""role"": ""actor"", ""from"": ""e_co_actor"", ""to"": ""e_movie"" }
        ],
        ""constraint"": {
          ""and_conditions"": [
            {
              ""left"": { ""attribute_name"": ""title"", ""of"": ""e_movie"" },
              ""operator"": ""="",
              ""right"": ""The Matrix""
            },
            {
              ""left"": {
                ""count_id"": ""e_co_actor"",
                ""condition"": {
                  ""left"": { ""attribute_name"": ""title"", ""of"": ""e_movie"" },
                  ""operator"": ""!="",
                  ""right"": ""The Matrix""
                }
              },
              ""operator"": "">="",
              ""right"": 3
            },
            {
              ""left"": {
                ""count_id"": ""e_co_actor"",
                ""condition"": {
                  ""left"": { ""attribute_name"": ""title"", ""of"": ""e_movie"" },
                  ""operator"": ""!="",
                  ""right"": ""The Matrix""
                }
              },
              ""operator"": ""in_top"",
              ""right"": 3
            }
          ]
        },
        ""projection"": [
          { ""attribute_name"": ""name"", ""of"": ""e_co_actor"" }
        ]
      }
    ]
  ]
}
```"
6,Q12,Give me the actors of The Matrix along with the three actors who have acted the most in any movie with them,ministral-3:8b,False,0.15,183.118195,True,stop,4096,7.237709,1008,174.885578,5.7638,"```json
{
  ""hypotheses_set"": [
    [
      {
        ""id"": ""q1"",
        ""target"": [""e_matrix_actor""],
        ""entities"": [
          { ""id"": ""e_movie"", ""type"": ""Movie"" },
          { ""id"": ""e_matrix_actor"", ""type"": ""Person"" },
          { ""id"": ""e_co_actor"", ""type"": ""Person"" }
        ],
        ""relationships"": [
          { ""id"": ""r_act_matrix"", ""role"": ""actor"", ""from"": ""e_matrix_actor"", ""to"": ""e_movie"" },
          { ""id"": ""r_act_co"", ""role"": ""actor"", ""from"": ""e_co_actor"", ""to"": ""e_movie"" }
        ],
        ""constraint"": {
          ""and_conditions"": [
            {
              ""left"": { ""attribute_name"": ""title"", ""of"": ""e_movie"" },
              ""operator"": ""="",
              ""right"": ""The Matrix""
            },
            ""r_act_matrix""
          ]
        },
        ""projection"": [
          { ""attribute_name"": ""name"", ""of"": ""e_matrix_actor"" }
        ]
      }
    ],
    [
      {
        ""id"": ""q2"",
        ""target"": [""e_co_actor""],
        ""entities"": [
          { ""id"": ""e_matrix_actor"", ""type"": ""Person"" },
          { ""id"": ""e_co_actor"", ""type"": ""Person"" },
          { ""id"": ""e_common_movie"", ""type"": ""Movie"" }
        ],
        ""relationships"": [
          { ""id"": ""r_act_matrix"", ""role"": ""actor"", ""from"": ""e_matrix_actor"", ""to"": ""e_common_movie"" },
          { ""id"": ""r_act_co"", ""role"": ""actor"", ""from"": ""e_co_actor"", ""to"": ""e_common_movie"" }
        ],
        ""constraint"": {
          ""and_conditions"": [
            {
              ""left"": { ""count_id"": ""e_common_movie"" },
              ""operator"": "">="",
              ""right"": 1
            },
            {
              ""left"": {
                ""count_id"": ""e_common_movie"",
                ""condition"": {
                  ""and_conditions"": [
                    ""r_act_matrix"",
                    ""r_act_co""
                  ]
                }
              },
              ""operator"": "">="",
              ""right"": 3
            }
          ]
        },
        ""projection"": [
          { ""attribute_name"": ""name"", ""of"": ""e_co_actor"" }
        ]
      }
    ],
    [
      {
        ""id"": ""q3"",
        ""target"": [""e_co_actor""],
        ""entities"": [
          { ""id"": ""e_matrix_actor"", ""type"": ""Person"" },
          { ""id"": ""e_co_actor"", ""type"": ""Person"" },
          { ""id"": ""e_common_movie"", ""type"": ""Movie"" }
        ],
        ""relationships"": [
          { ""id"": ""r_act_matrix"", ""role"": ""actor"", ""from"": ""e_matrix_actor"", ""to"": ""e_common_movie"" },
          { ""id"": ""r_act_co"", ""role"": ""actor"", ""from"": ""e_co_actor"", ""to"": ""e_common_movie"" }
        ],
        ""constraint"": {
          ""and_conditions"": [
            {
              ""left"": { ""count_id"": ""e_common_movie"" },
              ""operator"": "">="",
              ""right"": 1
            },
            {
              ""left"": {
                ""count_id"": ""e_common_movie"",
                ""condition"": {
                  ""and_conditions"": [
                    ""r_act_matrix"",
                    ""r_act_co""
                  ]
                }
              },
              ""operator"": "">="",
              ""right"": 3
            },
            {
              ""left"": {
                ""count_id"": ""e_common_movie"",
                ""condition"": {
                  ""and_conditions"": [
                    ""r_act_matrix"",
                    ""r_act_co""
                  ]
                }
              },
              ""operator"": "">"",
              ""right"": {
                ""count_id"": ""e_common_movie"",
                ""condition"": {
                  ""and_conditions"": [
                    ""r_act_matrix"",
                    ""r_act_co""
                  ]
                },
                ""group_by"": [""e_co_actor""]
              }
            }
          ]
        },
        ""projection"": [
          { ""attribute_name"": ""name"", ""of"": ""e_co_actor"" }
        ]
      }
    ]
  ]
}
```"
7,Q12,Give me the actors of The Matrix along with the three actors who have acted the most in any movie with them,ministral-3:8b,False,0.15,114.137048,True,stop,4096,7.207628,617,106.175727,5.8111,"```json
{
  ""hypotheses_set"": [
    [
      {
        ""id"": ""q1"",
        ""target"": [""e_matrix_actor""],
        ""entities"": [
          { ""id"": ""e_movie"", ""type"": ""Movie"" },
          { ""id"": ""e_matrix_actor"", ""type"": ""Person"" },
          { ""id"": ""e_co_actor"", ""type"": ""Person"" }
        ],
        ""relationships"": [
          { ""id"": ""r_act_matrix"", ""role"": ""actor"", ""from"": ""e_matrix_actor"", ""to"": ""e_movie"" },
          { ""id"": ""r_act_co"", ""role"": ""actor"", ""from"": ""e_co_actor"", ""to"": ""e_movie"" }
        ],
        ""constraint"": {
          ""and_conditions"": [
            {
              ""left"": { ""attribute_name"": ""title"", ""of"": ""e_movie"" },
              ""operator"": ""="",
              ""right"": ""The Matrix""
            },
            ""r_act_matrix""
          ]
        },
        ""projection"": [
          { ""attribute_name"": ""name"", ""of"": ""e_matrix_actor"" }
        ]
      }
    ],
    [
      {
        ""id"": ""q2"",
        ""target"": [""e_co_actor""],
        ""entities"": [
          { ""id"": ""e_matrix_actor"", ""type"": ""Person"" },
          { ""id"": ""e_co_actor"", ""type"": ""Person"" },
          { ""id"": ""e_common_movie"", ""type"": ""Movie"" }
        ],
        ""relationships"": [
          { ""id"": ""r_act_matrix"", ""role"": ""actor"", ""from"": ""e_matrix_actor"", ""to"": ""e_common_movie"" },
          { ""id"": ""r_act_co"", ""role"": ""actor"", ""from"": ""e_co_actor"", ""to"": ""e_common_movie"" }
        ],
        ""constraint"": {
          ""and_conditions"": [
            {
              ""left"": { ""count_id"": ""e_common_movie"" },
              ""operator"": "">="",
              ""right"": 1
            },
            {
              ""left"": {
                ""count_id"": ""e_common_movie"",
                ""condition"": {
                  ""and_conditions"": [
                    { ""left"": { ""attribute_name"": ""name"", ""of"": ""e_matrix_actor"" }, ""operator"": ""="", ""right"": { ""attribute_name"": ""name"", ""of"": ""e_matrix_actor"" } }
                  ]
                }
              },
              ""operator"": "">="",
              ""right"": 3
            }
          ]
        },
        ""projection"": [
          { ""attribute_name"": ""name"", ""of"": ""e_co_actor"" }
        ]
      }
    ]
  ]
}
```"
8,Q12,Give me the actors of The Matrix along with the three actors who have acted the most in any movie with them,ministral-3:8b,False,0.15,116.705892,True,stop,4096,7.205176,631,108.727921,5.8035,"```json
{
  ""hypotheses_set"": [
    [
      {
        ""id"": ""q1"",
        ""target"": [""e_matrix_actor""],
        ""entities"": [
          { ""id"": ""e_movie"", ""type"": ""Movie"" },
          { ""id"": ""e_matrix_actor"", ""type"": ""Person"" },
          { ""id"": ""e_co_actor"", ""type"": ""Person"" }
        ],
        ""relationships"": [
          { ""id"": ""r_act_matrix"", ""role"": ""actor"", ""from"": ""e_matrix_actor"", ""to"": ""e_movie"" },
          { ""id"": ""r_act_co"", ""role"": ""actor"", ""from"": ""e_co_actor"", ""to"": ""e_movie"" }
        ],
        ""constraint"": {
          ""and_conditions"": [
            {
              ""left"": { ""attribute_name"": ""title"", ""of"": ""e_movie"" },
              ""operator"": ""="",
              ""right"": ""The Matrix""
            },
            ""r_act_matrix""
          ]
        },
        ""projection"": [
          { ""attribute_name"": ""name"", ""of"": ""e_matrix_actor"" }
        ]
      }
    ],
    [
      {
        ""id"": ""q2"",
        ""target"": [""e_co_actor""],
        ""entities"": [
          { ""id"": ""e_matrix_actor"", ""type"": ""Person"" },
          { ""id"": ""e_co_actor"", ""type"": ""Person"" },
          { ""id"": ""e_movie"", ""type"": ""Movie"" }
        ],
        ""relationships"": [
          { ""id"": ""r_act_matrix"", ""role"": ""actor"", ""from"": ""e_matrix_actor"", ""to"": ""e_movie"" },
          { ""id"": ""r_act_co"", ""role"": ""actor"", ""from"": ""e_co_actor"", ""to"": ""e_movie"" }
        ],
        ""constraint"": {
          ""and_conditions"": [
            {
              ""left"": { ""attribute_name"": ""name"", ""of"": ""e_matrix_actor"" },
              ""operator"": ""in"",
              ""right"": {
                ""query_id"": ""q1"",
                ""target"": [""e_matrix_actor""]
              }
            },
            {
              ""left"": {
                ""count_id"": ""e_movie"",
                ""condition"": {
                  ""and_conditions"": [
                    ""r_act_matrix"",
                    ""r_act_co""
                  ]
                }
              },
              ""operator"": "">="",
              ""right"": 3
            }
          ]
        },
        ""projection"": [
          {
            ""address"": {
              ""query_id"": ""q2"",
              ""target"": [""e_co_actor""]
            },
            ""attribute_name"": ""name"",
            ""of"": ""e_co_actor""
          }
        ]
      }
    ]
  ]
}
```"
9,Q12,Give me the actors of The Matrix along with the three actors who have acted the most in any movie with them,ministral-3:8b,False,0.15,184.981298,True,stop,4096,7.234985,1019,176.750332,5.7652,"```json
{
  ""hypotheses_set"": [
    [
      {
        ""id"": ""q1"",
        ""target"": [""e_matrix_actor""],
        ""entities"": [
          { ""id"": ""e_movie"", ""type"": ""Movie"" },
          { ""id"": ""e_matrix_actor"", ""type"": ""Person"" },
          { ""id"": ""e_co_actor"", ""type"": ""Person"" }
        ],
        ""relationships"": [
          { ""id"": ""r_act_matrix"", ""role"": ""actor"", ""from"": ""e_matrix_actor"", ""to"": ""e_movie"" },
          { ""id"": ""r_act_co"", ""role"": ""actor"", ""from"": ""e_co_actor"", ""to"": ""e_movie"" }
        ],
        ""constraint"": {
          ""and_conditions"": [
            {
              ""left"": { ""attribute_name"": ""title"", ""of"": ""e_movie"" },
              ""operator"": ""="",
              ""right"": ""The Matrix""
            },
            ""r_act_matrix""
          ]
        },
        ""projection"": [
          { ""attribute_name"": ""name"", ""of"": ""e_matrix_actor"" }
        ]
      }
    ],
    [
      {
        ""id"": ""q2"",
        ""target"": [""e_co_actor""],
        ""entities"": [
          { ""id"": ""e_matrix_actor"", ""type"": ""Person"" },
          { ""id"": ""e_co_actor"", ""type"": ""Person"" },
          { ""id"": ""e_common_movie"", ""type"": ""Movie"" }
        ],
        ""relationships"": [
          { ""id"": ""r_act_matrix"", ""role"": ""actor"", ""from"": ""e_matrix_actor"", ""to"": ""e_common_movie"" },
          { ""id"": ""r_act_co"", ""role"": ""actor"", ""from"": ""e_co_actor"", ""to"": ""e_common_movie"" }
        ],
        ""constraint"": {
          ""and_conditions"": [
            {
              ""left"": { ""count_id"": ""e_common_movie"" },
              ""operator"": "">="",
              ""right"": 1
            },
            {
              ""left"": {
                ""count_id"": ""e_common_movie"",
                ""condition"": {
                  ""and_conditions"": [
                    ""r_act_matrix"",
                    ""r_act_co""
                  ]
                }
              },
              ""operator"": "">="",
              ""right"": 3
            }
          ]
        },
        ""projection"": [
          { ""attribute_name"": ""name"", ""of"": ""e_co_actor"" }
        ]
      }
    ],
    [
      {
        ""id"": ""q3"",
        ""target"": [""e_co_actor""],
        ""entities"": [
          { ""id"": ""e_matrix_actor"", ""type"": ""Person"" },
          { ""id"": ""e_co_actor"", ""type"": ""Person"" },
          { ""id"": ""e_common_movie"", ""type"": ""Movie"" }
        ],
        ""relationships"": [
          { ""id"": ""r_act_matrix"", ""role"": ""actor"", ""from"": ""e_matrix_actor"", ""to"": ""e_common_movie"" },
          { ""id"": ""r_act_co"", ""role"": ""actor"", ""from"": ""e_co_actor"", ""to"": ""e_common_movie"" }
        ],
        ""constraint"": {
          ""and_conditions"": [
            {
              ""left"": { ""count_id"": ""e_common_movie"" },
              ""operator"": "">="",
              ""right"": 1
            },
            {
              ""left"": {
                ""count_id"": ""e_common_movie"",
                ""condition"": {
                  ""and_conditions"": [
                    ""r_act_matrix"",
                    ""r_act_co""
                  ]
                }
              },
              ""operator"": "">="",
              ""right"": 3
            },
            {
              ""left"": {
                ""count_id"": ""e_common_movie"",
                ""condition"": {
                  ""and_conditions"": [
                    ""r_act_matrix"",
                    ""r_act_co""
                  ]
                }
              },
              ""operator"": ""="",
              ""right"": {
                ""left"": {
                  ""count_id"": ""e_common_movie"",
                  ""condition"": {
                    ""and_conditions"": [
                      ""r_act_matrix"",
                      ""r_act_co""
                    ]
                  }
                },
                ""operator"": ""top"",
                ""right"": 3
              }
            }
          ]
        },
        ""projection"": [
          { ""attribute_name"": ""name"", ""of"": ""e_co_actor"" }
        ]
      }
    ]
  ]
}
```"
10,Q12,Give me the actors of The Matrix along with the three actors who have acted the most in any movie with them,ministral-3:8b,False,0.15,190.688584,True,stop,4096,7.221799,1050,182.417265,5.756,"```json
{
  ""hypotheses_set"": [
    [
      {
        ""id"": ""q1"",
        ""target"": [""e_matrix_actor""],
        ""entities"": [
          { ""id"": ""e_movie"", ""type"": ""Movie"" },
          { ""id"": ""e_matrix_actor"", ""type"": ""Person"" },
          { ""id"": ""e_co_actor"", ""type"": ""Person"" }
        ],
        ""relationships"": [
          { ""id"": ""r_act_matrix"", ""role"": ""actor"", ""from"": ""e_matrix_actor"", ""to"": ""e_movie"" },
          { ""id"": ""r_act_co"", ""role"": ""actor"", ""from"": ""e_co_actor"", ""to"": ""e_movie"" }
        ],
        ""constraint"": {
          ""and_conditions"": [
            {
              ""left"": { ""attribute_name"": ""title"", ""of"": ""e_movie"" },
              ""operator"": ""="",
              ""right"": ""The Matrix""
            },
            ""r_act_matrix""
          ]
        },
        ""projection"": [
          { ""attribute_name"": ""name"", ""of"": ""e_matrix_actor"" }
        ]
      }
    ],
    [
      {
        ""id"": ""q2"",
        ""target"": [""e_co_actor""],
        ""entities"": [
          { ""id"": ""e_matrix_actor"", ""type"": ""Person"" },
          { ""id"": ""e_co_actor"", ""type"": ""Person"" },
          { ""id"": ""e_common_movie"", ""type"": ""Movie"" }
        ],
        ""relationships"": [
          { ""id"": ""r_act_matrix"", ""role"": ""actor"", ""from"": ""e_matrix_actor"", ""to"": ""e_common_movie"" },
          { ""id"": ""r_act_co"", ""role"": ""actor"", ""from"": ""e_co_actor"", ""to"": ""e_common_movie"" }
        ],
        ""constraint"": {
          ""and_conditions"": [
            {
              ""left"": {
                ""count_id"": ""e_common_movie"",
                ""condition"": {
                  ""and_conditions"": [""r_act_matrix"", ""r_act_co""]
                }
              },
              ""operator"": "">="",
              ""right"": 1
            },
            {
              ""left"": {
                ""count_id"": ""e_common_movie"",
                ""condition"": {
                  ""and_conditions"": [
                    ""r_act_matrix"",
                    ""r_act_co""
                  ]
                }
              },
              ""operator"": "">="",
              ""right"": 3
            }
          ]
        },
        ""projection"": [
          { ""attribute_name"": ""name"", ""of"": ""e_co_actor"" }
        ]
      }
    ],
    [
      {
        ""id"": ""q3"",
        ""target"": [""e_co_actor""],
        ""entities"": [
          { ""id"": ""e_matrix_actor"", ""type"": ""Person"" },
          { ""id"": ""e_co_actor"", ""type"": ""Person"" },
          { ""id"": ""e_common_movie"", ""type"": ""Movie"" }
        ],
        ""relationships"": [
          { ""id"": ""r_act_matrix"", ""role"": ""actor"", ""from"": ""e_matrix_actor"", ""to"": ""e_common_movie"" },
          { ""id"": ""r_act_co"", ""role"": ""actor"", ""from"": ""e_co_actor"", ""to"": ""e_common_movie"" }
        ],
        ""constraint"": {
          ""and_conditions"": [
            {
              ""left"": {
                ""count_id"": ""e_common_movie"",
                ""condition"": {
                  ""and_conditions"": [""r_act_matrix"", ""r_act_co""]
                }
              },
              ""operator"": "">="",
              ""right"": 1
            },
            {
              ""left"": {
                ""count_id"": ""e_common_movie"",
                ""condition"": {
                  ""and_conditions"": [
                    ""r_act_matrix"",
                    ""r_act_co""
                  ]
                }
              },
              ""operator"": "">="",
              ""right"": 3
            },
            {
              ""left"": {
                ""count_id"": ""e_co_actor"",
                ""condition"": {
                  ""left"": {
                    ""count_id"": ""e_common_movie"",
                    ""condition"": {
                      ""and_conditions"": [
                        ""r_act_matrix"",
                        ""r_act_co""
                      ]
                    }
                  },
                  ""operator"": "">="",
                  ""right"": 3
                }
              },
              ""operator"": "">="",
              ""right"": 3
            }
          ]
        },
        ""projection"": [
          { ""attribute_name"": ""name"", ""of"": ""e_co_actor"" }
        ]
      }
    ]
  ]
}
```"
11,Q12,Give me the actors of The Matrix along with the three actors who have acted the most in any movie with them,ministral-3:8b,False,0.15,112.32827,True,stop,4096,7.225557,607,104.340076,5.8175,"```json
{
  ""hypotheses_set"": [
    [
      {
        ""id"": ""q1"",
        ""target"": [""e_actor""],
        ""entities"": [
          { ""id"": ""e_movie"", ""type"": ""Movie"" },
          { ""id"": ""e_actor"", ""type"": ""Person"" }
        ],
        ""relationships"": [
          { ""id"": ""r_acted_in"", ""role"": ""actor"", ""from"": ""e_actor"", ""to"": ""e_movie"" }
        ],
        ""constraint"": {
          ""and_conditions"": [
            {
              ""left"": { ""attribute_name"": ""name"", ""of"": ""e_movie"" },
              ""operator"": ""="",
              ""right"": ""The Matrix""
            },
            ""r_acted_in""
          ]
        },
        ""projection"": [
          { ""attribute_name"": ""name"", ""of"": ""e_actor"" }
        ]
      }
    ],
    [
      {
        ""id"": ""q2"",
        ""target"": [""e_top_actor""],
        ""entities"": [
          { ""id"": ""e_actor"", ""type"": ""Person"" },
          { ""id"": ""e_co_actor"", ""type"": ""Person"" },
          { ""id"": ""e_movie"", ""type"": ""Movie"" }
        ],
        ""relationships"": [
          { ""id"": ""r_co_acted_in"", ""role"": ""actor"", ""from"": ""e_actor"", ""to"": ""e_movie"" },
          { ""id"": ""r_co_acted_in_2"", ""role"": ""actor"", ""from"": ""e_co_actor"", ""to"": ""e_movie"" }
        ],
        ""constraint"": {
          ""and_conditions"": [
            {
              ""left"": {
                ""count_id"": ""e_co_actor"",
                ""condition"": {
                  ""left"": { ""attribute_name"": ""name"", ""of"": ""e_actor"" },
                  ""operator"": ""in"",
                  ""right"": {
                    ""left"": {
                      ""count_id"": ""e_co_actor"",
                      ""condition"": ""r_co_acted_in_2""
                    },
                    ""operator"": ""top"",
                    ""right"": 3
                  }
                }
              },
              ""operator"": ""exists""
            },
            {
              ""left"": {
                ""count_id"": ""e_movie"",
                ""condition"": {
                  ""and_conditions"": [
                    ""r_co_acted_in"",
                    ""r_co_acted_in_2""
                  ]
                }
              },
              ""operator"": ""exists""
            }
          ]
        },
        ""projection"": [
          { ""attribute_name"": ""name"", ""of"": ""e_actor"" }
        ]
      }
    ]
  ]
}
```"
12,Q12,Give me the actors of The Matrix along with the three actors who have acted the most in any movie with them,ministral-3:8b,False,0.15,94.117603,True,stop,4096,7.231529,502,86.176586,5.8252,"```json
{
  ""hypotheses_set"": [
    [
      {
        ""id"": ""q1"",
        ""target"": [""e_matrix_actor""],
        ""entities"": [
          { ""id"": ""e_matrix_actor"", ""type"": ""Person"" },
          { ""id"": ""e_movie"", ""type"": ""Movie"" }
        ],
        ""relationships"": [
          { ""id"": ""r_act_matrix"", ""role"": ""actor"", ""from"": ""e_matrix_actor"", ""to"": ""e_movie"" }
        ],
        ""constraint"": {
          ""and_conditions"": [
            {
              ""left"": { ""attribute_name"": ""title"", ""of"": ""e_movie"" },
              ""operator"": ""="",
              ""right"": ""The Matrix""
            }
          ]
        }
      }
    ],
    [
      {
        ""id"": ""q2"",
        ""target"": [""e_top_actor""],
        ""entities"": [
          { ""id"": ""e_top_actor"", ""type"": ""Person"" },
          { ""id"": ""e_matrix_actor"", ""type"": ""Person"" },
          { ""id"": ""e_co_movie"", ""type"": ""Movie"" }
        ],
        ""relationships"": [
          { ""id"": ""r_act_co_movie"", ""role"": ""actor"", ""from"": ""e_top_actor"", ""to"": ""e_co_movie"" },
          { ""id"": ""r_act_matrix_co_movie"", ""role"": ""actor"", ""from"": ""e_matrix_actor"", ""to"": ""e_co_movie"" }
        ],
        ""constraint"": {
          ""and_conditions"": [
            {
              ""left"": { ""attribute_name"": ""title"", ""of"": ""e_co_movie"" },
              ""operator"": ""!="",
              ""right"": ""The Matrix""
            },
            ""r_act_co_movie"",
            ""r_act_matrix_co_movie""
          ]
        },
        ""projection"": [
          { ""attribute_name"": ""name"", ""of"": ""e_top_actor"" }
        ],
        ""order_by"": [
          {
            ""left"": { ""count_id"": ""e_co_movie"" },
            ""operator"": ""desc""
          }
        ],
        ""limit"": 3
      }
    ]
  ]
}
```"
13,Q12,Give me the actors of The Matrix along with the three actors who have acted the most in any movie with them,ministral-3:8b,False,0.15,124.669485,True,stop,4096,7.197084,677,116.658136,5.8033,"```json
{
  ""hypotheses_set"": [
    [
      {
        ""id"": ""q1"",
        ""target"": [""e_actor""],
        ""entities"": [
          { ""id"": ""e_movie"", ""type"": ""Movie"" },
          { ""id"": ""e_actor"", ""type"": ""Person"" }
        ],
        ""relationships"": [
          { ""id"": ""r_acted_in"", ""role"": ""actor"", ""from"": ""e_actor"", ""to"": ""e_movie"" }
        ],
        ""constraint"": {
          ""and_conditions"": [
            {
              ""left"": { ""attribute_name"": ""title"", ""of"": ""e_movie"" },
              ""operator"": ""="",
              ""right"": ""The Matrix""
            },
            ""r_acted_in""
          ]
        }
      }
    ],
    [
      {
        ""id"": ""q2"",
        ""target"": [""e_top_actor""],
        ""entities"": [
          { ""id"": ""e_actor1"", ""type"": ""Person"" },
          { ""id"": ""e_actor2"", ""type"": ""Person"" },
          { ""id"": ""e_movie"", ""type"": ""Movie"" }
        ],
        ""relationships"": [
          { ""id"": ""r_coacted1"", ""role"": ""actor"", ""from"": ""e_actor1"", ""to"": ""e_movie"" },
          { ""id"": ""r_coacted2"", ""role"": ""actor"", ""from"": ""e_actor2"", ""to"": ""e_movie"" }
        ],
        ""constraint"": {
          ""and_conditions"": [
            {
              ""left"": {
                ""count_id"": ""e_actor2"",
                ""condition"": {
                  ""left"": { ""attribute_name"": ""id"", ""of"": ""e_actor2"" },
                  ""operator"": ""in"",
                  ""right"": {
                    ""left"": {
                      ""count_id"": ""e_actor1"",
                      ""condition"": ""r_coacted1""
                    },
                    ""operator"": ""top"",
                    ""right"": 3
                  }
                }
              },
              ""operator"": ""="",
              ""right"": 3
            },
            {
              ""left"": {
                ""left"": { ""attribute_name"": ""id"", ""of"": ""e_actor1"" },
                ""operator"": ""in"",
                ""right"": {
                  ""left"": {
                    ""count_id"": ""e_actor"",
                    ""condition"": {
                      ""and_conditions"": [
                        ""r_acted_in"",
                        {
                          ""left"": { ""attribute_name"": ""title"", ""of"": ""e_movie"" },
                          ""operator"": ""="",
                          ""right"": ""The Matrix""
                        }
                      ]
                    }
                  },
                  ""operator"": ""top"",
                  ""right"": 3
                }
              },
              ""operator"": ""="",
              ""right"": 3
            }
          ]
        },
        ""projection"": [
          { ""attribute_name"": ""name"", ""of"": ""e_actor1"" }
        ]
      }
    ]
  ]
}
```"
14,Q12,Give me the actors of The Matrix along with the three actors who have acted the most in any movie with them,ministral-3:8b,False,0.15,182.693436,True,stop,4096,7.259225,1009,174.411167,5.7852,"```json
{
  ""hypotheses_set"": [
    [
      {
        ""id"": ""q1"",
        ""target"": [""e_matrix_actor""],
        ""entities"": [
          { ""id"": ""e_movie"", ""type"": ""Movie"" },
          { ""id"": ""e_matrix_actor"", ""type"": ""Person"" },
          { ""id"": ""e_co_actor"", ""type"": ""Person"" }
        ],
        ""relationships"": [
          { ""id"": ""r_act_matrix"", ""role"": ""actor"", ""from"": ""e_matrix_actor"", ""to"": ""e_movie"" },
          { ""id"": ""r_act_co"", ""role"": ""actor"", ""from"": ""e_co_actor"", ""to"": ""e_movie"" }
        ],
        ""constraint"": {
          ""and_conditions"": [
            {
              ""left"": { ""attribute_name"": ""title"", ""of"": ""e_movie"" },
              ""operator"": ""="",
              ""right"": ""The Matrix""
            },
            ""r_act_matrix""
          ]
        },
        ""projection"": [
          { ""attribute_name"": ""name"", ""of"": ""e_matrix_actor"" }
        ]
      }
    ],
    [
      {
        ""id"": ""q2"",
        ""target"": [""e_co_actor""],
        ""entities"": [
          { ""id"": ""e_matrix_actor"", ""type"": ""Person"" },
          { ""id"": ""e_co_actor"", ""type"": ""Person"" },
          { ""id"": ""e_common_movie"", ""type"": ""Movie"" }
        ],
        ""relationships"": [
          { ""id"": ""r_act_matrix"", ""role"": ""actor"", ""from"": ""e_matrix_actor"", ""to"": ""e_common_movie"" },
          { ""id"": ""r_act_co"", ""role"": ""actor"", ""from"": ""e_co_actor"", ""to"": ""e_common_movie"" }
        ],
        ""constraint"": {
          ""and_conditions"": [
            {
              ""left"": { ""count_id"": ""e_common_movie"" },
              ""operator"": "">="",
              ""right"": 1
            },
            {
              ""left"": {
                ""count_id"": ""e_common_movie"",
                ""condition"": {
                  ""and_conditions"": [
                    ""r_act_matrix"",
                    ""r_act_co""
                  ]
                }
              },
              ""operator"": "">="",
              ""right"": 3
            }
          ]
        },
        ""projection"": [
          { ""attribute_name"": ""name"", ""of"": ""e_co_actor"" }
        ]
      }
    ],
    [
      {
        ""id"": ""q3"",
        ""target"": [""e_co_actor""],
        ""entities"": [
          { ""id"": ""e_matrix_actor"", ""type"": ""Person"" },
          { ""id"": ""e_co_actor"", ""type"": ""Person"" },
          { ""id"": ""e_common_movie"", ""type"": ""Movie"" }
        ],
        ""relationships"": [
          { ""id"": ""r_act_matrix"", ""role"": ""actor"", ""from"": ""e_matrix_actor"", ""to"": ""e_common_movie"" },
          { ""id"": ""r_act_co"", ""role"": ""actor"", ""from"": ""e_co_actor"", ""to"": ""e_common_movie"" }
        ],
        ""constraint"": {
          ""and_conditions"": [
            {
              ""left"": { ""count_id"": ""e_common_movie"" },
              ""operator"": "">="",
              ""right"": 1
            },
            {
              ""left"": {
                ""count_id"": ""e_common_movie"",
                ""condition"": {
                  ""and_conditions"": [
                    ""r_act_matrix"",
                    ""r_act_co""
                  ]
                }
              },
              ""operator"": "">="",
              ""right"": 3
            },
            {
              ""left"": {
                ""count_id"": ""e_common_movie"",
                ""condition"": {
                  ""and_conditions"": [
                    ""r_act_matrix"",
                    ""r_act_co""
                  ]
                }
              },
              ""operator"": ""="",
              ""right"": {
                ""max"": [
                  {
                    ""count_id"": ""e_common_movie"",
                    ""condition"": {
                      ""and_conditions"": [
                        ""r_act_matrix"",
                        ""r_act_co""
                      ]
                    }
                  }
                ]
              }
            }
          ]
        },
        ""projection"": [
          { ""attribute_name"": ""name"", ""of"": ""e_co_actor"" }
        ]
      }
    ]
  ]
}
```"
15,Q12,Give me the actors of The Matrix along with the three actors who have acted the most in any movie with them,ministral-3:8b,False,0.15,155.945675,True,stop,4096,7.248965,855,147.789522,5.7853,"```json
{
  ""hypotheses_set"": [
    [
      {
        ""id"": ""q1"",
        ""target"": [""e_matrix_actor""],
        ""entities"": [
          { ""id"": ""e_movie"", ""type"": ""Movie"" },
          { ""id"": ""e_matrix_actor"", ""type"": ""Person"" },
          { ""id"": ""e_co_actor"", ""type"": ""Person"" }
        ],
        ""relationships"": [
          { ""id"": ""r_act_matrix"", ""role"": ""actor"", ""from"": ""e_matrix_actor"", ""to"": ""e_movie"" },
          { ""id"": ""r_act_co"", ""role"": ""actor"", ""from"": ""e_co_actor"", ""to"": ""e_movie"" }
        ],
        ""constraint"": {
          ""and_conditions"": [
            {
              ""left"": { ""attribute_name"": ""title"", ""of"": ""e_movie"" },
              ""operator"": ""="",
              ""right"": ""The Matrix""
            },
            ""r_act_matrix""
          ]
        },
        ""projection"": [
          { ""attribute_name"": ""name"", ""of"": ""e_matrix_actor"" }
        ]
      }
    ],
    [
      {
        ""id"": ""q2"",
        ""target"": [""e_co_actor""],
        ""entities"": [
          { ""id"": ""e_matrix_actor"", ""type"": ""Person"" },
          { ""id"": ""e_co_actor"", ""type"": ""Person"" },
          { ""id"": ""e_movie"", ""type"": ""Movie"" }
        ],
        ""relationships"": [
          { ""id"": ""r_act_matrix"", ""role"": ""actor"", ""from"": ""e_matrix_actor"", ""to"": ""e_movie"" },
          { ""id"": ""r_act_co"", ""role"": ""actor"", ""from"": ""e_co_actor"", ""to"": ""e_movie"" }
        ],
        ""constraint"": {
          ""and_conditions"": [
            {
              ""left"": { ""attribute_name"": ""title"", ""of"": ""e_movie"" },
              ""operator"": ""="",
              ""right"": ""The Matrix""
            },
            ""r_act_matrix"",
            {
              ""left"": {
                ""count_id"": ""e_movie"",
                ""condition"": {
                  ""and_conditions"": [
                    ""r_act_co""
                  ]
                }
              },
              ""operator"": "">="",
              ""right"": {
                ""count_id"": ""e_movie"",
                ""condition"": {
                  ""and_conditions"": [
                    ""r_act_co"",
                    {
                      ""left"": { ""attribute_name"": ""name"", ""of"": ""e_co_actor"" },
                      ""operator"": ""!="",
                      ""right"": { ""attribute_name"": ""name"", ""of"": ""e_matrix_actor"" }
                    }
                  ]
                }
              }
            },
            {
              ""left"": {
                ""count_id"": ""e_co_actor"",
                ""condition"": {
                  ""and_conditions"": [
                    {
                      ""left"": { ""attribute_name"": ""name"", ""of"": ""e_matrix_actor"" },
                      ""operator"": ""="",
                      ""right"": {
                        ""address"": {
                          ""attribute_name"": ""name"",
                          ""of"": ""e_matrix_actor""
                        }
                      }
                    },
                    {
                      ""left"": { ""attribute_name"": ""name"", ""of"": ""e_co_actor"" },
                      ""operator"": ""!="",
                      ""right"": {
                        ""address"": {
                          ""attribute_name"": ""name"",
                          ""of"": ""e_matrix_actor""
                        }
                      }
                    }
                  ]
                }
              },
              ""operator"": ""<="",
              ""right"": 3
            }
          ]
        },
        ""projection"": [
          { ""attribute_name"": ""name"", ""of"": ""e_co_actor"" }
        ]
      }
    ]
  ]
}
```"
16,Q12,Give me the actors of The Matrix along with the three actors who have acted the most in any movie with them,ministral-3:8b,False,0.15,150.636185,True,stop,4096,7.213913,824,142.544461,5.7807,"```json
{
  ""hypotheses_set"": [
    [
      {
        ""id"": ""q1"",
        ""target"": [""e_matrix_actor""],
        ""entities"": [
          { ""id"": ""e_movie"", ""type"": ""Movie"" },
          { ""id"": ""e_matrix_actor"", ""type"": ""Person"" },
          { ""id"": ""e_co_actor"", ""type"": ""Person"" }
        ],
        ""relationships"": [
          { ""id"": ""r_act_matrix"", ""role"": ""actor"", ""from"": ""e_matrix_actor"", ""to"": ""e_movie"" },
          { ""id"": ""r_act_co"", ""role"": ""actor"", ""from"": ""e_co_actor"", ""to"": ""e_movie"" }
        ],
        ""constraint"": {
          ""and_conditions"": [
            {
              ""left"": { ""attribute_name"": ""title"", ""of"": ""e_movie"" },
              ""operator"": ""="",
              ""right"": ""The Matrix""
            },
            {
              ""left"": { ""count_id"": ""r_act_co"" },
              ""operator"": "">="",
              ""right"": 3
            },
            {
              ""left"": {
                ""count_id"": ""e_co_actor"",
                ""condition"": {
                  ""left"": { ""attribute_name"": ""movie_id"", ""of"": ""r_act_co"" },
                  ""operator"": ""="",
                  ""attribute_name"": ""movie_id"",
                  ""of"": ""r_act_matrix""
                }
              },
              ""operator"": ""="",
              ""right"": 3
            }
          ]
        },
        ""projection"": [
          { ""attribute_name"": ""name"", ""of"": ""e_matrix_actor"" }
        ]
      }
    ],
    [
      {
        ""id"": ""q2"",
        ""target"": [""e_co_actor_top3""],
        ""entities"": [
          { ""id"": ""e_matrix_actor"", ""type"": ""Person"" },
          { ""id"": ""e_co_actor"", ""type"": ""Person"" },
          { ""id"": ""e_movie"", ""type"": ""Movie"" }
        ],
        ""relationships"": [
          { ""id"": ""r_act_matrix"", ""role"": ""actor"", ""from"": ""e_matrix_actor"", ""to"": ""e_movie"" },
          { ""id"": ""r_act_co"", ""role"": ""actor"", ""from"": ""e_co_actor"", ""to"": ""e_movie"" }
        ],
        ""constraint"": {
          ""and_conditions"": [
            {
              ""left"": { ""attribute_name"": ""title"", ""of"": ""e_movie"" },
              ""operator"": ""="",
              ""right"": ""The Matrix""
            },
            {
              ""left"": {
                ""count_id"": ""e_co_actor"",
                ""condition"": {
                  ""left"": { ""attribute_name"": ""movie_id"", ""of"": ""r_act_co"" },
                  ""operator"": ""="",
                  ""attribute_name"": ""movie_id"",
                  ""of"": ""r_act_matrix""
                }
              },
              ""operator"": "">="",
              ""right"": 3
            },
            {
              ""left"": {
                ""count_id"": ""r_act_co"",
                ""condition"": {
                  ""left"": { ""attribute_name"": ""name"", ""of"": ""e_co_actor"" },
                  ""operator"": ""="",
                  ""attribute_name"": ""name"",
                  ""of"": ""e_co_actor_top3""
                }
              },
              ""operator"": ""in_top"",
              ""right"": 3
            }
          ]
        },
        ""projection"": [
          { ""attribute_name"": ""name"", ""of"": ""e_co_actor"" }
        ]
      }
    ]
  ]
}
```"
17,Q12,Give me the actors of The Matrix along with the three actors who have acted the most in any movie with them,ministral-3:8b,False,0.15,140.766993,True,stop,4096,7.234272,768,132.657423,5.7893,"```json
{
  ""hypotheses_set"": [
    [
      {
        ""id"": ""q1"",
        ""target"": [""e_matrix_actor""],
        ""entities"": [
          { ""id"": ""e_movie"", ""type"": ""Movie"" },
          { ""id"": ""e_matrix_actor"", ""type"": ""Person"" },
          { ""id"": ""e_co_actor"", ""type"": ""Person"" }
        ],
        ""relationships"": [
          { ""id"": ""r_act_matrix"", ""role"": ""actor"", ""from"": ""e_matrix_actor"", ""to"": ""e_movie"" },
          { ""id"": ""r_act_co"", ""role"": ""actor"", ""from"": ""e_co_actor"", ""to"": ""e_movie"" }
        ],
        ""constraint"": {
          ""and_conditions"": [
            {
              ""left"": { ""attribute_name"": ""title"", ""of"": ""e_movie"" },
              ""operator"": ""="",
              ""right"": ""The Matrix""
            },
            {
              ""left"": {
                ""count_id"": ""e_co_actor"",
                ""condition"": {
                  ""left"": {
                    ""count_id"": ""e_co_actor"",
                    ""condition"": {
                      ""left"": { ""attribute_name"": ""movie_id"", ""of"": ""r_act_co"" },
                      ""operator"": ""="",
                      ""right"": { ""attribute_name"": ""movie_id"", ""of"": ""r_act_matrix"" }
                    }
                  },
                  ""operator"": ""in_top"",
                  ""right"": 3
                }
              },
              ""operator"": ""exists""
            }
          ]
        },
        ""projection"": [
          { ""attribute_name"": ""name"", ""of"": ""e_matrix_actor"" }
        ]
      }
    ],
    [
      {
        ""id"": ""q2"",
        ""target"": [""e_co_actor""],
        ""entities"": [
          { ""id"": ""e_movie"", ""type"": ""Movie"" },
          { ""id"": ""e_matrix_actor"", ""type"": ""Person"" },
          { ""id"": ""e_co_actor"", ""type"": ""Person"" }
        ],
        ""relationships"": [
          { ""id"": ""r_act_matrix"", ""role"": ""actor"", ""from"": ""e_matrix_actor"", ""to"": ""e_movie"" },
          { ""id"": ""r_act_co"", ""role"": ""actor"", ""from"": ""e_co_actor"", ""to"": ""e_movie"" }
        ],
        ""constraint"": {
          ""and_conditions"": [
            {
              ""left"": { ""attribute_name"": ""title"", ""of"": ""e_movie"" },
              ""operator"": ""="",
              ""right"": ""The Matrix""
            },
            {
              ""left"": {
                ""count_id"": ""e_co_actor"",
                ""condition"": {
                  ""left"": {
                    ""count_id"": ""e_co_actor"",
                    ""condition"": {
                      ""left"": { ""attribute_name"": ""movie_id"", ""of"": ""r_act_co"" },
                      ""operator"": ""="",
                      ""right"": { ""attribute_name"": ""movie_id"", ""of"": ""r_act_matrix"" }
                    }
                  },
                  ""operator"": "">="",
                  ""right"": 3
                }
              },
              ""operator"": ""exists""
            }
          ]
        },
        ""projection"": [
          { ""attribute_name"": ""name"", ""of"": ""e_co_actor"" }
        ]
      }
    ]
  ]
}
```"
18,Q12,Give me the actors of The Matrix along with the three actors who have acted the most in any movie with them,ministral-3:8b,False,0.15,94.171186,True,stop,4096,7.245541,502,86.209877,5.823,"```json
{
  ""hypotheses_set"": [
    [
      {
        ""id"": ""q1"",
        ""target"": [""e_matrix_actor""],
        ""entities"": [
          { ""id"": ""e_matrix_actor"", ""type"": ""Person"" },
          { ""id"": ""e_movie"", ""type"": ""Movie"" }
        ],
        ""relationships"": [
          { ""id"": ""r_act_matrix"", ""role"": ""actor"", ""from"": ""e_matrix_actor"", ""to"": ""e_movie"" }
        ],
        ""constraint"": {
          ""and_conditions"": [
            {
              ""left"": { ""attribute_name"": ""title"", ""of"": ""e_movie"" },
              ""operator"": ""="",
              ""right"": ""The Matrix""
            }
          ]
        }
      }
    ],
    [
      {
        ""id"": ""q2"",
        ""target"": [""e_top_actor""],
        ""entities"": [
          { ""id"": ""e_top_actor"", ""type"": ""Person"" },
          { ""id"": ""e_matrix_actor"", ""type"": ""Person"" },
          { ""id"": ""e_co_movie"", ""type"": ""Movie"" }
        ],
        ""relationships"": [
          { ""id"": ""r_act_co_movie"", ""role"": ""actor"", ""from"": ""e_top_actor"", ""to"": ""e_co_movie"" },
          { ""id"": ""r_act_matrix_co_movie"", ""role"": ""actor"", ""from"": ""e_matrix_actor"", ""to"": ""e_co_movie"" }
        ],
        ""constraint"": {
          ""and_conditions"": [
            {
              ""left"": { ""attribute_name"": ""title"", ""of"": ""e_co_movie"" },
              ""operator"": ""!="",
              ""right"": ""The Matrix""
            },
            ""r_act_co_movie"",
            ""r_act_matrix_co_movie""
          ]
        },
        ""projection"": [
          { ""attribute_name"": ""name"", ""of"": ""e_top_actor"" }
        ],
        ""order_by"": [
          {
            ""left"": { ""count_id"": ""e_co_movie"" },
            ""direction"": ""desc""
          }
        ],
        ""limit"": 3
      }
    ]
  ]
}
```"
19,Q12,Give me the actors of The Matrix along with the three actors who have acted the most in any movie with them,ministral-3:8b,False,0.15,184.629466,True,stop,4096,7.27394,1016,176.326926,5.762,"```json
{
  ""hypotheses_set"": [
    [
      {
        ""id"": ""q1"",
        ""target"": [""e_actor""],
        ""entities"": [
          { ""id"": ""e_movie"", ""type"": ""Movie"" },
          { ""id"": ""e_actor"", ""type"": ""Person"" }
        ],
        ""relationships"": [
          { ""id"": ""r_acted_in"", ""role"": ""actor"", ""from"": ""e_actor"", ""to"": ""e_movie"" }
        ],
        ""constraint"": {
          ""and_conditions"": [
            {
              ""left"": { ""attribute_name"": ""title"", ""of"": ""e_movie"" },
              ""operator"": ""="",
              ""right"": ""The Matrix""
            },
            ""r_acted_in""
          ]
        },
        ""projection"": [
          { ""attribute_name"": ""name"", ""of"": ""e_actor"" }
        ]
      }
    ],
    [
      {
        ""id"": ""q2"",
        ""target"": [""e_top_actor""],
        ""entities"": [
          { ""id"": ""e_top_actor"", ""type"": ""Person"" },
          { ""id"": ""e_co_actor"", ""type"": ""Person"" },
          { ""id"": ""e_co_movie"", ""type"": ""Movie"" }
        ],
        ""relationships"": [
          { ""id"": ""r_co_acted_in"", ""role"": ""actor"", ""from"": ""e_co_actor"", ""to"": ""e_co_movie"" },
          { ""id"": ""r_top_acted_in"", ""role"": ""actor"", ""from"": ""e_top_actor"", ""to"": ""e_co_movie"" }
        ],
        ""constraint"": {
          ""and_conditions"": [
            {
              ""left"": {
                ""count_id"": ""e_co_actor"",
                ""condition"": {
                  ""left"": { ""attribute_name"": ""name"", ""of"": ""e_co_actor"" },
                  ""operator"": ""in"",
                  ""right"": {
                    ""left"": {
                      ""count_id"": ""e_co_movie"",
                      ""condition"": ""r_co_acted_in""
                    },
                    ""operator"": ""="",
                    ""right"": {
                      ""count_id"": ""e_co_movie"",
                      ""condition"": {
                        ""left"": { ""attribute_name"": ""name"", ""of"": ""e_top_actor"" },
                        ""operator"": ""in"",
                        ""right"": {
                          ""left"": { ""attribute_name"": ""actors"", ""of"": ""e_co_movie"" },
                          ""operator"": ""contains"",
                          ""right"": { ""attribute_name"": ""name"", ""of"": ""e_top_actor"" }
                        }
                      }
                    }
                  }
                }
              },
              ""operator"": "">="",
              ""right"": 3
            },
            {
              ""left"": {
                ""count_id"": ""e_co_movie"",
                ""condition"": {
                  ""and_conditions"": [
                    {
                      ""left"": { ""attribute_name"": ""actors"", ""of"": ""e_co_movie"" },
                      ""operator"": ""contains"",
                      ""right"": { ""attribute_name"": ""name"", ""of"": ""e_top_actor"" }
                    },
                    {
                      ""left"": { ""attribute_name"": ""actors"", ""of"": ""e_co_movie"" },
                      ""operator"": ""contains"",
                      ""right"": {
                        ""left"": {
                          ""count_id"": ""e_actor"",
                          ""condition"": {
                            ""left"": { ""attribute_name"": ""name"", ""of"": ""e_actor"" },
                            ""operator"": ""in"",
                            ""right"": {
                              ""left"": {
                                ""count_id"": ""e_movie"",
                                ""condition"": {
                                  ""left"": { ""attribute_name"": ""title"", ""of"": ""e_movie"" },
                                  ""operator"": ""="",
                                  ""right"": ""The Matrix""
                                }
                              },
                              ""operator"": ""in"",
                              ""right"": {
                                ""left"": { ""attribute_name"": ""actors"", ""of"": ""e_movie"" },
                                ""operator"": ""contains"",
                                ""right"": { ""attribute_name"": ""name"", ""of"": ""e_actor"" }
                              }
                            }
                          }
                        },
                        ""operator"": ""contains"",
                        ""right"": { ""attribute_name"": ""name"", ""of"": ""e_co_actor"" }
                      }
                    }
                  ]
                }
              },
              ""operator"": "">="",
              ""right"": 3
            }
          ]
        },
        ""projection"": [
          { ""attribute_name"": ""name"", ""of"": ""e_top_actor"" }
        ]
      }
    ]
  ]
}
```"
20,Q12,Give me the actors of The Matrix along with the three actors who have acted the most in any movie with them,ministral-3:8b,False,0.15,221.865959,True,stop,4096,7.239259,1226,213.470929,5.7432,"```json
{
  ""hypotheses_set"": [
    [
      {
        ""id"": ""q1"",
        ""target"": [""e_matrix_actor""],
        ""entities"": [
          { ""id"": ""e_movie"", ""type"": ""Movie"" },
          { ""id"": ""e_matrix_actor"", ""type"": ""Person"" },
          { ""id"": ""e_co_actor"", ""type"": ""Person"" }
        ],
        ""relationships"": [
          { ""id"": ""r_act_matrix"", ""role"": ""actor"", ""from"": ""e_matrix_actor"", ""to"": ""e_movie"" },
          { ""id"": ""r_act_co"", ""role"": ""actor"", ""from"": ""e_co_actor"", ""to"": ""e_movie"" }
        ],
        ""constraint"": {
          ""and_conditions"": [
            {
              ""left"": { ""attribute_name"": ""title"", ""of"": ""e_movie"" },
              ""operator"": ""="",
              ""right"": ""The Matrix""
            },
            ""r_act_matrix""
          ]
        },
        ""projection"": [
          { ""attribute_name"": ""name"", ""of"": ""e_matrix_actor"" }
        ]
      }
    ],
    [
      {
        ""id"": ""q2"",
        ""target"": [""e_co_actor""],
        ""entities"": [
          { ""id"": ""e_matrix_actor"", ""type"": ""Person"" },
          { ""id"": ""e_co_actor"", ""type"": ""Person"" },
          { ""id"": ""e_movie"", ""type"": ""Movie"" }
        ],
        ""relationships"": [
          { ""id"": ""r_act_matrix"", ""role"": ""actor"", ""from"": ""e_matrix_actor"", ""to"": ""e_movie"" },
          { ""id"": ""r_act_co"", ""role"": ""actor"", ""from"": ""e_co_actor"", ""to"": ""e_movie"" }
        ],
        ""constraint"": {
          ""and_conditions"": [
            {
              ""left"": { ""attribute_name"": ""title"", ""of"": ""e_movie"" },
              ""operator"": ""="",
              ""right"": ""The Matrix""
            },
            ""r_act_matrix"",
            {
              ""left"": {
                ""count_id"": ""e_movie"",
                ""condition"": {
                  ""and_conditions"": [
                    ""r_act_co""
                  ]
                }
              },
              ""operator"": "">="",
              ""right"": {
                ""count_id"": ""e_movie"",
                ""condition"": {
                  ""and_conditions"": [
                    ""r_act_co"",
                    {
                      ""left"": {
                        ""count_id"": ""e_movie"",
                        ""condition"": {
                          ""and_conditions"": [
                            ""r_act_co""
                          ]
                        }
                      },
                      ""operator"": "">="",
                      ""right"": 3
                    }
                  ]
                }
              }
            }
          ]
        },
        ""projection"": [
          { ""attribute_name"": ""name"", ""of"": ""e_co_actor"" }
        ]
      }
    ],
    [
      {
        ""id"": ""q3"",
        ""target"": [""e_co_actor""],
        ""entities"": [
          { ""id"": ""e_matrix_actor"", ""type"": ""Person"" },
          { ""id"": ""e_co_actor"", ""type"": ""Person"" },
          { ""id"": ""e_movie"", ""type"": ""Movie"" }
        ],
        ""relationships"": [
          { ""id"": ""r_act_matrix"", ""role"": ""actor"", ""from"": ""e_matrix_actor"", ""to"": ""e_movie"" },
          { ""id"": ""r_act_co"", ""role"": ""actor"", ""from"": ""e_co_actor"", ""to"": ""e_movie"" }
        ],
        ""constraint"": {
          ""and_conditions"": [
            {
              ""left"": { ""attribute_name"": ""title"", ""of"": ""e_movie"" },
              ""operator"": ""="",
              ""right"": ""The Matrix""
            },
            ""r_act_matrix"",
            {
              ""left"": {
                ""count_id"": ""e_movie"",
                ""condition"": {
                  ""and_conditions"": [
                    ""r_act_co""
                  ]
                }
              },
              ""operator"": "">="",
              ""right"": {
                ""count_id"": ""e_movie"",
                ""condition"": {
                  ""and_conditions"": [
                    ""r_act_co"",
                    {
                      ""left"": {
                        ""count_id"": ""e_movie"",
                        ""condition"": {
                          ""and_conditions"": [
                            ""r_act_co""
                          ]
                        }
                      },
                      ""operator"": "">="",
                      ""right"": 2
                    }
                  ]
                }
              }
            },
            {
              ""left"": {
                ""count_id"": ""e_movie"",
                ""condition"": {
                  ""and_conditions"": [
                    ""r_act_co""
                  ]
                }
              },
              ""operator"": ""<="",
              ""right"": {
                ""count_id"": ""e_movie"",
                ""condition"": {
                  ""and_conditions"": [
                    ""r_act_co"",
                    {
                      ""left"": {
                        ""count_id"": ""e_movie"",
                        ""condition"": {
                          ""and_conditions"": [
                            ""r_act_co""
                          ]
                        }
                      },
                      ""operator"": "">="",
                      ""right"": 3
                    }
                  ]
                }
              }
            }
          ]
        },
        ""projection"": [
          { ""attribute_name"": ""name"", ""of"": ""e_co_actor"" }
        ]
      }
    ]
  ]
}
```"
21,Q12,Give me the actors of The Matrix along with the three actors who have acted the most in any movie with them,ministral-3:8b,False,0.15,121.711337,True,stop,4096,7.274004,659,113.619758,5.8,"```json
{
  ""hypotheses_set"": [
    [
      {
        ""id"": ""q1"",
        ""target"": [""e_matrix_actor""],
        ""entities"": [
          { ""id"": ""e_movie"", ""type"": ""Movie"" },
          { ""id"": ""e_matrix_actor"", ""type"": ""Person"" },
          { ""id"": ""e_co_actor"", ""type"": ""Person"" }
        ],
        ""relationships"": [
          { ""id"": ""r_act_matrix"", ""role"": ""actor"", ""from"": ""e_matrix_actor"", ""to"": ""e_movie"" },
          { ""id"": ""r_act_co"", ""role"": ""actor"", ""from"": ""e_co_actor"", ""to"": ""e_movie"" }
        ],
        ""constraint"": {
          ""and_conditions"": [
            {
              ""left"": { ""attribute_name"": ""title"", ""of"": ""e_movie"" },
              ""operator"": ""="",
              ""right"": ""The Matrix""
            },
            ""r_act_matrix""
          ]
        },
        ""projection"": [
          { ""attribute_name"": ""name"", ""of"": ""e_matrix_actor"" }
        ]
      }
    ],
    [
      {
        ""id"": ""q2"",
        ""target"": [""e_co_actor""],
        ""entities"": [
          { ""id"": ""e_matrix_actor"", ""type"": ""Person"" },
          { ""id"": ""e_co_actor"", ""type"": ""Person"" },
          { ""id"": ""e_common_movie"", ""type"": ""Movie"" }
        ],
        ""relationships"": [
          { ""id"": ""r_act_matrix"", ""role"": ""actor"", ""from"": ""e_matrix_actor"", ""to"": ""e_common_movie"" },
          { ""id"": ""r_act_co"", ""role"": ""actor"", ""from"": ""e_co_actor"", ""to"": ""e_common_movie"" }
        ],
        ""constraint"": {
          ""and_conditions"": [
            {
              ""left"": {
                ""count_id"": ""e_common_movie"",
                ""condition"": {
                  ""and_conditions"": [""r_act_matrix"", ""r_act_co""]
                }
              },
              ""operator"": "">="",
              ""right"": 1
            },
            {
              ""left"": {
                ""count_id"": ""e_co_actor"",
                ""condition"": {
                  ""left"": {
                    ""count_id"": ""e_common_movie"",
                    ""condition"": {
                      ""and_conditions"": [
                        { ""attribute_name"": ""name"", ""of"": ""e_matrix_actor"" },
                        ""r_act_matrix""
                      ]
                    }
                  },
                  ""operator"": "">="",
                  ""right"": 1
                }
              },
              ""operator"": "">="",
              ""right"": 3
            }
          ]
        },
        ""projection"": [
          { ""attribute_name"": ""name"", ""of"": ""e_co_actor"" }
        ]
      }
    ]
  ]
}
```"
22,Q12,Give me the actors of The Matrix along with the three actors who have acted the most in any movie with them,ministral-3:8b,False,0.15,92.575171,True,stop,4096,7.214173,494,84.637268,5.8367,"```json
{
  ""hypotheses_set"": [
    [
      {
        ""id"": ""q1"",
        ""target"": [""e_matrix_actor""],
        ""entities"": [
          { ""id"": ""e_matrix_actor"", ""type"": ""Person"" },
          { ""id"": ""e_movie"", ""type"": ""Movie"" }
        ],
        ""relationships"": [
          { ""id"": ""r_act_matrix"", ""role"": ""actor"", ""from"": ""e_matrix_actor"", ""to"": ""e_movie"" }
        ],
        ""constraint"": {
          ""and_conditions"": [
            {
              ""left"": { ""attribute_name"": ""title"", ""of"": ""e_movie"" },
              ""operator"": ""="",
              ""right"": ""The Matrix""
            }
          ]
        }
      }
    ],
    [
      {
        ""id"": ""q2"",
        ""target"": [""e_top_actor""],
        ""entities"": [
          { ""id"": ""e_top_actor"", ""type"": ""Person"" },
          { ""id"": ""e_matrix_actor"", ""type"": ""Person"" },
          { ""id"": ""e_co_movie"", ""type"": ""Movie"" }
        ],
        ""relationships"": [
          { ""id"": ""r_act_co"", ""role"": ""actor"", ""from"": ""e_top_actor"", ""to"": ""e_co_movie"" },
          { ""id"": ""r_act_matrix_co"", ""role"": ""actor"", ""from"": ""e_matrix_actor"", ""to"": ""e_co_movie"" }
        ],
        ""constraint"": {
          ""and_conditions"": [
            {
              ""left"": { ""attribute_name"": ""title"", ""of"": ""e_co_movie"" },
              ""operator"": ""!="",
              ""right"": ""The Matrix""
            },
            ""r_act_co"",
            ""r_act_matrix_co""
          ]
        },
        ""projection"": [
          { ""attribute_name"": ""name"", ""of"": ""e_top_actor"" }
        ],
        ""order_by"": [
          {
            ""left"": { ""count_id"": ""e_co_movie"" },
            ""direction"": ""desc""
          }
        ],
        ""limit"": 3
      }
    ]
  ]
}
```"
23,Q12,Give me the actors of The Matrix along with the three actors who have acted the most in any movie with them,ministral-3:8b,False,0.15,230.480517,True,stop,4096,7.243401,1273,222.053979,5.7328,"```json
{
  ""hypotheses_set"": [
    [
      {
        ""id"": ""q1"",
        ""target"": [""e_matrix_actor""],
        ""entities"": [
          { ""id"": ""e_movie"", ""type"": ""Movie"" },
          { ""id"": ""e_matrix_actor"", ""type"": ""Person"" },
          { ""id"": ""e_co_actor"", ""type"": ""Person"" }
        ],
        ""relationships"": [
          { ""id"": ""r_act_matrix"", ""role"": ""actor"", ""from"": ""e_matrix_actor"", ""to"": ""e_movie"" },
          { ""id"": ""r_act_co"", ""role"": ""actor"", ""from"": ""e_co_actor"", ""to"": ""e_movie"" }
        ],
        ""constraint"": {
          ""and_conditions"": [
            {
              ""left"": { ""attribute_name"": ""title"", ""of"": ""e_movie"" },
              ""operator"": ""="",
              ""right"": ""The Matrix""
            },
            ""r_act_matrix""
          ]
        },
        ""projection"": [
          { ""attribute_name"": ""name"", ""of"": ""e_matrix_actor"" }
        ]
      }
    ],
    [
      {
        ""id"": ""q2"",
        ""target"": [""e_co_actor""],
        ""entities"": [
          { ""id"": ""e_matrix_actor"", ""type"": ""Person"" },
          { ""id"": ""e_co_actor"", ""type"": ""Person"" },
          { ""id"": ""e_movie"", ""type"": ""Movie"" }
        ],
        ""relationships"": [
          { ""id"": ""r_act_matrix"", ""role"": ""actor"", ""from"": ""e_matrix_actor"", ""to"": ""e_movie"" },
          { ""id"": ""r_act_co"", ""role"": ""actor"", ""from"": ""e_co_actor"", ""to"": ""e_movie"" }
        ],
        ""constraint"": {
          ""and_conditions"": [
            {
              ""left"": { ""attribute_name"": ""title"", ""of"": ""e_movie"" },
              ""operator"": ""="",
              ""right"": ""The Matrix""
            },
            ""r_act_matrix"",
            {
              ""left"": {
                ""count_id"": ""e_movie"",
                ""condition"": {
                  ""and_conditions"": [
                    ""r_act_co"",
                    {
                      ""left"": { ""attribute_name"": ""name"", ""of"": ""e_co_actor"" },
                      ""operator"": ""="",
                      ""right"": { ""attribute_name"": ""name"", ""of"": ""e_matrix_actor"" }
                    }
                  ]
                }
              },
              ""operator"": "">="",
              ""right"": 3
            }
          ]
        },
        ""projection"": [
          { ""attribute_name"": ""name"", ""of"": ""e_co_actor"" }
        ]
      }
    ],
    [
      {
        ""id"": ""q3"",
        ""target"": [""e_co_actor""],
        ""entities"": [
          { ""id"": ""e_matrix_actor"", ""type"": ""Person"" },
          { ""id"": ""e_co_actor"", ""type"": ""Person"" },
          { ""id"": ""e_movie"", ""type"": ""Movie"" }
        ],
        ""relationships"": [
          { ""id"": ""r_act_matrix"", ""role"": ""actor"", ""from"": ""e_matrix_actor"", ""to"": ""e_movie"" },
          { ""id"": ""r_act_co"", ""role"": ""actor"", ""from"": ""e_co_actor"", ""to"": ""e_movie"" }
        ],
        ""constraint"": {
          ""and_conditions"": [
            {
              ""left"": { ""attribute_name"": ""title"", ""of"": ""e_movie"" },
              ""operator"": ""="",
              ""right"": ""The Matrix""
            },
            ""r_act_matrix"",
            {
              ""left"": {
                ""left"": {
                  ""count_id"": ""e_movie"",
                  ""condition"": {
                    ""and_conditions"": [
                      ""r_act_co"",
                      {
                        ""left"": { ""attribute_name"": ""name"", ""of"": ""e_co_actor"" },
                        ""operator"": ""="",
                        ""right"": { ""attribute_name"": ""name"", ""of"": ""e_matrix_actor"" }
                      }
                    ]
                  }
                },
                ""operator"": ""="",
                ""right"": {
                  ""left"": {
                    ""count_id"": ""e_movie"",
                    ""condition"": {
                      ""and_conditions"": [
                        ""r_act_co"",
                        {
                          ""left"": {
                            ""count_id"": ""e_movie"",
                            ""condition"": {
                              ""and_conditions"": [
                                ""r_act_co"",
                                {
                                  ""left"": { ""attribute_name"": ""name"", ""of"": ""e_co_actor"" },
                                  ""operator"": ""="",
                                  ""right"": {
                                    ""left"": {
                                      ""count_id"": ""e_movie"",
                                      ""condition"": {
                                        ""and_conditions"": [
                                          ""r_act_co"",
                                          {
                                            ""left"": { ""attribute_name"": ""name"", ""of"": ""e_co_actor"" },
                                            ""operator"": ""="",
                                            ""right"": { ""attribute_name"": ""name"", ""of"": ""e_matrix_actor"" }
                                          }
                                        ]
                                      }
                                    },
                                    ""operator"": "">="",
                                    ""right"": 3
                                  }
                                }
                              ]
                            }
                          },
                          ""operator"": "">="",
                          ""right"": 3
                        }
                      ]
                    }
                  }
                },
                ""operator"": "">="",
                ""right"": 3
              }
            }
          ]
        },
        ""projection"": [
          { ""attribute_name"": ""name"", ""of"": ""e_co_actor"" }
        ]
      }
    ]
  ]
}
```"
24,Q12,Give me the actors of The Matrix along with the three actors who have acted the most in any movie with them,ministral-3:8b,False,0.15,141.398713,True,stop,4096,7.231811,772,133.315444,5.7908,"```json
{
  ""hypotheses_set"": [
    [
      {
        ""id"": ""q1"",
        ""target"": [""e_matrix_actor""],
        ""entities"": [
          { ""id"": ""e_matrix_actor"", ""type"": ""Person"" },
          { ""id"": ""e_movie"", ""type"": ""Movie"" }
        ],
        ""relationships"": [
          { ""id"": ""r_act_matrix"", ""role"": ""actor"", ""from"": ""e_matrix_actor"", ""to"": ""e_movie"" }
        ],
        ""constraint"": {
          ""and_conditions"": [
            {
              ""left"": { ""attribute_name"": ""title"", ""of"": ""e_movie"" },
              ""operator"": ""="",
              ""right"": ""The Matrix""
            }
          ]
        }
      }
    ],
    [
      {
        ""id"": ""q2"",
        ""target"": [""e_top_actor""],
        ""entities"": [
          { ""id"": ""e_top_actor"", ""type"": ""Person"" },
          { ""id"": ""e_matrix_actor"", ""type"": ""Person"" },
          { ""id"": ""e_co_movie"", ""type"": ""Movie"" }
        ],
        ""relationships"": [
          { ""id"": ""r_co_act"", ""role"": ""actor"", ""from"": ""e_top_actor"", ""to"": ""e_co_movie"" },
          { ""id"": ""r_matrix_co_act"", ""role"": ""actor"", ""from"": ""e_matrix_actor"", ""to"": ""e_co_movie"" }
        ],
        ""input"": [""q1""],
        ""constraint"": {
          ""and_conditions"": [
            ""r_co_act"",
            ""r_matrix_co_act"",
            {
              ""left"": {
                ""count_id"": ""e_top_actor"",
                ""condition"": {
                  ""left"": { ""attribute_name"": ""movie_id"", ""of"": ""r_co_act"" },
                  ""operator"": ""="",
                  ""right"": { ""attribute_name"": ""movie_id"", ""of"": ""r_matrix_co_act"" }
                }
              },
              ""operator"": "">="",
              ""right"": {
                ""count_id"": ""e_top_actor"",
                ""condition"": {
                  ""left"": { ""attribute_name"": ""movie_id"", ""of"": ""r_co_act"" },
                  ""operator"": ""="",
                  ""right"": { ""attribute_name"": ""movie_id"", ""of"": ""r_matrix_co_act"" }
                }
              }
            },
            {
              ""left"": {
                ""count_id"": ""e_top_actor"",
                ""condition"": {
                  ""left"": { ""attribute_name"": ""movie_id"", ""of"": ""r_co_act"" },
                  ""operator"": ""="",
                  ""right"": { ""attribute_name"": ""movie_id"", ""of"": ""r_matrix_co_act"" }
                }
              },
              ""operator"": ""<="",
              ""right"": {
                ""count_id"": ""e_top_actor"",
                ""condition"": {
                  ""left"": { ""attribute_name"": ""movie_id"", ""of"": ""r_co_act"" },
                  ""operator"": ""="",
                  ""right"": { ""attribute_name"": ""movie_id"", ""of"": ""r_matrix_co_act"" }
                }
              },
              ""comparator"": ""distinct"",
              ""limit"": 3
            }
          ]
        },
        ""projection"": [
          { ""attribute_name"": ""name"", ""of"": ""e_top_actor"" }
        ]
      }
    ]
  ]
}
```"
25,Q12,Give me the actors of The Matrix along with the three actors who have acted the most in any movie with them,ministral-3:8b,False,0.15,223.471852,True,stop,4096,7.206535,1234,215.102733,5.7368,"```json
{
  ""hypotheses_set"": [
    [
      {
        ""id"": ""q1"",
        ""target"": [""e_matrix_actor""],
        ""entities"": [
          { ""id"": ""e_movie"", ""type"": ""Movie"" },
          { ""id"": ""e_matrix_actor"", ""type"": ""Person"" },
          { ""id"": ""e_co_actor"", ""type"": ""Person"" }
        ],
        ""relationships"": [
          { ""id"": ""r_act_matrix"", ""role"": ""actor"", ""from"": ""e_matrix_actor"", ""to"": ""e_movie"" },
          { ""id"": ""r_act_co"", ""role"": ""actor"", ""from"": ""e_co_actor"", ""to"": ""e_movie"" }
        ],
        ""constraint"": {
          ""and_conditions"": [
            {
              ""left"": { ""attribute_name"": ""title"", ""of"": ""e_movie"" },
              ""operator"": ""="",
              ""right"": ""The Matrix""
            },
            ""r_act_matrix""
          ]
        },
        ""projection"": [
          { ""attribute_name"": ""name"", ""of"": ""e_matrix_actor"" }
        ]
      }
    ],
    [
      {
        ""id"": ""q2"",
        ""target"": [""e_co_actor""],
        ""entities"": [
          { ""id"": ""e_matrix_actor"", ""type"": ""Person"" },
          { ""id"": ""e_co_actor"", ""type"": ""Person"" },
          { ""id"": ""e_movie"", ""type"": ""Movie"" }
        ],
        ""relationships"": [
          { ""id"": ""r_act_matrix"", ""role"": ""actor"", ""from"": ""e_matrix_actor"", ""to"": ""e_movie"" },
          { ""id"": ""r_act_co"", ""role"": ""actor"", ""from"": ""e_co_actor"", ""to"": ""e_movie"" }
        ],
        ""constraint"": {
          ""and_conditions"": [
            {
              ""left"": { ""attribute_name"": ""title"", ""of"": ""e_movie"" },
              ""operator"": ""="",
              ""right"": ""The Matrix""
            },
            ""r_act_matrix"",
            {
              ""left"": {
                ""count_id"": ""e_movie"",
                ""condition"": {
                  ""and_conditions"": [
                    ""r_act_co"",
                    {
                      ""left"": { ""attribute_name"": ""name"", ""of"": ""e_co_actor"" },
                      ""operator"": ""="",
                      ""right"": { ""attribute_name"": ""name"", ""of"": ""e_matrix_actor"" }
                    }
                  ]
                }
              },
              ""operator"": "">="",
              ""right"": 3
            }
          ]
        },
        ""projection"": [
          { ""attribute_name"": ""name"", ""of"": ""e_co_actor"" }
        ]
      }
    ],
    [
      {
        ""id"": ""q3"",
        ""target"": [""e_co_actor""],
        ""entities"": [
          { ""id"": ""e_matrix_actor"", ""type"": ""Person"" },
          { ""id"": ""e_co_actor"", ""type"": ""Person"" },
          { ""id"": ""e_movie"", ""type"": ""Movie"" }
        ],
        ""relationships"": [
          { ""id"": ""r_act_matrix"", ""role"": ""actor"", ""from"": ""e_matrix_actor"", ""to"": ""e_movie"" },
          { ""id"": ""r_act_co"", ""role"": ""actor"", ""from"": ""e_co_actor"", ""to"": ""e_movie"" }
        ],
        ""constraint"": {
          ""and_conditions"": [
            {
              ""left"": { ""attribute_name"": ""title"", ""of"": ""e_movie"" },
              ""operator"": ""="",
              ""right"": ""The Matrix""
            },
            ""r_act_matrix"",
            {
              ""left"": {
                ""left"": {
                  ""count_id"": ""e_movie"",
                  ""condition"": {
                    ""and_conditions"": [
                      ""r_act_co"",
                      {
                        ""left"": { ""attribute_name"": ""name"", ""of"": ""e_co_actor"" },
                        ""operator"": ""="",
                        ""right"": { ""attribute_name"": ""name"", ""of"": ""e_matrix_actor"" }
                      }
                    ]
                  }
                },
                ""operator"": ""="",
                ""right"": {
                  ""left"": {
                    ""count_id"": ""e_movie"",
                    ""condition"": {
                      ""and_conditions"": [
                        ""r_act_co"",
                        {
                          ""left"": { ""attribute_name"": ""name"", ""of"": ""e_co_actor"" },
                          ""operator"": ""in"",
                          ""right"": [
                            {
                              ""left"": {
                                ""count_id"": ""e_movie"",
                                ""condition"": {
                                  ""and_conditions"": [
                                    ""r_act_co"",
                                    {
                                      ""left"": { ""attribute_name"": ""name"", ""of"": ""e_co_actor"" },
                                      ""operator"": ""!="",
                                      ""right"": { ""attribute_name"": ""name"", ""of"": ""e_matrix_actor"" }
                                    }
                                  ]
                                }
                              },
                              ""operator"": "">="",
                              ""right"": 3
                            }
                          ]
                        }
                      ]
                    }
                  },
                  ""operator"": "">="",
                  ""right"": 3
                }
              },
              ""operator"": "">="",
              ""right"": 3
            }
          ]
        },
        ""projection"": [
          { ""attribute_name"": ""name"", ""of"": ""e_co_actor"" }
        ]
      }
    ]
  ]
}
```"
26,Q12,Give me the actors of The Matrix along with the three actors who have acted the most in any movie with them,ministral-3:8b,False,0.15,138.719804,True,stop,4096,7.256391,757,130.607965,5.796,"```json
{
  ""hypotheses_set"": [
    [
      {
        ""id"": ""q1"",
        ""target"": [""e_matrix_actor""],
        ""entities"": [
          { ""id"": ""e_movie"", ""type"": ""Movie"" },
          { ""id"": ""e_matrix_actor"", ""type"": ""Person"" },
          { ""id"": ""e_co_actor"", ""type"": ""Person"" }
        ],
        ""relationships"": [
          { ""id"": ""r_act_matrix"", ""role"": ""actor"", ""from"": ""e_matrix_actor"", ""to"": ""e_movie"" },
          { ""id"": ""r_act_co"", ""role"": ""actor"", ""from"": ""e_co_actor"", ""to"": ""e_movie"" }
        ],
        ""constraint"": {
          ""and_conditions"": [
            {
              ""left"": { ""attribute_name"": ""title"", ""of"": ""e_movie"" },
              ""operator"": ""="",
              ""right"": ""The Matrix""
            },
            ""r_act_matrix""
          ]
        },
        ""projection"": [
          { ""attribute_name"": ""name"", ""of"": ""e_matrix_actor"" }
        ]
      }
    ],
    [
      {
        ""id"": ""q2"",
        ""target"": [""e_co_actor""],
        ""entities"": [
          { ""id"": ""e_matrix_actor"", ""type"": ""Person"" },
          { ""id"": ""e_co_actor"", ""type"": ""Person"" },
          { ""id"": ""e_movie"", ""type"": ""Movie"" }
        ],
        ""relationships"": [
          { ""id"": ""r_act_matrix"", ""role"": ""actor"", ""from"": ""e_matrix_actor"", ""to"": ""e_movie"" },
          { ""id"": ""r_act_co"", ""role"": ""actor"", ""from"": ""e_co_actor"", ""to"": ""e_movie"" }
        ],
        ""constraint"": {
          ""and_conditions"": [
            {
              ""left"": { ""attribute_name"": ""name"", ""of"": ""e_matrix_actor"" },
              ""operator"": ""in"",
              ""right"": {
                ""query_id"": ""q1"",
                ""target"": [""e_matrix_actor""]
              }
            },
            {
              ""left"": {
                ""count_id"": ""e_movie"",
                ""condition"": ""r_act_co""
              },
              ""operator"": "">="",
              ""right"": 3
            },
            {
              ""left"": {
                ""count_id"": ""e_movie"",
                ""condition"": {
                  ""and_conditions"": [
                    ""r_act_co"",
                    {
                      ""left"": {
                        ""count_id"": ""e_movie"",
                        ""condition"": {
                          ""and_conditions"": [
                            ""r_act_co"",
                            {
                              ""left"": { ""attribute_name"": ""name"", ""of"": ""e_co_actor"" },
                              ""operator"": ""in"",
                              ""right"": {
                                ""query_id"": ""q1"",
                                ""target"": [""e_matrix_actor""]
                              }
                            }
                          ]
                        }
                      },
                      ""operator"": "">="",
                      ""right"": 1
                    }
                  ]
                }
              },
              ""operator"": "">="",
              ""right"": 3
            }
          ]
        },
        ""projection"": [
          { ""attribute_name"": ""name"", ""of"": ""e_co_actor"" }
        ]
      }
    ]
  ]
}
```"
27,Q12,Give me the actors of The Matrix along with the three actors who have acted the most in any movie with them,ministral-3:8b,False,0.15,142.506371,True,stop,4096,7.205129,778,134.454173,5.7864,"```json
{
  ""hypotheses_set"": [
    [
      {
        ""id"": ""q1"",
        ""target"": [""e_matrix_actor""],
        ""entities"": [
          { ""id"": ""e_movie"", ""type"": ""Movie"" },
          { ""id"": ""e_matrix_actor"", ""type"": ""Person"" },
          { ""id"": ""e_co_actor"", ""type"": ""Person"" }
        ],
        ""relationships"": [
          { ""id"": ""r_act_matrix"", ""role"": ""actor"", ""from"": ""e_matrix_actor"", ""to"": ""e_movie"" },
          { ""id"": ""r_act_co"", ""role"": ""actor"", ""from"": ""e_co_actor"", ""to"": ""e_movie"" }
        ],
        ""constraint"": {
          ""and_conditions"": [
            {
              ""left"": { ""attribute_name"": ""title"", ""of"": ""e_movie"" },
              ""operator"": ""="",
              ""right"": ""The Matrix""
            },
            ""r_act_matrix""
          ]
        },
        ""projection"": [
          { ""attribute_name"": ""name"", ""of"": ""e_matrix_actor"" }
        ]
      }
    ],
    [
      {
        ""id"": ""q2"",
        ""target"": [""e_co_actor""],
        ""entities"": [
          { ""id"": ""e_matrix_actor"", ""type"": ""Person"" },
          { ""id"": ""e_co_actor"", ""type"": ""Person"" },
          { ""id"": ""e_common_movie"", ""type"": ""Movie"" }
        ],
        ""relationships"": [
          { ""id"": ""r_act_matrix"", ""role"": ""actor"", ""from"": ""e_matrix_actor"", ""to"": ""e_common_movie"" },
          { ""id"": ""r_act_co"", ""role"": ""actor"", ""from"": ""e_co_actor"", ""to"": ""e_common_movie"" }
        ],
        ""constraint"": {
          ""and_conditions"": [
            {
              ""left"": { ""attribute_name"": ""title"", ""of"": ""e_common_movie"" },
              ""operator"": ""="",
              ""right"": ""The Matrix""
            },
            {
              ""left"": {
                ""count_id"": ""e_common_movie"",
                ""condition"": {
                  ""and_conditions"": [
                    { ""left"": { ""attribute_name"": ""name"", ""of"": ""e_matrix_actor"" }, ""operator"": ""="", ""right"": { ""attribute_name"": ""name"", ""of"": ""e_co_actor"" } }
                  ]
                }
              },
              ""operator"": ""not"",
              ""right"": 1
            },
            {
              ""left"": {
                ""count_id"": ""e_co_actor"",
                ""condition"": {
                  ""and_conditions"": [
                    {
                      ""left"": {
                        ""count_id"": ""e_common_movie"",
                        ""condition"": {
                          ""and_conditions"": [
                            { ""left"": { ""attribute_name"": ""name"", ""of"": ""e_matrix_actor"" }, ""operator"": ""="", ""right"": { ""attribute_name"": ""name"", ""of"": ""e_co_actor"" } }
                          ]
                        }
                      },
                      ""operator"": "">="",
                      ""right"": 3
                    }
                  ]
                }
              },
              ""operator"": "">="",
              ""right"": 0
            }
          ]
        },
        ""projection"": [
          { ""attribute_name"": ""name"", ""of"": ""e_co_actor"" }
        ]
      }
    ]
  ]
}
```"
28,Q12,Give me the actors of The Matrix along with the three actors who have acted the most in any movie with them,ministral-3:8b,False,0.15,100.755088,True,stop,4096,7.335351,540,92.684242,5.8262,"```json
{
  ""hypotheses_set"": [
    [
      {
        ""id"": ""q1"",
        ""target"": [""e_matrix_actor""],
        ""entities"": [
          { ""id"": ""e_matrix_actor"", ""type"": ""Person"" },
          { ""id"": ""e_movie"", ""type"": ""Movie"" }
        ],
        ""relationships"": [
          { ""id"": ""r_act_matrix"", ""role"": ""actor"", ""from"": ""e_matrix_actor"", ""to"": ""e_movie"" }
        ],
        ""constraint"": {
          ""and_conditions"": [
            {
              ""left"": { ""attribute_name"": ""title"", ""of"": ""e_movie"" },
              ""operator"": ""="",
              ""right"": ""The Matrix""
            }
          ]
        }
      }
    ],
    [
      {
        ""id"": ""q2"",
        ""target"": [""e_top_actor""],
        ""entities"": [
          { ""id"": ""e_top_actor"", ""type"": ""Person"" },
          { ""id"": ""e_matrix_actor"", ""type"": ""Person"" },
          { ""id"": ""e_common_movie"", ""type"": ""Movie"" }
        ],
        ""relationships"": [
          { ""id"": ""r_act_common"", ""role"": ""actor"", ""from"": ""e_top_actor"", ""to"": ""e_common_movie"" },
          { ""id"": ""r_act_matrix"", ""role"": ""actor"", ""from"": ""e_matrix_actor"", ""to"": ""e_common_movie"" }
        ],
        ""constraint"": {
          ""and_conditions"": [
            {
              ""left"": {
                ""count_id"": ""e_top_actor"",
                ""condition"": {
                  ""left"": { ""attribute_name"": ""id"", ""of"": ""e_top_actor"" },
                  ""operator"": ""in"",
                  ""right"": {
                    ""all_id"": ""e_matrix_actor"",
                    ""condition"": {
                      ""left"": {
                        ""count_id"": ""e_common_movie"",
                        ""condition"": ""r_act_common""
                      },
                      ""operator"": "">="",
                      ""right"": 3
                    }
                  }
                }
              },
              ""operator"": ""top"",
              ""right"": 3
            },
            ""r_act_common""
          ]
        },
        ""projection"": [
          { ""attribute_name"": ""name"", ""of"": ""e_top_actor"" }
        ]
      }
    ]
  ]
}
```"
29,Q12,Give me the actors of The Matrix along with the three actors who have acted the most in any movie with them,ministral-3:8b,False,0.15,146.807406,True,stop,4096,7.235482,802,138.700273,5.7823,"```json
{
  ""hypotheses_set"": [
    [
      {
        ""id"": ""q1"",
        ""target"": [""e_matrix_actor""],
        ""entities"": [
          { ""id"": ""e_movie"", ""type"": ""Movie"" },
          { ""id"": ""e_matrix_actor"", ""type"": ""Person"" },
          { ""id"": ""e_co_actor"", ""type"": ""Person"" }
        ],
        ""relationships"": [
          { ""id"": ""r_act_matrix"", ""role"": ""actor"", ""from"": ""e_matrix_actor"", ""to"": ""e_movie"" },
          { ""id"": ""r_act_co"", ""role"": ""actor"", ""from"": ""e_co_actor"", ""to"": ""e_movie"" }
        ],
        ""constraint"": {
          ""and_conditions"": [
            {
              ""left"": { ""attribute_name"": ""title"", ""of"": ""e_movie"" },
              ""operator"": ""="",
              ""right"": ""The Matrix""
            },
            ""r_act_matrix""
          ]
        },
        ""projection"": [
          { ""attribute_name"": ""name"", ""of"": ""e_matrix_actor"" }
        ]
      }
    ],
    [
      {
        ""id"": ""q2"",
        ""target"": [""e_co_actor""],
        ""entities"": [
          { ""id"": ""e_matrix_actor"", ""type"": ""Person"" },
          { ""id"": ""e_co_actor"", ""type"": ""Person"" },
          { ""id"": ""e_common_movie"", ""type"": ""Movie"" }
        ],
        ""relationships"": [
          { ""id"": ""r_act_matrix"", ""role"": ""actor"", ""from"": ""e_matrix_actor"", ""to"": ""e_common_movie"" },
          { ""id"": ""r_act_co"", ""role"": ""actor"", ""from"": ""e_co_actor"", ""to"": ""e_common_movie"" }
        ],
        ""constraint"": {
          ""and_conditions"": [
            {
              ""left"": {
                ""count_id"": ""e_common_movie"",
                ""condition"": {
                  ""left"": { ""attribute_name"": ""actor"", ""of"": ""e_matrix_actor"" },
                  ""operator"": ""="",
                  ""right"": { ""attribute_name"": ""actor"", ""of"": ""e_matrix_actor"" }
                }
              },
              ""operator"": "">="",
              ""right"": 1
            },
            {
              ""left"": {
                ""count_id"": ""e_common_movie"",
                ""condition"": {
                  ""left"": { ""attribute_name"": ""actor"", ""of"": ""e_co_actor"" },
                  ""operator"": ""="",
                  ""right"": { ""attribute_name"": ""actor"", ""of"": ""e_co_actor"" }
                }
              },
              ""operator"": "">="",
              ""right"": 1
            },
            {
              ""left"": {
                ""count_id"": ""e_co_actor"",
                ""condition"": {
                  ""left"": {
                    ""count_id"": ""e_common_movie"",
                    ""condition"": {
                      ""left"": { ""attribute_name"": ""actor"", ""of"": ""e_co_actor"" },
                      ""operator"": ""="",
                      ""right"": { ""attribute_name"": ""actor"", ""of"": ""e_co_actor"" }
                    }
                  },
                  ""operator"": "">="",
                  ""right"": 1
                }
              },
              ""operator"": "">="",
              ""right"": 3
            }
          ]
        },
        ""projection"": [
          { ""attribute_name"": ""name"", ""of"": ""e_co_actor"" }
        ]
      }
    ]
  ]
}
```"
30,Q12,Give me the actors of The Matrix along with the three actors who have acted the most in any movie with them,ministral-3:8b,False,0.15,92.559114,True,stop,4096,7.232222,494,84.638845,5.8366,"```json
{
  ""hypotheses_set"": [
    [
      {
        ""id"": ""q1"",
        ""target"": [""e_matrix_actor""],
        ""entities"": [
          { ""id"": ""e_matrix_actor"", ""type"": ""Person"" },
          { ""id"": ""e_movie"", ""type"": ""Movie"" }
        ],
        ""relationships"": [
          { ""id"": ""r_act_matrix"", ""role"": ""actor"", ""from"": ""e_matrix_actor"", ""to"": ""e_movie"" }
        ],
        ""constraint"": {
          ""and_conditions"": [
            {
              ""left"": { ""attribute_name"": ""title"", ""of"": ""e_movie"" },
              ""operator"": ""="",
              ""right"": ""The Matrix""
            }
          ]
        }
      }
    ],
    [
      {
        ""id"": ""q2"",
        ""target"": [""e_top_actor""],
        ""entities"": [
          { ""id"": ""e_top_actor"", ""type"": ""Person"" },
          { ""id"": ""e_matrix_actor"", ""type"": ""Person"" },
          { ""id"": ""e_co_movie"", ""type"": ""Movie"" }
        ],
        ""relationships"": [
          { ""id"": ""r_act_co"", ""role"": ""actor"", ""from"": ""e_top_actor"", ""to"": ""e_co_movie"" },
          { ""id"": ""r_act_matrix_co"", ""role"": ""actor"", ""from"": ""e_matrix_actor"", ""to"": ""e_co_movie"" }
        ],
        ""constraint"": {
          ""and_conditions"": [
            {
              ""left"": { ""attribute_name"": ""title"", ""of"": ""e_co_movie"" },
              ""operator"": ""!="",
              ""right"": ""The Matrix""
            },
            ""r_act_co"",
            ""r_act_matrix_co""
          ]
        },
        ""projection"": [
          { ""attribute_name"": ""name"", ""of"": ""e_top_actor"" }
        ],
        ""order_by"": [
          {
            ""left"": { ""count_id"": ""e_co_movie"" },
            ""operator"": ""desc""
          }
        ],
        ""limit"": 3
      }
    ]
  ]
}
```"
