Run,Query ID,Query,Model,Thinking,Temperature,Inference Time (s),Valid JSON,Done Reason,Prompt Eval Count,Prompt Eval Duration (s),Eval Count,Eval Duration (s),Generation Throughput (tokens/s),Response
1,Q12,Give me the actors of The Matrix along with the three actors who have acted the most in any movie with them,qwen3.6:35b-a3b,False,0.1,251.249007,True,stop,3228,8.960146,700,241.021379,2.9043,"```json
{
  ""hypotheses_set"": [
    [
      {
        ""id"": ""q1"",
        ""target"": [
          ""e_actor_matrix"",
          ""e_top_actor""
        ],
        ""entities"": [
          {
            ""id"": ""e_movie_matrix"",
            ""type"": ""Movie""
          },
          {
            ""id"": ""e_actor_matrix"",
            ""type"": ""Actor""
          },
          {
            ""id"": ""e_movie_other"",
            ""type"": ""Movie""
          },
          {
            ""id"": ""e_actor_other"",
            ""type"": ""Actor""
          }
        ],
        ""relationships"": [
          {
            ""id"": ""r_cast_matrix"",
            ""role"": ""acted_in"",
            ""from"": ""e_actor_matrix"",
            ""to"": ""e_movie_matrix""
          },
          {
            ""id"": ""r_cast_other"",
            ""role"": ""acted_in"",
            ""from"": ""e_actor_other"",
            ""to"": ""e_movie_other""
          },
          {
            ""id"": ""r_co_star"",
            ""role"": ""co_starred_with"",
            ""from"": ""e_actor_matrix"",
            ""to"": ""e_actor_other""
          }
        ],
        ""constraint"": {
          ""and_conditions"": [
            {
              ""left"": {
                ""attribute_name"": ""title"",
                ""of"": ""e_movie_matrix""
              },
              ""operator"": ""="",
              ""right"": ""The Matrix""
            },
            ""r_cast_matrix"",
            ""r_cast_other"",
            {
              ""left"": {
                ""count_id"": ""r_co_star"",
                ""condition"": {
                  ""and_conditions"": [
                    ""r_cast_other"",
                    {
                      ""left"": {
                        ""attribute_name"": ""title"",
                        ""of"": ""e_movie_other""
                      },
                      ""operator"": ""!="",
                      ""right"": ""The Matrix""
                    }
                  ]
                }
              },
              ""operator"": "">"",
              ""right"": 0
            }
          ]
        },
        ""projection"": [
          {
            ""attribute_name"": ""name"",
            ""of"": ""e_actor_matrix""
          },
          {
            ""attribute_name"": ""name"",
            ""of"": ""e_top_actor""
          }
        ],
        ""order_by"": [
          {
            ""expression"": {
              ""count_id"": ""r_co_star"",
              ""condition"": {
                ""and_conditions"": [
                  ""r_cast_other"",
                  {
                    ""left"": {
                      ""attribute_name"": ""title"",
                      ""of"": ""e_movie_other""
                    },
                    ""operator"": ""!="",
                    ""right"": ""The Matrix""
                  }
                ]
              }
            },
            ""direction"": ""DESC""
          }
        ],
        ""limit"": 3
      }
    ]
  ]
}
```"
2,Q12,Give me the actors of The Matrix along with the three actors who have acted the most in any movie with them,qwen3.6:35b-a3b,False,0.1,210.104836,True,stop,3228,9.005138,574,199.988011,2.8702,"```json
{
  ""hypotheses_set"": [
    [
      {
        ""id"": ""q1"",
        ""target"": [
          ""e_actor_matrix"",
          ""e_top_actor""
        ],
        ""entities"": [
          {
            ""id"": ""e_movie_matrix"",
            ""type"": ""Movie""
          },
          {
            ""id"": ""e_actor_matrix"",
            ""type"": ""Actor""
          },
          {
            ""id"": ""e_movie_other"",
            ""type"": ""Movie""
          },
          {
            ""id"": ""e_actor_other"",
            ""type"": ""Actor""
          }
        ],
        ""relationships"": [
          {
            ""id"": ""r_cast_matrix"",
            ""role"": ""acted_in"",
            ""from"": ""e_actor_matrix"",
            ""to"": ""e_movie_matrix""
          },
          {
            ""id"": ""r_cast_other"",
            ""role"": ""acted_in"",
            ""from"": ""e_actor_other"",
            ""to"": ""e_movie_other""
          },
          {
            ""id"": ""r_coact"",
            ""role"": ""coacted_with"",
            ""from"": ""e_actor_other"",
            ""to"": ""e_actor_matrix""
          }
        ],
        ""constraint"": {
          ""and_conditions"": [
            {
              ""left"": {
                ""attribute_name"": ""title"",
                ""of"": ""e_movie_matrix""
              },
              ""operator"": ""="",
              ""right"": ""The Matrix""
            },
            ""r_cast_matrix"",
            ""r_cast_other"",
            ""r_coact"",
            {
              ""left"": {
                ""count_id"": ""r_cast_other"",
                ""condition"": ""r_coact""
              },
              ""operator"": "">"",
              ""right"": 2
            }
          ]
        },
        ""projection"": [
          {
            ""attribute_name"": ""name"",
            ""of"": ""e_actor_matrix""
          },
          {
            ""attribute_name"": ""name"",
            ""of"": ""e_actor_other""
          }
        ],
        ""order_by"": [
          {
            ""expression"": {
              ""count_id"": ""r_cast_other"",
              ""condition"": ""r_coact""
            },
            ""direction"": ""DESC""
          }
        ],
        ""limit"": 3
      }
    ]
  ]
}
```"
3,Q12,Give me the actors of The Matrix along with the three actors who have acted the most in any movie with them,qwen3.6:35b-a3b,False,0.1,208.64514,True,stop,3228,9.048408,575,198.49207,2.8968,"```json
{
  ""hypotheses_set"": [
    [
      {
        ""id"": ""q1"",
        ""target"": [
          ""e_actor_matrix"",
          ""e_top_actor""
        ],
        ""entities"": [
          {
            ""id"": ""e_movie_matrix"",
            ""type"": ""Movie""
          },
          {
            ""id"": ""e_actor_matrix"",
            ""type"": ""Actor""
          },
          {
            ""id"": ""e_movie_other"",
            ""type"": ""Movie""
          },
          {
            ""id"": ""e_actor_other"",
            ""type"": ""Actor""
          }
        ],
        ""relationships"": [
          {
            ""id"": ""r_cast_matrix"",
            ""role"": ""acted_in"",
            ""from"": ""e_actor_matrix"",
            ""to"": ""e_movie_matrix""
          },
          {
            ""id"": ""r_cast_other"",
            ""role"": ""acted_in"",
            ""from"": ""e_actor_other"",
            ""to"": ""e_movie_other""
          },
          {
            ""id"": ""r_co_star"",
            ""role"": ""co_starred_with"",
            ""from"": ""e_actor_matrix"",
            ""to"": ""e_actor_other""
          }
        ],
        ""constraint"": {
          ""and_conditions"": [
            {
              ""left"": {
                ""attribute_name"": ""name"",
                ""of"": ""e_movie_matrix""
              },
              ""operator"": ""="",
              ""right"": ""The Matrix""
            },
            ""r_cast_matrix"",
            ""r_cast_other"",
            ""r_co_star"",
            {
              ""left"": {
                ""count_id"": ""r_cast_other"",
                ""condition"": ""r_co_star""
              },
              ""operator"": "">"",
              ""right"": 2
            }
          ]
        },
        ""projection"": [
          {
            ""attribute_name"": ""name"",
            ""of"": ""e_actor_matrix""
          },
          {
            ""attribute_name"": ""name"",
            ""of"": ""e_actor_other""
          }
        ],
        ""order_by"": [
          {
            ""expression"": {
              ""count_id"": ""r_cast_other"",
              ""condition"": ""r_co_star""
            },
            ""direction"": ""DESC""
          }
        ],
        ""limit"": 3
      }
    ]
  ]
}
```"
4,Q12,Give me the actors of The Matrix along with the three actors who have acted the most in any movie with them,qwen3.6:35b-a3b,False,0.1,210.055485,True,stop,3228,9.001505,575,199.836366,2.8774,"```json
{
  ""hypotheses_set"": [
    [
      {
        ""id"": ""q1"",
        ""target"": [
          ""e_actor_matrix"",
          ""e_top_actor""
        ],
        ""entities"": [
          {
            ""id"": ""e_movie_matrix"",
            ""type"": ""Movie""
          },
          {
            ""id"": ""e_actor_matrix"",
            ""type"": ""Actor""
          },
          {
            ""id"": ""e_movie_other"",
            ""type"": ""Movie""
          },
          {
            ""id"": ""e_actor_other"",
            ""type"": ""Actor""
          }
        ],
        ""relationships"": [
          {
            ""id"": ""r_cast_matrix"",
            ""role"": ""acted_in"",
            ""from"": ""e_actor_matrix"",
            ""to"": ""e_movie_matrix""
          },
          {
            ""id"": ""r_cast_other"",
            ""role"": ""acted_in"",
            ""from"": ""e_actor_other"",
            ""to"": ""e_movie_other""
          },
          {
            ""id"": ""r_co_star"",
            ""role"": ""co_starred_with"",
            ""from"": ""e_actor_matrix"",
            ""to"": ""e_actor_other""
          }
        ],
        ""constraint"": {
          ""and_conditions"": [
            {
              ""left"": {
                ""attribute_name"": ""title"",
                ""of"": ""e_movie_matrix""
              },
              ""operator"": ""="",
              ""right"": ""The Matrix""
            },
            ""r_cast_matrix"",
            ""r_cast_other"",
            ""r_co_star"",
            {
              ""left"": {
                ""count_id"": ""r_cast_other"",
                ""condition"": ""r_co_star""
              },
              ""operator"": "">"",
              ""right"": 2
            }
          ]
        },
        ""projection"": [
          {
            ""attribute_name"": ""name"",
            ""of"": ""e_actor_matrix""
          },
          {
            ""attribute_name"": ""name"",
            ""of"": ""e_actor_other""
          }
        ],
        ""order_by"": [
          {
            ""expression"": {
              ""count_id"": ""r_cast_other"",
              ""condition"": ""r_co_star""
            },
            ""direction"": ""DESC""
          }
        ],
        ""limit"": 3
      }
    ]
  ]
}
```"
5,Q12,Give me the actors of The Matrix along with the three actors who have acted the most in any movie with them,qwen3.6:35b-a3b,False,0.1,209.03361,True,stop,3228,9.00811,575,198.809778,2.8922,"```json
{
  ""hypotheses_set"": [
    [
      {
        ""id"": ""q1"",
        ""target"": [
          ""e_actor_matrix"",
          ""e_top_actor""
        ],
        ""entities"": [
          {
            ""id"": ""e_movie_matrix"",
            ""type"": ""Movie""
          },
          {
            ""id"": ""e_actor_matrix"",
            ""type"": ""Actor""
          },
          {
            ""id"": ""e_movie_other"",
            ""type"": ""Movie""
          },
          {
            ""id"": ""e_actor_other"",
            ""type"": ""Actor""
          }
        ],
        ""relationships"": [
          {
            ""id"": ""r_cast_matrix"",
            ""role"": ""acted_in"",
            ""from"": ""e_actor_matrix"",
            ""to"": ""e_movie_matrix""
          },
          {
            ""id"": ""r_cast_other"",
            ""role"": ""acted_in"",
            ""from"": ""e_actor_other"",
            ""to"": ""e_movie_other""
          },
          {
            ""id"": ""r_co_star"",
            ""role"": ""co_starred_with"",
            ""from"": ""e_actor_other"",
            ""to"": ""e_actor_matrix""
          }
        ],
        ""constraint"": {
          ""and_conditions"": [
            {
              ""left"": {
                ""attribute_name"": ""title"",
                ""of"": ""e_movie_matrix""
              },
              ""operator"": ""="",
              ""right"": ""The Matrix""
            },
            ""r_cast_matrix"",
            ""r_cast_other"",
            ""r_co_star"",
            {
              ""left"": {
                ""count_id"": ""r_cast_other"",
                ""condition"": ""r_co_star""
              },
              ""operator"": "">"",
              ""right"": 2
            }
          ]
        },
        ""projection"": [
          {
            ""attribute_name"": ""name"",
            ""of"": ""e_actor_matrix""
          },
          {
            ""attribute_name"": ""name"",
            ""of"": ""e_actor_other""
          }
        ],
        ""order_by"": [
          {
            ""expression"": {
              ""count_id"": ""r_cast_other"",
              ""condition"": ""r_co_star""
            },
            ""direction"": ""DESC""
          }
        ],
        ""limit"": 3
      }
    ]
  ]
}
```"
6,Q12,Give me the actors of The Matrix along with the three actors who have acted the most in any movie with them,qwen3.6:35b-a3b,False,0.1,209.780295,True,stop,3228,8.981395,574,199.595146,2.8758,"```json
{
  ""hypotheses_set"": [
    [
      {
        ""id"": ""q1"",
        ""target"": [
          ""e_actor_matrix"",
          ""e_top_actor""
        ],
        ""entities"": [
          {
            ""id"": ""e_movie_matrix"",
            ""type"": ""Movie""
          },
          {
            ""id"": ""e_actor_matrix"",
            ""type"": ""Actor""
          },
          {
            ""id"": ""e_movie_other"",
            ""type"": ""Movie""
          },
          {
            ""id"": ""e_actor_other"",
            ""type"": ""Actor""
          }
        ],
        ""relationships"": [
          {
            ""id"": ""r_cast_matrix"",
            ""role"": ""acted_in"",
            ""from"": ""e_actor_matrix"",
            ""to"": ""e_movie_matrix""
          },
          {
            ""id"": ""r_cast_other"",
            ""role"": ""acted_in"",
            ""from"": ""e_actor_other"",
            ""to"": ""e_movie_other""
          },
          {
            ""id"": ""r_coact"",
            ""role"": ""coacted_with"",
            ""from"": ""e_actor_other"",
            ""to"": ""e_actor_matrix""
          }
        ],
        ""constraint"": {
          ""and_conditions"": [
            {
              ""left"": {
                ""attribute_name"": ""title"",
                ""of"": ""e_movie_matrix""
              },
              ""operator"": ""="",
              ""right"": ""The Matrix""
            },
            ""r_cast_matrix"",
            ""r_cast_other"",
            ""r_coact"",
            {
              ""left"": {
                ""count_id"": ""r_coact"",
                ""condition"": ""r_coact""
              },
              ""operator"": "">"",
              ""right"": 2
            }
          ]
        },
        ""projection"": [
          {
            ""attribute_name"": ""name"",
            ""of"": ""e_actor_matrix""
          },
          {
            ""attribute_name"": ""name"",
            ""of"": ""e_actor_other""
          }
        ],
        ""order_by"": [
          {
            ""expression"": {
              ""count_id"": ""r_coact"",
              ""condition"": ""r_coact""
            },
            ""direction"": ""DESC""
          }
        ],
        ""limit"": 3
      }
    ]
  ]
}
```"
7,Q12,Give me the actors of The Matrix along with the three actors who have acted the most in any movie with them,qwen3.6:35b-a3b,False,0.1,254.46431,True,stop,3228,9.032151,700,244.067132,2.8681,"```json
{
  ""hypotheses_set"": [
    [
      {
        ""id"": ""q1"",
        ""target"": [
          ""e_actor_matrix"",
          ""e_top_actor""
        ],
        ""entities"": [
          {
            ""id"": ""e_movie_matrix"",
            ""type"": ""Movie""
          },
          {
            ""id"": ""e_actor_matrix"",
            ""type"": ""Actor""
          },
          {
            ""id"": ""e_movie_other"",
            ""type"": ""Movie""
          },
          {
            ""id"": ""e_actor_other"",
            ""type"": ""Actor""
          }
        ],
        ""relationships"": [
          {
            ""id"": ""r_cast_matrix"",
            ""role"": ""acted_in"",
            ""from"": ""e_actor_matrix"",
            ""to"": ""e_movie_matrix""
          },
          {
            ""id"": ""r_cast_other"",
            ""role"": ""acted_in"",
            ""from"": ""e_actor_other"",
            ""to"": ""e_movie_other""
          },
          {
            ""id"": ""r_co_star"",
            ""role"": ""co_starred_with"",
            ""from"": ""e_actor_matrix"",
            ""to"": ""e_actor_other""
          }
        ],
        ""constraint"": {
          ""and_conditions"": [
            {
              ""left"": {
                ""attribute_name"": ""title"",
                ""of"": ""e_movie_matrix""
              },
              ""operator"": ""="",
              ""right"": ""The Matrix""
            },
            ""r_cast_matrix"",
            ""r_cast_other"",
            {
              ""left"": {
                ""count_id"": ""r_co_star"",
                ""condition"": {
                  ""and_conditions"": [
                    ""r_cast_other"",
                    {
                      ""left"": {
                        ""attribute_name"": ""title"",
                        ""of"": ""e_movie_other""
                      },
                      ""operator"": ""!="",
                      ""right"": ""The Matrix""
                    }
                  ]
                }
              },
              ""operator"": "">"",
              ""right"": 0
            }
          ]
        },
        ""projection"": [
          {
            ""attribute_name"": ""name"",
            ""of"": ""e_actor_matrix""
          },
          {
            ""attribute_name"": ""name"",
            ""of"": ""e_top_actor""
          }
        ],
        ""order_by"": [
          {
            ""expression"": {
              ""count_id"": ""r_co_star"",
              ""condition"": {
                ""and_conditions"": [
                  ""r_cast_other"",
                  {
                    ""left"": {
                      ""attribute_name"": ""title"",
                      ""of"": ""e_movie_other""
                    },
                    ""operator"": ""!="",
                    ""right"": ""The Matrix""
                  }
                ]
              }
            },
            ""direction"": ""DESC""
          }
        ],
        ""limit"": 3
      }
    ]
  ]
}
```"
8,Q12,Give me the actors of The Matrix along with the three actors who have acted the most in any movie with them,qwen3.6:35b-a3b,False,0.1,207.365463,True,stop,3228,8.968475,574,197.171535,2.9112,"```json
{
  ""hypotheses_set"": [
    [
      {
        ""id"": ""q1"",
        ""target"": [
          ""e_actor_matrix"",
          ""e_top_actor""
        ],
        ""entities"": [
          {
            ""id"": ""e_movie_matrix"",
            ""type"": ""Movie""
          },
          {
            ""id"": ""e_actor_matrix"",
            ""type"": ""Actor""
          },
          {
            ""id"": ""e_movie_other"",
            ""type"": ""Movie""
          },
          {
            ""id"": ""e_actor_other"",
            ""type"": ""Actor""
          }
        ],
        ""relationships"": [
          {
            ""id"": ""r_cast_matrix"",
            ""role"": ""acted_in"",
            ""from"": ""e_actor_matrix"",
            ""to"": ""e_movie_matrix""
          },
          {
            ""id"": ""r_cast_other"",
            ""role"": ""acted_in"",
            ""from"": ""e_actor_other"",
            ""to"": ""e_movie_other""
          },
          {
            ""id"": ""r_coact"",
            ""role"": ""coacted_with"",
            ""from"": ""e_actor_other"",
            ""to"": ""e_actor_matrix""
          }
        ],
        ""constraint"": {
          ""and_conditions"": [
            {
              ""left"": {
                ""attribute_name"": ""name"",
                ""of"": ""e_movie_matrix""
              },
              ""operator"": ""="",
              ""right"": ""The Matrix""
            },
            ""r_cast_matrix"",
            ""r_cast_other"",
            ""r_coact"",
            {
              ""left"": {
                ""count_id"": ""r_cast_other"",
                ""condition"": ""r_coact""
              },
              ""operator"": "">"",
              ""right"": 2
            }
          ]
        },
        ""projection"": [
          {
            ""attribute_name"": ""name"",
            ""of"": ""e_actor_matrix""
          },
          {
            ""attribute_name"": ""name"",
            ""of"": ""e_actor_other""
          }
        ],
        ""order_by"": [
          {
            ""expression"": {
              ""count_id"": ""r_cast_other"",
              ""condition"": ""r_coact""
            },
            ""direction"": ""DESC""
          }
        ],
        ""limit"": 3
      }
    ]
  ]
}
```"
9,Q12,Give me the actors of The Matrix along with the three actors who have acted the most in any movie with them,qwen3.6:35b-a3b,False,0.1,310.702098,True,stop,3228,8.951971,870,300.160899,2.8984,"```json
{
  ""hypotheses_set"": [
    [
      {
        ""id"": ""q1"",
        ""target"": [
          ""e_actor_matrix"",
          ""e_top_actor""
        ],
        ""entities"": [
          {
            ""id"": ""e_movie_matrix"",
            ""type"": ""Movie""
          },
          {
            ""id"": ""e_actor_matrix"",
            ""type"": ""Actor""
          },
          {
            ""id"": ""e_movie_other"",
            ""type"": ""Movie""
          },
          {
            ""id"": ""e_actor_other"",
            ""type"": ""Actor""
          }
        ],
        ""relationships"": [
          {
            ""id"": ""r_cast_matrix"",
            ""role"": ""acted_in"",
            ""from"": ""e_actor_matrix"",
            ""to"": ""e_movie_matrix""
          },
          {
            ""id"": ""r_cast_other"",
            ""role"": ""acted_in"",
            ""from"": ""e_actor_other"",
            ""to"": ""e_movie_other""
          },
          {
            ""id"": ""r_coact_matrix"",
            ""role"": ""coacted_with"",
            ""from"": ""e_actor_matrix"",
            ""to"": ""e_actor_other""
          }
        ],
        ""constraint"": {
          ""and_conditions"": [
            {
              ""left"": {
                ""attribute_name"": ""name"",
                ""of"": ""e_movie_matrix""
              },
              ""operator"": ""="",
              ""right"": ""The Matrix""
            },
            ""r_cast_matrix"",
            ""r_cast_other"",
            {
              ""left"": {
                ""count_id"": ""r_coact_matrix"",
                ""condition"": {
                  ""and_conditions"": [
                    ""r_cast_other"",
                    {
                      ""left"": {
                        ""attribute_name"": ""name"",
                        ""of"": ""e_actor_matrix""
                      },
                      ""operator"": ""="",
                      ""right"": {
                        ""expression_ID"": ""e_actor_matrix"",
                        ""expression"": ""e_actor_matrix""
                      }
                    },
                    {
                      ""left"": {
                        ""attribute_name"": ""name"",
                        ""of"": ""e_actor_other""
                      },
                      ""operator"": ""="",
                      ""right"": {
                        ""expression_ID"": ""e_actor_other"",
                        ""expression"": ""e_actor_other""
                      }
                    }
                  ]
                }
              },
              ""operator"": ""="",
              ""right"": {
                ""max_id"": ""e_actor_other"",
                ""expression"": {
                  ""count_id"": ""r_coact_matrix"",
                  ""condition"": {
                    ""and_conditions"": [
                      ""r_cast_other"",
                      {
                        ""left"": {
                          ""attribute_name"": ""name"",
                          ""of"": ""e_actor_matrix""
                        },
                        ""operator"": ""="",
                        ""right"": {
                          ""expression_ID"": ""e_actor_matrix"",
                          ""expression"": ""e_actor_matrix""
                        }
                      },
                      {
                        ""left"": {
                          ""attribute_name"": ""name"",
                          ""of"": ""e_actor_other""
                        },
                        ""operator"": ""="",
                        ""right"": {
                          ""expression_ID"": ""e_actor_other"",
                          ""expression"": ""e_actor_other""
                        }
                      }
                    ]
                  }
                }
              }
            }
          ]
        },
        ""projection"": [
          {
            ""attribute_name"": ""name"",
            ""of"": ""e_actor_matrix""
          },
          {
            ""attribute_name"": ""name"",
            ""of"": ""e_actor_other""
          }
        ],
        ""limit"": 3
      }
    ]
  ]
}
```"
10,Q12,Give me the actors of The Matrix along with the three actors who have acted the most in any movie with them,qwen3.6:35b-a3b,False,0.1,211.734712,True,stop,3228,9.250833,578,201.290969,2.8715,"```json
{
  ""hypotheses_set"": [
    [
      {
        ""id"": ""q1"",
        ""target"": [
          ""e_actor_matrix"",
          ""e_top_actor""
        ],
        ""entities"": [
          {
            ""id"": ""e_movie_matrix"",
            ""type"": ""Movie""
          },
          {
            ""id"": ""e_actor_matrix"",
            ""type"": ""Actor""
          },
          {
            ""id"": ""e_movie_other"",
            ""type"": ""Movie""
          },
          {
            ""id"": ""e_actor_other"",
            ""type"": ""Actor""
          }
        ],
        ""relationships"": [
          {
            ""id"": ""r_cast_matrix"",
            ""role"": ""acted_in"",
            ""from"": ""e_actor_matrix"",
            ""to"": ""e_movie_matrix""
          },
          {
            ""id"": ""r_cast_other"",
            ""role"": ""acted_in"",
            ""from"": ""e_actor_other"",
            ""to"": ""e_movie_other""
          },
          {
            ""id"": ""r_coact_matrix"",
            ""role"": ""coacted_with"",
            ""from"": ""e_actor_other"",
            ""to"": ""e_actor_matrix""
          }
        ],
        ""constraint"": {
          ""and_conditions"": [
            {
              ""left"": {
                ""attribute_name"": ""title"",
                ""of"": ""e_movie_matrix""
              },
              ""operator"": ""="",
              ""right"": ""The Matrix""
            },
            ""r_cast_matrix"",
            ""r_cast_other"",
            ""r_coact_matrix"",
            {
              ""left"": {
                ""count_id"": ""r_cast_other"",
                ""condition"": ""r_coact_matrix""
              },
              ""operator"": "">"",
              ""right"": 0
            }
          ]
        },
        ""projection"": [
          {
            ""attribute_name"": ""name"",
            ""of"": ""e_actor_matrix""
          },
          {
            ""attribute_name"": ""name"",
            ""of"": ""e_actor_other""
          }
        ],
        ""order_by"": [
          {
            ""expression"": {
              ""count_id"": ""r_cast_other"",
              ""condition"": ""r_coact_matrix""
            },
            ""direction"": ""DESC""
          }
        ],
        ""limit"": 3
      }
    ]
  ]
}
```"
11,Q12,Give me the actors of The Matrix along with the three actors who have acted the most in any movie with them,qwen3.6:35b-a3b,False,0.1,211.333037,True,stop,3228,8.990383,574,201.221981,2.8526,"```json
{
  ""hypotheses_set"": [
    [
      {
        ""id"": ""q1"",
        ""target"": [
          ""e_actor_matrix"",
          ""e_top_actor""
        ],
        ""entities"": [
          {
            ""id"": ""e_movie_matrix"",
            ""type"": ""Movie""
          },
          {
            ""id"": ""e_actor_matrix"",
            ""type"": ""Actor""
          },
          {
            ""id"": ""e_movie_other"",
            ""type"": ""Movie""
          },
          {
            ""id"": ""e_actor_other"",
            ""type"": ""Actor""
          }
        ],
        ""relationships"": [
          {
            ""id"": ""r_cast_matrix"",
            ""role"": ""acted_in"",
            ""from"": ""e_actor_matrix"",
            ""to"": ""e_movie_matrix""
          },
          {
            ""id"": ""r_cast_other"",
            ""role"": ""acted_in"",
            ""from"": ""e_actor_other"",
            ""to"": ""e_movie_other""
          },
          {
            ""id"": ""r_coact"",
            ""role"": ""coacted_with"",
            ""from"": ""e_actor_other"",
            ""to"": ""e_actor_matrix""
          }
        ],
        ""constraint"": {
          ""and_conditions"": [
            {
              ""left"": {
                ""attribute_name"": ""title"",
                ""of"": ""e_movie_matrix""
              },
              ""operator"": ""="",
              ""right"": ""The Matrix""
            },
            ""r_cast_matrix"",
            ""r_cast_other"",
            ""r_coact"",
            {
              ""left"": {
                ""count_id"": ""r_coact"",
                ""condition"": ""r_coact""
              },
              ""operator"": "">"",
              ""right"": 0
            }
          ]
        },
        ""projection"": [
          {
            ""attribute_name"": ""name"",
            ""of"": ""e_actor_matrix""
          },
          {
            ""attribute_name"": ""name"",
            ""of"": ""e_top_actor""
          }
        ],
        ""order_by"": [
          {
            ""expression"": {
              ""count_id"": ""r_coact"",
              ""condition"": ""r_coact""
            },
            ""direction"": ""DESC""
          }
        ],
        ""limit"": 3
      }
    ]
  ]
}
```"
12,Q12,Give me the actors of The Matrix along with the three actors who have acted the most in any movie with them,qwen3.6:35b-a3b,False,0.1,223.39353,True,stop,3228,9.067068,620,213.066163,2.9099,"```json
{
  ""hypotheses_set"": [
    [
      {
        ""id"": ""q1"",
        ""target"": [
          ""e_actor_matrix"",
          ""e_top_actor""
        ],
        ""entities"": [
          {
            ""id"": ""e_movie_matrix"",
            ""type"": ""Movie""
          },
          {
            ""id"": ""e_actor_matrix"",
            ""type"": ""Actor""
          },
          {
            ""id"": ""e_movie_other"",
            ""type"": ""Movie""
          },
          {
            ""id"": ""e_actor_other"",
            ""type"": ""Actor""
          }
        ],
        ""relationships"": [
          {
            ""id"": ""r_cast_matrix"",
            ""role"": ""acted_in"",
            ""from"": ""e_actor_matrix"",
            ""to"": ""e_movie_matrix""
          },
          {
            ""id"": ""r_cast_other"",
            ""role"": ""acted_in"",
            ""from"": ""e_actor_other"",
            ""to"": ""e_movie_other""
          },
          {
            ""id"": ""r_coact"",
            ""role"": ""coacted_with"",
            ""from"": ""e_actor_other"",
            ""to"": ""e_actor_matrix""
          }
        ],
        ""constraint"": {
          ""and_conditions"": [
            {
              ""left"": {
                ""attribute_name"": ""title"",
                ""of"": ""e_movie_matrix""
              },
              ""operator"": ""="",
              ""right"": ""The Matrix""
            },
            ""r_cast_matrix"",
            ""r_cast_other"",
            ""r_coact"",
            {
              ""left"": {
                ""count_id"": ""r_coact"",
                ""condition"": {
                  ""and_conditions"": [
                    ""r_cast_other"",
                    ""r_coact""
                  ]
                }
              },
              ""operator"": "">"",
              ""right"": 2
            }
          ]
        },
        ""projection"": [
          {
            ""attribute_name"": ""name"",
            ""of"": ""e_actor_matrix""
          },
          {
            ""attribute_name"": ""name"",
            ""of"": ""e_actor_other""
          }
        ],
        ""order_by"": [
          {
            ""expression"": {
              ""count_id"": ""r_coact"",
              ""condition"": {
                ""and_conditions"": [
                  ""r_cast_other"",
                  ""r_coact""
                ]
              }
            },
            ""direction"": ""DESC""
          }
        ],
        ""limit"": 3
      }
    ]
  ]
}
```"
13,Q12,Give me the actors of The Matrix along with the three actors who have acted the most in any movie with them,qwen3.6:35b-a3b,False,0.1,211.109346,True,stop,3228,8.997787,575,201.004369,2.8606,"```json
{
  ""hypotheses_set"": [
    [
      {
        ""id"": ""q1"",
        ""target"": [
          ""e_actor_matrix"",
          ""e_top_actor""
        ],
        ""entities"": [
          {
            ""id"": ""e_movie_matrix"",
            ""type"": ""Movie""
          },
          {
            ""id"": ""e_actor_matrix"",
            ""type"": ""Actor""
          },
          {
            ""id"": ""e_movie_other"",
            ""type"": ""Movie""
          },
          {
            ""id"": ""e_actor_other"",
            ""type"": ""Actor""
          }
        ],
        ""relationships"": [
          {
            ""id"": ""r_cast_matrix"",
            ""role"": ""acted_in"",
            ""from"": ""e_actor_matrix"",
            ""to"": ""e_movie_matrix""
          },
          {
            ""id"": ""r_cast_other"",
            ""role"": ""acted_in"",
            ""from"": ""e_actor_other"",
            ""to"": ""e_movie_other""
          },
          {
            ""id"": ""r_co_star"",
            ""role"": ""co_starred_with"",
            ""from"": ""e_actor_matrix"",
            ""to"": ""e_actor_other""
          }
        ],
        ""constraint"": {
          ""and_conditions"": [
            {
              ""left"": {
                ""attribute_name"": ""title"",
                ""of"": ""e_movie_matrix""
              },
              ""operator"": ""="",
              ""right"": ""The Matrix""
            },
            ""r_cast_matrix"",
            ""r_cast_other"",
            ""r_co_star"",
            {
              ""left"": {
                ""count_id"": ""r_cast_other"",
                ""condition"": ""r_co_star""
              },
              ""operator"": "">"",
              ""right"": 2
            }
          ]
        },
        ""projection"": [
          {
            ""attribute_name"": ""name"",
            ""of"": ""e_actor_matrix""
          },
          {
            ""attribute_name"": ""name"",
            ""of"": ""e_actor_other""
          }
        ],
        ""order_by"": [
          {
            ""expression"": {
              ""count_id"": ""r_cast_other"",
              ""condition"": ""r_co_star""
            },
            ""direction"": ""DESC""
          }
        ],
        ""limit"": 3
      }
    ]
  ]
}
```"
14,Q12,Give me the actors of The Matrix along with the three actors who have acted the most in any movie with them,qwen3.6:35b-a3b,False,0.1,723.636513,False,length,3228,8.951925,2048,711.598231,2.878,"```json
{
  ""hypotheses_set"": [
    [
      {
        ""id"": ""q1"",
        ""target"": [
          ""e_actor_matrix"",
          ""e_top_actor""
        ],
        ""entities"": [
          {
            ""id"": ""e_movie_matrix"",
            ""type"": ""Movie""
          },
          {
            ""id"": ""e_actor_matrix"",
            ""type"": ""Actor""
          },
          {
            ""id"": ""e_movie_other"",
            ""type"": ""Movie""
          },
          {
            ""id"": ""e_actor_other"",
            ""type"": ""Actor""
          }
        ],
        ""relationships"": [
          {
            ""id"": ""r_cast_matrix"",
            ""role"": ""acted_in"",
            ""from"": ""e_actor_matrix"",
            ""to"": ""e_movie_matrix""
          },
          {
            ""id"": ""r_cast_other"",
            ""role"": ""acted_in"",
            ""from"": ""e_actor_other"",
            ""to"": ""e_movie_other""
          },
          {
            ""id"": ""r_co_star"",
            ""role"": ""co_starred_with"",
            ""from"": ""e_actor_matrix"",
            ""to"": ""e_actor_other""
          }
        ],
        ""constraint"": {
          ""and_conditions"": [
            {
              ""left"": {
                ""attribute_name"": ""name"",
                ""of"": ""e_movie_matrix""
              },
              ""operator"": ""="",
              ""right"": ""The Matrix""
            },
            ""r_cast_matrix"",
            ""r_cast_other"",
            ""r_co_star"",
            {
              ""left"": {
                ""count_id"": ""r_cast_other"",
                ""condition"": ""r_co_star""
              },
              ""operator"": "">"",
              ""right"": {
                ""min_id"": ""e_actor_other"",
                ""expression"": {
                  ""count_id"": ""r_cast_other"",
                  ""condition"": ""r_co_star""
                },
                ""condition"": {
                  ""left"": {
                    ""count_id"": ""r_cast_other"",
                    ""condition"": ""r_co_star""
                  },
                  ""operator"": "">"",
                  ""right"": {
                    ""min_id"": ""e_actor_other"",
                    ""expression"": {
                      ""count_id"": ""r_cast_other"",
                      ""condition"": ""r_co_star""
                    },
                    ""condition"": {
                      ""left"": {
                        ""count_id"": ""r_cast_other"",
                        ""condition"": ""r_co_star""
                      },
                      ""operator"": "">"",
                      ""right"": {
                        ""min_id"": ""e_actor_other"",
                        ""expression"": {
                          ""count_id"": ""r_cast_other"",
                          ""condition"": ""r_co_star""
                        },
                        ""condition"": {
                          ""left"": {
                            ""count_id"": ""r_cast_other"",
                            ""condition"": ""r_co_star""
                          },
                          ""operator"": "">"",
                          ""right"": {
                            ""min_id"": ""e_actor_other"",
                            ""expression"": {
                              ""count_id"": ""r_cast_other"",
                              ""condition"": ""r_co_star""
                            },
                            ""condition"": {
                              ""left"": {
                                ""count_id"": ""r_cast_other"",
                                ""condition"": ""r_co_star""
                              },
                              ""operator"": "">"",
                              ""right"": {
                                ""min_id"": ""e_actor_other"",
                                ""expression"": {
                                  ""count_id"": ""r_cast_other"",
                                  ""condition"": ""r_co_star""
                                },
                                ""condition"": {
                                  ""left"": {
                                    ""count_id"": ""r_cast_other"",
                                    ""condition"": ""r_co_star""
                                  },
                                  ""operator"": "">"",
                                  ""right"": {
                                    ""min_id"": ""e_actor_other"",
                                    ""expression"": {
                                      ""count_id"": ""r_cast_other"",
                                      ""condition"": ""r_co_star""
                                    },
                                    ""condition"": {
                                      ""left"": {
                                        ""count_id"": ""r_cast_other"",
                                        ""condition"": ""r_co_star""
                                      },
                                      ""operator"": "">"",
                                      ""right"": {
                                        ""min_id"": ""e_actor_other"",
                                        ""expression"": {
                                          ""count_id"": ""r_cast_other"",
                                          ""condition"": ""r_co_star""
                                        },
                                        ""condition"": {
                                          ""left"": {
                                            ""count_id"": ""r_cast_other"",
                                            ""condition"": ""r_co_star""
                                          },
                                          ""operator"": "">"",
                                          ""right"": {
                                            ""min_id"": ""e_actor_other"",
                                            ""expression"": {
                                              ""count_id"": ""r_cast_other"",
                                              ""condition"": ""r_co_star""
                                            },
                                            ""condition"": {
                                              ""left"": {
                                                ""count_id"": ""r_cast_other"",
                                                ""condition"": ""r_co_star""
                                              },
                                              ""operator"": "">"",
                                              ""right"": {
                                                ""min_id"": ""e_actor_other"",
                                                ""expression"": {
                                                  ""count_id"": ""r_cast_other"",
                                                  ""condition"": ""r_co_star""
                                                },
                                                ""condition"": {
                                                  ""left"": {
                                                    ""count_id"": ""r_cast_other"",
                                                    ""condition"": ""r_co_star""
                                                  },
                                                  ""operator"": "">"",
                                                  ""right"": {
                                                    ""min_id"": ""e_actor_other"",
                                                    ""expression"": {
                                                      ""count_id"": ""r_cast_other"",
                                                      ""condition"": ""r_co_star""
                                                    },
                                                    ""condition"": {
                                                      ""left"": {
                                                        ""count_id"": ""r_cast_other"",
                                                        ""condition"": ""r_co_star""
                                                      },
                                                      ""operator"": "">"",
                                                      ""right"": {
                                                        ""min_id"": ""e_actor_other"",
                                                        ""expression"": {
                                                          ""count_id"": ""r_cast_other"",
                                                          ""condition"": ""r_co_star""
                                                        },
                                                        ""condition"": {
                                                          ""left"": {
                                                            ""count_id"": ""r_cast_other"",
                                                            ""condition"": ""r_co_star""
                                                          },
                                                          ""operator"": "">"",
                                                          ""right"": {
                                                            ""min_id"": ""e_actor_other"",
                                                            ""expression"": {
                                                              ""count_id"": ""r_cast_other"",
                                                              ""condition"": ""r_co_star""
                                                            },
                                                            ""condition"": {
                                                              ""left"": {
                                                                ""count_id"": ""r_cast_other"",
                                                                ""condition"": ""r_co_star""
                                                              },
                                                              ""operator"": "">"",
                                                              ""right"": {
                                                                ""min_id"": ""e_actor_other"",
                                                                ""expression"": {
                                                                  ""count_id"": ""r_cast_other"",
                                                                  ""condition"": ""r_co_star""
                                                                },
                                                                ""condition"": {
                                                                  ""left"": {
                                                                    ""count_id"": ""r_cast_other"",
                                                                    ""condition"": ""r_co_star""
                                                                  },
                                                                  ""operator"": "">"",
                                                                  ""right"": {
                                                                    ""min_id"": ""e_actor_other"",
                                                                    ""expression"": {
                                                                      ""count_id"": ""r_cast_other"",
                                                                      ""condition"": ""r_co_star""
                                                                    },
                                                                    ""condition"": {
                                                                      ""left"": {
                                                                        ""count_id"": ""r_cast_other"",
                                                                        ""condition"": ""r_co_star""
                                                                      },
                                                                      ""operator"": "">"",
                                                                      ""right"": {
                                                                        ""min_id"": ""e_actor_other"",
                                                                        ""expression"": {
                                                                          ""count_id"": ""r_cast_other"",
                                                                          ""condition"": ""r_co_star""
                                                                        },
                                                                        ""condition"": {
                                                                          ""left"": {
                                                                            ""count_id"": ""r_cast_other"",
                                                                            ""condition"": ""r_co_star""
                                                                          },
                                                                          ""operator"": "">"",
                                                                          ""right"": {
                                                                            ""min_id"": ""e_actor_other"",
                                                                            ""expression"": {
                                                                              ""count_id"": ""r_cast_other"",
                                                                              ""condition"": ""r_co_star""
                                                                            },
                                                                            ""condition"": {
                                                                              ""left"": {
                                                                                ""count_id"": ""r_cast_other"",
                                                                                ""condition"": ""r_co_star""
                                                                              },
                                                                              ""operator"": "">"",
                                                                              ""right"": {
                                                                                ""min_id"": ""e_actor_other"",
                                                                                ""expression"": {
                                                                                  ""count_id"": ""r_cast_other"",
                                                                                  ""condition"": ""r_co_star""
                                                                                },
                                                                                ""condition"": {
                                                                                  ""left"": {
                                                                                    ""count_id"": ""r_cast_other"",
                                                                                    ""condition"": ""r_co_star""
                                                                                  },
                                                                                  ""operator"": "">"",
                                                                                  ""right"": {
                                                                                    ""min_id"": ""e_actor_other"",
                                                                                    ""expression"": {
                                                                                      ""count_id"": ""r_cast_other"",
                                                                                      ""condition"": ""r_co_star""
                                                                                    },
                                                                                    ""condition"": {
                                                                                      ""left"": {
                                                                                        ""count_id"": ""r_cast_other"",
                                                                                        ""condition"": ""r_co_star""
                                                                                      },
                                                                                      ""operator"":"
15,Q12,Give me the actors of The Matrix along with the three actors who have acted the most in any movie with them,qwen3.6:35b-a3b,False,0.1,211.006983,True,stop,3228,9.011128,574,200.756277,2.8592,"```json
{
  ""hypotheses_set"": [
    [
      {
        ""id"": ""q1"",
        ""target"": [
          ""e_actor_matrix"",
          ""e_top_actor""
        ],
        ""entities"": [
          {
            ""id"": ""e_movie_matrix"",
            ""type"": ""Movie""
          },
          {
            ""id"": ""e_actor_matrix"",
            ""type"": ""Actor""
          },
          {
            ""id"": ""e_movie_other"",
            ""type"": ""Movie""
          },
          {
            ""id"": ""e_actor_other"",
            ""type"": ""Actor""
          }
        ],
        ""relationships"": [
          {
            ""id"": ""r_cast_matrix"",
            ""role"": ""acted_in"",
            ""from"": ""e_actor_matrix"",
            ""to"": ""e_movie_matrix""
          },
          {
            ""id"": ""r_cast_other"",
            ""role"": ""acted_in"",
            ""from"": ""e_actor_other"",
            ""to"": ""e_movie_other""
          },
          {
            ""id"": ""r_coact"",
            ""role"": ""coacted_with"",
            ""from"": ""e_actor_other"",
            ""to"": ""e_actor_matrix""
          }
        ],
        ""constraint"": {
          ""and_conditions"": [
            {
              ""left"": {
                ""attribute_name"": ""title"",
                ""of"": ""e_movie_matrix""
              },
              ""operator"": ""="",
              ""right"": ""The Matrix""
            },
            ""r_cast_matrix"",
            ""r_cast_other"",
            ""r_coact"",
            {
              ""left"": {
                ""count_id"": ""r_coact"",
                ""condition"": ""r_coact""
              },
              ""operator"": "">"",
              ""right"": 0
            }
          ]
        },
        ""projection"": [
          {
            ""attribute_name"": ""name"",
            ""of"": ""e_actor_matrix""
          },
          {
            ""attribute_name"": ""name"",
            ""of"": ""e_top_actor""
          }
        ],
        ""order_by"": [
          {
            ""expression"": {
              ""count_id"": ""r_coact"",
              ""condition"": ""r_coact""
            },
            ""direction"": ""DESC""
          }
        ],
        ""limit"": 3
      }
    ]
  ]
}
```"
16,Q12,Give me the actors of The Matrix along with the three actors who have acted the most in any movie with them,qwen3.6:35b-a3b,False,0.1,253.783538,True,stop,3228,8.953789,698,243.45799,2.867,"```json
{
  ""hypotheses_set"": [
    [
      {
        ""id"": ""q1"",
        ""target"": [
          ""e_actor_matrix"",
          ""e_top_actor""
        ],
        ""entities"": [
          {
            ""id"": ""e_movie_matrix"",
            ""type"": ""Movie""
          },
          {
            ""id"": ""e_actor_matrix"",
            ""type"": ""Actor""
          },
          {
            ""id"": ""e_other_movie"",
            ""type"": ""Movie""
          },
          {
            ""id"": ""e_top_actor"",
            ""type"": ""Actor""
          }
        ],
        ""relationships"": [
          {
            ""id"": ""r_cast_matrix"",
            ""role"": ""acted_in"",
            ""from"": ""e_actor_matrix"",
            ""to"": ""e_movie_matrix""
          },
          {
            ""id"": ""r_cast_other"",
            ""role"": ""acted_in"",
            ""from"": ""e_top_actor"",
            ""to"": ""e_other_movie""
          },
          {
            ""id"": ""r_co_star"",
            ""role"": ""co_starred_with"",
            ""from"": ""e_top_actor"",
            ""to"": ""e_actor_matrix""
          }
        ],
        ""constraint"": {
          ""and_conditions"": [
            {
              ""left"": {
                ""attribute_name"": ""name"",
                ""of"": ""e_movie_matrix""
              },
              ""operator"": ""="",
              ""right"": ""The Matrix""
            },
            ""r_cast_matrix"",
            ""r_cast_other"",
            ""r_co_star"",
            {
              ""left"": {
                ""count_id"": ""r_cast_other"",
                ""condition"": {
                  ""and_conditions"": [
                    ""r_cast_other"",
                    ""r_co_star""
                  ]
                }
              },
              ""operator"": ""="",
              ""right"": {
                ""max_id"": ""e_top_actor"",
                ""expression"": {
                  ""count_id"": ""r_cast_other"",
                  ""condition"": {
                    ""and_conditions"": [
                      ""r_cast_other"",
                      ""r_co_star""
                    ]
                  }
                },
                ""condition"": {
                  ""and_conditions"": [
                    {
                      ""left"": {
                        ""attribute_name"": ""name"",
                        ""of"": ""e_movie_matrix""
                      },
                      ""operator"": ""="",
                      ""right"": ""The Matrix""
                    },
                    ""r_cast_matrix"",
                    ""r_cast_other"",
                    ""r_co_star""
                  ]
                }
              }
            }
          ]
        },
        ""projection"": [
          {
            ""attribute_name"": ""name"",
            ""of"": ""e_actor_matrix""
          },
          {
            ""attribute_name"": ""name"",
            ""of"": ""e_top_actor""
          }
        ],
        ""limit"": 3
      }
    ]
  ]
}
```"
17,Q12,Give me the actors of The Matrix along with the three actors who have acted the most in any movie with them,qwen3.6:35b-a3b,False,0.1,211.208745,True,stop,3228,8.999361,575,201.124584,2.8589,"```json
{
  ""hypotheses_set"": [
    [
      {
        ""id"": ""q1"",
        ""target"": [
          ""e_actor_matrix"",
          ""e_top_actor""
        ],
        ""entities"": [
          {
            ""id"": ""e_movie_matrix"",
            ""type"": ""Movie""
          },
          {
            ""id"": ""e_actor_matrix"",
            ""type"": ""Actor""
          },
          {
            ""id"": ""e_movie_other"",
            ""type"": ""Movie""
          },
          {
            ""id"": ""e_actor_other"",
            ""type"": ""Actor""
          }
        ],
        ""relationships"": [
          {
            ""id"": ""r_cast_matrix"",
            ""role"": ""acted_in"",
            ""from"": ""e_actor_matrix"",
            ""to"": ""e_movie_matrix""
          },
          {
            ""id"": ""r_cast_other"",
            ""role"": ""acted_in"",
            ""from"": ""e_actor_other"",
            ""to"": ""e_movie_other""
          },
          {
            ""id"": ""r_co_star"",
            ""role"": ""co_starred_with"",
            ""from"": ""e_actor_matrix"",
            ""to"": ""e_actor_other""
          }
        ],
        ""constraint"": {
          ""and_conditions"": [
            {
              ""left"": {
                ""attribute_name"": ""title"",
                ""of"": ""e_movie_matrix""
              },
              ""operator"": ""="",
              ""right"": ""The Matrix""
            },
            ""r_cast_matrix"",
            ""r_cast_other"",
            ""r_co_star"",
            {
              ""left"": {
                ""count_id"": ""r_cast_other"",
                ""condition"": ""r_co_star""
              },
              ""operator"": "">"",
              ""right"": 2
            }
          ]
        },
        ""projection"": [
          {
            ""attribute_name"": ""name"",
            ""of"": ""e_actor_matrix""
          },
          {
            ""attribute_name"": ""name"",
            ""of"": ""e_actor_other""
          }
        ],
        ""order_by"": [
          {
            ""expression"": {
              ""count_id"": ""r_cast_other"",
              ""condition"": ""r_co_star""
            },
            ""direction"": ""DESC""
          }
        ],
        ""limit"": 3
      }
    ]
  ]
}
```"
18,Q12,Give me the actors of The Matrix along with the three actors who have acted the most in any movie with them,qwen3.6:35b-a3b,False,0.1,208.120114,True,stop,3228,8.989456,574,197.914523,2.9002,"```json
{
  ""hypotheses_set"": [
    [
      {
        ""id"": ""q1"",
        ""target"": [
          ""e_actor_matrix"",
          ""e_top_actor""
        ],
        ""entities"": [
          {
            ""id"": ""e_movie_matrix"",
            ""type"": ""Movie""
          },
          {
            ""id"": ""e_actor_matrix"",
            ""type"": ""Actor""
          },
          {
            ""id"": ""e_movie_other"",
            ""type"": ""Movie""
          },
          {
            ""id"": ""e_actor_other"",
            ""type"": ""Actor""
          }
        ],
        ""relationships"": [
          {
            ""id"": ""r_cast_matrix"",
            ""role"": ""acted_in"",
            ""from"": ""e_actor_matrix"",
            ""to"": ""e_movie_matrix""
          },
          {
            ""id"": ""r_cast_other"",
            ""role"": ""acted_in"",
            ""from"": ""e_actor_other"",
            ""to"": ""e_movie_other""
          },
          {
            ""id"": ""r_coact"",
            ""role"": ""coacted_with"",
            ""from"": ""e_actor_matrix"",
            ""to"": ""e_actor_other""
          }
        ],
        ""constraint"": {
          ""and_conditions"": [
            {
              ""left"": {
                ""attribute_name"": ""name"",
                ""of"": ""e_movie_matrix""
              },
              ""operator"": ""="",
              ""right"": ""The Matrix""
            },
            ""r_cast_matrix"",
            ""r_cast_other"",
            ""r_coact"",
            {
              ""left"": {
                ""count_id"": ""r_cast_other"",
                ""condition"": ""r_coact""
              },
              ""operator"": "">"",
              ""right"": 2
            }
          ]
        },
        ""projection"": [
          {
            ""attribute_name"": ""name"",
            ""of"": ""e_actor_matrix""
          },
          {
            ""attribute_name"": ""name"",
            ""of"": ""e_actor_other""
          }
        ],
        ""order_by"": [
          {
            ""expression"": {
              ""count_id"": ""r_cast_other"",
              ""condition"": ""r_coact""
            },
            ""direction"": ""DESC""
          }
        ],
        ""limit"": 3
      }
    ]
  ]
}
```"
19,Q12,Give me the actors of The Matrix along with the three actors who have acted the most in any movie with them,qwen3.6:35b-a3b,False,0.1,208.605629,True,stop,3228,8.991007,575,198.401458,2.8982,"```json
{
  ""hypotheses_set"": [
    [
      {
        ""id"": ""q1"",
        ""target"": [
          ""e_actor_matrix"",
          ""e_top_actor""
        ],
        ""entities"": [
          {
            ""id"": ""e_movie_matrix"",
            ""type"": ""Movie""
          },
          {
            ""id"": ""e_actor_matrix"",
            ""type"": ""Actor""
          },
          {
            ""id"": ""e_movie_other"",
            ""type"": ""Movie""
          },
          {
            ""id"": ""e_actor_other"",
            ""type"": ""Actor""
          }
        ],
        ""relationships"": [
          {
            ""id"": ""r_cast_matrix"",
            ""role"": ""acted_in"",
            ""from"": ""e_actor_matrix"",
            ""to"": ""e_movie_matrix""
          },
          {
            ""id"": ""r_cast_other"",
            ""role"": ""acted_in"",
            ""from"": ""e_actor_other"",
            ""to"": ""e_movie_other""
          },
          {
            ""id"": ""r_co_star"",
            ""role"": ""co_starred_with"",
            ""from"": ""e_actor_matrix"",
            ""to"": ""e_actor_other""
          }
        ],
        ""constraint"": {
          ""and_conditions"": [
            {
              ""left"": {
                ""attribute_name"": ""name"",
                ""of"": ""e_movie_matrix""
              },
              ""operator"": ""="",
              ""right"": ""The Matrix""
            },
            ""r_cast_matrix"",
            ""r_cast_other"",
            ""r_co_star"",
            {
              ""left"": {
                ""count_id"": ""r_cast_other"",
                ""condition"": ""r_co_star""
              },
              ""operator"": "">"",
              ""right"": 0
            }
          ]
        },
        ""projection"": [
          {
            ""attribute_name"": ""name"",
            ""of"": ""e_actor_matrix""
          },
          {
            ""attribute_name"": ""name"",
            ""of"": ""e_actor_other""
          }
        ],
        ""order_by"": [
          {
            ""expression"": {
              ""count_id"": ""r_cast_other"",
              ""condition"": ""r_co_star""
            },
            ""direction"": ""DESC""
          }
        ],
        ""limit"": 3
      }
    ]
  ]
}
```"
20,Q12,Give me the actors of The Matrix along with the three actors who have acted the most in any movie with them,qwen3.6:35b-a3b,False,0.1,254.910738,True,stop,3228,8.992634,700,244.552541,2.8624,"```json
{
  ""hypotheses_set"": [
    [
      {
        ""id"": ""q1"",
        ""target"": [
          ""e_actor_matrix"",
          ""e_top_actor""
        ],
        ""entities"": [
          {
            ""id"": ""e_movie_matrix"",
            ""type"": ""Movie""
          },
          {
            ""id"": ""e_actor_matrix"",
            ""type"": ""Actor""
          },
          {
            ""id"": ""e_movie_other"",
            ""type"": ""Movie""
          },
          {
            ""id"": ""e_actor_other"",
            ""type"": ""Actor""
          }
        ],
        ""relationships"": [
          {
            ""id"": ""r_cast_matrix"",
            ""role"": ""acted_in"",
            ""from"": ""e_actor_matrix"",
            ""to"": ""e_movie_matrix""
          },
          {
            ""id"": ""r_cast_other"",
            ""role"": ""acted_in"",
            ""from"": ""e_actor_other"",
            ""to"": ""e_movie_other""
          },
          {
            ""id"": ""r_co_star"",
            ""role"": ""co_starred_with"",
            ""from"": ""e_actor_matrix"",
            ""to"": ""e_actor_other""
          }
        ],
        ""constraint"": {
          ""and_conditions"": [
            {
              ""left"": {
                ""attribute_name"": ""title"",
                ""of"": ""e_movie_matrix""
              },
              ""operator"": ""="",
              ""right"": ""The Matrix""
            },
            ""r_cast_matrix"",
            ""r_cast_other"",
            {
              ""left"": {
                ""count_id"": ""r_co_star"",
                ""condition"": {
                  ""and_conditions"": [
                    ""r_cast_other"",
                    {
                      ""left"": {
                        ""attribute_name"": ""title"",
                        ""of"": ""e_movie_other""
                      },
                      ""operator"": ""!="",
                      ""right"": ""The Matrix""
                    }
                  ]
                }
              },
              ""operator"": "">"",
              ""right"": 0
            }
          ]
        },
        ""projection"": [
          {
            ""attribute_name"": ""name"",
            ""of"": ""e_actor_matrix""
          },
          {
            ""attribute_name"": ""name"",
            ""of"": ""e_top_actor""
          }
        ],
        ""order_by"": [
          {
            ""expression"": {
              ""count_id"": ""r_co_star"",
              ""condition"": {
                ""and_conditions"": [
                  ""r_cast_other"",
                  {
                    ""left"": {
                      ""attribute_name"": ""title"",
                      ""of"": ""e_movie_other""
                    },
                    ""operator"": ""!="",
                    ""right"": ""The Matrix""
                  }
                ]
              }
            },
            ""direction"": ""DESC""
          }
        ],
        ""limit"": 3
      }
    ]
  ]
}
```"
21,Q12,Give me the actors of The Matrix along with the three actors who have acted the most in any movie with them,qwen3.6:35b-a3b,False,0.1,208.520321,True,stop,3228,8.997387,575,198.282765,2.8999,"```json
{
  ""hypotheses_set"": [
    [
      {
        ""id"": ""q1"",
        ""target"": [
          ""e_actor_matrix"",
          ""e_top_actor""
        ],
        ""entities"": [
          {
            ""id"": ""e_movie_matrix"",
            ""type"": ""Movie""
          },
          {
            ""id"": ""e_actor_matrix"",
            ""type"": ""Actor""
          },
          {
            ""id"": ""e_other_movie"",
            ""type"": ""Movie""
          },
          {
            ""id"": ""e_top_actor"",
            ""type"": ""Actor""
          }
        ],
        ""relationships"": [
          {
            ""id"": ""r_cast_matrix"",
            ""role"": ""acted_in"",
            ""from"": ""e_actor_matrix"",
            ""to"": ""e_movie_matrix""
          },
          {
            ""id"": ""r_cast_other"",
            ""role"": ""acted_in"",
            ""from"": ""e_top_actor"",
            ""to"": ""e_other_movie""
          },
          {
            ""id"": ""r_co_star"",
            ""role"": ""co_starred_with"",
            ""from"": ""e_top_actor"",
            ""to"": ""e_actor_matrix""
          }
        ],
        ""constraint"": {
          ""and_conditions"": [
            {
              ""left"": {
                ""attribute_name"": ""name"",
                ""of"": ""e_movie_matrix""
              },
              ""operator"": ""="",
              ""right"": ""The Matrix""
            },
            ""r_cast_matrix"",
            ""r_cast_other"",
            ""r_co_star"",
            {
              ""left"": {
                ""count_id"": ""r_cast_other"",
                ""condition"": ""r_co_star""
              },
              ""operator"": "">"",
              ""right"": 2
            }
          ]
        },
        ""projection"": [
          {
            ""attribute_name"": ""name"",
            ""of"": ""e_actor_matrix""
          },
          {
            ""attribute_name"": ""name"",
            ""of"": ""e_top_actor""
          }
        ],
        ""order_by"": [
          {
            ""expression"": {
              ""count_id"": ""r_cast_other"",
              ""condition"": ""r_co_star""
            },
            ""direction"": ""DESC""
          }
        ],
        ""limit"": 3
      }
    ]
  ]
}
```"
22,Q12,Give me the actors of The Matrix along with the three actors who have acted the most in any movie with them,qwen3.6:35b-a3b,False,0.1,254.397645,True,stop,3228,9.025631,700,243.989402,2.869,"```json
{
  ""hypotheses_set"": [
    [
      {
        ""id"": ""q1"",
        ""target"": [
          ""e_actor_matrix"",
          ""e_top_actor""
        ],
        ""entities"": [
          {
            ""id"": ""e_movie_matrix"",
            ""type"": ""Movie""
          },
          {
            ""id"": ""e_actor_matrix"",
            ""type"": ""Actor""
          },
          {
            ""id"": ""e_movie_other"",
            ""type"": ""Movie""
          },
          {
            ""id"": ""e_actor_other"",
            ""type"": ""Actor""
          }
        ],
        ""relationships"": [
          {
            ""id"": ""r_cast_matrix"",
            ""role"": ""acted_in"",
            ""from"": ""e_actor_matrix"",
            ""to"": ""e_movie_matrix""
          },
          {
            ""id"": ""r_cast_other"",
            ""role"": ""acted_in"",
            ""from"": ""e_actor_other"",
            ""to"": ""e_movie_other""
          },
          {
            ""id"": ""r_co_star"",
            ""role"": ""co_starred_with"",
            ""from"": ""e_actor_matrix"",
            ""to"": ""e_actor_other""
          }
        ],
        ""constraint"": {
          ""and_conditions"": [
            {
              ""left"": {
                ""attribute_name"": ""title"",
                ""of"": ""e_movie_matrix""
              },
              ""operator"": ""="",
              ""right"": ""The Matrix""
            },
            ""r_cast_matrix"",
            ""r_cast_other"",
            {
              ""left"": {
                ""count_id"": ""r_co_star"",
                ""condition"": {
                  ""and_conditions"": [
                    ""r_cast_other"",
                    {
                      ""left"": {
                        ""attribute_name"": ""title"",
                        ""of"": ""e_movie_other""
                      },
                      ""operator"": ""!="",
                      ""right"": ""The Matrix""
                    }
                  ]
                }
              },
              ""operator"": "">"",
              ""right"": 0
            }
          ]
        },
        ""projection"": [
          {
            ""attribute_name"": ""name"",
            ""of"": ""e_actor_matrix""
          },
          {
            ""attribute_name"": ""name"",
            ""of"": ""e_top_actor""
          }
        ],
        ""order_by"": [
          {
            ""expression"": {
              ""count_id"": ""r_co_star"",
              ""condition"": {
                ""and_conditions"": [
                  ""r_cast_other"",
                  {
                    ""left"": {
                      ""attribute_name"": ""title"",
                      ""of"": ""e_movie_other""
                    },
                    ""operator"": ""!="",
                    ""right"": ""The Matrix""
                  }
                ]
              }
            },
            ""direction"": ""DESC""
          }
        ],
        ""limit"": 3
      }
    ]
  ]
}
```"
23,Q12,Give me the actors of The Matrix along with the three actors who have acted the most in any movie with them,qwen3.6:35b-a3b,False,0.1,310.61879,True,stop,3228,8.977721,868,299.977121,2.8936,"```json
{
  ""hypotheses_set"": [
    [
      {
        ""id"": ""q1"",
        ""target"": [
          ""e_actor_matrix"",
          ""e_top_actor""
        ],
        ""entities"": [
          {
            ""id"": ""e_movie_matrix"",
            ""type"": ""Movie""
          },
          {
            ""id"": ""e_actor_matrix"",
            ""type"": ""Actor""
          },
          {
            ""id"": ""e_movie_other"",
            ""type"": ""Movie""
          },
          {
            ""id"": ""e_actor_other"",
            ""type"": ""Actor""
          }
        ],
        ""relationships"": [
          {
            ""id"": ""r_cast_matrix"",
            ""role"": ""acted_in"",
            ""from"": ""e_actor_matrix"",
            ""to"": ""e_movie_matrix""
          },
          {
            ""id"": ""r_cast_other"",
            ""role"": ""acted_in"",
            ""from"": ""e_actor_other"",
            ""to"": ""e_movie_other""
          },
          {
            ""id"": ""r_co_star"",
            ""role"": ""co_starred_with"",
            ""from"": ""e_actor_matrix"",
            ""to"": ""e_actor_other""
          }
        ],
        ""constraint"": {
          ""and_conditions"": [
            {
              ""left"": {
                ""attribute_name"": ""name"",
                ""of"": ""e_movie_matrix""
              },
              ""operator"": ""="",
              ""right"": ""The Matrix""
            },
            ""r_cast_matrix"",
            ""r_cast_other"",
            {
              ""left"": {
                ""count_id"": ""r_co_star"",
                ""condition"": {
                  ""and_conditions"": [
                    ""r_cast_other"",
                    {
                      ""left"": {
                        ""attribute_name"": ""name"",
                        ""of"": ""e_actor_matrix""
                      },
                      ""operator"": ""="",
                      ""right"": {
                        ""expression_ID"": ""e_actor_matrix"",
                        ""expression"": ""e_actor_matrix""
                      }
                    },
                    {
                      ""left"": {
                        ""attribute_name"": ""name"",
                        ""of"": ""e_actor_other""
                      },
                      ""operator"": ""="",
                      ""right"": {
                        ""expression_ID"": ""e_actor_other"",
                        ""expression"": ""e_actor_other""
                      }
                    }
                  ]
                }
              },
              ""operator"": ""="",
              ""right"": {
                ""max_id"": ""e_actor_other"",
                ""expression"": {
                  ""count_id"": ""r_co_star"",
                  ""condition"": {
                    ""and_conditions"": [
                      ""r_cast_other"",
                      {
                        ""left"": {
                          ""attribute_name"": ""name"",
                          ""of"": ""e_actor_matrix""
                        },
                        ""operator"": ""="",
                        ""right"": {
                          ""expression_ID"": ""e_actor_matrix"",
                          ""expression"": ""e_actor_matrix""
                        }
                      },
                      {
                        ""left"": {
                          ""attribute_name"": ""name"",
                          ""of"": ""e_actor_other""
                        },
                        ""operator"": ""="",
                        ""right"": {
                          ""expression_ID"": ""e_actor_other"",
                          ""expression"": ""e_actor_other""
                        }
                      }
                    ]
                  }
                }
              }
            }
          ]
        },
        ""projection"": [
          {
            ""attribute_name"": ""name"",
            ""of"": ""e_actor_matrix""
          },
          {
            ""attribute_name"": ""name"",
            ""of"": ""e_actor_other""
          }
        ],
        ""limit"": 3
      }
    ]
  ]
}
```"
24,Q12,Give me the actors of The Matrix along with the three actors who have acted the most in any movie with them,qwen3.6:35b-a3b,False,0.1,251.399906,True,stop,3228,9.044855,700,241.017334,2.9044,"```json
{
  ""hypotheses_set"": [
    [
      {
        ""id"": ""q1"",
        ""target"": [
          ""e_actor_matrix"",
          ""e_top_actor""
        ],
        ""entities"": [
          {
            ""id"": ""e_movie_matrix"",
            ""type"": ""Movie""
          },
          {
            ""id"": ""e_actor_matrix"",
            ""type"": ""Actor""
          },
          {
            ""id"": ""e_movie_other"",
            ""type"": ""Movie""
          },
          {
            ""id"": ""e_actor_other"",
            ""type"": ""Actor""
          }
        ],
        ""relationships"": [
          {
            ""id"": ""r_cast_matrix"",
            ""role"": ""acted_in"",
            ""from"": ""e_actor_matrix"",
            ""to"": ""e_movie_matrix""
          },
          {
            ""id"": ""r_cast_other"",
            ""role"": ""acted_in"",
            ""from"": ""e_actor_other"",
            ""to"": ""e_movie_other""
          },
          {
            ""id"": ""r_co_star"",
            ""role"": ""co_starred_with"",
            ""from"": ""e_actor_matrix"",
            ""to"": ""e_actor_other""
          }
        ],
        ""constraint"": {
          ""and_conditions"": [
            {
              ""left"": {
                ""attribute_name"": ""title"",
                ""of"": ""e_movie_matrix""
              },
              ""operator"": ""="",
              ""right"": ""The Matrix""
            },
            ""r_cast_matrix"",
            ""r_cast_other"",
            {
              ""left"": {
                ""count_id"": ""r_co_star"",
                ""condition"": {
                  ""and_conditions"": [
                    ""r_cast_other"",
                    {
                      ""left"": {
                        ""attribute_name"": ""title"",
                        ""of"": ""e_movie_other""
                      },
                      ""operator"": ""!="",
                      ""right"": ""The Matrix""
                    }
                  ]
                }
              },
              ""operator"": "">"",
              ""right"": 0
            }
          ]
        },
        ""projection"": [
          {
            ""attribute_name"": ""name"",
            ""of"": ""e_actor_matrix""
          },
          {
            ""attribute_name"": ""name"",
            ""of"": ""e_top_actor""
          }
        ],
        ""order_by"": [
          {
            ""expression"": {
              ""count_id"": ""r_co_star"",
              ""condition"": {
                ""and_conditions"": [
                  ""r_cast_other"",
                  {
                    ""left"": {
                      ""attribute_name"": ""title"",
                      ""of"": ""e_movie_other""
                    },
                    ""operator"": ""!="",
                    ""right"": ""The Matrix""
                  }
                ]
              }
            },
            ""direction"": ""DESC""
          }
        ],
        ""limit"": 3
      }
    ]
  ]
}
```"
25,Q12,Give me the actors of The Matrix along with the three actors who have acted the most in any movie with them,qwen3.6:35b-a3b,False,0.1,313.795405,True,stop,3228,8.961505,868,303.365452,2.8612,"```json
{
  ""hypotheses_set"": [
    [
      {
        ""id"": ""q1"",
        ""target"": [
          ""e_actor_matrix"",
          ""e_top_actor""
        ],
        ""entities"": [
          {
            ""id"": ""e_movie_matrix"",
            ""type"": ""Movie""
          },
          {
            ""id"": ""e_actor_matrix"",
            ""type"": ""Actor""
          },
          {
            ""id"": ""e_movie_other"",
            ""type"": ""Movie""
          },
          {
            ""id"": ""e_actor_other"",
            ""type"": ""Actor""
          }
        ],
        ""relationships"": [
          {
            ""id"": ""r_cast_matrix"",
            ""role"": ""acted_in"",
            ""from"": ""e_actor_matrix"",
            ""to"": ""e_movie_matrix""
          },
          {
            ""id"": ""r_cast_other"",
            ""role"": ""acted_in"",
            ""from"": ""e_actor_other"",
            ""to"": ""e_movie_other""
          },
          {
            ""id"": ""r_co_star"",
            ""role"": ""co_starred_with"",
            ""from"": ""e_actor_matrix"",
            ""to"": ""e_actor_other""
          }
        ],
        ""constraint"": {
          ""and_conditions"": [
            {
              ""left"": {
                ""attribute_name"": ""name"",
                ""of"": ""e_movie_matrix""
              },
              ""operator"": ""="",
              ""right"": ""The Matrix""
            },
            ""r_cast_matrix"",
            ""r_cast_other"",
            {
              ""left"": {
                ""count_id"": ""r_co_star"",
                ""condition"": {
                  ""and_conditions"": [
                    ""r_cast_other"",
                    {
                      ""left"": {
                        ""attribute_name"": ""name"",
                        ""of"": ""e_actor_matrix""
                      },
                      ""operator"": ""="",
                      ""right"": {
                        ""expression_ID"": ""e_actor_matrix"",
                        ""expression"": ""e_actor_matrix""
                      }
                    },
                    {
                      ""left"": {
                        ""attribute_name"": ""name"",
                        ""of"": ""e_actor_other""
                      },
                      ""operator"": ""="",
                      ""right"": {
                        ""expression_ID"": ""e_actor_other"",
                        ""expression"": ""e_actor_other""
                      }
                    }
                  ]
                }
              },
              ""operator"": ""="",
              ""right"": {
                ""max_id"": ""e_actor_other"",
                ""expression"": {
                  ""count_id"": ""r_co_star"",
                  ""condition"": {
                    ""and_conditions"": [
                      ""r_cast_other"",
                      {
                        ""left"": {
                          ""attribute_name"": ""name"",
                          ""of"": ""e_actor_matrix""
                        },
                        ""operator"": ""="",
                        ""right"": {
                          ""expression_ID"": ""e_actor_matrix"",
                          ""expression"": ""e_actor_matrix""
                        }
                      },
                      {
                        ""left"": {
                          ""attribute_name"": ""name"",
                          ""of"": ""e_actor_other""
                        },
                        ""operator"": ""="",
                        ""right"": {
                          ""expression_ID"": ""e_actor_other"",
                          ""expression"": ""e_actor_other""
                        }
                      }
                    ]
                  }
                }
              }
            }
          ]
        },
        ""projection"": [
          {
            ""attribute_name"": ""name"",
            ""of"": ""e_actor_matrix""
          },
          {
            ""attribute_name"": ""name"",
            ""of"": ""e_actor_other""
          }
        ],
        ""limit"": 3
      }
    ]
  ]
}
```"
26,Q12,Give me the actors of The Matrix along with the three actors who have acted the most in any movie with them,qwen3.6:35b-a3b,False,0.1,311.951585,True,stop,3228,9.315019,870,301.164677,2.8888,"```json
{
  ""hypotheses_set"": [
    [
      {
        ""id"": ""q1"",
        ""target"": [
          ""e_actor_matrix"",
          ""e_top_actor""
        ],
        ""entities"": [
          {
            ""id"": ""e_movie_matrix"",
            ""type"": ""Movie""
          },
          {
            ""id"": ""e_actor_matrix"",
            ""type"": ""Actor""
          },
          {
            ""id"": ""e_movie_other"",
            ""type"": ""Movie""
          },
          {
            ""id"": ""e_actor_other"",
            ""type"": ""Actor""
          }
        ],
        ""relationships"": [
          {
            ""id"": ""r_cast_matrix"",
            ""role"": ""acted_in"",
            ""from"": ""e_actor_matrix"",
            ""to"": ""e_movie_matrix""
          },
          {
            ""id"": ""r_cast_other"",
            ""role"": ""acted_in"",
            ""from"": ""e_actor_other"",
            ""to"": ""e_movie_other""
          },
          {
            ""id"": ""r_coact_matrix"",
            ""role"": ""coacted_with"",
            ""from"": ""e_actor_matrix"",
            ""to"": ""e_actor_other""
          }
        ],
        ""constraint"": {
          ""and_conditions"": [
            {
              ""left"": {
                ""attribute_name"": ""name"",
                ""of"": ""e_movie_matrix""
              },
              ""operator"": ""="",
              ""right"": ""The Matrix""
            },
            ""r_cast_matrix"",
            ""r_cast_other"",
            {
              ""left"": {
                ""count_id"": ""r_coact_matrix"",
                ""condition"": {
                  ""and_conditions"": [
                    ""r_cast_other"",
                    {
                      ""left"": {
                        ""attribute_name"": ""name"",
                        ""of"": ""e_actor_matrix""
                      },
                      ""operator"": ""="",
                      ""right"": {
                        ""expression_ID"": ""e_actor_matrix"",
                        ""expression"": ""e_actor_matrix""
                      }
                    },
                    {
                      ""left"": {
                        ""attribute_name"": ""name"",
                        ""of"": ""e_actor_other""
                      },
                      ""operator"": ""="",
                      ""right"": {
                        ""expression_ID"": ""e_actor_other"",
                        ""expression"": ""e_actor_other""
                      }
                    }
                  ]
                }
              },
              ""operator"": ""="",
              ""right"": {
                ""max_id"": ""e_actor_other"",
                ""expression"": {
                  ""count_id"": ""r_coact_matrix"",
                  ""condition"": {
                    ""and_conditions"": [
                      ""r_cast_other"",
                      {
                        ""left"": {
                          ""attribute_name"": ""name"",
                          ""of"": ""e_actor_matrix""
                        },
                        ""operator"": ""="",
                        ""right"": {
                          ""expression_ID"": ""e_actor_matrix"",
                          ""expression"": ""e_actor_matrix""
                        }
                      },
                      {
                        ""left"": {
                          ""attribute_name"": ""name"",
                          ""of"": ""e_actor_other""
                        },
                        ""operator"": ""="",
                        ""right"": {
                          ""expression_ID"": ""e_actor_other"",
                          ""expression"": ""e_actor_other""
                        }
                      }
                    ]
                  }
                }
              }
            }
          ]
        },
        ""projection"": [
          {
            ""attribute_name"": ""name"",
            ""of"": ""e_actor_matrix""
          },
          {
            ""attribute_name"": ""name"",
            ""of"": ""e_actor_other""
          }
        ],
        ""limit"": 3
      }
    ]
  ]
}
```"
27,Q12,Give me the actors of The Matrix along with the three actors who have acted the most in any movie with them,qwen3.6:35b-a3b,False,0.1,207.629169,True,stop,3228,9.015286,574,197.506807,2.9062,"```json
{
  ""hypotheses_set"": [
    [
      {
        ""id"": ""q1"",
        ""target"": [
          ""e_actor_matrix"",
          ""e_top_actor""
        ],
        ""entities"": [
          {
            ""id"": ""e_movie_matrix"",
            ""type"": ""Movie""
          },
          {
            ""id"": ""e_actor_matrix"",
            ""type"": ""Actor""
          },
          {
            ""id"": ""e_movie_other"",
            ""type"": ""Movie""
          },
          {
            ""id"": ""e_actor_other"",
            ""type"": ""Actor""
          }
        ],
        ""relationships"": [
          {
            ""id"": ""r_cast_matrix"",
            ""role"": ""acted_in"",
            ""from"": ""e_actor_matrix"",
            ""to"": ""e_movie_matrix""
          },
          {
            ""id"": ""r_cast_other"",
            ""role"": ""acted_in"",
            ""from"": ""e_actor_other"",
            ""to"": ""e_movie_other""
          },
          {
            ""id"": ""r_coact"",
            ""role"": ""coacted_with"",
            ""from"": ""e_actor_other"",
            ""to"": ""e_actor_matrix""
          }
        ],
        ""constraint"": {
          ""and_conditions"": [
            {
              ""left"": {
                ""attribute_name"": ""title"",
                ""of"": ""e_movie_matrix""
              },
              ""operator"": ""="",
              ""right"": ""The Matrix""
            },
            ""r_cast_matrix"",
            ""r_cast_other"",
            ""r_coact"",
            {
              ""left"": {
                ""count_id"": ""r_coact"",
                ""condition"": ""r_coact""
              },
              ""operator"": "">"",
              ""right"": 2
            }
          ]
        },
        ""projection"": [
          {
            ""attribute_name"": ""name"",
            ""of"": ""e_actor_matrix""
          },
          {
            ""attribute_name"": ""name"",
            ""of"": ""e_actor_other""
          }
        ],
        ""order_by"": [
          {
            ""expression"": {
              ""count_id"": ""r_coact"",
              ""condition"": ""r_coact""
            },
            ""direction"": ""DESC""
          }
        ],
        ""limit"": 3
      }
    ]
  ]
}
```"
28,Q12,Give me the actors of The Matrix along with the three actors who have acted the most in any movie with them,qwen3.6:35b-a3b,False,0.1,211.568355,True,stop,3228,9.001886,575,201.443427,2.8544,"```json
{
  ""hypotheses_set"": [
    [
      {
        ""id"": ""q1"",
        ""target"": [
          ""e_actor_matrix"",
          ""e_top_actor""
        ],
        ""entities"": [
          {
            ""id"": ""e_movie_matrix"",
            ""type"": ""Movie""
          },
          {
            ""id"": ""e_actor_matrix"",
            ""type"": ""Actor""
          },
          {
            ""id"": ""e_movie_other"",
            ""type"": ""Movie""
          },
          {
            ""id"": ""e_actor_other"",
            ""type"": ""Actor""
          }
        ],
        ""relationships"": [
          {
            ""id"": ""r_cast_matrix"",
            ""role"": ""acted_in"",
            ""from"": ""e_actor_matrix"",
            ""to"": ""e_movie_matrix""
          },
          {
            ""id"": ""r_cast_other"",
            ""role"": ""acted_in"",
            ""from"": ""e_actor_other"",
            ""to"": ""e_movie_other""
          },
          {
            ""id"": ""r_co_star"",
            ""role"": ""co_starred_with"",
            ""from"": ""e_actor_matrix"",
            ""to"": ""e_actor_other""
          }
        ],
        ""constraint"": {
          ""and_conditions"": [
            {
              ""left"": {
                ""attribute_name"": ""name"",
                ""of"": ""e_movie_matrix""
              },
              ""operator"": ""="",
              ""right"": ""The Matrix""
            },
            ""r_cast_matrix"",
            ""r_cast_other"",
            ""r_co_star"",
            {
              ""left"": {
                ""count_id"": ""r_cast_other"",
                ""condition"": ""r_co_star""
              },
              ""operator"": "">"",
              ""right"": 2
            }
          ]
        },
        ""projection"": [
          {
            ""attribute_name"": ""name"",
            ""of"": ""e_actor_matrix""
          },
          {
            ""attribute_name"": ""name"",
            ""of"": ""e_actor_other""
          }
        ],
        ""order_by"": [
          {
            ""expression"": {
              ""count_id"": ""r_cast_other"",
              ""condition"": ""r_co_star""
            },
            ""direction"": ""DESC""
          }
        ],
        ""limit"": 3
      }
    ]
  ]
}
```"
29,Q12,Give me the actors of The Matrix along with the three actors who have acted the most in any movie with them,qwen3.6:35b-a3b,False,0.1,314.20159,True,stop,3228,9.058299,868,303.687492,2.8582,"```json
{
  ""hypotheses_set"": [
    [
      {
        ""id"": ""q1"",
        ""target"": [
          ""e_actor_matrix"",
          ""e_top_actor""
        ],
        ""entities"": [
          {
            ""id"": ""e_movie_matrix"",
            ""type"": ""Movie""
          },
          {
            ""id"": ""e_actor_matrix"",
            ""type"": ""Actor""
          },
          {
            ""id"": ""e_movie_other"",
            ""type"": ""Movie""
          },
          {
            ""id"": ""e_actor_other"",
            ""type"": ""Actor""
          }
        ],
        ""relationships"": [
          {
            ""id"": ""r_cast_matrix"",
            ""role"": ""acted_in"",
            ""from"": ""e_actor_matrix"",
            ""to"": ""e_movie_matrix""
          },
          {
            ""id"": ""r_cast_other"",
            ""role"": ""acted_in"",
            ""from"": ""e_actor_other"",
            ""to"": ""e_movie_other""
          },
          {
            ""id"": ""r_co_star"",
            ""role"": ""co_starred_with"",
            ""from"": ""e_actor_matrix"",
            ""to"": ""e_actor_other""
          }
        ],
        ""constraint"": {
          ""and_conditions"": [
            {
              ""left"": {
                ""attribute_name"": ""name"",
                ""of"": ""e_movie_matrix""
              },
              ""operator"": ""="",
              ""right"": ""The Matrix""
            },
            ""r_cast_matrix"",
            ""r_cast_other"",
            {
              ""left"": {
                ""count_id"": ""r_co_star"",
                ""condition"": {
                  ""and_conditions"": [
                    ""r_cast_other"",
                    {
                      ""left"": {
                        ""attribute_name"": ""name"",
                        ""of"": ""e_actor_matrix""
                      },
                      ""operator"": ""="",
                      ""right"": {
                        ""expression_ID"": ""e_actor_matrix"",
                        ""expression"": ""e_actor_matrix""
                      }
                    },
                    {
                      ""left"": {
                        ""attribute_name"": ""name"",
                        ""of"": ""e_actor_other""
                      },
                      ""operator"": ""="",
                      ""right"": {
                        ""expression_ID"": ""e_actor_other"",
                        ""expression"": ""e_actor_other""
                      }
                    }
                  ]
                }
              },
              ""operator"": ""="",
              ""right"": {
                ""max_id"": ""e_actor_other"",
                ""expression"": {
                  ""count_id"": ""r_co_star"",
                  ""condition"": {
                    ""and_conditions"": [
                      ""r_cast_other"",
                      {
                        ""left"": {
                          ""attribute_name"": ""name"",
                          ""of"": ""e_actor_matrix""
                        },
                        ""operator"": ""="",
                        ""right"": {
                          ""expression_ID"": ""e_actor_matrix"",
                          ""expression"": ""e_actor_matrix""
                        }
                      },
                      {
                        ""left"": {
                          ""attribute_name"": ""name"",
                          ""of"": ""e_actor_other""
                        },
                        ""operator"": ""="",
                        ""right"": {
                          ""expression_ID"": ""e_actor_other"",
                          ""expression"": ""e_actor_other""
                        }
                      }
                    ]
                  }
                }
              }
            }
          ]
        },
        ""projection"": [
          {
            ""attribute_name"": ""name"",
            ""of"": ""e_actor_matrix""
          },
          {
            ""attribute_name"": ""name"",
            ""of"": ""e_actor_other""
          }
        ],
        ""limit"": 3
      }
    ]
  ]
}
```"
30,Q12,Give me the actors of The Matrix along with the three actors who have acted the most in any movie with them,qwen3.6:35b-a3b,False,0.1,210.50668,True,stop,3228,9.100909,579,200.19808,2.8921,"```json
{
  ""hypotheses_set"": [
    [
      {
        ""id"": ""q1"",
        ""target"": [
          ""e_actor_matrix"",
          ""e_top_actor""
        ],
        ""entities"": [
          {
            ""id"": ""e_movie_matrix"",
            ""type"": ""Movie""
          },
          {
            ""id"": ""e_actor_matrix"",
            ""type"": ""Actor""
          },
          {
            ""id"": ""e_movie_other"",
            ""type"": ""Movie""
          },
          {
            ""id"": ""e_actor_other"",
            ""type"": ""Actor""
          }
        ],
        ""relationships"": [
          {
            ""id"": ""r_cast_matrix"",
            ""role"": ""acted_in"",
            ""from"": ""e_actor_matrix"",
            ""to"": ""e_movie_matrix""
          },
          {
            ""id"": ""r_cast_other"",
            ""role"": ""acted_in"",
            ""from"": ""e_actor_other"",
            ""to"": ""e_movie_other""
          },
          {
            ""id"": ""r_coact_matrix"",
            ""role"": ""co_starred_with"",
            ""from"": ""e_actor_other"",
            ""to"": ""e_actor_matrix""
          }
        ],
        ""constraint"": {
          ""and_conditions"": [
            {
              ""left"": {
                ""attribute_name"": ""title"",
                ""of"": ""e_movie_matrix""
              },
              ""operator"": ""="",
              ""right"": ""The Matrix""
            },
            ""r_cast_matrix"",
            ""r_cast_other"",
            ""r_coact_matrix"",
            {
              ""left"": {
                ""count_id"": ""r_cast_other"",
                ""condition"": ""r_coact_matrix""
              },
              ""operator"": "">"",
              ""right"": 2
            }
          ]
        },
        ""projection"": [
          {
            ""attribute_name"": ""name"",
            ""of"": ""e_actor_matrix""
          },
          {
            ""attribute_name"": ""name"",
            ""of"": ""e_actor_other""
          }
        ],
        ""order_by"": [
          {
            ""expression"": {
              ""count_id"": ""r_cast_other"",
              ""condition"": ""r_coact_matrix""
            },
            ""direction"": ""DESC""
          }
        ],
        ""limit"": 3
      }
    ]
  ]
}
```"
