Run,Query ID,Query,Model,Thinking,Temperature,Inference Time (s),Valid JSON,Done Reason,Prompt Eval Count,Prompt Eval Duration (s),Eval Count,Eval Duration (s),Generation Throughput (tokens/s),Response
1,Q07,Which movies has an actor with more salary than Meryl Streep and Clint Eastwood together?,mistral:7b,False,0.15,26.990561,True,stop,4096,4.376588,930,15.174177,61.2883," To find movies where an actor has a higher salary than both Meryl Streep and Clint Eastwood, you can create a hypothesis that checks for the existence of such actors in the movies. Here's an example of how to structure this query:

```json
{
  ""hypotheses_set"": [
    {
      ""id"": ""q1"",
      ""target"": [""e_movie""],
      ""entities"": [
        { ""id"": ""e_movie"", ""type"": ""Movie"" },
        { ""id"": ""e_actor"", ""type"": ""Person"" },
        { ""id"": ""e_salary"", ""type"": ""Salary"" }
      ],
      ""relationships"": [
        { ""id"": ""r_act"", ""role"": ""actor"", ""from"": ""e_actor"", ""to"": ""e_movie"" },
        { ""id"": ""r_sal"", ""role"": ""has_salary"", ""from"": ""e_actor"", ""to"": ""e_salary"" }
      ],
      ""constraint"": {
        ""and_conditions"": [
          {
            ""or_conditions"": [
              {
                ""left"": { ""attribute_name"": ""name"", ""of"": ""e_actor"" },
                ""operator"": ""="",
                ""right"": ""Meryl Streep""
              },
              {
                ""left"": { ""attribute_name"": ""name"", ""of"": ""e_actor"" },
                ""operator"": ""="",
                ""right"": ""Clint Eastwood""
              }
            ]
          },
          {
            ""left"": { ""count_id"": ""r_sal"" },
            ""operator"": "">"",
            ""right"": {
              ""or_conditions"": [
                {
                  ""left"": { ""count_id"": { ""id"": ""q2"", ""index"": 0 } },
                  ""operator"": ""+""
                },
                {
                  ""left"": { ""count_id"": { ""id"": ""q2"", ""index"": 1 } },
                  ""operator"": ""+""
                }
              ]
            }
          }
        ]
      }
    },
    {
      ""id"": ""q2"",
      ""target"": [],
      ""entities"": [
        { ""id"": ""e_actor"", ""type"": ""Person"" },
        { ""id"": ""e_salary"", ""type"": ""Salary"" }
      ],
      ""relationships"": [
        { ""id"": ""r_act_sal"", ""role"": ""has_salary"", ""from"": ""e_actor"", ""to"": ""e_salary"" }
      ],
      ""constraint"": {
        ""and_conditions"": [
          {
            ""or_conditions"": [
              {
                ""left"": { ""attribute_name"": ""name"", ""of"": ""e_actor"" },
                ""operator"": ""="",
                ""right"": ""Meryl Streep""
              },
              {
                ""left"": { ""attribute_name"": ""name"", ""of"": ""e_actor"" },
                ""operator"": ""="",
                ""right"": ""Clint Eastwood""
              }
            ]
          },
          {
            ""left"": { ""count_id"": ""r_act_sal"" },
            ""operator"": "">"",
            ""right"": 0
          }
        ]
      }
    }
  ]
}
```

In this example, the main hypothesis `q1` checks for movies where an actor has a salary greater than the combined salaries of Meryl Streep and Clint Eastwood. To calculate the combined salary of these two actors, we create a sub-hypothesis `q2` that finds actors with a salary greater than zero (i.e., those who have been paid). The count of such actors' salaries is then added together in the main hypothesis."
2,Q07,Which movies has an actor with more salary than Meryl Streep and Clint Eastwood together?,mistral:7b,False,0.15,30.553911,False,stop,4096,4.390729,1077,17.652526,61.0111," To find movies where an actor has a higher salary than both Meryl Streep and Clint Eastwood, we can create a hypothesis that includes a subquery to first find the maximum salary of each actor, then compare them. Here's how you could structure the JSON output:

```json
{
  ""hypotheses_set"": [
    {
      ""id"": ""q1"",
      ""target"": [""e_movie""],
      ""entities"": [
        { ""id"": ""e_movie"", ""type"": ""Movie"" },
        { ""id"": ""e_actor"", ""type"": ""Person"" },
        { ""id"": ""e_salary"", ""type"": ""Salary"" }
      ],
      ""relationships"": [
        { ""id"": ""r_act"", ""role"": ""actor"", ""from"": ""e_actor"", ""to"": ""e_movie"" },
        { ""id"": ""r_sal"", ""role"": ""has_salary"", ""from"": ""e_actor"", ""to"": ""e_salary"" }
      ],
      ""constraint"": {
        ""and_conditions"": [
          {
            ""left"": {
              ""or_conditions"": [
                {
                  ""left"": { ""attribute_name"": ""name"", ""of"": ""e_actor"" },
                  ""operator"": ""="",
                  ""right"": ""Meryl Streep""
                },
                {
                  ""left"": { ""attribute_name"": ""name"", ""of"": ""e_actor"" },
                  ""operator"": ""="",
                  ""right"": ""Clint Eastwood""
                }
              ]
            },
            {
              ""id"": ""q2"",
              ""target"": [""max_salary""],
              ""entities"": [
                { ""id"": ""e_actor"", ""type"": ""Person"" },
                { ""id"": ""e_salary"", ""type"": ""Salary"" }
              ],
              ""relationships"": [
                { ""id"": ""r_act"", ""role"": ""actor"", ""from"": ""e_actor"", ""to"": ""e_movie"" },
                { ""id"": ""r_sal"", ""role"": ""has_salary"", ""from"": ""e_actor"", ""to"": ""e_salary"" }
              ],
              ""constraint"": {
                ""and_conditions"": [
                  {
                    ""left"": {
                      ""or_conditions"": [
                        {
                          ""left"": { ""attribute_name"": ""name"", ""of"": ""e_actor"" },
                          ""operator"": ""="",
                          ""right"": ""Meryl Streep""
                        },
                        {
                          ""left"": { ""attribute_name"": ""name"", ""of"": ""e_actor"" },
                          ""operator"": ""="",
                          ""right"": ""Clint Eastwood""
                        }
                      ]
                    },
                    ""right"": { ""id"": ""q3"" }
                  }
                ]
              }
            },
            {
              ""id"": ""q3"",
              ""target"": [""max_salary""],
              ""entities"": [
                { ""id"": ""e_salary"", ""type"": ""Salary"" }
              ],
              ""constraint"": {
                ""and_conditions"": [
                  {
                    ""left"": { ""id"": ""q2"" },
                    ""operator"": ""!="",
                    ""right"": { ""id"": ""q4"" }
                  },
                  {
                    ""id"": ""q4"",
                    ""target"": [""max_salary""],
                    ""entities"": [
                      { ""id"": ""e_salary"", ""type"": ""Salary"" }
                    ],
                    ""constraint"": {
                      ""and_conditions"": [
                        {
                          ""left"": { ""id"": ""q2"" },
                          ""operator"": ""<"",
                          ""right"": { ""id"": ""q4"" }
                        }
                      ]
                    }
                  }
                ]
              }
            }
          }
        ]
      }
    }
  ]
}
```

This hypothesis includes a subquery (`q2`) to find the maximum salary for each actor, and another subquery (`q3`) to compare these max salaries. The final condition ensures that the compared salary is greater than both Meryl Streep's and Clint Eastwood's maximum salaries."
3,Q07,Which movies has an actor with more salary than Meryl Streep and Clint Eastwood together?,mistral:7b,False,0.15,30.119308,True,stop,4096,4.388702,1059,17.430692,60.7549," To find movies where an actor has a higher salary than both Meryl Streep and Clint Eastwood, you can create a hypothesis that checks for the existence of such actors in the movies. Here's how you can structure it:

```json
{
  ""hypotheses_set"": [
    [
      {
        ""id"": ""q1"",
        ""target"": [""e_movie""],
        ""entities"": [
          { ""id"": ""e_movie"", ""type"": ""Movie"" },
          { ""id"": ""e_actor"", ""type"": ""Person"" },
          { ""id"": ""e_salary"", ""type"": ""Salary"" }
        ],
        ""relationships"": [
          { ""id"": ""r_act"", ""role"": ""actor"", ""from"": ""e_actor"", ""to"": ""e_movie"" },
          { ""id"": ""r_sal"", ""role"": ""has_salary"", ""from"": ""e_actor"", ""to"": ""e_salary"" }
        ],
        ""constraint"": {
          ""and_conditions"": [
            {
              ""or_conditions"": [
                {
                  ""left"": { ""attribute_name"": ""name"", ""of"": ""e_actor"" },
                  ""operator"": ""="",
                  ""right"": ""Meryl Streep""
                },
                {
                  ""left"": { ""attribute_name"": ""name"", ""of"": ""e_actor"" },
                  ""operator"": ""="",
                  ""right"": ""Clint Eastwood""
                }
              ]
            },
            {
              ""left"": { ""count_id"": ""r_sal"" },
              ""operator"": "">"",
              ""right"": {
                ""or_conditions"": [
                  {
                    ""left"": { ""count_id"": { ""id"": ""q2"", ""index"": 0 } },
                    ""operator"": ""+"",
                    ""right"": { ""count_id"": { ""id"": ""q2"", ""index"": 1 } }
                  },
                  {
                    ""left"": { ""count_id"": { ""id"": ""q3"", ""index"": 0 } },
                    ""operator"": ""+"",
                    ""right"": { ""count_id"": { ""id"": ""q3"", ""index"": 1 } }
                  }
                ]
              }
            }
          ]
        }
      },
      {
        ""id"": ""q2"",
        ""target"": [""e_salary""],
        ""entities"": [
          { ""id"": ""e_actor"", ""type"": ""Person"" },
          { ""id"": ""e_salary"", ""type"": ""Salary"" }
        ],
        ""relationships"": [
          { ""id"": ""r_sal"", ""role"": ""has_salary"", ""from"": ""e_actor"", ""to"": ""e_salary"" }
        ],
        ""constraint"": {
          ""and_conditions"": [
            {
              ""left"": { ""attribute_name"": ""name"", ""of"": ""e_actor"" },
              ""operator"": ""="",
              ""right"": ""Meryl Streep""
            }
          ]
        }
      },
      {
        ""id"": ""q3"",
        ""target"": [""e_salary""],
        ""entities"": [
          { ""id"": ""e_actor"", ""type"": ""Person"" },
          { ""id"": ""e_salary"", ""type"": ""Salary"" }
        ],
        ""relationships"": [
          { ""id"": ""r_sal"", ""role"": ""has_salary"", ""from"": ""e_actor"", ""to"": ""e_salary"" }
        ],
        ""constraint"": {
          ""and_conditions"": [
            {
              ""left"": { ""attribute_name"": ""name"", ""of"": ""e_actor"" },
              ""operator"": ""="",
              ""right"": ""Clint Eastwood""
            }
          ]
        }
      }
    ]
  ]
}
```

In this example, the main hypothesis (`q1`) checks for movies where an actor has a higher salary than both Meryl Streep and Clint Eastwood. It does so by creating sub-hypotheses `q2` and `q3` to count the salaries of each actor separately and then compares their sum with the potential salary of the actor in the movie."
4,Q07,Which movies has an actor with more salary than Meryl Streep and Clint Eastwood together?,mistral:7b,False,0.15,19.984411,True,stop,4096,4.361756,640,10.438599,61.3109," To find movies where an actor has a higher salary than both Meryl Streep and Clint Eastwood, you can create a hypothesis that checks for the existence of such actors in the movies. Here's how you can structure the JSON response:

```json
{
  ""hypotheses_set"": [
    [
      {
        ""id"": ""q1"",
        ""target"": [""e_movie""],
        ""entities"": [
          { ""id"": ""e_movie"", ""type"": ""Movie"" },
          { ""id"": ""e_actor"", ""type"": ""Person"" },
          { ""id"": ""e_salary"", ""type"": ""Salary"" }
        ],
        ""relationships"": [
          { ""id"": ""r_act"", ""role"": ""actor"", ""from"": ""e_actor"", ""to"": ""e_movie"" },
          { ""id"": ""r_salary"", ""role"": ""has_salary"", ""from"": ""e_actor"", ""to"": ""e_salary"" }
        ],
        ""constraint"": {
          ""and_conditions"": [
            {
              ""or_conditions"": [
                {
                  ""left"": { ""attribute_name"": ""name"", ""of"": ""e_actor"" },
                  ""operator"": ""="",
                  ""right"": ""Meryl Streep""
                },
                {
                  ""left"": { ""attribute_name"": ""name"", ""of"": ""e_actor"" },
                  ""operator"": ""="",
                  ""right"": ""Clint Eastwood""
                }
              ]
            },
            {
              ""left"": { ""count_id"": ""r_salary"" },
              ""operator"": "">"",
              ""right"": {
                ""or_conditions"": [
                  { ""count_id"": { ""and"": [""r_salary"", { ""attribute_name"": ""name"", ""of"": ""e_actor"" }, { ""constant"": ""Meryl Streep"" }] } },
                  { ""count_id"": { ""and"": [""r_salary"", { ""attribute_name"": ""name"", ""of"": ""e_actor"" }, { ""constant"": ""Clint Eastwood"" }] } }
                ]
              }
            }
          ]
        }
      }
    ]
  ]
}
```

This hypothesis checks for movies where an actor has a higher salary than either Meryl Streep or Clint Eastwood, and also ensures that there is at least one such actor in the movie. The `count_id` with the `or_conditions` helps to find actors who have a higher salary than both Meryl Streep and Clint Eastwood combined."
5,Q07,Which movies has an actor with more salary than Meryl Streep and Clint Eastwood together?,mistral:7b,False,0.15,32.721404,True,stop,4096,4.374378,1166,19.322132,60.3453," To find movies where an actor has a higher salary than both Meryl Streep and Clint Eastwood, you can create a hypothesis that checks for the existence of such actors in the movies. Here's how you can structure the JSON output:

```json
{
  ""hypotheses_set"": [
    [
      {
        ""id"": ""q1"",
        ""target"": [""e_movie""],
        ""entities"": [
          { ""id"": ""e_movie"", ""type"": ""Movie"" },
          { ""id"": ""e_actor"", ""type"": ""Person"" },
          { ""id"": ""e_salary"", ""type"": ""Salary"" }
        ],
        ""relationships"": [
          { ""id"": ""r_act"", ""role"": ""actor"", ""from"": ""e_actor"", ""to"": ""e_movie"" },
          { ""id"": ""r_sal"", ""role"": ""has_salary"", ""from"": ""e_actor"", ""to"": ""e_salary"" }
        ],
        ""constraint"": {
          ""and_conditions"": [
            {
              ""or_conditions"": [
                {
                  ""left"": { ""attribute_name"": ""name"", ""of"": ""e_actor"" },
                  ""operator"": ""="",
                  ""right"": ""Meryl Streep""
                },
                {
                  ""left"": { ""attribute_name"": ""name"", ""of"": ""e_actor"" },
                  ""operator"": ""="",
                  ""right"": ""Clint Eastwood""
                }
              ]
            },
            {
              ""left"": { ""count_id"": ""r_sal"" },
              ""operator"": "">"",
              ""right"": {
                ""or_conditions"": [
                  {
                    ""left"": { ""count_id"": { ""id"": ""q2"", ""index"": 0 } },
                    ""operator"": ""+"",
                    ""right"": { ""count_id"": { ""id"": ""q2"", ""index"": 1 } }
                  },
                  {
                    ""left"": { ""count_id"": { ""id"": ""q3"", ""index"": 0 } },
                    ""operator"": ""+"",
                    ""right"": { ""count_id"": { ""id"": ""q3"", ""index"": 1 } }
                  }
                ]
              }
            }
          ]
        }
      }
    ],
    [
      {
        ""id"": ""q2"",
        ""target"": [],
        ""entities"": [
          { ""id"": ""e_actor"", ""type"": ""Person"" },
          { ""id"": ""e_salary"", ""type"": ""Salary"" }
        ],
        ""relationships"": [
          { ""id"": ""r_act_sal"", ""role"": ""has_salary"", ""from"": ""e_actor"", ""to"": ""e_salary"" }
        ],
        ""constraint"": {
          ""and_conditions"": [
            {
              ""left"": { ""attribute_name"": ""name"", ""of"": ""e_actor"" },
              ""operator"": ""="",
              ""right"": ""Meryl Streep""
            },
            {
              ""left"": { ""count_id"": ""r_act_sal"" },
              ""operator"": ""store"",
              ""right"": ""s1""
            }
          ]
        }
      },
      {
        ""id"": ""q3"",
        ""target"": [],
        ""entities"": [
          { ""id"": ""e_actor"", ""type"": ""Person"" },
          { ""id"": ""e_salary"", ""type"": ""Salary"" }
        ],
        ""relationships"": [
          { ""id"": ""r_act_sal"", ""role"": ""has_salary"", ""from"": ""e_actor"", ""to"": ""e_salary"" }
        ],
        ""constraint"": {
          ""and_conditions"": [
            {
              ""left"": { ""attribute_name"": ""name"", ""of"": ""e_actor"" },
              ""operator"": ""="",
              ""right"": ""Clint Eastwood""
            },
            {
              ""left"": { ""count_id"": ""r_act_sal"" },
              ""operator"": ""store"",
              ""right"": ""s2""
            }
          ]
        }
      }
    ]
  ]
}
```

In this example, we first create a hypothesis `q1` that checks for movies where an actor has a higher salary than both Meryl Streep and Clint Eastwood. To do this, we use two sub-hypotheses (`q2` and `q3`) to store the salaries of Meryl Streep and Clint Eastwood separately. Then, in the main hypothesis, we compare the sum of their salaries with the salary of the actor in question."
6,Q07,Which movies has an actor with more salary than Meryl Streep and Clint Eastwood together?,mistral:7b,False,0.15,31.154508,True,stop,4096,4.388616,1102,18.082513,60.9429," To find movies where an actor has a higher salary than both Meryl Streep and Clint Eastwood, you can create a hypothesis that checks for the existence of such actors in the movies. Here's how you can structure it:

```json
{
  ""hypotheses_set"": [
    [
      {
        ""id"": ""q1"",
        ""target"": [""e_movie""],
        ""entities"": [
          { ""id"": ""e_movie"", ""type"": ""Movie"" },
          { ""id"": ""e_actor"", ""type"": ""Person"" },
          { ""id"": ""e_salary"", ""type"": ""Salary"" }
        ],
        ""relationships"": [
          { ""id"": ""r_act"", ""role"": ""actor"", ""from"": ""e_actor"", ""to"": ""e_movie"" },
          { ""id"": ""r_sal"", ""role"": ""has_salary"", ""from"": ""e_actor"", ""to"": ""e_salary"" }
        ],
        ""constraint"": {
          ""and_conditions"": [
            {
              ""or_conditions"": [
                {
                  ""left"": { ""attribute_name"": ""name"", ""of"": ""e_actor"" },
                  ""operator"": ""="",
                  ""right"": ""Meryl Streep""
                },
                {
                  ""left"": { ""attribute_name"": ""name"", ""of"": ""e_actor"" },
                  ""operator"": ""="",
                  ""right"": ""Clint Eastwood""
                }
              ]
            },
            {
              ""left"": { ""count_id"": ""r_act"" },
              ""operator"": "">"",
              ""right"": {
                ""or_conditions"": [
                  {
                    ""left"": { ""count_id"": { ""id"": ""q2"", ""index"": 0 } },
                    ""operator"": ""+""
                  },
                  {
                    ""left"": { ""count_id"": { ""id"": ""q3"", ""index"": 0 } },
                    ""operator"": ""-""
                  }
                ]
              }
            }
          ]
        }
      },
      {
        ""id"": ""q2"",
        ""target"": [],
        ""entities"": [
          { ""id"": ""e_actor"", ""type"": ""Person"" },
          { ""id"": ""e_salary"", ""type"": ""Salary"" }
        ],
        ""relationships"": [
          { ""id"": ""r_act_sal"", ""role"": ""has_salary"", ""from"": ""e_actor"", ""to"": ""e_salary"" }
        ],
        ""constraint"": {
          ""and_conditions"": [
            {
              ""left"": { ""attribute_name"": ""name"", ""of"": ""e_actor"" },
              ""operator"": ""="",
              ""right"": ""Meryl Streep""
            },
            {
              ""left"": { ""count_id"": ""r_act_sal"" },
              ""operator"": "">"",
              ""right"": 0
            }
          ]
        }
      },
      {
        ""id"": ""q3"",
        ""target"": [],
        ""entities"": [
          { ""id"": ""e_actor"", ""type"": ""Person"" },
          { ""id"": ""e_salary"", ""type"": ""Salary"" }
        ],
        ""relationships"": [
          { ""id"": ""r_act_sal"", ""role"": ""has_salary"", ""from"": ""e_actor"", ""to"": ""e_salary"" }
        ],
        ""constraint"": {
          ""and_conditions"": [
            {
              ""left"": { ""attribute_name"": ""name"", ""of"": ""e_actor"" },
              ""operator"": ""="",
              ""right"": ""Clint Eastwood""
            },
            {
              ""left"": { ""count_id"": ""r_act_sal"" },
              ""operator"": "">"",
              ""right"": 0
            }
          ]
        }
      }
    ]
  ]
}
```

In this example, we create three queries: `q1`, `q2`, and `q3`. `q1` is the main query that finds movies where an actor has a higher salary than both Meryl Streep and Clint Eastwood. `q2` and `q3` are auxiliary queries that find actors with salaries for Meryl Streep and Clint Eastwood, respectively. The main query then uses these auxiliary queries to compare the total salaries of the two actors."
7,Q07,Which movies has an actor with more salary than Meryl Streep and Clint Eastwood together?,mistral:7b,False,0.15,35.403426,True,stop,4096,4.37318,1279,20.720107,61.7275," To find movies where an actor has a higher salary than both Meryl Streep and Clint Eastwood, you can create a hypothesis that includes two queries: one for each actor, and then intersects the results. Here's how you can structure it using the provided grammar:

```json
{
  ""hypotheses_set"": [
    [
      {
        ""id"": ""q1"",
        ""target"": [""e_movie""],
        ""entities"": [
          { ""id"": ""e_movie"", ""type"": ""Movie"" },
          { ""id"": ""e_actor"", ""type"": ""Person"" },
          { ""id"": ""e_salary"", ""type"": ""Salary"" }
        ],
        ""relationships"": [
          { ""id"": ""r_act"", ""role"": ""actor"", ""from"": ""e_actor"", ""to"": ""e_movie"" },
          { ""id"": ""r_sal"", ""role"": ""has_salary"", ""from"": ""e_actor"", ""to"": ""e_salary"" }
        ],
        ""constraint"": {
          ""and_conditions"": [
            {
              ""left"": { ""attribute_name"": ""name"", ""of"": ""e_actor"" },
              ""operator"": ""="",
              ""right"": ""Meryl Streep""
            },
            {
              ""left"": { ""count_id"": ""r_sal"" },
              ""operator"": "">"",
              ""right"": { ""count_id"": ""e_streep_salary"" }
            }
          ]
        }
      },
      {
        ""id"": ""q2"",
        ""target"": [""e_movie""],
        ""entities"": [
          { ""id"": ""e_movie"", ""type"": ""Movie"" },
          { ""id"": ""e_actor"", ""type"": ""Person"" },
          { ""id"": ""e_salary"", ""type"": ""Salary"" }
        ],
        ""relationships"": [
          { ""id"": ""r_act"", ""role"": ""actor"", ""from"": ""e_actor"", ""to"": ""e_movie"" },
          { ""id"": ""r_sal"", ""role"": ""has_salary"", ""from"": ""e_actor"", ""to"": ""e_salary"" }
        ],
        ""constraint"": {
          ""and_conditions"": [
            {
              ""left"": { ""attribute_name"": ""name"", ""of"": ""e_actor"" },
              ""operator"": ""="",
              ""right"": ""Clint Eastwood""
            },
            {
              ""left"": { ""count_id"": ""r_sal"" },
              ""operator"": "">"",
              ""right"": { ""count_id"": ""e_eastwood_salary"" }
            }
          ]
        }
      },
      {
        ""id"": ""q3"",
        ""target"": [""e_movie""],
        ""entities"": [
          { ""id"": ""e_movie"", ""type"": ""Movie"" },
          { ""id"": ""e_actor1"", ""type"": ""Person"" },
          { ""id"": ""e_actor2"", ""type"": ""Person"" },
          { ""id"": ""e_salary1"", ""type"": ""Salary"" },
          { ""id"": ""e_salary2"", ""type"": ""Salary"" }
        ],
        ""relationships"": [
          { ""id"": ""r_act1"", ""role"": ""actor"", ""from"": ""e_actor1"", ""to"": ""e_movie"" },
          { ""id"": ""r_act2"", ""role"": ""actor"", ""from"": ""e_actor2"", ""to"": ""e_movie"" },
          { ""id"": ""r_sal1"", ""role"": ""has_salary"", ""from"": ""e_actor1"", ""to"": ""e_salary1"" },
          { ""id"": ""r_sal2"", ""role"": ""has_salary"", ""from"": ""e_actor2"", ""to"": ""e_salary2"" }
        ],
        ""constraint"": {
          ""and_conditions"": [
            { ""or_conditions"": [""q1"", ""q2""] },
            {
              ""left"": { ""attribute_name"": ""name"", ""of"": ""e_actor1"" },
              ""operator"": ""="",
              ""right"": { ""attribute_name"": ""name"", ""of"": ""e_actor2"" }
            },
            {
              ""or_conditions"": [
                {
                  ""left"": { ""count_id"": ""r_sal1"" },
                  ""operator"": "">"",
                  ""right"": { ""count_id"": ""r_sal2"" }
                },
                {
                  ""left"": { ""count_id"": ""r_sal2"" },
                  ""operator"": "">"",
                  ""right"": { ""count_id"": ""r_sal1"" }
                }
              ]
            }
          ]
        }
      }
    ]
  ]
}
```

This hypothesis includes three queries: `q1` for Meryl Streep, `q2` for Clint Eastwood, and `q3` that intersects the results of `q1` and `q2`. The last query checks if the salaries of both actors are greater than each other."
8,Q07,Which movies has an actor with more salary than Meryl Streep and Clint Eastwood together?,mistral:7b,False,0.15,64.393524,False,stop,4096,4.364418,2476,40.675344,60.8723," To find movies where an actor has a higher combined salary than both Meryl Streep and Clint Eastwood, we can create a hypothesis that includes two queries: one for finding movies with actors who have a higher salary than Meryl Streep, and another for finding movies with actors who have a higher salary than Clint Eastwood. Then, the intersection of these two sets will give us the desired result. Here's the JSON output:

```json
{
  ""hypotheses_set"": [
    [
      {
        ""id"": ""q1"",
        ""target"": [""e_movie""],
        ""entities"": [
          { ""id"": ""e_movie"", ""type"": ""Movie"" },
          { ""id"": ""e_actor"", ""type"": ""Person"" },
          { ""id"": ""e_salary"", ""type"": ""Salary"" }
        ],
        ""relationships"": [
          { ""id"": ""r_act"", ""role"": ""actor"", ""from"": ""e_actor"", ""to"": ""e_movie"" },
          { ""id"": ""r_sal"", ""role"": ""has_salary"", ""from"": ""e_actor"", ""to"": ""e_salary"" }
        ],
        ""constraint"": {
          ""and_conditions"": [
            {
              ""left"": { ""attribute_name"": ""name"", ""of"": ""e_actor"" },
              ""operator"": ""!="",
              ""right"": ""Meryl Streep""
            },
            {
              ""or_conditions"": [
                {
                  ""left"": { ""attribute_name"": ""name"", ""of"": ""e_actor"" },
                  ""operator"": ""="",
                  ""right"": ""Clint Eastwood""
                },
                {
                  ""left"": { ""count_id"": ""r_act"" },
                  ""or_conditions"": [
                    {
                      ""left"": { ""attribute_name"": ""name"", ""of"": ""e_actor"" },
                      ""operator"": ""="",
                      ""right"": ""Meryl Streep""
                    },
                    {
                      ""left"": { ""attribute_name"": ""name"", ""of"": ""e_actor"" },
                      ""operator"": ""="",
                      ""right"": ""Clint Eastwood""
                    }
                  ]
                }
              ],
              ""condition"": {
                ""left"": { ""count_id"": ""r_sal"" },
                ""operator"": "">"",
                ""right"": {
                  ""or_conditions"": [
                    {
                      ""left"": { ""count_id"": ""r_sal_streep"" },
                      ""operator"": ""+"",
                      ""right"": { ""count_id"": ""r_sal_eastwood"" }
                    },
                    {
                      ""left"": { ""count_id"": ""r_sal_eastwood"" },
                      ""operator"": ""+"",
                      ""right"": { ""count_id"": ""r_sal_streep"" }
                    }
                  ]
                }
              }
            }
          ]
        }
      }
    ],
    [
      {
        ""id"": ""q2"",
        ""target"": [""e_movie""],
        ""entities"": [
          { ""id"": ""e_movie"", ""type"": ""Movie"" },
          { ""id"": ""e_actor"", ""type"": ""Person"" },
          { ""id"": ""e_salary"", ""type"": ""Salary"" }
        ],
        ""relationships"": [
          { ""id"": ""r_act"", ""role"": ""actor"", ""from"": ""e_actor"", ""to"": ""e_movie"" },
          { ""id"": ""r_sal"", ""role"": ""has_salary"", ""from"": ""e_actor"", ""to"": ""e_salary"" }
        ],
        ""constraint"": {
          ""and_conditions"": [
            {
              ""left"": { ""attribute_name"": ""name"", ""of"": ""e_actor"" },
              ""operator"": ""!="",
              ""right"": ""Clint Eastwood""
            },
            {
              ""or_conditions"": [
                {
                  ""left"": { ""attribute_name"": ""name"", ""of"": ""e_actor"" },
                  ""operator"": ""="",
                  ""right"": ""Meryl Streep""
                },
                {
                  ""left"": { ""count_id"": ""r_act"" },
                  ""or_conditions"": [
                    {
                      ""left"": { ""attribute_name"": ""name"", ""of"": ""e_actor"" },
                      ""operator"": ""="",
                      ""right"": ""Meryl Streep""
                    },
                    {
                      ""left"": { ""attribute_name"": ""name"", ""of"": ""e_actor"" },
                      ""operator"": ""="",
                      ""right"": ""Clint Eastwood""
                    }
                  ]
                }
              ],
              ""condition"": {
                ""left"": { ""count_id"": ""r_sal"" },
                ""operator"": "">"",
                ""right"": {
                  ""or_conditions"": [
                    {
                      ""left"": { ""count_id"": ""r_sal_streep"" },
                      ""operator"": ""+"",
                      ""right"": { ""count_id"": ""r_sal_eastwood"" }
                    },
                    {
                      ""left"": { ""count_id"": ""r_sal_eastwood"" },
                      ""operator"": ""+"",
                      ""right"": { ""count_id"": ""r_sal_streep"" }
                    }
                  ]
                }
              }
            }
          ]
        }
      }
    ],
    [
      {
        ""id"": ""q3"",
        ""target"": [""e_movie""],
        ""entities"": [
          { ""id"": ""e_movie"", ""type"": ""Movie"" },
          { ""id"": ""e_actor1"", ""type"": ""Person"" },
          { ""id"": ""e_actor2"", ""type"": ""Person"" },
          { ""id"": ""e_salary1"", ""type"": ""Salary"" },
          { ""id"": ""e_salary2"", ""type"": ""Salary"" }
        ],
        ""relationships"": [
          { ""id"": ""r_act1"", ""role"": ""actor"", ""from"": ""e_actor1"", ""to"": ""e_movie"" },
          { ""id"": ""r_act2"", ""role"": ""actor"", ""from"": ""e_actor2"", ""to"": ""e_movie"" },
          { ""id"": ""r_sal1"", ""role"": ""has_salary"", ""from"": ""e_actor1"", ""to"": ""e_salary1"" },
          { ""id"": ""r_sal2"", ""role"": ""has_salary"", ""from"": ""e_actor2"", ""to"": ""e_salary2"" }
        ],
        ""constraint"": {
          ""and_conditions"": [
            {
              ""left"": { ""count_id"": ""r_act1"" },
              ""operator"": ""="",
              ""right"": 1
            },
            {
              ""left"": { ""count_id"": ""r_act2"" },
              ""operator"": ""="",
              ""right"": 1
            },
            {
              ""or_conditions"": [
                {
                  ""left"": { ""attribute_name"": ""name"", ""of"": ""e_actor1"" },
                  ""operator"": ""="",
                  ""right"": ""Meryl Streep""
                },
                {
                  ""left"": { ""attribute_name"": ""name"", ""of"": ""e_actor1"" },
                  ""operator"": ""="",
                  ""right"": ""Clint Eastwood""
                }
              ],
              ""condition"": {
                ""left"": { ""count_id"": ""r_sal1"" },
                ""operator"": "">"",
                ""right"": {
                  ""or_conditions"": [
                    {
                      ""left"": { ""count_id"": ""r_sal2"" },
                      ""operator"": ""+"",
                      ""right"": { ""count_id"": ""r_sal_streep"" }
                    },
                    {
                      ""left"": { ""count_id"": ""r_sal2"" },
                      ""operator"": ""+"",
                      ""right"": { ""count_id"": ""r_sal_eastwood"" }
                    }
                  ]
                }
              }
            },
            {
              ""or_conditions"": [
                {
                  ""left"": { ""attribute_name"": ""name"", ""of"": ""e_actor2"" },
                  ""operator"": ""="",
                  ""right"": ""Meryl Streep""
                },
                {
                  ""left"": { ""attribute_name"": ""name"", ""of"": ""e_actor2"" },
                  ""operator"": ""="",
                  ""right"": ""Clint Eastwood""
                }
              ],
              ""condition"": {
                ""left"": { ""count_id"": ""r_sal2"" },
                ""operator"": "">"",
                ""right"": {
                  ""or_conditions"": [
                    {
                      ""left"": { ""count_id"": ""r_sal1"" },
                      ""operator"": ""+"",
                      ""right"": { ""count_id"": ""r_sal_streep"" }
                    },
                    {
                      ""left"": { ""count_id"": ""r_sal1"" },
                      ""operator"": ""+"",
                      ""right"": { ""count_id"": ""r_sal_eastwood"" }
                    }
                  ]
                }
              }
            }
          ]
        }
      }
    ]
  }
}
```

This hypothesis should find movies where the combined salary of two actors (either Meryl Streep or Clint Eastwood) is higher than the individual salaries of both actors. The last query in the `hypotheses_set` is an optimization to reduce the number of results by considering only two actors per movie."
9,Q07,Which movies has an actor with more salary than Meryl Streep and Clint Eastwood together?,mistral:7b,False,0.15,31.244369,True,stop,4096,4.373132,1106,18.062236,61.2327," To find movies where an actor has a higher salary than both Meryl Streep and Clint Eastwood, you can create a hypothesis that checks for the existence of such actors in the movies. Here's how you can structure it:

```json
{
  ""hypotheses_set"": [
    [
      {
        ""id"": ""q1"",
        ""target"": [""e_movie""],
        ""entities"": [
          { ""id"": ""e_movie"", ""type"": ""Movie"" },
          { ""id"": ""e_actor"", ""type"": ""Person"" },
          { ""id"": ""e_salary"", ""type"": ""Salary"" }
        ],
        ""relationships"": [
          { ""id"": ""r_act"", ""role"": ""actor"", ""from"": ""e_actor"", ""to"": ""e_movie"" },
          { ""id"": ""r_sal"", ""role"": ""has_salary"", ""from"": ""e_actor"", ""to"": ""e_salary"" }
        ],
        ""constraint"": {
          ""and_conditions"": [
            {
              ""or_conditions"": [
                {
                  ""left"": { ""attribute_name"": ""name"", ""of"": ""e_actor"" },
                  ""operator"": ""="",
                  ""right"": ""Meryl Streep""
                },
                {
                  ""left"": { ""attribute_name"": ""name"", ""of"": ""e_actor"" },
                  ""operator"": ""="",
                  ""right"": ""Clint Eastwood""
                }
              ]
            },
            {
              ""left"": { ""count_id"": ""r_act"" },
              ""operator"": "">"",
              ""right"": {
                ""or_conditions"": [
                  {
                    ""left"": { ""count_id"": { ""id"": ""q2"", ""index"": 0 } },
                    ""operator"": ""+""
                  },
                  {
                    ""left"": { ""count_id"": { ""id"": ""q3"", ""index"": 0 } },
                    ""operator"": ""+""
                  }
                ]
              }
            }
          ]
        }
      },
      {
        ""id"": ""q2"",
        ""target"": [],
        ""entities"": [
          { ""id"": ""e_actor"", ""type"": ""Person"" },
          { ""id"": ""e_salary"", ""type"": ""Salary"" }
        ],
        ""relationships"": [
          { ""id"": ""r_act_sal"", ""role"": ""has_salary"", ""from"": ""e_actor"", ""to"": ""e_salary"" }
        ],
        ""constraint"": {
          ""and_conditions"": [
            {
              ""left"": { ""attribute_name"": ""name"", ""of"": ""e_actor"" },
              ""operator"": ""="",
              ""right"": ""Meryl Streep""
            },
            {
              ""left"": { ""count_id"": ""r_act_sal"" },
              ""operator"": "">"",
              ""right"": 0
            }
          ]
        }
      },
      {
        ""id"": ""q3"",
        ""target"": [],
        ""entities"": [
          { ""id"": ""e_actor"", ""type"": ""Person"" },
          { ""id"": ""e_salary"", ""type"": ""Salary"" }
        ],
        ""relationships"": [
          { ""id"": ""r_act_sal"", ""role"": ""has_salary"", ""from"": ""e_actor"", ""to"": ""e_salary"" }
        ],
        ""constraint"": {
          ""and_conditions"": [
            {
              ""left"": { ""attribute_name"": ""name"", ""of"": ""e_actor"" },
              ""operator"": ""="",
              ""right"": ""Clint Eastwood""
            },
            {
              ""left"": { ""count_id"": ""r_act_sal"" },
              ""operator"": "">"",
              ""right"": 0
            }
          ]
        }
      }
    ]
  ]
}
```

In this example, we create three queries: `q1`, `q2`, and `q3`. `q1` is the main query that finds movies where an actor has a higher salary than both Meryl Streep and Clint Eastwood. `q2` and `q3` are auxiliary queries that find actors with salaries for Meryl Streep and Clint Eastwood, respectively. The main query then adds up the counts of these salaries to compare against the actor's salary in the movie."
10,Q07,Which movies has an actor with more salary than Meryl Streep and Clint Eastwood together?,mistral:7b,False,0.15,36.128275,False,stop,4096,4.377475,1308,21.402016,61.1157," To find movies where an actor has a higher salary than both Meryl Streep and Clint Eastwood, we can create a hypothesis that includes a subquery to first find the maximum salary for each of them, and then compare it with the salaries of actors in movies. Here's how you could structure the JSON output:

```json
{
  ""hypotheses_set"": [
    [
      {
        ""id"": ""q1"",
        ""target"": [""e_movie""],
        ""entities"": [
          { ""id"": ""e_movie"", ""type"": ""Movie"" },
          { ""id"": ""e_actor"", ""type"": ""Person"" },
          { ""id"": ""e_salary"", ""type"": ""Salary"" }
        ],
        ""relationships"": [
          { ""id"": ""r_act"", ""role"": ""actor"", ""from"": ""e_actor"", ""to"": ""e_movie"" },
          { ""id"": ""r_sal"", ""role"": ""has_salary"", ""from"": ""e_actor"", ""to"": ""e_salary"" }
        ],
        ""constraint"": {
          ""and_conditions"": [
            {
              ""left"": {
                ""or_conditions"": [
                  {
                    ""id"": ""q2"",
                    ""target"": [""e_max_streep""],
                    ""entities"": [{ ""id"": ""e_max_streep"", ""type"": ""Person"" }, {""id"": ""e_salary"", ""type"": ""Salary""}],
                    ""relationships"": [{""id"": ""r_max_streep"", ""role"": ""has_max_salary"", ""from"": ""e_max_streep"", ""to"": ""e_salary""}]
                  },
                  {
                    ""id"": ""q3"",
                    ""target"": [""e_max_eastwood""],
                    ""entities"": [{ ""id"": ""e_max_eastwood"", ""type"": ""Person"" }, {""id"": ""e_salary"", ""type"": ""Salary""}],
                    ""relationships"": [{""id"": ""r_max_eastwood"", ""role"": ""has_max_salary"", ""from"": ""e_max_eastwood"", ""to"": ""e_salary""}]
                  }
                ]
              },
              {
                ""left"": { ""attribute_name"": ""id"", ""of"": ""e_actor"" },
                ""operator"": ""!="",
                ""right"": {
                  ""or_conditions"": [
                    {""id"": ""q2""},
                    {""id"": ""q3""}
                  ]
                }
              },
              {
                ""left"": { ""attribute_name"": ""id"", ""of"": ""e_actor"" },
                ""operator"": ""!="",
                ""right"": ""Meryl Streep""
              },
              {
                ""left"": { ""attribute_name"": ""id"", ""of"": ""e_actor"" },
                ""operator"": ""!="",
                ""right"": ""Clint Eastwood""
              },
              {
                ""left"": { ""id"": ""q4"", ""target"": [""e_actor_salary""] },
                ""operator"": "">"",
                ""right"": {
                  ""or_conditions"": [
                    {""id"": ""q2""},
                    {""id"": ""q3""}
                  ]
                }
              }
            ]
          ]
        }
      },
      {
        ""id"": ""q2"",
        ""target"": [""e_max_streep""],
        ""entities"": [{ ""id"": ""e_max_streep"", ""type"": ""Person"" }, {""id"": ""e_salary"", ""type"": ""Salary""}],
        ""relationships"": [{""id"": ""r_max_streep"", ""role"": ""has_max_salary"", ""from"": ""e_max_streep"", ""to"": ""e_salary""}],
        ""constraint"": {
          ""and_conditions"": [
            {
              ""left"": { ""attribute_name"": ""name"", ""of"": ""e_max_streep"" },
              ""operator"": ""="",
              ""right"": ""Meryl Streep""
            }
          ]
        }
      },
      {
        ""id"": ""q3"",
        ""target"": [""e_max_eastwood""],
        ""entities"": [{ ""id"": ""e_max_eastwood"", ""type"": ""Person"" }, {""id"": ""e_salary"", ""type"": ""Salary""}],
        ""relationships"": [{""id"": ""r_max_eastwood"", ""role"": ""has_max_salary"", ""from"": ""e_max_eastwood"", ""to"": ""e_salary""}],
        ""constraint"": {
          ""and_conditions"": [
            {
              ""left"": { ""attribute_name"": ""name"", ""of"": ""e_max_eastwood"" },
              ""operator"": ""="",
              ""right"": ""Clint Eastwood""
            }
          ]
        }
      }
    ]
  ]
}
```

This hypothesis includes three subqueries (q2, q3, and q4) to find the maximum salary for Meryl Streep, Clint Eastwood, and actors in movies who have a higher salary than both of them. The main query then filters out movies where the actor's id is neither Meryl Streep nor Clint Eastwood."
11,Q07,Which movies has an actor with more salary than Meryl Streep and Clint Eastwood together?,mistral:7b,False,0.15,31.03725,True,stop,4096,4.362944,1097,17.870242,61.387," To find movies where an actor has a higher salary than both Meryl Streep and Clint Eastwood, you can create a hypothesis that checks for the existence of such actors in the movies. Here's an example of how to structure the query:

```json
{
  ""hypotheses_set"": [
    [
      {
        ""id"": ""q1"",
        ""target"": [""e_movie""],
        ""entities"": [
          { ""id"": ""e_movie"", ""type"": ""Movie"" },
          { ""id"": ""e_actor"", ""type"": ""Person"" },
          { ""id"": ""e_salary"", ""type"": ""Salary"" }
        ],
        ""relationships"": [
          { ""id"": ""r_act"", ""role"": ""actor"", ""from"": ""e_actor"", ""to"": ""e_movie"" },
          { ""id"": ""r_sal"", ""role"": ""has_salary"", ""from"": ""e_actor"", ""to"": ""e_salary"" }
        ],
        ""constraint"": {
          ""and_conditions"": [
            {
              ""or_conditions"": [
                {
                  ""left"": { ""attribute_name"": ""name"", ""of"": ""e_actor"" },
                  ""operator"": ""="",
                  ""right"": ""Meryl Streep""
                },
                {
                  ""left"": { ""attribute_name"": ""name"", ""of"": ""e_actor"" },
                  ""operator"": ""="",
                  ""right"": ""Clint Eastwood""
                }
              ]
            },
            {
              ""left"": { ""count_id"": ""r_sal"" },
              ""operator"": "">"",
              ""right"": {
                ""or_conditions"": [
                  {
                    ""left"": { ""count_id"": { ""id"": ""q2"", ""index"": 0 } },
                    ""operator"": ""+""
                  },
                  {
                    ""left"": { ""count_id"": { ""id"": ""q3"", ""index"": 0 } },
                    ""operator"": ""+""
                  }
                ]
              }
            }
          ]
        }
      },
      {
        ""id"": ""q2"",
        ""target"": [],
        ""entities"": [
          { ""id"": ""e_actor"", ""type"": ""Person"" },
          { ""id"": ""e_salary"", ""type"": ""Salary"" }
        ],
        ""relationships"": [
          { ""id"": ""r_act_sal"", ""role"": ""has_salary"", ""from"": ""e_actor"", ""to"": ""e_salary"" }
        ],
        ""constraint"": {
          ""and_conditions"": [
            {
              ""left"": { ""attribute_name"": ""name"", ""of"": ""e_actor"" },
              ""operator"": ""="",
              ""right"": ""Meryl Streep""
            },
            {
              ""left"": { ""count_id"": ""r_act_sal"" },
              ""operator"": "">"",
              ""right"": 0
            }
          ]
        }
      },
      {
        ""id"": ""q3"",
        ""target"": [],
        ""entities"": [
          { ""id"": ""e_actor"", ""type"": ""Person"" },
          { ""id"": ""e_salary"", ""type"": ""Salary"" }
        ],
        ""relationships"": [
          { ""id"": ""r_act_sal"", ""role"": ""has_salary"", ""from"": ""e_actor"", ""to"": ""e_salary"" }
        ],
        ""constraint"": {
          ""and_conditions"": [
            {
              ""left"": { ""attribute_name"": ""name"", ""of"": ""e_actor"" },
              ""operator"": ""="",
              ""right"": ""Clint Eastwood""
            },
            {
              ""left"": { ""count_id"": ""r_act_sal"" },
              ""operator"": "">"",
              ""right"": 0
            }
          ]
        }
      }
    ]
  ]
}
```

In this example, the main hypothesis (`q1`) checks for movies where an actor has a salary greater than both Meryl Streep and Clint Eastwood. To do this, it references two sub-hypotheses (`q2` and `q3`) that count the number of salaries for each actor. The total salary of the actor in the main hypothesis is then compared against the sum of the salaries from the sub-hypotheses."
12,Q07,Which movies has an actor with more salary than Meryl Streep and Clint Eastwood together?,mistral:7b,False,0.15,28.282217,True,stop,4096,4.359756,983,16.230244,60.5659," To find movies with actors who have a higher combined salary than both Meryl Streep and Clint Eastwood, you can create a hypothesis that checks for the existence of such actors in each movie. Here's how you can structure the query:

```json
{
  ""hypotheses_set"": [
    {
      ""id"": ""q1"",
      ""target"": [""e_movie""],
      ""entities"": [
        { ""id"": ""e_movie"", ""type"": ""Movie"" },
        { ""id"": ""e_actor"", ""type"": ""Person"" },
        { ""id"": ""e_salary"", ""type"": ""Salary"" }
      ],
      ""relationships"": [
        { ""id"": ""r_act"", ""role"": ""actor"", ""from"": ""e_actor"", ""to"": ""e_movie"" },
        { ""id"": ""r_salary"", ""role"": ""has_salary"", ""from"": ""e_actor"", ""to"": ""e_salary"" }
      ],
      ""constraint"": {
        ""and_conditions"": [
          {
            ""or_conditions"": [
              {
                ""left"": { ""attribute_name"": ""name"", ""of"": ""e_actor"" },
                ""operator"": ""="",
                ""right"": ""Meryl Streep""
              },
              {
                ""left"": { ""attribute_name"": ""name"", ""of"": ""e_actor"" },
                ""operator"": ""="",
                ""right"": ""Clint Eastwood""
              }
            ]
          },
          {
            ""left"": { ""id"": ""q2"", ""target"": [""e_salary""] },
            ""operator"": "">"",
            ""right"": { ""id"": ""q3"", ""target"": [""e_salary""] }
          }
        ]
      }
    },
    {
      ""id"": ""q2"",
      ""target"": [""e_salary""],
      ""entities"": [
        { ""id"": ""e_actor"", ""type"": ""Person"" },
        { ""id"": ""e_salary"", ""type"": ""Salary"" }
      ],
      ""relationships"": [
        { ""id"": ""r_act"", ""role"": ""actor"", ""from"": ""e_actor"", ""to"": ""e_salary"" },
        { ""id"": ""r_salary"", ""role"": ""has_salary"", ""from"": ""e_actor"", ""to"": ""e_salary"" }
      ],
      ""constraint"": {
        ""and_conditions"": [
          {
            ""left"": { ""attribute_name"": ""name"", ""of"": ""e_actor"" },
            ""operator"": ""="",
            ""right"": ""Meryl Streep""
          }
        ]
      }
    },
    {
      ""id"": ""q3"",
      ""target"": [""e_salary""],
      ""entities"": [
        { ""id"": ""e_actor"", ""type"": ""Person"" },
        { ""id"": ""e_salary"", ""type"": ""Salary"" }
      ],
      ""relationships"": [
        { ""id"": ""r_act"", ""role"": ""actor"", ""from"": ""e_actor"", ""to"": ""e_salary"" },
        { ""id"": ""r_salary"", ""role"": ""has_salary"", ""from"": ""e_actor"", ""to"": ""e_salary"" }
      ],
      ""constraint"": {
        ""and_conditions"": [
          {
            ""left"": { ""attribute_name"": ""name"", ""of"": ""e_actor"" },
            ""operator"": ""="",
            ""right"": ""Clint Eastwood""
          }
        ]
      }
    }
  ]
}
```

This query first checks for movies with actors who are either Meryl Streep or Clint Eastwood. Then, it creates two sub-queries to find the salaries of each actor separately. The main constraint checks if there exists a salary that is greater than both Meryl Streep's and Clint Eastwood's salaries combined."
13,Q07,Which movies has an actor with more salary than Meryl Streep and Clint Eastwood together?,mistral:7b,False,0.15,39.975075,True,stop,4096,4.360227,1466,24.234015,60.4935," To find movies where an actor has a higher salary than both Meryl Streep and Clint Eastwood, we can create a hypothesis that includes two queries: one for actors with a higher salary than Meryl Streep and another for actors with a higher salary than Clint Eastwood. Then, we intersect the results of these two queries to find common movies. Here's how you can structure the JSON output:

```json
{
  ""hypotheses_set"": [
    [
      {
        ""id"": ""q1"",
        ""target"": [""e_movie""],
        ""entities"": [
          { ""id"": ""e_movie"", ""type"": ""Movie"" },
          { ""id"": ""e_actor"", ""type"": ""Person"" },
          { ""id"": ""e_salary"", ""type"": ""Salary"" }
        ],
        ""relationships"": [
          { ""id"": ""r_act"", ""role"": ""actor"", ""from"": ""e_actor"", ""to"": ""e_movie"" },
          { ""id"": ""r_sal"", ""role"": ""has_salary"", ""from"": ""e_actor"", ""to"": ""e_salary"" }
        ],
        ""constraint"": {
          ""and_conditions"": [
            {
              ""left"": { ""attribute_name"": ""name"", ""of"": ""e_actor"" },
              ""operator"": ""!="",
              ""right"": ""Meryl Streep""
            },
            {
              ""left"": { ""attribute_name"": ""name"", ""of"": ""e_actor"" },
              ""operator"": ""!="",
              ""right"": ""Clint Eastwood""
            },
            {
              ""or_conditions"": [
                {
                  ""left"": { ""count_id"": ""r_act_salary_streep"" },
                  ""operator"": ""<="",
                  ""right"": { ""count_id"": ""r_act_salary_eastwood"" }
                },
                {
                  ""left"": { ""count_id"": ""r_act_salary_eastwood"" },
                  ""operator"": ""<="",
                  ""right"": { ""count_id"": ""r_act_salary_streep"" }
                }
              ]
            }
          ]
        }
      },
      {
        ""id"": ""q2"",
        ""target"": [""e_movie""],
        ""entities"": [
          { ""id"": ""e_movie"", ""type"": ""Movie"" },
          { ""id"": ""e_actor"", ""type"": ""Person"" },
          { ""id"": ""e_salary"", ""type"": ""Salary"" }
        ],
        ""relationships"": [
          { ""id"": ""r_act"", ""role"": ""actor"", ""from"": ""e_actor"", ""to"": ""e_movie"" },
          { ""id"": ""r_sal"", ""role"": ""has_salary"", ""from"": ""e_actor"", ""to"": ""e_salary"" }
        ],
        ""constraint"": {
          ""and_conditions"": [
            {
              ""left"": { ""attribute_name"": ""name"", ""of"": ""e_actor"" },
              ""operator"": ""!="",
              ""right"": ""Meryl Streep""
            },
            {
              ""left"": { ""attribute_name"": ""name"", ""of"": ""e_actor"" },
              ""operator"": ""!="",
              ""right"": ""Clint Eastwood""
            },
            {
              ""or_conditions"": [
                {
                  ""left"": { ""count_id"": ""r_act_salary_eastwood"" },
                  ""operator"": ""<="",
                  ""right"": { ""count_id"": ""r_act_salary_streep"" }
                },
                {
                  ""left"": { ""count_id"": ""r_act_salary_streep"" },
                  ""operator"": ""<="",
                  ""right"": { ""count_id"": ""r_act_salary_eastwood"" }
                }
              ]
            }
          ]
        }
      }
    ],
    [
      {
        ""id"": ""q3"",
        ""target"": [""e_movie""],
        ""entities"": [
          { ""id"": ""e_movie"", ""type"": ""Movie"" },
          { ""id"": ""e_actor"", ""type"": ""Person"" },
          { ""id"": ""e_salary"", ""type"": ""Salary"" }
        ],
        ""relationships"": [
          { ""id"": ""r_act"", ""role"": ""actor"", ""from"": ""e_actor"", ""to"": ""e_movie"" },
          { ""id"": ""r_sal"", ""role"": ""has_salary"", ""from"": ""e_actor"", ""to"": ""e_salary"" }
        ],
        ""constraint"": {
          ""and_conditions"": [
            {
              ""left"": { ""attribute_name"": ""name"", ""of"": ""e_actor"" },
              ""operator"": ""!="",
              ""right"": ""Meryl Streep""
            },
            {
              ""left"": { ""attribute_name"": ""name"", ""of"": ""e_actor"" },
              ""operator"": ""!="",
              ""right"": ""Clint Eastwood""
            },
            {
              ""left"": { ""count_id"": ""r_act_salary_intersect"" },
              ""operator"": "">"",
              ""right"": 0
            }
          ],
          ""intersection"": [
            { ""id"": ""q1"" },
            { ""id"": ""q2"" }
          ]
        }
      }
    ]
  ]
}
```

In this example, `q1` and `q2` are the two initial queries that find movies with actors having higher salaries than Meryl Streep or Clint Eastwood respectively. The third query, `q3`, intersects the results of `q1` and `q2` to find common movies where an actor has a higher salary than both Meryl Streep and Clint Eastwood."
14,Q07,Which movies has an actor with more salary than Meryl Streep and Clint Eastwood together?,mistral:7b,False,0.15,30.707295,True,stop,4096,4.353891,1083,17.718217,61.1235," To find movies where an actor has a higher salary than both Meryl Streep and Clint Eastwood, you can create a hypothesis that checks for the existence of such actors in the movie's cast. Here's how you can structure the JSON output:

```json
{
  ""hypotheses_set"": [
    {
      ""id"": ""q1"",
      ""target"": [""e_movie""],
      ""entities"": [
        { ""id"": ""e_movie"", ""type"": ""Movie"" },
        { ""id"": ""e_actor"", ""type"": ""Person"" },
        { ""id"": ""e_salary"", ""type"": ""Salary"" }
      ],
      ""relationships"": [
        { ""id"": ""r_act"", ""role"": ""actor"", ""from"": ""e_actor"", ""to"": ""e_movie"" },
        { ""id"": ""r_salary"", ""role"": ""has_salary"", ""from"": ""e_actor"", ""to"": ""e_salary"" }
      ],
      ""constraint"": {
        ""and_conditions"": [
          {
            ""or_conditions"": [
              {
                ""left"": { ""attribute_name"": ""name"", ""of"": ""e_actor"" },
                ""operator"": ""="",
                ""right"": ""Meryl Streep""
              },
              {
                ""left"": { ""attribute_name"": ""name"", ""of"": ""e_actor"" },
                ""operator"": ""="",
                ""right"": ""Clint Eastwood""
              }
            ]
          },
          {
            ""left"": { ""count_id"": ""r_salary"" },
            ""operator"": "">"",
            ""right"": {
              ""or_conditions"": [
                {
                  ""left"": { ""count_id"": { ""id"": ""q2"", ""index"": 0, ""target"": ""e_salary"" } },
                  ""operator"": ""."",
                  ""right"": { ""attribute_name"": ""value"", ""of"": ""e_salary"" }
                },
                {
                  ""left"": { ""count_id"": { ""id"": ""q3"", ""index"": 0, ""target"": ""e_salary"" } },
                  ""operator"": ""."",
                  ""right"": { ""attribute_name"": ""value"", ""of"": ""e_salary"" }
                }
              ]
            }
          }
        ]
      }
    },
    {
      ""id"": ""q2"",
      ""target"": [""e_salary""],
      ""entities"": [
        { ""id"": ""e_actor"", ""type"": ""Person"" },
        { ""id"": ""e_salary"", ""type"": ""Salary"" }
      ],
      ""relationships"": [
        { ""id"": ""r_salary"", ""role"": ""has_salary"", ""from"": ""e_actor"", ""to"": ""e_salary"" }
      ],
      ""constraint"": {
        ""and_conditions"": [
          {
            ""left"": { ""attribute_name"": ""name"", ""of"": ""e_actor"" },
            ""operator"": ""="",
            ""right"": ""Meryl Streep""
          }
        ]
      }
    },
    {
      ""id"": ""q3"",
      ""target"": [""e_salary""],
      ""entities"": [
        { ""id"": ""e_actor"", ""type"": ""Person"" },
        { ""id"": ""e_salary"", ""type"": ""Salary"" }
      ],
      ""relationships"": [
        { ""id"": ""r_salary"", ""role"": ""has_salary"", ""from"": ""e_actor"", ""to"": ""e_salary"" }
      ],
      ""constraint"": {
        ""and_conditions"": [
          {
            ""left"": { ""attribute_name"": ""name"", ""of"": ""e_actor"" },
            ""operator"": ""="",
            ""right"": ""Clint Eastwood""
          }
        ]
      }
    }
  ]
}
```

This hypothesis consists of three queries: `q1`, `q2`, and `q3`. Query `q1` is the main query that finds movies where an actor has a higher salary than both Meryl Streep and Clint Eastwood. Queries `q2` and `q3` are subqueries used to get the salaries of each actor separately. The main query uses these subqueries to compare the salaries."
15,Q07,Which movies has an actor with more salary than Meryl Streep and Clint Eastwood together?,mistral:7b,False,0.15,46.899161,True,stop,4096,4.354052,1752,28.841687,60.7454," To find the movies where an actor has a higher salary than both Meryl Streep and Clint Eastwood, we can create a hypothesis that includes two queries: one for finding movies with actors who have a higher salary than Meryl Streep, and another for finding movies with actors who have a higher salary than Clint Eastwood. Then, we can intersect the results of these two queries to find the common movies.

Here's the JSON output for this query:

```json
{
  ""hypotheses_set"": [
    [
      {
        ""id"": ""q1"",
        ""target"": [""e_movie""],
        ""entities"": [
          { ""id"": ""e_movie"", ""type"": ""Movie"" },
          { ""id"": ""e_actor"", ""type"": ""Person"" },
          { ""id"": ""e_salary"", ""type"": ""Salary"" }
        ],
        ""relationships"": [
          { ""id"": ""r_act"", ""role"": ""actor"", ""from"": ""e_actor"", ""to"": ""e_movie"" },
          { ""id"": ""r_sal"", ""role"": ""has_salary"", ""from"": ""e_actor"", ""to"": ""e_salary"" }
        ],
        ""constraint"": {
          ""and_conditions"": [
            {
              ""left"": { ""attribute_name"": ""name"", ""of"": ""e_actor"" },
              ""operator"": ""!="",
              ""right"": ""Meryl Streep""
            },
            {
              ""or_conditions"": [
                {
                  ""left"": { ""attribute_name"": ""name"", ""of"": ""e_actor"" },
                  ""operator"": ""="",
                  ""right"": ""Clint Eastwood""
                },
                {
                  ""left"": { ""count_id"": ""r_sal"" },
                  ""operator"": "">"",
                  ""right"": {
                    ""and_conditions"": [
                      {
                        ""left"": { ""attribute_name"": ""name"", ""of"": ""e_actor"" },
                        ""operator"": ""="",
                        ""right"": ""Meryl Streep""
                      },
                      {
                        ""left"": { ""count_id"": ""r_sal"" },
                        ""operator"": "">"",
                        ""right"": 0
                      }
                    ]
                  }
                }
              ]
            }
          ]
        }
      }
    ],
    [
      {
        ""id"": ""q2"",
        ""target"": [""e_movie""],
        ""entities"": [
          { ""id"": ""e_movie"", ""type"": ""Movie"" },
          { ""id"": ""e_actor"", ""type"": ""Person"" },
          { ""id"": ""e_salary"", ""type"": ""Salary"" }
        ],
        ""relationships"": [
          { ""id"": ""r_act"", ""role"": ""actor"", ""from"": ""e_actor"", ""to"": ""e_movie"" },
          { ""id"": ""r_sal"", ""role"": ""has_salary"", ""from"": ""e_actor"", ""to"": ""e_salary"" }
        ],
        ""constraint"": {
          ""and_conditions"": [
            {
              ""left"": { ""attribute_name"": ""name"", ""of"": ""e_actor"" },
              ""operator"": ""!="",
              ""right"": ""Clint Eastwood""
            },
            {
              ""or_conditions"": [
                {
                  ""left"": { ""attribute_name"": ""name"", ""of"": ""e_actor"" },
                  ""operator"": ""="",
                  ""right"": ""Meryl Streep""
                },
                {
                  ""left"": { ""count_id"": ""r_sal"" },
                  ""operator"": "">"",
                  ""right"": 0
                }
              ]
            },
            {
              ""left"": { ""count_id"": ""r_sal"" },
              ""operator"": "">"",
              ""right"": {
                ""and_conditions"": [
                  {
                    ""left"": { ""attribute_name"": ""name"", ""of"": ""e_actor"" },
                    ""operator"": ""="",
                    ""right"": ""Clint Eastwood""
                  },
                  {
                    ""left"": { ""count_id"": ""r_sal"" },
                    ""operator"": "">"",
                    ""right"": 0
                  }
                ]
              }
            }
          ]
        }
      }
    ],
    [
      {
        ""id"": ""q3"",
        ""target"": [""e_movie""],
        ""entities"": [
          { ""id"": ""e_movie"", ""type"": ""Movie"" },
          { ""id"": ""e_actor1"", ""type"": ""Person"" },
          { ""id"": ""e_actor2"", ""type"": ""Person"" },
          { ""id"": ""e_salary1"", ""type"": ""Salary"" },
          { ""id"": ""e_salary2"", ""type"": ""Salary"" }
        ],
        ""relationships"": [
          { ""id"": ""r_act1"", ""role"": ""actor"", ""from"": ""e_actor1"", ""to"": ""e_movie"" },
          { ""id"": ""r_act2"", ""role"": ""actor"", ""from"": ""e_actor2"", ""to"": ""e_movie"" },
          { ""id"": ""r_sal1"", ""role"": ""has_salary"", ""from"": ""e_actor1"", ""to"": ""e_salary1"" },
          { ""id"": ""r_sal2"", ""role"": ""has_salary"", ""from"": ""e_actor2"", ""to"": ""e_salary2"" }
        ],
        ""constraint"": {
          ""and_conditions"": [
            {
              ""left"": { ""count_id"": ""r_act1"" },
              ""operator"": ""="",
              ""right"": { ""count_id"": ""r_act2"" }
            },
            {
              ""or_conditions"": [
                {
                  ""left"": { ""attribute_name"": ""name"", ""of"": ""e_actor1"" },
                  ""operator"": ""="",
                  ""right"": ""Meryl Streep""
                },
                {
                  ""left"": { ""attribute_name"": ""name"", ""of"": ""e_actor2"" },
                  ""operator"": ""="",
                  ""right"": ""Clint Eastwood""
                }
              ]
            },
            {
              ""left"": { ""count_id"": ""r_sal1"" },
              ""operator"": "">"",
              ""right"": { ""count_id"": ""r_sal2"" }
            }
          ]
        }
      }
    ]
  ]
}
```

This output includes three queries: `q1`, `q2`, and `q3`. The first two queries find movies with actors who have a higher salary than Meryl Streep or Clint Eastwood, respectively. The third query intersects the results of the first two queries to find common movies where an actor has a higher salary than both Meryl Streep and Clint Eastwood."
16,Q07,Which movies has an actor with more salary than Meryl Streep and Clint Eastwood together?,mistral:7b,False,0.15,30.726537,True,stop,4096,4.374759,1085,17.743784,61.1482," To find movies where an actor has a higher salary than both Meryl Streep and Clint Eastwood, you can create a hypothesis that checks for the existence of such actors in the movies. Here's how you can structure it:

```json
{
  ""hypotheses_set"": [
    [
      {
        ""id"": ""q1"",
        ""target"": [""e_movie""],
        ""entities"": [
          { ""id"": ""e_movie"", ""type"": ""Movie"" },
          { ""id"": ""e_actor"", ""type"": ""Person"" },
          { ""id"": ""e_salary"", ""type"": ""Salary"" }
        ],
        ""relationships"": [
          { ""id"": ""r_act"", ""role"": ""actor"", ""from"": ""e_actor"", ""to"": ""e_movie"" },
          { ""id"": ""r_sal"", ""role"": ""has_salary"", ""from"": ""e_actor"", ""to"": ""e_salary"" }
        ],
        ""constraint"": {
          ""and_conditions"": [
            {
              ""or_conditions"": [
                {
                  ""left"": { ""attribute_name"": ""name"", ""of"": ""e_actor"" },
                  ""operator"": ""="",
                  ""right"": ""Meryl Streep""
                },
                {
                  ""left"": { ""attribute_name"": ""name"", ""of"": ""e_actor"" },
                  ""operator"": ""="",
                  ""right"": ""Clint Eastwood""
                }
              ]
            },
            {
              ""left"": { ""count_id"": ""r_act"" },
              ""operator"": "">"",
              ""right"": {
                ""or_conditions"": [
                  {
                    ""left"": { ""count_id"": { ""id"": ""q2"", ""index"": 0 } },
                    ""operator"": ""+""
                  },
                  {
                    ""left"": { ""count_id"": { ""id"": ""q3"", ""index"": 0 } },
                    ""operator"": ""+""
                  }
                ]
              }
            }
          ]
        }
      },
      {
        ""id"": ""q2"",
        ""target"": [],
        ""entities"": [
          { ""id"": ""e_actor"", ""type"": ""Person"" },
          { ""id"": ""e_salary"", ""type"": ""Salary"" }
        ],
        ""relationships"": [
          { ""id"": ""r_act_sal"", ""role"": ""has_salary"", ""from"": ""e_actor"", ""to"": ""e_salary"" }
        ],
        ""constraint"": {
          ""and_conditions"": [
            {
              ""left"": { ""attribute_name"": ""name"", ""of"": ""e_actor"" },
              ""operator"": ""="",
              ""right"": ""Meryl Streep""
            },
            {
              ""left"": { ""count_id"": ""r_act_sal"" },
              ""operator"": "">"",
              ""right"": 0
            }
          ]
        }
      },
      {
        ""id"": ""q3"",
        ""target"": [],
        ""entities"": [
          { ""id"": ""e_actor"", ""type"": ""Person"" },
          { ""id"": ""e_salary"", ""type"": ""Salary"" }
        ],
        ""relationships"": [
          { ""id"": ""r_act_sal"", ""role"": ""has_salary"", ""from"": ""e_actor"", ""to"": ""e_salary"" }
        ],
        ""constraint"": {
          ""and_conditions"": [
            {
              ""left"": { ""attribute_name"": ""name"", ""of"": ""e_actor"" },
              ""operator"": ""="",
              ""right"": ""Clint Eastwood""
            },
            {
              ""left"": { ""count_id"": ""r_act_sal"" },
              ""operator"": "">"",
              ""right"": 0
            }
          ]
        }
      }
    ]
  ]
}
```

In this example, the main hypothesis `q1` checks for movies where an actor has a higher salary than both Meryl Streep and Clint Eastwood. It uses sub-hypotheses `q2` and `q3` to count the number of salaries for each actor separately. The total salary of these actors is then compared against the salary of any actor in the main hypothesis using the `>` operator."
17,Q07,Which movies has an actor with more salary than Meryl Streep and Clint Eastwood together?,mistral:7b,False,0.15,31.356705,True,stop,4096,4.376699,1111,18.202859,61.0344," To find movies where an actor has a higher salary than both Meryl Streep and Clint Eastwood, you can create a hypothesis that checks for the existence of such actors in the movies. Here's how you can structure it:

```json
{
  ""hypotheses_set"": [
    [
      {
        ""id"": ""q1"",
        ""target"": [""e_movie""],
        ""entities"": [
          { ""id"": ""e_movie"", ""type"": ""Movie"" },
          { ""id"": ""e_actor"", ""type"": ""Person"" },
          { ""id"": ""e_salary"", ""type"": ""Salary"" }
        ],
        ""relationships"": [
          { ""id"": ""r_act"", ""role"": ""actor"", ""from"": ""e_actor"", ""to"": ""e_movie"" },
          { ""id"": ""r_sal"", ""role"": ""has_salary"", ""from"": ""e_actor"", ""to"": ""e_salary"" }
        ],
        ""constraint"": {
          ""and_conditions"": [
            {
              ""or_conditions"": [
                {
                  ""left"": { ""attribute_name"": ""name"", ""of"": ""e_actor"" },
                  ""operator"": ""="",
                  ""right"": ""Meryl Streep""
                },
                {
                  ""left"": { ""attribute_name"": ""name"", ""of"": ""e_actor"" },
                  ""operator"": ""="",
                  ""right"": ""Clint Eastwood""
                }
              ]
            },
            {
              ""left"": { ""count_id"": ""r_act"" },
              ""operator"": "">"",
              ""right"": {
                ""or_conditions"": [
                  {
                    ""left"": { ""count_id"": { ""id"": ""q2"", ""index"": 0 } },
                    ""operator"": ""+""
                  },
                  {
                    ""left"": { ""count_id"": { ""id"": ""q3"", ""index"": 0 } },
                    ""operator"": ""-""
                  }
                ]
              }
            }
          ]
        }
      },
      {
        ""id"": ""q2"",
        ""target"": [],
        ""entities"": [
          { ""id"": ""e_actor"", ""type"": ""Person"" },
          { ""id"": ""e_salary"", ""type"": ""Salary"" }
        ],
        ""relationships"": [
          { ""id"": ""r_act_sal"", ""role"": ""has_salary"", ""from"": ""e_actor"", ""to"": ""e_salary"" }
        ],
        ""constraint"": {
          ""and_conditions"": [
            {
              ""left"": { ""attribute_name"": ""name"", ""of"": ""e_actor"" },
              ""operator"": ""="",
              ""right"": ""Meryl Streep""
            },
            {
              ""left"": { ""count_id"": ""r_act_sal"" },
              ""operator"": "">"",
              ""right"": 0
            }
          ]
        }
      },
      {
        ""id"": ""q3"",
        ""target"": [],
        ""entities"": [
          { ""id"": ""e_actor"", ""type"": ""Person"" },
          { ""id"": ""e_salary"", ""type"": ""Salary"" }
        ],
        ""relationships"": [
          { ""id"": ""r_act_sal"", ""role"": ""has_salary"", ""from"": ""e_actor"", ""to"": ""e_salary"" }
        ],
        ""constraint"": {
          ""and_conditions"": [
            {
              ""left"": { ""attribute_name"": ""name"", ""of"": ""e_actor"" },
              ""operator"": ""="",
              ""right"": ""Clint Eastwood""
            },
            {
              ""left"": { ""count_id"": ""r_act_sal"" },
              ""operator"": "">"",
              ""right"": 0
            }
          ]
        }
      }
    ]
  ]
}
```

In this example, we're creating three queries: `q1`, `q2`, and `q3`. `q1` is the main query that looks for movies where an actor has a higher salary than both Meryl Streep and Clint Eastwood. `q2` and `q3` are subqueries that find actors with salaries for Meryl Streep and Clint Eastwood, respectively. The count of these subquery results is then used in the main query to compare against the salary of an actor in a movie."
18,Q07,Which movies has an actor with more salary than Meryl Streep and Clint Eastwood together?,mistral:7b,False,0.15,27.889483,True,stop,4096,4.381023,968,15.735589,61.5166," To find movies where an actor has a higher salary than both Meryl Streep and Clint Eastwood, you can create a hypothesis that includes two queries: one for each actor, and then combine them using the `or` condition. Here's how you can structure it:

```json
{
  ""hypotheses_set"": [
    [
      {
        ""id"": ""q1"",
        ""target"": [""e_movie""],
        ""entities"": [
          { ""id"": ""e_movie"", ""type"": ""Movie"" },
          { ""id"": ""e_actor"", ""type"": ""Person"" },
          { ""id"": ""e_salary"", ""type"": ""Salary"" }
        ],
        ""relationships"": [
          { ""id"": ""r_act"", ""role"": ""actor"", ""from"": ""e_actor"", ""to"": ""e_movie"" },
          { ""id"": ""r_sal"", ""role"": ""has_salary"", ""from"": ""e_actor"", ""to"": ""e_salary"" }
        ],
        ""constraint"": {
          ""and_conditions"": [
            {
              ""left"": { ""attribute_name"": ""name"", ""of"": ""e_actor"" },
              ""operator"": ""="",
              ""right"": ""Meryl Streep""
            },
            {
              ""left"": { ""count_id"": ""r_sal"" },
              ""operator"": "">"",
              ""right"": { ""count_id"": ""e_streep_salary"" }
            }
          ]
        }
      },
      {
        ""id"": ""q2"",
        ""target"": [""e_movie""],
        ""entities"": [
          { ""id"": ""e_movie"", ""type"": ""Movie"" },
          { ""id"": ""e_actor"", ""type"": ""Person"" },
          { ""id"": ""e_salary"", ""type"": ""Salary"" }
        ],
        ""relationships"": [
          { ""id"": ""r_act"", ""role"": ""actor"", ""from"": ""e_actor"", ""to"": ""e_movie"" },
          { ""id"": ""r_sal"", ""role"": ""has_salary"", ""from"": ""e_actor"", ""to"": ""e_salary"" }
        ],
        ""constraint"": {
          ""and_conditions"": [
            {
              ""left"": { ""attribute_name"": ""name"", ""of"": ""e_actor"" },
              ""operator"": ""="",
              ""right"": ""Clint Eastwood""
            },
            {
              ""left"": { ""count_id"": ""r_sal"" },
              ""operator"": "">"",
              ""right"": { ""count_id"": ""e_eastwood_salary"" }
            }
          ]
        }
      }
    ],
    [
      {
        ""id"": ""q3"",
        ""target"": [""e_movie""],
        ""entities"": [
          { ""id"": ""e_movie"", ""type"": ""Movie"" },
          { ""id"": ""e_actor"", ""type"": ""Person"" },
          { ""id"": ""e_salary"", ""type"": ""Salary"" }
        ],
        ""relationships"": [
          { ""id"": ""r_act"", ""role"": ""actor"", ""from"": ""e_actor"", ""to"": ""e_movie"" },
          { ""id"": ""r_sal"", ""role"": ""has_salary"", ""from"": ""e_actor"", ""to"": ""e_salary"" }
        ],
        ""constraint"": {
          ""or_conditions"": [
            { ""id"": ""q1"" },
            { ""id"": ""q2"" }
          ]
        }
      }
    ]
  ]
}
```

In this example, `q1` and `q2` are separate queries for each actor, and `q3` combines them using the `or` condition to find movies where an actor has a higher salary than both Meryl Streep and Clint Eastwood."
19,Q07,Which movies has an actor with more salary than Meryl Streep and Clint Eastwood together?,mistral:7b,False,0.15,30.206163,False,stop,4096,4.358614,1063,17.396056,61.1058," To find movies where an actor has a higher salary than both Meryl Streep and Clint Eastwood, we can create a hypothesis that includes a subquery to first find the maximum salary of each actor, then compare them. Here's how you could structure this query:

```json
{
  ""hypotheses_set"": [
    {
      ""id"": ""q1"",
      ""target"": [""e_movie""],
      ""entities"": [
        { ""id"": ""e_movie"", ""type"": ""Movie"" },
        { ""id"": ""e_actor"", ""type"": ""Person"" },
        { ""id"": ""e_salary"", ""type"": ""Salary"" }
      ],
      ""relationships"": [
        { ""id"": ""r_act"", ""role"": ""actor"", ""from"": ""e_actor"", ""to"": ""e_movie"" },
        { ""id"": ""r_sal"", ""role"": ""has_salary"", ""from"": ""e_actor"", ""to"": ""e_salary"" }
      ],
      ""constraint"": {
        ""and_conditions"": [
          {
            ""left"": {
              ""or_conditions"": [
                {
                  ""left"": { ""attribute_name"": ""name"", ""of"": ""e_actor"" },
                  ""operator"": ""="",
                  ""right"": ""Meryl Streep""
                },
                {
                  ""left"": { ""attribute_name"": ""name"", ""of"": ""e_actor"" },
                  ""operator"": ""="",
                  ""right"": ""Clint Eastwood""
                }
              ]
            },
            {
              ""id"": ""q2"",
              ""target"": [""max_sal""],
              ""entities"": [{""id"": ""max_sal"", ""type"": ""Salary""}],
              ""relationships"": [{ ""id"": ""r_sal"", ""role"": ""has_salary"", ""from"": ""e_actor"", ""to"": ""e_salary"" }],
              ""constraint"": {
                ""and_conditions"": [
                  {
                    ""left"": {
                      ""or_conditions"": [
                        {
                          ""left"": { ""attribute_name"": ""name"", ""of"": ""e_actor"" },
                          ""operator"": ""="",
                          ""right"": ""Meryl Streep""
                        },
                        {
                          ""left"": { ""attribute_name"": ""name"", ""of"": ""e_actor"" },
                          ""operator"": ""="",
                          ""right"": ""Clint Eastwood""
                        }
                      ]
                    },
                    ""target"": [""max_sal""],
                    ""operator"": "">"",
                    ""right"": {
                      ""id"": ""q3"",
                      ""target"": [""total_sal""],
                      ""entities"": [{""id"": ""total_sal"", ""type"": ""Salary""}],
                      ""relationships"": [{ ""id"": ""r_sal"", ""role"": ""has_salary"", ""from"": ""e_actor"", ""to"": ""e_salary"" }],
                      ""constraint"": {
                        ""and_conditions"": [
                          {
                            ""left"": {
                              ""or_conditions"": [
                                {
                                  ""left"": { ""attribute_name"": ""name"", ""of"": ""e_actor"" },
                                  ""operator"": ""="",
                                  ""right"": ""Meryl Streep""
                                },
                                {
                                  ""left"": { ""attribute_name"": ""name"", ""of"": ""e_actor"" },
                                  ""operator"": ""="",
                                  ""right"": ""Clint Eastwood""
                                }
                              ]
                            },
                            ""target"": [""total_sal""],
                            ""operator"": ""+""
                          }
                        ]
                      }
                    }
                  }
                ]
              }
            }
          }
        ]
      }
    }
  ]
}
```

This query first finds the maximum salary for each actor (Meryl Streep and Clint Eastwood) in a subquery `q2`. Then, it calculates the total salary of both actors in another subquery `q3`. Finally, it compares the maximum salary with the total salary to find movies where an actor has a higher salary than both Meryl Streep and Clint Eastwood."
20,Q07,Which movies has an actor with more salary than Meryl Streep and Clint Eastwood together?,mistral:7b,False,0.15,45.381335,False,stop,4096,4.357507,1691,27.597682,61.2733," To find movies where an actor has a higher salary than both Meryl Streep and Clint Eastwood, we can create a hypothesis that includes a subquery to first find the maximum salary of each actor and then compare them. Here's the JSON output:

```json
{
  ""hypotheses_set"": [
    [
      {
        ""id"": ""q1"",
        ""target"": [""e_movie""],
        ""entities"": [
          { ""id"": ""e_movie"", ""type"": ""Movie"" },
          { ""id"": ""e_actor"", ""type"": ""Person"" },
          { ""id"": ""e_salary"", ""type"": ""Salary"" }
        ],
        ""relationships"": [
          { ""id"": ""r_act"", ""role"": ""actor"", ""from"": ""e_actor"", ""to"": ""e_movie"" },
          { ""id"": ""r_sal"", ""role"": ""has_salary"", ""from"": ""e_actor"", ""to"": ""e_salary"" }
        ],
        ""constraint"": {
          ""and_conditions"": [
            {
              ""left"": {
                ""or_conditions"": [
                  {
                    ""left"": { ""attribute_name"": ""name"", ""of"": ""e_actor"" },
                    ""operator"": ""="",
                    ""right"": ""Meryl Streep""
                  },
                  {
                    ""left"": { ""attribute_name"": ""name"", ""of"": ""e_actor"" },
                    ""operator"": ""="",
                    ""right"": ""Clint Eastwood""
                  }
                ]
              },
              {
                ""left"": { ""id"": ""q2"" },
                ""operator"": "">"",
                ""right"": { ""id"": ""q3"" }
              }
            }
          ]
        }
      },
      {
        ""id"": ""q2"",
        ""target"": [""e_max_salary""],
        ""entities"": [
          { ""id"": ""e_actor"", ""type"": ""Person"" },
          { ""id"": ""e_max_salary"", ""type"": ""Salary"" }
        ],
        ""relationships"": [
          { ""id"": ""r_act"", ""role"": ""actor"", ""from"": ""e_actor"", ""to"": ""e_max_salary"" },
          { ""id"": ""r_has_max_salary"", ""role"": ""has_max_salary"", ""from"": ""e_actor"", ""to"": ""e_max_salary"" }
        ],
        ""constraint"": {
          ""and_conditions"": [
            {
              ""left"": { ""attribute_name"": ""name"", ""of"": ""e_actor"" },
              ""operator"": ""="",
              ""right"": { ""id"": ""e_actor"" }
            },
            {
              ""left"": { ""id"": ""q4"" },
              ""operator"": "">="",
              ""right"": { ""id"": ""e_max_salary"" }
            }
          ]
        }
      },
      {
        ""id"": ""q3"",
        ""target"": [""e_max_salary""],
        ""entities"": [
          { ""id"": ""e_actor"", ""type"": ""Person"" },
          { ""id"": ""e_max_salary"", ""type"": ""Salary"" }
        ],
        ""relationships"": [
          { ""id"": ""r_act"", ""role"": ""actor"", ""from"": ""e_actor"", ""to"": ""e_max_salary"" },
          { ""id"": ""r_has_max_salary"", ""role"": ""has_max_salary"", ""from"": ""e_actor"", ""to"": ""e_max_salary"" }
        ],
        ""constraint"": {
          ""and_conditions"": [
            {
              ""left"": { ""attribute_name"": ""name"", ""of"": ""e_actor"" },
              ""operator"": ""="",
              ""right"": ""Meryl Streep""
            },
            {
              ""left"": { ""id"": ""q4"" },
              ""operator"": "">="",
              ""right"": { ""id"": ""e_max_salary"" }
            }
          ]
        }
      },
      {
        ""id"": ""q4"",
        ""target"": [""e_max_salary""],
        ""entities"": [
          { ""id"": ""e_actor"", ""type"": ""Person"" },
          { ""id"": ""e_max_salary"", ""type"": ""Salary"" }
        ],
        ""relationships"": [
          { ""id"": ""r_act"", ""role"": ""actor"", ""from"": ""e_actor"", ""to"": ""e_max_salary"" },
          { ""id"": ""r_has_max_salary"", ""role"": ""has_max_salary"", ""from"": ""e_actor"", ""to"": ""e_max_salary"" }
        ],
        ""constraint"": {
          ""and_conditions"": [
            {
              ""left"": { ""attribute_name"": ""name"", ""of"": ""e_actor"" },
              ""operator"": ""="",
              ""right"": ""Clint Eastwood""
            },
            {
              ""left"": { ""id"": ""q5"" },
              ""operator"": "">="",
              ""right"": { ""id"": ""e_max_salary"" }
            }
          ]
        }
      },
      {
        ""id"": ""q5"",
        ""target"": [""e_max_salary""],
        ""entities"": [
          { ""id"": ""e_actor"", ""type"": ""Person"" },
          { ""id"": ""e_max_salary"", ""type"": ""Salary"" }
        ],
        ""relationships"": [
          { ""id"": ""r_act"", ""role"": ""actor"", ""from"": ""e_actor"", ""to"": ""e_max_salary"" },
          { ""id"": ""r_has_max_salary"", ""role"": ""has_max_salary"", ""from"": ""e_actor"", ""to"": ""e_max_salary"" }
        ],
        ""constraint"": {
          ""and_conditions"": [
            {
              ""left"": { ""attribute_name"": ""name"", ""of"": ""e_actor"" },
              ""operator"": ""!="",
              ""right"": ""Meryl Streep""
            },
            {
              ""left"": { ""attribute_name"": ""name"", ""of"": ""e_actor"" },
              ""operator"": ""!="",
              ""right"": ""Clint Eastwood""
            }
          ]
        }
      }
    ]
  ]
}
```

This hypothesis first finds the maximum salary for each actor (Meryl Streep, Clint Eastwood, and any other actor) and then compares them to find if there's an actor with a higher salary than both of them. The subquery `q5` ensures that the found actor is neither Meryl Streep nor Clint Eastwood."
21,Q07,Which movies has an actor with more salary than Meryl Streep and Clint Eastwood together?,mistral:7b,False,0.15,32.17652,True,stop,4096,4.39125,1145,18.589384,61.5943," To find movies where an actor has a higher salary than both Meryl Streep and Clint Eastwood, you can create a hypothesis that checks for the existence of such actors in the movies. Here's how you can structure it:

```json
{
  ""hypotheses_set"": [
    [
      {
        ""id"": ""q1"",
        ""target"": [""e_movie""],
        ""entities"": [
          { ""id"": ""e_movie"", ""type"": ""Movie"" },
          { ""id"": ""e_actor"", ""type"": ""Person"" },
          { ""id"": ""e_salary"", ""type"": ""Salary"" }
        ],
        ""relationships"": [
          { ""id"": ""r_act"", ""role"": ""actor"", ""from"": ""e_actor"", ""to"": ""e_movie"" },
          { ""id"": ""r_sal"", ""role"": ""has_salary"", ""from"": ""e_actor"", ""to"": ""e_salary"" }
        ],
        ""constraint"": {
          ""and_conditions"": [
            {
              ""or_conditions"": [
                {
                  ""left"": { ""attribute_name"": ""name"", ""of"": ""e_actor"" },
                  ""operator"": ""="",
                  ""right"": ""Meryl Streep""
                },
                {
                  ""left"": { ""attribute_name"": ""name"", ""of"": ""e_actor"" },
                  ""operator"": ""="",
                  ""right"": ""Clint Eastwood""
                }
              ]
            },
            {
              ""left"": { ""count_id"": ""r_sal"" },
              ""operator"": "">"",
              ""right"": {
                ""or_conditions"": [
                  {
                    ""left"": { ""count_id"": { ""id"": ""q2"", ""index"": 0 } },
                    ""operator"": ""+"",
                    ""right"": { ""count_id"": { ""id"": ""q2"", ""index"": 1 } }
                  },
                  {
                    ""left"": { ""count_id"": { ""id"": ""q3"", ""index"": 0 } },
                    ""operator"": ""+"",
                    ""right"": { ""count_id"": { ""id"": ""q3"", ""index"": 1 } }
                  }
                ]
              }
            }
          ]
        }
      },
      {
        ""id"": ""q2"",
        ""target"": [],
        ""entities"": [
          { ""id"": ""e_actor"", ""type"": ""Person"" },
          { ""id"": ""e_salary"", ""type"": ""Salary"" }
        ],
        ""relationships"": [
          { ""id"": ""r_act_sal"", ""role"": ""has_salary"", ""from"": ""e_actor"", ""to"": ""e_salary"" }
        ],
        ""constraint"": {
          ""and_conditions"": [
            {
              ""left"": { ""attribute_name"": ""name"", ""of"": ""e_actor"" },
              ""operator"": ""="",
              ""right"": ""Meryl Streep""
            },
            {
              ""left"": { ""count_id"": ""r_act_sal"" },
              ""operator"": "">"",
              ""right"": 0
            }
          ]
        }
      },
      {
        ""id"": ""q3"",
        ""target"": [],
        ""entities"": [
          { ""id"": ""e_actor"", ""type"": ""Person"" },
          { ""id"": ""e_salary"", ""type"": ""Salary"" }
        ],
        ""relationships"": [
          { ""id"": ""r_act_sal"", ""role"": ""has_salary"", ""from"": ""e_actor"", ""to"": ""e_salary"" }
        ],
        ""constraint"": {
          ""and_conditions"": [
            {
              ""left"": { ""attribute_name"": ""name"", ""of"": ""e_actor"" },
              ""operator"": ""="",
              ""right"": ""Clint Eastwood""
            },
            {
              ""left"": { ""count_id"": ""r_act_sal"" },
              ""operator"": "">"",
              ""right"": 0
            }
          ]
        }
      }
    ]
  ]
}
```

In this example, we create three queries (q1, q2, and q3) to find the salaries of Meryl Streep and Clint Eastwood separately. Then, in query q1, we compare their combined salary with the salary of an actor in a movie. If the actor's salary is greater than both Meryl Streep's and Clint Eastwood's salaries, the movie will be included in the results."
22,Q07,Which movies has an actor with more salary than Meryl Streep and Clint Eastwood together?,mistral:7b,False,0.15,41.614835,True,stop,4096,4.377151,1534,25.213254,60.841," To find movies where an actor has a higher salary than both Meryl Streep and Clint Eastwood, you can create a hypothesis that includes two queries: one for actors with a higher salary than Meryl Streep and another for actors with a higher salary than Clint Eastwood. Then, the intersection of these two sets will give you the desired result. Here's an example of how to structure the JSON output:

```json
{
  ""hypotheses_set"": [
    [
      {
        ""id"": ""q1"",
        ""target"": [""e_movie""],
        ""entities"": [
          { ""id"": ""e_movie"", ""type"": ""Movie"" },
          { ""id"": ""e_actor"", ""type"": ""Person"" },
          { ""id"": ""e_salary"", ""type"": ""Salary"" }
        ],
        ""relationships"": [
          { ""id"": ""r_act"", ""role"": ""actor"", ""from"": ""e_actor"", ""to"": ""e_movie"" },
          { ""id"": ""r_sal"", ""role"": ""has_salary"", ""from"": ""e_actor"", ""to"": ""e_salary"" }
        ],
        ""constraint"": {
          ""and_conditions"": [
            {
              ""left"": { ""attribute_name"": ""name"", ""of"": ""e_actor"" },
              ""operator"": ""!="",
              ""right"": ""Meryl Streep""
            },
            {
              ""left"": { ""attribute_name"": ""name"", ""of"": ""e_actor"" },
              ""operator"": ""!="",
              ""right"": ""Clint Eastwood""
            },
            {
              ""or_conditions"": [
                {
                  ""left"": { ""count_id"": ""r_act_salary_streep"" },
                  ""operator"": ""<"",
                  ""right"": { ""count_id"": ""r_act_salary"" }
                },
                {
                  ""left"": { ""count_id"": ""r_act_salary_eastwood"" },
                  ""operator"": ""<"",
                  ""right"": { ""count_id"": ""r_act_salary"" }
                }
              ]
            }
          ]
        }
      }
    ],
    [
      {
        ""id"": ""q2"",
        ""target"": [""e_movie""],
        ""entities"": [
          { ""id"": ""e_movie"", ""type"": ""Movie"" },
          { ""id"": ""e_actor"", ""type"": ""Person"" },
          { ""id"": ""e_salary"", ""type"": ""Salary"" }
        ],
        ""relationships"": [
          { ""id"": ""r_act"", ""role"": ""actor"", ""from"": ""e_actor"", ""to"": ""e_movie"" },
          { ""id"": ""r_sal"", ""role"": ""has_salary"", ""from"": ""e_actor"", ""to"": ""e_salary"" }
        ],
        ""constraint"": {
          ""and_conditions"": [
            {
              ""left"": { ""attribute_name"": ""name"", ""of"": ""e_actor"" },
              ""operator"": ""!="",
              ""right"": ""Meryl Streep""
            },
            {
              ""left"": { ""attribute_name"": ""name"", ""of"": ""e_actor"" },
              ""operator"": ""!="",
              ""right"": ""Clint Eastwood""
            },
            {
              ""or_conditions"": [
                {
                  ""left"": { ""count_id"": ""r_act_salary_streep"" },
                  ""operator"": ""<="",
                  ""right"": { ""count_id"": ""r_act_salary_eastwood"" }
                },
                {
                  ""left"": { ""count_id"": ""r_act_salary_eastwood"" },
                  ""operator"": ""<="",
                  ""right"": { ""count_id"": ""r_act_salary_streep"" }
                }
              ]
            }
          ]
        }
      }
    ],
    [
      {
        ""id"": ""q3"",
        ""target"": [""e_movie""],
        ""entities"": [
          { ""id"": ""e_movie"", ""type"": ""Movie"" },
          { ""id"": ""e_actor"", ""type"": ""Person"" },
          { ""id"": ""e_salary"", ""type"": ""Salary"" }
        ],
        ""relationships"": [
          { ""id"": ""r_act"", ""role"": ""actor"", ""from"": ""e_actor"", ""to"": ""e_movie"" },
          { ""id"": ""r_sal"", ""role"": ""has_salary"", ""from"": ""e_actor"", ""to"": ""e_salary"" }
        ],
        ""constraint"": {
          ""and_conditions"": [
            {
              ""left"": { ""attribute_name"": ""name"", ""of"": ""e_actor"" },
              ""operator"": ""!="",
              ""right"": ""Meryl Streep""
            },
            {
              ""left"": { ""attribute_name"": ""name"", ""of"": ""e_actor"" },
              ""operator"": ""!="",
              ""right"": ""Clint Eastwood""
            },
            {
              ""or_conditions"": [
                {
                  ""left"": { ""count_id"": ""r_act_salary_streep"" },
                  ""operator"": "">"",
                  ""right"": { ""count_id"": ""r_act_salary_eastwood"" }
                },
                {
                  ""left"": { ""count_id"": ""r_act_salary_eastwood"" },
                  ""operator"": "">"",
                  ""right"": { ""count_id"": ""r_act_salary_streep"" }
                }
              ]
            }
          ]
        }
      }
    ]
  ]
}
```

In this example, `q1` and `q2` find actors with a higher salary than either Meryl Streep or Clint Eastwood individually. `q3` then finds movies where an actor has a higher salary than both Meryl Streep and Clint Eastwood. The intersection of the results from `q1`, `q2`, and `q3` will give you the desired result."
23,Q07,Which movies has an actor with more salary than Meryl Streep and Clint Eastwood together?,mistral:7b,False,0.15,31.563587,True,stop,4096,4.370857,1119,18.292042,61.1741," To find movies where an actor has a higher salary than both Meryl Streep and Clint Eastwood, you can create a hypothesis that checks for the existence of such actors in the movies. Here's how you can structure it:

```json
{
  ""hypotheses_set"": [
    [
      {
        ""id"": ""q1"",
        ""target"": [""e_movie""],
        ""entities"": [
          { ""id"": ""e_movie"", ""type"": ""Movie"" },
          { ""id"": ""e_actor"", ""type"": ""Person"" },
          { ""id"": ""e_salary"", ""type"": ""Salary"" }
        ],
        ""relationships"": [
          { ""id"": ""r_act"", ""role"": ""actor"", ""from"": ""e_actor"", ""to"": ""e_movie"" },
          { ""id"": ""r_salary"", ""role"": ""has_salary"", ""from"": ""e_actor"", ""to"": ""e_salary"" }
        ],
        ""constraint"": {
          ""and_conditions"": [
            {
              ""or_conditions"": [
                {
                  ""left"": { ""attribute_name"": ""name"", ""of"": ""e_actor"" },
                  ""operator"": ""="",
                  ""right"": ""Meryl Streep""
                },
                {
                  ""left"": { ""attribute_name"": ""name"", ""of"": ""e_actor"" },
                  ""operator"": ""="",
                  ""right"": ""Clint Eastwood""
                }
              ]
            },
            {
              ""left"": { ""count_id"": ""r_salary"" },
              ""operator"": "">"",
              ""right"": {
                ""or_conditions"": [
                  {
                    ""left"": { ""count_id"": { ""id"": ""q2"", ""index"": 0 } },
                    ""operator"": ""+"",
                    ""right"": { ""count_id"": { ""id"": ""q2"", ""index"": 1 } }
                  },
                  {
                    ""left"": { ""count_id"": { ""id"": ""q3"", ""index"": 0 } },
                    ""operator"": ""+"",
                    ""right"": { ""count_id"": { ""id"": ""q3"", ""index"": 1 } }
                  }
                ]
              }
            }
          ]
        }
      },
      {
        ""id"": ""q2"",
        ""target"": [],
        ""entities"": [
          { ""id"": ""e_actor"", ""type"": ""Person"" },
          { ""id"": ""e_salary"", ""type"": ""Salary"" }
        ],
        ""relationships"": [
          { ""id"": ""r_act_salary"", ""role"": ""has_salary"", ""from"": ""e_actor"", ""to"": ""e_salary"" }
        ],
        ""constraint"": {
          ""and_conditions"": [
            {
              ""left"": { ""attribute_name"": ""name"", ""of"": ""e_actor"" },
              ""operator"": ""="",
              ""right"": ""Meryl Streep""
            },
            {
              ""left"": { ""count_id"": ""r_act_salary"" },
              ""operator"": "">"",
              ""right"": 0
            }
          ]
        }
      },
      {
        ""id"": ""q3"",
        ""target"": [],
        ""entities"": [
          { ""id"": ""e_actor"", ""type"": ""Person"" },
          { ""id"": ""e_salary"", ""type"": ""Salary"" }
        ],
        ""relationships"": [
          { ""id"": ""r_act_salary"", ""role"": ""has_salary"", ""from"": ""e_actor"", ""to"": ""e_salary"" }
        ],
        ""constraint"": {
          ""and_conditions"": [
            {
              ""left"": { ""attribute_name"": ""name"", ""of"": ""e_actor"" },
              ""operator"": ""="",
              ""right"": ""Clint Eastwood""
            },
            {
              ""left"": { ""count_id"": ""r_act_salary"" },
              ""operator"": "">"",
              ""right"": 0
            }
          ]
        }
      }
    ]
  ]
}
```

In this example, we create three queries (q1, q2, and q3) to find the salaries of Meryl Streep and Clint Eastwood separately. Then, in query q1, we check if there's an actor with a salary greater than both their combined salaries."
24,Q07,Which movies has an actor with more salary than Meryl Streep and Clint Eastwood together?,mistral:7b,False,0.15,30.968087,True,stop,4096,4.364547,1095,17.752772,61.6805," To find movies where an actor has a higher salary than both Meryl Streep and Clint Eastwood, you can create a hypothesis that checks for the existence of such actors in the movies. Here's how you can structure it:

```json
{
  ""hypotheses_set"": [
    [
      {
        ""id"": ""q1"",
        ""target"": [""e_movie""],
        ""entities"": [
          { ""id"": ""e_movie"", ""type"": ""Movie"" },
          { ""id"": ""e_actor"", ""type"": ""Person"" },
          { ""id"": ""e_salary"", ""type"": ""Salary"" }
        ],
        ""relationships"": [
          { ""id"": ""r_act"", ""role"": ""actor"", ""from"": ""e_actor"", ""to"": ""e_movie"" },
          { ""id"": ""r_sal"", ""role"": ""has_salary"", ""from"": ""e_actor"", ""to"": ""e_salary"" }
        ],
        ""constraint"": {
          ""and_conditions"": [
            {
              ""or_conditions"": [
                {
                  ""left"": { ""attribute_name"": ""name"", ""of"": ""e_actor"" },
                  ""operator"": ""="",
                  ""right"": ""Meryl Streep""
                },
                {
                  ""left"": { ""attribute_name"": ""name"", ""of"": ""e_actor"" },
                  ""operator"": ""="",
                  ""right"": ""Clint Eastwood""
                }
              ]
            },
            {
              ""left"": { ""count_id"": ""r_sal"" },
              ""operator"": "">"",
              ""right"": {
                ""or_conditions"": [
                  {
                    ""left"": { ""count_id"": { ""id"": ""q2"", ""index"": 0 } },
                    ""operator"": ""+""
                  },
                  {
                    ""left"": { ""count_id"": { ""id"": ""q3"", ""index"": 0 } },
                    ""operator"": ""+""
                  }
                ]
              }
            }
          ]
        }
      },
      {
        ""id"": ""q2"",
        ""target"": [],
        ""entities"": [
          { ""id"": ""e_actor"", ""type"": ""Person"" },
          { ""id"": ""e_salary"", ""type"": ""Salary"" }
        ],
        ""relationships"": [
          { ""id"": ""r_act_sal"", ""role"": ""has_salary"", ""from"": ""e_actor"", ""to"": ""e_salary"" }
        ],
        ""constraint"": {
          ""and_conditions"": [
            {
              ""left"": { ""attribute_name"": ""name"", ""of"": ""e_actor"" },
              ""operator"": ""="",
              ""right"": ""Meryl Streep""
            },
            {
              ""left"": { ""count_id"": ""r_act_sal"" },
              ""operator"": "">"",
              ""right"": 0
            }
          ]
        }
      },
      {
        ""id"": ""q3"",
        ""target"": [],
        ""entities"": [
          { ""id"": ""e_actor"", ""type"": ""Person"" },
          { ""id"": ""e_salary"", ""type"": ""Salary"" }
        ],
        ""relationships"": [
          { ""id"": ""r_act_sal"", ""role"": ""has_salary"", ""from"": ""e_actor"", ""to"": ""e_salary"" }
        ],
        ""constraint"": {
          ""and_conditions"": [
            {
              ""left"": { ""attribute_name"": ""name"", ""of"": ""e_actor"" },
              ""operator"": ""="",
              ""right"": ""Clint Eastwood""
            },
            {
              ""left"": { ""count_id"": ""r_act_sal"" },
              ""operator"": "">"",
              ""right"": 0
            }
          ]
        }
      }
    ]
  ]
}
```

In this example, we create three queries: `q1`, `q2`, and `q3`. `q1` is the main query that checks for movies where an actor has a higher salary than both Meryl Streep and Clint Eastwood. `q2` and `q3` are auxiliary queries that count the number of salaries for each actor separately. The main query then compares the sum of these counts to the salary of the actor in question."
25,Q07,Which movies has an actor with more salary than Meryl Streep and Clint Eastwood together?,mistral:7b,False,0.15,22.136327,True,stop,4096,4.372217,729,11.929151,61.1108," To find movies where an actor has a higher salary than both Meryl Streep and Clint Eastwood, you can create a hypothesis that checks for the existence of such actors in the movies. Here's how you can structure the query:

```json
{
  ""hypotheses_set"": [
    {
      ""id"": ""q1"",
      ""target"": [""e_movie""],
      ""entities"": [
        { ""id"": ""e_movie"", ""type"": ""Movie"" },
        { ""id"": ""e_actor"", ""type"": ""Person"" },
        { ""id"": ""e_salary"", ""type"": ""Salary"" }
      ],
      ""relationships"": [
        { ""id"": ""r_act"", ""role"": ""actor"", ""from"": ""e_actor"", ""to"": ""e_movie"" },
        { ""id"": ""r_sal"", ""role"": ""has_salary"", ""from"": ""e_actor"", ""to"": ""e_salary"" }
      ],
      ""constraint"": {
        ""and_conditions"": [
          {
            ""or_conditions"": [
              {
                ""left"": { ""attribute_name"": ""name"", ""of"": ""e_actor"" },
                ""operator"": ""="",
                ""right"": ""Meryl Streep""
              },
              {
                ""left"": { ""attribute_name"": ""name"", ""of"": ""e_actor"" },
                ""operator"": ""="",
                ""right"": ""Clint Eastwood""
              }
            ]
          },
          {
            ""left"": { ""id"": ""r_sal"", ""role"": ""has_salary"", ""from"": ""e_actor"" },
            ""operator"": "">"",
            ""right"": {
              ""or_conditions"": [
                {
                  ""left"": { ""id"": ""r_sal"", ""role"": ""has_salary"", ""from"": ""e_actor"" },
                  ""operator"": ""."",
                  ""right"": { ""attribute_name"": ""salary"", ""of"": ""e_salary"" }
                },
                {
                  ""left"": { ""id"": ""r_sal2"", ""role"": ""has_salary"", ""from"": ""e_actor2"" },
                  ""operator"": ""."",
                  ""right"": { ""attribute_name"": ""salary"", ""of"": ""e_salary2"" }
                }
              ],
              ""combiner"": ""+""
            }
          }
        ]
      }
    }
  ]
}
```

In this query, we are checking for actors in movies who have a salary greater than the combined salaries of Meryl Streep and Clint Eastwood. We assume that there is a `Salary` entity with attributes like `salary`. To represent an actor's salary, we use two separate relationships (`r_sal` and `r_sal2`) to avoid complex nesting. The `combiner` property in the right side of the constraint allows us to add the salaries of multiple actors."
26,Q07,Which movies has an actor with more salary than Meryl Streep and Clint Eastwood together?,mistral:7b,False,0.15,31.134459,True,stop,4096,4.367608,1102,17.927801,61.4688," To find movies where an actor has a higher salary than both Meryl Streep and Clint Eastwood, you can create a hypothesis that checks for the existence of such actors in the movies. Here's how you can structure it:

```json
{
  ""hypotheses_set"": [
    {
      ""id"": ""q1"",
      ""target"": [""e_movie""],
      ""entities"": [
        { ""id"": ""e_movie"", ""type"": ""Movie"" },
        { ""id"": ""e_actor"", ""type"": ""Person"" },
        { ""id"": ""e_salary"", ""type"": ""Salary"" }
      ],
      ""relationships"": [
        { ""id"": ""r_act"", ""role"": ""actor"", ""from"": ""e_actor"", ""to"": ""e_movie"" },
        { ""id"": ""r_sal"", ""role"": ""has_salary"", ""from"": ""e_actor"", ""to"": ""e_salary"" }
      ],
      ""constraint"": {
        ""and_conditions"": [
          {
            ""or_conditions"": [
              {
                ""left"": { ""attribute_name"": ""name"", ""of"": ""e_actor"" },
                ""operator"": ""="",
                ""right"": ""Meryl Streep""
              },
              {
                ""left"": { ""attribute_name"": ""name"", ""of"": ""e_actor"" },
                ""operator"": ""="",
                ""right"": ""Clint Eastwood""
              }
            ]
          },
          {
            ""left"": { ""count_id"": ""r_act"" },
            ""operator"": "">"",
            ""right"": {
              ""or_conditions"": [
                {
                  ""left"": { ""count_id"": { ""id"": ""q2"", ""target"": [""e_salary""] } },
                  ""operator"": "">"",
                  ""right"": { ""attribute_name"": ""salary"", ""of"": ""e_salary"" }
                },
                {
                  ""left"": { ""count_id"": { ""id"": ""q3"", ""target"": [""e_salary""] } },
                  ""operator"": "">"",
                  ""right"": { ""attribute_name"": ""salary"", ""of"": ""e_salary"" }
                }
              ]
            }
          }
        ]
      }
    },
    {
      ""id"": ""q2"",
      ""target"": [""e_salary""],
      ""entities"": [
        { ""id"": ""e_salary"", ""type"": ""Salary"" },
        { ""id"": ""e_actor"", ""type"": ""Person"" }
      ],
      ""relationships"": [
        { ""id"": ""r_act_sal"", ""role"": ""belongs_to"", ""from"": ""e_salary"", ""to"": ""e_actor"" }
      ],
      ""constraint"": {
        ""and_conditions"": [
          {
            ""left"": { ""attribute_name"": ""name"", ""of"": ""e_actor"" },
            ""operator"": ""="",
            ""right"": ""Meryl Streep""
          },
          { ""id"": ""r_act_sal"" }
        ]
      }
    },
    {
      ""id"": ""q3"",
      ""target"": [""e_salary""],
      ""entities"": [
        { ""id"": ""e_salary"", ""type"": ""Salary"" },
        { ""id"": ""e_actor"", ""type"": ""Person"" }
      ],
      ""relationships"": [
        { ""id"": ""r_act_sal"", ""role"": ""belongs_to"", ""from"": ""e_salary"", ""to"": ""e_actor"" }
      ],
      ""constraint"": {
        ""and_conditions"": [
          {
            ""left"": { ""attribute_name"": ""name"", ""of"": ""e_actor"" },
            ""operator"": ""="",
            ""right"": ""Clint Eastwood""
          },
          { ""id"": ""r_act_sal"" }
        ]
      }
    }
  ]
}
```

This hypothesis consists of three queries: `q1`, `q2`, and `q3`. `q1` checks for movies where an actor has a higher salary than both Meryl Streep and Clint Eastwood. `q2` and `q3` are auxiliary queries that find the salaries of Meryl Streep and Clint Eastwood, respectively. The main query (`q1`) uses these auxiliary queries to compare the salaries."
27,Q07,Which movies has an actor with more salary than Meryl Streep and Clint Eastwood together?,mistral:7b,False,0.15,18.771813,True,stop,4096,4.37512,590,9.646735,61.1606," To answer your question, I would need to have data about salaries for each movie's cast. However, based on the provided grammar, here is a hypothetical example of how the query could be formulated:

```json
{
  ""hypotheses_set"": [
    [
      {
        ""id"": ""q1"",
        ""target"": [""e_movie""],
        ""entities"": [
          { ""id"": ""e_movie"", ""type"": ""Movie"" },
          { ""id"": ""e_actor"", ""type"": ""Person"" },
          { ""id"": ""e_salary"", ""type"": ""Salary"" }
        ],
        ""relationships"": [
          { ""id"": ""r_act"", ""role"": ""actor"", ""from"": ""e_actor"", ""to"": ""e_movie"" },
          { ""id"": ""r_sal"", ""role"": ""has_salary"", ""from"": ""e_actor"", ""to"": ""e_salary"" }
        ],
        ""constraint"": {
          ""and_conditions"": [
            {
              ""or_conditions"": [
                {
                  ""left"": { ""attribute_name"": ""name"", ""of"": ""e_actor"" },
                  ""operator"": ""="",
                  ""right"": ""Meryl Streep""
                },
                {
                  ""left"": { ""attribute_name"": ""name"", ""of"": ""e_actor"" },
                  ""operator"": ""="",
                  ""right"": ""Clint Eastwood""
                }
              ]
            },
            {
              ""left"": { ""count_id"": ""r_sal"" },
              ""operator"": "">"",
              ""right"": {
                ""or_conditions"": [
                  { ""count_id"": ""{r_sal}_Streep"" },
                  { ""count_id"": ""{r_sal}_Eastwood"" }
                ]
              }
            }
          ]
        }
      }
    ]
  ]
}
```

In this example, I've assumed that each actor has a unique salary record associated with them. The `{r_sal}_Streep` and `{r_sal}_Eastwood` are placeholders for the respective salary counts for Meryl Streep and Clint Eastwood. This query would return movies where at least one of the actors (either Meryl Streep or Clint Eastwood) has a higher total salary than both combined."
28,Q07,Which movies has an actor with more salary than Meryl Streep and Clint Eastwood together?,mistral:7b,False,0.15,37.165347,False,stop,4096,4.373138,1352,22.091162,61.2009," To find movies where an actor has a higher salary than both Meryl Streep and Clint Eastwood, we can create a hypothesis that includes two queries: one for actors with a higher salary than Meryl Streep and another for actors with a higher salary than Clint Eastwood. Then, we intersect the results of these two queries to find the common movies. Here's how you can structure the JSON output:

```json
{
  ""hypotheses_set"": [
    [
      {
        ""id"": ""q1"",
        ""target"": [""e_movie""],
        ""entities"": [
          { ""id"": ""e_movie"", ""type"": ""Movie"" },
          { ""id"": ""e_actor"", ""type"": ""Person"" },
          { ""id"": ""e_salary"", ""type"": ""Salary"" }
        ],
        ""relationships"": [
          { ""id"": ""r_act"", ""role"": ""actor"", ""from"": ""e_actor"", ""to"": ""e_movie"" },
          { ""id"": ""r_sal"", ""role"": ""has_salary"", ""from"": ""e_actor"", ""to"": ""e_salary"" }
        ],
        ""constraint"": {
          ""and_conditions"": [
            {
              ""left"": { ""attribute_name"": ""name"", ""of"": ""e_actor"" },
              ""operator"": ""!="",
              ""right"": ""Meryl Streep""
            },
            {
              ""left"": { ""attribute_name"": ""name"", ""of"": ""e_actor"" },
              ""operator"": ""!="",
              ""right"": ""Clint Eastwood""
            },
            {
              ""left"": { ""count_id"": ""r_act"" },
              ""operator"": "">="",
              ""right"": 2,
              ""and_conditions"": [
                {
                  ""or_conditions"": [
                    {
                      ""left"": { ""attribute_name"": ""name"", ""of"": ""e_actor"" },
                      ""operator"": ""="",
                      ""right"": ""Meryl Streep""
                    },
                    {
                      ""left"": { ""id"": ""q2"" },
                      ""operator"": ""result""
                    }
                  ]
                },
                {
                  ""or_conditions"": [
                    {
                      ""left"": { ""attribute_name"": ""name"", ""of"": ""e_actor"" },
                      ""operator"": ""="",
                      ""right"": ""Clint Eastwood""
                    },
                    {
                      ""left"": { ""id"": ""q3"" },
                      ""operator"": ""result""
                    }
                  ]
                },
                {
                  ""left"": { ""attribute_name"": ""salary"", ""of"": ""e_salary"" },
                  ""operator"": "">"",
                  ""right"": {
                    ""id"": ""q2_max"",
                    ""type"": ""Salary""
                  }
                }
              ]
            }
          ]
        }
      }
    ],
    [
      {
        ""id"": ""q2"",
        ""target"": [""e_salary""],
        ""entities"": [{ ""id"": ""e_salary"", ""type"": ""Salary"" }],
        ""constraint"": {
          ""and_conditions"": [
            {
              ""left"": { ""attribute_name"": ""name"", ""of"": ""e_actor"" },
              ""operator"": ""="",
              ""right"": ""Meryl Streep""
            },
            {
              ""id"": ""r_sal"",
              ""operator"": ""result""
            }
          ]
        }
      },
      {
        ""id"": ""q3"",
        ""target"": [""e_salary""],
        ""entities"": [{ ""id"": ""e_salary"", ""type"": ""Salary"" }],
        ""constraint"": {
          ""and_conditions"": [
            {
              ""left"": { ""attribute_name"": ""name"", ""of"": ""e_actor"" },
              ""operator"": ""="",
              ""right"": ""Clint Eastwood""
            },
            {
              ""id"": ""r_sal"",
              ""operator"": ""result""
            }
          ]
        }
      ],
    ],
    [
      {
        ""id"": ""q2_max"",
        ""target"": [""e_salary""],
        ""entities"": [{ ""id"": ""e_salary"", ""type"": ""Salary"" }],
        ""constraint"": {
          ""and_conditions"": [
            {
              ""id"": ""q2"",
              ""operator"": ""result""
            },
            {
              ""or_conditions"": [
                {
                  ""left"": { ""id"": ""q2_max"" },
                  ""operator"": ""result""
                },
                {
                  ""left"": { ""attribute_name"": ""salary"", ""of"": ""e_salary"" },
                  ""operator"": "">"",
                  ""right"": { ""id"": ""q2_max"", ""type"": ""Salary"" }
                }
              ]
            }
          ]
        }
      ]
    ]
  ]
}
```

In this example, `q2` and `q3` are subqueries that find the salaries of Meryl Streep and Clint Eastwood, respectively. The last query, `q2_max`, finds the maximum salary between these two actors. Then, the main query checks if there's an actor in a movie with a higher salary than both Meryl Streep and Clint Eastwood combined."
29,Q07,Which movies has an actor with more salary than Meryl Streep and Clint Eastwood together?,mistral:7b,False,0.15,31.753594,True,stop,4096,4.364561,1128,18.400785,61.3017," To find movies where an actor has a higher salary than both Meryl Streep and Clint Eastwood, you can create a hypothesis that checks for the existence of such actors in the movies. Here's how you can structure it:

```json
{
  ""hypotheses_set"": [
    [
      {
        ""id"": ""q1"",
        ""target"": [""e_movie""],
        ""entities"": [
          { ""id"": ""e_movie"", ""type"": ""Movie"" },
          { ""id"": ""e_actor"", ""type"": ""Person"" },
          { ""id"": ""e_salary"", ""type"": ""Salary"" }
        ],
        ""relationships"": [
          { ""id"": ""r_act"", ""role"": ""actor"", ""from"": ""e_actor"", ""to"": ""e_movie"" },
          { ""id"": ""r_sal"", ""role"": ""has_salary"", ""from"": ""e_actor"", ""to"": ""e_salary"" }
        ],
        ""constraint"": {
          ""and_conditions"": [
            {
              ""or_conditions"": [
                {
                  ""left"": { ""attribute_name"": ""name"", ""of"": ""e_actor"" },
                  ""operator"": ""="",
                  ""right"": ""Meryl Streep""
                },
                {
                  ""left"": { ""attribute_name"": ""name"", ""of"": ""e_actor"" },
                  ""operator"": ""="",
                  ""right"": ""Clint Eastwood""
                }
              ]
            },
            {
              ""left"": { ""count_id"": ""r_act"" },
              ""operator"": "">"",
              ""right"": {
                ""or_conditions"": [
                  {
                    ""left"": { ""count_id"": { ""id"": ""q2"", ""index"": 0 } },
                    ""operator"": ""+""
                  },
                  {
                    ""left"": { ""count_id"": { ""id"": ""q3"", ""index"": 0 } },
                    ""operator"": ""+""
                  }
                ]
              }
            }
          ]
        }
      },
      {
        ""id"": ""q2"",
        ""target"": [],
        ""entities"": [
          { ""id"": ""e_actor"", ""type"": ""Person"" },
          { ""id"": ""e_salary"", ""type"": ""Salary"" }
        ],
        ""relationships"": [
          { ""id"": ""r_act_sal"", ""role"": ""has_salary"", ""from"": ""e_actor"", ""to"": ""e_salary"" }
        ],
        ""constraint"": {
          ""and_conditions"": [
            {
              ""left"": { ""attribute_name"": ""name"", ""of"": ""e_actor"" },
              ""operator"": ""="",
              ""right"": ""Meryl Streep""
            },
            {
              ""left"": { ""count_id"": ""r_act_sal"" },
              ""operator"": "">"",
              ""right"": 0
            }
          ]
        }
      },
      {
        ""id"": ""q3"",
        ""target"": [],
        ""entities"": [
          { ""id"": ""e_actor"", ""type"": ""Person"" },
          { ""id"": ""e_salary"", ""type"": ""Salary"" }
        ],
        ""relationships"": [
          { ""id"": ""r_act_sal"", ""role"": ""has_salary"", ""from"": ""e_actor"", ""to"": ""e_salary"" }
        ],
        ""constraint"": {
          ""and_conditions"": [
            {
              ""left"": { ""attribute_name"": ""name"", ""of"": ""e_actor"" },
              ""operator"": ""="",
              ""right"": ""Clint Eastwood""
            },
            {
              ""left"": { ""count_id"": ""r_act_sal"" },
              ""operator"": "">"",
              ""right"": 0
            }
          ]
        }
      }
    ]
  ]
}
```

In this example, we create three queries: `q1`, `q2`, and `q3`. Query `q1` is the main query that finds movies where an actor has a higher salary than both Meryl Streep and Clint Eastwood. Queries `q2` and `q3` are subqueries that find actors with salaries for Meryl Streep and Clint Eastwood, respectively. The count of these subquery results is then compared to the count of actors in the main query to determine if there are any actors with higher salaries than both Meryl Streep and Clint Eastwood."
30,Q07,Which movies has an actor with more salary than Meryl Streep and Clint Eastwood together?,mistral:7b,False,0.15,23.801461,True,stop,4096,4.376619,798,13.21504,60.3857," To find movies where an actor has a higher salary than both Meryl Streep and Clint Eastwood, we can create a hypothesis that first identifies the actors with their respective salaries, then compares them to Meryl Streep's and Clint Eastwood's salaries. Here is the JSON output for this query:

```json
{
  ""hypotheses_set"": [
    [
      {
        ""id"": ""q1"",
        ""target"": [""e_movie""],
        ""entities"": [
          { ""id"": ""e_movie"", ""type"": ""Movie"" },
          { ""id"": ""e_actor"", ""type"": ""Person"" },
          { ""id"": ""e_salary"", ""type"": ""Salary"" }
        ],
        ""relationships"": [
          { ""id"": ""r_act"", ""role"": ""actor"", ""from"": ""e_actor"", ""to"": ""e_movie"" },
          { ""id"": ""r_sal"", ""role"": ""has_salary"", ""from"": ""e_actor"", ""to"": ""e_salary"" }
        ],
        ""constraint"": {
          ""and_conditions"": [
            {
              ""or_conditions"": [
                {
                  ""left"": { ""attribute_name"": ""name"", ""of"": ""e_actor"" },
                  ""operator"": ""!="",
                  ""right"": ""Meryl Streep""
                },
                {
                  ""left"": { ""attribute_name"": ""name"", ""of"": ""e_actor"" },
                  ""operator"": ""!="",
                  ""right"": ""Clint Eastwood""
                }
              ]
            },
            {
              ""and_conditions"": [
                {
                  ""left"": { ""attribute_name"": ""name"", ""of"": ""e_actor"" },
                  ""operator"": ""!="",
                  ""right"": ""Meryl Streep""
                },
                {
                  ""left"": { ""attribute_name"": ""name"", ""of"": ""e_actor"" },
                  ""operator"": ""!="",
                  ""right"": ""Clint Eastwood""
                },
                {
                  ""or_conditions"": [
                    {
                      ""left"": { ""attribute_name"": ""salary"", ""of"": ""e_salary"" },
                      ""operator"": "">"",
                      ""right"": { ""count_id"": [""r_sal_streep"", ""r_sal_eastwood""] }
                    },
                    {
                      ""left"": { ""attribute_name"": ""salary"", ""of"": ""e_salary"" },
                      ""operator"": "">"",
                      ""right"": { ""count_id"": [""r_sal_eastwood"", ""r_sal_streep""] }
                    }
                  ]
                }
              ]
            }
          ]
        }
      }
    ]
  ]
}
```

This hypothesis first identifies all actors in the movies, excluding Meryl Streep and Clint Eastwood. Then it compares their salaries with the combined salary of both Meryl Streep and Clint Eastwood. The `or_conditions` ensures that the actor's salary is greater than either the combined salary of Meryl Streep and Clint Eastwood or vice versa."
