Run,Query ID,Query,Model,Thinking,Temperature,Inference Time (s),Valid JSON,Done Reason,Prompt Eval Count,Prompt Eval Duration (s),Eval Count,Eval Duration (s),Generation Throughput (tokens/s),Response
1,Q12,Give me the actors of The Matrix along with the three actors who have acted the most in any movie with them,mistral:7b,False,0.15,27.864426,True,stop,4096,4.391955,967,15.600542,61.985," ```json
[
  {
    ""id"": ""q1"",
    ""target"": [""e_actor"", ""e_matrix_actor""],
    ""entities"": [
      { ""id"": ""e_actor"", ""type"": ""Person"" },
      { ""id"": ""e_matrix"", ""type"": ""Movie"" },
      { ""id"": ""e_matrix_actor"", ""type"": ""ActorInMovie"" }
    ],
    ""relationships"": [
      { ""id"": ""r_act_in_movie"", ""role"": ""acts_in"", ""from"": ""e_actor"", ""to"": ""e_matrix_actor"" },
      { ""id"": ""r_matrix_actor"", ""role"": ""is_part_of"", ""from"": ""e_matrix_actor"", ""to"": ""e_matrix"" }
    ],
    ""projection"": [
      { ""attribute_name"": ""name"", ""of"": ""e_actor"" },
      { ""attribute_name"": ""name"", ""of"": ""e_matrix_actor"" }
    ]
  },
  {
    ""id"": ""q2"",
    ""target"": [""e_actor1"", ""e_actor2"", ""e_actor3""],
    ""entities"": [
      { ""id"": ""e_actor1"", ""type"": ""Person"" },
      { ""id"": ""e_actor2"", ""type"": ""Person"" },
      { ""id"": ""e_actor3"", ""type"": ""Person"" }
    ],
    ""relationships"": [],
    ""constraint"": {
      ""and_conditions"": [
        {
          ""left"": { ""attribute_name"": ""name"", ""of"": ""e_actor1"" },
          ""or_conditions"": [
            { ""left"": { ""attribute_name"": ""name"", ""of"": ""e_matrix_actor"" }, ""id"": ""r_act_in_movie_1"" },
            { ""left"": { ""attribute_name"": ""name"", ""of"": ""e_matrix_actor"" }, ""id"": ""r_act_in_movie_2"" }
          ]
        },
        {
          ""left"": { ""attribute_name"": ""name"", ""of"": ""e_actor2"" },
          ""or_conditions"": [
            { ""left"": { ""attribute_name"": ""name"", ""of"": ""e_matrix_actor"" }, ""id"": ""r_act_in_movie_1"" },
            { ""left"": { ""attribute_name"": ""name"", ""of"": ""e_matrix_actor"" }, ""id"": ""r_act_in_movie_3"" }
          ]
        },
        {
          ""left"": { ""attribute_name"": ""name"", ""of"": ""e_actor3"" },
          ""or_conditions"": [
            { ""left"": { ""attribute_name"": ""name"", ""of"": ""e_matrix_actor"" }, ""id"": ""r_act_in_movie_2"" },
            { ""left"": { ""attribute_name"": ""name"", ""of"": ""e_matrix_actor"" }, ""id"": ""r_act_in_movie_4"" }
          ]
        },
        {
          ""and_conditions"": [
            { ""left"": { ""count_id"": ""r_act_in_movie_1"" }, ""operator"": "">="", ""right"": 3 },
            { ""left"": { ""count_id"": ""r_act_in_movie_2"" }, ""operator"": "">="", ""right"": 2 },
            { ""left"": { ""count_id"": ""r_act_in_movie_3"" }, ""operator"": "">="", ""right"": 1 }
          ]
        }
      ]
    },
    ""projection"": [
      { ""attribute_name"": ""name"", ""of"": ""e_actor1"" },
      { ""attribute_name"": ""name"", ""of"": ""e_actor2"" },
      { ""attribute_name"": ""name"", ""of"": ""e_actor3"" }
    ]
  }
]
```"
2,Q12,Give me the actors of The Matrix along with the three actors who have acted the most in any movie with them,mistral:7b,False,0.15,20.903602,True,stop,4096,4.371341,678,11.173005,60.682," ```json
[
  {
    ""id"": ""q1"",
    ""target"": [""e_actor"", ""e_matrix_actor""],
    ""entities"": [
      { ""id"": ""e_actor"", ""type"": ""Person"" },
      { ""id"": ""e_movie"", ""type"": ""Movie"" },
      { ""id"": ""e_matrix"", ""type"": ""Movie"" },
      { ""id"": ""e_matrix_actor"", ""type"": ""Relationship"" }
    ],
    ""relationships"": [
      { ""id"": ""r_act"", ""role"": ""actor"", ""from"": ""e_actor"", ""to"": ""e_movie"" },
      { ""id"": ""r_matrix_actor"", ""role"": ""in"", ""from"": ""e_actor"", ""to"": ""e_matrix"" }
    ],
    ""constraint"": {
      ""and_conditions"": [
        { ""left"": { ""attribute_name"": ""title"", ""of"": ""e_movie"" }, ""operator"": ""="", ""right"": ""The Matrix"" },
        { ""left"": { ""id"": ""r_act"" }, ""or_conditions"": [
          { ""left"": { ""id"": ""r_matrix_actor"" } }
        ]}
      ]
    }
  },
  {
    ""id"": ""q2"",
    ""target"": [""e_actor_count""],
    ""entities"": [
      { ""id"": ""e_actor"", ""type"": ""Person"" },
      { ""id"": ""e_movie"", ""type"": ""Movie"" },
      { ""id"": ""e_actor_count"", ""type"": ""Count"" }
    ],
    ""relationships"": [
      { ""id"": ""r_act"", ""role"": ""actor"", ""from"": ""e_actor"", ""to"": ""e_movie"" }
    ],
    ""constraint"": {
      ""and_conditions"": [
        { ""left"": { ""attribute_name"": ""title"", ""of"": ""e_movie"" }, ""operator"": ""!="", ""right"": ""The Matrix"" },
        { ""left"": { ""id"": ""r_act"" }, ""or_conditions"": [
          { ""left"": { ""id"": ""q1.e_matrix_actor"" } }
        ]},
        { ""left"": { ""id"": ""r_act"" }, ""and_conditions"": [
          { ""left"": { ""id"": ""q1.e_actor"" }, ""id"": ""e_actor_count"" },
          { ""left"": { ""id"": ""q1.e_movie"" }, ""id"": ""e_movie"" }
        ]},
        { ""left"": { ""id"": ""e_actor_count"" }, ""operator"": "">="", ""right"": 3 }
      ]
    }
  }
]
```"
3,Q12,Give me the actors of The Matrix along with the three actors who have acted the most in any movie with them,mistral:7b,False,0.15,22.208876,True,stop,4096,4.381773,733,11.798786,62.125," ```json
[
  {
    ""id"": ""q1"",
    ""target"": [""e_actor"", ""e_matrix_actor""],
    ""entities"": [
      { ""id"": ""e_actor"", ""type"": ""Person"" },
      { ""id"": ""e_matrix"", ""type"": ""Movie"" },
      { ""id"": ""e_matrix_actor"", ""type"": ""ActorInMovie"" }
    ],
    ""relationships"": [
      { ""id"": ""r_act"", ""role"": ""actor"", ""from"": ""e_actor"", ""to"": ""e_matrix"" },
      { ""id"": ""r_matrix_actor"", ""role"": ""actorInMovie"", ""from"": ""e_actor"", ""to"": ""e_matrix_actor"" }
    ],
    ""constraint"": {
      ""and_conditions"": [
        { ""left"": { ""attribute_name"": ""movieName"", ""of"": ""e_matrix"" }, ""operator"": ""="", ""right"": ""The Matrix"" },
        { ""left"": { ""id"": ""r_act"" }, ""operator"": ""!="", ""right"": null }
      ]
    },
    ""projection"": [
      { ""attribute_name"": ""name"", ""of"": ""e_actor"" },
      { ""attribute_name"": ""name"", ""of"": ""e_matrix_actor"" }
    ],
    ""sorting"": [
      { ""attribute_name"": ""count"", ""of"": ""e_actor"" }
    ]
  },
  {
    ""id"": ""q2"",
    ""target"": [""e_actor""],
    ""entities"": [
      { ""id"": ""e_actor"", ""type"": ""Person"" },
      { ""id"": ""e_matrix"", ""type"": ""Movie"" },
      { ""id"": ""e_matrix_actor"", ""type"": ""ActorInMovie"" }
    ],
    ""relationships"": [
      { ""id"": ""r_act"", ""role"": ""actor"", ""from"": ""e_actor"", ""to"": ""e_matrix"" },
      { ""id"": ""r_matrix_actor"", ""role"": ""actorInMovie"", ""from"": ""e_actor"", ""to"": ""e_matrix_actor"" }
    ],
    ""constraint"": {
      ""and_conditions"": [
        { ""left"": { ""attribute_name"": ""movieName"", ""of"": ""e_matrix"" }, ""operator"": ""="", ""right"": ""The Matrix"" },
        { ""left"": { ""id"": ""r_act"" }, ""operator"": ""!="", ""right"": null }
      ]
    },
    ""projection"": [
      { ""attribute_name"": ""name"", ""of"": ""e_actor"" },
      { ""attribute_name"": ""count"", ""of"": ""e_actor"" }
    ],
    ""sorting"": [
      { ""attribute_name"": ""count"", ""of"": ""e_actor"" },
      { ""attribute_name"": ""name"", ""of"": ""e_actor"" }
    ]
  }
]
```"
4,Q12,Give me the actors of The Matrix along with the three actors who have acted the most in any movie with them,mistral:7b,False,0.15,28.821742,True,stop,4096,4.380527,1005,16.500749,60.9063," ```json
[
  {
    ""id"": ""q1"",
    ""target"": [""e_actor"", ""e_matrix_actor""],
    ""entities"": [
      { ""id"": ""e_actor"", ""type"": ""Person"" },
      { ""id"": ""e_matrix"", ""type"": ""Movie"" },
      { ""id"": ""e_matrix_actor"", ""type"": ""ActorInMovie"" }
    ],
    ""relationships"": [
      { ""id"": ""r_act"", ""role"": ""actor"", ""from"": ""e_actor"", ""to"": ""e_matrix"" },
      { ""id"": ""r_matrix_actor"", ""role"": ""actorInMovie"", ""from"": ""e_actor"", ""to"": ""e_matrix_actor"" }
    ],
    ""constraint"": {
      ""and_conditions"": [
        { ""left"": { ""attribute_name"": ""movieName"", ""of"": ""e_matrix"" }, ""operator"": ""="", ""right"": ""The Matrix"" },
        { ""left"": ""r_act"", ""operator"": ""!="", ""right"": null }
      ]
    },
    ""projection"": [
      { ""attribute_name"": ""name"", ""of"": ""e_actor"" },
      { ""attribute_name"": ""name"", ""of"": ""e_matrix_actor"" }
    ],
    ""sorting"": [
      { ""attribute_name"": ""numOfActingRoles"", ""ascending"": false, ""of"": ""e_actor"" }
    ]
  },
  {
    ""id"": ""q2"",
    ""target"": [""e_actor""],
    ""entities"": [
      { ""id"": ""e_actor"", ""type"": ""Person"" },
      { ""id"": ""e_matrix"", ""type"": ""Movie"" },
      { ""id"": ""e_matrix_actor"", ""type"": ""ActorInMovie"" }
    ],
    ""relationships"": [
      { ""id"": ""r_act"", ""role"": ""actor"", ""from"": ""e_actor"", ""to"": ""e_matrix"" },
      { ""id"": ""r_matrix_actor"", ""role"": ""actorInMovie"", ""from"": ""e_actor"", ""to"": ""e_matrix_actor"" }
    ],
    ""constraint"": {
      ""and_conditions"": [
        { ""left"": ""r_act"", ""operator"": ""!="", ""right"": null },
        {
          ""or_conditions"": [
            { ""left"": { ""attribute_name"": ""movieName"", ""of"": ""e_matrix"" }, ""operator"": ""="", ""right"": ""The Matrix"" },
            {
              ""and_conditions"": [
                { ""left"": ""r_act"", ""operator"": ""!="", ""right"": null },
                {
                  ""left"": { ""attribute_name"": ""movieName"", ""of"": ""e_matrix"" },
                  ""operator"": ""!="",
                  ""right"": ""The Matrix""
                }
              ]
            }
          ]
        },
        {
          ""and_conditions"": [
            { ""left"": ""r_act"", ""operator"": ""!="", ""right"": null },
            {
              ""left"": { ""attribute_name"": ""movieName"", ""of"": ""e_matrix"" },
              ""operator"": ""="",
              ""right"": ""The Matrix""
            },
            {
              ""left"": { ""id"": ""q1"", ""target"": [""e_actor""], ""constraint"": { ""all_id"": ""e_actor"", ""condition"": { ""attribute_name"": ""name"", ""of"": ""e_actor"" } } },
              ""operator"": ""!="",
              ""right"": null
            }
          ]
        }
      ]
    },
    ""projection"": [
      { ""attribute_name"": ""name"", ""of"": ""e_actor"" },
      { ""attribute_name"": ""numOfActingRoles"", ""of"": ""e_actor"" }
    ],
    ""sorting"": [
      { ""attribute_name"": ""numOfActingRoles"", ""ascending"": false, ""of"": ""e_actor"" }
    ]
  }
]
```"
5,Q12,Give me the actors of The Matrix along with the three actors who have acted the most in any movie with them,mistral:7b,False,0.15,27.728234,True,stop,4096,4.379693,960,15.78361,60.8226," ```json
[
  {
    ""id"": ""q1"",
    ""target"": [""e_actor"", ""e_matrix_actor""],
    ""entities"": [
      { ""id"": ""e_actor"", ""type"": ""Person"" },
      { ""id"": ""e_matrix"", ""type"": ""Movie"" },
      { ""id"": ""e_matrix_actor"", ""type"": ""ActorInMovie"" }
    ],
    ""relationships"": [
      { ""id"": ""r_act"", ""role"": ""actor"", ""from"": ""e_actor"", ""to"": ""e_matrix"" },
      { ""id"": ""r_matrix_actor"", ""role"": ""actorInMovie"", ""from"": ""e_actor"", ""to"": ""e_matrix_actor"" }
    ],
    ""constraint"": {
      ""and_conditions"": [
        { ""left"": { ""attribute_name"": ""movieName"", ""of"": ""e_matrix"" }, ""operator"": ""="", ""right"": ""The Matrix"" },
        { ""left"": ""r_act"", ""operator"": ""!="", ""right"": null }
      ]
    },
    ""projection"": [
      { ""attribute_name"": ""name"", ""of"": ""e_actor"" },
      { ""attribute_name"": ""name"", ""of"": ""e_matrix_actor"" }
    ]
  },
  {
    ""id"": ""q2"",
    ""target"": [""e_most_acted""],
    ""entities"": [
      { ""id"": ""e_actor"", ""type"": ""Person"" },
      { ""id"": ""e_movie"", ""type"": ""Movie"" },
      { ""id"": ""e_actor_movie"", ""type"": ""ActorInMovie"" }
    ],
    ""relationships"": [
      { ""id"": ""r_act"", ""role"": ""actor"", ""from"": ""e_actor"", ""to"": ""e_movie"" },
      { ""id"": ""r_actor_movie"", ""role"": ""actorInMovie"", ""from"": ""e_actor"", ""to"": ""e_movie"" }
    ],
    ""constraint"": {
      ""and_conditions"": [
        {
          ""left"": { ""attribute_name"": ""name"", ""of"": ""e_actor"" },
          ""operator"": ""!="",
          ""right"": null
        },
        {
          ""or_conditions"": [
            {
              ""left"": { ""attribute_name"": ""name"", ""of"": ""e_actor"" },
              ""operator"": ""IN"",
              ""right"": [
                { ""id"": ""r_act"", ""role"": ""actor"", ""from"": ""e_actor"", ""to"": ""e_matrix"" }
              ]
            },
            {
              ""left"": { ""attribute_name"": ""name"", ""of"": ""e_actor"" },
              ""operator"": ""IN"",
              ""right"": [
                { ""id"": ""r_act"", ""role"": ""actor"", ""from"": ""e_actor"", ""to"": ""e_neo"" }
              ]
            },
            {
              ""left"": { ""attribute_name"": ""name"", ""of"": ""e_actor"" },
              ""operator"": ""IN"",
              ""right"": [
                { ""id"": ""r_act"", ""role"": ""actor"", ""from"": ""e_actor"", ""to"": ""e_trinity"" }
              ]
            }
          ]
        },
        {
          ""left"": { ""attribute_name"": ""count"", ""of"": ""e_actor_movie"" },
          ""operator"": "">="",
          ""right"": 3
        }
      ]
    },
    ""projection"": [
      { ""attribute_name"": ""name"", ""of"": ""e_actor"" },
      { ""id"": ""r_actor_movie"", ""role"": ""actorInMovie"", ""from"": ""e_actor"", ""to"": ""e_movie"" }
    ]
  }
]
```"
6,Q12,Give me the actors of The Matrix along with the three actors who have acted the most in any movie with them,mistral:7b,False,0.15,24.914513,True,stop,4096,4.372902,844,13.850079,60.9383," ```json
[
  {
    ""id"": ""q1"",
    ""target"": [""e_actor"", ""e_matrix_actor""],
    ""entities"": [
      { ""id"": ""e_actor"", ""type"": ""Person"" },
      { ""id"": ""e_matrix"", ""type"": ""Movie"" },
      { ""id"": ""e_matrix_actor"", ""type"": ""ActorInMovie"" }
    ],
    ""relationships"": [
      { ""id"": ""r_act"", ""role"": ""actor"", ""from"": ""e_actor"", ""to"": ""e_matrix"" },
      { ""id"": ""r_matrix_actor"", ""role"": ""actorInMovie"", ""from"": ""e_actor"", ""to"": ""e_matrix_actor"" }
    ],
    ""constraint"": {
      ""and_conditions"": [
        { ""left"": { ""attribute_name"": ""movieName"", ""of"": ""e_matrix"" }, ""operator"": ""="", ""right"": ""The Matrix"" },
        { ""left"": ""r_act"", ""operator"": ""!="", ""right"": null }
      ]
    },
    ""projection"": [
      { ""attribute_name"": ""name"", ""of"": ""e_actor"" },
      { ""attribute_name"": ""name"", ""of"": ""e_matrix_actor"" }
    ]
  },
  {
    ""id"": ""q2"",
    ""target"": [""e_actor_count""],
    ""entities"": [
      { ""id"": ""e_actor"", ""type"": ""Person"" },
      { ""id"": ""e_movie"", ""type"": ""Movie"" },
      { ""id"": ""e_actor_in_movie"", ""type"": ""ActorInMovie"" }
    ],
    ""relationships"": [
      { ""id"": ""r_act"", ""role"": ""actor"", ""from"": ""e_actor"", ""to"": ""e_movie"" },
      { ""id"": ""r_actor_in_movie"", ""role"": ""actorInMovie"", ""from"": ""e_actor"", ""to"": ""e_actor_in_movie"" }
    ],
    ""constraint"": {
      ""and_conditions"": [
        { ""left"": ""r_act"", ""operator"": ""!="", ""right"": null },
        { ""left"": ""r_actor_in_movie"", ""operator"": ""!="", ""right"": null }
      ]
    },
    ""projection"": [
      { ""attribute_name"": ""name"", ""of"": ""e_actor"" },
      {
        ""attribute_name"": ""count"",
        ""of"": {
          ""id"": ""e_actor_count"",
          ""type"": ""ActorCount"",
          ""relationships"": [
            { ""id"": ""r_actor_count"", ""role"": ""actor"", ""from"": ""e_actor"", ""to"": ""e_actor_count"" },
            { ""id"": ""r_movie_count"", ""role"": ""movie"", ""from"": ""e_movie"", ""to"": ""e_actor_count"" },
            { ""id"": ""r_actor_in_movie_count"", ""role"": ""actorInMovie"", ""from"": ""e_actor_in_movie"", ""to"": ""e_actor_count"" }
          ]
        }
      }
    ],
    ""sort"": [
      { ""attribute_name"": ""count"", ""direction"": ""desc"" }
    ],
    ""limit"": 3
  }
]
```"
7,Q12,Give me the actors of The Matrix along with the three actors who have acted the most in any movie with them,mistral:7b,False,0.15,66.461998,True,stop,4096,4.365919,2561,41.92806,61.0808," ```json
[
  {
    ""id"": ""q1"",
    ""target"": [""e_actor"", ""e_matrix_actor""],
    ""entities"": [
      { ""id"": ""e_actor"", ""type"": ""Person"" },
      { ""id"": ""e_matrix"", ""type"": ""Movie"" },
      { ""id"": ""e_matrix_actor"", ""type"": ""ActorInMovie"" }
    ],
    ""relationships"": [
      { ""id"": ""r_act"", ""role"": ""actor"", ""from"": ""e_actor"", ""to"": ""e_matrix"" },
      { ""id"": ""r_matrix_actor"", ""role"": ""actorInMovie"", ""from"": ""e_actor"", ""to"": ""e_matrix_actor"" }
    ],
    ""constraint"": {
      ""and_conditions"": [
        { ""left"": { ""attribute_name"": ""movieName"", ""of"": ""e_matrix"" }, ""operator"": ""="", ""right"": ""The Matrix"" },
        { ""left"": { ""id"": ""r_act"" }, ""operator"": ""EXISTS"" }
      ]
    }
  },
  {
    ""id"": ""q2"",
    ""target"": [""e_actor_count""],
    ""entities"": [
      { ""id"": ""e_actor"", ""type"": ""Person"" },
      { ""id"": ""e_movie"", ""type"": ""Movie"" },
      { ""id"": ""e_actor_in_movie"", ""type"": ""ActorInMovie"" },
      { ""id"": ""e_actor_count"", ""type"": ""Count"" }
    ],
    ""relationships"": [
      { ""id"": ""r_act"", ""role"": ""actor"", ""from"": ""e_actor"", ""to"": ""e_movie"" },
      { ""id"": ""r_actor_in_movie"", ""role"": ""actorInMovie"", ""from"": ""e_actor"", ""to"": ""e_actor_in_movie"" },
      { ""id"": ""r_actor_in_movie_movie"", ""role"": ""movie"", ""from"": ""e_movie"", ""to"": ""e_actor_in_movie"" }
    ],
    ""constraint"": {
      ""and_conditions"": [
        {
          ""left"": { ""id"": ""r_act"" },
          ""operator"": ""EXISTS"",
          ""right"": null,
          ""subquery"": {
            ""id"": ""q3"",
            ""target"": [""e_actor""],
            ""entities"": [
              { ""id"": ""e_actor"", ""type"": ""Person"" },
              { ""id"": ""e_matrix"", ""type"": ""Movie"" },
              { ""id"": ""e_matrix_actor"", ""type"": ""ActorInMovie"" }
            ],
            ""relationships"": [
              { ""id"": ""r_act"", ""role"": ""actor"", ""from"": ""e_actor"", ""to"": ""e_matrix"" },
              { ""id"": ""r_matrix_actor"", ""role"": ""actorInMovie"", ""from"": ""e_actor"", ""to"": ""e_matrix_actor"" }
            ],
            ""constraint"": {
              ""and_conditions"": [
                { ""left"": { ""attribute_name"": ""movieName"", ""of"": ""e_matrix"" }, ""operator"": ""="", ""right"": ""The Matrix"" },
                { ""left"": { ""id"": ""r_act"" }, ""operator"": ""EXISTS"" }
              ]
            }
          }
        },
        {
          ""left"": { ""id"": ""q3"", ""target"": ""e_actor"" },
          ""operator"": ""NOT EXISTS"",
          ""right"": null,
          ""subquery"": {
            ""id"": ""q4"",
            ""target"": [""e_actor""],
            ""entities"": [
              { ""id"": ""e_actor"", ""type"": ""Person"" },
              { ""id"": ""e_movie"", ""type"": ""Movie"" },
              { ""id"": ""e_actor_in_movie"", ""type"": ""ActorInMovie"" }
            ],
            ""relationships"": [
              { ""id"": ""r_act"", ""role"": ""actor"", ""from"": ""e_actor"", ""to"": ""e_movie"" },
              { ""id"": ""r_actor_in_movie"", ""role"": ""actorInMovie"", ""from"": ""e_actor"", ""to"": ""e_actor_in_movie"" },
              { ""id"": ""r_actor_in_movie_movie"", ""role"": ""movie"", ""from"": ""e_movie"", ""to"": ""e_actor_in_movie"" }
            ],
            ""constraint"": {
              ""and_conditions"": [
                {
                  ""left"": { ""id"": ""r_act"" },
                  ""operator"": ""EXISTS"",
                  ""right"": null,
                  ""subquery"": {
                    ""id"": ""q3"",
                    ""target"": [""e_actor""],
                    ""entities"": [
                      { ""id"": ""e_actor"", ""type"": ""Person"" },
                      { ""id"": ""e_matrix"", ""type"": ""Movie"" },
                      { ""id"": ""e_matrix_actor"", ""type"": ""ActorInMovie"" }
                    ],
                    ""relationships"": [
                      { ""id"": ""r_act"", ""role"": ""actor"", ""from"": ""e_actor"", ""to"": ""e_matrix"" },
                      { ""id"": ""r_matrix_actor"", ""role"": ""actorInMovie"", ""from"": ""e_actor"", ""to"": ""e_matrix_actor"" }
                    ],
                    ""constraint"": {
                      ""and_conditions"": [
                        { ""left"": { ""attribute_name"": ""movieName"", ""of"": ""e_matrix"" }, ""operator"": ""="", ""right"": ""The Matrix"" },
                        { ""left"": { ""id"": ""r_act"" }, ""operator"": ""EXISTS"" }
                      ]
                    }
                  }
                }
              ]
            }
          }
        }
      ]
    },
    ""subquery"": {
      ""id"": ""q5"",
      ""target"": [""e_actor_count""],
      ""entities"": [
        { ""id"": ""e_actor"", ""type"": ""Person"" },
        { ""id"": ""e_movie"", ""type"": ""Movie"" },
        { ""id"": ""e_actor_in_movie"", ""type"": ""ActorInMovie"" },
        { ""id"": ""e_actor_count"", ""type"": ""Count"" }
      ],
      ""relationships"": [
        { ""id"": ""r_act"", ""role"": ""actor"", ""from"": ""e_actor"", ""to"": ""e_movie"" },
        { ""id"": ""r_actor_in_movie"", ""role"": ""actorInMovie"", ""from"": ""e_actor"", ""to"": ""e_actor_in_movie"" },
        { ""id"": ""r_actor_in_movie_movie"", ""role"": ""movie"", ""from"": ""e_movie"", ""to"": ""e_actor_in_movie"" }
      ],
      ""constraint"": {
        ""and_conditions"": [
          {
            ""left"": { ""id"": ""q4"", ""target"": ""e_actor"" },
            ""operator"": ""EXISTS"",
            ""right"": null,
            ""subquery"": {
              ""id"": ""q6"",
              ""target"": [""e_actor""],
              ""entities"": [
                { ""id"": ""e_actor"", ""type"": ""Person"" },
                { ""id"": ""e_movie"", ""type"": ""Movie"" },
                { ""id"": ""e_actor_in_movie"", ""type"": ""ActorInMovie"" }
              ],
              ""relationships"": [
                { ""id"": ""r_act"", ""role"": ""actor"", ""from"": ""e_actor"", ""to"": ""e_movie"" },
                { ""id"": ""r_actor_in_movie"", ""role"": ""actorInMovie"", ""from"": ""e_actor"", ""to"": ""e_actor_in_movie"" },
                { ""id"": ""r_actor_in_movie_movie"", ""role"": ""movie"", ""from"": ""e_movie"", ""to"": ""e_actor_in_movie"" }
              ],
              ""constraint"": {
                ""and_conditions"": [
                  {
                    ""left"": { ""id"": ""q4"", ""target"": ""e_actor"" },
                    ""operator"": ""EXISTS"",
                    ""right"": null,
                    ""subquery"": {
                      ""id"": ""q3"",
                      ""target"": [""e_actor""],
                      ""entities"": [
                        { ""id"": ""e_actor"", ""type"": ""Person"" },
                        { ""id"": ""e_matrix"", ""type"": ""Movie"" },
                        { ""id"": ""e_matrix_actor"", ""type"": ""ActorInMovie"" }
                      ],
                      ""relationships"": [
                        { ""id"": ""r_act"", ""role"": ""actor"", ""from"": ""e_actor"", ""to"": ""e_matrix"" },
                        { ""id"": ""r_matrix_actor"", ""role"": ""actorInMovie"", ""from"": ""e_actor"", ""to"": ""e_matrix_actor"" }
                      ],
                      ""constraint"": {
                        ""and_conditions"": [
                          { ""left"": { ""attribute_name"": ""movieName"", ""of"": ""e_matrix"" }, ""operator"": ""="", ""right"": ""The Matrix"" },
                          { ""left"": { ""id"": ""r_act"" }, ""operator"": ""EXISTS"" }
                        ]
                      }
                    }
                  }
                ]
              }
            }
          }
        ],
        ""having"": {
          ""condition"": {
            ""left"": { ""id"": ""e_actor_count"", ""attributeName"": ""count"" },
            ""operator"": "">="",
            ""right"": 3
          }
        }
      }
    }
  }
]
```
This query finds the actors who were in The Matrix movie and then counts the number of movies each actor has been in, excluding The Matrix. Finally, it filters out the actors who have appeared in at least 3 other movies."
8,Q12,Give me the actors of The Matrix along with the three actors who have acted the most in any movie with them,mistral:7b,False,0.15,41.541144,True,stop,4096,4.378157,1532,25.011028,61.253," ```json
[
  {
    ""id"": ""q1"",
    ""target"": [""e_actor"", ""e_matrix_actor""],
    ""entities"": [
      { ""id"": ""e_actor"", ""type"": ""Person"" },
      { ""id"": ""e_matrix"", ""type"": ""Movie"" },
      { ""id"": ""e_matrix_actor"", ""type"": ""ActorInMovie"" }
    ],
    ""relationships"": [
      { ""id"": ""r_act"", ""role"": ""actor"", ""from"": ""e_actor"", ""to"": ""e_matrix"" },
      { ""id"": ""r_matrix_actor"", ""role"": ""actorInMovie"", ""from"": ""e_actor"", ""to"": ""e_matrix_actor"" }
    ],
    ""constraint"": {
      ""and_conditions"": [
        { ""left"": { ""attribute_name"": ""movieName"", ""of"": ""e_matrix"" }, ""operator"": ""="", ""right"": ""The Matrix"" },
        { ""left"": { ""id"": ""r_act"" }, ""operator"": ""EXISTS"" }
      ]
    }
  },
  {
    ""id"": ""q2"",
    ""target"": [""e_actor_count""],
    ""entities"": [
      { ""id"": ""e_actor"", ""type"": ""Person"" },
      { ""id"": ""e_movie"", ""type"": ""Movie"" },
      { ""id"": ""e_actor_in_movie"", ""type"": ""ActorInMovie"" },
      { ""id"": ""e_actor_count"", ""type"": ""Count"" }
    ],
    ""relationships"": [
      { ""id"": ""r_act"", ""role"": ""actor"", ""from"": ""e_actor"", ""to"": ""e_movie"" },
      { ""id"": ""r_actor_in_movie"", ""role"": ""actorInMovie"", ""from"": ""e_actor"", ""to"": ""e_actor_in_movie"" },
      { ""id"": ""r_movie"", ""role"": ""movie"", ""from"": ""e_movie"", ""to"": ""e_actor_in_movie"" }
    ],
    ""constraint"": {
      ""and_conditions"": [
        {
          ""left"": { ""id"": ""r_act"" },
          ""operator"": ""EXISTS"",
          ""right"": null,
          ""subquery"": {
            ""id"": ""q3"",
            ""target"": [""e_actor""],
            ""entities"": [
              { ""id"": ""e_actor"", ""type"": ""Person"" },
              { ""id"": ""e_matrix"", ""type"": ""Movie"" },
              { ""id"": ""e_matrix_actor"", ""type"": ""ActorInMovie"" }
            ],
            ""relationships"": [
              { ""id"": ""r_act"", ""role"": ""actor"", ""from"": ""e_actor"", ""to"": ""e_matrix"" },
              { ""id"": ""r_matrix_actor"", ""role"": ""actorInMovie"", ""from"": ""e_actor"", ""to"": ""e_matrix_actor"" }
            ],
            ""constraint"": {
              ""and_conditions"": [
                { ""left"": { ""attribute_name"": ""movieName"", ""of"": ""e_matrix"" }, ""operator"": ""="", ""right"": ""The Matrix"" },
                { ""left"": { ""id"": ""r_act"" }, ""operator"": ""EXISTS"" }
              ]
            }
          }
        },
        {
          ""left"": { ""id"": ""q3"", ""target"": ""e_actor"" },
          ""operator"": ""NOT"",
          ""right"": { ""id"": ""r_actor_in_movie"" },
          ""subquery"": {
            ""id"": ""q4"",
            ""target"": [""e_actor_count""],
            ""entities"": [
              { ""id"": ""e_actor"", ""type"": ""Person"" },
              { ""id"": ""e_movie"", ""type"": ""Movie"" },
              { ""id"": ""e_actor_in_movie"", ""type"": ""ActorInMovie"" },
              { ""id"": ""e_actor_count"", ""type"": ""Count"" }
            ],
            ""relationships"": [
              { ""id"": ""r_act"", ""role"": ""actor"", ""from"": ""e_actor"", ""to"": ""e_movie"" },
              { ""id"": ""r_actor_in_movie"", ""role"": ""actorInMovie"", ""from"": ""e_actor"", ""to"": ""e_actor_in_movie"" },
              { ""id"": ""r_movie"", ""role"": ""movie"", ""from"": ""e_movie"", ""to"": ""e_actor_in_movie"" }
            ],
            ""constraint"": {
              ""and_conditions"": [
                {
                  ""left"": { ""id"": ""r_act"" },
                  ""operator"": ""EXISTS"",
                  ""right"": null,
                  ""subquery"": {
                    ""id"": ""q3"",
                    ""target"": [""e_actor""],
                    ""entities"": [
                      { ""id"": ""e_actor"", ""type"": ""Person"" },
                      { ""id"": ""e_matrix"", ""type"": ""Movie"" },
                      { ""id"": ""e_matrix_actor"", ""type"": ""ActorInMovie"" }
                    ],
                    ""relationships"": [
                      { ""id"": ""r_act"", ""role"": ""actor"", ""from"": ""e_actor"", ""to"": ""e_matrix"" },
                      { ""id"": ""r_matrix_actor"", ""role"": ""actorInMovie"", ""from"": ""e_actor"", ""to"": ""e_matrix_actor"" }
                    ],
                    ""constraint"": {
                      ""and_conditions"": [
                        { ""left"": { ""attribute_name"": ""movieName"", ""of"": ""e_matrix"" }, ""operator"": ""="", ""right"": ""The Matrix"" },
                        { ""left"": { ""id"": ""r_act"" }, ""operator"": ""EXISTS"" }
                      ]
                    }
                  }
                }
              ]
            }
          }
        }
      ]
    }
  }
]
```"
9,Q12,Give me the actors of The Matrix along with the three actors who have acted the most in any movie with them,mistral:7b,False,0.15,63.388972,True,stop,4096,4.371201,2437,39.652068,61.4596," ```json
[
  {
    ""id"": ""q1"",
    ""target"": [""e_actor"", ""e_matrix_actor""],
    ""entities"": [
      { ""id"": ""e_actor"", ""type"": ""Person"" },
      { ""id"": ""e_matrix"", ""type"": ""Movie"" },
      { ""id"": ""e_matrix_actor"", ""type"": ""ActorInMovie"" }
    ],
    ""relationships"": [
      { ""id"": ""r_act"", ""role"": ""actor"", ""from"": ""e_actor"", ""to"": ""e_matrix"" },
      { ""id"": ""r_matrix_actor"", ""role"": ""actorInMovie"", ""from"": ""e_actor"", ""to"": ""e_matrix_actor"" }
    ],
    ""constraint"": {
      ""and_conditions"": [
        { ""left"": { ""attribute_name"": ""movieName"", ""of"": ""e_matrix"" }, ""operator"": ""="", ""right"": ""The Matrix"" },
        { ""left"": { ""id"": ""r_act"" }, ""operator"": ""EXISTS"" }
      ]
    }
  },
  {
    ""id"": ""q2"",
    ""target"": [""e_actor_count""],
    ""entities"": [
      { ""id"": ""e_actor"", ""type"": ""Person"" },
      { ""id"": ""e_movie"", ""type"": ""Movie"" },
      { ""id"": ""e_actor_in_movie"", ""type"": ""ActorInMovie"" },
      { ""id"": ""e_actor_count"", ""type"": ""Count"" }
    ],
    ""relationships"": [
      { ""id"": ""r_act"", ""role"": ""actor"", ""from"": ""e_actor"", ""to"": ""e_movie"" },
      { ""id"": ""r_actor_in_movie"", ""role"": ""actorInMovie"", ""from"": ""e_actor"", ""to"": ""e_actor_in_movie"" },
      { ""id"": ""r_actor_in_movie_movie"", ""role"": ""movie"", ""from"": ""e_movie"", ""to"": ""e_actor_in_movie"" }
    ],
    ""constraint"": {
      ""and_conditions"": [
        {
          ""left"": { ""id"": ""r_act"" },
          ""operator"": ""EXISTS"",
          ""right"": null,
          ""subquery"": {
            ""id"": ""q3"",
            ""target"": [""e_actor""],
            ""entities"": [
              { ""id"": ""e_actor"", ""type"": ""Person"" },
              { ""id"": ""e_matrix"", ""type"": ""Movie"" },
              { ""id"": ""e_matrix_actor"", ""type"": ""ActorInMovie"" }
            ],
            ""relationships"": [
              { ""id"": ""r_act"", ""role"": ""actor"", ""from"": ""e_actor"", ""to"": ""e_matrix"" },
              { ""id"": ""r_matrix_actor"", ""role"": ""actorInMovie"", ""from"": ""e_actor"", ""to"": ""e_matrix_actor"" }
            ],
            ""constraint"": {
              ""and_conditions"": [
                { ""left"": { ""attribute_name"": ""movieName"", ""of"": ""e_matrix"" }, ""operator"": ""="", ""right"": ""The Matrix"" },
                { ""left"": { ""id"": ""r_act"" }, ""operator"": ""EXISTS"" }
              ]
            }
          }
        },
        {
          ""left"": { ""id"": ""q3"", ""target"": ""e_actor"" },
          ""operator"": ""NOT EXISTS"",
          ""right"": null,
          ""subquery"": {
            ""id"": ""q4"",
            ""target"": [""e_actor""],
            ""entities"": [
              { ""id"": ""e_actor"", ""type"": ""Person"" },
              { ""id"": ""e_movie2"", ""type"": ""Movie"" },
              { ""id"": ""e_actor_in_movie2"", ""type"": ""ActorInMovie"" }
            ],
            ""relationships"": [
              { ""id"": ""r_act"", ""role"": ""actor"", ""from"": ""e_actor"", ""to"": ""e_movie2"" },
              { ""id"": ""r_actor_in_movie2"", ""role"": ""actorInMovie"", ""from"": ""e_actor"", ""to"": ""e_actor_in_movie2"" },
              { ""id"": ""r_actor_in_movie2_movie"", ""role"": ""movie"", ""from"": ""e_movie2"", ""to"": ""e_actor_in_movie2"" }
            ],
            ""constraint"": {
              ""and_conditions"": [
                {
                  ""left"": { ""id"": ""r_act"" },
                  ""operator"": ""EXISTS"",
                  ""right"": null,
                  ""subquery"": {
                    ""id"": ""q3"",
                    ""target"": [""e_actor""],
                    ""entities"": [
                      { ""id"": ""e_actor"", ""type"": ""Person"" },
                      { ""id"": ""e_matrix"", ""type"": ""Movie"" },
                      { ""id"": ""e_matrix_actor"", ""type"": ""ActorInMovie"" }
                    ],
                    ""relationships"": [
                      { ""id"": ""r_act"", ""role"": ""actor"", ""from"": ""e_actor"", ""to"": ""e_matrix"" },
                      { ""id"": ""r_matrix_actor"", ""role"": ""actorInMovie"", ""from"": ""e_actor"", ""to"": ""e_matrix_actor"" }
                    ],
                    ""constraint"": {
                      ""and_conditions"": [
                        { ""left"": { ""attribute_name"": ""movieName"", ""of"": ""e_matrix"" }, ""operator"": ""="", ""right"": ""The Matrix"" },
                        { ""left"": { ""id"": ""r_act"" }, ""operator"": ""EXISTS"" }
                      ]
                    }
                  }
                },
                {
                  ""left"": { ""id"": ""q3"", ""target"": ""e_actor"" },
                  ""operator"": ""="",
                  ""right"": { ""id"": ""e_actor"", ""of"": ""q3"" }
                }
              ]
            }
          }
        },
        {
          ""left"": { ""id"": ""q4"", ""target"": ""e_actor"" },
          ""operator"": ""EXISTS"",
          ""right"": null,
          ""subquery"": {
            ""id"": ""q5"",
            ""target"": [""e_actor_count""],
            ""entities"": [
              { ""id"": ""e_actor"", ""type"": ""Person"" },
              { ""id"": ""e_movie2"", ""type"": ""Movie"" },
              { ""id"": ""e_actor_in_movie2"", ""type"": ""ActorInMovie"" },
              { ""id"": ""e_actor_count"", ""type"": ""Count"" }
            ],
            ""relationships"": [
              { ""id"": ""r_act"", ""role"": ""actor"", ""from"": ""e_actor"", ""to"": ""e_movie2"" },
              { ""id"": ""r_actor_in_movie2"", ""role"": ""actorInMovie"", ""from"": ""e_actor"", ""to"": ""e_actor_in_movie2"" },
              { ""id"": ""r_actor_in_movie2_movie"", ""role"": ""movie"", ""from"": ""e_movie2"", ""to"": ""e_actor_in_movie2"" }
            ],
            ""constraint"": {
              ""and_conditions"": [
                {
                  ""left"": { ""id"": ""r_act"" },
                  ""operator"": ""EXISTS"",
                  ""right"": null,
                  ""subquery"": {
                    ""id"": ""q3"",
                    ""target"": [""e_actor""],
                    ""entities"": [
                      { ""id"": ""e_actor"", ""type"": ""Person"" },
                      { ""id"": ""e_matrix"", ""type"": ""Movie"" },
                      { ""id"": ""e_matrix_actor"", ""type"": ""ActorInMovie"" }
                    ],
                    ""relationships"": [
                      { ""id"": ""r_act"", ""role"": ""actor"", ""from"": ""e_actor"", ""to"": ""e_matrix"" },
                      { ""id"": ""r_matrix_actor"", ""role"": ""actorInMovie"", ""from"": ""e_actor"", ""to"": ""e_matrix_actor"" }
                    ],
                    ""constraint"": {
                      ""and_conditions"": [
                        { ""left"": { ""attribute_name"": ""movieName"", ""of"": ""e_matrix"" }, ""operator"": ""="", ""right"": ""The Matrix"" },
                        { ""left"": { ""id"": ""r_act"" }, ""operator"": ""EXISTS"" }
                      ]
                    }
                  }
                },
                {
                  ""left"": { ""id"": ""q3"", ""target"": ""e_actor"" },
                  ""operator"": ""="",
                  ""right"": { ""id"": ""e_actor"", ""of"": ""q4"" }
                }
              ]
            }
          }
        },
        {
          ""left"": { ""id"": ""q5"", ""target"": ""e_actor_count"" },
          ""operator"": "">"",
          ""right"": { ""id"": ""e_actor_count"", ""of"": ""q4"" }
        }
      ]
    }
  }
]
```
This query finds the actors who were in ""The Matrix"" and then identifies the actors who have acted in more movies than the number of actors found in ""The Matrix"". The result will be a list of actors who have acted in more movies than the cast of ""The Matrix""."
10,Q12,Give me the actors of The Matrix along with the three actors who have acted the most in any movie with them,mistral:7b,False,0.15,32.518558,True,stop,4096,4.363215,1160,18.869115,61.4761," ```json
[
  {
    ""id"": ""q1"",
    ""target"": [""e_actor"", ""e_matrix_actor""],
    ""entities"": [
      { ""id"": ""e_actor"", ""type"": ""Person"" },
      { ""id"": ""e_movie"", ""type"": ""Movie"" },
      { ""id"": ""e_matrix"", ""type"": ""Movie"" },
      { ""id"": ""e_matrix_actor"", ""type"": ""Person"" }
    ],
    ""relationships"": [
      { ""id"": ""r_act"", ""role"": ""actor"", ""from"": ""e_actor"", ""to"": ""e_movie"" },
      { ""id"": ""r_matrix_act"", ""role"": ""acted in The Matrix"", ""from"": ""e_matrix_actor"", ""to"": ""e_matrix"" }
    ],
    ""constraint"": {
      ""and_conditions"": [
        { ""left"": { ""attribute_name"": ""name"", ""of"": ""e_matrix_actor"" }, ""operator"": ""="", ""right"": ""The Matrix"" },
        { ""left"": ""r_act"", ""operator"": ""!="", ""right"": null }
      ]
    }
  },
  {
    ""id"": ""q2"",
    ""target"": [""e_actor1"", ""e_actor2"", ""e_actor3""],
    ""entities"": [
      { ""id"": ""e_actor1"", ""type"": ""Person"" },
      { ""id"": ""e_actor2"", ""type"": ""Person"" },
      { ""id"": ""e_actor3"", ""type"": ""Person"" },
      { ""id"": ""e_movie"", ""type"": ""Movie"" },
      { ""id"": ""e_matrix"", ""type"": ""Movie"" }
    ],
    ""relationships"": [
      { ""id"": ""r_act"", ""role"": ""actor"", ""from"": ""e_actor1"", ""to"": ""e_movie"" },
      { ""id"": ""r_act"", ""role"": ""actor"", ""from"": ""e_actor2"", ""to"": ""e_movie"" },
      { ""id"": ""r_act"", ""role"": ""actor"", ""from"": ""e_actor3"", ""to"": ""e_movie"" }
    ],
    ""constraint"": {
      ""and_conditions"": [
        {
          ""left"": { ""attribute_name"": ""name"", ""of"": ""e_matrix_actor"" }, ""operator"": ""="", ""right"": ""The Matrix""
        },
        {
          ""or_conditions"": [
            {
              ""and_conditions"": [
                { ""left"": ""r_act"", ""operator"": ""!="", ""right"": null },
                { ""left"": { ""attribute_name"": ""name"", ""of"": ""e_actor1"" }, ""operator"": ""="", ""right"": ""@actor1@"" }
              ]
            },
            {
              ""and_conditions"": [
                { ""left"": ""r_act"", ""operator"": ""!="", ""right"": null },
                { ""left"": { ""attribute_name"": ""name"", ""of"": ""e_actor2"" }, ""operator"": ""="", ""right"": ""@actor2@"" }
              ]
            },
            {
              ""and_conditions"": [
                { ""left"": ""r_act"", ""operator"": ""!="", ""right"": null },
                { ""left"": { ""attribute_name"": ""name"", ""of"": ""e_actor3"" }, ""operator"": ""="", ""right"": ""@actor3@"" }
              ]
            }
          ]
        },
        {
          ""and_conditions"": [
            {
              ""left"": { ""attribute_name"": ""count"", ""of"": ""e_movie"" }, ""operator"": ""!="", ""right"": null
            },
            {
              ""left"": { ""attribute_name"": ""count"", ""of"": ""e_actor1"" }, ""operator"": "">="", ""right"": { ""left"": { ""attribute_name"": ""count"", ""of"": ""e_movie"" }, ""operator"": ""-"", ""right"": 3 }
            },
            {
              ""left"": { ""attribute_name"": ""count"", ""of"": ""e_actor2"" }, ""operator"": "">="", ""right"": { ""left"": { ""attribute_name"": ""count"", ""of"": ""e_movie"" }, ""operator"": ""-"", ""right"": 3 }
            },
            {
              ""left"": { ""attribute_name"": ""count"", ""of"": ""e_actor3"" }, ""operator"": "">="", ""right"": { ""left"": { ""attribute_name"": ""count"", ""of"": ""e_movie"" }, ""operator"": ""-"", ""right"": 3 }
            }
          ]
        }
      ]
    }
  }
]
```"
11,Q12,Give me the actors of The Matrix along with the three actors who have acted the most in any movie with them,mistral:7b,False,0.15,25.064772,True,stop,4096,4.379885,851,13.835101,61.5102," ```json
[
  {
    ""id"": ""q1"",
    ""target"": [""e_actor"", ""e_matrix_actor""],
    ""entities"": [
      { ""id"": ""e_actor"", ""type"": ""Person"" },
      { ""id"": ""e_matrix"", ""type"": ""Movie"" },
      { ""id"": ""e_matrix_actor"", ""type"": ""ActorInMovie"" }
    ],
    ""relationships"": [
      { ""id"": ""r_act"", ""role"": ""actor"", ""from"": ""e_actor"", ""to"": ""e_matrix"" },
      { ""id"": ""r_matrix_actor"", ""role"": ""actorInMovie"", ""from"": ""e_actor"", ""to"": ""e_matrix_actor"" }
    ],
    ""constraint"": {
      ""and_conditions"": [
        { ""left"": { ""attribute_name"": ""movieName"", ""of"": ""e_matrix"" }, ""operator"": ""="", ""right"": ""The Matrix"" },
        { ""left"": { ""id"": ""r_act"" }, ""operator"": ""!="", ""right"": null }
      ]
    },
    ""projection"": [
      { ""attribute_name"": ""name"", ""of"": ""e_actor"" },
      { ""attribute_name"": ""name"", ""of"": ""e_matrix_actor"" }
    ]
  },
  {
    ""id"": ""q2"",
    ""target"": [""e_most_acted""],
    ""entities"": [
      { ""id"": ""e_actor"", ""type"": ""Person"" },
      { ""id"": ""e_movie"", ""type"": ""Movie"" },
      { ""id"": ""e_actor_in_movie"", ""type"": ""ActorInMovie"" }
    ],
    ""relationships"": [
      { ""id"": ""r_act"", ""role"": ""actor"", ""from"": ""e_actor"", ""to"": ""e_movie"" },
      { ""id"": ""r_actor_in_movie"", ""role"": ""actorInMovie"", ""from"": ""e_actor"", ""to"": ""e_actor_in_movie"" }
    ],
    ""constraint"": {
      ""and_conditions"": [
        { ""left"": { ""id"": ""r_act"" }, ""operator"": ""!="", ""right"": null },
        {
          ""or_conditions"": [
            {
              ""left"": { ""attribute_name"": ""movieName"", ""of"": ""e_matrix"" }, ""operator"": ""="", ""right"": ""The Matrix""
            },
            {
              ""left"": { ""id"": ""r_act"" },
              ""and_conditions"": [
                { ""left"": { ""attribute_name"": ""movieName"", ""of"": ""e_matrix"" }, ""operator"": ""!="", ""right"": ""The Matrix"" }
              ]
            }
          ]
        }
      ],
      ""sorting"": [
        { ""attribute_name"": ""count"", ""of"": ""e_actor_in_movie"" },
        { ""attribute_name"": ""name"", ""of"": ""e_actor"" },
        { ""attribute_name"": ""movieName"", ""of"": ""e_movie"" }
      ]
    },
    ""projection"": [
      { ""attribute_name"": ""name"", ""of"": ""e_actor"" },
      { ""attribute_name"": ""count"", ""of"": ""e_actor_in_movie"" }
    ],
    ""limit"": 3
  }
]
```"
12,Q12,Give me the actors of The Matrix along with the three actors who have acted the most in any movie with them,mistral:7b,False,0.15,27.001063,False,stop,4096,4.360275,930,15.3274,60.6757," ```json
[
  {
    ""id"": ""q1"",
    ""target"": [""e_actor"", ""e_matrix_actor""],
    ""entities"": [
      { ""id"": ""e_actor"", ""type"": ""Person"" },
      { ""id"": ""e_matrix"", ""type"": ""Movie"" },
      { ""id"": ""e_matrix_actor"", ""type"": ""ActorInMovie"" }
    ],
    ""relationships"": [
      { ""id"": ""r_act"", ""role"": ""actor"", ""from"": ""e_actor"", ""to"": ""e_matrix"" },
      { ""id"": ""r_matrix_actor"", ""role"": ""actorInMovie"", ""from"": ""e_actor"", ""to"": ""e_matrix_actor"" }
    ],
    ""constraint"": {
      ""and_conditions"": [
        { ""left"": { ""attribute_name"": ""movieName"", ""of"": ""e_matrix"" }, ""operator"": ""="", ""right"": ""The Matrix"" },
        { ""left"": { ""id"": ""r_act"" }, ""operator"": ""EXISTS"" }
      ]
    },
    ""projection"": [
      { ""attribute_name"": ""name"", ""of"": ""e_actor"" },
      { ""attribute_name"": ""characterName"", ""of"": ""e_matrix_actor"" }
    ]
  },
  {
    ""id"": ""q2"",
    ""target"": [""e_most_acted_actor""],
    ""entities"": [
      { ""id"": ""e_actor"", ""type"": ""Person"" },
      { ""id"": ""e_movie"", ""type"": ""Movie"" },
      { ""id"": ""e_actor_in_movie"", ""type"": ""ActorInMovie"" }
    ],
    ""relationships"": [
      { ""id"": ""r_act"", ""role"": ""actor"", ""from"": ""e_actor"", ""to"": ""e_movie"" },
      { ""id"": ""r_actor_in_movie"", ""role"": ""actorInMovie"", ""from"": ""e_actor"", ""to"": ""e_movie"" }
    ],
    ""constraint"": {
      ""and_conditions"": [
        {
          ""left"": { ""id"": ""r_act"" },
          ""operator"": ""EXISTS"",
          ""right"": null
        },
        {
          ""left"": { ""id"": ""q1"" },
          ""operator"": ""EXISTS"",
          ""right"": null
        },
        {
          ""left"": { ""attribute_name"": ""actorId"", ""of"": ""e_actor"" },
          ""operator"": ""NOT IN"",
          ""right"": [
            // List the IDs of the actors from The Matrix query result here.
            // For example, if Keanu Reeves, Laurence Fishburne, and Carrie-Anne Moss were the actors in The Matrix:
            // [""keanu_reeves_id"", ""laurence_fishburne_id"", ""carrie-anne_moss_id""]
          ]
        },
        {
          ""left"": { ""id"": ""r_actor_in_movie"" },
          ""operator"": ""EXISTS"",
          ""right"": null
        }
      ],
      ""sort_by"": [
        { ""attribute_name"": ""numAppearances"", ""of"": ""e_actor"" },
        { ""attribute_name"": ""name"", ""of"": ""e_actor"" },
        { ""attribute_name"": ""id"", ""of"": ""e_actor"" }
      ],
      ""limit"": 3
    },
    ""projection"": [
      { ""attribute_name"": ""name"", ""of"": ""e_actor"" },
      { ""attribute_name"": ""numAppearances"", ""of"": ""e_actor"" }
    ]
  }
]
```"
13,Q12,Give me the actors of The Matrix along with the three actors who have acted the most in any movie with them,mistral:7b,False,0.15,34.486691,True,stop,4096,4.363857,1239,20.566441,60.2438," ```json
[
  {
    ""id"": ""q1"",
    ""target"": [""e_actor"", ""e_matrix_actor""],
    ""entities"": [
      { ""id"": ""e_actor"", ""type"": ""Person"" },
      { ""id"": ""e_matrix"", ""type"": ""Movie"" },
      { ""id"": ""e_matrix_actor"", ""type"": ""ActorInMovie"" }
    ],
    ""relationships"": [
      { ""id"": ""r_act"", ""role"": ""actor"", ""from"": ""e_actor"", ""to"": ""e_matrix"" },
      { ""id"": ""r_matrix_actor"", ""role"": ""actorInMovie"", ""from"": ""e_actor"", ""to"": ""e_matrix_actor"" }
    ],
    ""constraint"": {
      ""and_conditions"": [
        { ""left"": { ""attribute_name"": ""movieName"", ""of"": ""e_matrix"" }, ""operator"": ""="", ""right"": ""The Matrix"" },
        { ""left"": ""r_act"", ""operator"": ""!="", ""right"": null }
      ]
    },
    ""projection"": [
      { ""attribute_name"": ""name"", ""of"": ""e_actor"" },
      { ""attribute_name"": ""name"", ""of"": ""e_matrix_actor"" }
    ]
  },
  {
    ""id"": ""q2"",
    ""target"": [""e_most_acted""],
    ""entities"": [
      { ""id"": ""e_actor"", ""type"": ""Person"" },
      { ""id"": ""e_movie"", ""type"": ""Movie"" },
      { ""id"": ""e_actor_in_movie"", ""type"": ""ActorInMovie"" }
    ],
    ""relationships"": [
      { ""id"": ""r_act"", ""role"": ""actor"", ""from"": ""e_actor"", ""to"": ""e_movie"" },
      { ""id"": ""r_actor_in_movie"", ""role"": ""actorInMovie"", ""from"": ""e_actor"", ""to"": ""e_actor_in_movie"" }
    ],
    ""constraint"": {
      ""and_conditions"": [
        {
          ""left"": { ""attribute_name"": ""name"", ""of"": ""e_actor"" },
          ""operator"": ""!="",
          ""right"": null
        },
        {
          ""or_conditions"": [
            {
              ""left"": { ""id"": ""q1"", ""target"": [""e_actor"", ""e_matrix_actor""] },
              ""operator"": ""!="",
              ""right"": null
            },
            {
              ""left"": { ""attribute_name"": ""movieName"", ""of"": ""e_movie"" },
              ""operator"": ""!="",
              ""right"": ""The Matrix""
            }
          ]
        },
        {
          ""left"": { ""id"": ""q3"", ""target"": [""e_actor_count""] },
          ""operator"": "">="",
          ""right"": 3
        }
      ]
    },
    ""projection"": [
      { ""attribute_name"": ""name"", ""of"": ""e_actor"" },
      { ""attribute_name"": ""count"", ""of"": ""q3"" }
    ],
    ""subqueries"": [
      {
        ""id"": ""q3"",
        ""target"": [""e_actor_count""],
        ""entities"": [
          { ""id"": ""e_actor"", ""type"": ""Person"" },
          { ""id"": ""e_movie"", ""type"": ""Movie"" },
          { ""id"": ""e_actor_in_movie"", ""type"": ""ActorInMovie"" }
        ],
        ""relationships"": [
          { ""id"": ""r_act"", ""role"": ""actor"", ""from"": ""e_actor"", ""to"": ""e_movie"" },
          { ""id"": ""r_actor_in_movie"", ""role"": ""actorInMovie"", ""from"": ""e_actor"", ""to"": ""e_actor_in_movie"" }
        ],
        ""constraint"": {
          ""and_conditions"": [
            {
              ""left"": { ""attribute_name"": ""name"", ""of"": ""e_actor"" },
              ""operator"": ""!="",
              ""right"": null
            },
            {
              ""or_conditions"": [
                {
                  ""left"": { ""id"": ""q1"", ""target"": [""e_actor"", ""e_matrix_actor""] },
                  ""operator"": ""!="",
                  ""right"": null
                },
                {
                  ""left"": { ""attribute_name"": ""movieName"", ""of"": ""e_movie"" },
                  ""operator"": ""!="",
                  ""right"": ""The Matrix""
                }
              ]
            }
          ],
          ""groupBy"": [""e_actor""],
          ""aggregations"": [
            { ""attributeName"": ""COUNT(e_actor_in_movie.id)"", ""alias"": ""count"" }
          ]
        }
      }
    ]
  }
]
```"
14,Q12,Give me the actors of The Matrix along with the three actors who have acted the most in any movie with them,mistral:7b,False,0.15,34.873053,True,stop,4096,4.389313,1256,20.550151,61.1188," ```json
[
  {
    ""id"": ""q1"",
    ""target"": [""e_actor"", ""e_matrix_actor""],
    ""entities"": [
      { ""id"": ""e_actor"", ""type"": ""Person"" },
      { ""id"": ""e_matrix"", ""type"": ""Movie"" },
      { ""id"": ""e_matrix_actor"", ""type"": ""ActorInMovie"" }
    ],
    ""relationships"": [
      { ""id"": ""r_act"", ""role"": ""actor"", ""from"": ""e_actor"", ""to"": ""e_matrix"" },
      { ""id"": ""r_matrix_actor"", ""role"": ""actorInMovie"", ""from"": ""e_actor"", ""to"": ""e_matrix_actor"" }
    ],
    ""constraint"": {
      ""and_conditions"": [
        { ""left"": { ""attribute_name"": ""movieName"", ""of"": ""e_matrix"" }, ""operator"": ""="", ""right"": ""The Matrix"" },
        { ""left"": ""r_act"", ""operator"": ""!="", ""right"": null }
      ]
    }
  },
  {
    ""id"": ""q2"",
    ""target"": [""e_actor_count""],
    ""entities"": [
      { ""id"": ""e_actor"", ""type"": ""Person"" },
      { ""id"": ""e_movie"", ""type"": ""Movie"" },
      { ""id"": ""e_actor_in_movie"", ""type"": ""ActorInMovie"" },
      { ""id"": ""e_actor_count"", ""type"": ""Count"" }
    ],
    ""relationships"": [
      { ""id"": ""r_act"", ""role"": ""actor"", ""from"": ""e_actor"", ""to"": ""e_movie"" },
      { ""id"": ""r_actor_in_movie"", ""role"": ""actorInMovie"", ""from"": ""e_actor"", ""to"": ""e_actor_in_movie"" }
    ],
    ""constraint"": {
      ""and_conditions"": [
        { ""left"": ""r_act"", ""operator"": ""!="", ""right"": null },
        {
          ""or_conditions"": [
            {
              ""left"": { ""attribute_name"": ""movieName"", ""of"": ""e_matrix"" }, ""operator"": ""="", ""right"": ""The Matrix""
            },
            {
              ""left"": { ""attribute_name"": ""movieName"", ""of"": ""e_neo"" }, ""operator"": ""="", ""right"": ""The Matrix""
            },
            {
              ""left"": { ""attribute_name"": ""movieName"", ""of"": ""e_morpheus"" }, ""operator"": ""="", ""right"": ""The Matrix""
            }
          ]
        }
      ]
    },
    ""projection"": [
      { ""id"": ""r_actor_count"", ""role"": ""count"", ""from"": ""e_actor"", ""to"": ""e_actor_count"" },
      { ""id"": ""r_actor_in_movie"", ""role"": ""actorInMovie"", ""from"": ""e_actor"", ""to"": ""e_actor_in_movie"" }
    ]
  },
  {
    ""id"": ""q3"",
    ""target"": [""e_top_three_actors""],
    ""entities"": [
      { ""id"": ""e_actor"", ""type"": ""Person"" },
      { ""id"": ""e_movie"", ""type"": ""Movie"" },
      { ""id"": ""e_actor_in_movie"", ""type"": ""ActorInMovie"" },
      { ""id"": ""e_top_three_actors"", ""type"": ""Array"" }
    ],
    ""relationships"": [
      { ""id"": ""r_act"", ""role"": ""actor"", ""from"": ""e_actor"", ""to"": ""e_movie"" },
      { ""id"": ""r_actor_in_movie"", ""role"": ""actorInMovie"", ""from"": ""e_actor"", ""to"": ""e_actor_in_movie"" }
    ],
    ""constraint"": [
      { ""left"": ""r_act"", ""operator"": ""!="", ""right"": null },
      {
        ""left"": { ""attribute_name"": ""movieName"", ""of"": ""e_matrix"" }, ""operator"": ""="", ""right"": ""The Matrix""
      }
    ],
    ""projection"": [
      { ""id"": ""r_actor_count"", ""role"": ""count"", ""from"": ""e_actor"", ""to"": ""e_actor_count"" },
      { ""id"": ""r_actor_in_movie"", ""role"": ""actorInMovie"", ""from"": ""e_actor"", ""to"": ""e_actor_in_movie"" }
    ],
    ""postProcessing"": [
      {
        ""id"": ""p1"",
        ""function"": ""sort"",
        ""arguments"": [""r_actor_count""],
        ""order"": ""descending""
      },
      {
        ""id"": ""p2"",
        ""function"": ""take"",
        ""arguments"": [3]
      }
    ]
  }
]
```"
15,Q12,Give me the actors of The Matrix along with the three actors who have acted the most in any movie with them,mistral:7b,False,0.15,41.198456,True,stop,4096,4.377538,1518,24.779683,61.2599," ```json
[
  {
    ""id"": ""q1"",
    ""target"": [""e_actor"", ""e_matrix_actor""],
    ""entities"": [
      { ""id"": ""e_actor"", ""type"": ""Person"" },
      { ""id"": ""e_matrix"", ""type"": ""Movie"" },
      { ""id"": ""e_matrix_actor"", ""type"": ""ActorInMovie"" }
    ],
    ""relationships"": [
      { ""id"": ""r_act"", ""role"": ""actor"", ""from"": ""e_actor"", ""to"": ""e_matrix"" },
      { ""id"": ""r_matrix_actor"", ""role"": ""actorInMovie"", ""from"": ""e_actor"", ""to"": ""e_matrix_actor"" }
    ],
    ""constraint"": {
      ""and_conditions"": [
        { ""left"": { ""attribute_name"": ""movieName"", ""of"": ""e_matrix"" }, ""operator"": ""="", ""right"": ""The Matrix"" },
        { ""left"": ""r_act"", ""operator"": ""!="", ""right"": null }
      ]
    },
    ""projection"": [
      { ""attribute_name"": ""name"", ""of"": ""e_actor"" },
      { ""attribute_name"": ""name"", ""of"": ""e_matrix_actor"" }
    ]
  },
  {
    ""id"": ""q2"",
    ""target"": [""e_actor_count""],
    ""entities"": [
      { ""id"": ""e_actor"", ""type"": ""Person"" },
      { ""id"": ""e_movie"", ""type"": ""Movie"" },
      { ""id"": ""e_actor_in_movie"", ""type"": ""ActorInMovie"" }
    ],
    ""relationships"": [
      { ""id"": ""r_act"", ""role"": ""actor"", ""from"": ""e_actor"", ""to"": ""e_movie"" },
      { ""id"": ""r_actor_in_movie"", ""role"": ""actorInMovie"", ""from"": ""e_actor"", ""to"": ""e_actor_in_movie"" }
    ],
    ""constraint"": {
      ""and_conditions"": [
        { ""left"": ""r_act"", ""operator"": ""!="", ""right"": null },
        { ""left"": ""r_actor_in_movie"", ""operator"": ""!="", ""right"": null }
      ]
    },
    ""projection"": [
      {
        ""attribute_name"": ""name"",
        ""of"": ""e_actor"",
        ""aggregation"": {
          ""type"": ""COUNT"",
          ""field"": ""id""
        }
      }
    ]
  },
  {
    ""id"": ""q3"",
    ""target"": [""e_most_acted""],
    ""entities"": [
      { ""id"": ""e_actor"", ""type"": ""Person"" },
      { ""id"": ""e_movie"", ""type"": ""Movie"" },
      { ""id"": ""e_actor_in_movie"", ""type"": ""ActorInMovie"" }
    ],
    ""relationships"": [
      { ""id"": ""r_act"", ""role"": ""actor"", ""from"": ""e_actor"", ""to"": ""e_movie"" },
      { ""id"": ""r_actor_in_movie"", ""role"": ""actorInMovie"", ""from"": ""e_actor"", ""to"": ""e_actor_in_movie"" }
    ],
    ""constraint"": {
      ""and_conditions"": [
        { ""left"": ""r_act"", ""operator"": ""!="", ""right"": null },
        { ""left"": ""r_actor_in_movie"", ""operator"": ""!="", ""right"": null }
      ]
    },
    ""projection"": [
      {
        ""attribute_name"": ""name"",
        ""of"": ""e_actor"",
        ""filter"": {
          ""type"": ""TOP_N"",
          ""n"": 3,
          ""field"": ""count"",
          ""sort"": ""DESC""
        }
      },
      {
        ""attribute_name"": ""count"",
        ""of"": ""e_actor"",
        ""aggregation"": {
          ""type"": ""COUNT"",
          ""field"": ""id""
        }
      }
    ]
  },
  {
    ""id"": ""q4"",
    ""target"": [""e_matrix_most_acted""],
    ""entities"": [
      { ""id"": ""e_actor"", ""type"": ""Person"" },
      { ""id"": ""e_movie"", ""type"": ""Movie"" },
      { ""id"": ""e_actor_in_movie"", ""type"": ""ActorInMovie"" }
    ],
    ""relationships"": [
      { ""id"": ""r_act"", ""role"": ""actor"", ""from"": ""e_actor"", ""to"": ""e_movie"" },
      { ""id"": ""r_actor_in_movie"", ""role"": ""actorInMovie"", ""from"": ""e_actor"", ""to"": ""e_actor_in_movie"" }
    ],
    ""constraint"": {
      ""and_conditions"": [
        { ""left"": { ""attribute_name"": ""movieName"", ""of"": ""e_movie"" }, ""operator"": ""="", ""right"": ""The Matrix"" },
        { ""left"": ""r_act"", ""operator"": ""!="", ""right"": null },
        { ""left"": ""r_actor_in_movie"", ""operator"": ""!="", ""right"": null }
      ]
    },
    ""projection"": [
      {
        ""attribute_name"": ""name"",
        ""of"": ""e_actor"",
        ""filter"": {
          ""type"": ""IN"",
          ""field"": ""count"",
          ""values"": [""q3.e_most_acted[0].name"", ""q3.e_most_acted[1].name"", ""q3.e_most_acted[2].name""]
        }
      },
      {
        ""attribute_name"": ""count"",
        ""of"": ""e_actor"",
        ""aggregation"": {
          ""type"": ""COUNT"",
          ""field"": ""id""
        }
      }
    ]
  }
]
```"
16,Q12,Give me the actors of The Matrix along with the three actors who have acted the most in any movie with them,mistral:7b,False,0.15,24.892498,False,stop,4096,4.38049,843,13.765394,61.2405," ```json
[
  {
    ""id"": ""q1"",
    ""target"": [""e_actor"", ""e_matrix_actor""],
    ""entities"": [
      { ""id"": ""e_actor"", ""type"": ""Person"" },
      { ""id"": ""e_matrix"", ""type"": ""Movie"" },
      { ""id"": ""e_matrix_actor"", ""type"": ""ActorInMovie"" }
    ],
    ""relationships"": [
      { ""id"": ""r_act"", ""role"": ""actor"", ""from"": ""e_actor"", ""to"": ""e_matrix"" },
      { ""id"": ""r_matrix_actor"", ""role"": ""actorInMovie"", ""from"": ""e_actor"", ""to"": ""e_matrix_actor"" }
    ],
    ""constraint"": {
      ""and_conditions"": [
        { ""left"": { ""attribute_name"": ""movieName"", ""of"": ""e_matrix"" }, ""operator"": ""="", ""right"": ""The Matrix"" },
        { ""left"": { ""id"": ""r_act"" }, ""operator"": ""EXISTS"" }
      ]
    }
  },
  {
    ""id"": ""q2"",
    ""target"": [""e_actor_count""],
    ""entities"": [
      { ""id"": ""e_actor"", ""type"": ""Person"" },
      { ""id"": ""e_movie"", ""type"": ""Movie"" },
      { ""id"": ""e_actor_in_movie"", ""type"": ""ActorInMovie"" },
      { ""id"": ""e_actor_count"", ""type"": ""Count"" }
    ],
    ""relationships"": [
      { ""id"": ""r_act"", ""role"": ""actor"", ""from"": ""e_actor"", ""to"": ""e_movie"" },
      { ""id"": ""r_actor_in_movie"", ""role"": ""actorInMovie"", ""from"": ""e_actor"", ""to"": ""e_actor_in_movie"" },
      { ""id"": ""r_actor_in_movie_movie"", ""role"": ""movie"", ""from"": ""e_movie"", ""to"": ""e_actor_in_movie"" }
    ],
    ""constraint"": {
      ""and_conditions"": [
        {
          ""left"": {
            ""id"": ""r_act"",
            ""attribute_name"": ""actorId"",
            ""of"": ""e_actor"",
            ""operator"": ""IN"",
            ""values"": [
              // IDs of the actors from The Matrix
              // Replace these with actual actor IDs
              ""actor1"",
              ""actor2"",
              ""actor3""
            ]
          },
          ""operator"": ""EXISTS""
        },
        {
          ""left"": {
            ""id"": ""r_actor_in_movie"",
            ""attribute_name"": ""actorId"",
            ""of"": ""e_actor"",
            ""operator"": ""="",
            ""right"": ""$this.actorId""
          },
          ""operator"": ""EXISTS""
        },
        {
          ""left"": {
            ""id"": ""r_actor_in_movie_movie"",
            ""attribute_name"": ""movieId"",
            ""of"": ""e_movie"",
            ""operator"": ""="",
            ""right"": ""$this.movieId""
          },
          ""operator"": ""EXISTS""
        }
      ]
    }
  }
]
```"
17,Q12,Give me the actors of The Matrix along with the three actors who have acted the most in any movie with them,mistral:7b,False,0.15,46.500094,False,stop,4096,4.396848,1738,28.498835,60.9849," ```json
[
  {
    ""id"": ""q1"",
    ""target"": [""e_actor"", ""e_matrix_actor""],
    ""entities"": [
      { ""id"": ""e_actor"", ""type"": ""Person"" },
      { ""id"": ""e_matrix"", ""type"": ""Movie"" },
      { ""id"": ""e_matrix_actor"", ""type"": ""ActorInMovie"" }
    ],
    ""relationships"": [
      { ""id"": ""r_act"", ""role"": ""actor"", ""from"": ""e_actor"", ""to"": ""e_matrix"" },
      { ""id"": ""r_matrix_actor"", ""role"": ""actorInMovie"", ""from"": ""e_actor"", ""to"": ""e_matrix_actor"" }
    ],
    ""constraint"": {
      ""and_conditions"": [
        {
          ""left"": { ""attribute_name"": ""title"", ""of"": ""e_matrix"" },
          ""operator"": ""="",
          ""right"": ""The Matrix""
        },
        { ""id"": ""q2"", ""target"": [""e_actor""], ""entities"": [{""id"": ""e_actor"", ""type"": ""Person""}], ""relationships"": [], ""constraint"": {""or_conditions"": []} }
      ]
    }
  },
  {
    ""id"": ""q2"",
    ""target"": [""e_actor""],
    ""entities"": [{""id"": ""e_actor"", ""type"": ""Person""}],
    ""relationships"": [],
    ""constraint"": {
      ""or_conditions"": [
        {
          ""left"": { ""attribute_name"": ""name"", ""of"": ""e_actor"" },
          ""operator"": ""="",
          { ""id"": ""q3"", ""target"": [""e_name""], ""entities"": [{""id"": ""e_name"", ""type"": ""Name""}], ""relationships"": [], ""constraint"": {} }
        }
      ]
    }
  },
  {
    ""id"": ""q3"",
    ""target"": [""e_name""],
    ""entities"": [{""id"": ""e_name"", ""type"": ""Name""}],
    ""relationships"": [],
    ""constraint"": {
      ""and_conditions"": [
        {
          ""left"": { ""attribute_name"": ""firstName"", ""of"": ""e_name"" },
          ""operator"": ""="",
          { ""id"": ""q4"", ""target"": [""e_firstName""], ""entities"": [{""id"": ""e_firstName"", ""type"": ""FirstName""}], ""relationships"": [], ""constraint"": {} }
        },
        {
          ""left"": { ""attribute_name"": ""lastName"", ""of"": ""e_name"" },
          ""operator"": ""="",
          { ""id"": ""q5"", ""target"": [""e_lastName""], ""entities"": [{""id"": ""e_lastName"", ""type"": ""LastName""}], ""relationships"": [], ""constraint"": {} }
        }
      ]
    }
  },
  {
    ""id"": ""q4"",
    ""target"": [""e_firstName""],
    ""entities"": [{""id"": ""e_firstName"", ""type"": ""FirstName""}],
    ""relationships"": [],
    ""constraint"": {}
  },
  {
    ""id"": ""q5"",
    ""target"": [""e_lastName""],
    ""entities"": [{""id"": ""e_lastName"", ""type"": ""LastName""}],
    ""relationships"": [],
    ""constraint"": {}
  },
  {
    ""id"": ""q6"",
    ""target"": [""e_actor""],
    ""entities"": [{""id"": ""e_actor"", ""type"": ""Person""}],
    ""relationships"": [],
    ""constraint"": {
      ""and_conditions"": [
        {
          ""left"": { ""attribute_name"": ""name"", ""of"": ""e_actor"" },
          ""operator"": ""!="",
          { ""id"": ""q1"", ""target"": [""e_actor""], ""entities"": [{""id"": ""e_actor"", ""type"": ""Person""}], ""relationships"": [], ""constraint"": {} }
        },
        {
          ""left"": { ""attribute_name"": ""name"", ""of"": ""e_actor"" },
          ""operator"": ""in"",
          ""right"": {
            ""id"": ""q7"",
            ""target"": [""e_movies""],
            ""entities"": [{""id"": ""e_movies"", ""type"": ""MovieList""}],
            ""relationships"": [],
            ""constraint"": {
              ""and_conditions"": [
                {
                  ""left"": { ""attribute_name"": ""title"", ""of"": ""e_matrix"" },
                  ""operator"": ""="",
                  ""right"": ""The Matrix""
                },
                {
                  ""id"": ""q8"",
                  ""target"": [""e_actor_movie""],
                  ""entities"": [{""id"": ""e_actor_movie"", ""type"": ""ActorInMovie""}],
                  ""relationships"": [],
                  ""constraint"": {
                    ""and_conditions"": [
                      {
                        ""left"": { ""attribute_name"": ""actorId"", ""of"": ""e_actor_movie"" },
                        ""operator"": ""="",
                        ""right"": { ""id"": ""q1"", ""target"": [""e_actor""], ""entities"": [{""id"": ""e_actor"", ""type"": ""Person""}], ""relationships"": [], ""constraint"": {} }
                      },
                      {
                        ""left"": { ""attribute_name"": ""movieId"", ""of"": ""e_actor_movie"" },
                        ""operator"": ""in"",
                        ""right"": { ""id"": ""q7"", ""target"": [""e_movies""], ""entities"": [{""id"": ""e_movies"", ""type"": ""MovieList""}], ""relationships"": [], ""constraint"": {} }
                      }
                    ]
                  }
                }
              ]
            }
          }
        },
        {
          ""left"": { ""id"": ""q9"", ""target"": [""e_count""], ""entities"": [{""id"": ""e_count"", ""type"": ""Count""}], ""relationships"": [], ""constraint"": {} },
          ""operator"": "">"",
          ""right"": 2
        }
      ]
    }
  },
  {
    ""id"": ""q7"",
    ""target"": [""e_movies""],
    ""entities"": [{""id"": ""e_movies"", ""type"": ""MovieList""}],
    ""relationships"": [],
    ""constraint"": {}
  },
  {
    ""id"": ""q8"",
    ""target"": [""e_actor_movie""],
    ""entities"": [{""id"": ""e_actor_movie"", ""type"": ""ActorInMovie""}],
    ""relationships"": [],
    ""constraint"": {}
  },
  {
    ""id"": ""q9"",
    ""target"": [""e_count""],
    ""entities"": [{""id"": ""e_count"", ""type"": ""Count""}],
    ""relationships"": [],
    ""constraint"": {}
  }
]
```"
18,Q12,Give me the actors of The Matrix along with the three actors who have acted the most in any movie with them,mistral:7b,False,0.15,32.102517,True,stop,4096,4.358561,1143,18.450624,61.9491," ```json
[
  {
    ""id"": ""q1"",
    ""target"": [""e_actor"", ""e_matrix_actor""],
    ""entities"": [
      { ""id"": ""e_actor"", ""type"": ""Person"" },
      { ""id"": ""e_movie"", ""type"": ""Movie"" },
      { ""id"": ""e_matrix"", ""type"": ""Movie"" },
      { ""id"": ""e_matrix_actor"", ""type"": ""Person"" }
    ],
    ""relationships"": [
      { ""id"": ""r_act"", ""role"": ""actor"", ""from"": ""e_actor"", ""to"": ""e_movie"" },
      { ""id"": ""r_matrix_act"", ""role"": ""acted in The Matrix"", ""from"": ""e_matrix_actor"", ""to"": ""e_matrix"" }
    ],
    ""constraint"": {
      ""and_conditions"": [
        { ""left"": { ""attribute_name"": ""name"", ""of"": ""e_matrix_actor"" }, ""operator"": ""="", ""right"": ""The Matrix"" },
        { ""left"": ""r_act"", ""operator"": ""!="", ""right"": null }
      ]
    }
  },
  {
    ""id"": ""q2"",
    ""target"": [""e_actor1"", ""e_actor2"", ""e_actor3""],
    ""entities"": [
      { ""id"": ""e_actor1"", ""type"": ""Person"" },
      { ""id"": ""e_actor2"", ""type"": ""Person"" },
      { ""id"": ""e_actor3"", ""type"": ""Person"" },
      { ""id"": ""e_movie"", ""type"": ""Movie"" },
      { ""id"": ""e_matrix"", ""type"": ""Movie"" }
    ],
    ""relationships"": [
      { ""id"": ""r_act1"", ""role"": ""actor"", ""from"": ""e_actor1"", ""to"": ""e_movie"" },
      { ""id"": ""r_act2"", ""role"": ""actor"", ""from"": ""e_actor2"", ""to"": ""e_movie"" },
      { ""id"": ""r_act3"", ""role"": ""actor"", ""from"": ""e_actor3"", ""to"": ""e_movie"" },
      { ""id"": ""r_matrix"", ""role"": ""acted in The Matrix"", ""from"": ""e_matrix"", ""to"": ""e_actor1"" },
      { ""id"": ""r_matrix2"", ""role"": ""acted in The Matrix"", ""from"": ""e_matrix"", ""to"": ""e_actor2"" },
      { ""id"": ""r_matrix3"", ""role"": ""acted in The Matrix"", ""from"": ""e_matrix"", ""to"": ""e_actor3"" }
    ],
    ""constraint"": {
      ""and_conditions"": [
        {
          ""left"": { ""attribute_name"": ""name"", ""of"": ""e_actor1"" },
          ""operator"": ""="",
          ""right"": ""The Matrix""
        },
        {
          ""or_conditions"": [
            {
              ""left"": { ""attribute_name"": ""name"", ""of"": ""e_actor2"" },
              ""operator"": ""="",
              ""right"": ""The Matrix""
            },
            {
              ""left"": { ""attribute_name"": ""name"", ""of"": ""e_actor3"" },
              ""operator"": ""="",
              ""right"": ""The Matrix""
            }
          ]
        },
        {
          ""and_conditions"": [
            {
              ""left"": { ""attribute_name"": ""name"", ""of"": ""e_actor1"" },
              ""operator"": ""!="",
              ""right"": null
            },
            {
              ""left"": { ""attribute_name"": ""name"", ""of"": ""e_actor2"" },
              ""operator"": ""!="",
              ""right"": null
            },
            {
              ""left"": { ""attribute_name"": ""name"", ""of"": ""e_actor3"" },
              ""operator"": ""!="",
              ""right"": null
            }
          ]
        },
        {
          ""and_conditions"": [
            {
              ""left"": { ""count_id"": ""r_act1"" },
              ""operator"": "">="",
              ""right"": 3
            },
            {
              ""left"": { ""count_id"": ""r_act2"" },
              ""operator"": "">="",
              ""right"": 3
            },
            {
              ""left"": { ""count_id"": ""r_act3"" },
              ""operator"": "">="",
              ""right"": 3
            }
          ]
        }
      ]
    }
  }
]
```"
19,Q12,Give me the actors of The Matrix along with the three actors who have acted the most in any movie with them,mistral:7b,False,0.15,23.256483,True,stop,4096,4.381058,776,12.555365,61.8062," ```json
[
  {
    ""id"": ""q1"",
    ""target"": [""e_actor"", ""e_matrix_actor""],
    ""entities"": [
      { ""id"": ""e_actor"", ""type"": ""Person"" },
      { ""id"": ""e_matrix"", ""type"": ""Movie"" },
      { ""id"": ""e_matrix_actor"", ""type"": ""ActorInMovie"" }
    ],
    ""relationships"": [
      { ""id"": ""r_act"", ""role"": ""actor"", ""from"": ""e_actor"", ""to"": ""e_matrix"" },
      { ""id"": ""r_matrix_actor"", ""role"": ""actorInMovie"", ""from"": ""e_actor"", ""to"": ""e_matrix_actor"" }
    ],
    ""constraint"": {
      ""and_conditions"": [
        { ""left"": { ""attribute_name"": ""movieName"", ""of"": ""e_matrix"" }, ""operator"": ""="", ""right"": ""The Matrix"" },
        { ""left"": ""r_act"", ""operator"": ""!="", ""right"": null }
      ]
    }
  },
  {
    ""id"": ""q2"",
    ""target"": [""e_actor_count""],
    ""entities"": [
      { ""id"": ""e_actor"", ""type"": ""Person"" },
      { ""id"": ""e_movie"", ""type"": ""Movie"" },
      { ""id"": ""e_actor_in_movie"", ""type"": ""ActorInMovie"" },
      { ""id"": ""e_actor_count"", ""type"": ""Count"" }
    ],
    ""relationships"": [
      { ""id"": ""r_act"", ""role"": ""actor"", ""from"": ""e_actor"", ""to"": ""e_movie"" },
      { ""id"": ""r_actor_in_movie"", ""role"": ""actorInMovie"", ""from"": ""e_actor"", ""to"": ""e_actor_in_movie"" }
    ],
    ""constraint"": {
      ""and_conditions"": [
        { ""left"": ""r_act"", ""operator"": ""!="", ""right"": null },
        {
          ""or_conditions"": [
            {
              ""left"": { ""attribute_name"": ""movieName"", ""of"": ""e_matrix"" }, ""operator"": ""="", ""right"": ""The Matrix""
            },
            {
              ""left"": { ""attribute_name"": ""movieName"", ""of"": ""e_keanu_reeves_movies"" }, ""operator"": ""="", ""right"": ""John Wick""
            },
            {
              ""left"": { ""attribute_name"": ""movieName"", ""of"": ""e_carrie_ann_moss_movies"" }, ""operator"": ""="", ""right"": ""Jessica Jones""
            }
          ]
        }
      ],
      ""count_condition"": {
        ""left"": ""r_actor_in_movie"",
        ""right"": [
          { ""id"": ""e_actor"", ""attributeName"": ""id"" },
          { ""id"": ""q1"", ""attributeName"": ""actorId"" }
        ]
      }
    }
  }
]
```"
20,Q12,Give me the actors of The Matrix along with the three actors who have acted the most in any movie with them,mistral:7b,False,0.15,29.248515,False,stop,4096,4.388889,1024,16.73588,61.1859," ```json
[
  {
    ""id"": ""q1"",
    ""target"": [""e_actor"", ""e_matrix_actor""],
    ""entities"": [
      { ""id"": ""e_actor"", ""type"": ""Person"" },
      { ""id"": ""e_matrix"", ""type"": ""Movie"" },
      { ""id"": ""e_matrix_actor"", ""type"": ""ActorInMovie"" }
    ],
    ""relationships"": [
      { ""id"": ""r_act"", ""role"": ""actor"", ""from"": ""e_actor"", ""to"": ""e_matrix"" },
      { ""id"": ""r_matrix_actor"", ""role"": ""actorInMovie"", ""from"": ""e_actor"", ""to"": ""e_matrix_actor"" }
    ],
    ""constraint"": {
      ""and_conditions"": [
        { ""left"": { ""attribute_name"": ""movieName"", ""of"": ""e_matrix"" }, ""operator"": ""="", ""right"": ""The Matrix"" },
        { ""left"": { ""id"": ""r_act"" }, ""operator"": ""EXISTS"" }
      ]
    }
  },
  {
    ""id"": ""q2"",
    ""target"": [""e_actor_count""],
    ""entities"": [
      { ""id"": ""e_actor"", ""type"": ""Person"" },
      { ""id"": ""e_movie"", ""type"": ""Movie"" },
      { ""id"": ""e_actor_in_movie"", ""type"": ""ActorInMovie"" },
      { ""id"": ""e_actor_count"", ""type"": ""Count"" }
    ],
    ""relationships"": [
      { ""id"": ""r_act"", ""role"": ""actor"", ""from"": ""e_actor"", ""to"": ""e_movie"" },
      { ""id"": ""r_actor_in_movie"", ""role"": ""actorInMovie"", ""from"": ""e_actor"", ""to"": ""e_actor_in_movie"" },
      { ""id"": ""r_actor_in_movie_movie"", ""role"": ""movie"", ""from"": ""e_movie"", ""to"": ""e_actor_in_movie"" }
    ],
    ""constraint"": {
      ""and_conditions"": [
        {
          ""left"": {
            ""id"": ""r_act"",
            ""attribute_name"": ""actorId"",
            ""of"": ""e_actor""
          },
          ""operator"": ""IN"",
          ""right"": [
            // IDs of the actors from The Matrix
          ]
        },
        {
          ""left"": { ""id"": ""r_actor_in_movie"" },
          ""operator"": ""EXISTS""
        },
        {
          ""left"": { ""id"": ""r_actor_in_movie_movie"" },
          ""operator"": ""EXISTS""
        },
        {
          ""left"": { ""id"": ""r_actor_in_movie"", ""attribute_name"": ""movieId"" },
          ""operator"": ""IN"",
          ""right"": [
            // IDs of the movies in which the actors from The Matrix have acted
          ]
        },
        {
          ""left"": { ""id"": ""r_actor_in_movie"", ""attribute_name"": ""actorId"" },
          ""operator"": ""!="",
          ""right"": [
            // ID of the actor from The Matrix (to avoid counting them multiple times)
          ]
        },
        {
          ""left"": { ""id"": ""r_actor_in_movie"", ""attribute_name"": ""actorId"" },
          ""operator"": ""EXISTS"",
          ""right"": [
            // ID of another actor who has acted in the same movie as the actors from The Matrix
          ]
        },
        {
          ""left"": { ""id"": ""r_actor_in_movie_count"", ""attribute_name"": ""count"" },
          ""operator"": ""EXISTS""
        },
        {
          ""left"": { ""id"": ""r_actor_in_movie_count"", ""attribute_name"": ""count"" },
          ""operator"": "">="",
          ""right"": 3
        }
      ]
    }
  }
]
```"
21,Q12,Give me the actors of The Matrix along with the three actors who have acted the most in any movie with them,mistral:7b,False,0.15,28.135361,False,stop,4096,4.378778,978,15.72241,62.2042," ```json
[
  {
    ""id"": ""q1"",
    ""target"": [""e_actor"", ""e_matrix_actor""],
    ""entities"": [
      { ""id"": ""e_actor"", ""type"": ""Person"" },
      { ""id"": ""e_matrix"", ""type"": ""Movie"" },
      { ""id"": ""e_matrix_actor"", ""type"": ""ActorInMovie"" }
    ],
    ""relationships"": [
      { ""id"": ""r_act"", ""role"": ""actor"", ""from"": ""e_actor"", ""to"": ""e_matrix"" },
      { ""id"": ""r_matrix_actor"", ""role"": ""actorInMovie"", ""from"": ""e_actor"", ""to"": ""e_matrix_actor"" }
    ],
    ""constraint"": {
      ""and_conditions"": [
        { ""left"": { ""attribute_name"": ""movieName"", ""of"": ""e_matrix"" }, ""operator"": ""="", ""right"": ""The Matrix"" },
        { ""left"": { ""id"": ""r_act"" }, ""operator"": ""!="", ""right"": null }
      ]
    },
    ""projection"": [
      { ""attribute_name"": ""name"", ""of"": ""e_actor"" },
      { ""attribute_name"": ""name"", ""of"": ""e_matrix_actor"" }
    ],
    ""sorting"": [
      { ""attribute_name"": ""count"", ""of"": ""e_actor"" }
    ]
  },
  {
    ""id"": ""q2"",
    ""target"": [""e_actor_count""],
    ""entities"": [
      { ""id"": ""e_actor_count"", ""type"": ""CountOfActors"" }
    ],
    ""relationships"": [],
    ""constraint"": {
      ""and_conditions"": [
        {
          ""left"": { ""attribute_name"": ""movieName"", ""of"": ""e_matrix"" }, ""operator"": ""="", ""right"": ""The Matrix""
        },
        {
          ""left"": { ""id"": ""r_act"" },
          ""or_conditions"": [
            {
              ""left"": { ""attribute_name"": ""name"", ""of"": ""e_actor"" },
              ""operator"": ""="",
              { ""id"": ""q1.projection[1].value"", ""type"": ""ActorInMovie"" }
            },
            {
              ""left"": { ""id"": ""q1.projection[0].value"", ""type"": ""Person"" },
              ""operator"": ""="",
              { ""id"": ""e_actor"", ""type"": ""Person"" }
            }
          ]
        }
      ]
    }
  },
  {
    ""id"": ""q3"",
    ""target"": [""e_top_actors""],
    ""entities"": [
      { ""id"": ""e_top_actors"", ""type"": ""TopActors"" }
    ],
    ""relationships"": [],
    ""constraint"": {
      ""and_conditions"": [
        {
          ""left"": { ""attribute_name"": ""movieName"", ""of"": ""e_matrix"" }, ""operator"": ""="", ""right"": ""The Matrix""
        },
        {
          ""left"": { ""id"": ""r_act"" },
          ""or_conditions"": [
            {
              ""left"": { ""attribute_name"": ""name"", ""of"": ""e_actor"" },
              ""operator"": ""="",
              { ""id"": ""q1.projection[1].value"", ""type"": ""ActorInMovie"" }
            },
            {
              ""left"": { ""id"": ""q1.projection[0].value"", ""type"": ""Person"" },
              ""operator"": ""="",
              { ""id"": ""e_actor"", ""type"": ""Person"" }
            }
          ]
        },
        {
          ""left"": { ""id"": ""q2.value"" },
          ""operator"": "">="",
          ""right"": { ""index"": 3 }
      ]
    }
  }
]
```"
22,Q12,Give me the actors of The Matrix along with the three actors who have acted the most in any movie with them,mistral:7b,False,0.15,29.512241,False,stop,4096,4.374696,1034,17.033423,60.7042," ```json
[
  {
    ""id"": ""q1"",
    ""target"": [""e_actor"", ""e_matrix_actor""],
    ""entities"": [
      { ""id"": ""e_actor"", ""type"": ""Person"" },
      { ""id"": ""e_matrix"", ""type"": ""Movie"" },
      { ""id"": ""e_matrix_actor"", ""type"": ""ActorInMovie"" }
    ],
    ""relationships"": [
      { ""id"": ""r_act"", ""role"": ""actor"", ""from"": ""e_actor"", ""to"": ""e_matrix"" },
      { ""id"": ""r_matrix_actor"", ""role"": ""actorInMovie"", ""from"": ""e_actor"", ""to"": ""e_matrix_actor"" }
    ],
    ""constraint"": {
      ""and_conditions"": [
        { ""left"": { ""attribute_name"": ""title"", ""of"": ""e_matrix"" }, ""operator"": ""="", ""right"": ""The Matrix"" },
        { ""left"": ""r_act"", ""operator"": ""!="", ""right"": null }
      ]
    },
    ""projection"": [
      { ""attribute_name"": ""name"", ""of"": ""e_actor"" },
      { ""attribute_name"": ""name"", ""of"": ""e_matrix_actor"" }
    ]
  },
  {
    ""id"": ""q2"",
    ""target"": [""e_actor_count""],
    ""entities"": [
      { ""id"": ""e_actor"", ""type"": ""Person"" },
      { ""id"": ""e_movie"", ""type"": ""Movie"" },
      { ""id"": ""e_actor_in_movie"", ""type"": ""ActorInMovie"" }
    ],
    ""relationships"": [
      { ""id"": ""r_act"", ""role"": ""actor"", ""from"": ""e_actor"", ""to"": ""e_movie"" },
      { ""id"": ""r_actor_in_movie"", ""role"": ""actorInMovie"", ""from"": ""e_actor"", ""to"": ""e_actor_in_movie"" }
    ],
    ""constraint"": {
      ""and_conditions"": [
        { ""left"": ""r_act"", ""operator"": ""!="", ""right"": null },
        { ""left"": ""r_actor_in_movie"", ""operator"": ""!="", ""right"": null }
      ]
    },
    ""projection"": [
      {
        ""attribute_name"": ""name"",
        ""of"": {
          ""id"": ""e_actor"",
          ""alias"": ""actor"",
          ""query"": {
            ""id"": ""q1"",
            ""target"": [""e_actor""],
            ""entities"": [{""id"": ""e_actor"", ""type"": ""Person""}],
            ""relationships"": [{ ""id"": ""r_act"", ""role"": ""actor"", ""from"": ""e_actor"", ""to"": ""e_matrix"" }],
            ""constraint"": {
              ""and_conditions"": [
                { ""left"": { ""attribute_name"": ""title"", ""of"": ""e_matrix"" }, ""operator"": ""="", ""right"": ""The Matrix"" },
                { ""left"": ""r_act"", ""operator"": ""!="", ""right"": null }
              ]
            }
          }
        },
        ""count"": {
          ""id"": ""e_actor_in_movie"",
          ""alias"": ""movies"",
          ""query"": {
            ""id"": ""q3"",
            ""target"": [""e_actor_in_movie""],
            ""entities"": [{""id"": ""e_actor_in_movie"", ""type"": ""ActorInMovie""}],
            ""relationships"": [{ ""id"": ""r_actor_in_movie"", ""role"": ""actorInMovie"", ""from"": ""e_actor"", ""to"": ""e_actor_in_movie"" }]
          },
          ""condition"": {
            ""left"": { ""attribute_name"": ""actor"", ""of"": ""e_actor_in_movie"" },
            ""operator"": ""="",
            ""right"": { ""alias"": ""actor"", ""query"": { ""id"": ""q1"", ... } }
          }
        }
      }
    ]
  }
]
```"
23,Q12,Give me the actors of The Matrix along with the three actors who have acted the most in any movie with them,mistral:7b,False,0.15,50.585676,True,stop,4096,4.366932,1906,31.292746,60.9087," ```json
[
  {
    ""id"": ""q1"",
    ""target"": [""e_actor"", ""e_matrix_actor""],
    ""entities"": [
      { ""id"": ""e_actor"", ""type"": ""Person"" },
      { ""id"": ""e_matrix"", ""type"": ""Movie"" },
      { ""id"": ""e_matrix_actor"", ""type"": ""ActorInMovie"" }
    ],
    ""relationships"": [
      { ""id"": ""r_act"", ""role"": ""actor"", ""from"": ""e_actor"", ""to"": ""e_matrix"" },
      { ""id"": ""r_matrix_actor"", ""role"": ""actorInMovie"", ""from"": ""e_actor"", ""to"": ""e_matrix_actor"" }
    ],
    ""constraint"": {
      ""and_conditions"": [
        { ""left"": { ""attribute_name"": ""movieName"", ""of"": ""e_matrix"" }, ""operator"": ""="", ""right"": ""The Matrix"" },
        { ""left"": ""r_act"", ""operator"": ""!="", ""right"": null }
      ]
    },
    ""projection"": [
      { ""attribute_name"": ""name"", ""of"": ""e_actor"" },
      { ""attribute_name"": ""name"", ""of"": ""e_matrix_actor"" }
    ]
  },
  {
    ""id"": ""q2"",
    ""target"": [""e_actor_count""],
    ""entities"": [
      { ""id"": ""e_actor"", ""type"": ""Person"" },
      { ""id"": ""e_movie"", ""type"": ""Movie"" },
      { ""id"": ""e_actor_in_movie"", ""type"": ""ActorInMovie"" }
    ],
    ""relationships"": [
      { ""id"": ""r_act"", ""role"": ""actor"", ""from"": ""e_actor"", ""to"": ""e_movie"" },
      { ""id"": ""r_actor_in_movie"", ""role"": ""actorInMovie"", ""from"": ""e_actor"", ""to"": ""e_actor_in_movie"" }
    ],
    ""constraint"": {
      ""and_conditions"": [
        { ""left"": ""r_act"", ""operator"": ""!="", ""right"": null },
        { ""left"": ""r_actor_in_movie"", ""operator"": ""!="", ""right"": null }
      ]
    },
    ""projection"": [
      {
        ""attribute_name"": ""name"",
        ""of"": ""e_actor"",
        ""aggregation"": {
          ""type"": ""COUNT"",
          ""field"": ""id""
        }
      }
    ]
  },
  {
    ""id"": ""q3"",
    ""target"": [""e_most_acted_actor""],
    ""entities"": [
      { ""id"": ""e_actor"", ""type"": ""Person"" },
      { ""id"": ""e_actor_count"", ""type"": ""ActorCount"" }
    ],
    ""relationships"": [],
    ""constraint"": {
      ""and_conditions"": [
        { ""left"": ""e_actor_count"", ""operator"": ""!="", ""right"": null },
        {
          ""left"": {
            ""attribute_name"": ""count"",
            ""of"": ""e_actor_count""
          },
          ""operator"": "">="",
          ""right"": {
            ""left"": {
              ""attribute_name"": ""count"",
              ""of"": {
                ""id"": ""e_actor_count_max"",
                ""type"": ""ActorCount""
              }
            },
            ""operator"": "">"",
            ""right"": 2
          }
        }
      ]
    },
    ""projection"": [
      { ""attribute_name"": ""name"", ""of"": ""e_actor"" }
    ],
    ""dependencies"": [""q2""]
  },
  {
    ""id"": ""q4"",
    ""target"": [],
    ""entities"": [
      { ""id"": ""e_actor_count_max"", ""type"": ""ActorCount"" }
    ],
    ""relationships"": [],
    ""constraint"": {},
    ""projection"": [
      {
        ""attribute_name"": ""count"",
        ""of"": {
          ""id"": ""e_actor_count_max"",
          ""type"": ""ActorCount""
        }
      }
    ],
    ""dependencies"": [""q2""]
  },
  {
    ""id"": ""q5"",
    ""target"": [""e_most_acted_with""],
    ""entities"": [
      { ""id"": ""e_actor"", ""type"": ""Person"" },
      { ""id"": ""e_actor_count"", ""type"": ""ActorCount"" }
    ],
    ""relationships"": [],
    ""constraint"": {
      ""and_conditions"": [
        { ""left"": ""e_actor_count"", ""operator"": ""!="", ""right"": null },
        {
          ""left"": {
            ""attribute_name"": ""count"",
            ""of"": ""e_actor_count""
          },
          ""operator"": "">="",
          ""right"": {
            ""left"": {
              ""attribute_name"": ""count"",
              ""of"": {
                ""id"": ""e_actor_count_max"",
                ""type"": ""ActorCount""
              }
            },
            ""operator"": "">"",
            ""right"": 2
          }
        }
      ]
    },
    ""projection"": [
      {
        ""attribute_name"": ""name"",
        ""of"": ""e_actor"",
        ""join"": {
          ""id"": ""e_matrix_actor"",
          ""type"": ""ActorInMovie"",
          ""on"": {
            ""left"": ""e_actor"",
            ""right"": ""r_actor_in_movie.actor""
          }
        },
        ""aggregation"": {
          ""type"": ""COUNT"",
          ""field"": ""id""
        }
      }
    ],
    ""dependencies"": [""q2"", ""q3""]
  },
  {
    ""id"": ""q6"",
    ""target"": [""e_most_acted_with_matrix""],
    ""entities"": [
      { ""id"": ""e_actor"", ""type"": ""Person"" },
      { ""id"": ""e_actor_count"", ""type"": ""ActorCount"" }
    ],
    ""relationships"": [],
    ""constraint"": {
      ""and_conditions"": [
        { ""left"": ""e_actor_count"", ""operator"": ""!="", ""right"": null },
        {
          ""left"": {
            ""attribute_name"": ""count"",
            ""of"": ""e_actor_count""
          },
          ""operator"": "">="",
          ""right"": {
            ""left"": {
              ""attribute_name"": ""count"",
              ""of"": {
                ""id"": ""e_actor_count_max"",
                ""type"": ""ActorCount""
              }
            },
            ""operator"": "">"",
            ""right"": 2
          }
        }
      ]
    },
    ""projection"": [
      {
        ""attribute_name"": ""name"",
        ""of"": ""e_actor"",
        ""join"": {
          ""id"": ""e_matrix_actor"",
          ""type"": ""ActorInMovie"",
          ""on"": {
            ""left"": ""e_actor"",
            ""right"": ""r_actor_in_movie.actor""
          }
        },
        ""filter"": {
          ""left"": {
            ""attribute_name"": ""movieName"",
            ""of"": ""e_matrix_actor""
          },
          ""operator"": ""="",
          ""right"": ""The Matrix""
        }
      }
    ],
    ""dependencies"": [""q2"", ""q3""]
  }
]
```"
24,Q12,Give me the actors of The Matrix along with the three actors who have acted the most in any movie with them,mistral:7b,False,0.15,29.017769,True,stop,4096,4.357684,1015,16.392564,61.9183," ```json
[
  {
    ""id"": ""q1"",
    ""target"": [""e_actor"", ""e_matrix_actor""],
    ""entities"": [
      { ""id"": ""e_actor"", ""type"": ""Person"" },
      { ""id"": ""e_matrix"", ""type"": ""Movie"" },
      { ""id"": ""e_matrix_actor"", ""type"": ""ActorInMovie"" }
    ],
    ""relationships"": [
      { ""id"": ""r_act"", ""role"": ""actor"", ""from"": ""e_actor"", ""to"": ""e_matrix"" },
      { ""id"": ""r_matrix_actor"", ""role"": ""actorInMovie"", ""from"": ""e_actor"", ""to"": ""e_matrix_actor"" }
    ],
    ""constraint"": {
      ""and_conditions"": [
        { ""left"": { ""attribute_name"": ""movieName"", ""of"": ""e_matrix"" }, ""operator"": ""="", ""right"": ""The Matrix"" },
        { ""left"": ""r_act"", ""operator"": ""!="", ""right"": null }
      ]
    },
    ""projection"": [
      { ""attribute_name"": ""name"", ""of"": ""e_actor"" },
      { ""attribute_name"": ""name"", ""of"": ""e_matrix_actor"" }
    ]
  },
  {
    ""id"": ""q2"",
    ""target"": [""e_actor1"", ""e_actor2"", ""e_actor3""],
    ""entities"": [
      { ""id"": ""e_actor1"", ""type"": ""Person"" },
      { ""id"": ""e_actor2"", ""type"": ""Person"" },
      { ""id"": ""e_actor3"", ""type"": ""Person"" }
    ],
    ""relationships"": [],
    ""constraint"": {
      ""and_conditions"": [
        {
          ""left"": {
            ""attribute_name"": ""name"",
            ""of"": {
              ""id"": ""e_actor1"",
              ""type"": ""Person""
            }
          },
          ""operator"": ""="",
          ""right"": ""Keanu Reeves""
        },
        {
          ""left"": {
            ""attribute_name"": ""name"",
            ""of"": {
              ""id"": ""e_actor2"",
              ""type"": ""Person""
            }
          },
          ""operator"": ""="",
          ""right"": ""Laurence Fishburne""
        },
        {
          ""left"": {
            ""attribute_name"": ""name"",
            ""of"": {
              ""id"": ""e_actor3"",
              ""type"": ""Person""
            }
          },
          ""operator"": ""="",
          ""right"": ""Carrie-Anne Moss""
        },
        {
          ""left"": { ""id"": ""e_actor1"", ""type"": ""Person"" },
          ""operator"": ""!="",
          ""right"": null
        },
        {
          ""left"": { ""id"": ""e_actor2"", ""type"": ""Person"" },
          ""operator"": ""!="",
          ""right"": null
        },
        {
          ""left"": { ""id"": ""e_actor3"", ""type"": ""Person"" },
          ""operator"": ""!="",
          ""right"": null
        },
        {
          ""left"": {
            ""attribute_name"": ""count"",
            ""of"": {
              ""id"": ""e_actor1"",
              ""type"": ""Person""
            }
          },
          ""operator"": "">="",
          ""right"": 3
        },
        {
          ""left"": {
            ""attribute_name"": ""count"",
            ""of"": {
              ""id"": ""e_actor2"",
              ""type"": ""Person""
            }
          },
          ""operator"": "">="",
          ""right"": 3
        },
        {
          ""left"": {
            ""attribute_name"": ""count"",
            ""of"": {
              ""id"": ""e_actor3"",
              ""type"": ""Person""
            }
          },
          ""operator"": "">="",
          ""right"": 3
        }
      ]
    }
  }
]
```"
25,Q12,Give me the actors of The Matrix along with the three actors who have acted the most in any movie with them,mistral:7b,False,0.15,48.88374,False,stop,4096,4.385755,1836,29.787986,61.6356," ```json
[
  {
    ""id"": ""q1"",
    ""target"": [""e_actor"", ""e_matrix_actor""],
    ""entities"": [
      { ""id"": ""e_actor"", ""type"": ""Person"" },
      { ""id"": ""e_movie"", ""type"": ""Movie"" },
      { ""id"": ""e_matrix"", ""type"": ""Movie"" },
      { ""id"": ""e_matrix_actor"", ""type"": ""Person"" }
    ],
    ""relationships"": [
      { ""id"": ""r_act"", ""role"": ""actor"", ""from"": ""e_actor"", ""to"": ""e_movie"" },
      { ""id"": ""r_matrix_act"", ""role"": ""acted in The Matrix"", ""from"": ""e_matrix_actor"", ""to"": ""e_matrix"" }
    ],
    ""constraint"": {
      ""and_conditions"": [
        { ""left"": { ""attribute_name"": ""name"", ""of"": ""e_matrix_actor"" }, ""operator"": ""="", ""right"": ""The Matrix"" },
        { ""left"": ""r_act"", ""operator"": ""!="", ""right"": null }
      ]
    }
  },
  {
    ""id"": ""q2"",
    ""target"": [""e_actor1"", ""e_actor2"", ""e_actor3""],
    ""entities"": [
      { ""id"": ""e_actor1"", ""type"": ""Person"" },
      { ""id"": ""e_actor2"", ""type"": ""Person"" },
      { ""id"": ""e_actor3"", ""type"": ""Person"" },
      { ""id"": ""e_movie"", ""type"": ""Movie"" },
      { ""id"": ""e_matrix"", ""type"": ""Movie"" }
    ],
    ""relationships"": [
      { ""id"": ""r_act1"", ""role"": ""actor"", ""from"": ""e_actor1"", ""to"": ""e_movie"" },
      { ""id"": ""r_act2"", ""role"": ""actor"", ""from"": ""e_actor2"", ""to"": ""e_movie"" },
      { ""id"": ""r_act3"", ""role"": ""actor"", ""from"": ""e_actor3"", ""to"": ""e_movie"" }
    ],
    ""constraint"": {
      ""and_conditions"": [
        {
          ""left"": { ""attribute_name"": ""name"", ""of"": ""e_actor1"" },
          ""operator"": ""="",
          ""right"": {
            ""id"": ""q1"",
            ""target"": [""e_matrix_actor""],
            ""entities"": [{""id"": ""e_matrix_actor"", ""type"": ""Person""}],
            ""relationships"": [{ ""id"": ""r_matrix_act"", ""role"": ""acted in The Matrix"", ""from"": ""e_matrix_actor"", ""to"": ""e_matrix"" }]
          }
        },
        {
          ""left"": { ""attribute_name"": ""name"", ""of"": ""e_actor2"" },
          ""operator"": ""="",
          ""right"": {
            ""id"": ""q1"",
            ""target"": [""e_matrix_actor""],
            ""entities"": [{""id"": ""e_matrix_actor"", ""type"": ""Person""}],
            ""relationships"": [{ ""id"": ""r_matrix_act"", ""role"": ""acted in The Matrix"", ""from"": ""e_matrix_actor"", ""to"": ""e_matrix"" }]
          }
        },
        {
          ""left"": { ""attribute_name"": ""name"", ""of"": ""e_actor3"" },
          ""operator"": ""="",
          ""right"": {
            ""id"": ""q1"",
            ""target"": [""e_matrix_actor""],
            ""entities"": [{""id"": ""e_matrix_actor"", ""type"": ""Person""}],
            ""relationships"": [{ ""id"": ""r_matrix_act"", ""role"": ""acted in The Matrix"", ""from"": ""e_matrix_actor"", ""to"": ""e_matrix"" }]
          }
        },
        {
          ""left"": { ""attribute_name"": ""name"", ""of"": ""e_actor1"" },
          ""operator"": ""!="",
          ""right"": { ""attribute_name"": ""name"", ""of"": ""e_actor2"" }
        },
        {
          ""left"": { ""attribute_name"": ""name"", ""of"": ""e_actor1"" },
          ""operator"": ""!="",
          ""right"": { ""attribute_name"": ""name"", ""of"": ""e_actor3"" }
        },
        {
          ""left"": { ""attribute_name"": ""name"", ""of"": ""e_actor2"" },
          ""operator"": ""!="",
          ""right"": { ""attribute_name"": ""name"", ""of"": ""e_actor3"" }
        },
        {
          ""id"": ""q3"",
          ""target"": [""e_movie""],
          ""entities"": [{""id"": ""e_movie"", ""type"": ""Movie""}],
          ""relationships"": [{ ""id"": ""r_act1"", ""role"": ""actor"", ""from"": ""e_actor1"", ""to"": ""e_movie"" }, { ""id"": ""r_act2"", ""role"": ""actor"", ""from"": ""e_actor2"", ""to"": ""e_movie"" }, { ""id"": ""r_act3"", ""role"": ""actor"", ""from"": ""e_actor3"", ""to"": ""e_movie"" }],
          ""constraint"": {
            ""and_conditions"": [
              { ""left"": ""r_act1"", ""operator"": ""!="", ""right"": null },
              { ""left"": ""r_act2"", ""operator"": ""!="", ""right"": null },
              { ""left"": ""r_act3"", ""operator"": ""!="", ""right"": null }
            ]
          }
        },
        {
          ""id"": ""q4"",
          ""target"": [""e_actor1_count""],
          ""entities"": [{""id"": ""e_actor1_count"", ""type"": ""Number""}],
          ""relationships"": [{ ""id"": ""r_act1"", ""role"": ""actor"", ""from"": ""e_actor1"", ""to"": ""e_movie"" }],
          ""constraint"": {
            ""and_conditions"": [
              { ""left"": ""q3"", ""operator"": ""!="", ""right"": null },
              { ""id"": ""q5"", ""target"": [""e_actor2_count""], ""entities"": [{""id"": ""e_actor2_count"", ""type"": ""Number""}], ""relationships"": [{ ""id"": ""r_act2"", ""role"": ""actor"", ""from"": ""e_actor2"", ""to"": ""e_movie"" }], ""constraint"": { ""and_conditions"": [{""left"": ""q3"", ""operator"": ""!="", ""right"": null }, {""id"": ""q6"", ""target"": [""e_actor3_count""], ""entities"": [{""id"": ""e_actor3_count"", ""type"": ""Number""}], ""relationships"": [{ ""id"": ""r_act3"", ""role"": ""actor"", ""from"": ""e_actor3"", ""to"": ""e_movie"" }], ""constraint"": { ""and_conditions"": [{""left"": ""q3"", ""operator"": ""!="", ""right"": null }, {""$gt"": [""e_actor1_count"", ""e_actor2_count""]}, {""$gt"": [""e_actor1_count"", ""e_actor3_count""]}]}}]}}
          ]
        }
      ]
    }
  }
]
```"
26,Q12,Give me the actors of The Matrix along with the three actors who have acted the most in any movie with them,mistral:7b,False,0.15,23.389494,True,stop,4096,4.37932,782,12.694841,61.5998," ```json
[
  {
    ""id"": ""q1"",
    ""target"": [""e_actor"", ""e_matrix_actor""],
    ""entities"": [
      { ""id"": ""e_actor"", ""type"": ""Person"" },
      { ""id"": ""e_matrix"", ""type"": ""Movie"" },
      { ""id"": ""e_matrix_actor"", ""type"": ""ActorInMovie"" }
    ],
    ""relationships"": [
      { ""id"": ""r_act"", ""role"": ""actor"", ""from"": ""e_actor"", ""to"": ""e_matrix"" },
      { ""id"": ""r_matrix_actor"", ""role"": ""actorInMovie"", ""from"": ""e_actor"", ""to"": ""e_matrix_actor"" }
    ],
    ""constraint"": {
      ""and_conditions"": [
        { ""left"": { ""attribute_name"": ""movieName"", ""of"": ""e_matrix"" }, ""operator"": ""="", ""right"": ""The Matrix"" },
        { ""left"": { ""id"": ""r_act"" }, ""operator"": ""EXISTS"" }
      ]
    }
  },
  {
    ""id"": ""q2"",
    ""target"": [""e_actor_count""],
    ""entities"": [
      { ""id"": ""e_actor"", ""type"": ""Person"" },
      { ""id"": ""e_movie"", ""type"": ""Movie"" },
      { ""id"": ""e_actor_in_movie"", ""type"": ""ActorInMovie"" },
      { ""id"": ""e_actor_count"", ""type"": ""Count"" }
    ],
    ""relationships"": [
      { ""id"": ""r_act"", ""role"": ""actor"", ""from"": ""e_actor"", ""to"": ""e_movie"" },
      { ""id"": ""r_actor_in_movie"", ""role"": ""actorInMovie"", ""from"": ""e_actor"", ""to"": ""e_actor_in_movie"" }
    ],
    ""constraint"": {
      ""and_conditions"": [
        { ""left"": { ""id"": ""r_act"" }, ""operator"": ""EXISTS"" },
        { ""left"": { ""id"": ""r_actor_in_movie"" }, ""operator"": ""EXISTS"" }
      ]
    },
    ""projection"": [
      { ""attribute_name"": ""actorId"", ""of"": ""e_actor"" },
      { ""attribute_name"": ""count"", ""of"": ""e_actor_count"" }
    ],
    ""groupBy"": [
      { ""attribute_name"": ""actorId"", ""of"": ""e_actor"" }
    ],
    ""orderBy"": [
      { ""attribute_name"": ""count"", ""of"": ""e_actor_count"", ""direction"": ""DESC"" }
    ],
    ""having"": {
      ""left"": { ""id"": ""r_act"" },
      ""operator"": ""EXISTS"",
      ""right"": [
        { ""left"": { ""attribute_name"": ""actorId"", ""of"": ""e_actor"" }, ""operator"": ""="", ""right"": ""{actorId}"" }
      ]
    },
    ""limit"": 3
  }
]
```"
27,Q12,Give me the actors of The Matrix along with the three actors who have acted the most in any movie with them,mistral:7b,False,0.15,26.403154,True,stop,4096,4.388903,906,14.945671,60.6196," ```json
[
  {
    ""id"": ""q1"",
    ""target"": [""e_actor"", ""e_matrix_actor""],
    ""entities"": [
      { ""id"": ""e_actor"", ""type"": ""Person"" },
      { ""id"": ""e_movie"", ""type"": ""Movie"" },
      { ""id"": ""e_matrix"", ""type"": ""Movie"" },
      { ""id"": ""e_matrix_actor"", ""type"": ""Relationship"" }
    ],
    ""relationships"": [
      { ""id"": ""r_act"", ""role"": ""actor"", ""from"": ""e_actor"", ""to"": ""e_movie"" },
      { ""id"": ""r_matrix_actor"", ""role"": ""in"", ""from"": ""e_actor"", ""to"": ""e_matrix"" }
    ],
    ""constraint"": {
      ""and_conditions"": [
        { ""left"": { ""attribute_name"": ""title"", ""of"": ""e_movie"" }, ""operator"": ""="", ""right"": ""The Matrix"" },
        { ""left"": { ""id"": ""r_act"" }, ""operator"": ""EXISTS"" }
      ]
    }
  },
  {
    ""id"": ""q2"",
    ""target"": [""e_actor_count""],
    ""entities"": [
      { ""id"": ""e_actor"", ""type"": ""Person"" },
      { ""id"": ""e_movie"", ""type"": ""Movie"" },
      { ""id"": ""e_actor_count"", ""type"": ""Count"" }
    ],
    ""relationships"": [
      { ""id"": ""r_act"", ""role"": ""actor"", ""from"": ""e_actor"", ""to"": ""e_movie"" },
      { ""id"": ""r_same_movie"", ""role"": ""in"", ""from"": ""e_actor"", ""to"": ""e_actor"" }
    ],
    ""constraint"": {
      ""and_conditions"": [
        {
          ""left"": { ""id"": ""q1"" },
          ""operator"": ""EXISTS"",
          ""right"": {}
        },
        {
          ""or_conditions"": [
            {
              ""left"": { ""id"": ""r_act"" },
              ""operator"": ""EXISTS"",
              ""right"": {}
            },
            {
              ""left"": { ""id"": ""r_same_movie"" },
              ""operator"": ""EXISTS"",
              ""right"": {}
            }
          ]
        },
        {
          ""left"": { ""id"": ""q1"" },
          ""operator"": ""NOT EXISTS"",
          ""right"": {
            ""and_conditions"": [
              {
                ""left"": { ""id"": ""r_act"" },
                ""operator"": ""EXISTS"",
                ""right"": {}
              },
              {
                ""left"": { ""id"": ""r_same_movie"" },
                ""operator"": ""EXISTS"",
                ""right"": {}
              },
              {
                ""left"": { ""id"": ""r_act"" },
                ""operator"": ""COUNT"",
                ""right"": { ""id"": ""e_actor_count"" }
              },
              {
                ""left"": { ""id"": ""r_same_movie"" },
                ""operator"": ""COUNT"",
                ""right"": { ""id"": ""e_actor_count"" }
              },
              {
                ""left"": { ""id"": ""r_act"" },
                ""operator"": ""<"",
                ""right"": { ""id"": ""r_same_movie"" }
              }
            ]
          }
        }
      ]
    }
  }
]
```"
28,Q12,Give me the actors of The Matrix along with the three actors who have acted the most in any movie with them,mistral:7b,False,0.15,27.285064,True,stop,4096,4.351404,942,15.505668,60.752," ```json
[
  {
    ""id"": ""q1"",
    ""target"": [""e_actor"", ""e_matrix_actor""],
    ""entities"": [
      { ""id"": ""e_actor"", ""type"": ""Person"" },
      { ""id"": ""e_matrix"", ""type"": ""Movie"" },
      { ""id"": ""e_matrix_actor"", ""type"": ""ActorInMovie"" }
    ],
    ""relationships"": [
      { ""id"": ""r_act"", ""role"": ""actor"", ""from"": ""e_actor"", ""to"": ""e_matrix"" },
      { ""id"": ""r_matrix_actor"", ""role"": ""actorInMovie"", ""from"": ""e_actor"", ""to"": ""e_matrix_actor"" }
    ],
    ""constraint"": {
      ""and_conditions"": [
        { ""left"": { ""attribute_name"": ""movieName"", ""of"": ""e_matrix"" }, ""operator"": ""="", ""right"": ""The Matrix"" },
        { ""left"": ""r_act"", ""operator"": ""!="", ""right"": null }
      ]
    },
    ""projection"": [
      { ""attribute_name"": ""name"", ""of"": ""e_actor"" },
      { ""attribute_name"": ""name"", ""of"": ""e_matrix_actor"" }
    ]
  },
  {
    ""id"": ""q2"",
    ""target"": [""e_most_acted""],
    ""entities"": [
      { ""id"": ""e_actor"", ""type"": ""Person"" },
      { ""id"": ""e_movie"", ""type"": ""Movie"" },
      { ""id"": ""e_actor_movie"", ""type"": ""ActorInMovie"" }
    ],
    ""relationships"": [
      { ""id"": ""r_act"", ""role"": ""actor"", ""from"": ""e_actor"", ""to"": ""e_movie"" },
      { ""id"": ""r_actor_movie"", ""role"": ""actorInMovie"", ""from"": ""e_actor"", ""to"": ""e_movie"" }
    ],
    ""constraint"": {
      ""and_conditions"": [
        { ""left"": ""r_act"", ""operator"": ""!="", ""right"": null },
        {
          ""or_conditions"": [
            {
              ""left"": { ""attribute_name"": ""name"", ""of"": ""e_actor"" },
              ""operator"": ""="",
              ""right"": {
                ""id"": ""q1_actor1"",
                ""type"": ""Person"",
                ""name"": ""(Actor 1 from The Matrix)""
              }
            },
            {
              ""left"": { ""attribute_name"": ""name"", ""of"": ""e_actor"" },
              ""operator"": ""="",
              ""right"": {
                ""id"": ""q1_actor2"",
                ""type"": ""Person"",
                ""name"": ""(Actor 2 from The Matrix)""
              }
            },
            {
              ""left"": { ""attribute_name"": ""name"", ""of"": ""e_actor"" },
              ""operator"": ""="",
              ""right"": {
                ""id"": ""q1_actor3"",
                ""type"": ""Person"",
                ""name"": ""(Actor 3 from The Matrix)""
              }
            }
          ]
        },
        {
          ""left"": { ""attribute_name"": ""count"", ""of"": ""r_actor_movie"" },
          ""operator"": "">="",
          ""right"": { ""id"": ""q2_count"", ""type"": ""Number"", ""value"": 3 }
        }
      ]
    },
    ""projection"": [
      { ""attribute_name"": ""name"", ""of"": ""e_actor"" },
      { ""attribute_name"": ""count"", ""of"": ""r_actor_movie"" }
    ]
  }
]
```"
29,Q12,Give me the actors of The Matrix along with the three actors who have acted the most in any movie with them,mistral:7b,False,0.15,60.022336,True,stop,4096,4.37418,2298,37.121679,61.9045," ```json
[
  {
    ""id"": ""q1"",
    ""target"": [""e_actor"", ""e_matrix_actor""],
    ""entities"": [
      { ""id"": ""e_actor"", ""type"": ""Person"" },
      { ""id"": ""e_matrix"", ""type"": ""Movie"" },
      { ""id"": ""e_matrix_actor"", ""type"": ""ActorInMovie"" }
    ],
    ""relationships"": [
      { ""id"": ""r_act"", ""role"": ""actor"", ""from"": ""e_actor"", ""to"": ""e_matrix"" },
      { ""id"": ""r_matrix_actor"", ""role"": ""actorInMovie"", ""from"": ""e_actor"", ""to"": ""e_matrix_actor"" }
    ],
    ""constraint"": {
      ""and_conditions"": [
        { ""left"": { ""attribute_name"": ""movieName"", ""of"": ""e_matrix"" }, ""operator"": ""="", ""right"": ""The Matrix"" },
        { ""left"": { ""id"": ""r_act"" }, ""operator"": ""EXISTS"" }
      ]
    }
  },
  {
    ""id"": ""q2"",
    ""target"": [""e_actor_count""],
    ""entities"": [
      { ""id"": ""e_actor"", ""type"": ""Person"" },
      { ""id"": ""e_movie"", ""type"": ""Movie"" },
      { ""id"": ""e_actor_in_movie"", ""type"": ""ActorInMovie"" },
      { ""id"": ""e_actor_count"", ""type"": ""Count"" }
    ],
    ""relationships"": [
      { ""id"": ""r_act"", ""role"": ""actor"", ""from"": ""e_actor"", ""to"": ""e_movie"" },
      { ""id"": ""r_actor_in_movie"", ""role"": ""actorInMovie"", ""from"": ""e_actor"", ""to"": ""e_actor_in_movie"" },
      { ""id"": ""r_actor_count"", ""role"": ""countedBy"", ""from"": ""e_actor_in_movie"", ""to"": ""e_actor_count"" }
    ],
    ""constraint"": {
      ""and_conditions"": [
        {
          ""left"": { ""id"": ""r_act"" },
          ""operator"": ""EXISTS"",
          ""right"": null,
          ""subquery"": {
            ""id"": ""q3"",
            ""target"": [""e_actor""],
            ""entities"": [
              { ""id"": ""e_actor"", ""type"": ""Person"" },
              { ""id"": ""e_matrix"", ""type"": ""Movie"" },
              { ""id"": ""e_matrix_actor"", ""type"": ""ActorInMovie"" }
            ],
            ""relationships"": [
              { ""id"": ""r_act"", ""role"": ""actor"", ""from"": ""e_actor"", ""to"": ""e_matrix"" },
              { ""id"": ""r_matrix_actor"", ""role"": ""actorInMovie"", ""from"": ""e_actor"", ""to"": ""e_matrix_actor"" }
            ],
            ""constraint"": {
              ""and_conditions"": [
                { ""left"": { ""attribute_name"": ""movieName"", ""of"": ""e_matrix"" }, ""operator"": ""="", ""right"": ""The Matrix"" },
                { ""left"": { ""id"": ""r_act"" }, ""operator"": ""EXISTS"" }
              ]
            }
          }
        },
        {
          ""left"": { ""id"": ""q3"", ""target"": ""e_actor"" },
          ""operator"": ""NOT"",
          ""right"": { ""id"": ""r_actor_count"", ""role"": ""countedBy"", ""from"": ""e_matrix_actor"" }
        },
        {
          ""left"": { ""id"": ""q4"", ""target"": [""e_actor_count""] },
          ""operator"": ""MAX"",
          ""right"": null,
          ""subquery"": {
            ""id"": ""q4"",
            ""target"": [""e_actor_count""],
            ""entities"": [
              { ""id"": ""e_actor_count"", ""type"": ""Count"" }
            ],
            ""relationships"": [],
            ""constraint"": {
              ""and_conditions"": [
                {
                  ""left"": { ""id"": ""r_actor_count"" },
                  ""operator"": ""EXISTS"",
                  ""right"": null,
                  ""subquery"": {
                    ""id"": ""q3"",
                    ""target"": [""e_actor""],
                    ""entities"": [
                      { ""id"": ""e_actor"", ""type"": ""Person"" },
                      { ""id"": ""e_movie"", ""type"": ""Movie"" },
                      { ""id"": ""e_actor_in_movie"", ""type"": ""ActorInMovie"" }
                    ],
                    ""relationships"": [
                      { ""id"": ""r_act"", ""role"": ""actor"", ""from"": ""e_actor"", ""to"": ""e_movie"" },
                      { ""id"": ""r_actor_in_movie"", ""role"": ""actorInMovie"", ""from"": ""e_actor"", ""to"": ""e_actor_in_movie"" }
                    ],
                    ""constraint"": {
                      ""and_conditions"": [
                        {
                          ""left"": { ""id"": ""r_act"" },
                          ""operator"": ""EXISTS"",
                          ""right"": null,
                          ""subquery"": {
                            ""id"": ""q3"",
                            ""target"": [""e_actor""],
                            ""entities"": [
                              { ""id"": ""e_actor"", ""type"": ""Person"" },
                              { ""id"": ""e_matrix"", ""type"": ""Movie"" },
                              { ""id"": ""e_matrix_actor"", ""type"": ""ActorInMovie"" }
                            ],
                            ""relationships"": [
                              { ""id"": ""r_act"", ""role"": ""actor"", ""from"": ""e_actor"", ""to"": ""e_matrix"" },
                              { ""id"": ""r_matrix_actor"", ""role"": ""actorInMovie"", ""from"": ""e_actor"", ""to"": ""e_matrix_actor"" }
                            ],
                            ""constraint"": {
                              ""and_conditions"": [
                                { ""left"": { ""attribute_name"": ""movieName"", ""of"": ""e_matrix"" }, ""operator"": ""="", ""right"": ""The Matrix"" },
                                { ""left"": { ""id"": ""r_act"" }, ""operator"": ""EXISTS"" }
                              ]
                            }
                          }
                        },
                        {
                          ""left"": { ""id"": ""q3"", ""target"": ""e_actor"" },
                          ""operator"": ""NOT"",
                          ""right"": { ""id"": ""r_actor_count"", ""role"": ""countedBy"", ""from"": ""e_matrix_actor"" }
                        }
                      ]
                    }
                  }
                },
                {
                  ""left"": { ""id"": ""q3"", ""target"": ""e_actor"" },
                  ""operator"": ""NOT"",
                  ""right"": { ""id"": ""r_actor_count"", ""role"": ""countedBy"", ""from"": ""e_matrix_actor"" }
                }
              ]
            }
          }
        },
        {
          ""left"": { ""id"": ""q4"", ""target"": ""e_actor_count"" },
          ""operator"": "">="",
          ""right"": { ""id"": ""r_actor_count"", ""role"": ""countedBy"", ""from"": ""e_matrix_actor"", ""to"": ""e_actor_count"" }
        }
      ]
    }
  },
  {
    ""id"": ""q5"",
    ""target"": [""e_actor""],
    ""entities"": [
      { ""id"": ""e_actor"", ""type"": ""Person"" },
      { ""id"": ""e_movie"", ""type"": ""Movie"" },
      { ""id"": ""e_actor_in_movie"", ""type"": ""ActorInMovie"" }
    ],
    ""relationships"": [
      { ""id"": ""r_act"", ""role"": ""actor"", ""from"": ""e_actor"", ""to"": ""e_movie"" },
      { ""id"": ""r_actor_in_movie"", ""role"": ""actorInMovie"", ""from"": ""e_actor"", ""to"": ""e_actor_in_movie"" }
    ],
    ""constraint"": {
      ""and_conditions"": [
        {
          ""left"": { ""id"": ""q4"", ""target"": ""e_actor_count"" },
          ""operator"": ""="",
          ""right"": { ""id"": ""r_actor_count"", ""role"": ""countedBy"", ""from"": ""e_matrix_actor"", ""to"": ""e_actor_count"" }
        },
        { ""left"": { ""id"": ""q3"", ""target"": ""e_actor"" }, ""operator"": ""NOT"", ""right"": null }
      ]
    }
  }
]
```

This query finds the actors in The Matrix movie, counts the number of movies each actor has acted in (excluding The Matrix), and then selects the actors who have acted in as many or more movies as they have acted in The Matrix."
30,Q12,Give me the actors of The Matrix along with the three actors who have acted the most in any movie with them,mistral:7b,False,0.15,16.584999,True,stop,4096,4.358319,500,8.13549,61.4591," ```json
[
  {
    ""id"": ""q1"",
    ""target"": [""e_actor"", ""e_matrix_actor""],
    ""entities"": [
      { ""id"": ""e_actor"", ""type"": ""Person"" },
      { ""id"": ""e_matrix"", ""type"": ""Movie"" },
      { ""id"": ""e_matrix_actor"", ""type"": ""ActorInMovie"" }
    ],
    ""relationships"": [
      { ""id"": ""r_act"", ""role"": ""actor"", ""from"": ""e_actor"", ""to"": ""e_matrix"" },
      { ""id"": ""r_matrix_actor"", ""role"": ""actorInMovie"", ""from"": ""e_actor"", ""to"": ""e_matrix_actor"" }
    ],
    ""constraint"": {
      ""and_conditions"": [
        { ""left"": { ""attribute_name"": ""movieName"", ""of"": ""e_matrix"" }, ""operator"": ""="", ""right"": ""The Matrix"" },
        { ""left"": { ""id"": ""r_act"" }, ""operator"": ""NOT"", ""right"": { ""id"": ""q2"" } }
      ]
    }
  },
  {
    ""id"": ""q2"",
    ""target"": [""e_actor""],
    ""entities"": [
      { ""id"": ""e_actor"", ""type"": ""Person"" },
      { ""id"": ""e_matrix_actor"", ""type"": ""ActorInMovie"" }
    ],
    ""relationships"": [
      { ""id"": ""r_act_with"", ""role"": ""actedWith"", ""from"": ""e_actor"", ""to"": ""e_matrix_actor"" }
    ],
    ""constraint"": {
      ""and_conditions"": [
        { ""left"": { ""id"": ""r_act"" }, ""operator"": ""="", ""right"": ""The Matrix"" },
        { ""left"": { ""count_id"": ""r_act_with"" }, ""operator"": "">="", ""right"": 3 }
      ]
    }
  }
]
```"
