Run,Query ID,Query,Model,Thinking,Temperature,Inference Time (s),Valid JSON,Done Reason,Prompt Eval Count,Prompt Eval Duration (s),Eval Count,Eval Duration (s),Generation Throughput (tokens/s),Response
1,Q10,Movies where all the main actors have won more awards than any Argentine actor,mistral:7b,False,0.15,24.785659,True,stop,4096,4.38514,839,13.732345,61.0966," Based on the provided grammar, here's how I would generate JSON for the given input: ""Movies where all the main actors have won more awards than any Argentine actor"".

```json
{
  ""hypotheses_set"": [
    [
      {
        ""id"": ""q1"",
        ""target"": [""e_movie""],
        ""entities"": [
          { ""id"": ""e_movie"", ""type"": ""Movie"" },
          { ""id"": ""e_actor"", ""type"": ""Person"" },
          { ""id"": ""e_argentine_actor"", ""type"": ""Person"" },
          { ""id"": ""e_award"", ""type"": ""Award"" }
        ],
        ""relationships"": [
          { ""id"": ""r_act"", ""role"": ""actor"", ""from"": ""e_actor"", ""to"": ""e_movie"" },
          { ""id"": ""r_argentine"", ""role"": ""Argentine"", ""from"": ""e_argentine_actor"", ""to"": ""e_actor"" },
          { ""id"": ""r_won"", ""role"": ""won"", ""from"": ""e_actor"", ""to"": ""e_award"" }
        ],
        ""constraint"": {
          ""and_conditions"": [
            {
              ""left"": { ""attribute_name"": ""country"", ""of"": ""e_argentine_actor"" },
              ""operator"": ""="",
              ""right"": ""Argentina""
            },
            {
              ""or_conditions"": [
                {
                  ""and_conditions"": [
                    {
                      ""left"": { ""attribute_name"": ""country"", ""of"": ""e_actor"" },
                      ""operator"": ""!="",
                      ""right"": ""Argentina""
                    },
                    {
                      ""left"": { ""id"": ""r_argentine"" },
                      ""operator"": ""!exists""
                    }
                  ]
                },
                {
                  ""and_conditions"": [
                    {
                      ""left"": { ""attribute_name"": ""country"", ""of"": ""e_actor"" },
                      ""operator"": ""="",
                      ""right"": ""Argentina""
                    },
                    {
                      ""or_conditions"": [
                        {
                          ""left"": { ""id"": ""r_argentine"" },
                          ""operator"": ""!exists""
                        },
                        {
                          ""left"": { ""count_id"": ""r_won"" },
                          ""operator"": "">="",
                          ""right"": {
                            ""left"": { ""id"": ""r_argentine"" },
                            ""operator"": ""count"",
                            ""right"": { ""id"": ""r_won"" }
                          }
                        }
                      ]
                    }
                  ]
                }
              ]
            }
          ]
        }
      }
    ]
  ]
}
```

This JSON represents a hypothesis that filters movies where all the main actors are not Argentine or, if they are Argentine, have won more awards than any other Argentine actor in the dataset. The query includes entities for movie, actor, award, and country (assuming there is a `country` attribute associated with each person entity). It also includes relationships for acting in a movie, being Argentine, and winning an award. The constraint uses both `and_conditions` and `or_conditions` to represent the logical structure of the input."
2,Q10,Movies where all the main actors have won more awards than any Argentine actor,mistral:7b,False,0.15,27.970183,True,stop,4096,4.385371,971,15.800856,61.4524," Based on the provided grammar, here's how I would generate JSON for the given input: ""Movies where all the main actors have won more awards than any Argentine actor"".

```json
{
  ""hypotheses_set"": [
    [
      {
        ""id"": ""q1"",
        ""target"": [""e_movie""],
        ""entities"": [
          { ""id"": ""e_movie"", ""type"": ""Movie"" },
          { ""id"": ""e_actor"", ""type"": ""Person"" },
          { ""id"": ""e_argentine_actor"", ""type"": ""Person"" },
          { ""id"": ""e_award"", ""type"": ""Award"" }
        ],
        ""relationships"": [
          { ""id"": ""r_act"", ""role"": ""actor"", ""from"": ""e_actor"", ""to"": ""e_movie"" },
          { ""id"": ""r_won"", ""role"": ""won"", ""from"": ""e_actor"", ""to"": ""e_award"" },
          { ""id"": ""r_argentine"", ""role"": ""Argentine"", ""from"": ""e_argentine_actor"", ""to"": ""e_movie"" }
        ],
        ""constraint"": {
          ""and_conditions"": [
            {
              ""or_conditions"": [
                {
                  ""left"": { ""attribute_name"": ""nationality"", ""of"": ""e_argentine_actor"" },
                  ""operator"": ""="",
                  ""right"": ""Argentina""
                }
              ]
            },
            {
              ""and_conditions"": [
                {
                  ""left"": { ""attribute_name"": ""nationality"", ""of"": ""e_actor"" },
                  ""operator"": ""!="",
                  ""right"": ""Argentina""
                },
                {
                  ""and_conditions"": [
                    {
                      ""left"": { ""attribute_name"": ""nationality"", ""of"": ""e_actor"" },
                      ""operator"": ""!="",
                      ""right"": ""Unknown""
                    },
                    {
                      ""left"": { ""count_id"": ""r_won"" },
                      ""operator"": "">"",
                      ""right"": {
                        ""or_conditions"": [
                          {
                            ""left"": { ""attribute_name"": ""nationality"", ""of"": ""e_argentine_actor"" },
                            ""operator"": ""="",
                            ""right"": ""Argentina""
                          },
                          {
                            ""id"": ""q2"",
                            ""target"": [""e_award""],
                            ""entities"": [{""id"": ""e_award"", ""type"": ""Award""}],
                            ""relationships"": [
                              { ""id"": ""r_argentine_won"", ""role"": ""won"", ""from"": ""e_argentine_actor"", ""to"": ""e_award"" }
                            ],
                            ""constraint"": {
                              ""count_conditions"": [""r_argentine_won""]
                            }
                          }
                        ]
                      }
                    }
                  ]
                }
              ]
            }
          ]
        }
      }
    ],
    [
      {
        ""id"": ""q2"",
        ""target"": [""e_award""],
        ""entities"": [{""id"": ""e_award"", ""type"": ""Award""}],
        ""relationships"": [
          { ""id"": ""r_argentine_won"", ""role"": ""won"", ""from"": ""e_argentine_actor"", ""to"": ""e_award"" }
        ],
        ""constraint"": {}
      }
    ]
  ]
}
```

This JSON represents a hypothesis set with two queries. The first query checks for movies where all the main actors have won more awards than any Argentine actor, and the second query is used to count the number of awards won by Argentine actors."
3,Q10,Movies where all the main actors have won more awards than any Argentine actor,mistral:7b,False,0.15,19.428846,True,stop,4096,4.37138,618,10.067007,61.3887," Based on the provided grammar, here's how I would generate JSON for the given input: ""Movies where all the main actors have won more awards than any Argentine actor"".

```json
{
  ""hypotheses_set"": [
    {
      ""id"": ""q1"",
      ""target"": [""e_movie""],
      ""entities"": [
        { ""id"": ""e_movie"", ""type"": ""Movie"" },
        { ""id"": ""e_actor"", ""type"": ""Person"" },
        { ""id"": ""e_argentine_actor"", ""type"": ""Person"" },
        { ""id"": ""e_award"", ""type"": ""Award"" }
      ],
      ""relationships"": [
        { ""id"": ""r_act"", ""role"": ""actor"", ""from"": ""e_actor"", ""to"": ""e_movie"" },
        { ""id"": ""r_argentine"", ""role"": ""Argentine"", ""from"": ""e_argentine_actor"", ""to"": ""e_actor"" },
        { ""id"": ""r_won"", ""role"": ""won"", ""from"": ""e_actor"", ""to"": ""e_award"" }
      ],
      ""constraint"": {
        ""and_conditions"": [
          {
            ""or_conditions"": [
              {
                ""left"": { ""attribute_name"": ""nationality"", ""of"": ""e_actor"" },
                ""operator"": ""="",
                ""right"": ""Argentine""
              }
            ]
          },
          {
            ""and_conditions"": [
              {
                ""left"": { ""attribute_name"": ""nationality"", ""of"": ""e_actor"" },
                ""operator"": ""!="",
                ""right"": ""Argentine""
              },
              {
                ""left"": { ""count_id"": ""r_won"" },
                ""operator"": "">"",
                ""right"": {
                  ""left"": { ""count_id"": ""r_argentine"" },
                  ""operator"": ""count"",
                  ""right"": { ""attribute_name"": ""count"", ""of"": ""e_award"" }
                }
              }
            ]
          }
        ]
      }
    }
  ]
}
```

This JSON represents a hypothesis that targets movies where at least one actor is Argentine, but all the other actors have won more awards than any Argentine actor. The `constraint` section uses both `or_conditions` and `and_conditions` to ensure this condition is met."
4,Q10,Movies where all the main actors have won more awards than any Argentine actor,mistral:7b,False,0.15,23.560276,True,stop,4096,4.361556,787,13.023304,60.4301," Based on the provided grammar, here's how I would generate JSON for the given input: ""Movies where all the main actors have won more awards than any Argentine actor"".

```json
{
  ""hypotheses_set"": [
    [
      {
        ""id"": ""q1"",
        ""target"": [""e_movie""],
        ""entities"": [
          { ""id"": ""e_movie"", ""type"": ""Movie"" },
          { ""id"": ""e_actor"", ""type"": ""Person"" },
          { ""id"": ""e_argentine_actor"", ""type"": ""Person"" },
          { ""id"": ""e_award"", ""type"": ""Award"" }
        ],
        ""relationships"": [
          { ""id"": ""r_act"", ""role"": ""actor"", ""from"": ""e_actor"", ""to"": ""e_movie"" },
          { ""id"": ""r_argentine"", ""role"": ""Argentine"", ""from"": ""e_argentine_actor"", ""to"": ""e_actor"" },
          { ""id"": ""r_won"", ""role"": ""won"", ""from"": ""e_actor"", ""to"": ""e_award"" }
        ],
        ""constraint"": {
          ""and_conditions"": [
            {
              ""left"": { ""attribute_name"": ""country"", ""of"": ""e_argentine_actor"" },
              ""operator"": ""="",
              ""right"": ""Argentina""
            },
            {
              ""or_conditions"": [
                {
                  ""and_conditions"": [
                    {
                      ""left"": { ""attribute_name"": ""country"", ""of"": ""e_actor"" },
                      ""operator"": ""!="",
                      ""right"": ""Argentina""
                    },
                    {
                      ""left"": { ""id"": ""r_argentine"" },
                      ""operator"": ""false""
                    }
                  ]
                },
                {
                  ""and_conditions"": [
                    {
                      ""left"": { ""attribute_name"": ""country"", ""of"": ""e_actor"" },
                      ""operator"": ""="",
                      ""right"": ""Argentina""
                    },
                    {
                      ""left"": { ""id"": ""r_argentine"" },
                      ""operator"": ""true""
                    }
                  ]
                }
              ]
            },
            {
              ""and_conditions"": [
                {
                  ""left"": { ""count_id"": ""r_won"" },
                  ""operator"": "">="",
                  ""right"": { ""count_id"": ""e_actor"" }
                },
                {
                  ""left"": { ""id"": ""r_argentine"" },
                  ""operator"": ""false""
                }
              ]
            }
          ]
        }
      }
    ]
  ]
}
```

This JSON represents the following query: Find movies where all actors (excluding Argentine actors) have won more awards than any Argentine actor. The query uses `and_conditions` and `or_conditions` to handle multiple conditions, and `count_id` to count the number of awards each actor has won."
5,Q10,Movies where all the main actors have won more awards than any Argentine actor,mistral:7b,False,0.15,25.502987,True,stop,4096,4.36535,868,14.318433,60.6212," Based on the provided grammar, here's how I would generate JSON for the given input: ""Movies where all the main actors have won more awards than any Argentine actor"".

```json
{
  ""hypotheses_set"": [
    [
      {
        ""id"": ""q1"",
        ""target"": [""e_movie""],
        ""entities"": [
          { ""id"": ""e_movie"", ""type"": ""Movie"" },
          { ""id"": ""e_actor"", ""type"": ""Person"" },
          { ""id"": ""e_argentine_actor"", ""type"": ""Person"" },
          { ""id"": ""e_award"", ""type"": ""Award"" }
        ],
        ""relationships"": [
          { ""id"": ""r_act"", ""role"": ""actor"", ""from"": ""e_actor"", ""to"": ""e_movie"" },
          { ""id"": ""r_argentine"", ""role"": ""Argentine"", ""from"": ""e_argentine_actor"", ""to"": ""e_actor"" },
          { ""id"": ""r_won"", ""role"": ""won"", ""from"": ""e_actor"", ""to"": ""e_award"" }
        ],
        ""constraint"": {
          ""and_conditions"": [
            {
              ""left"": { ""attribute_name"": ""nationality"", ""of"": ""e_argentine_actor"" },
              ""operator"": ""="",
              ""right"": ""Argentina""
            },
            {
              ""or_conditions"": [
                {
                  ""left"": { ""attribute_name"": ""nationality"", ""of"": ""e_actor"" },
                  ""operator"": ""!="",
                  ""right"": ""Argentina""
                },
                {
                  ""and_conditions"": [
                    {
                      ""left"": { ""attribute_name"": ""nationality"", ""of"": ""e_actor"" },
                      ""operator"": ""="",
                      ""right"": ""Argentina""
                    },
                    {
                      ""left"": { ""count_id"": ""r_won"" },
                      ""operator"": "">"",
                      ""right"": {
                        ""or_conditions"": [
                          {
                            ""left"": { ""attribute_name"": ""nationality"", ""of"": ""e_argentine_actor"" },
                            ""operator"": ""="",
                            ""right"": ""Argentina""
                          },
                          {
                            ""id"": ""q2"",
                            ""target"": [""e_award""],
                            ""entities"": [{""id"": ""e_award"", ""type"": ""Award""}],
                            ""relationships"": [
                              { ""id"": ""r_argentine_won"", ""role"": ""won"", ""from"": ""e_argentine_actor"", ""to"": ""e_award"" }
                            ],
                            ""constraint"": {
                              ""count"": 1
                            }
                          }
                        ]
                      }
                    }
                  ]
                }
              ]
            }
          ]
        }
      }
    ]
  ]
}
```

This JSON represents a hypothesis that targets movies where all the main actors have won more awards than any Argentine actor. It includes entities for movies, actors, and awards, as well as relationships between them. The constraint checks if an actor is Argentine or not, and if they are not, it checks if they have won more awards than any Argentine actor. If an actor is Argentine, it checks if they have won at least one award."
6,Q10,Movies where all the main actors have won more awards than any Argentine actor,mistral:7b,False,0.15,21.689917,True,stop,4096,4.385123,711,11.589569,61.3483," Based on the provided grammar, here's how I would generate JSON for the given input: ""Movies where all the main actors have won more awards than any Argentine actor"".

```json
{
  ""hypotheses_set"": [
    {
      ""id"": ""q1"",
      ""target"": [""e_movie""],
      ""entities"": [
        { ""id"": ""e_movie"", ""type"": ""Movie"" },
        { ""id"": ""e_actor"", ""type"": ""Person"" },
        { ""id"": ""e_argentine_actor"", ""type"": ""Person"" },
        { ""id"": ""e_award"", ""type"": ""Award"" }
      ],
      ""relationships"": [
        { ""id"": ""r_act"", ""role"": ""actor"", ""from"": ""e_actor"", ""to"": ""e_movie"" },
        { ""id"": ""r_argentine"", ""role"": ""Argentine"", ""from"": ""e_argentine_actor"", ""to"": ""e_actor"" },
        { ""id"": ""r_won"", ""role"": ""won"", ""from"": ""e_actor"", ""to"": ""e_award"" }
      ],
      ""constraint"": {
        ""and_conditions"": [
          {
            ""left"": { ""attribute_name"": ""nationality"", ""of"": ""e_argentine_actor"" },
            ""operator"": ""="",
            ""right"": ""Argentina""
          },
          {
            ""or_conditions"": [
              {
                ""left"": { ""attribute_name"": ""nationality"", ""of"": ""e_actor"" },
                ""operator"": ""!="",
                ""right"": ""Argentina""
              },
              {
                ""and_conditions"": [
                  {
                    ""left"": { ""attribute_name"": ""nationality"", ""of"": ""e_actor"" },
                    ""operator"": ""="",
                    ""right"": ""Argentina""
                  },
                  {
                    ""left"": { ""count_id"": ""r_won"" },
                    ""operator"": "">"",
                    ""right"": {
                      ""left"": { ""count_id"": ""r_argentine_actor_award"" },
                      ""operator"": ""MAX"",
                      ""right"": {}
                    }
                  }
                ]
              }
            ]
          }
        ]
      }
    }
  ]
}
```

This JSON represents a hypothesis that targets movies where all the main actors have won more awards than any Argentine actor. The query includes entities for movies, actors, awards, and Argentine actors, as well as relationships between them. The constraint checks if an actor is Argentine and if they have won fewer awards than the maximum number of awards won by any Argentine actor (if such a person exists). If not, it checks if the actor is not Argentine and has won more awards than any Argentine actor."
7,Q10,Movies where all the main actors have won more awards than any Argentine actor,mistral:7b,False,0.15,25.933919,False,stop,4096,4.379047,887,14.427836,61.4784," Based on the provided grammar, here's how I would structure the JSON output for the given input: ""Movies where all the main actors have won more awards than any Argentine actor"".

```json
```json
{
  ""hypotheses_set"": [
    {
      ""id"": ""q1"",
      ""target"": [""e_movie""],
      ""entities"": [
        { ""id"": ""e_movie"", ""type"": ""Movie"" },
        { ""id"": ""e_actor"", ""type"": ""Person"" },
        { ""id"": ""e_argentine_actor"", ""type"": ""Person"" },
        { ""id"": ""e_award"", ""type"": ""Award"" }
      ],
      ""relationships"": [
        { ""id"": ""r_act"", ""role"": ""actor"", ""from"": ""e_actor"", ""to"": ""e_movie"" },
        { ""id"": ""r_argentine"", ""role"": ""Argentine"", ""from"": ""e_argentine_actor"", ""to"": ""e_actor"" },
        { ""id"": ""r_won"", ""role"": ""won"", ""from"": ""e_actor"", ""to"": ""e_award"" }
      ],
      ""constraint"": {
        ""and_conditions"": [
          {
            ""or_conditions"": [
              {
                ""left"": { ""attribute_name"": ""nationality"", ""of"": ""e_actor"" },
                ""operator"": ""="",
                ""right"": ""Argentine""
              }
            ]
          },
          {
            ""and_conditions"": [
              {
                ""left"": { ""attribute_name"": ""nationality"", ""of"": ""e_actor"" },
                ""operator"": ""!="",
                ""right"": ""Argentine""
              },
              {
                ""left"": { ""count_id"": ""r_won"" },
                ""operator"": "">"",
                ""right"": {
                  ""or_conditions"": [
                    {
                      ""left"": { ""attribute_name"": ""nationality"", ""of"": ""e_argentine_actor"" },
                      ""operator"": ""="",
                      ""right"": ""Argentine""
                    },
                    {
                      ""id"": ""q2"",
                      ""target"": [""e_award""],
                      ""entities"": [{""id"": ""e_award"", ""type"": ""Award""}],
                      ""relationships"": [
                        { ""id"": ""r_argentine_won"", ""role"": ""won"", ""from"": ""e_argentine_actor"", ""to"": ""e_award"" }
                      ],
                      ""constraint"": {}
                    }
                  ]
                }
              }
            ]
          }
        ]
      }
    },
    {
      ""id"": ""q2"",
      ""target"": [""e_award""],
      ""entities"": [{""id"": ""e_award"", ""type"": ""Award""}],
      ""relationships"": [
        { ""id"": ""r_argentine_won"", ""role"": ""won"", ""from"": ""e_argentine_actor"", ""to"": ""e_award"" }
      ],
      ""constraint"": {}
    }
  ]
}
```json
```

This JSON represents a hypothesis set with two queries. The first query (q1) searches for movies where all the actors are either not Argentine or have won more awards than any Argentine actor. The second query (q2) is used to count the number of awards won by Argentine actors, which is needed in the constraint of q1."
8,Q10,Movies where all the main actors have won more awards than any Argentine actor,mistral:7b,False,0.15,21.029003,True,stop,4096,4.380511,684,11.179779,61.1819," Based on the provided grammar, here's how I would generate JSON for the given input: ""Movies where all the main actors have won more awards than any Argentine actor"".

```json
{
  ""hypotheses_set"": [
    [
      {
        ""id"": ""q1"",
        ""target"": [""e_movie""],
        ""entities"": [
          { ""id"": ""e_movie"", ""type"": ""Movie"" },
          { ""id"": ""e_actor"", ""type"": ""Person"" },
          { ""id"": ""e_argentine_actor"", ""type"": ""Person"" },
          { ""id"": ""e_award"", ""type"": ""Award"" }
        ],
        ""relationships"": [
          { ""id"": ""r_act"", ""role"": ""actor"", ""from"": ""e_actor"", ""to"": ""e_movie"" },
          { ""id"": ""r_argentine"", ""role"": ""Argentine"", ""from"": ""e_argentine_actor"", ""to"": ""e_actor"" },
          { ""id"": ""r_won"", ""role"": ""won"", ""from"": ""e_actor"", ""to"": ""e_award"" }
        ],
        ""constraint"": {
          ""and_conditions"": [
            {
              ""or_conditions"": [
                {
                  ""left"": { ""attribute_name"": ""nationality"", ""of"": ""e_argentine_actor"" },
                  ""operator"": ""="",
                  ""right"": ""Argentina""
                }
              ]
            },
            {
              ""and_conditions"": [
                {
                  ""left"": { ""attribute_name"": ""nationality"", ""of"": ""e_actor"" },
                  ""operator"": ""!="",
                  ""right"": ""Argentina""
                },
                {
                  ""all_id"": ""e_actor"",
                  ""condition"": {
                    ""left"": { ""count_id"": ""r_won"" },
                    ""operator"": "">"",
                    ""right"": {
                      ""or_conditions"": [
                        {
                          ""left"": { ""attribute_name"": ""nationality"", ""of"": ""e_argentine_actor"" },
                          ""operator"": ""="",
                          ""right"": ""Argentina""
                        }
                      ]
                    }
                  }
                }
              ]
            }
          ]
        }
      }
    ]
  ]
}
```

This JSON represents a hypothesis that targets movies where all the main actors have won more awards than any Argentine actor. It includes entities for movies, actors, awards, and relationships between them. The constraint checks if an actor is Argentine and if all non-Argentine actors have won more awards than any Argentine actor."
9,Q10,Movies where all the main actors have won more awards than any Argentine actor,mistral:7b,False,0.15,24.435052,True,stop,4096,4.384779,825,13.427335,61.4418," Based on the provided grammar, here's how I would generate JSON for the given input: ""Movies where all the main actors have won more awards than any Argentine actor"".

```json
{
  ""hypotheses_set"": [
    [
      {
        ""id"": ""q1"",
        ""target"": [""e_movie""],
        ""entities"": [
          { ""id"": ""e_movie"", ""type"": ""Movie"" },
          { ""id"": ""e_actor"", ""type"": ""Person"" },
          { ""id"": ""e_argentine_actor"", ""type"": ""Person"" },
          { ""id"": ""e_award"", ""type"": ""Award"" }
        ],
        ""relationships"": [
          { ""id"": ""r_act"", ""role"": ""actor"", ""from"": ""e_actor"", ""to"": ""e_movie"" },
          { ""id"": ""r_won"", ""role"": ""won"", ""from"": ""e_actor"", ""to"": ""e_award"" },
          { ""id"": ""r_argentine"", ""role"": ""Argentine"", ""from"": ""e_argentine_actor"", ""to"": ""e_movie"" }
        ],
        ""constraint"": {
          ""and_conditions"": [
            {
              ""left"": { ""attribute_name"": ""nationality"", ""of"": ""e_argentine_actor"" },
              ""operator"": ""="",
              ""right"": ""Argentina""
            },
            {
              ""or_conditions"": [
                {
                  ""left"": { ""attribute_name"": ""nationality"", ""of"": ""e_actor"" },
                  ""operator"": ""!="",
                  ""right"": ""Argentina""
                },
                {
                  ""and_conditions"": [
                    {
                      ""left"": { ""attribute_name"": ""nationality"", ""of"": ""e_actor"" },
                      ""operator"": ""="",
                      ""right"": ""Argentina""
                    },
                    {
                      ""left"": { ""count_id"": ""r_won"" },
                      ""operator"": "">"",
                      ""right"": {
                        ""or_conditions"": [
                          {
                            ""left"": { ""attribute_name"": ""nationality"", ""of"": ""e_argentine_actor"" },
                            ""operator"": ""="",
                            ""right"": ""Argentina""
                          },
                          {
                            ""id"": ""q2"",
                            ""target"": [""e_award""],
                            ""entities"": [{""id"": ""e_award"", ""type"": ""Award""}],
                            ""relationships"": [
                              { ""id"": ""r_argentine_won"", ""role"": ""won"", ""from"": ""e_argentine_actor"", ""to"": ""e_award"" }
                            ],
                            ""constraint"": {
                              ""count"": 1
                            }
                          }
                        ]
                      }
                    }
                  ]
                }
              ]
            }
          ]
        }
      }
    ]
  ]
}
```

This JSON represents a hypothesis that filters movies where all the main actors have won more awards than any Argentine actor. It includes sub-hypothesis `q2` to count the number of awards won by Argentine actors."
10,Q10,Movies where all the main actors have won more awards than any Argentine actor,mistral:7b,False,0.15,21.682385,True,stop,4096,4.389161,711,11.559134,61.5098," Based on the provided grammar, here's how I would generate JSON for the given input: ""Movies where all the main actors have won more awards than any Argentine actor"".

```json
{
  ""hypotheses_set"": [
    {
      ""id"": ""q1"",
      ""target"": [""e_movie""],
      ""entities"": [
        { ""id"": ""e_movie"", ""type"": ""Movie"" },
        { ""id"": ""e_actor"", ""type"": ""Person"" },
        { ""id"": ""e_argentine_actor"", ""type"": ""Person"" },
        { ""id"": ""e_award"", ""type"": ""Award"" }
      ],
      ""relationships"": [
        { ""id"": ""r_act"", ""role"": ""actor"", ""from"": ""e_actor"", ""to"": ""e_movie"" },
        { ""id"": ""r_argentine"", ""role"": ""Argentine"", ""from"": ""e_argentine_actor"", ""to"": ""e_actor"" },
        { ""id"": ""r_won"", ""role"": ""won"", ""from"": ""e_actor"", ""to"": ""e_award"" }
      ],
      ""constraint"": {
        ""and_conditions"": [
          {
            ""left"": { ""attribute_name"": ""nationality"", ""of"": ""e_argentine_actor"" },
            ""operator"": ""="",
            ""right"": ""Argentina""
          },
          {
            ""or_conditions"": [
              {
                ""left"": { ""attribute_name"": ""nationality"", ""of"": ""e_actor"" },
                ""operator"": ""!="",
                ""right"": ""Argentina""
              },
              {
                ""and_conditions"": [
                  {
                    ""left"": { ""attribute_name"": ""nationality"", ""of"": ""e_actor"" },
                    ""operator"": ""="",
                    ""right"": ""Argentina""
                  },
                  {
                    ""left"": { ""count_id"": ""r_won"" },
                    ""operator"": "">"",
                    ""right"": {
                      ""left"": { ""count_id"": ""r_argentine_actor_award"" },
                      ""operator"": ""MAX"",
                      ""right"": {}
                    }
                  }
                ]
              }
            ]
          }
        ]
      }
    }
  ]
}
```

This JSON represents a hypothesis that targets movies where all the main actors have won more awards than any Argentine actor. The query includes entities for movies, actors, awards, and Argentine actors, as well as relationships between them. The constraint checks if an actor is Argentine and if they have won fewer awards than the maximum number of awards won by any Argentine actor (if such a person exists). If not, it checks if the actor is not Argentine and has won more awards than any Argentine actor."
11,Q10,Movies where all the main actors have won more awards than any Argentine actor,mistral:7b,False,0.15,22.342346,True,stop,4096,4.363817,738,11.970865,61.6497," Based on the provided grammar, here's how I would generate JSON for the given input: ""Movies where all the main actors have won more awards than any Argentine actor"".

```json
{
  ""hypotheses_set"": [
    [
      {
        ""id"": ""q1"",
        ""target"": [""e_movie""],
        ""entities"": [
          { ""id"": ""e_movie"", ""type"": ""Movie"" },
          { ""id"": ""e_actor"", ""type"": ""Person"" },
          { ""id"": ""e_argentine_actor"", ""type"": ""Person"" },
          { ""id"": ""e_award"", ""type"": ""Award"" }
        ],
        ""relationships"": [
          { ""id"": ""r_act"", ""role"": ""actor"", ""from"": ""e_actor"", ""to"": ""e_movie"" },
          { ""id"": ""r_won"", ""role"": ""won"", ""from"": ""e_actor"", ""to"": ""e_award"" }
        ],
        ""constraint"": {
          ""and_conditions"": [
            {
              ""left"": { ""attribute_name"": ""nationality"", ""of"": ""e_argentine_actor"" },
              ""operator"": ""="",
              ""right"": ""Argentina""
            },
            {
              ""or_conditions"": [
                {
                  ""left"": { ""attribute_name"": ""nationality"", ""of"": ""e_actor"" },
                  ""operator"": ""!="",
                  ""right"": ""Argentina""
                },
                {
                  ""and_conditions"": [
                    {
                      ""left"": { ""attribute_name"": ""nationality"", ""of"": ""e_actor"" },
                      ""operator"": ""="",
                      ""right"": ""Argentina""
                    },
                    {
                      ""left"": { ""count_id"": ""r_won"" },
                      ""operator"": "">"",
                      ""right"": {
                        ""or_conditions"": [
                          {
                            ""left"": { ""count_id"": ""r_argentine_actor_award"" },
                            ""operator"": ""count"",
                            ""right"": null
                          },
                          {
                            ""left"": { ""count_id"": ""r_won"" },
                            ""operator"": ""min"",
                            ""right"": { ""attribute_name"": ""id"", ""of"": ""e_argentine_actor"" }
                          }
                        ]
                      }
                    }
                  ]
                }
              ]
            }
          ]
        }
      }
    ]
  ]
}
```

This JSON represents a hypothesis that filters movies where all the main actors have won more awards than any Argentine actor. The constraint checks if an actor is Argentine and, if not, verifies that they have won more awards than the minimum number of awards won by Argentine actors. If an actor is Argentine, it checks if they have won more awards than their own count of awards."
12,Q10,Movies where all the main actors have won more awards than any Argentine actor,mistral:7b,False,0.15,66.977653,True,stop,4096,4.373005,2583,42.155099,61.2737," Based on the provided grammar, here's how I would generate JSON for the given input: ""Movies where all the main actors have won more awards than any Argentine actor"".

```json
{
  ""hypotheses_set"": [
    {
      ""id"": ""q1"",
      ""target"": [""e_movie""],
      ""entities"": [
        { ""id"": ""e_movie"", ""type"": ""Movie"" },
        { ""id"": ""e_actor"", ""type"": ""Person"" },
        { ""id"": ""e_argentine_actor"", ""type"": ""Person"" },
        { ""id"": ""e_award"", ""type"": ""Award"" }
      ],
      ""relationships"": [
        { ""id"": ""r_act"", ""role"": ""actor"", ""from"": ""e_actor"", ""to"": ""e_movie"" },
        { ""id"": ""r_argentine"", ""role"": ""Argentine"", ""from"": ""e_argentine_actor"", ""to"": ""e_actor"" },
        { ""id"": ""r_won"", ""role"": ""won"", ""from"": ""e_actor"", ""to"": ""e_award"" }
      ],
      ""constraint"": {
        ""and_conditions"": [
          {
            ""left"": { ""attribute_name"": ""nationality"", ""of"": ""e_argentine_actor"" },
            ""operator"": ""="",
            ""right"": ""Argentina""
          },
          {
            ""or_conditions"": [
              {
                ""left"": { ""id"": ""q2"", ""target"": [""e_actor""] },
                ""operator"": ""AND"",
                ""right"": {
                  ""and_conditions"": [
                    {
                      ""left"": { ""attribute_name"": ""nationality"", ""of"": ""e_argentine_actor"" },
                      ""operator"": ""="",
                      ""right"": ""Argentina""
                    },
                    {
                      ""left"": { ""id"": ""q3"", ""target"": [""e_actor""] },
                      ""operator"": ""AND"",
                      ""right"": {
                        ""and_conditions"": [
                          {
                            ""left"": { ""id"": ""q4"", ""target"": [""e_award""] },
                            ""operator"": ""AND"",
                            ""right"": {
                              ""and_conditions"": [
                                {
                                  ""left"": { ""attribute_name"": ""nationality"", ""of"": ""e_argentine_actor"" },
                                  ""operator"": ""="",
                                  ""right"": ""Argentina""
                                },
                                {
                                  ""left"": { ""id"": ""q5"", ""target"": [""e_award""] },
                                  ""operator"": ""AND"",
                                  ""right"": {
                                    ""and_conditions"": [
                                      {
                                        ""left"": { ""attribute_name"": ""nationality"", ""of"": ""e_actor"" },
                                        ""operator"": ""!="",
                                        ""right"": ""Argentina""
                                      },
                                      {
                                        ""left"": { ""id"": ""q6"", ""target"": [""e_award""] },
                                        ""operator"": "">"",
                                        ""right"": { ""id"": ""q7"", ""target"": [""e_award""] }
                                      }
                                    ]
                                  }
                                }
                              ]
                            }
                          }
                        ]
                      }
                    }
                  ]
                }
              }
            ]
          }
        ]
      }
    },
    {
      ""id"": ""q2"",
      ""target"": [""e_actor""],
      ""entities"": [
        { ""id"": ""e_actor"", ""type"": ""Person"" },
        { ""id"": ""e_award"", ""type"": ""Award"" }
      ],
      ""relationships"": [
        { ""id"": ""r_won"", ""role"": ""won"", ""from"": ""e_actor"", ""to"": ""e_award"" }
      ],
      ""constraint"": {
        ""and_conditions"": [
          {
            ""left"": { ""attribute_name"": ""nationality"", ""of"": ""e_actor"" },
            ""operator"": ""!="",
            ""right"": ""Argentina""
          },
          {
            ""id"": ""q3"",
            ""target"": [""e_award""],
            ""constraint"": {
              ""and_conditions"": [
                {
                  ""left"": { ""attribute_name"": ""nationality"", ""of"": ""e_actor"" },
                  ""operator"": ""!="",
                  ""right"": ""Argentina""
                },
                {
                  ""id"": ""q4"",
                  ""target"": [""e_award""],
                  ""constraint"": {
                    ""and_conditions"": [
                      {
                        ""left"": { ""attribute_name"": ""nationality"", ""of"": ""e_actor"" },
                        ""operator"": ""!="",
                        ""right"": ""Argentina""
                      },
                      {
                        ""id"": ""q5"",
                        ""target"": [""e_award""],
                        ""constraint"": {
                          ""and_conditions"": [
                            {
                              ""left"": { ""attribute_name"": ""nationality"", ""of"": ""e_actor"" },
                              ""operator"": ""!="",
                              ""right"": ""Argentina""
                            },
                            {
                              ""id"": ""q6"",
                              ""target"": [""e_award""],
                              ""constraint"": {
                                ""and_conditions"": [
                                  {
                                    ""left"": { ""attribute_name"": ""nationality"", ""of"": ""e_actor"" },
                                    ""operator"": ""!="",
                                    ""right"": ""Argentina""
                                  },
                                  {
                                    ""id"": ""q7"",
                                    ""target"": [""e_award""],
                                    ""constraint"": {
                                      ""and_conditions"": [
                                        {
                                          ""left"": { ""attribute_name"": ""nationality"", ""of"": ""e_actor"" },
                                          ""operator"": ""!="",
                                          ""right"": ""Argentina""
                                        },
                                        {
                                          ""left"": { ""id"": ""q8"", ""target"": [""e_award""] },
                                          ""operator"": "">"",
                                          ""right"": { ""id"": ""q9"", ""target"": [""e_award""] }
                                        }
                                      ]
                                    }
                                  }
                                ]
                              }
                            }
                          ]
                        }
                      }
                    ]
                  }
                }
              ]
            }
          }
        ]
      }
    },
    {
      ""id"": ""q3"",
      ""target"": [""e_award""],
      ""entities"": [
        { ""id"": ""e_award"", ""type"": ""Award"" }
      ],
      ""constraint"": {
        ""and_conditions"": [
          {
            ""left"": { ""attribute_name"": ""nationality"", ""of"": ""e_actor"" },
            ""operator"": ""!="",
            ""right"": ""Argentina""
          }
        ]
      }
    },
    {
      ""id"": ""q4"",
      ""target"": [""e_award""],
      ""entities"": [
        { ""id"": ""e_award"", ""type"": ""Award"" }
      ],
      ""constraint"": {
        ""and_conditions"": [
          {
            ""left"": { ""attribute_name"": ""nationality"", ""of"": ""e_actor"" },
            ""operator"": ""!="",
            ""right"": ""Argentina""
          }
        ]
      }
    },
    {
      ""id"": ""q5"",
      ""target"": [""e_award""],
      ""entities"": [
        { ""id"": ""e_award"", ""type"": ""Award"" }
      ],
      ""constraint"": {
        ""and_conditions"": [
          {
            ""left"": { ""attribute_name"": ""nationality"", ""of"": ""e_actor"" },
            ""operator"": ""!="",
            ""right"": ""Argentina""
          }
        ]
      }
    },
    {
      ""id"": ""q6"",
      ""target"": [""e_award""],
      ""entities"": [
        { ""id"": ""e_award"", ""type"": ""Award"" }
      ],
      ""constraint"": {
        ""and_conditions"": [
          {
            ""left"": { ""attribute_name"": ""nationality"", ""of"": ""e_actor"" },
            ""operator"": ""!="",
            ""right"": ""Argentina""
          }
        ]
      }
    },
    {
      ""id"": ""q7"",
      ""target"": [""e_award""],
      ""entities"": [
        { ""id"": ""e_award"", ""type"": ""Award"" }
      ],
      ""constraint"": {
        ""and_conditions"": [
          {
            ""left"": { ""attribute_name"": ""nationality"", ""of"": ""e_actor"" },
            ""operator"": ""!="",
            ""right"": ""Argentina""
          }
        ]
      }
    },
    {
      ""id"": ""q8"",
      ""target"": [""e_award""],
      ""entities"": [
        { ""id"": ""e_award"", ""type"": ""Award"" }
      ],
      ""constraint"": {
        ""and_conditions"": [
          {
            ""left"": { ""attribute_name"": ""nationality"", ""of"": ""e_actor"" },
            ""operator"": ""!="",
            ""right"": ""Argentina""
          }
        ]
      }
    },
    {
      ""id"": ""q9"",
      ""target"": [""e_award""],
      ""entities"": [
        { ""id"": ""e_award"", ""type"": ""Award"" }
      ],
      ""constraint"": {
        ""and_conditions"": [
          {
            ""left"": { ""attribute_name"": ""nationality"", ""of"": ""e_actor"" },
            ""operator"": ""!="",
            ""right"": ""Argentina""
          }
        ]
      }
    }
  ]
}
```"
13,Q10,Movies where all the main actors have won more awards than any Argentine actor,mistral:7b,False,0.15,18.934405,True,stop,4096,4.376818,597,9.728615,61.3654," Based on the provided grammar, here's how I would generate JSON for the given input: ""Movies where all the main actors have won more awards than any Argentine actor"".

```json
{
  ""hypotheses_set"": [
    [
      {
        ""id"": ""q1"",
        ""target"": [""e_movie""],
        ""entities"": [
          { ""id"": ""e_movie"", ""type"": ""Movie"" },
          { ""id"": ""e_actor"", ""type"": ""Person"" },
          { ""id"": ""e_argentine_actor"", ""type"": ""Person"" },
          { ""id"": ""e_award"", ""type"": ""Award"" }
        ],
        ""relationships"": [
          { ""id"": ""r_act"", ""role"": ""actor"", ""from"": ""e_actor"", ""to"": ""e_movie"" },
          { ""id"": ""r_won"", ""role"": ""won"", ""from"": ""e_actor"", ""to"": ""e_award"" }
        ],
        ""constraint"": {
          ""and_conditions"": [
            {
              ""left"": { ""attribute_name"": ""nationality"", ""of"": ""e_argentine_actor"" },
              ""operator"": ""="",
              ""right"": ""Argentina""
            },
            {
              ""or_conditions"": [
                {
                  ""left"": { ""attribute_name"": ""nationality"", ""of"": ""e_actor"" },
                  ""operator"": ""!="",
                  ""right"": ""Argentina""
                },
                {
                  ""and_conditions"": [
                    {
                      ""left"": { ""attribute_name"": ""nationality"", ""of"": ""e_actor"" },
                      ""operator"": ""="",
                      ""right"": ""Argentina""
                    },
                    {
                      ""left"": { ""count_id"": ""r_won"" },
                      ""operator"": "">"",
                      ""right"": {
                        ""left"": { ""count_id"": ""r_argentine_actor_award""
                        }
                      }
                    }
                  ]
                }
              ]
            }
          ]
        }
      }
    ]
  ]
}
```

This JSON represents a hypothesis that targets movies where all the main actors have won more awards than any Argentine actor. It uses the provided grammar and follows the rules specified."
14,Q10,Movies where all the main actors have won more awards than any Argentine actor,mistral:7b,False,0.15,38.252992,True,stop,4096,4.372375,1396,22.76798,61.3142," Based on the provided grammar, here's how I would generate JSON for the given input: ""Movies where all the main actors have won more awards than any Argentine actor"".

```json
{
  ""hypotheses_set"": [
    {
      ""id"": ""q1"",
      ""target"": [""e_movie""],
      ""entities"": [
        { ""id"": ""e_movie"", ""type"": ""Movie"" },
        { ""id"": ""e_actor"", ""type"": ""Person"" },
        { ""id"": ""e_argentine_actor"", ""type"": ""Person"" },
        { ""id"": ""e_award"", ""type"": ""Award"" }
      ],
      ""relationships"": [
        { ""id"": ""r_act"", ""role"": ""actor"", ""from"": ""e_actor"", ""to"": ""e_movie"" },
        { ""id"": ""r_argentine"", ""role"": ""Argentine"", ""from"": ""e_argentine_actor"", ""to"": ""e_actor"" },
        { ""id"": ""r_won"", ""role"": ""won"", ""from"": ""e_actor"", ""to"": ""e_award"" }
      ],
      ""constraint"": {
        ""and_conditions"": [
          {
            ""left"": { ""attribute_name"": ""nationality"", ""of"": ""e_argentine_actor"" },
            ""operator"": ""="",
            ""right"": ""Argentina""
          },
          {
            ""or_conditions"": [
              {
                ""left"": { ""id"": ""q2"", ""target"": [""e_actor""] },
                ""operator"": ""AND"",
                ""right"": {
                  ""and_conditions"": [
                    {
                      ""left"": { ""attribute_name"": ""nationality"", ""of"": ""e_argentine_actor"" },
                      ""operator"": ""="",
                      ""right"": ""Argentina""
                    },
                    {
                      ""left"": { ""id"": ""q3"", ""target"": [""e_award""] },
                      ""operator"": ""<"",
                      ""right"": {
                        ""left"": { ""id"": ""q4"", ""target"": [""e_actor""] },
                        ""operator"": ""COUNT"",
                        ""right"": {}
                      }
                    }
                  ]
                }
              },
              {
                ""left"": { ""id"": ""q5"", ""target"": [""e_actor""] },
                ""operator"": ""AND"",
                ""right"": {
                  ""and_conditions"": [
                    {
                      ""left"": { ""id"": ""q6"", ""target"": [""e_award""] },
                      ""operator"": ""<"",
                      ""right"": {
                        ""left"": { ""id"": ""q7"", ""target"": [""e_argentine_actor""] },
                        ""operator"": ""COUNT"",
                        ""right"": {}
                      }
                    }
                  ]
                }
              }
            ]
          }
        ]
      }
    },
    {
      ""id"": ""q2"",
      ""target"": [""e_actor""],
      ""entities"": [
        { ""id"": ""e_actor"", ""type"": ""Person"" },
        { ""id"": ""e_award"", ""type"": ""Award"" }
      ],
      ""relationships"": [
        { ""id"": ""r_won"", ""role"": ""won"", ""from"": ""e_actor"", ""to"": ""e_award"" }
      ],
      ""constraint"": {}
    },
    {
      ""id"": ""q3"",
      ""target"": [""e_actor""],
      ""entities"": [
        { ""id"": ""e_actor"", ""type"": ""Person"" }
      ],
      ""relationships"": [],
      ""constraint"": {}
    },
    {
      ""id"": ""q4"",
      ""target"": [""e_actor""],
      ""entities"": [
        { ""id"": ""e_actor"", ""type"": ""Person"" }
      ],
      ""relationships"": [],
      ""constraint"": {
        ""operator"": ""COUNT""
      }
    },
    {
      ""id"": ""q5"",
      ""target"": [""e_actor""],
      ""entities"": [
        { ""id"": ""e_actor"", ""type"": ""Person"" },
        { ""id"": ""e_award"", ""type"": ""Award"" }
      ],
      ""relationships"": [
        { ""id"": ""r_won"", ""role"": ""won"", ""from"": ""e_actor"", ""to"": ""e_award"" }
      ],
      ""constraint"": {}
    },
    {
      ""id"": ""q6"",
      ""target"": [""e_argentine_actor""],
      ""entities"": [
        { ""id"": ""e_argentine_actor"", ""type"": ""Person"" }
      ],
      ""relationships"": [],
      ""constraint"": {}
    },
    {
      ""id"": ""q7"",
      ""target"": [""e_argentine_actor""],
      ""entities"": [
        { ""id"": ""e_argentine_actor"", ""type"": ""Person"" }
      ],
      ""relationships"": [],
      ""constraint"": {
        ""operator"": ""COUNT""
      }
    }
  ]
}
```

This JSON represents a hypothesis that checks for movies where all main actors have won more awards than any Argentine actor. It breaks down the problem into smaller sub-queries (`q2`, `q3`, `q4`, etc.) to handle the complex condition. The main query (`q1`) then uses these sub-queries to check if the conditions are met for each movie and its actors."
15,Q10,Movies where all the main actors have won more awards than any Argentine actor,mistral:7b,False,0.15,21.693923,True,stop,4096,4.36196,711,11.433328,62.1866," Based on the provided grammar, here's how I would generate JSON for the given input: ""Movies where all the main actors have won more awards than any Argentine actor"".

```json
{
  ""hypotheses_set"": [
    {
      ""id"": ""q1"",
      ""target"": [""e_movie""],
      ""entities"": [
        { ""id"": ""e_movie"", ""type"": ""Movie"" },
        { ""id"": ""e_actor"", ""type"": ""Person"" },
        { ""id"": ""e_argentine_actor"", ""type"": ""Person"" },
        { ""id"": ""e_award"", ""type"": ""Award"" }
      ],
      ""relationships"": [
        { ""id"": ""r_act"", ""role"": ""actor"", ""from"": ""e_actor"", ""to"": ""e_movie"" },
        { ""id"": ""r_argentine"", ""role"": ""Argentine"", ""from"": ""e_argentine_actor"", ""to"": ""e_actor"" },
        { ""id"": ""r_won"", ""role"": ""won"", ""from"": ""e_actor"", ""to"": ""e_award"" }
      ],
      ""constraint"": {
        ""and_conditions"": [
          {
            ""left"": { ""attribute_name"": ""nationality"", ""of"": ""e_argentine_actor"" },
            ""operator"": ""="",
            ""right"": ""Argentina""
          },
          {
            ""or_conditions"": [
              {
                ""left"": { ""attribute_name"": ""nationality"", ""of"": ""e_actor"" },
                ""operator"": ""!="",
                ""right"": ""Argentina""
              },
              {
                ""and_conditions"": [
                  {
                    ""left"": { ""attribute_name"": ""nationality"", ""of"": ""e_actor"" },
                    ""operator"": ""="",
                    ""right"": ""Argentina""
                  },
                  {
                    ""left"": { ""count_id"": ""r_won"" },
                    ""operator"": "">"",
                    ""right"": {
                      ""left"": { ""count_id"": ""r_argentine_actor_award"" },
                      ""operator"": ""MAX"",
                      ""right"": {}
                    }
                  }
                ]
              }
            ]
          }
        ]
      }
    }
  ]
}
```

This JSON represents a hypothesis that targets movies where all the main actors have won more awards than any Argentine actor. The query includes entities for movies, actors, awards, and Argentine actors, as well as relationships between them. The constraint checks if an actor is Argentine and if they have won fewer awards than the maximum number of awards won by any Argentine actor (if such a person exists). If not, it checks if the actor is not Argentine and has won more awards than any Argentine actor."
16,Q10,Movies where all the main actors have won more awards than any Argentine actor,mistral:7b,False,0.15,45.506618,False,stop,4096,4.366951,1696,27.649486,61.3393," Based on the provided grammar, here's how I would generate JSON for the given input: ""Movies where all the main actors have won more awards than any Argentine actor"".

```json
{
  ""hypotheses_set"": [
    {
      ""id"": ""q1"",
      ""target"": [""e_movie""],
      ""entities"": [
        { ""id"": ""e_movie"", ""type"": ""Movie"" },
        { ""id"": ""e_actor"", ""type"": ""Person"" },
        { ""id"": ""e_argentine_actor"", ""type"": ""Person"" },
        { ""id"": ""e_award"", ""type"": ""Award"" }
      ],
      ""relationships"": [
        { ""id"": ""r_act"", ""role"": ""actor"", ""from"": ""e_actor"", ""to"": ""e_movie"" },
        { ""id"": ""r_argentine"", ""role"": ""Argentine"", ""from"": ""e_argentine_actor"", ""to"": ""e_actor"" },
        { ""id"": ""r_won"", ""role"": ""won"", ""from"": ""e_actor"", ""to"": ""e_award"" }
      ],
      ""constraint"": {
        ""and_conditions"": [
          {
            ""left"": { ""attribute_name"": ""nationality"", ""of"": ""e_argentine_actor"" },
            ""operator"": ""="",
            ""right"": ""Argentina""
          },
          {
            ""or_conditions"": [
              {
                ""left"": { ""id"": ""q2"", ""target"": [""e_actor""] },
                ""operator"": ""AND"",
                ""right"": {
                  ""and_conditions"": [
                    {
                      ""left"": { ""attribute_name"": ""nationality"", ""of"": ""e_argentine_actor"" },
                      ""operator"": ""="",
                      ""right"": ""Argentina""
                    },
                    {
                      ""left"": { ""id"": ""q3"", ""target"": [""e_actor""] },
                      ""operator"": ""AND"",
                      ""right"": {
                        ""and_conditions"": [
                          {
                            ""left"": { ""id"": ""q4"", ""target"": [""e_award""] },
                            ""operator"": ""AND"",
                            ""right"": {
                              ""all_id"": ""e_actor"",
                              ""condition"": {
                                ""left"": { ""attribute_name"": ""won_count"", ""of"": ""e_actor"" },
                                ""operator"": "">"",
                                ""right"": { ""id"": ""q4"", ""target"": [""e_award""] }
                              }
                            }
                          }
                        ]
                      }
                    }
                  ]
                }
              },
              {
                ""left"": { ""id"": ""q5"", ""target"": [""e_actor""] },
                ""operator"": ""AND"",
                ""right"": {
                  ""and_conditions"": [
                    {
                      ""left"": { ""id"": ""q6"", ""target"": [""e_award""] },
                      ""operator"": ""AND"",
                      ""right"": {
                        ""all_id"": ""e_actor"",
                        ""condition"": {
                          ""left"": { ""attribute_name"": ""won_count"", ""of"": ""e_actor"" },
                          ""operator"": "">"",
                          ""right"": { ""id"": ""q6"", ""target"": [""e_award""] }
                        }
                      }
                    },
                    {
                      ""left"": { ""id"": ""q7"", ""target"": [""e_argentine_actor""] },
                      ""operator"": ""AND"",
                      ""right"": {
                        ""all_id"": ""e_argentine_actor"",
                        ""condition"": {
                          ""left"": { ""attribute_name"": ""won_count"", ""of"": ""e_argentine_actor"" },
                          ""operator"": ""<="",
                          ""right"": { ""id"": ""q6"", ""target"": [""e_award""] }
                        }
                      }
                    }
                  ]
                }
              }
            ]
          }
        ]
      }
    },
    {
      ""id"": ""q2"",
      ""target"": [""e_actor""],
      ""entities"": [
        { ""id"": ""e_actor"", ""type"": ""Person"" },
        { ""id"": ""e_argentine_actor"", ""type"": ""Person"" },
        { ""id"": ""e_award"", ""type"": ""Award"" }
      ],
      ""relationships"": [
        { ""id"": ""r_act"", ""role"": ""actor"", ""from"": ""e_actor"", ""to"": ""e_movie"" },
        { ""id"": ""r_argentine"", ""role"": ""Argentine"", ""from"": ""e_argentine_actor"", ""to"": ""e_actor"" },
        { ""id"": ""r_won"", ""role"": ""won"", ""from"": ""e_actor"", ""to"": ""e_award"" }
      ],
      ""constraint"": {
        ""and_conditions"": [
          {
            ""left"": { ""attribute_name"": ""nationality"", ""of"": ""e_argentine_actor"" },
            ""operator"": ""="",
            ""right"": ""Argentina""
          },
          {
            ""left"": { ""id"": ""q3"", ""target"": [""e_actor""] },
            ""operator"": ""AND"",
            ""right"": {
              ""and_conditions"": [
                {
                  ""left"": { ""attribute_name"": ""nationality"", ""of"": ""e_argentine_actor"" },
                  ""operator"": ""="",
                  ""right"": ""Argentina""
                },
                {
                  ""left"": { ""id"": ""q4"", ""target"": [""e_award""] },
                  ""operator"": ""AND"",
                  ""right"": {
                    ""all_id"": ""e_actor"",
                    ""condition"": {
                      ""left"": { ""attribute_name"": ""won_count"", ""of"": ""e_actor"" },
                      ""operator"": "">"",
                      ""right"": { ""id"": ""q4"", ""target"": [""e_award""] }
                    }
                  }
                }
              ]
            }
          }
        ]
      }
    },
    // Additional queries for q3, q4, q5, and q6 would be generated here.
  ]
}
```

This JSON represents a hypothesis that includes multiple sub-queries (q2, q3, q4, q5, and q6) to account for the complex nature of the input. The main query (q1) checks if all actors in a movie have won more awards than any Argentine actor. Each sub-query represents a separate condition that must be met."
17,Q10,Movies where all the main actors have won more awards than any Argentine actor,mistral:7b,False,0.15,21.474017,True,stop,4096,4.378623,702,11.532826,60.8697," Based on the provided grammar, here's how I would structure the query for the given input: ""Movies where all the main actors have won more awards than any Argentine actor"".

```json
{
  ""hypotheses_set"": [
    {
      ""id"": ""q1"",
      ""target"": [""e_movie""],
      ""entities"": [
        { ""id"": ""e_movie"", ""type"": ""Movie"" },
        { ""id"": ""e_actor"", ""type"": ""Person"" },
        { ""id"": ""e_argentine_actor"", ""type"": ""Person"" },
        { ""id"": ""e_award"", ""type"": ""Award"" }
      ],
      ""relationships"": [
        { ""id"": ""r_act"", ""role"": ""actor"", ""from"": ""e_actor"", ""to"": ""e_movie"" },
        { ""id"": ""r_argentine"", ""role"": ""Argentine"", ""from"": ""e_argentine_actor"", ""to"": ""e_actor"" },
        { ""id"": ""r_won"", ""role"": ""won"", ""from"": ""e_actor"", ""to"": ""e_award"" }
      ],
      ""constraint"": {
        ""and_conditions"": [
          {
            ""left"": { ""attribute_name"": ""nationality"", ""of"": ""e_argentine_actor"" },
            ""operator"": ""="",
            ""right"": ""Argentina""
          },
          {
            ""or_conditions"": [
              {
                ""left"": { ""attribute_name"": ""nationality"", ""of"": ""e_actor"" },
                ""operator"": ""!="",
                ""right"": ""Argentina""
              },
              {
                ""and_conditions"": [
                  {
                    ""left"": { ""attribute_name"": ""nationality"", ""of"": ""e_actor"" },
                    ""operator"": ""="",
                    ""right"": ""Argentina""
                  },
                  {
                    ""left"": { ""count_id"": ""r_won"" },
                    ""operator"": "">"",
                    ""right"": {
                      ""left"": { ""count_id"": ""r_argentine_actor_award"" },
                      ""operator"": ""MAX"",
                      ""right"": {}
                    }
                  }
                ]
              }
            ]
          }
        ]
      }
    }
  ]
}
```

This query assumes the following database schema:
- `Movie` with an ID, type, and relationships to actors (`r_act`)
- `Person` with an ID, type, nationality, and relationships to awards won (`r_won`) and Argentine actors (`r_argentine`)
- `Award` with an ID, person who won the award (`r_won`), and the award itself."
18,Q10,Movies where all the main actors have won more awards than any Argentine actor,mistral:7b,False,0.15,19.31773,True,stop,4096,4.377172,613,10.110022,60.6329," Based on the provided grammar, here's how I would structure the JSON output for the given input: ""Movies where all the main actors have won more awards than any Argentine actor"".

```json
{
  ""hypotheses_set"": [
    {
      ""id"": ""q1"",
      ""target"": [""e_movie""],
      ""entities"": [
        { ""id"": ""e_movie"", ""type"": ""Movie"" },
        { ""id"": ""e_actor"", ""type"": ""Person"" },
        { ""id"": ""e_argentine_actor"", ""type"": ""Person"" },
        { ""id"": ""e_award"", ""type"": ""Award"" }
      ],
      ""relationships"": [
        { ""id"": ""r_act"", ""role"": ""actor"", ""from"": ""e_actor"", ""to"": ""e_movie"" },
        { ""id"": ""r_argentine"", ""role"": ""Argentine"", ""from"": ""e_argentine_actor"", ""to"": ""e_actor"" },
        { ""id"": ""r_won"", ""role"": ""won"", ""from"": ""e_actor"", ""to"": ""e_award"" }
      ],
      ""constraint"": {
        ""and_conditions"": [
          {
            ""or_conditions"": [
              {
                ""left"": { ""attribute_name"": ""nationality"", ""of"": ""e_actor"" },
                ""operator"": ""="",
                ""right"": ""Argentine""
              }
            ]
          },
          {
            ""and_conditions"": [
              {
                ""left"": { ""attribute_name"": ""nationality"", ""of"": ""e_actor"" },
                ""operator"": ""!="",
                ""right"": ""Argentine""
              },
              {
                ""left"": { ""count_id"": ""r_won"" },
                ""operator"": "">"",
                ""right"": {
                  ""left"": { ""count_id"": ""r_argentine_award"" },
                  ""operator"": ""max""
                }
              }
            ]
          }
        ]
      }
    }
  ]
}
```

This JSON represents a hypothesis that targets movies where at least one actor is Argentine, but all the other actors have won more awards than any Argentine actor. The `constraint` section uses both `or_conditions` and `and_conditions` to ensure that the conditions are met for both the Argentine actors and the non-Argentine actors."
19,Q10,Movies where all the main actors have won more awards than any Argentine actor,mistral:7b,False,0.15,25.842415,True,stop,4096,4.364984,883,14.399145,61.3231," Based on the provided grammar, here's how I would generate JSON for the given input: ""Movies where all the main actors have won more awards than any Argentine actor"".

```json
{
  ""hypotheses_set"": [
    [
      {
        ""id"": ""q1"",
        ""target"": [""e_movie""],
        ""entities"": [
          { ""id"": ""e_movie"", ""type"": ""Movie"" },
          { ""id"": ""e_actor"", ""type"": ""Person"" },
          { ""id"": ""e_argentine_actor"", ""type"": ""Person"" },
          { ""id"": ""e_award"", ""type"": ""Award"" }
        ],
        ""relationships"": [
          { ""id"": ""r_act"", ""role"": ""actor"", ""from"": ""e_actor"", ""to"": ""e_movie"" },
          { ""id"": ""r_won"", ""role"": ""won"", ""from"": ""e_actor"", ""to"": ""e_award"" }
        ],
        ""constraint"": {
          ""and_conditions"": [
            {
              ""left"": { ""attribute_name"": ""nationality"", ""of"": ""e_argentine_actor"" },
              ""operator"": ""="",
              ""right"": ""Argentine""
            },
            {
              ""or_conditions"": [
                {
                  ""left"": { ""attribute_name"": ""nationality"", ""of"": ""e_actor"" },
                  ""operator"": ""!="",
                  ""right"": ""Argentine""
                },
                {
                  ""and_conditions"": [
                    {
                      ""left"": { ""attribute_name"": ""nationality"", ""of"": ""e_actor"" },
                      ""operator"": ""="",
                      ""right"": ""Argentine""
                    },
                    {
                      ""left"": { ""count_id"": ""r_won"" },
                      ""operator"": "">"",
                      ""right"": {
                        ""or_conditions"": [
                          {
                            ""left"": { ""attribute_name"": ""nationality"", ""of"": ""e_argentine_actor"" },
                            ""operator"": ""="",
                            ""right"": ""Argentine""
                          },
                          {
                            ""id"": ""q2"",
                            ""target"": [""e_award""],
                            ""entities"": [{""id"": ""e_argentine_actor"", ""type"": ""Person""}],
                            ""relationships"": [{ ""id"": ""r_won"", ""role"": ""won"", ""from"": ""e_argentine_actor"", ""to"": ""e_award"" }],
                            ""constraint"": {}
                          }
                        ]
                      }
                    }
                  ]
                }
              ]
            }
          ]
        }
      }
    ],
    [
      {
        ""id"": ""q2"",
        ""target"": [""e_award""],
        ""entities"": [{""id"": ""e_argentine_actor"", ""type"": ""Person""}],
        ""relationships"": [{ ""id"": ""r_won"", ""role"": ""won"", ""from"": ""e_argentine_actor"", ""to"": ""e_award"" }],
        ""constraint"": {}
      }
    ]
  ]
}
```

This JSON represents two hypotheses. The first hypothesis checks if a movie's actors (excluding Argentine actors) have won more awards than any Argentine actor. The second hypothesis is used within the first one to find all the awards won by Argentine actors, which are needed for comparison."
20,Q10,Movies where all the main actors have won more awards than any Argentine actor,mistral:7b,False,0.15,26.052657,True,stop,4096,4.356344,891,14.689981,60.6536," Based on the provided grammar, here's how I would generate JSON for the given input: ""Movies where all the main actors have won more awards than any Argentine actor"".

```json
{
  ""hypotheses_set"": [
    [
      {
        ""id"": ""q1"",
        ""target"": [""e_movie""],
        ""entities"": [
          { ""id"": ""e_movie"", ""type"": ""Movie"" },
          { ""id"": ""e_actor"", ""type"": ""Person"" },
          { ""id"": ""e_argentine_actor"", ""type"": ""Person"" },
          { ""id"": ""e_award"", ""type"": ""Award"" }
        ],
        ""relationships"": [
          { ""id"": ""r_act"", ""role"": ""actor"", ""from"": ""e_actor"", ""to"": ""e_movie"" },
          { ""id"": ""r_won"", ""role"": ""won"", ""from"": ""e_actor"", ""to"": ""e_award"" }
        ],
        ""constraint"": {
          ""and_conditions"": [
            {
              ""left"": { ""attribute_name"": ""nationality"", ""of"": ""e_argentine_actor"" },
              ""operator"": ""="",
              ""right"": ""Argentina""
            },
            {
              ""or_conditions"": [
                {
                  ""left"": { ""attribute_name"": ""nationality"", ""of"": ""e_actor"" },
                  ""operator"": ""!="",
                  ""right"": ""Argentina""
                },
                {
                  ""and_conditions"": [
                    {
                      ""left"": { ""attribute_name"": ""nationality"", ""of"": ""e_actor"" },
                      ""operator"": ""="",
                      ""right"": ""Argentina""
                    },
                    {
                      ""left"": { ""count_id"": ""r_won"" },
                      ""operator"": "">"",
                      ""right"": {
                        ""or_conditions"": [
                          {
                            ""left"": { ""attribute_name"": ""nationality"", ""of"": ""e_argentine_actor"" },
                            ""operator"": ""="",
                            ""right"": ""Argentina""
                          },
                          {
                            ""id"": ""q2"",
                            ""target"": [""e_award""],
                            ""entities"": [{""id"": ""e_argentine_actor"", ""type"": ""Person""}],
                            ""relationships"": [{ ""id"": ""r_won"", ""role"": ""won"", ""from"": ""e_argentine_actor"", ""to"": ""e_award"" }],
                            ""constraint"": { ""count"": 1 }
                          }
                        ]
                      }
                    }
                  ]
                }
              ]
            }
          ]
        }
      }
    ],
    [
      {
        ""id"": ""q2"",
        ""target"": [""e_award""],
        ""entities"": [{""id"": ""e_argentine_actor"", ""type"": ""Person""}],
        ""relationships"": [{ ""id"": ""r_won"", ""role"": ""won"", ""from"": ""e_argentine_actor"", ""to"": ""e_award"" }],
        ""constraint"": { ""count"": 1 }
      }
    ]
  ]
}
```

This JSON represents two hypotheses:

1. Movies where all the main actors have won more awards than any Argentine actor.
2. A subquery to find a single award won by an Argentine actor, which is used in the first hypothesis's constraint."
21,Q10,Movies where all the main actors have won more awards than any Argentine actor,mistral:7b,False,0.15,21.080209,True,stop,4096,4.384729,686,11.20048,61.2474," Based on the provided grammar, here's how I would generate JSON for the given input: ""Movies where all the main actors have won more awards than any Argentine actor"".

```json
{
  ""hypotheses_set"": [
    {
      ""id"": ""q1"",
      ""target"": [""e_movie""],
      ""entities"": [
        { ""id"": ""e_movie"", ""type"": ""Movie"" },
        { ""id"": ""e_actor"", ""type"": ""Person"" },
        { ""id"": ""e_argentine_actor"", ""type"": ""Person"" },
        { ""id"": ""e_award"", ""type"": ""Award"" }
      ],
      ""relationships"": [
        { ""id"": ""r_act"", ""role"": ""actor"", ""from"": ""e_actor"", ""to"": ""e_movie"" },
        { ""id"": ""r_argentine"", ""role"": ""Argentine"", ""from"": ""e_argentine_actor"", ""to"": ""e_actor"" },
        { ""id"": ""r_won"", ""role"": ""won"", ""from"": ""e_actor"", ""to"": ""e_award"" }
      ],
      ""constraint"": {
        ""and_conditions"": [
          {
            ""or_conditions"": [
              {
                ""left"": { ""attribute_name"": ""nationality"", ""of"": ""e_actor"" },
                ""operator"": ""="",
                ""right"": ""Argentine""
              }
            ]
          },
          {
            ""and_conditions"": [
              {
                ""left"": { ""attribute_name"": ""nationality"", ""of"": ""e_actor"" },
                ""operator"": ""!="",
                ""right"": ""Argentine""
              },
              {
                ""left"": { ""count_id"": ""r_won"" },
                ""operator"": "">"",
                ""right"": {
                  ""and_conditions"": [
                    {
                      ""left"": { ""attribute_name"": ""nationality"", ""of"": ""e_argentine_actor"" },
                      ""operator"": ""="",
                      ""right"": ""Argentine""
                    },
                    {
                      ""left"": { ""count_id"": ""r_won"" },
                      ""operator"": ""!="",
                      ""right"": null
                    }
                  ]
                }
              }
            ]
          }
        ]
      }
    }
  ]
}
```

This JSON represents a hypothesis that targets movies where at least one actor is Argentine, but all the main actors (excluding Argentine ones) have won more awards than any Argentine actor. The `constraint` section uses both `or_conditions` and `and_conditions` to ensure that the conditions are met."
22,Q10,Movies where all the main actors have won more awards than any Argentine actor,mistral:7b,False,0.15,20.444738,True,stop,4096,4.362435,660,10.73064,61.5061," Based on the provided grammar, here's how I would generate JSON for the given input: ""Movies where all the main actors have won more awards than any Argentine actor"".

```json
{
  ""hypotheses_set"": [
    {
      ""id"": ""q1"",
      ""target"": [""e_movie""],
      ""entities"": [
        { ""id"": ""e_movie"", ""type"": ""Movie"" },
        { ""id"": ""e_actor"", ""type"": ""Person"" },
        { ""id"": ""e_argentine_actor"", ""type"": ""Person"" },
        { ""id"": ""e_award"", ""type"": ""Award"" }
      ],
      ""relationships"": [
        { ""id"": ""r_act"", ""role"": ""actor"", ""from"": ""e_actor"", ""to"": ""e_movie"" },
        { ""id"": ""r_argentine"", ""role"": ""Argentine"", ""from"": ""e_argentine_actor"", ""to"": ""e_actor"" },
        { ""id"": ""r_won"", ""role"": ""won"", ""from"": ""e_actor"", ""to"": ""e_award"" }
      ],
      ""constraint"": {
        ""and_conditions"": [
          {
            ""left"": { ""attribute_name"": ""country"", ""of"": ""e_argentine_actor"" },
            ""operator"": ""="",
            ""right"": ""Argentina""
          },
          {
            ""or_conditions"": [
              {
                ""and_conditions"": [
                  {
                    ""left"": { ""attribute_name"": ""country"", ""of"": ""e_actor"" },
                    ""operator"": ""!="",
                    ""right"": ""Argentina""
                  },
                  {
                    ""all_id"": ""e_actor"",
                    ""condition"": {
                      ""left"": { ""count_id"": ""r_won"" },
                      ""operator"": "">"",
                      ""right"": {
                        ""or_conditions"": [
                          {
                            ""left"": { ""attribute_name"": ""country"", ""of"": ""e_argentine_actor"" },
                            ""operator"": ""="",
                            ""right"": ""Argentina""
                          },
                          {
                            ""id"": ""r_won_argentine"",
                            ""role"": ""won"",
                            ""from"": ""e_argentine_actor"",
                            ""to"": ""e_award""
                          }
                        ]
                      }
                    }
                  }
                ]
              }
            ]
          }
        ]
      }
    }
  ]
}
```"
23,Q10,Movies where all the main actors have won more awards than any Argentine actor,mistral:7b,False,0.15,30.665872,True,stop,4096,4.377458,1083,17.59392,61.5554," Based on the provided grammar, here's how I would generate JSON for the given input: ""Movies where all the main actors have won more awards than any Argentine actor"".

```json
{
  ""hypotheses_set"": [
    [
      {
        ""id"": ""q1"",
        ""target"": [""e_movie""],
        ""entities"": [
          { ""id"": ""e_movie"", ""type"": ""Movie"" },
          { ""id"": ""e_actor"", ""type"": ""Person"" },
          { ""id"": ""e_argentine_actor"", ""type"": ""Person"" },
          { ""id"": ""e_award"", ""type"": ""Award"" }
        ],
        ""relationships"": [
          { ""id"": ""r_act"", ""role"": ""actor"", ""from"": ""e_actor"", ""to"": ""e_movie"" },
          { ""id"": ""r_won"", ""role"": ""won"", ""from"": ""e_actor"", ""to"": ""e_award"" },
          { ""id"": ""r_argentine"", ""role"": ""Argentine"", ""from"": ""e_argentine_actor"", ""to"": ""e_movie"" }
        ],
        ""constraint"": {
          ""and_conditions"": [
            {
              ""left"": { ""attribute_name"": ""nationality"", ""of"": ""e_argentine_actor"" },
              ""operator"": ""="",
              ""right"": ""Argentina""
            },
            {
              ""or_conditions"": [
                {
                  ""left"": { ""id"": ""q2"", ""target"": [""e_actor""] },
                  ""operator"": ""AND"",
                  ""right"": {
                    ""and_conditions"": [
                      {
                        ""left"": { ""attribute_name"": ""nationality"", ""of"": ""e_actor"" },
                        ""operator"": ""!="",
                        ""right"": ""Argentina""
                      },
                      {
                        ""left"": { ""id"": ""q3"", ""target"": [""e_award""] },
                        ""operator"": "">"",
                        ""right"": { ""id"": ""q4"", ""target"": [""e_argentine_actor""] }
                      }
                    ]
                  }
                }
              ]
            }
          ]
        }
      },
      {
        ""id"": ""q2"",
        ""target"": [""e_actor""],
        ""entities"": [
          { ""id"": ""e_actor"", ""type"": ""Person"" },
          { ""id"": ""e_movie"", ""type"": ""Movie"" }
        ],
        ""relationships"": [
          { ""id"": ""r_act"", ""role"": ""actor"", ""from"": ""e_actor"", ""to"": ""e_movie"" }
        ]
      },
      {
        ""id"": ""q3"",
        ""target"": [""e_award""],
        ""entities"": [
          { ""id"": ""e_actor"", ""type"": ""Person"" },
          { ""id"": ""e_movie"", ""type"": ""Movie"" },
          { ""id"": ""e_award"", ""type"": ""Award"" }
        ],
        ""relationships"": [
          { ""id"": ""r_act"", ""role"": ""actor"", ""from"": ""e_actor"", ""to"": ""e_movie"" },
          { ""id"": ""r_won"", ""role"": ""won"", ""from"": ""e_actor"", ""to"": ""e_award"" }
        ]
      },
      {
        ""id"": ""q4"",
        ""target"": [""e_argentine_actor""],
        ""entities"": [
          { ""id"": ""e_argentine_actor"", ""type"": ""Person"" },
          { ""id"": ""e_award"", ""type"": ""Award"" }
        ],
        ""relationships"": [
          { ""id"": ""r_won"", ""role"": ""won"", ""from"": ""e_argentine_actor"", ""to"": ""e_award"" }
        ]
      }
    ]
  ]
}
```

This JSON represents a hypothesis that checks if there exists a movie where all the main actors have won more awards than any Argentine actor. It breaks down the problem into four sub-queries (q2, q3, q4) to find actors, movies, and awards, and then combines them with logical conditions in the main query (q1)."
24,Q10,Movies where all the main actors have won more awards than any Argentine actor,mistral:7b,False,0.15,23.045904,True,stop,4096,4.390494,767,12.554403,61.0941," Based on the provided grammar, here's how I would generate JSON for the given input: ""Movies where all the main actors have won more awards than any Argentine actor"".

```json
{
  ""hypotheses_set"": [
    [
      {
        ""id"": ""q1"",
        ""target"": [""e_movie""],
        ""entities"": [
          { ""id"": ""e_movie"", ""type"": ""Movie"" },
          { ""id"": ""e_actor"", ""type"": ""Person"" },
          { ""id"": ""e_argentine_actor"", ""type"": ""Person"" },
          { ""id"": ""e_award"", ""type"": ""Award"" }
        ],
        ""relationships"": [
          { ""id"": ""r_act"", ""role"": ""actor"", ""from"": ""e_actor"", ""to"": ""e_movie"" },
          { ""id"": ""r_argentine"", ""role"": ""Argentine"", ""from"": ""e_argentine_actor"", ""to"": ""e_actor"" },
          { ""id"": ""r_won"", ""role"": ""won"", ""from"": ""e_actor"", ""to"": ""e_award"" }
        ],
        ""constraint"": {
          ""and_conditions"": [
            {
              ""or_conditions"": [
                {
                  ""left"": { ""attribute_name"": ""nationality"", ""of"": ""e_actor"" },
                  ""operator"": ""="",
                  ""right"": ""Argentine""
                }
              ]
            },
            {
              ""and_conditions"": [
                {
                  ""left"": { ""attribute_name"": ""nationality"", ""of"": ""e_actor"" },
                  ""operator"": ""!="",
                  ""right"": ""Argentine""
                },
                {
                  ""left"": { ""id"": ""r_argentine"" },
                  ""operator"": ""exists"",
                  ""right"": null
                },
                {
                  ""left"": { ""id"": ""e_actor"" },
                  ""operator"": ""not"",
                  ""right"": {
                    ""and_conditions"": [
                      {
                        ""left"": { ""count_id"": ""r_won"" },
                        ""operator"": ""<="",
                        ""right"": {
                          ""or_conditions"": [
                            {
                              ""left"": { ""id"": ""e_argentine_actor"" },
                              ""operator"": ""id"",
                              ""right"": ""{id}""
                            }
                          ]
                        }
                      }
                    ]
                  }
                }
              ]
            }
          ]
        }
      }
    ]
  ]
}
```

This JSON represents a hypothesis that targets movies where all the main actors have won more awards than any Argentine actor. The query includes entities for movie, actor, award, and nationality, as well as relationships for acting in a movie, being Argentine, and winning an award. The constraint checks if the actor is Argentine or not, and if they are not, it checks if they have won more awards than any Argentine actor."
25,Q10,Movies where all the main actors have won more awards than any Argentine actor,mistral:7b,False,0.15,23.30772,True,stop,4096,4.372485,778,12.652855,61.4881," Based on the provided grammar, here's how I would generate JSON for the given input: ""Movies where all the main actors have won more awards than any Argentine actor"".

```json
{
  ""hypotheses_set"": [
    [
      {
        ""id"": ""q1"",
        ""target"": [""e_movie""],
        ""entities"": [
          { ""id"": ""e_movie"", ""type"": ""Movie"" },
          { ""id"": ""e_actor"", ""type"": ""Person"" },
          { ""id"": ""e_argentine_actor"", ""type"": ""Person"" },
          { ""id"": ""e_award"", ""type"": ""Award"" }
        ],
        ""relationships"": [
          { ""id"": ""r_act"", ""role"": ""actor"", ""from"": ""e_actor"", ""to"": ""e_movie"" },
          { ""id"": ""r_won"", ""role"": ""won"", ""from"": ""e_actor"", ""to"": ""e_award"" }
        ],
        ""constraint"": {
          ""and_conditions"": [
            {
              ""left"": { ""attribute_name"": ""nationality"", ""of"": ""e_argentine_actor"" },
              ""operator"": ""="",
              ""right"": ""Argentine""
            },
            {
              ""or_conditions"": [
                {
                  ""left"": { ""attribute_name"": ""nationality"", ""of"": ""e_actor"" },
                  ""operator"": ""!="",
                  ""right"": ""Argentine""
                },
                {
                  ""and_conditions"": [
                    {
                      ""left"": { ""attribute_name"": ""nationality"", ""of"": ""e_actor"" },
                      ""operator"": ""="",
                      ""right"": ""Argentine""
                    },
                    {
                      ""left"": { ""count_id"": ""r_won"" },
                      ""operator"": "">"",
                      ""right"": {
                        ""or_conditions"": [
                          {
                            ""left"": { ""attribute_name"": ""nationality"", ""of"": ""e_argentine_actor"" },
                            ""operator"": ""="",
                            ""right"": ""Argentine""
                          },
                          {
                            ""id"": ""q2"",
                            ""target"": [""e_award""],
                            ""entities"": [{""id"": ""e_award"", ""type"": ""Award""}],
                            ""relationships"": [
                              { ""id"": ""r_argentine_won"", ""role"": ""won"", ""from"": ""e_argentine_actor"", ""to"": ""e_award"" }
                            ]
                          }
                        ],
                        ""count_id"": ""r_argentine_won""
                      }
                    }
                  ]
                }
              ]
            }
          ]
        }
      }
    ]
  ]
}
```

This JSON represents a hypothesis that filters movies where all the main actors have won more awards than any Argentine actor. The query includes a subquery `q2` to count the number of awards won by Argentine actors."
26,Q10,Movies where all the main actors have won more awards than any Argentine actor,mistral:7b,False,0.15,22.509039,True,stop,4096,4.376858,745,12.155468,61.2893," Based on the provided grammar, here's how I would generate JSON for the given input: ""Movies where all the main actors have won more awards than any Argentine actor"".

```json
{
  ""hypotheses_set"": [
    [
      {
        ""id"": ""q1"",
        ""target"": [""e_movie""],
        ""entities"": [
          { ""id"": ""e_movie"", ""type"": ""Movie"" },
          { ""id"": ""e_actor"", ""type"": ""Person"" },
          { ""id"": ""e_argentine_actor"", ""type"": ""Person"" },
          { ""id"": ""e_award"", ""type"": ""Award"" }
        ],
        ""relationships"": [
          { ""id"": ""r_act"", ""role"": ""actor"", ""from"": ""e_actor"", ""to"": ""e_movie"" },
          { ""id"": ""r_won"", ""role"": ""won"", ""from"": ""e_actor"", ""to"": ""e_award"" },
          { ""id"": ""r_argentine"", ""role"": ""Argentine"", ""from"": ""e_argentine_actor"", ""to"": ""e_movie"" }
        ],
        ""constraint"": {
          ""and_conditions"": [
            {
              ""or_conditions"": [
                {
                  ""left"": { ""attribute_name"": ""nationality"", ""of"": ""e_argentine_actor"" },
                  ""operator"": ""="",
                  ""right"": ""Argentina""
                }
              ]
            },
            {
              ""and_conditions"": [
                {
                  ""left"": { ""attribute_name"": ""nationality"", ""of"": ""e_actor"" },
                  ""operator"": ""!="",
                  ""right"": ""Argentina""
                },
                {
                  ""and_conditions"": [
                    {
                      ""left"": { ""attribute_name"": ""nationality"", ""of"": ""e_actor"" },
                      ""operator"": ""!="",
                      ""right"": ""Unknown""
                    },
                    {
                      ""left"": { ""count_id"": ""r_won"" },
                      ""operator"": "">"",
                      ""right"": {
                        ""left"": { ""count_id"": ""r_argentine_actor_award"" },
                        ""operator"": ""MAX"",
                        ""right"": { ""attribute_name"": ""count"", ""of"": ""e_argentine_actor"" }
                      }
                    }
                  ]
                }
              ]
            }
          ]
        }
      }
    ]
  ]
}
```

This JSON represents a hypothesis that targets movies where all the main actors have won more awards than any Argentine actor. The query includes entities for movies, actors, and awards, as well as relationships between them to represent the actor-movie and award-actor associations. It also uses conditions to filter out unknown nationalities and ensure that each actor has won more awards than the maximum number of awards won by any Argentine actor."
27,Q10,Movies where all the main actors have won more awards than any Argentine actor,mistral:7b,False,0.15,24.680455,True,stop,4096,4.373021,835,13.541896,61.6605," Based on the provided grammar, here's how I would generate JSON for the given input: ""Movies where all the main actors have won more awards than any Argentine actor"".

```json
{
  ""hypotheses_set"": [
    [
      {
        ""id"": ""q1"",
        ""target"": [""e_movie""],
        ""entities"": [
          { ""id"": ""e_movie"", ""type"": ""Movie"" },
          { ""id"": ""e_actor"", ""type"": ""Person"" },
          { ""id"": ""e_argentine_actor"", ""type"": ""Person"" },
          { ""id"": ""e_award"", ""type"": ""Award"" }
        ],
        ""relationships"": [
          { ""id"": ""r_act"", ""role"": ""actor"", ""from"": ""e_actor"", ""to"": ""e_movie"" },
          { ""id"": ""r_argentine"", ""role"": ""Argentine"", ""from"": ""e_argentine_actor"", ""to"": ""e_actor"" },
          { ""id"": ""r_won"", ""role"": ""won"", ""from"": ""e_actor"", ""to"": ""e_award"" }
        ],
        ""constraint"": {
          ""and_conditions"": [
            {
              ""left"": { ""attribute_name"": ""country"", ""of"": ""e_argentine_actor"" },
              ""operator"": ""="",
              ""right"": ""Argentina""
            },
            {
              ""or_conditions"": [
                {
                  ""and_conditions"": [
                    {
                      ""left"": { ""attribute_name"": ""country"", ""of"": ""e_actor"" },
                      ""operator"": ""!="",
                      ""right"": ""Argentina""
                    },
                    {
                      ""left"": { ""id"": ""r_argentine"" },
                      ""operator"": ""!exists""
                    }
                  ]
                },
                {
                  ""and_conditions"": [
                    {
                      ""left"": { ""attribute_name"": ""country"", ""of"": ""e_actor"" },
                      ""operator"": ""="",
                      ""right"": ""Argentina""
                    },
                    {
                      ""left"": { ""id"": ""r_argentine"" },
                      ""operator"": ""exists""
                    }
                  ]
                }
              ]
            },
            {
              ""and_conditions"": [
                {
                  ""left"": { ""count_id"": ""r_won"" },
                  ""operator"": "">="",
                  ""right"": { ""count_id"": ""e_actor"" }
                },
                {
                  ""left"": { ""id"": ""r_argentine"" },
                  ""operator"": ""!exists""
                }
              ]
            }
          ]
        }
      }
    ]
  ]
}
```

This JSON represents a hypothesis that filters movies where all the main actors have won more awards than any Argentine actor. The query includes entities for movie, actor, award, and country (for the actor's nationality). It also defines relationships between these entities such as actor-movie, Argentine-actor, and won-actor. The constraint section contains conditions that ensure the actor is not Argentine, has won more awards than any Argentine actor, and all actors in the movie are either not Argentine or Argentine but have fewer awards."
28,Q10,Movies where all the main actors have won more awards than any Argentine actor,mistral:7b,False,0.15,27.210567,True,stop,4096,4.378935,939,15.42486,60.8758," Based on the provided grammar, here's how I would generate JSON for the given input: ""Movies where all the main actors have won more awards than any Argentine actor"".

```json
{
  ""hypotheses_set"": [
    {
      ""id"": ""q1"",
      ""target"": [""e_movie""],
      ""entities"": [
        { ""id"": ""e_movie"", ""type"": ""Movie"" },
        { ""id"": ""e_actor"", ""type"": ""Person"" },
        { ""id"": ""e_argentine_actor"", ""type"": ""Person"" },
        { ""id"": ""e_award"", ""type"": ""Award"" }
      ],
      ""relationships"": [
        { ""id"": ""r_act"", ""role"": ""actor"", ""from"": ""e_actor"", ""to"": ""e_movie"" },
        { ""id"": ""r_argentine"", ""role"": ""Argentine"", ""from"": ""e_argentine_actor"", ""to"": ""e_actor"" },
        { ""id"": ""r_won"", ""role"": ""won"", ""from"": ""e_actor"", ""to"": ""e_award"" }
      ],
      ""constraint"": {
        ""and_conditions"": [
          {
            ""left"": { ""attribute_name"": ""nationality"", ""of"": ""e_argentine_actor"" },
            ""operator"": ""="",
            ""right"": ""Argentina""
          },
          {
            ""or_conditions"": [
              {
                ""left"": { ""attribute_name"": ""nationality"", ""of"": ""e_actor"" },
                ""operator"": ""!="",
                ""right"": ""Argentina""
              },
              {
                ""and_conditions"": [
                  {
                    ""left"": { ""attribute_name"": ""nationality"", ""of"": ""e_actor"" },
                    ""operator"": ""="",
                    ""right"": ""Argentina""
                  },
                  {
                    ""left"": { ""count_id"": ""r_won"" },
                    ""operator"": "">"",
                    ""right"": {
                      ""or_conditions"": [
                        {
                          ""left"": { ""attribute_name"": ""nationality"", ""of"": ""e_argentine_actor"" },
                          ""operator"": ""="",
                          ""right"": ""Argentina""
                        },
                        {
                          ""id"": ""q2"",
                          ""target"": [""e_award""],
                          ""entities"": [{""id"": ""e_award"", ""type"": ""Award""}],
                          ""relationships"": [
                            { ""id"": ""r_argentine_won"", ""role"": ""won"", ""from"": ""e_argentine_actor"", ""to"": ""e_award"" }
                          ]
                        }
                      ],
                      ""operator"": ""min""
                    }
                  }
                ]
              }
            ]
          }
        ]
      }
    },
    {
      ""id"": ""q2"",
      ""target"": [""e_award""],
      ""entities"": [{""id"": ""e_award"", ""type"": ""Award""}],
      ""relationships"": [
        { ""id"": ""r_argentine_won"", ""role"": ""won"", ""from"": ""e_argentine_actor"", ""to"": ""e_award"" }
      ]
    }
  ]
}
```

This JSON represents a hypothesis that checks for movies where all the main actors have won more awards than any Argentine actor. It includes two queries: `q1` and `q2`. `q1` is the main query that filters movies based on the given condition, while `q2` is a subquery used to find the minimum number of awards won by an Argentine actor."
29,Q10,Movies where all the main actors have won more awards than any Argentine actor,mistral:7b,False,0.15,25.330873,True,stop,4096,4.359923,861,14.128823,60.9393," Based on the provided grammar, here's how I would generate JSON for the given input: ""Movies where all the main actors have won more awards than any Argentine actor"".

```json
{
  ""hypotheses_set"": [
    [
      {
        ""id"": ""q1"",
        ""target"": [""e_movie""],
        ""entities"": [
          { ""id"": ""e_movie"", ""type"": ""Movie"" },
          { ""id"": ""e_actor"", ""type"": ""Person"" },
          { ""id"": ""e_argentine_actor"", ""type"": ""Person"" },
          { ""id"": ""e_award"", ""type"": ""Award"" }
        ],
        ""relationships"": [
          { ""id"": ""r_act"", ""role"": ""actor"", ""from"": ""e_actor"", ""to"": ""e_movie"" },
          { ""id"": ""r_won"", ""role"": ""won"", ""from"": ""e_actor"", ""to"": ""e_award"" }
        ],
        ""constraint"": {
          ""and_conditions"": [
            {
              ""left"": { ""attribute_name"": ""nationality"", ""of"": ""e_argentine_actor"" },
              ""operator"": ""="",
              ""right"": ""Argentine""
            },
            {
              ""or_conditions"": [
                {
                  ""left"": { ""attribute_name"": ""nationality"", ""of"": ""e_actor"" },
                  ""operator"": ""!="",
                  ""right"": ""Argentine""
                },
                {
                  ""and_conditions"": [
                    {
                      ""left"": { ""attribute_name"": ""nationality"", ""of"": ""e_actor"" },
                      ""operator"": ""="",
                      ""right"": ""Argentine""
                    },
                    {
                      ""left"": { ""count_id"": ""r_won"" },
                      ""operator"": "">"",
                      ""right"": {
                        ""or_conditions"": [
                          {
                            ""left"": { ""attribute_name"": ""nationality"", ""of"": ""e_argentine_actor"" },
                            ""operator"": ""="",
                            ""right"": ""Argentine""
                          },
                          {
                            ""id"": ""q2"",
                            ""target"": [""e_award""],
                            ""entities"": [{""id"": ""e_argentine_actor"", ""type"": ""Person""}],
                            ""relationships"": [{ ""id"": ""r_won"", ""role"": ""won"", ""from"": ""e_argentine_actor"", ""to"": ""e_award"" }]
                          }
                        ]
                      }
                    }
                  ]
                }
              ]
            }
          ]
        }
      },
      {
        ""id"": ""q2"",
        ""target"": [""e_award""],
        ""entities"": [{""id"": ""e_argentine_actor"", ""type"": ""Person""}],
        ""relationships"": [{ ""id"": ""r_won"", ""role"": ""won"", ""from"": ""e_argentine_actor"", ""to"": ""e_award"" }]
      }
    ]
  ]
}
```

This JSON represents a hypothesis that checks for movies where all the main actors have won more awards than any Argentine actor. It includes an additional sub-query (q2) to count the number of awards won by Argentine actors, which is used in the main query's constraint."
30,Q10,Movies where all the main actors have won more awards than any Argentine actor,mistral:7b,False,0.15,24.308835,True,stop,4096,4.360566,819,13.4415,60.9307," Based on the provided grammar, here's how I would generate JSON for the given input: ""Movies where all the main actors have won more awards than any Argentine actor"".

```json
{
  ""hypotheses_set"": [
    [
      {
        ""id"": ""q1"",
        ""target"": [""e_movie""],
        ""entities"": [
          { ""id"": ""e_movie"", ""type"": ""Movie"" },
          { ""id"": ""e_actor"", ""type"": ""Person"" },
          { ""id"": ""e_argentine_actor"", ""type"": ""Person"" },
          { ""id"": ""e_award"", ""type"": ""Award"" }
        ],
        ""relationships"": [
          { ""id"": ""r_act"", ""role"": ""actor"", ""from"": ""e_actor"", ""to"": ""e_movie"" },
          { ""id"": ""r_argentine"", ""role"": ""Argentine"", ""from"": ""e_argentine_actor"", ""to"": ""e_actor"" },
          { ""id"": ""r_won"", ""role"": ""won"", ""from"": ""e_actor"", ""to"": ""e_award"" }
        ],
        ""constraint"": {
          ""and_conditions"": [
            {
              ""left"": { ""attribute_name"": ""nationality"", ""of"": ""e_argentine_actor"" },
              ""operator"": ""="",
              ""right"": ""Argentina""
            },
            {
              ""or_conditions"": [
                {
                  ""left"": { ""attribute_name"": ""nationality"", ""of"": ""e_actor"" },
                  ""operator"": ""!="",
                  ""right"": ""Argentina""
                },
                {
                  ""and_conditions"": [
                    {
                      ""left"": { ""attribute_name"": ""nationality"", ""of"": ""e_actor"" },
                      ""operator"": ""="",
                      ""right"": ""Argentina""
                    },
                    {
                      ""left"": { ""count_id"": ""r_won"" },
                      ""operator"": "">"",
                      ""right"": {
                        ""or_conditions"": [
                          {
                            ""left"": { ""attribute_name"": ""nationality"", ""of"": ""e_argentine_actor"" },
                            ""operator"": ""="",
                            ""right"": ""Argentina""
                          },
                          {
                            ""id"": ""q2"",
                            ""target"": [""e_award""],
                            ""entities"": [{""id"": ""e_award"", ""type"": ""Award""}],
                            ""relationships"": [
                              { ""id"": ""r_argentine_won"", ""role"": ""won"", ""from"": ""e_argentine_actor"", ""to"": ""e_award"" }
                            ]
                          }
                        ],
                        ""operator"": ""min""
                      }
                    }
                  ]
                }
              ]
            }
          ]
        }
      }
    ]
  ]
}
```

This JSON represents a hypothesis that filters movies where all the main actors have won more awards than any Argentine actor. It includes a sub-hypothesis `q2` to find the minimum number of awards won by Argentine actors for comparison purposes."
