Run,Query ID,Query,Model,Thinking,Temperature,Inference Time (s),Valid JSON,Done Reason,Prompt Eval Count,Prompt Eval Duration (s),Eval Count,Eval Duration (s),Generation Throughput (tokens/s),Response
1,Q04,"Give me the shortest path between Article where title is Open sets satisfying systems of congruences and Report, with report_id equal 5049b80a2935f95cc95cf14dbfb8c610, including the nodes on the path!",ministral-3:8b,False,0.15,91.076247,True,stop,3170,0.599955,499,89.897454,5.5508,"```json
{
  ""hypotheses_set"": [
    [
      {
        ""id"": ""q1"",
        ""target"": [""r_path""],
        ""entities"": [
          { ""id"": ""e_article"", ""type"": ""Article"" },
          { ""id"": ""e_report"", ""type"": ""Report"" },
          { ""id"": ""e_node1"", ""type"": ""Node"" },
          { ""id"": ""e_node2"", ""type"": ""Node"" }
        ],
        ""relationships"": [
          { ""id"": ""r_article_node"", ""role"": ""connected_to"", ""from"": ""e_article"", ""to"": ""e_node1"" },
          { ""id"": ""r_node_node"", ""role"": ""connected_to"", ""from"": ""e_node1"", ""to"": ""e_node2"" },
          { ""id"": ""r_node_report"", ""role"": ""connected_to"", ""from"": ""e_node2"", ""to"": ""e_report"" }
        ],
        ""constraint"": {
          ""and_conditions"": [
            {
              ""left"": { ""attribute_name"": ""title"", ""of"": ""e_article"" },
              ""operator"": ""="",
              ""right"": ""Open sets satisfying systems of congruences""
            },
            {
              ""left"": { ""attribute_name"": ""report_id"", ""of"": ""e_report"" },
              ""operator"": ""="",
              ""right"": ""5049b80a2935f95cc95cf14dbfb8c610""
            },
            {
              ""exists_id"": ""r_article_node"",
              ""condition"": {
                ""and_conditions"": [
                  ""r_article_node"",
                  ""r_node_node"",
                  ""r_node_report""
                ]
              }
            }
          ]
        },
        ""projection"": [
          { ""expression_ID"": ""path_nodes"", ""expression"": [
            { ""attribute_name"": ""id"", ""of"": ""e_article"" },
            { ""attribute_name"": ""id"", ""of"": ""e_node1"" },
            { ""attribute_name"": ""id"", ""of"": ""e_node2"" },
            { ""attribute_name"": ""id"", ""of"": ""e_report"" }
          ]}
        ]
      }
    ]
  ]
}
```"
2,Q04,"Give me the shortest path between Article where title is Open sets satisfying systems of congruences and Report, with report_id equal 5049b80a2935f95cc95cf14dbfb8c610, including the nodes on the path!",ministral-3:8b,False,0.15,400.892273,False,stop,3170,0.182525,2138,398.96179,5.3589,"```json
{
  ""hypotheses_set"": [
    [
      {
        ""id"": ""q1"",
        ""target"": [""e_article"", ""e_report"", ""e_path""],
        ""entities"": [
          { ""id"": ""e_article"", ""type"": ""Article"" },
          { ""id"": ""e_report"", ""type"": ""Report"" },
          { ""id"": ""e_node"", ""type"": ""Node"" }
        ],
        ""relationships"": [
          { ""id"": ""r_connects"", ""role"": ""connects"", ""from"": ""e_node"", ""to"": ""e_node"" }
        ],
        ""constraint"": {
          ""and_conditions"": [
            {
              ""left"": { ""attribute_name"": ""title"", ""of"": ""e_article"" },
              ""operator"": ""="",
              ""right"": ""Open sets satisfying systems of congruences""
            },
            {
              ""left"": { ""attribute_name"": ""report_id"", ""of"": ""e_report"" },
              ""operator"": ""="",
              ""right"": ""5049b80a2935f95cc95cf14dbfb8c610""
            },
            {
              ""exists_id"": ""e_path"",
              ""condition"": {
                ""and_conditions"": [
                  {
                    ""left"": {
                      ""expression_ID"": ""path_start"",
                      ""expression"": {
                        ""all_id"": ""e_node"",
                        ""condition"": {
                          ""or_conditions"": [
                            {
                              ""left"": { ""attribute_name"": ""type"", ""of"": ""e_node"" },
                              ""operator"": ""="",
                              ""right"": ""Article""
                            },
                            {
                              ""left"": { ""attribute_name"": ""type"", ""of"": ""e_node"" },
                              ""operator"": ""="",
                              ""right"": ""Report""
                            }
                          ]
                        }
                      }
                    },
                    ""operator"": ""="",
                    ""right"": {
                      ""expression_ID"": ""path_end"",
                      ""expression"": {
                        ""all_id"": ""e_node"",
                        ""condition"": {
                          ""or_conditions"": [
                            {
                              ""left"": { ""attribute_name"": ""type"", ""of"": ""e_node"" },
                              ""operator"": ""="",
                              ""right"": ""Article""
                            },
                            {
                              ""left"": { ""attribute_name"": ""type"", ""of"": ""e_node"" },
                              ""operator"": ""="",
                              ""right"": ""Report""
                            }
                          ]
                        }
                      }
                    }
                  },
                  {
                    ""left"": {
                      ""expression_ID"": ""path_article"",
                      ""expression"": {
                        ""left"": { ""attribute_name"": ""type"", ""of"": ""e_node"" },
                        ""operator"": ""="",
                        ""right"": ""Article""
                      }
                    },
                    ""operator"": ""="",
                    ""right"": {
                      ""left"": { ""attribute_name"": ""title"", ""of"": ""e_article"" },
                      ""operator"": ""="",
                      ""right"": ""Open sets satisfying systems of congruences""
                    }
                  },
                  {
                    ""left"": {
                      ""expression_ID"": ""path_report"",
                      ""expression"": {
                        ""left"": { ""attribute_name"": ""type"", ""of"": ""e_node"" },
                        ""operator"": ""="",
                        ""right"": ""Report""
                      }
                    },
                    ""operator"": ""="",
                    ""right"": {
                      ""left"": { ""attribute_name"": ""report_id"", ""of"": ""e_report"" },
                      ""operator"": ""="",
                      ""right"": ""5049b80a2935f95cc95cf14dbfb8c610""
                    }
                  },
                  {
                    ""left"": {
                      ""expression_ID"": ""path_nodes"",
                      ""expression"": {
                        ""left"": {
                          ""count_id"": ""e_node"",
                          ""condition"": {
                            ""left"": {
                              ""expression_ID"": ""node_in_path"",
                              ""expression"": {
                                ""and_conditions"": [
                                  { ""id"": ""r_connects"" },
                                  {
                                    ""left"": { ""attribute_name"": ""type"", ""of"": ""e_node"" },
                                    ""operator"": ""in"",
                                    ""right"": [""Article"", ""Report""]
                                  }
                                ]
                              }
                            },
                            ""operator"": ""="",
                            ""right"": {
                              ""left"": { ""attribute_name"": ""type"", ""of"": ""e_node"" },
                              ""operator"": ""in"",
                              ""right"": [""Article"", ""Report""]
                            }
                          }
                        },
                        ""operator"": "">="",
                        ""right"": 2
                      }
                    },
                    ""operator"": ""="",
                    ""right"": {
                      ""expression_ID"": ""path_length"",
                      ""expression"": {
                        ""left"": {
                          ""count_id"": ""e_node"",
                          ""condition"": {
                            ""left"": {
                              ""expression_ID"": ""path_length_check"",
                              ""expression"": {
                                ""and_conditions"": [
                                  { ""id"": ""r_connects"" },
                                  {
                                    ""left"": { ""attribute_name"": ""type"", ""of"": ""e_node"" },
                                    ""operator"": ""in"",
                                    ""right"": [""Article"", ""Report""]
                                  }
                                ]
                              }
                            },
                            ""operator"": ""="",
                            ""right"": {
                              ""left"": { ""attribute_name"": ""type"", ""of"": ""e_node"" },
                              ""operator"": ""in"",
                              ""right"": [""Article"", ""Report""]
                            }
                          }
                        },
                        ""operator"": ""<="",
                        ""right"": 3
                      }
                    }
                  }
                ]
              }
            }
          ]
        },
        ""projection"": [
          {
            ""expression_ID"": ""path_nodes"",
            ""expression"": {
              ""left"": {
                ""expression_ID"": ""path_nodes_list"",
                ""expression"": {
                  ""left"": {
                    ""expression_ID"": ""path_nodes_connected"",
                    ""expression"": {
                      ""left"": {
                        ""expression_ID"": ""path_nodes_connected_check"",
                        ""expression"": {
                          ""left"": {
                            ""expression_ID"": ""path_nodes_connected_start"",
                            ""expression"": {
                              ""left"": {
                                ""expression_ID"": ""path_nodes_connected_start_check"",
                                ""expression"": {
                                  ""left"": {
                                    ""expression_ID"": ""path_nodes_connected_start_check_article"",
                                    ""expression"": {
                                      ""left"": {
                                        ""expression_ID"": ""path_nodes_connected_start_check_article_report"",
                                        ""expression"": {
                                          ""left"": {
                                            ""expression_ID"": ""path_nodes_connected_start_check_article_report_connected"",
                                            ""expression"": {
                                              ""left"": {
                                                ""expression_ID"": ""path_nodes_connected_start_check_article_report_connected_report"",
                                                ""expression"": {
                                                  ""left"": {
                                                    ""expression_ID"": ""path_nodes_connected_start_check_article_report_connected_report_article"",
                                                    ""expression"": {
                                                      ""left"": {
                                                        ""expression_ID"": ""path_nodes_connected_start_check_article_report_connected_report_article_connected"",
                                                        ""expression"": {
                                                          ""left"": {
                                                            ""expression_ID"": ""path_nodes_connected_start_check_article_report_connected_report_article_connected_nodes"",
                                                            ""expression"": {
                                                              ""left"": { ""attribute_name"": ""type"", ""of"": ""e_node"" },
                                                              ""operator"": ""in"",
                                                              ""right"": [""Article"", ""Report""]
                                                            }
                                                          },
                                                          ""operator"": ""="",
                                                          ""right"": {
                                                            ""left"": { ""attribute_name"": ""type"", ""of"": ""e_node"" },
                                                            ""operator"": ""in"",
                                                            ""right"": [""Article"", ""Report""]
                                                          }
                                                        }
                                                      },
                                                      ""operator"": ""="",
                                                      ""right"": {
                                                        ""left"": { ""attribute_name"": ""report_id"", ""of"": ""e_report"" },
                                                        ""operator"": ""="",
                                                        ""right"": ""5049b80a2935f95cc95cf14dbfb8c610""
                                                      }
                                                    }
                                                  },
                                                  ""operator"": ""="",
                                                  ""right"": {
                                                    ""left"": { ""attribute_name"": ""title"", ""of"": ""e_article"" },
                                                    ""operator"": ""="",
                                                    ""right"": ""Open sets satisfying systems of congruences""
                                                  }
                                                }
                                              },
                                              ""operator"": ""="",
                                              ""right"": {
                                                ""left"": { ""attribute_name"": ""type"", ""of"": ""e_node"" },
                                                ""operator"": ""="",
                                                ""right"": ""Report""
                                              }
                                            }
                                          },
                                          ""operator"": ""="",
                                          ""right"": {
                                            ""left"": { ""attribute_name"": ""type"", ""of"": ""e_node"" },
                                            ""operator"": ""="",
                                            ""right"": ""Article""
                                          }
                                        }
                                      },
                                      ""operator"": ""="",
                                      ""right"": {
                                        ""left"": { ""attribute_name"": ""type"", ""of"": ""e_node"" },
                                        ""operator"": ""="",
                                        ""right"": ""Report""
                                      }
                                    }
                                  },
                                  { ""id"": ""r_connects"" }
                                ]
                              }
                            },
                            ""operator"": ""="",
                            ""right"": {
                              ""left"": { ""attribute_name"": ""type"", ""of"": ""e_node"" },
                              ""operator"": ""in"",
                              ""right"": [""Article"", ""Report""]
                            }
                          }
                        },
                        ""operator"": ""="",
                        ""right"": {
                          ""left"": { ""attribute_name"": ""type"", ""of"": ""e_node"" },
                          ""operator"": ""in"",
                          ""right"": [""Article"", ""Report""]
                        }
                      }
                    },
                    ""operator"": ""="",
                    ""right"": {
                      ""left"": { ""attribute_name"": ""type"", ""of"": ""e_node"" },
                      ""operator"": ""in"",
                      ""right"": [""Article"", ""Report""]
                    }
                  }
                }
              }
            }
          }
        ]
      }
    ]
  ]
}
```"
3,Q04,"Give me the shortest path between Article where title is Open sets satisfying systems of congruences and Report, with report_id equal 5049b80a2935f95cc95cf14dbfb8c610, including the nodes on the path!",ministral-3:8b,False,0.15,185.285701,True,stop,3170,6.627604,945,177.692641,5.3182,"```json
{
  ""hypotheses_set"": [
    [
      {
        ""id"": ""q1"",
        ""target"": [""e_article"", ""e_report"", ""e_path_nodes""],
        ""entities"": [
          { ""id"": ""e_article"", ""type"": ""Article"" },
          { ""id"": ""e_report"", ""type"": ""Report"" },
          { ""id"": ""e_node1"", ""type"": ""Node"" },
          { ""id"": ""e_node2"", ""type"": ""Node"" }
        ],
        ""relationships"": [
          { ""id"": ""r_connect"", ""role"": ""connected_to"", ""from"": ""e_node1"", ""to"": ""e_node2"" }
        ],
        ""constraint"": {
          ""and_conditions"": [
            {
              ""left"": { ""attribute_name"": ""title"", ""of"": ""e_article"" },
              ""operator"": ""="",
              ""right"": ""Open sets satisfying systems of congruences""
            },
            {
              ""left"": { ""attribute_name"": ""report_id"", ""of"": ""e_report"" },
              ""operator"": ""="",
              ""right"": ""5049b80a2935f95cc95cf14dbfb8c610""
            },
            {
              ""exists_id"": ""e_path_nodes"",
              ""condition"": {
                ""and_conditions"": [
                  {
                    ""or_conditions"": [
                      { ""left"": { ""attribute_name"": ""type"", ""of"": ""e_node1"" }, ""operator"": ""="", ""right"": ""Article"" },
                      { ""left"": { ""attribute_name"": ""type"", ""of"": ""e_node1"" }, ""operator"": ""="", ""right"": ""Report"" }
                    ]
                  },
                  {
                    ""or_conditions"": [
                      { ""left"": { ""attribute_name"": ""type"", ""of"": ""e_node2"" }, ""operator"": ""="", ""right"": ""Article"" },
                      { ""left"": { ""attribute_name"": ""type"", ""of"": ""e_node2"" }, ""operator"": ""="", ""right"": ""Report"" }
                    ]
                  },
                  {
                    ""and_conditions"": [
                      {
                        ""left"": { ""attribute_name"": ""id"", ""of"": ""e_node1"" },
                        ""operator"": ""="",
                        ""right"": { ""attribute_name"": ""id"", ""of"": ""e_article"" }
                      },
                      {
                        ""left"": { ""attribute_name"": ""id"", ""of"": ""e_node2"" },
                        ""operator"": ""="",
                        ""right"": { ""attribute_name"": ""id"", ""of"": ""e_report"" }
                      }
                    ]
                  },
                  {
                    ""left"": {
                      ""exists_id"": ""r_connect"",
                      ""condition"": {
                        ""and_conditions"": [
                          { ""left"": { ""attribute_name"": ""from"", ""of"": ""r_connect"" }, ""operator"": ""="", ""right"": { ""attribute_name"": ""id"", ""of"": ""e_node1"" } },
                          { ""left"": { ""attribute_name"": ""to"", ""of"": ""r_connect"" }, ""operator"": ""="", ""right"": { ""attribute_name"": ""id"", ""of"": ""e_node2"" } }
                        ]
                      }
                    },
                    ""operator"": ""="",
                    ""right"": true
                  }
                ]
              }
            }
          ]
        },
        ""projection"": [
          { ""expression_ID"": ""path_nodes"", ""expression"": {
            ""expression_ID"": ""path_nodes"",
            ""expression"": {
              ""expression_ID"": ""path_nodes_list"",
              ""expression"": [
                {
                  ""left"": { ""attribute_name"": ""id"", ""of"": ""e_node1"" },
                  ""operator"": ""="",
                  ""right"": { ""attribute_name"": ""id"", ""of"": ""e_article"" }
                },
                {
                  ""left"": { ""attribute_name"": ""id"", ""of"": ""e_node2"" },
                  ""operator"": ""="",
                  ""right"": { ""attribute_name"": ""id"", ""of"": ""e_report"" }
                }
              ]
            }
          }},
          { ""attribute_name"": ""id"", ""of"": ""e_article"" },
          { ""attribute_name"": ""id"", ""of"": ""e_report"" }
        ]
      }
    ]
  ]
}
```"
4,Q04,"Give me the shortest path between Article where title is Open sets satisfying systems of congruences and Report, with report_id equal 5049b80a2935f95cc95cf14dbfb8c610, including the nodes on the path!",ministral-3:8b,False,0.15,91.177603,True,stop,3170,6.597993,455,83.961499,5.4192,"```json
{
  ""hypotheses_set"": [
    [
      {
        ""id"": ""q1"",
        ""target"": [
          { ""expression_ID"": ""path_nodes"", ""expression"": [""e_article"", ""e_intermediate_node_1"", ""e_report""] },
          { ""expression_ID"": ""path_relationships"", ""expression"": [""r1"", ""r2""] }
        ],
        ""entities"": [
          { ""id"": ""e_article"", ""type"": ""Article"" },
          { ""id"": ""e_report"", ""type"": ""Report"" },
          { ""id"": ""e_intermediate_node_1"", ""type"": ""Document"" }
        ],
        ""relationships"": [
          { ""id"": ""r1"", ""role"": ""connected_to"", ""from"": ""e_article"", ""to"": ""e_intermediate_node_1"" },
          { ""id"": ""r2"", ""role"": ""connected_to"", ""from"": ""e_intermediate_node_1"", ""to"": ""e_report"" }
        ],
        ""constraint"": {
          ""and_conditions"": [
            {
              ""left"": { ""attribute_name"": ""title"", ""of"": ""e_article"" },
              ""operator"": ""="",
              ""right"": ""Open sets satisfying systems of congruences""
            },
            {
              ""left"": { ""attribute_name"": ""report_id"", ""of"": ""e_report"" },
              ""operator"": ""="",
              ""right"": ""5049b80a2935f95cc95cf14dbfb8c610""
            },
            {
              ""and_conditions"": [
                ""r1"",
                ""r2""
              ]
            }
          ]
        },
        ""projection"": [
          { ""expression_ID"": ""path_nodes"", ""expression"": [""e_article"", ""e_intermediate_node_1"", ""e_report""] },
          { ""expression_ID"": ""path_relationships"", ""expression"": [""r1"", ""r2""] }
        ],
        ""distinct"": true
      }
    ]
  ]
}
```"
5,Q04,"Give me the shortest path between Article where title is Open sets satisfying systems of congruences and Report, with report_id equal 5049b80a2935f95cc95cf14dbfb8c610, including the nodes on the path!",ministral-3:8b,False,0.15,103.600914,True,stop,3170,0.184777,560,102.76385,5.4494,"```json
{
  ""hypotheses_set"": [
    [
      {
        ""id"": ""q1"",
        ""target"": [
          ""e_article"",
          ""e_report"",
          ""e_intermediate_node""
        ],
        ""entities"": [
          { ""id"": ""e_article"", ""type"": ""Article"" },
          { ""id"": ""e_report"", ""type"": ""Report"" },
          { ""id"": ""e_intermediate_node"", ""type"": ""Node"" }
        ],
        ""relationships"": [
          { ""id"": ""r_connected"", ""role"": ""connected_to"", ""from"": ""e_article"", ""to"": ""e_intermediate_node"" },
          { ""id"": ""r_connected_2"", ""role"": ""connected_to"", ""from"": ""e_intermediate_node"", ""to"": ""e_report"" }
        ],
        ""constraint"": {
          ""and_conditions"": [
            {
              ""left"": { ""attribute_name"": ""title"", ""of"": ""e_article"" },
              ""operator"": ""="",
              ""right"": ""Open sets satisfying systems of congruences""
            },
            {
              ""left"": { ""attribute_name"": ""report_id"", ""of"": ""e_report"" },
              ""operator"": ""="",
              ""right"": ""5049b80a2935f95cc95cf14dbfb8c610""
            },
            {
              ""exists_id"": ""e_intermediate_node"",
              ""condition"": {
                ""and_conditions"": [
                  ""r_connected"",
                  ""r_connected_2""
                ]
              }
            }
          ]
        },
        ""projection"": [
          { ""attribute_name"": ""title"", ""of"": ""e_article"" },
          { ""attribute_name"": ""report_id"", ""of"": ""e_report"" },
          { ""attribute_name"": ""id"", ""of"": ""e_article"" },
          { ""attribute_name"": ""id"", ""of"": ""e_intermediate_node"" },
          { ""attribute_name"": ""id"", ""of"": ""e_report"" }
        ],
        ""order_by"": [
          {
            ""expression"": {
              ""left"": {
                ""count_id"": ""e_intermediate_node"",
                ""condition"": {
                  ""and_conditions"": [
                    ""r_connected"",
                    ""r_connected_2""
                  ]
                }
              },
              ""operator"": ""MIN"",
              ""expression"": null
            },
            ""direction"": ""ASC""
          }
        ],
        ""limit"": 1
      }
    ]
  ]
}
```"
6,Q04,"Give me the shortest path between Article where title is Open sets satisfying systems of congruences and Report, with report_id equal 5049b80a2935f95cc95cf14dbfb8c610, including the nodes on the path!",ministral-3:8b,False,0.15,99.152878,True,stop,3170,0.181514,542,98.318443,5.5127,"```json
{
  ""hypotheses_set"": [
    [
      {
        ""id"": ""q1"",
        ""target"": [
          ""e_article"",
          ""e_report"",
          ""e_intermediate_node""
        ],
        ""entities"": [
          { ""id"": ""e_article"", ""type"": ""Article"" },
          { ""id"": ""e_report"", ""type"": ""Report"" },
          { ""id"": ""e_intermediate_node"", ""type"": ""Node"" }
        ],
        ""relationships"": [
          { ""id"": ""r_connected"", ""role"": ""connected"", ""from"": ""e_article"", ""to"": ""e_intermediate_node"" },
          { ""id"": ""r_connected_2"", ""role"": ""connected"", ""from"": ""e_intermediate_node"", ""to"": ""e_report"" }
        ],
        ""constraint"": {
          ""and_conditions"": [
            {
              ""left"": { ""attribute_name"": ""title"", ""of"": ""e_article"" },
              ""operator"": ""="",
              ""right"": ""Open sets satisfying systems of congruences""
            },
            {
              ""left"": { ""attribute_name"": ""report_id"", ""of"": ""e_report"" },
              ""operator"": ""="",
              ""right"": ""5049b80a2935f95cc95cf14dbfb8c610""
            },
            {
              ""all_id"": ""e_intermediate_node"",
              ""condition"": {
                ""and_conditions"": [
                  {
                    ""or_conditions"": [
                      ""r_connected"",
                      ""r_connected_2""
                    ]
                  }
                ]
              }
            }
          ]
        },
        ""projection"": [
          { ""attribute_name"": ""title"", ""of"": ""e_article"" },
          { ""attribute_name"": ""report_id"", ""of"": ""e_report"" },
          { ""attribute_name"": ""id"", ""of"": ""e_intermediate_node"" },
          { ""attribute_name"": ""type"", ""of"": ""e_intermediate_node"" }
        ],
        ""distinct"": true,
        ""order_by"": [
          {
            ""expression"": {
              ""left"": {
                ""count_id"": ""e_intermediate_node"",
                ""condition"": {
                  ""and_conditions"": [
                    ""r_connected"",
                    ""r_connected_2""
                  ]
                }
              },
              ""operator"": ""ASC""
            }
          }
        ]
      }
    ]
  ]
}
```"
7,Q04,"Give me the shortest path between Article where title is Open sets satisfying systems of congruences and Report, with report_id equal 5049b80a2935f95cc95cf14dbfb8c610, including the nodes on the path!",ministral-3:8b,False,0.15,178.237122,True,stop,3170,0.182584,971,177.072923,5.4836,"```json
{
  ""hypotheses_set"": [
    [
      {
        ""id"": ""q1"",
        ""target"": [""e_article"", ""e_report"", ""e_path_nodes""],
        ""entities"": [
          { ""id"": ""e_article"", ""type"": ""Article"" },
          { ""id"": ""e_report"", ""type"": ""Report"" },
          { ""id"": ""e_node"", ""type"": ""Node"" }
        ],
        ""relationships"": [
          { ""id"": ""r_connects"", ""role"": ""connected_to"", ""from"": ""e_node"", ""to"": ""e_node"" }
        ],
        ""constraint"": {
          ""and_conditions"": [
            {
              ""left"": { ""attribute_name"": ""title"", ""of"": ""e_article"" },
              ""operator"": ""="",
              ""right"": ""Open sets satisfying systems of congruences""
            },
            {
              ""left"": { ""attribute_name"": ""report_id"", ""of"": ""e_report"" },
              ""operator"": ""="",
              ""right"": ""5049b80a2935f95cc95cf14dbfb8c610""
            },
            {
              ""exists_id"": ""e_path_nodes"",
              ""condition"": {
                ""and_conditions"": [
                  {
                    ""left"": {
                      ""all_id"": ""e_path_nodes"",
                      ""condition"": {
                        ""or_conditions"": [
                          {
                            ""left"": { ""attribute_name"": ""type"", ""of"": ""e_path_nodes"" },
                            ""operator"": ""="",
                            ""right"": ""Article""
                          },
                          {
                            ""left"": { ""attribute_name"": ""type"", ""of"": ""e_path_nodes"" },
                            ""operator"": ""="",
                            ""right"": ""Report""
                          }
                        ]
                      }
                    },
                    ""operator"": ""="",
                    ""right"": true
                  },
                  {
                    ""left"": {
                      ""all_id"": ""e_path_nodes"",
                      ""condition"": {
                        ""and_conditions"": [
                          {
                            ""left"": {
                              ""attribute_name"": ""type"", ""of"": ""e_path_nodes""
                            },
                            ""operator"": ""="",
                            ""right"": ""Node""
                          },
                          {
                            ""left"": {
                              ""exists_id"": ""r_connects"",
                              ""condition"": {
                                ""and_conditions"": [
                                  {
                                    ""left"": {
                                      ""attribute_name"": ""from"", ""of"": ""r_connects""
                                    },
                                    ""operator"": ""="",
                                    ""right"": {
                                      ""attribute_name"": ""id"", ""of"": ""e_path_nodes""
                                    }
                                  },
                                  {
                                    ""left"": {
                                      ""attribute_name"": ""to"", ""of"": ""r_connects""
                                    },
                                    ""operator"": ""="",
                                    ""right"": {
                                      ""attribute_name"": ""id"", ""of"": {
                                        ""expression_ID"": ""next_node"",
                                        ""expression"": {
                                          ""attribute_name"": ""id"", ""of"": ""e_path_nodes""
                                        }
                                      }
                                    }
                                  }
                                ]
                              }
                            },
                            ""operator"": ""="",
                            ""right"": true
                          }
                        ]
                      }
                    },
                    ""operator"": ""="",
                    ""right"": true
                  },
                  {
                    ""left"": {
                      ""attribute_name"": ""id"", ""of"": ""e_article""
                    },
                    ""operator"": ""="",
                    ""right"": {
                      ""attribute_name"": ""id"",
                      ""of"": {
                        ""expression_ID"": ""first_node"",
                        ""expression"": {
                          ""attribute_name"": ""id"", ""of"": ""e_path_nodes""
                        }
                      }
                    }
                  },
                  {
                    ""left"": {
                      ""attribute_name"": ""id"", ""of"": ""e_report""
                    },
                    ""operator"": ""="",
                    ""right"": {
                      ""attribute_name"": ""id"",
                      ""of"": {
                        ""expression_ID"": ""last_node"",
                        ""expression"": {
                          ""attribute_name"": ""id"", ""of"": ""e_path_nodes""
                        }
                      }
                    }
                  }
                ]
              }
            }
          ]
        },
        ""projection"": [
          {
            ""expression_ID"": ""path_nodes"",
            ""expression"": {
              ""expression_ID"": ""nodes_in_path"",
              ""expression"": {
                ""expression_ID"": ""path_nodes_list"",
                ""expression"": {
                  ""attribute_name"": ""id"", ""of"": ""e_path_nodes""
                }
              }
            }
          }
        ]
      }
    ]
  ]
}
```"
8,Q04,"Give me the shortest path between Article where title is Open sets satisfying systems of congruences and Report, with report_id equal 5049b80a2935f95cc95cf14dbfb8c610, including the nodes on the path!",ministral-3:8b,False,0.15,155.791266,True,stop,3170,6.543742,816,148.46904,5.4961,"```json
{
  ""hypotheses_set"": [
    [
      {
        ""id"": ""q1"",
        ""target"": [""e_article"", ""e_report"", ""e_path_nodes""],
        ""entities"": [
          { ""id"": ""e_article"", ""type"": ""Article"" },
          { ""id"": ""e_report"", ""type"": ""Report"" },
          { ""id"": ""e_node1"", ""type"": ""Node"" },
          { ""id"": ""e_node2"", ""type"": ""Node"" },
          { ""id"": ""e_node3"", ""type"": ""Node"" }
        ],
        ""relationships"": [
          { ""id"": ""r_connect"", ""role"": ""connected_to"", ""from"": ""e_node1"", ""to"": ""e_node2"" },
          { ""id"": ""r_connect2"", ""role"": ""connected_to"", ""from"": ""e_node2"", ""to"": ""e_node3"" }
        ],
        ""constraint"": {
          ""and_conditions"": [
            {
              ""left"": { ""attribute_name"": ""title"", ""of"": ""e_article"" },
              ""operator"": ""="",
              ""right"": ""Open sets satisfying systems of congruences""
            },
            {
              ""left"": { ""attribute_name"": ""report_id"", ""of"": ""e_report"" },
              ""operator"": ""="",
              ""right"": ""5049b80a2935f95cc95cf14dbfb8c610""
            },
            {
              ""and_conditions"": [
                {
                  ""or_conditions"": [
                    { ""left"": { ""attribute_name"": ""type"", ""of"": ""e_node1"" }, ""operator"": ""="", ""right"": ""Article"" },
                    { ""left"": { ""attribute_name"": ""type"", ""of"": ""e_node1"" }, ""operator"": ""="", ""right"": ""Node"" }
                  ]
                },
                {
                  ""or_conditions"": [
                    { ""left"": { ""attribute_name"": ""type"", ""of"": ""e_node2"" }, ""operator"": ""="", ""right"": ""Node"" }
                  ]
                },
                {
                  ""or_conditions"": [
                    { ""left"": { ""attribute_name"": ""type"", ""of"": ""e_node3"" }, ""operator"": ""="", ""right"": ""Report"" },
                    { ""left"": { ""attribute_name"": ""type"", ""of"": ""e_node3"" }, ""operator"": ""="", ""right"": ""Node"" }
                  ]
                },
                {
                  ""and_conditions"": [
                    {
                      ""left"": { ""attribute_name"": ""id"", ""of"": ""e_article"" },
                      ""operator"": ""="",
                      ""right"": { ""attribute_name"": ""id"", ""of"": ""e_node1"" }
                    },
                    { ""id"": ""r_connect"" }
                  ]
                },
                {
                  ""and_conditions"": [
                    { ""id"": ""r_connect2"" },
                    {
                      ""left"": { ""attribute_name"": ""id"", ""of"": ""e_node3"" },
                      ""operator"": ""="",
                      ""right"": { ""attribute_name"": ""id"", ""of"": ""e_report"" }
                    }
                  ]
                }
              ]
            }
          ]
        },
        ""projection"": [
          { ""attribute_name"": ""id"", ""of"": ""e_article"" },
          { ""attribute_name"": ""id"", ""of"": ""e_node1"" },
          { ""attribute_name"": ""id"", ""of"": ""e_node2"" },
          { ""attribute_name"": ""id"", ""of"": ""e_node3"" },
          { ""attribute_name"": ""id"", ""of"": ""e_report"" }
        ]
      }
    ]
  ]
}
```"
9,Q04,"Give me the shortest path between Article where title is Open sets satisfying systems of congruences and Report, with report_id equal 5049b80a2935f95cc95cf14dbfb8c610, including the nodes on the path!",ministral-3:8b,False,0.15,123.823993,True,stop,3170,0.18243,675,122.922735,5.4913,"```json
{
  ""hypotheses_set"": [
    [
      {
        ""id"": ""q1"",
        ""target"": [""r_path""],
        ""entities"": [
          { ""id"": ""e_article"", ""type"": ""Article"" },
          { ""id"": ""e_report"", ""type"": ""Report"" },
          { ""id"": ""e_node1"", ""type"": ""Node"" },
          { ""id"": ""e_node2"", ""type"": ""Node"" }
        ],
        ""relationships"": [
          { ""id"": ""r_article_node1"", ""role"": ""connected_to"", ""from"": ""e_article"", ""to"": ""e_node1"" },
          { ""id"": ""r_node1_node2"", ""role"": ""connected_to"", ""from"": ""e_node1"", ""to"": ""e_node2"" },
          { ""id"": ""r_node2_report"", ""role"": ""connected_to"", ""from"": ""e_node2"", ""to"": ""e_report"" }
        ],
        ""constraint"": {
          ""and_conditions"": [
            {
              ""left"": { ""attribute_name"": ""title"", ""of"": ""e_article"" },
              ""operator"": ""="",
              ""right"": ""Open sets satisfying systems of congruences""
            },
            {
              ""left"": { ""attribute_name"": ""report_id"", ""of"": ""e_report"" },
              ""operator"": ""="",
              ""right"": ""5049b80a2935f95cc95cf14dbfb8c610""
            },
            {
              ""all_id"": ""r_path"",
              ""condition"": {
                ""and_conditions"": [
                  {
                    ""or_conditions"": [
                      ""r_article_node1"",
                      ""r_node1_node2"",
                      ""r_node2_report""
                    ]
                  },
                  {
                    ""not_condition"": {
                      ""and_conditions"": [
                        {
                          ""left"": { ""attribute_name"": ""id"", ""of"": ""e_article"" },
                          ""operator"": ""="",
                          ""right"": { ""attribute_name"": ""id"", ""of"": ""e_report"" }
                        }
                      ]
                    }
                  }
                ]
              }
            }
          ]
        },
        ""projection"": [
          {
            ""expression"": {
              ""expression_ID"": ""path_nodes"",
              ""expression"": {
                ""or_conditions"": [
                  { ""attribute_name"": ""id"", ""of"": ""e_article"" },
                  { ""attribute_name"": ""id"", ""of"": ""e_node1"" },
                  { ""attribute_name"": ""id"", ""of"": ""e_node2"" },
                  { ""attribute_name"": ""id"", ""of"": ""e_report"" }
                ]
              }
            }
          }
        ],
        ""distinct"": true,
        ""order_by"": [
          {
            ""expression"": {
              ""expression_ID"": ""path_length"",
              ""expression"": {
                ""count_id"": ""r_path""
              }
            },
            ""direction"": ""ASC""
          }
        ],
        ""limit"": 1
      }
    ]
  ]
}
```"
10,Q04,"Give me the shortest path between Article where title is Open sets satisfying systems of congruences and Report, with report_id equal 5049b80a2935f95cc95cf14dbfb8c610, including the nodes on the path!",ministral-3:8b,False,0.15,83.089505,True,stop,3170,0.181861,454,82.358083,5.5125,"```json
{
  ""hypotheses_set"": [
    [
      {
        ""id"": ""q1"",
        ""target"": [
          { ""expression_ID"": ""path_nodes"", ""expression"": [""e_article"", ""e_intermediate_node_1"", ""e_report""] },
          { ""expression_ID"": ""path_edges"", ""expression"": [""r1"", ""r2""] }
        ],
        ""entities"": [
          { ""id"": ""e_article"", ""type"": ""Article"" },
          { ""id"": ""e_report"", ""type"": ""Report"" },
          { ""id"": ""e_intermediate_node_1"", ""type"": ""Document"" }
        ],
        ""relationships"": [
          { ""id"": ""r1"", ""role"": ""connected_to"", ""from"": ""e_article"", ""to"": ""e_intermediate_node_1"" },
          { ""id"": ""r2"", ""role"": ""connected_to"", ""from"": ""e_intermediate_node_1"", ""to"": ""e_report"" }
        ],
        ""constraint"": {
          ""and_conditions"": [
            {
              ""left"": { ""attribute_name"": ""title"", ""of"": ""e_article"" },
              ""operator"": ""="",
              ""right"": ""Open sets satisfying systems of congruences""
            },
            {
              ""left"": { ""attribute_name"": ""report_id"", ""of"": ""e_report"" },
              ""operator"": ""="",
              ""right"": ""5049b80a2935f95cc95cf14dbfb8c610""
            },
            {
              ""and_conditions"": [
                ""r1"",
                ""r2""
              ]
            }
          ]
        },
        ""projection"": [
          { ""attribute_name"": ""title"", ""of"": ""e_article"" },
          { ""attribute_name"": ""title"", ""of"": ""e_intermediate_node_1"" },
          { ""attribute_name"": ""title"", ""of"": ""e_report"" }
        ],
        ""distinct"": true
      }
    ]
  ]
}
```"
11,Q04,"Give me the shortest path between Article where title is Open sets satisfying systems of congruences and Report, with report_id equal 5049b80a2935f95cc95cf14dbfb8c610, including the nodes on the path!",ministral-3:8b,False,0.15,108.706746,True,stop,3170,0.182958,593,107.866462,5.4975,"```json
{
  ""hypotheses_set"": [
    [
      {
        ""id"": ""q1"",
        ""target"": [
          ""e_article"",
          ""e_report"",
          ""e_intermediate_node""
        ],
        ""entities"": [
          { ""id"": ""e_article"", ""type"": ""Article"" },
          { ""id"": ""e_report"", ""type"": ""Report"" },
          { ""id"": ""e_intermediate_node"", ""type"": ""Node"" }
        ],
        ""relationships"": [
          { ""id"": ""r_connected"", ""role"": ""connected"", ""from"": ""e_article"", ""to"": ""e_intermediate_node"" },
          { ""id"": ""r_connected_2"", ""role"": ""connected"", ""from"": ""e_intermediate_node"", ""to"": ""e_report"" }
        ],
        ""constraint"": {
          ""and_conditions"": [
            {
              ""left"": { ""attribute_name"": ""title"", ""of"": ""e_article"" },
              ""operator"": ""="",
              ""right"": ""Open sets satisfying systems of congruences""
            },
            {
              ""left"": { ""attribute_name"": ""report_id"", ""of"": ""e_report"" },
              ""operator"": ""="",
              ""right"": ""5049b80a2935f95cc95cf14dbfb8c610""
            },
            {
              ""all_id"": ""e_intermediate_node"",
              ""condition"": {
                ""and_conditions"": [
                  ""r_connected"",
                  ""r_connected_2""
                ]
              }
            }
          ]
        },
        ""projection"": [
          { ""expression_ID"": ""path_nodes"", ""expression"": {
            ""expression_ID"": ""path"",
            ""expression"": {
              ""expression_ID"": ""article_node"",
              ""expression"": { ""attribute_name"": ""id"", ""of"": ""e_article"" }
            }
          }},
          {
            ""expression_ID"": ""path_nodes"",
            ""expression"": {
              ""expression_ID"": ""path"",
              ""expression"": {
                ""expression_ID"": ""intermediate_nodes"",
                ""expression"": {
                  ""count_id"": ""e_intermediate_node"",
                  ""condition"": {
                    ""and_conditions"": [
                      ""r_connected"",
                      ""r_connected_2""
                    ]
                  }
                }
              }
            }
          },
          {
            ""expression_ID"": ""path_nodes"",
            ""expression"": {
              ""expression_ID"": ""path"",
              ""expression"": {
                ""expression_ID"": ""report_node"",
                ""expression"": { ""attribute_name"": ""id"", ""of"": ""e_report"" }
              }
            }
          }
        ]
      }
    ]
  ]
}
```"
12,Q04,"Give me the shortest path between Article where title is Open sets satisfying systems of congruences and Report, with report_id equal 5049b80a2935f95cc95cf14dbfb8c610, including the nodes on the path!",ministral-3:8b,False,0.15,222.287294,True,stop,3170,0.18123,1219,220.988216,5.5161,"```json
{
  ""hypotheses_set"": [
    [
      {
        ""id"": ""q1"",
        ""target"": [""e_article"", ""e_report"", ""e_path_nodes""],
        ""entities"": [
          { ""id"": ""e_article"", ""type"": ""Article"" },
          { ""id"": ""e_report"", ""type"": ""Report"" },
          { ""id"": ""e_node"", ""type"": ""Node"" }
        ],
        ""relationships"": [
          { ""id"": ""r_connects"", ""role"": ""connected_to"", ""from"": ""e_node"", ""to"": ""e_node"" }
        ],
        ""constraint"": {
          ""and_conditions"": [
            {
              ""left"": { ""attribute_name"": ""title"", ""of"": ""e_article"" },
              ""operator"": ""="",
              ""right"": ""Open sets satisfying systems of congruences""
            },
            {
              ""left"": { ""attribute_name"": ""report_id"", ""of"": ""e_report"" },
              ""operator"": ""="",
              ""right"": ""5049b80a2935f95cc95cf14dbfb8c610""
            },
            {
              ""exists_id"": ""e_path_nodes"",
              ""condition"": {
                ""and_conditions"": [
                  {
                    ""left"": {
                      ""all_id"": ""e_node"",
                      ""condition"": {
                        ""or_conditions"": [
                          {
                            ""left"": { ""attribute_name"": ""type"", ""of"": ""e_node"" },
                            ""operator"": ""="",
                            ""right"": ""Article""
                          },
                          {
                            ""left"": { ""attribute_name"": ""type"", ""of"": ""e_node"" },
                            ""operator"": ""="",
                            ""right"": ""Report""
                          }
                        ]
                      }
                    },
                    ""operator"": ""="",
                    ""right"": {
                      ""left"": {
                        ""count_id"": ""e_node"",
                        ""condition"": {
                          ""and_conditions"": [
                            {
                              ""left"": { ""attribute_name"": ""type"", ""of"": ""e_node"" },
                              ""operator"": ""="",
                              ""right"": ""Article""
                            },
                            {
                              ""left"": { ""attribute_name"": ""report_id"", ""of"": ""e_node"" },
                              ""operator"": ""="",
                              ""right"": ""5049b80a2935f95cc95cf14dbfb8c610""
                            }
                          ]
                        }
                      },
                      ""operator"": ""+"",
                      ""right"": 1
                    }
                  },
                  {
                    ""left"": {
                      ""exists_id"": ""e_node"",
                      ""condition"": {
                        ""and_conditions"": [
                          {
                            ""left"": { ""attribute_name"": ""type"", ""of"": ""e_node"" },
                            ""operator"": ""="",
                            ""right"": ""Article""
                          },
                          {
                            ""left"": { ""attribute_name"": ""title"", ""of"": ""e_node"" },
                            ""operator"": ""="",
                            ""right"": ""Open sets satisfying systems of congruences""
                          }
                        ]
                      }
                    },
                    ""operator"": ""="",
                    ""right"": true
                  }
                ]
              }
            }
          ]
        },
        ""projection"": [
          {
            ""expression"": {
              ""expression_ID"": ""path_nodes"",
              ""expression"": {
                ""left"": {
                  ""count_id"": ""e_node"",
                  ""condition"": {
                    ""and_conditions"": [
                      {
                        ""left"": { ""attribute_name"": ""type"", ""of"": ""e_node"" },
                        ""operator"": ""="",
                        ""right"": ""Article""
                      },
                      {
                        ""left"": { ""attribute_name"": ""report_id"", ""of"": ""e_node"" },
                        ""operator"": ""="",
                        ""right"": ""5049b80a2935f95cc95cf14dbfb8c610""
                      }
                    ]
                  }
                },
                ""operator"": ""+"",
                ""right"": 1
              }
            }
          },
          {
            ""expression_ID"": ""path_nodes_list"",
            ""expression"": {
              ""left"": {
                ""all_id"": ""e_node"",
                ""condition"": {
                  ""and_conditions"": [
                    {
                      ""left"": { ""attribute_name"": ""type"", ""of"": ""e_node"" },
                      ""operator"": ""="",
                      ""right"": ""Article""
                    },
                    {
                      ""left"": { ""attribute_name"": ""report_id"", ""of"": ""e_node"" },
                      ""operator"": ""="",
                      ""right"": ""5049b80a2935f95cc95cf14dbfb8c610""
                    }
                  ]
                }
              },
              ""operator"": ""="",
              ""right"": {
                ""left"": {
                  ""count_id"": ""e_node"",
                  ""condition"": {
                    ""and_conditions"": [
                      {
                        ""left"": { ""attribute_name"": ""type"", ""of"": ""e_node"" },
                        ""operator"": ""="",
                        ""right"": ""Article""
                      },
                      {
                        ""left"": { ""attribute_name"": ""report_id"", ""of"": ""e_node"" },
                        ""operator"": ""="",
                        ""right"": ""5049b80a2935f95cc95cf14dbfb8c610""
                      }
                    ]
                  }
                },
                ""operator"": ""+"",
                ""right"": 1
              }
            }
          }
        ]
      }
    ]
  ]
}
```"
13,Q04,"Give me the shortest path between Article where title is Open sets satisfying systems of congruences and Report, with report_id equal 5049b80a2935f95cc95cf14dbfb8c610, including the nodes on the path!",ministral-3:8b,False,0.15,185.437394,True,stop,3170,6.567621,977,177.854366,5.4933,"```json
{
  ""hypotheses_set"": [
    [
      {
        ""id"": ""q1"",
        ""target"": [""e_article"", ""e_report"", ""e_path_nodes""],
        ""entities"": [
          { ""id"": ""e_article"", ""type"": ""Article"" },
          { ""id"": ""e_report"", ""type"": ""Report"" },
          { ""id"": ""e_node1"", ""type"": ""Node"" },
          { ""id"": ""e_node2"", ""type"": ""Node"" }
        ],
        ""relationships"": [
          { ""id"": ""r_connect"", ""role"": ""connected"", ""from"": ""e_node1"", ""to"": ""e_node2"" },
          { ""id"": ""r_article_report"", ""role"": ""connects"", ""from"": ""e_article"", ""to"": ""e_report"" }
        ],
        ""constraint"": {
          ""and_conditions"": [
            {
              ""left"": { ""attribute_name"": ""title"", ""of"": ""e_article"" },
              ""operator"": ""="",
              ""right"": ""Open sets satisfying systems of congruences""
            },
            {
              ""left"": { ""attribute_name"": ""report_id"", ""of"": ""e_report"" },
              ""operator"": ""="",
              ""right"": ""5049b80a2935f95cc95cf14dbfb8c610""
            },
            {
              ""exists_id"": ""e_path_nodes"",
              ""condition"": {
                ""and_conditions"": [
                  {
                    ""left"": {
                      ""all_id"": ""e_node1"",
                      ""condition"": {
                        ""or_conditions"": [
                          {
                            ""left"": { ""attribute_name"": ""type"", ""of"": ""e_node1"" },
                            ""operator"": ""="",
                            ""right"": ""Article""
                          },
                          {
                            ""left"": { ""attribute_name"": ""type"", ""of"": ""e_node1"" },
                            ""operator"": ""="",
                            ""right"": ""Report""
                          }
                        ]
                      }
                    },
                    ""operator"": ""="",
                    ""right"": {
                      ""left"": {
                        ""exists_id"": ""e_node2"",
                        ""condition"": {
                          ""and_conditions"": [
                            {
                              ""left"": { ""attribute_name"": ""type"", ""of"": ""e_node2"" },
                              ""operator"": ""!="",
                              ""right"": { ""attribute_name"": ""type"", ""of"": ""e_node1"" }
                            },
                            ""r_connect""
                          ]
                        }
                      },
                      ""operator"": ""exists""
                    }
                  },
                  {
                    ""left"": {
                      ""exists_id"": ""e_node2"",
                      ""condition"": {
                        ""and_conditions"": [
                          {
                            ""left"": { ""attribute_name"": ""type"", ""of"": ""e_node2"" },
                            ""operator"": ""="",
                            ""right"": ""Report""
                          },
                          ""r_connect""
                        ]
                      }
                    },
                    ""operator"": ""exists""
                  }
                ]
              }
            }
          ]
        },
        ""projection"": [
          { ""expression_ID"": ""path_nodes"", ""expression"": {
            ""expression_ID"": ""path_nodes"",
            ""expression"": {
              ""left"": [
                { ""attribute_name"": ""type"", ""of"": ""e_node1"" },
                { ""attribute_name"": ""id"", ""of"": ""e_node1"" }
              ],
              ""operator"": ""append"",
              ""right"": {
                ""exists_id"": ""e_node2"",
                ""condition"": {
                  ""and_conditions"": [
                    ""r_connect"",
                    {
                      ""left"": {
                        ""expression_ID"": ""path_nodes"",
                        ""expression"": {
                          ""left"": [
                            { ""attribute_name"": ""type"", ""of"": ""e_node2"" },
                            { ""attribute_name"": ""id"", ""of"": ""e_node2"" }
                          ],
                          ""operator"": ""append"",
                          ""right"": {
                            ""exists_id"": ""e_node3"",
                            ""condition"": {
                              ""and_conditions"": [
                                ""r_connect"",
                                {
                                  ""left"": { ""attribute_name"": ""type"", ""of"": ""e_node3"" },
                                  ""operator"": ""!="",
                                  ""right"": { ""attribute_name"": ""type"", ""of"": ""e_node2"" }
                                }
                              ]
                            }
                          }
                        }
                      },
                      ""operator"": ""append""
                    }
                  ]
                }
              }
            }
          }}
        ]
      }
    ]
  ]
}
```"
14,Q04,"Give me the shortest path between Article where title is Open sets satisfying systems of congruences and Report, with report_id equal 5049b80a2935f95cc95cf14dbfb8c610, including the nodes on the path!",ministral-3:8b,False,0.15,103.451595,True,stop,3170,6.550235,534,96.303851,5.5449,"```json
{
  ""hypotheses_set"": [
    [
      {
        ""id"": ""q1"",
        ""target"": [
          ""e_article"",
          ""e_report"",
          ""e_intermediate_node""
        ],
        ""entities"": [
          { ""id"": ""e_article"", ""type"": ""Article"" },
          { ""id"": ""e_report"", ""type"": ""Report"" },
          { ""id"": ""e_intermediate_node"", ""type"": ""Node"" }
        ],
        ""relationships"": [
          { ""id"": ""r_connected"", ""role"": ""connected_to"", ""from"": ""e_article"", ""to"": ""e_intermediate_node"" },
          { ""id"": ""r_connected_2"", ""role"": ""connected_to"", ""from"": ""e_intermediate_node"", ""to"": ""e_report"" }
        ],
        ""constraint"": {
          ""and_conditions"": [
            {
              ""left"": { ""attribute_name"": ""title"", ""of"": ""e_article"" },
              ""operator"": ""="",
              ""right"": ""Open sets satisfying systems of congruences""
            },
            {
              ""left"": { ""attribute_name"": ""report_id"", ""of"": ""e_report"" },
              ""operator"": ""="",
              ""right"": ""5049b80a2935f95cc95cf14dbfb8c610""
            },
            {
              ""exists_id"": ""e_intermediate_node"",
              ""condition"": {
                ""and_conditions"": [
                  ""r_connected"",
                  ""r_connected_2""
                ]
              }
            }
          ]
        },
        ""projection"": [
          { ""expression_ID"": ""path_nodes"", ""expression"": [
            { ""attribute_name"": ""id"", ""of"": ""e_article"" },
            { ""attribute_name"": ""id"", ""of"": ""e_intermediate_node"" },
            { ""attribute_name"": ""id"", ""of"": ""e_report"" }
          ]}
        ],
        ""order_by"": [
          {
            ""expression"": {
              ""left"": {
                ""count_id"": ""e_intermediate_node"",
                ""condition"": {
                  ""and_conditions"": [
                    ""r_connected"",
                    ""r_connected_2""
                  ]
                }
              },
              ""operator"": ""MIN"",
              ""right"": null
            },
            ""direction"": ""ASC""
          }
        ]
      }
    ]
  ]
}
```"
15,Q04,"Give me the shortest path between Article where title is Open sets satisfying systems of congruences and Report, with report_id equal 5049b80a2935f95cc95cf14dbfb8c610, including the nodes on the path!",ministral-3:8b,False,0.15,103.478659,True,stop,3170,0.181941,566,102.666413,5.513,"```json
{
  ""hypotheses_set"": [
    [
      {
        ""id"": ""q1"",
        ""target"": [
          { ""expression_ID"": ""path_nodes"", ""expression"": [""e_article"", ""e_intermediate_1"", ""e_intermediate_2"", ""e_report""] }
        ],
        ""entities"": [
          { ""id"": ""e_article"", ""type"": ""Article"" },
          { ""id"": ""e_report"", ""type"": ""Report"" },
          { ""id"": ""e_intermediate_1"", ""type"": ""Document"" },
          { ""id"": ""e_intermediate_2"", ""type"": ""Document"" }
        ],
        ""relationships"": [
          { ""id"": ""r_connected_1"", ""role"": ""connected_to"", ""from"": ""e_article"", ""to"": ""e_intermediate_1"" },
          { ""id"": ""r_connected_2"", ""role"": ""connected_to"", ""from"": ""e_intermediate_1"", ""to"": ""e_intermediate_2"" },
          { ""id"": ""r_connected_3"", ""role"": ""connected_to"", ""from"": ""e_intermediate_2"", ""to"": ""e_report"" }
        ],
        ""constraint"": {
          ""and_conditions"": [
            {
              ""left"": { ""attribute_name"": ""title"", ""of"": ""e_article"" },
              ""operator"": ""="",
              ""right"": ""Open sets satisfying systems of congruences""
            },
            {
              ""left"": { ""attribute_name"": ""report_id"", ""of"": ""e_report"" },
              ""operator"": ""="",
              ""right"": ""5049b80a2935f95cc95cf14dbfb8c610""
            },
            {
              ""or_conditions"": [
                {
                  ""and_conditions"": [
                    ""r_connected_1"",
                    ""r_connected_2"",
                    ""r_connected_3""
                  ]
                },
                {
                  ""and_conditions"": [
                    ""r_connected_1"",
                    ""r_connected_3""
                  ]
                },
                {
                  ""and_conditions"": [
                    ""r_connected_2"",
                    ""r_connected_3""
                  ]
                }
              ]
            }
          ]
        },
        ""projection"": [
          { ""expression_ID"": ""path_nodes"", ""expression"": [""e_article"", ""e_intermediate_1"", ""e_intermediate_2"", ""e_report""] }
        ],
        ""distinct"": true
      }
    ]
  ]
}
```"
16,Q04,"Give me the shortest path between Article where title is Open sets satisfying systems of congruences and Report, with report_id equal 5049b80a2935f95cc95cf14dbfb8c610, including the nodes on the path!",ministral-3:8b,False,0.15,81.09736,True,stop,3170,0.182094,444,80.35068,5.5258,"```json
{
  ""hypotheses_set"": [
    [
      {
        ""id"": ""q1"",
        ""target"": [
          { ""expression_ID"": ""path_nodes"", ""expression"": [""e_article"", ""e_intermediate_node_1"", ""e_report""] },
          { ""expression_ID"": ""path_edges"", ""expression"": [""r1"", ""r2""] }
        ],
        ""entities"": [
          { ""id"": ""e_article"", ""type"": ""Article"" },
          { ""id"": ""e_report"", ""type"": ""Report"" },
          { ""id"": ""e_intermediate_node_1"", ""type"": ""Node"" }
        ],
        ""relationships"": [
          { ""id"": ""r1"", ""role"": ""connected_to"", ""from"": ""e_article"", ""to"": ""e_intermediate_node_1"" },
          { ""id"": ""r2"", ""role"": ""connected_to"", ""from"": ""e_intermediate_node_1"", ""to"": ""e_report"" }
        ],
        ""constraint"": {
          ""and_conditions"": [
            {
              ""left"": { ""attribute_name"": ""title"", ""of"": ""e_article"" },
              ""operator"": ""="",
              ""right"": ""Open sets satisfying systems of congruences""
            },
            {
              ""left"": { ""attribute_name"": ""report_id"", ""of"": ""e_report"" },
              ""operator"": ""="",
              ""right"": ""5049b80a2935f95cc95cf14dbfb8c610""
            },
            {
              ""and_conditions"": [
                ""r1"",
                ""r2""
              ]
            }
          ]
        },
        ""projection"": [
          { ""expression_ID"": ""path_nodes"", ""expression"": [""e_article"", ""e_intermediate_node_1"", ""e_report""] },
          { ""expression_ID"": ""path_edges"", ""expression"": [""r1"", ""r2""] }
        ]
      }
    ]
  ]
}
```"
17,Q04,"Give me the shortest path between Article where title is Open sets satisfying systems of congruences and Report, with report_id equal 5049b80a2935f95cc95cf14dbfb8c610, including the nodes on the path!",ministral-3:8b,False,0.15,114.805546,True,stop,3170,0.181234,627,113.920858,5.5038,"```json
{
  ""hypotheses_set"": [
    [
      {
        ""id"": ""q1"",
        ""target"": [""r_path""],
        ""entities"": [
          { ""id"": ""e_article"", ""type"": ""Article"" },
          { ""id"": ""e_report"", ""type"": ""Report"" },
          { ""id"": ""e_node1"", ""type"": ""Node"" },
          { ""id"": ""e_node2"", ""type"": ""Node"" }
        ],
        ""relationships"": [
          { ""id"": ""r_article_to_node1"", ""role"": ""connected_to"", ""from"": ""e_article"", ""to"": ""e_node1"" },
          { ""id"": ""r_node1_to_node2"", ""role"": ""connected_to"", ""from"": ""e_node1"", ""to"": ""e_node2"" },
          { ""id"": ""r_node2_to_report"", ""role"": ""connected_to"", ""from"": ""e_node2"", ""to"": ""e_report"" }
        ],
        ""constraint"": {
          ""and_conditions"": [
            {
              ""left"": { ""attribute_name"": ""title"", ""of"": ""e_article"" },
              ""operator"": ""="",
              ""right"": ""Open sets satisfying systems of congruences""
            },
            {
              ""left"": { ""attribute_name"": ""report_id"", ""of"": ""e_report"" },
              ""operator"": ""="",
              ""right"": ""5049b80a2935f95cc95cf14dbfb8c610""
            },
            {
              ""exists_id"": ""r_article_to_node1"",
              ""condition"": {}
            },
            {
              ""exists_id"": ""r_node1_to_node2"",
              ""condition"": {}
            },
            {
              ""exists_id"": ""r_node2_to_report"",
              ""condition"": {}
            }
          ]
        },
        ""projection"": [
          {
            ""expression"": {
              ""expression_ID"": ""path_nodes"",
              ""expression"": [
                {
                  ""expression_ID"": ""article_node"",
                  ""expression"": {
                    ""and_conditions"": [
                      ""r_article_to_node1"",
                      { ""attribute_name"": ""id"", ""of"": ""e_article"" }
                    ]
                  }
                },
                {
                  ""expression_ID"": ""intermediate_node"",
                  ""expression"": {
                    ""and_conditions"": [
                      ""r_node1_to_node2"",
                      { ""attribute_name"": ""id"", ""of"": ""e_node1"" }
                    ]
                  }
                },
                {
                  ""expression_ID"": ""report_node"",
                  ""expression"": {
                    ""and_conditions"": [
                      ""r_node2_to_report"",
                      { ""attribute_name"": ""id"", ""of"": ""e_report"" }
                    ]
                  }
                }
              ]
            }
          }
        ]
      }
    ]
  ]
}
```"
18,Q04,"Give me the shortest path between Article where title is Open sets satisfying systems of congruences and Report, with report_id equal 5049b80a2935f95cc95cf14dbfb8c610, including the nodes on the path!",ministral-3:8b,False,0.15,89.503771,True,stop,3170,0.183651,490,88.748896,5.5212,"```json
{
  ""hypotheses_set"": [
    [
      {
        ""id"": ""q1"",
        ""target"": [
          { ""expression_ID"": ""path_nodes"", ""expression"": [""e_article"", ""e_intermediate_1"", ""e_report""] },
          { ""expression_ID"": ""path_relationships"", ""expression"": [""r1"", ""r2""] }
        ],
        ""entities"": [
          { ""id"": ""e_article"", ""type"": ""Article"" },
          { ""id"": ""e_report"", ""type"": ""Report"" },
          { ""id"": ""e_intermediate_1"", ""type"": ""Document"" }
        ],
        ""relationships"": [
          { ""id"": ""r1"", ""role"": ""connected_to"", ""from"": ""e_article"", ""to"": ""e_intermediate_1"" },
          { ""id"": ""r2"", ""role"": ""connected_to"", ""from"": ""e_intermediate_1"", ""to"": ""e_report"" }
        ],
        ""constraint"": {
          ""and_conditions"": [
            {
              ""left"": { ""attribute_name"": ""title"", ""of"": ""e_article"" },
              ""operator"": ""="",
              ""right"": ""Open sets satisfying systems of congruences""
            },
            {
              ""left"": { ""attribute_name"": ""report_id"", ""of"": ""e_report"" },
              ""operator"": ""="",
              ""right"": ""5049b80a2935f95cc95cf14dbfb8c610""
            },
            {
              ""and_conditions"": [
                ""r1"",
                ""r2""
              ]
            }
          ]
        },
        ""projection"": [
          { ""expression_ID"": ""path_nodes"", ""expression"": [""e_article"", ""e_intermediate_1"", ""e_report""] },
          {
            ""expression_ID"": ""path_relationships"",
            ""expression"": [
              {
                ""attribute_name"": ""relationship_type"",
                ""of"": ""r1""
              },
              {
                ""attribute_name"": ""relationship_type"",
                ""of"": ""r2""
              }
            ]
          }
        ],
        ""distinct"": true
      }
    ]
  ]
}
```"
19,Q04,"Give me the shortest path between Article where title is Open sets satisfying systems of congruences and Report, with report_id equal 5049b80a2935f95cc95cf14dbfb8c610, including the nodes on the path!",ministral-3:8b,False,0.15,81.619892,True,stop,3170,0.182591,447,80.901278,5.5253,"```json
{
  ""hypotheses_set"": [
    [
      {
        ""id"": ""q1"",
        ""target"": [
          ""e_article"",
          ""e_report"",
          ""e_intermediate_node""
        ],
        ""entities"": [
          { ""id"": ""e_article"", ""type"": ""Article"" },
          { ""id"": ""e_report"", ""type"": ""Report"" },
          { ""id"": ""e_intermediate_node"", ""type"": ""Node"" }
        ],
        ""relationships"": [
          { ""id"": ""r_connects"", ""role"": ""connects"", ""from"": ""e_article"", ""to"": ""e_intermediate_node"" },
          { ""id"": ""r_connects_2"", ""role"": ""connects"", ""from"": ""e_intermediate_node"", ""to"": ""e_report"" }
        ],
        ""constraint"": {
          ""and_conditions"": [
            {
              ""left"": { ""attribute_name"": ""title"", ""of"": ""e_article"" },
              ""operator"": ""="",
              ""right"": ""Open sets satisfying systems of congruences""
            },
            {
              ""left"": { ""attribute_name"": ""report_id"", ""of"": ""e_report"" },
              ""operator"": ""="",
              ""right"": ""5049b80a2935f95cc95cf14dbfb8c610""
            },
            {
              ""exists_id"": ""e_intermediate_node"",
              ""condition"": {
                ""and_conditions"": [
                  ""r_connects"",
                  ""r_connects_2""
                ]
              }
            }
          ]
        },
        ""projection"": [
          { ""expression_ID"": ""path_nodes"", ""expression"": [
            { ""attribute_name"": ""title"", ""of"": ""e_article"" },
            { ""attribute_name"": ""id"", ""of"": ""e_intermediate_node"" },
            { ""attribute_name"": ""title"", ""of"": ""e_report"" }
          ]}
        ]
      }
    ]
  ]
}
```"
20,Q04,"Give me the shortest path between Article where title is Open sets satisfying systems of congruences and Report, with report_id equal 5049b80a2935f95cc95cf14dbfb8c610, including the nodes on the path!",ministral-3:8b,False,0.15,100.760127,True,stop,3170,0.183338,551,99.958885,5.5123,"```json
{
  ""hypotheses_set"": [
    [
      {
        ""id"": ""q1"",
        ""target"": [
          ""e_article"",
          ""e_report"",
          ""e_intermediate_node""
        ],
        ""entities"": [
          { ""id"": ""e_article"", ""type"": ""Article"" },
          { ""id"": ""e_report"", ""type"": ""Report"" },
          { ""id"": ""e_intermediate_node"", ""type"": ""Node"" }
        ],
        ""relationships"": [
          { ""id"": ""r_connects"", ""role"": ""connects"", ""from"": ""e_article"", ""to"": ""e_intermediate_node"" },
          { ""id"": ""r_connects_2"", ""role"": ""connects"", ""from"": ""e_intermediate_node"", ""to"": ""e_report"" }
        ],
        ""constraint"": {
          ""and_conditions"": [
            {
              ""left"": { ""attribute_name"": ""title"", ""of"": ""e_article"" },
              ""operator"": ""="",
              ""right"": ""Open sets satisfying systems of congruences""
            },
            {
              ""left"": { ""attribute_name"": ""report_id"", ""of"": ""e_report"" },
              ""operator"": ""="",
              ""right"": ""5049b80a2935f95cc95cf14dbfb8c610""
            },
            {
              ""exists_id"": ""e_intermediate_node"",
              ""condition"": {
                ""and_conditions"": [
                  ""r_connects"",
                  ""r_connects_2""
                ]
              }
            }
          ]
        },
        ""projection"": [
          { ""expression_ID"": ""path_nodes"", ""expression"": {
            ""expression_ID"": ""path_nodes"",
            ""expression"": [
              { ""attribute_name"": ""title"", ""of"": ""e_article"" },
              { ""attribute_name"": ""id"", ""of"": ""e_intermediate_node"" },
              { ""attribute_name"": ""title"", ""of"": ""e_report"" }
            ]
          } }
        ],
        ""distinct"": true,
        ""order_by"": [
          {
            ""expression"": {
              ""left"": {
                ""count_id"": ""e_intermediate_node"",
                ""condition"": {
                  ""and_conditions"": [
                    ""r_connects"",
                    ""r_connects_2""
                  ]
                }
              },
              ""operator"": ""ASC""
            }
          }
        ],
        ""limit"": 1
      }
    ]
  ]
}
```"
21,Q04,"Give me the shortest path between Article where title is Open sets satisfying systems of congruences and Report, with report_id equal 5049b80a2935f95cc95cf14dbfb8c610, including the nodes on the path!",ministral-3:8b,False,0.15,122.469276,True,stop,3170,0.183249,669,121.595303,5.5019,"```json
{
  ""hypotheses_set"": [
    [
      {
        ""id"": ""q1"",
        ""target"": [""e_article"", ""e_report"", ""e_path_nodes""],
        ""entities"": [
          { ""id"": ""e_article"", ""type"": ""Article"" },
          { ""id"": ""e_report"", ""type"": ""Report"" },
          { ""id"": ""e_node1"", ""type"": ""Node"" },
          { ""id"": ""e_node2"", ""type"": ""Node"" }
        ],
        ""relationships"": [
          { ""id"": ""r_article_report"", ""role"": ""connects"", ""from"": ""e_article"", ""to"": ""e_report"" },
          { ""id"": ""r_node1"", ""role"": ""intermediate_node"", ""from"": ""e_article"", ""to"": ""e_node1"" },
          { ""id"": ""r_node2"", ""role"": ""intermediate_node"", ""from"": ""e_node1"", ""to"": ""e_node2"" },
          { ""id"": ""r_node3"", ""role"": ""intermediate_node"", ""from"": ""e_node2"", ""to"": ""e_report"" }
        ],
        ""constraint"": {
          ""and_conditions"": [
            {
              ""left"": { ""attribute_name"": ""title"", ""of"": ""e_article"" },
              ""operator"": ""="",
              ""right"": ""Open sets satisfying systems of congruences""
            },
            {
              ""left"": { ""attribute_name"": ""report_id"", ""of"": ""e_report"" },
              ""operator"": ""="",
              ""right"": ""5049b80a2935f95cc95cf14dbfb8c610""
            },
            {
              ""exists_id"": ""r_article_report"",
              ""condition"": {
                ""and_conditions"": [
                  {
                    ""or_conditions"": [
                      ""r_article_report"",
                      {
                        ""and_conditions"": [
                          ""r_node1"",
                          ""r_node2"",
                          ""r_node3""
                        ]
                      }
                    ]
                  }
                ]
              }
            }
          ]
        },
        ""projection"": [
          { ""expression_ID"": ""e_article"", ""expression"": { ""attribute_name"": ""title"", ""of"": ""e_article"" } },
          { ""expression_ID"": ""e_report"", ""expression"": { ""attribute_name"": ""report_id"", ""of"": ""e_report"" } },
          {
            ""expression_ID"": ""path_nodes"",
            ""expression"": {
              ""all_id"": ""e_node1"",
              ""condition"": {
                ""and_conditions"": [
                  {
                    ""left"": { ""attribute_name"": ""id"", ""of"": ""e_node1"" },
                    ""operator"": ""exists""
                  },
                  {
                    ""left"": { ""attribute_name"": ""id"", ""of"": ""e_node2"" },
                    ""operator"": ""exists""
                  }
                ]
              }
            }
          }
        ],
        ""distinct"": true
      }
    ]
  ]
}
```"
22,Q04,"Give me the shortest path between Article where title is Open sets satisfying systems of congruences and Report, with report_id equal 5049b80a2935f95cc95cf14dbfb8c610, including the nodes on the path!",ministral-3:8b,False,0.15,93.514542,True,stop,3170,0.18385,511,92.739757,5.51,"```json
{
  ""hypotheses_set"": [
    [
      {
        ""id"": ""q1"",
        ""target"": [""r_path""],
        ""entities"": [
          { ""id"": ""e_article"", ""type"": ""Article"" },
          { ""id"": ""e_report"", ""type"": ""Report"" },
          { ""id"": ""e_node1"", ""type"": ""Node"" },
          { ""id"": ""e_node2"", ""type"": ""Node"" }
        ],
        ""relationships"": [
          { ""id"": ""r_article_to_node1"", ""role"": ""connected_to"", ""from"": ""e_article"", ""to"": ""e_node1"" },
          { ""id"": ""r_node1_to_node2"", ""role"": ""connected_to"", ""from"": ""e_node1"", ""to"": ""e_node2"" },
          { ""id"": ""r_node2_to_report"", ""role"": ""connected_to"", ""from"": ""e_node2"", ""to"": ""e_report"" }
        ],
        ""constraint"": {
          ""and_conditions"": [
            {
              ""left"": { ""attribute_name"": ""title"", ""of"": ""e_article"" },
              ""operator"": ""="",
              ""right"": ""Open sets satisfying systems of congruences""
            },
            {
              ""left"": { ""attribute_name"": ""report_id"", ""of"": ""e_report"" },
              ""operator"": ""="",
              ""right"": ""5049b80a2935f95cc95cf14dbfb8c610""
            },
            {
              ""all_id"": ""r_path"",
              ""condition"": {
                ""and_conditions"": [
                  ""r_article_to_node1"",
                  ""r_node1_to_node2"",
                  ""r_node2_to_report""
                ]
              }
            }
          ]
        },
        ""projection"": [
          { ""expression_ID"": ""path_nodes"", ""expression"": [
            { ""attribute_name"": ""id"", ""of"": ""e_article"" },
            { ""attribute_name"": ""id"", ""of"": ""e_node1"" },
            { ""attribute_name"": ""id"", ""of"": ""e_node2"" },
            { ""attribute_name"": ""id"", ""of"": ""e_report"" }
          ]}
        ]
      }
    ]
  ]
}
```"
23,Q04,"Give me the shortest path between Article where title is Open sets satisfying systems of congruences and Report, with report_id equal 5049b80a2935f95cc95cf14dbfb8c610, including the nodes on the path!",ministral-3:8b,False,0.15,293.995316,True,stop,3170,0.182772,1624,292.435922,5.5534,"```json
{
  ""hypotheses_set"": [
    [
      {
        ""id"": ""q1"",
        ""target"": [""e_article"", ""e_report"", ""e_path""],
        ""entities"": [
          { ""id"": ""e_article"", ""type"": ""Article"" },
          { ""id"": ""e_report"", ""type"": ""Report"" },
          { ""id"": ""e_node"", ""type"": ""Node"" }
        ],
        ""relationships"": [
          { ""id"": ""r_connects"", ""role"": ""connected_to"", ""from"": ""e_node"", ""to"": ""e_node"" }
        ],
        ""constraint"": {
          ""and_conditions"": [
            {
              ""left"": { ""attribute_name"": ""title"", ""of"": ""e_article"" },
              ""operator"": ""="",
              ""right"": ""Open sets satisfying systems of congruences""
            },
            {
              ""left"": { ""attribute_name"": ""report_id"", ""of"": ""e_report"" },
              ""operator"": ""="",
              ""right"": ""5049b80a2935f95cc95cf14dbfb8c610""
            },
            {
              ""exists_id"": ""e_path"",
              ""condition"": {
                ""and_conditions"": [
                  {
                    ""left"": {
                      ""expression_ID"": ""path_exists"",
                      ""expression"": {
                        ""count_id"": ""e_node"",
                        ""condition"": {
                          ""and_conditions"": [
                            {
                              ""left"": { ""attribute_name"": ""type"", ""of"": ""e_node"" },
                              ""operator"": ""="",
                              ""right"": ""Article""
                            },
                            {
                              ""left"": { ""attribute_name"": ""id"", ""of"": ""e_node"" },
                              ""operator"": ""="",
                              ""right"": { ""attribute_name"": ""id"", ""of"": ""e_article"" }
                            }
                          ]
                        }
                      }
                    },
                    ""operator"": "">="",
                    ""right"": 1
                  },
                  {
                    ""left"": {
                      ""expression_ID"": ""path_exists"",
                      ""expression"": {
                        ""count_id"": ""e_node"",
                        ""condition"": {
                          ""and_conditions"": [
                            {
                              ""left"": { ""attribute_name"": ""type"", ""of"": ""e_node"" },
                              ""operator"": ""="",
                              ""right"": ""Report""
                            },
                            {
                              ""left"": { ""attribute_name"": ""id"", ""of"": ""e_node"" },
                              ""operator"": ""="",
                              ""right"": { ""attribute_name"": ""id"", ""of"": ""e_report"" }
                            }
                          ]
                        }
                      }
                    },
                    ""operator"": "">="",
                    ""right"": 1
                  },
                  {
                    ""left"": {
                      ""expression_ID"": ""path_exists"",
                      ""expression"": {
                        ""count_id"": ""e_node"",
                        ""condition"": {
                          ""and_conditions"": [
                            {
                              ""left"": {
                                ""expression_ID"": ""path_length"",
                                ""expression"": {
                                  ""count_id"": ""r_connects"",
                                  ""condition"": {
                                    ""and_conditions"": [
                                      {
                                        ""left"": { ""attribute_name"": ""from"", ""of"": ""r_connects"" },
                                        ""operator"": ""="",
                                        ""right"": { ""attribute_name"": ""id"", ""of"": ""e_node"" }
                                      },
                                      {
                                        ""left"": { ""attribute_name"": ""to"", ""of"": ""r_connects"" },
                                        ""operator"": ""="",
                                        ""right"": {
                                          ""attribute_name"": ""id"",
                                          ""of"": {
                                            ""expression_ID"": ""next_node"",
                                            ""expression"": {
                                              ""count_id"": ""e_node"",
                                              ""condition"": {
                                                ""and_conditions"": [
                                                  {
                                                    ""left"": { ""attribute_name"": ""type"", ""of"": ""e_node"" },
                                                    ""operator"": ""="",
                                                    ""right"": ""Report""
                                                  },
                                                  {
                                                    ""left"": { ""attribute_name"": ""id"", ""of"": ""e_node"" },
                                                    ""operator"": ""="",
                                                    ""right"": { ""attribute_name"": ""id"", ""of"": ""e_report"" }
                                                  }
                                                ]
                                              }
                                            }
                                          }
                                        }
                                      }
                                    ]
                                  }
                                }
                              },
                              ""operator"": "">="",
                              ""right"": 1
                            }
                          ]
                        }
                      }
                    },
                    ""operator"": "">="",
                    ""right"": 1
                  }
                ]
              }
            }
          ]
        },
        ""projection"": {
          ""nodes"": {
            ""expression_ID"": ""path_nodes"",
            ""expression"": {
              ""count_id"": ""e_node"",
              ""condition"": {
                ""and_conditions"": [
                  {
                    ""left"": { ""attribute_name"": ""type"", ""of"": ""e_node"" },
                    ""operator"": ""in"",
                    ""right"": [""Article"", ""Report""]
                  },
                  {
                    ""left"": {
                      ""expression_ID"": ""node_in_path"",
                      ""expression"": {
                        ""count_id"": ""r_connects"",
                        ""condition"": {
                          ""and_conditions"": [
                            {
                              ""left"": { ""attribute_name"": ""from"", ""of"": ""r_connects"" },
                              ""operator"": ""="",
                              ""right"": { ""attribute_name"": ""id"", ""of"": ""e_node"" }
                            },
                            {
                              ""left"": { ""attribute_name"": ""to"", ""of"": ""r_connects"" },
                              ""operator"": ""="",
                              ""right"": {
                                ""expression_ID"": ""next_node"",
                                ""expression"": {
                                  ""count_id"": ""e_node"",
                                  ""condition"": {
                                    ""and_conditions"": [
                                      {
                                        ""left"": { ""attribute_name"": ""type"", ""of"": ""e_node"" },
                                        ""operator"": ""in"",
                                        ""right"": [""Article"", ""Report""]
                                      },
                                      {
                                        ""left"": { ""attribute_name"": ""id"", ""of"": ""e_node"" },
                                        ""operator"": ""in"",
                                        ""right"": [
                                          { ""attribute_name"": ""id"", ""of"": ""e_article"" },
                                          { ""attribute_name"": ""id"", ""of"": ""e_report"" }
                                        ]
                                      }
                                    ]
                                  }
                                }
                              }
                            }
                          ]
                        }
                      }
                    },
                    ""operator"": "">="",
                    ""right"": 1
                  }
                ]
              }
            }
          },
          ""edges"": {
            ""expression_ID"": ""path_edges"",
            ""expression"": {
              ""count_id"": ""r_connects"",
              ""condition"": {
                ""and_conditions"": [
                  {
                    ""left"": {
                      ""expression_ID"": ""edge_in_path"",
                      ""expression"": {
                        ""count_id"": ""e_node"",
                        ""condition"": {
                          ""and_conditions"": [
                            {
                              ""left"": { ""attribute_name"": ""type"", ""of"": ""e_node"" },
                              ""operator"": ""in"",
                              ""right"": [""Article"", ""Report""]
                            },
                            {
                              ""left"": { ""attribute_name"": ""id"", ""of"": ""e_node"" },
                              ""operator"": ""in"",
                              ""right"": [
                                { ""attribute_name"": ""id"", ""of"": ""e_article"" },
                                { ""attribute_name"": ""id"", ""of"": ""e_report"" }
                              ]
                            }
                          ]
                        }
                      }
                    },
                    ""operator"": "">="",
                    ""right"": 1
                  }
                ]
              }
            }
          }
        }
      }
    ]
  ]
}
```"
24,Q04,"Give me the shortest path between Article where title is Open sets satisfying systems of congruences and Report, with report_id equal 5049b80a2935f95cc95cf14dbfb8c610, including the nodes on the path!",ministral-3:8b,False,0.15,148.969434,True,stop,3170,6.540684,779,141.628824,5.5003,"```json
{
  ""hypotheses_set"": [
    [
      {
        ""id"": ""q1"",
        ""target"": [
          { ""expression_ID"": ""path_nodes"", ""expression"": [""e_article"", ""e_intermediate_1"", ""e_intermediate_2"", ""e_report""] },
          { ""expression_ID"": ""path_edges"", ""expression"": [""r1"", ""r2""] }
        ],
        ""entities"": [
          { ""id"": ""e_article"", ""type"": ""Article"" },
          { ""id"": ""e_report"", ""type"": ""Report"" },
          { ""id"": ""e_intermediate_1"", ""type"": ""Document"" },
          { ""id"": ""e_intermediate_2"", ""type"": ""Document"" }
        ],
        ""relationships"": [
          { ""id"": ""r1"", ""role"": ""connected_to"", ""from"": ""e_article"", ""to"": ""e_intermediate_1"" },
          { ""id"": ""r2"", ""role"": ""connected_to"", ""from"": ""e_intermediate_1"", ""to"": ""e_intermediate_2"" },
          { ""id"": ""r3"", ""role"": ""connected_to"", ""from"": ""e_intermediate_2"", ""to"": ""e_report"" }
        ],
        ""constraint"": {
          ""and_conditions"": [
            {
              ""left"": { ""attribute_name"": ""title"", ""of"": ""e_article"" },
              ""operator"": ""="",
              ""right"": ""Open sets satisfying systems of congruences""
            },
            {
              ""left"": { ""attribute_name"": ""report_id"", ""of"": ""e_report"" },
              ""operator"": ""="",
              ""right"": ""5049b80a2935f95cc95cf14dbfb8c610""
            },
            {
              ""all_id"": ""e_intermediate_1"",
              ""condition"": {
                ""or_conditions"": [
                  { ""left"": ""r1"", ""operator"": ""EXISTS"" },
                  { ""left"": ""r2"", ""operator"": ""EXISTS"" }
                ]
              }
            },
            {
              ""all_id"": ""e_intermediate_2"",
              ""condition"": {
                ""or_conditions"": [
                  { ""left"": ""r2"", ""operator"": ""EXISTS"" },
                  { ""left"": ""r3"", ""operator"": ""EXISTS"" }
                ]
              }
            },
            {
              ""left"": {
                ""count_id"": ""e_intermediate_1"",
                ""condition"": {
                  ""left"": { ""attribute_name"": ""id"", ""of"": ""e_intermediate_1"" },
                  ""operator"": ""EXISTS""
                }
              },
              ""operator"": ""<="",
              ""right"": 1
            },
            {
              ""left"": {
                ""count_id"": ""e_intermediate_2"",
                ""condition"": {
                  ""left"": { ""attribute_name"": ""id"", ""of"": ""e_intermediate_2"" },
                  ""operator"": ""EXISTS""
                }
              },
              ""operator"": ""<="",
              ""right"": 1
            }
          ]
        },
        ""projection"": [
          { ""expression_ID"": ""path_nodes"", ""expression"": [""e_article"", ""e_intermediate_1"", ""e_intermediate_2"", ""e_report""] },
          { ""expression_ID"": ""path_edges"", ""expression"": [""r1"", ""r2"", ""r3""] }
        ],
        ""distinct"": true
      }
    ]
  ]
}
```"
25,Q04,"Give me the shortest path between Article where title is Open sets satisfying systems of congruences and Report, with report_id equal 5049b80a2935f95cc95cf14dbfb8c610, including the nodes on the path!",ministral-3:8b,False,0.15,405.708932,False,stop,3170,0.182139,2236,403.758886,5.538,"```json
{
  ""hypotheses_set"": [
    [
      {
        ""id"": ""q1"",
        ""target"": [""e_article"", ""e_report"", ""e_path_nodes""],
        ""entities"": [
          { ""id"": ""e_article"", ""type"": ""Article"" },
          { ""id"": ""e_report"", ""type"": ""Report"" },
          { ""id"": ""e_node"", ""type"": ""Node"" }
        ],
        ""relationships"": [
          { ""id"": ""r_connects"", ""role"": ""connected_to"", ""from"": ""e_node"", ""to"": ""e_node"" }
        ],
        ""constraint"": {
          ""and_conditions"": [
            {
              ""left"": { ""attribute_name"": ""title"", ""of"": ""e_article"" },
              ""operator"": ""="",
              ""right"": ""Open sets satisfying systems of congruences""
            },
            {
              ""left"": { ""attribute_name"": ""report_id"", ""of"": ""e_report"" },
              ""operator"": ""="",
              ""right"": ""5049b80a2935f95cc95cf14dbfb8c610""
            },
            {
              ""exists_id"": ""e_path_nodes"",
              ""condition"": {
                ""and_conditions"": [
                  {
                    ""left"": {
                      ""all_id"": ""e_node"",
                      ""condition"": {
                        ""or_conditions"": [
                          {
                            ""left"": {
                              ""attribute_name"": ""type"", ""of"": ""e_node""
                            },
                            ""operator"": ""="",
                            ""right"": ""Article""
                          },
                          {
                            ""left"": {
                              ""attribute_name"": ""type"", ""of"": ""e_node""
                            },
                            ""operator"": ""="",
                            ""right"": ""Report""
                          }
                        ]
                      }
                    },
                    ""operator"": ""="",
                    ""right"": {
                      ""left"": {
                        ""attribute_name"": ""type"", ""of"": ""e_node""
                      },
                      ""operator"": ""="",
                      ""right"": ""Node""
                    }
                  },
                  {
                    ""left"": {
                      ""and_conditions"": [
                        {
                          ""left"": {
                            ""attribute_name"": ""from"", ""of"": ""r_connects""
                          },
                          ""operator"": ""="",
                          ""right"": {
                            ""left"": {
                              ""attribute_name"": ""id"", ""of"": ""e_node""
                            },
                            ""operator"": ""="",
                            ""right"": {
                              ""left"": {
                                ""attribute_name"": ""id"", ""of"": ""e_node""
                              },
                              ""operator"": ""="",
                              ""right"": {
                                ""left"": {
                                  ""attribute_name"": ""id"", ""of"": ""e_article""
                                },
                                ""operator"": ""="",
                                ""right"": {
                                  ""left"": {
                                    ""attribute_name"": ""id"", ""of"": ""e_node""
                                  },
                                  ""operator"": ""="",
                                  ""right"": ""e_article""
                                }
                              }
                            }
                          }
                        },
                        {
                          ""left"": {
                            ""attribute_name"": ""to"", ""of"": ""r_connects""
                          },
                          ""operator"": ""="",
                          ""right"": {
                            ""left"": {
                              ""attribute_name"": ""id"", ""of"": ""e_node""
                            },
                            ""operator"": ""="",
                            ""right"": {
                              ""left"": {
                                ""attribute_name"": ""id"", ""of"": ""e_node""
                              },
                              ""operator"": ""="",
                              ""right"": {
                                ""left"": {
                                  ""attribute_name"": ""id"", ""of"": ""e_report""
                                },
                                ""operator"": ""="",
                                ""right"": {
                                  ""left"": {
                                    ""attribute_name"": ""id"", ""of"": ""e_node""
                                  },
                                  ""operator"": ""="",
                                  ""right"": ""e_report""
                                }
                              }
                            }
                          }
                        }
                      ]
                    },
                    ""operator"": ""="",
                    ""right"": {
                      ""left"": {
                        ""attribute_name"": ""type"", ""of"": ""e_node""
                      },
                      ""operator"": ""="",
                      ""right"": ""Node""
                    }
                  }
                ]
              }
            }
          ]
        },
        ""projection"": [
          { ""attribute_name"": ""id"", ""of"": ""e_article"" },
          { ""attribute_name"": ""id"", ""of"": ""e_report"" },
          {
            ""left"": {
              ""attribute_name"": ""id"", ""of"": ""e_node""
            },
            ""operator"": ""="",
            ""right"": {
              ""left"": {
                ""attribute_name"": ""id"", ""of"": ""e_node""
              },
              ""operator"": ""="",
              ""right"": {
                ""left"": {
                  ""attribute_name"": ""id"", ""of"": ""e_node""
                },
                ""operator"": ""="",
                ""right"": {
                  ""left"": {
                    ""attribute_name"": ""id"", ""of"": ""e_node""
                  },
                  ""operator"": ""="",
                  ""right"": {
                    ""left"": {
                      ""attribute_name"": ""id"", ""of"": ""e_node""
                    },
                    ""operator"": ""="",
                    ""right"": {
                      ""left"": {
                        ""attribute_name"": ""id"", ""of"": ""e_node""
                      },
                      ""operator"": ""="",
                      ""right"": {
                        ""left"": {
                          ""attribute_name"": ""id"", ""of"": ""e_node""
                        },
                        ""operator"": ""="",
                        ""right"": {
                          ""left"": {
                            ""attribute_name"": ""id"", ""of"": ""e_node""
                          },
                          ""operator"": ""="",
                          ""right"": {
                            ""left"": {
                              ""attribute_name"": ""id"", ""of"": ""e_node""
                            },
                            ""operator"": ""="",
                            ""right"": {
                              ""left"": {
                                ""attribute_name"": ""id"", ""of"": ""e_node""
                              },
                              ""operator"": ""="",
                              ""right"": {
                                ""left"": {
                                  ""attribute_name"": ""id"", ""of"": ""e_node""
                                },
                                ""operator"": ""="",
                                ""right"": {
                                  ""left"": {
                                    ""attribute_name"": ""id"", ""of"": ""e_node""
                                  },
                                  ""operator"": ""="",
                                  ""right"": {
                                    ""left"": {
                                      ""attribute_name"": ""id"", ""of"": ""e_node""
                                    },
                                    ""operator"": ""="",
                                    ""right"": {
                                      ""left"": {
                                        ""attribute_name"": ""id"", ""of"": ""e_node""
                                      },
                                      ""operator"": ""="",
                                      ""right"": {
                                        ""left"": {
                                          ""attribute_name"": ""id"", ""of"": ""e_node""
                                        },
                                        ""operator"": ""="",
                                        ""right"": {
                                          ""left"": {
                                            ""attribute_name"": ""id"", ""of"": ""e_node""
                                          },
                                          ""operator"": ""="",
                                          ""right"": {
                                            ""left"": {
                                              ""attribute_name"": ""id"", ""of"": ""e_node""
                                            },
                                            ""operator"": ""="",
                                            ""right"": {
                                              ""left"": {
                                                ""attribute_name"": ""id"", ""of"": ""e_node""
                                              },
                                              ""operator"": ""="",
                                              ""right"": {
                                                ""left"": {
                                                  ""attribute_name"": ""id"", ""of"": ""e_node""
                                                },
                                                ""operator"": ""="",
                                                ""right"": {
                                                  ""left"": {
                                                    ""attribute_name"": ""id"", ""of"": ""e_node""
                                                  },
                                                  ""operator"": ""="",
                                                  ""right"": {
                                                    ""left"": {
                                                      ""attribute_name"": ""id"", ""of"": ""e_node""
                                                    },
                                                    ""operator"": ""="",
                                                    ""right"": {
                                                      ""left"": {
                                                        ""attribute_name"": ""id"", ""of"": ""e_node""
                                                      },
                                                      ""operator"": ""="",
                                                      ""right"": {
                                                        ""left"": {
                                                          ""attribute_name"": ""id"", ""of"": ""e_node""
                                                        },
                                                        ""operator"": ""="",
                                                        ""right"": {
                                                          ""left"": {
                                                            ""attribute_name"": ""id"", ""of"": ""e_node""
                                                          },
                                                          ""operator"": ""="",
                                                          ""right"": {
                                                            ""left"": {
                                                              ""attribute_name"": ""id"", ""of"": ""e_node""
                                                            },
                                                            ""operator"": ""="",
                                                            ""right"": {
                                                              ""left"": {
                                                                ""attribute_name"": ""id"", ""of"": ""e_node""
                                                              },
                                                              ""operator"": ""="",
                                                              ""right"": {
                                                                ""left"": {
                                                                  ""attribute_name"": ""id"", ""of"": ""e_node""
                                                                },
                                                                ""operator"": ""="",
                                                                ""right"": {
                                                                  ""left"": {
                                                                    ""attribute_name"": ""id"", ""of"": ""e_node""
                                                                  },
                                                                  ""operator"": ""="",
                                                                  ""right"": {
                                                                    ""left"": {
                                                                      ""attribute_name"": ""id"", ""of"": ""e_node""
                                                                    },
                                                                    ""operator"": ""="",
                                                                    ""right"": {
                                                                      ""left"": {
                                                                        ""attribute_name"": ""id"", ""of"": ""e_node""
                                                                      },
                                                                      ""operator"": ""="",
                                                                      ""right"": {
                                                                        ""left"": {
                                                                          ""attribute_name"": ""id"", ""of"": ""e_node""
                                                                        },
                                                                        ""operator"": ""="",
                                                                        ""right"": {
                                                                          ""left"": {
                                                                            ""attribute_name"": ""id"", ""of"": ""e_node""
                                                                          },
                                                                          ""operator"": ""="",
                                                                          ""right"": {
                                                                            ""left"": {
                                                                              ""attribute_name"": ""id"", ""of"": ""e_node""
                                                                            },
                                                                            ""operator"": ""="",
                                                                            ""right"": {
                                                                              ""left"": {
                                                                                ""attribute_name"": ""id"", ""of"": ""e_node""
                                                                              },
                                                                              ""operator"": ""="",
                                                                              ""right"": {
                                                                                ""left"": {
                                                                                  ""attribute_name"": ""id"", ""of"": ""e_node""
                                                                                },
                                                                              }
                                                                            }
                                                                          }
                                                                        }
                                                                      }
                                                                    }
                                                                  }
                                                                }
                                                              }
                                                            }
                                                          }
                                                        }
                                                      }
                                                    }
                                                  }
                                                }
                                              }
                                            }
                                          }
                                        }
                                      }
                                    }
                                  }
                                }
                              }
                            }
                          }
                        }
                      }
                    }
                  }
                ]
              }
            }
          ]
        }
      }
    ]
  ]
}
```"
26,Q04,"Give me the shortest path between Article where title is Open sets satisfying systems of congruences and Report, with report_id equal 5049b80a2935f95cc95cf14dbfb8c610, including the nodes on the path!",ministral-3:8b,False,0.15,134.277087,True,stop,3170,6.534168,701,126.998383,5.5198,"```json
{
  ""hypotheses_set"": [
    [
      {
        ""id"": ""q1"",
        ""target"": [""r_path""],
        ""entities"": [
          { ""id"": ""e_article"", ""type"": ""Article"" },
          { ""id"": ""e_report"", ""type"": ""Report"" },
          { ""id"": ""e_node1"", ""type"": ""Node"" },
          { ""id"": ""e_node2"", ""type"": ""Node"" }
        ],
        ""relationships"": [
          { ""id"": ""r_article_to_node1"", ""role"": ""connected_to"", ""from"": ""e_article"", ""to"": ""e_node1"" },
          { ""id"": ""r_node1_to_node2"", ""role"": ""connected_to"", ""from"": ""e_node1"", ""to"": ""e_node2"" },
          { ""id"": ""r_node2_to_report"", ""role"": ""connected_to"", ""from"": ""e_node2"", ""to"": ""e_report"" }
        ],
        ""constraint"": {
          ""and_conditions"": [
            {
              ""left"": { ""attribute_name"": ""title"", ""of"": ""e_article"" },
              ""operator"": ""="",
              ""right"": ""Open sets satisfying systems of congruences""
            },
            {
              ""left"": { ""attribute_name"": ""report_id"", ""of"": ""e_report"" },
              ""operator"": ""="",
              ""right"": ""5049b80a2935f95cc95cf14dbfb8c610""
            },
            {
              ""exists_id"": ""r_article_to_node1"",
              ""condition"": {
                ""and_conditions"": []
              }
            },
            {
              ""exists_id"": ""r_node1_to_node2"",
              ""condition"": {
                ""and_conditions"": []
              }
            },
            {
              ""exists_id"": ""r_node2_to_report"",
              ""condition"": {
                ""and_conditions"": []
              }
            }
          ]
        },
        ""projection"": [
          {
            ""expression"": {
              ""expression_ID"": ""path_nodes"",
              ""expression"": [
                {
                  ""expression_ID"": ""article_node"",
                  ""expression"": {
                    ""attribute_name"": ""id"", ""of"": ""e_article""
                  }
                },
                {
                  ""expression_ID"": ""node1_id"",
                  ""expression"": {
                    ""attribute_name"": ""id"", ""of"": ""e_node1""
                  }
                },
                {
                  ""expression_ID"": ""node2_id"",
                  ""expression"": {
                    ""attribute_name"": ""id"", ""of"": ""e_node2""
                  }
                },
                {
                  ""expression_ID"": ""report_id"",
                  ""expression"": {
                    ""attribute_name"": ""id"", ""of"": ""e_report""
                  }
                }
              ]
            }
          }
        ],
        ""distinct"": true,
        ""order_by"": [
          {
            ""expression"": {
              ""expression_ID"": ""path_length"",
              ""expression"": {
                ""count_id"": ""r_article_to_node1""
              }
            },
            ""direction"": ""ASC""
          }
        ],
        ""limit"": 1
      }
    ]
  ]
}
```"
27,Q04,"Give me the shortest path between Article where title is Open sets satisfying systems of congruences and Report, with report_id equal 5049b80a2935f95cc95cf14dbfb8c610, including the nodes on the path!",ministral-3:8b,False,0.15,7410.992565,False,length,3170,0.181791,40960,7382.829607,5.548,"```json
{
  ""hypotheses_set"": [
    [
      {
        ""id"": ""q1"",
        ""target"": [""e_article"", ""e_report"", ""e_path_nodes""],
        ""entities"": [
          { ""id"": ""e_article"", ""type"": ""Article"" },
          { ""id"": ""e_report"", ""type"": ""Report"" },
          { ""id"": ""e_node"", ""type"": ""Node"" }
        ],
        ""relationships"": [
          { ""id"": ""r_connects"", ""role"": ""connected_to"", ""from"": ""e_node"", ""to"": ""e_node"" }
        ],
        ""constraint"": {
          ""and_conditions"": [
            {
              ""left"": { ""attribute_name"": ""title"", ""of"": ""e_article"" },
              ""operator"": ""="",
              ""right"": ""Open sets satisfying systems of congruences""
            },
            {
              ""left"": { ""attribute_name"": ""report_id"", ""of"": ""e_report"" },
              ""operator"": ""="",
              ""right"": ""5049b80a2935f95cc95cf14dbfb8c610""
            },
            {
              ""exists_id"": ""e_path_nodes"",
              ""condition"": {
                ""and_conditions"": [
                  {
                    ""left"": {
                      ""all_id"": ""e_path_nodes"",
                      ""condition"": {
                        ""or_conditions"": [
                          {
                            ""left"": { ""attribute_name"": ""type"", ""of"": ""e_path_nodes"" },
                            ""operator"": ""="",
                            ""right"": ""Article""
                          },
                          {
                            ""left"": { ""attribute_name"": ""type"", ""of"": ""e_path_nodes"" },
                            ""operator"": ""="",
                            ""right"": ""Report""
                          }
                        ]
                      }
                    },
                    ""operator"": ""="",
                    ""right"": true
                  },
                  {
                    ""left"": {
                      ""all_id"": ""e_path_nodes"",
                      ""condition"": {
                        ""and_conditions"": [
                          {
                            ""left"": {
                              ""attribute_name"": ""type"", ""of"": ""e_path_nodes""
                            },
                            ""operator"": ""="",
                            ""right"": ""Node""
                          },
                          {
                            ""left"": {
                              ""exists_id"": ""e_path_nodes"",
                              ""condition"": {
                                ""and_conditions"": [
                                  {
                                    ""left"": {
                                      ""attribute_name"": ""type"", ""of"": ""e_path_nodes""
                                    },
                                    ""operator"": ""="",
                                    ""right"": ""Article""
                                  },
                                  {
                                    ""left"": {
                                      ""attribute_name"": ""type"", ""of"": ""e_path_nodes""
                                    },
                                    ""operator"": ""="",
                                    ""right"": ""Report""
                                  }
                                ]
                              }
                            },
                            ""operator"": ""="",
                            ""right"": true
                          }
                        ]
                      }
                    },
                    ""operator"": ""="",
                    ""right"": true
                  }
                ]
              }
            },
            {
              ""left"": {
                ""all_id"": ""e_path_nodes"",
                ""condition"": {
                  ""and_conditions"": [
                    {
                      ""left"": {
                        ""attribute_name"": ""type"", ""of"": ""e_path_nodes""
                      },
                      ""operator"": ""="",
                      ""right"": ""Node""
                    },
                    {
                      ""left"": {
                        ""exists_id"": ""e_path_nodes"",
                        ""condition"": {
                          ""and_conditions"": [
                            {
                              ""left"": {
                                ""attribute_name"": ""type"", ""of"": ""e_path_nodes""
                              },
                              ""operator"": ""="",
                              ""right"": ""Article""
                            },
                            {
                              ""left"": {
                                ""attribute_name"": ""type"", ""of"": ""e_path_nodes""
                              },
                              ""operator"": ""="",
                              ""right"": ""Report""
                            }
                          ]
                        }
                      },
                      ""operator"": ""="",
                      ""right"": true
                    }
                  ]
                }
              },
              ""operator"": ""="",
              ""right"": true
            }
          ]
        },
        ""projection"": [
          {
            ""expression"": {
              ""expression_ID"": ""path_nodes"",
              ""expression"": {
                ""left"": {
                  ""all_id"": ""e_path_nodes"",
                  ""condition"": {
                    ""and_conditions"": [
                      {
                        ""left"": {
                          ""attribute_name"": ""type"", ""of"": ""e_path_nodes""
                        },
                        ""operator"": ""="",
                        ""right"": ""Node""
                      },
                      {
                        ""left"": {
                          ""exists_id"": ""e_path_nodes"",
                          ""condition"": {
                            ""and_conditions"": [
                              {
                                ""left"": {
                                  ""attribute_name"": ""type"", ""of"": ""e_path_nodes""
                                },
                                ""operator"": ""="",
                                ""right"": ""Article""
                              },
                              {
                                ""left"": {
                                  ""attribute_name"": ""type"", ""of"": ""e_path_nodes""
                                },
                                ""operator"": ""="",
                                ""right"": ""Report""
                              }
                            ]
                          }
                        },
                        ""operator"": ""="",
                        ""right"": true
                      }
                    ]
                  }
                },
                ""operator"": ""="",
                ""right"": {
                  ""expression_ID"": ""path"",
                  ""expression"": {
                    ""left"": {
                      ""attribute_name"": ""id"", ""of"": ""e_node""
                    },
                    ""operator"": ""="",
                    ""right"": {
                      ""expression_ID"": ""path_nodes"",
                      ""expression"": {
                        ""left"": {
                          ""attribute_name"": ""id"", ""of"": ""e_node""
                        },
                        ""operator"": ""="",
                        ""right"": {
                          ""expression_ID"": ""path_nodes"",
                          ""expression"": {
                            ""left"": {
                              ""attribute_name"": ""id"", ""of"": ""e_node""
                            },
                            ""operator"": ""="",
                            ""right"": {
                              ""expression_ID"": ""path_nodes"",
                              ""expression"": {
                                ""left"": {
                                  ""attribute_name"": ""id"", ""of"": ""e_node""
                                },
                                ""operator"": ""="",
                                ""right"": {
                                  ""expression_ID"": ""path_nodes"",
                                  ""expression"": {
                                    ""left"": {
                                      ""attribute_name"": ""id"", ""of"": ""e_node""
                                    },
                                    ""operator"": ""="",
                                    ""right"": {
                                      ""expression_ID"": ""path_nodes"",
                                      ""expression"": {
                                        ""left"": {
                                          ""attribute_name"": ""id"", ""of"": ""e_node""
                                        },
                                        ""operator"": ""="",
                                        ""right"": {
                                          ""expression_ID"": ""path_nodes"",
                                          ""expression"": {
                                            ""left"": {
                                              ""attribute_name"": ""id"", ""of"": ""e_node""
                                            },
                                            ""operator"": ""="",
                                            ""right"": {
                                              ""expression_ID"": ""path_nodes"",
                                              ""expression"": {
                                                ""left"": {
                                                  ""attribute_name"": ""id"", ""of"": ""e_node""
                                                },
                                                ""operator"": ""="",
                                                ""right"": {
                                                  ""expression_ID"": ""path_nodes"",
                                                  ""expression"": {
                                                    ""left"": {
                                                      ""attribute_name"": ""id"", ""of"": ""e_node""
                                                    },
                                                    ""operator"": ""="",
                                                    ""right"": {
                                                      ""expression_ID"": ""path_nodes"",
                                                      ""expression"": {
                                                        ""left"": {
                                                          ""attribute_name"": ""id"", ""of"": ""e_node""
                                                        },
                                                        ""operator"": ""="",
                                                        ""right"": {
                                                          ""expression_ID"": ""path_nodes"",
                                                          ""expression"": {
                                                            ""left"": {
                                                              ""attribute_name"": ""id"", ""of"": ""e_node""
                                                            },
                                                            ""operator"": ""="",
                                                            ""right"": {
                                                              ""expression_ID"": ""path_nodes"",
                                                              ""expression"": {
                                                                ""left"": {
                                                                  ""attribute_name"": ""id"", ""of"": ""e_node""
                                                                },
                                                                ""operator"": ""="",
                                                                ""right"": {
                                                                  ""expression_ID"": ""path_nodes"",
                                                                  ""expression"": {
                                                                    ""left"": {
                                                                      ""attribute_name"": ""id"", ""of"": ""e_node""
                                                                    },
                                                                    ""operator"": ""="",
                                                                    ""right"": {
                                                                      ""expression_ID"": ""path_nodes"",
                                                                      ""expression"": {
                                                                        ""left"": {
                                                                          ""attribute_name"": ""id"", ""of"": ""e_node""
                                                                        },
                                                                        ""operator"": ""="",
                                                                        ""right"": {
                                                                          ""expression_ID"": ""path_nodes"",
                                                                          ""expression"": {
                                                                            ""left"": {
                                                                              ""attribute_name"": ""id"", ""of"": ""e_node""
                                                                            },
                                                                            ""operator"": ""="",
                                                                            ""right"": {
                                                                              ""expression_ID"": ""path_nodes"",
                                                                              ""expression"": {
                                                                                ""left"": {
                                                                                  ""attribute_name"": ""id"", ""of"": ""e_node""
                                                                                },
                                                                                ""operator"": ""="",
                                                                                ""right"": {
                                                                                  ""expression_ID"": ""path_nodes"",
                                                                                  ""expression"": {
                                                                                    ""left"": {
                                                                                      ""attribute_name"": ""id"", ""of"": ""e_node""
                                                                                    },
                                                                                    ""operator"": ""="",
                                                                                    ""right"": {
                                                                                      ""expression_ID"": ""path_nodes"",
                                                                                      ""expression"": {
                                                                                        ""left"": {
                                                                                          ""attribute_name"": ""id"", ""of"": ""e_node""
                                                                                        },
                                                                                        ""operator"": ""="",
                                                                                        ""right"": {
                                                                                          ""expression_ID"": ""path_nodes"",
                                                                                          ""expression"": {
                                                                            ""left"": {
                                                                              ""attribute_name"": ""id"", ""of"": ""e_node""
                                                                            },
                                                                            ""operator"": ""="",
                                                                            ""right"": {
                                                                              ""expression_ID"": ""path_nodes"",
                                                                              ""expression"": {
                                                                                ""left"": {
                                                                                  ""attribute_name"": ""id"", ""of"": ""e_node""
                                                                                },
                                                                                ""operator"": ""="",
                                                                                ""right"": {
                                                                                  ""expression_ID"": ""path_nodes"",
                                                                                  ""expression"": {
                                                                                    ""left"": {
                                                                                      ""attribute_name"": ""id"", ""of"": ""e_node""
                                                                                    },
                                                                                    ""operator"": ""="",
                                                                                    ""right"": {
                                                                                      ""expression_ID"": ""path_nodes"",
                                                                                      ""expression"": {
                                                                        ""left"": {
                                                                          ""attribute_name"": ""id"", ""of"": ""e_node""
                                                                        },
                                                                        ""operator"": ""="",
                                                                        ""right"": {
                                                                          ""expression_ID"": ""path_nodes"",
                                                                          ""expression"": {
                                                                            ""left"": {
                                                                              ""attribute_name"": ""id"", ""of"": ""e_node""
                                                                            },
                                                                            ""operator"": ""="",
                                                                            ""right"": {
                                                                              ""expression_ID"": ""path_nodes"",
                                                                              ""expression"": {
                                                                                ""left"": {
                                                                                  ""attribute_name"": ""id"", ""of"": ""e_node""
                                                                                },
                                                                                ""operator"": ""="",
                                                                                ""right"": {
                                                                                  ""expression_ID"": ""path_nodes"",
                                                                                  ""expression"": {
                                                                                    ""left"": {
                                                                                      ""attribute_name"": ""id"", ""of"": ""e_node""
                                                                                    },
                                                                                    ""operator"": ""="",
                                                                                    ""right"": {
                                                                                      ""expression_ID"": ""path_nodes"",
                                                                                      ""expression"": {
                                                                        ""left"": {
                                                                          ""attribute_name"": ""id"", ""of"": ""e_node""
                                                                        },
                                                                        ""operator"": ""="",
                                                                        ""right"": {
                                                                          ""expression_ID"": ""path_nodes"",
                                                                          ""expression"": {
                                                                            ""left"": {
                                                                              ""attribute_name"": ""id"", ""of"": ""e_node""
                                                                            },
                                                                            ""operator"": ""="",
                                                                            ""right"": {
                                                                              ""expression_ID"": ""path_nodes"",
                                                                              ""expression"": {
                                                                                ""left"": {
                                                                                  ""attribute_name"": ""id"", ""of"": ""e_node""
                                                                                },
                                                                                ""operator"": ""="",
                                                                                ""right"": {
                                                                                  ""expression_ID"": ""path_nodes"",
                                                                                  ""expression"": {
                                                                                    ""left"": {
                                                                                      ""attribute_name"": ""id"", ""of"": ""e_node""
                                                                                    },
                                                                                    ""operator"": ""="",
                                                                                    ""right"": {
                                                                                      ""expression_ID"": ""path_nodes"",
                                                                                      ""expression"": {
                                                                        ""left"": {
                                                                          ""attribute_name"": ""id"", ""of"": ""e_node""
                                                                        },
                                                                        ""operator"": ""="",
                                                                        ""right"": {
                                                                          ""expression_ID"": ""path_nodes"",
                                                                          ""expression"": {
                                                                            ""left"": {
                                                                              ""attribute_name"": ""id"", ""of"": ""e_node""
                                                                            },
                                                                            ""operator"": ""="",
                                                                            ""right"": {
                                                                              ""expression_ID"": ""path_nodes"",
                                                                              ""expression"": {
                                                                                ""left"": {
                                                                                  ""attribute_name"": ""id"", ""of"": ""e_node""
                                                                                },
                                                                                ""operator"": ""="",
                                                                                ""right"": {
                                                                                  ""expression_ID"": ""path_nodes"",
                                                                                  ""expression"": {
                                                                                    ""left"": {
                                                                                      ""attribute_name"": ""id"", ""of"": ""e_node""
                                                                                    },
                                                                                    ""operator"": ""="",
                                                                                    ""right"": {
                                                                                      ""expression_ID"": ""path_nodes"",
                                                                                      ""expression"": {
                                                                        ""left"": {
                                                                          ""attribute_name"": ""id"", ""of"": ""e_node""
                                                                        },
                                                                        ""operator"": ""="",
                                                                        ""right"": {
                                                                          ""expression_ID"": ""path_nodes"",
                                                                          ""expression"": {
                                                                            ""left"": {
                                                                              ""attribute_name"": ""id"", ""of"": ""e_node""
                                                                            },
                                                                            ""operator"": ""="",
                                                                            ""right"": {
                                                                              ""expression_ID"": ""path_nodes"",
                                                                              ""expression"": {
                                                                                ""left"": {
                                                                                  ""attribute_name"": ""id"", ""of"": ""e_node""
                                                                                },
                                                                                ""operator"": ""="",
                                                                                ""right"": {
                                                                                  ""expression_ID"": ""path_nodes"",
                                                                                  ""expression"": {
                                                                                    ""left"": {
                                                                                      ""attribute_name"": ""id"", ""of"": ""e_node""
                                                                                    },
                                                                                    ""operator"": ""="",
                                                                                    ""right"": {
                                                                                      ""expression_ID"": ""path_nodes"",
                                                                                      ""expression"": {
                                                                        ""left"": {
                                                                          ""attribute_name"": ""id"", ""of"": ""e_node""
                                                                        },
                                                                        ""operator"": ""="",
                                                                        ""right"": {
                                                                          ""expression_ID"": ""path_nodes"",
                                                                          ""expression"": {
                                                                            ""left"": {
                                                                              ""attribute_name"": ""id"", ""of"": ""e_node""
                                                                            },
                                                                            ""operator"": ""="",
                                                                            ""right"": {
                                                                              ""expression_ID"": ""path_nodes"",
                                                                              ""expression"": {
                                                                                ""left"": {
                                                                                  ""attribute_name"": ""id"", ""of"": ""e_node""
                                                                                },
                                                                                ""operator"": ""="",
                                                                                ""right"": {
                                                                                  ""expression_ID"": ""path_nodes"",
                                                                                  ""expression"": {
                                                                                    ""left"": {
                                                                                      ""attribute_name"": ""id"", ""of"": ""e_node""
                                                                                    },
                                                                                    ""operator"": ""="",
                                                                                    ""right"": {
                                                                                      ""expression_ID"": ""path_nodes"",
                                                                                      ""expression"": {
                                                                        ""left"": {
                                                                          ""attribute_name"": ""id"", ""of"": ""e_node""
                                                                        },
                                                                        ""operator"": ""="",
                                                                        ""right"": {
                                                                          ""expression_ID"": ""path_nodes"",
                                                                          ""expression"": {
                                                                            ""left"": {
                                                                              ""attribute_name"": ""id"", ""of"": ""e_node""
                                                                            },
                                                                            ""operator"": ""="",
                                                                            ""right"": {
                                                                              ""expression_ID"": ""path_nodes"",
                                                                              ""expression"": {
                                                                                ""left"": {
                                                                                  ""attribute_name"": ""id"", ""of"": ""e_node""
                                                                                },
                                                                                ""operator"": ""="",
                                                                                ""right"": {
                                                                                  ""expression_ID"": ""path_nodes"",
                                                                                  ""expression"": {
                                                                                    ""left"": {
                                                                                      ""attribute_name"": ""id"", ""of"": ""e_node""
                                                                                    },
                                                                                    ""operator"": ""="",
                                                                                    ""right"": {
                                                                                      ""expression_ID"": ""path_nodes"",
                                                                                      ""expression"": {
                                                                        ""left"": {
                                                                          ""attribute_name"": ""id"", ""of"": ""e_node""
                                                                        },
                                                                        ""operator"": ""="",
                                                                        ""right"": {
                                                                          ""expression_ID"": ""path_nodes"",
                                                                          ""expression"": {
                                                                            ""left"": {
                                                                              ""attribute_name"": ""id"", ""of"": ""e_node""
                                                                            },
                                                                            ""operator"": ""="",
                                                                            ""right"": {
                                                                              ""expression_ID"": ""path_nodes"",
                                                                              ""expression"": {
                                                                                ""left"": {
                                                                                  ""attribute_name"": ""id"", ""of"": ""e_node""
                                                                                },
                                                                                ""operator"": ""="",
                                                                                ""right"": {
                                                                                  ""expression_ID"": ""path_nodes"",
                                                                                  ""expression"": {
                                                                                    ""left"": {
                                                                                      ""attribute_name"": ""id"", ""of"": ""e_node""
                                                                                    },
                                                                                    ""operator"": ""="",
                                                                                    ""right"": {
                                                                                      ""expression_ID"": ""path_nodes"",
                                                                                      ""expression"": {
                                                                        ""left"": {
                                                                          ""attribute_name"": ""id"", ""of"": ""e_node""
                                                                        },
                                                                        ""operator"": ""="",
                                                                        ""right"": {
                                                                          ""expression_ID"": ""path_nodes"",
                                                                          ""expression"": {
                                                                            ""left"": {
                                                                              ""attribute_name"": ""id"", ""of"": ""e_node""
                                                                            },
                                                                            ""operator"": ""="",
                                                                            ""right"": {
                                                                              ""expression_ID"": ""path_nodes"",
                                                                              ""expression"": {
                                                                                ""left"": {
                                                                                  ""attribute_name"": ""id"", ""of"": ""e_node""
                                                                                },
                                                                                ""operator"": ""="",
                                                                                ""right"": {
                                                                                  ""expression_ID"": ""path_nodes"",
                                                                                  ""expression"": {
                                                                                    ""left"": {
                                                                                      ""attribute_name"": ""id"", ""of"": ""e_node""
                                                                                    },
                                                                                    ""operator"": ""="",
                                                                                    ""right"": {
                                                                                      ""expression_ID"": ""path_nodes"",
                                                                                      ""expression"": {
                                                                        ""left"": {
                                                                          ""attribute_name"": ""id"", ""of"": ""e_node""
                                                                        },
                                                                        ""operator"": ""="",
                                                                        ""right"": {
                                                                          ""expression_ID"": ""path_nodes"",
                                                                          ""expression"": {
                                                                            ""left"": {
                                                                              ""attribute_name"": ""id"", ""of"": ""e_node""
                                                                            },
                                                                            ""operator"": ""="",
                                                                            ""right"": {
                                                                              ""expression_ID"": ""path_nodes"",
                                                                              ""expression"": {
                                                                                ""left"": {
                                                                                  ""attribute_name"": ""id"", ""of"": ""e_node""
                                                                                },
                                                                                ""operator"": ""="",
                                                                                ""right"": {
                                                                                  ""expression_ID"": ""path_nodes"",
                                                                                  ""expression"": {
                                                                                    ""left"": {
                                                                                      ""attribute_name"": ""id"", ""of"": ""e_node""
                                                                                    },
                                                                                    ""operator"": ""="",
                                                                                    ""right"": {
                                                                                      ""expression_ID"": ""path_nodes"",
                                                                                      ""expression"": {
                                                                        ""left"": {
                                                                          ""attribute_name"": ""id"", ""of"": ""e_node""
                                                                        },
                                                                        ""operator"": ""="",
                                                                        ""right"": {
                                                                          ""expression_ID"": ""path_nodes"",
                                                                          ""expression"": {
                                                                            ""left"": {
                                                                              ""attribute_name"": ""id"", ""of"": ""e_node""
                                                                            },
                                                                            ""operator"": ""="",
                                                                            ""right"": {
                                                                              ""expression_ID"": ""path_nodes"",
                                                                              ""expression"": {
                                                                                ""left"": {
                                                                                  ""attribute_name"": ""id"", ""of"": ""e_node""
                                                                                },
                                                                                ""operator"": ""="",
                                                                                ""right"": {
                                                                                  ""expression_ID"": ""path_nodes"",
                                                                                  ""expression"": {
                                                                                    ""left"": {
                                                                                      ""attribute_name"": ""id"", ""of"": ""e_node""
                                                                                    },
                                                                                    ""operator"": ""="",
                                                                                    ""right"": {
                                                                                      ""expression_ID"": ""path_nodes"",
                                                                                      ""expression"": {
                                                                        ""left"": {
                                                                          ""attribute_name"": ""id"", ""of"": ""e_node""
                                                                        },
                                                                        ""operator"": ""="",
                                                                        ""right"": {
                                                                          ""expression_ID"": ""path_nodes"",
                                                                          ""expression"": {
                                                                            ""left"": {
                                                                              ""attribute_name"": ""id"", ""of"": ""e_node""
                                                                            },
                                                                            ""operator"": ""="",
                                                                            ""right"": {
                                                                              ""expression_ID"": ""path_nodes"",
                                                                              ""expression"": {
                                                                                ""left"": {
                                                                                  ""attribute_name"": ""id"", ""of"": ""e_node""
                                                                                },
                                                                                ""operator"": ""="",
                                                                                ""right"": {
                                                                                  ""expression_ID"": ""path_nodes"",
                                                                                  ""expression"": {
                                                                                    ""left"": {
                                                                                      ""attribute_name"": ""id"", ""of"": ""e_node""
                                                                                    },
                                                                                    ""operator"": ""="",
                                                                                    ""right"": {
                                                                                      ""expression_ID"": ""path_nodes"",
                                                                                      ""expression"": {
                                                                        ""left"": {
                                                                          ""attribute_name"": ""id"", ""of"": ""e_node""
                                                                        },
                                                                        ""operator"": ""="",
                                                                        ""right"": {
                                                                          ""expression_ID"": ""path_nodes"",
                                                                          ""expression"": {
                                                                            ""left"": {
                                                                              ""attribute_name"": ""id"", ""of"": ""e_node""
                                                                            },
                                                                            ""operator"": ""="",
                                                                            ""right"": {
                                                                              ""expression_ID"": ""path_nodes"",
                                                                              ""expression"": {
                                                                                ""left"": {
                                                                                  ""attribute_name"": ""id"", ""of"": ""e_node""
                                                                                },
                                                                                ""operator"": ""="",
                                                                                ""right"": {
                                                                                  ""expression_ID"": ""path_nodes"",
                                                                                  ""expression"": {
                                                                                    ""left"": {
                                                                                      ""attribute_name"": ""id"", ""of"": ""e_node""
                                                                                    },
                                                                                    ""operator"": ""="",
                                                                                    ""right"": {
                                                                                      ""expression_ID"": ""path_nodes"",
                                                                                      ""expression"": {
                                                                        ""left"": {
                                                                          ""attribute_name"": ""id"", ""of"": ""e_node""
                                                                        },
                                                                        ""operator"": ""="",
                                                                        ""right"": {
                                                                          ""expression_ID"": ""path_nodes"",
                                                                          ""expression"": {
                                                                            ""left"": {
                                                                              ""attribute_name"": ""id"", ""of"": ""e_node""
                                                                            },
                                                                            ""operator"": ""="",
                                                                            ""right"": {
                                                                              ""expression_ID"": ""path_nodes"",
                                                                              ""expression"": {
                                                                                ""left"": {
                                                                                  ""attribute_name"": ""id"", ""of"": ""e_node""
                                                                                },
                                                                                ""operator"": ""="",
                                                                                ""right"": {
                                                                                  ""expression_ID"": ""path_nodes"",
                                                                                  ""expression"": {
                                                                                    ""left"": {
                                                                                      ""attribute_name"": ""id"", ""of"": ""e_node""
                                                                                    },
                                                                                    ""operator"": ""="",
                                                                                    ""right"": {
                                                                                      ""expression_ID"": ""path_nodes"",
                                                                                      ""expression"": {
                                                                        ""left"": {
                                                                          ""attribute_name"": ""id"", ""of"": ""e_node""
                                                                        },
                                                                        ""operator"": ""="",
                                                                        ""right"": {
                                                                          ""expression_ID"": ""path_nodes"",
                                                                          ""expression"": {
                                                                            ""left"": {
                                                                              ""attribute_name"": ""id"", ""of"": ""e_node""
                                                                            },
                                                                            ""operator"": ""="",
                                                                            ""right"": {
                                                                              ""expression_ID"": ""path_nodes"",
                                                                              ""expression"": {
                                                                                ""left"": {
                                                                                  ""attribute_name"": ""id"", ""of"": ""e_node""
                                                                                },
                                                                                ""operator"": ""="",
                                                                                ""right"": {
                                                                                  ""expression_ID"": ""path_nodes"",
                                                                                  ""expression"": {
                                                                                    ""left"": {
                                                                                      ""attribute_name"": ""id"", ""of"": ""e_node""
                                                                                    },
                                                                                    ""operator"": ""="",
                                                                                    ""right"": {
                                                                                      ""expression_ID"": ""path_nodes"",
                                                                                      ""expression"": {
                                                                        ""left"": {
                                                                          ""attribute_name"": ""id"", ""of"": ""e_node""
                                                                        },
                                                                        ""operator"": ""="",
                                                                        ""right"": {
                                                                          ""expression_ID"": ""path_nodes"",
                                                                          ""expression"": {
                                                                            ""left"": {
                                                                              ""attribute_name"": ""id"", ""of"": ""e_node""
                                                                            },
                                                                            ""operator"": ""="",
                                                                            ""right"": {
                                                                              ""expression_ID"": ""path_nodes"",
                                                                              ""expression"": {
                                                                                ""left"": {
                                                                                  ""attribute_name"": ""id"", ""of"": ""e_node""
                                                                                },
                                                                                ""operator"": ""="",
                                                                                ""right"": {
                                                                                  ""expression_ID"": ""path_nodes"",
                                                                                  ""expression"": {
                                                                                    ""left"": {
                                                                                      ""attribute_name"": ""id"", ""of"": ""e_node""
                                                                                    },
                                                                                    ""operator"": ""="",
                                                                                    ""right"": {
                                                                                      ""expression_ID"": ""path_nodes"",
                                                                                      ""expression"": {
                                                                        ""left"": {
                                                                          ""attribute_name"": ""id"", ""of"": ""e_node""
                                                                        },
                                                                        ""operator"": ""="",
                                                                        ""right"": {
                                                                          ""expression_ID"": ""path_nodes"",
                                                                          ""expression"": {
                                                                            ""left"": {
                                                                              ""attribute_name"": ""id"", ""of"": ""e_node""
                                                                            },
                                                                            ""operator"": ""="",
                                                                            ""right"": {
                                                                              ""expression_ID"": ""path_nodes"",
                                                                              ""expression"": {
                                                                                ""left"": {
                                                                                  ""attribute_name"": ""id"", ""of"": ""e_node""
                                                                                },
                                                                                ""operator"": ""="",
                                                                                ""right"": {
                                                                                  ""expression_ID"": ""path_nodes"",
                                                                                  ""expression"": {
                                                                                    ""left"": {
                                                                                      ""attribute_name"": ""id"", ""of"": ""e_node""
                                                                                    },
                                                                                    ""operator"": ""="",
                                                                                    ""right"": {
                                                                                      ""expression_ID"": ""path_nodes"",
                                                                                      ""expression"": {
                                                                        ""left"": {
                                                                          ""attribute_name"": ""id"", ""of"": ""e_node""
                                                                        },
                                                                        ""operator"": ""="",
                                                                        ""right"": {
                                                                          ""expression_ID"": ""path_nodes"",
                                                                          ""expression"": {
                                                                            ""left"": {
                                                                              ""attribute_name"": ""id"", ""of"": ""e_node""
                                                                            },
                                                                            ""operator"": ""="",
                                                                            ""right"": {
                                                                              ""expression_ID"": ""path_nodes"",
                                                                              ""expression"": {
                                                                                ""left"": {
                                                                                  ""attribute_name"": ""id"", ""of"": ""e_node""
                                                                                },
                                                                                ""operator"": ""="",
                                                                                ""right"": {
                                                                                  ""expression_ID"": ""path_nodes"",
                                                                                  ""expression"": {
                                                                                    ""left"": {
                                                                                      ""attribute_name"": ""id"", ""of"": ""e_node""
                                                                                    },
                                                                                    ""operator"": ""="",
                                                                                    ""right"": {
                                                                                      ""expression_ID"": ""path_nodes"",
                                                                                      ""expression"": {
                                                                        ""left"": {
                                                                          ""attribute_name"": ""id"", ""of"": ""e_node""
                                                                        },
                                                                        ""operator"": ""="",
                                                                        ""right"": {
                                                                          ""expression_ID"": ""path_nodes"",
                                                                          ""expression"": {
                                                                            ""left"": {
                                                                              ""attribute_name"": ""id"", ""of"": ""e_node""
                                                                            },
                                                                            ""operator"": ""="",
                                                                            ""right"": {
                                                                              ""expression_ID"": ""path_nodes"",
                                                                              ""expression"": {
                                                                                ""left"": {
                                                                                  ""attribute_name"": ""id"", ""of"": ""e_node""
                                                                                },
                                                                                ""operator"": ""="",
                                                                                ""right"": {
                                                                                  ""expression_ID"": ""path_nodes"",
                                                                                  ""expression"": {
                                                                                    ""left"": {
                                                                                      ""attribute_name"": ""id"", ""of"": ""e_node""
                                                                                    },
                                                                                    ""operator"": ""="",
                                                                                    ""right"": {
                                                                                      ""expression_ID"": ""path_nodes"",
                                                                                      ""expression"": {
                                                                        ""left"": {
                                                                          ""attribute_name"": ""id"", ""of"": ""e_node""
                                                                        },
                                                                        ""operator"": ""="",
                                                                        ""right"": {
                                                                          ""expression_ID"": ""path_nodes"",
                                                                          ""expression"": {
                                                                            ""left"": {
                                                                              ""attribute_name"": ""id"", ""of"": ""e_node""
                                                                            },
                                                                            ""operator"": ""="",
                                                                            ""right"": {
                                                                              ""expression_ID"": ""path_nodes"",
                                                                              ""expression"": {
                                                                                ""left"": {
                                                                                  ""attribute_name"": ""id"", ""of"": ""e_node""
                                                                                },
                                                                                ""operator"": ""="",
                                                                                ""right"": {
                                                                                  ""expression_ID"": ""path_nodes"",
                                                                                  ""expression"": {
                                                                                    ""left"": {
                                                                                      ""attribute_name"": ""id"", ""of"": ""e_node""
                                                                                    },
                                                                                    ""operator"": ""="",
                                                                                    ""right"": {
                                                                                      ""expression_ID"": ""path_nodes"",
                                                                                      ""expression"": {
                                                                        ""left"": {
                                                                          ""attribute_name"": ""id"", ""of"": ""e_node""
                                                                        },
                                                                        ""operator"": ""="",
                                                                        ""right"": {
                                                                          ""expression_ID"": ""path_nodes"",
                                                                          ""expression"": {
                                                                            ""left"": {
                                                                              ""attribute_name"": ""id"", ""of"": ""e_node""
                                                                            },
                                                                            ""operator"": ""="",
                                                                            ""right"": {
                                                                              ""expression_ID"": ""path_nodes"",
                                                                              ""expression"": {
                                                                                ""left"": {
                                                                                  ""attribute_name"": ""id"", ""of"": ""e_node""
                                                                                },
                                                                                ""operator"": ""="",
                                                                                ""right"": {
                                                                                  ""expression_ID"": ""path_nodes"",
                                                                                  ""expression"": {
                                                                                    ""left"": {
                                                                                      ""attribute_name"": ""id"", ""of"": ""e_node""
                                                                                    },
                                                                                    ""operator"": ""="",
                                                                                    ""right"": {
                                                                                      ""expression_ID"": ""path_nodes"",
                                                                                      ""expression"": {
                                                                        ""left"": {
                                                                          ""attribute_name"": ""id"", ""of"": ""e_node""
                                                                        },
                                                                        ""operator"": ""="",
                                                                        ""right"": {
                                                                          ""expression_ID"": ""path_nodes"",
                                                                          ""expression"": {
                                                                            ""left"": {
                                                                              ""attribute_name"": ""id"", ""of"": ""e_node""
                                                                            },
                                                                            ""operator"": ""="",
                                                                            ""right"": {
                                                                              ""expression_ID"": ""path_nodes"",
                                                                              ""expression"": {
                                                                                ""left"": {
                                                                                  ""attribute_name"": ""id"", ""of"": ""e_node""
                                                                                },
                                                                                ""operator"": ""="",
                                                                                ""right"": {
                                                                                  ""expression_ID"": ""path_nodes"",
                                                                                  ""expression"": {
                                                                                    ""left"": {
                                                                                      ""attribute_name"": ""id"", ""of"": ""e_node""
                                                                                    },
                                                                                    ""operator"": ""="",
                                                                                    ""right"": {
                                                                                      ""expression_ID"": ""path_nodes"",
                                                                                      ""expression"": {
                                                                        ""left"": {
                                                                          ""attribute_name"": ""id"", ""of"": ""e_node""
                                                                        },
                                                                        ""operator"": ""="",
                                                                        ""right"": {
                                                                          ""expression_ID"": ""path_nodes"",
                                                                          ""expression"": {
                                                                            ""left"": {
                                                                              ""attribute_name"": ""id"", ""of"": ""e_node""
                                                                            },
                                                                            ""operator"": ""="",
                                                                            ""right"": {
                                                                              ""expression_ID"": ""path_nodes"",
                                                                              ""expression"": {
                                                                                ""left"": {
                                                                                  ""attribute_name"": ""id"", ""of"": ""e_node""
                                                                                },
                                                                                ""operator"": ""="",
                                                                                ""right"": {
                                                                                  ""expression_ID"": ""path_nodes"",
                                                                                  ""expression"": {
                                                                                    ""left"": {
                                                                                      ""attribute_name"": ""id"", ""of"": ""e_node""
                                                                                    },
                                                                                    ""operator"": ""="",
                                                                                    ""right"": {
                                                                                      ""expression_ID"": ""path_nodes"",
                                                                                      ""expression"": {
                                                                        ""left"": {
                                                                          ""attribute_name"": ""id"", ""of"": ""e_node""
                                                                        },
                                                                        ""operator"": ""="",
                                                                        ""right"": {
                                                                          ""expression_ID"": ""path_nodes"",
                                                                          ""expression"": {
                                                                            ""left"": {
                                                                              ""attribute_name"": ""id"", ""of"": ""e_node""
                                                                            },
                                                                            ""operator"": ""="",
                                                                            ""right"": {
                                                                              ""expression_ID"": ""path_nodes"",
                                                                              ""expression"": {
                                                                                ""left"": {
                                                                                  ""attribute_name"": ""id"", ""of"": ""e_node""
                                                                                },
                                                                                ""operator"": ""="",
                                                                                ""right"": {
                                                                                  ""expression_ID"": ""path_nodes"",
                                                                                  ""expression"": {
                                                                                    ""left"": {
                                                                                      ""attribute_name"": ""id"", ""of"": ""e_node""
                                                                                    },
                                                                                    ""operator"": ""="",
                                                                                    ""right"": {
                                                                                      ""expression_ID"": ""path_nodes"",
                                                                                      ""expression"": {
                                                                        ""left"": {
                                                                          ""attribute_name"": ""id"", ""of"": ""e_node""
                                                                        },
                                                                        ""operator"": ""="",
                                                                        ""right"": {
                                                                          ""expression_ID"": ""path_nodes"",
                                                                          ""expression"": {
                                                                            ""left"": {
                                                                              ""attribute_name"": ""id"", ""of"": ""e_node""
                                                                            },
                                                                            ""operator"": ""="",
                                                                            ""right"": {
                                                                              ""expression_ID"": ""path_nodes"",
                                                                              ""expression"": {
                                                                                ""left"": {
                                                                                  ""attribute_name"": ""id"", ""of"": ""e_node""
                                                                                },
                                                                                ""operator"": ""="",
                                                                                ""right"": {
                                                                                  ""expression_ID"": ""path_nodes"",
                                                                                  ""expression"": {
                                                                                    ""left"": {
                                                                                      ""attribute_name"": ""id"", ""of"": ""e_node""
                                                                                    },
                                                                                    ""operator"": ""="",
                                                                                    ""right"": {
                                                                                      ""expression_ID"": ""path_nodes"",
                                                                                      ""expression"": {
                                                                        ""left"": {
                                                                          ""attribute_name"": ""id"", ""of"": ""e_node""
                                                                        },
                                                                        ""operator"": ""="",
                                                                        ""right"": {
                                                                          ""expression_ID"": ""path_nodes"",
                                                                          ""expression"": {
                                                                            ""left"": {
                                                                              ""attribute_name"": ""id"", ""of"": ""e_node""
                                                                            },
                                                                            ""operator"": ""="",
                                                                            ""right"": {
                                                                              ""expression_ID"": ""path_nodes"",
                                                                              ""expression"": {
                                                                                ""left"": {
                                                                                  ""attribute_name"": ""id"", ""of"": ""e_node""
                                                                                },
                                                                                ""operator"": ""="",
                                                                                ""right"": {
                                                                                  ""expression_ID"": ""path_nodes"",
                                                                                  ""expression"": {
                                                                                    ""left"": {
                                                                                      ""attribute_name"": ""id"", ""of"": ""e_node""
                                                                                    },
                                                                                    ""operator"": ""="",
                                                                                    ""right"": {
                                                                                      ""expression_ID"": ""path_nodes"",
                                                                                      ""expression"": {
                                                                        ""left"": {
                                                                          ""attribute_name"": ""id"", ""of"": ""e_node""
                                                                        },
                                                                        ""operator"": ""="",
                                                                        ""right"": {
                                                                          ""expression_ID"": ""path_nodes"",
                                                                          ""expression"": {
                                                                            ""left"": {
                                                                              ""attribute_name"": ""id"", ""of"": ""e_node""
                                                                            },
                                                                            ""operator"": ""="",
                                                                            ""right"": {
                                                                              ""expression_ID"": ""path_nodes"",
                                                                              ""expression"": {
                                                                                ""left"": {
                                                                                  ""attribute_name"": ""id"", ""of"": ""e_node""
                                                                                },
                                                                                ""operator"": ""="",
                                                                                ""right"": {
                                                                                  ""expression_ID"": ""path_nodes"",
                                                                                  ""expression"": {
                                                                                    ""left"": {
                                                                                      ""attribute_name"": ""id"", ""of"": ""e_node""
                                                                                    },
                                                                                    ""operator"": ""="",
                                                                                    ""right"": {
                                                                                      ""expression_ID"": ""path_nodes"",
                                                                                      ""expression"": {
                                                                        ""left"": {
                                                                          ""attribute_name"": ""id"", ""of"": ""e_node""
                                                                        },
                                                                        ""operator"": ""="",
                                                                        ""right"": {
                                                                          ""expression_ID"": ""path_nodes"",
                                                                          ""expression"": {
                                                                            ""left"": {
                                                                              ""attribute_name"": ""id"", ""of"": ""e_node""
                                                                            },
                                                                            ""operator"": ""="",
                                                                            ""right"": {
                                                                              ""expression_ID"": ""path_nodes"",
                                                                              ""expression"": {
                                                                                ""left"": {
                                                                                  ""attribute_name"": ""id"", ""of"": ""e_node""
                                                                                },
                                                                                ""operator"": ""="",
                                                                                ""right"": {
                                                                                  ""expression_ID"": ""path_nodes"",
                                                                                  ""expression"": {
                                                                                    ""left"": {
                                                                                      ""attribute_name"": ""id"", ""of"": ""e_node""
                                                                                    },
                                                                                    ""operator"": ""="",
                                                                                    ""right"": {
                                                                                      ""expression_ID"": ""path_nodes"",
                                                                                      ""expression"": {
                                                                        ""left"": {
                                                                          ""attribute_name"": ""id"", ""of"": ""e_node""
                                                                        },
                                                                        ""operator"": ""="",
                                                                        ""right"": {
                                                                          ""expression_ID"": ""path_nodes"",
                                                                          ""expression"": {
                                                                            ""left"": {
                                                                              ""attribute_name"": ""id"", ""of"": ""e_node""
                                                                            },
                                                                            ""operator"": ""="",
                                                                            ""right"": {
                                                                              ""expression_ID"": ""path_nodes"",
                                                                              ""expression"": {
                                                                                ""left"": {
                                                                                  ""attribute_name"": ""id"", ""of"": ""e_node""
                                                                                },
                                                                                ""operator"": ""="",
                                                                                ""right"": {
                                                                                  ""expression_ID"": ""path_nodes"",
                                                                                  ""expression"": {
                                                                                    ""left"": {
                                                                                      ""attribute_name"": ""id"", ""of"": ""e_node""
                                                                                    },
                                                                                    ""operator"": ""="",
                                                                                    ""right"": {
                                                                                      ""expression_ID"": ""path_nodes"",
                                                                                      ""expression"": {
                                                                        ""left"": {
                                                                          ""attribute_name"": ""id"", ""of"": ""e_node""
                                                                        },
                                                                        ""operator"": ""="",
                                                                        ""right"": {
                                                                          ""expression_ID"": ""path_nodes"",
                                                                          ""expression"": {
                                                                            ""left"": {
                                                                              ""attribute_name"": ""id"", ""of"": ""e_node""
                                                                            },
                                                                            ""operator"": ""="",
                                                                            ""right"": {
                                                                              ""expression_ID"": ""path_nodes"",
                                                                              ""expression"": {
                                                                                ""left"": {
                                                                                  ""attribute_name"": ""id"", ""of"": ""e_node""
                                                                                },
                                                                                ""operator"": ""="",
                                                                                ""right"": {
                                                                                  ""expression_ID"": ""path_nodes"",
                                                                                  ""expression"": {
                                                                                    ""left"": {
                                                                                      ""attribute_name"": ""id"", ""of"": ""e_node""
                                                                                    },
                                                                                    ""operator"": ""="",
                                                                                    ""right"": {
                                                                                      ""expression_ID"": ""path_nodes"",
                                                                                      ""expression"": {
                                                                        ""left"": {
                                                                          ""attribute_name"": ""id"", ""of"": ""e_node""
                                                                        },
                                                                        ""operator"": ""="",
                                                                        ""right"": {
                                                                          ""expression_ID"": ""path_nodes"",
                                                                          ""expression"": {
                                                                            ""left"": {
                                                                              ""attribute_name"": ""id"", ""of"": ""e_node""
                                                                            },
                                                                            ""operator"": ""="",
                                                                            ""right"": {
                                                                              ""expression_ID"": ""path_nodes"",
                                                                              ""expression"": {
                                                                                ""left"": {
                                                                                  ""attribute_name"": ""id"", ""of"": ""e_node""
                                                                                },
                                                                                ""operator"": ""="",
                                                                                ""right"": {
                                                                                  ""expression_ID"": ""path_nodes"",
                                                                                  ""expression"": {
                                                                                    ""left"": {
                                                                                      ""attribute_name"": ""id"", ""of"": ""e_node""
                                                                                    },
                                                                                    ""operator"": ""="",
                                                                                    ""right"": {
                                                                                      ""expression_ID"": ""path_nodes"",
                                                                                      ""expression"": {
                                                                        ""left"": {
                                                                          ""attribute_name"": ""id"", ""of"": ""e_node""
                                                                        },
                                                                        ""operator"": ""="",
                                                                        ""right"": {
                                                                          ""expression_ID"": ""path_nodes"",
                                                                          ""expression"": {
                                                                            ""left"": {
                                                                              ""attribute_name"": ""id"", ""of"": ""e_node""
                                                                            },
                                                                            ""operator"": ""="",
                                                                            ""right"": {
                                                                              ""expression_ID"": ""path_nodes"",
                                                                              ""expression"": {
                                                                                ""left"": {
                                                                                  ""attribute_name"": ""id"", ""of"": ""e_node""
                                                                                },
                                                                                ""operator"": ""="",
                                                                                ""right"": {
                                                                                  ""expression_ID"": ""path_nodes"",
                                                                                  ""expression"": {
                                                                                    ""left"": {
                                                                                      ""attribute_name"": ""id"", ""of"": ""e_node""
                                                                                    },
                                                                                    ""operator"": ""="",
                                                                                    ""right"": {
                                                                                      ""expression_ID"": ""path_nodes"",
                                                                                      ""expression"": {
                                                                        ""left"": {
                                                                          ""attribute_name"": ""id"", ""of"": ""e_node""
                                                                        },
                                                                        ""operator"": ""="",
                                                                        ""right"": {
                                                                          ""expression_ID"": ""path_nodes"",
                                                                          ""expression"": {
                                                                            ""left"": {
                                                                              ""attribute_name"": ""id"", ""of"": ""e_node""
                                                                            },
                                                                            ""operator"": ""="",
                                                                            ""right"": {
                                                                              ""expression_ID"": ""path_nodes"",
                                                                              ""expression"": {
                                                                                ""left"": {
                                                                                  ""attribute_name"": ""id"", ""of"": ""e_node""
                                                                                },
                                                                                ""operator"": ""="",
                                                                                ""right"": {
                                                                                  ""expression_ID"": ""path_nodes"",
                                                                                  ""expression"": {
                                                                                    ""left"": {
                                                                                      ""attribute_name"": ""id"", ""of"": ""e_node""
                                                                                    },
                                                                                    ""operator"": ""="",
                                                                                    ""right"": {
                                                                                      ""expression_ID"": ""path_nodes"",
                                                                                      ""expression"": {
                                                                        ""left"": {
                                                                          ""attribute_name"": ""id"", ""of"": ""e_node""
                                                                        },
                                                                        ""operator"": ""="",
                                                                        ""right"": {
                                                                          ""expression_ID"": ""path_nodes"",
                                                                          ""expression"": {
                                                                            ""left"": {
                                                                              ""attribute_name"": ""id"", ""of"": ""e_node""
                                                                            },
                                                                            ""operator"": ""="",
                                                                            ""right"": {
                                                                              ""expression_ID"": ""path_nodes"",
                                                                              ""expression"": {
                                                                                ""left"": {
                                                                                  ""attribute_name"": ""id"", ""of"": ""e_node""
                                                                                },
                                                                                ""operator"": ""="",
                                                                                ""right"": {
                                                                                  ""expression_ID"": ""path_nodes"",
                                                                                  ""expression"": {
                                                                                    ""left"": {
                                                                                      ""attribute_name"": ""id"", ""of"": ""e_node""
                                                                                    },
                                                                                    ""operator"": ""="",
                                                                                    ""right"": {
                                                                                      ""expression_ID"": ""path_nodes"",
                                                                                      ""expression"": {
                                                                        ""left"": {
                                                                          ""attribute_name"": ""id"", ""of"": ""e_node""
                                                                        },
                                                                        ""operator"": ""="",
                                                                        ""right"": {
                                                                          ""expression_ID"": ""path_nodes"",
                                                                          ""expression"": {
                                                                            ""left"": {
                                                                              ""attribute_name"": ""id"", ""of"": ""e_node""
                                                                            },
                                                                            ""operator"": ""="",
                                                                            ""right"": {
                                                                              ""expression_ID"": ""path_nodes"",
                                                                              ""expression"": {
                                                                                ""left"": {
                                                                                  ""attribute_name"": ""id"", ""of"": ""e_node""
                                                                                },
                                                                                ""operator"": ""="",
                                                                                ""right"": {
                                                                                  ""expression_ID"": ""path_nodes"",
                                                                                  ""expression"": {
                                                                                    ""left"": {
                                                                                      ""attribute_name"": ""id"", ""of"": ""e_node""
                                                                                    },
                                                                                    ""operator"": ""="",
                                                                                    ""right"": {
                                                                                      ""expression_ID"": ""path_nodes"",
                                                                                      ""expression"": {
                                                                        ""left"": {
                                                                          ""attribute_name"": ""id"", ""of"": ""e_node""
                                                                        },
                                                                        ""operator"": ""="",
                                                                        ""right"": {
                                                                          ""expression_ID"": ""path_nodes"",
                                                                          ""expression"": {
                                                                            ""left"": {
                                                                              ""attribute_name"": ""id"", ""of"": ""e_node""
                                                                            },
                                                                            ""operator"": ""="",
                                                                            ""right"": {
                                                                              ""expression_ID"": ""path_nodes"",
                                                                              ""expression"": {
                                                                                ""left"": {
                                                                                  ""attribute_name"": ""id"", ""of"": ""e_node""
                                                                                },
                                                                                ""operator"": ""="",
                                                                                ""right"": {
                                                                                  ""expression_ID"": ""path_nodes"",
                                                                                  ""expression"": {
                                                                                    ""left"": {
                                                                                      ""attribute_name"": ""id"", ""of"": ""e_node""
                                                                                    },
                                                                                    ""operator"": ""="",
                                                                                    ""right"": {
                                                                                      ""expression_ID"": ""path_nodes"",
                                                                                      ""expression"": {
                                                                        ""left"": {
                                                                          ""attribute_name"": ""id"", ""of"": ""e_node""
                                                                        },
                                                                        ""operator"": ""="",
                                                                        ""right"": {
                                                                          ""expression_ID"": ""path_nodes"",
                                                                          ""expression"": {
                                                                            ""left"": {
                                                                              ""attribute_name"": ""id"", ""of"": ""e_node""
                                                                            },
                                                                            ""operator"": ""="",
                                                                            ""right"": {
                                                                              ""expression_ID"": ""path_nodes"",
                                                                              ""expression"": {
                                                                                ""left"": {
                                                                                  ""attribute_name"": ""id"", ""of"": ""e_node""
                                                                                },
                                                                                ""operator"": ""="",
                                                                                ""right"": {
                                                                                  ""expression_ID"": ""path_nodes"",
                                                                                  ""expression"": {
                                                                                    ""left"": {
                                                                                      ""attribute_name"": ""id"", ""of"": ""e_node""
                                                                                    },
                                                                                    ""operator"": ""="",
                                                                                    ""right"": {
                                                                                      ""expression_ID"": ""path_nodes"",
                                                                                      ""expression"": {
                                                                        ""left"": {
                                                                          ""attribute_name"": ""id"", ""of"": ""e_node""
                                                                        },
                                                                        ""operator"": ""="",
                                                                        ""right"": {
                                                                          ""expression_ID"": ""path_nodes"",
                                                                          ""expression"": {
                                                                            ""left"": {
                                                                              ""attribute_name"": ""id"", ""of"": ""e_node""
                                                                            },
                                                                            ""operator"": ""="",
                                                                            ""right"": {
                                                                              ""expression_ID"": ""path_nodes"",
                                                                              ""expression"": {
                                                                                ""left"": {
                                                                                  ""attribute_name"": ""id"", ""of"": ""e_node""
                                                                                },
                                                                                ""operator"": ""="",
                                                                                ""right"": {
                                                                                  ""expression_ID"": ""path_nodes"",
                                                                                  ""expression"": {
                                                                                    ""left"": {
                                                                                      ""attribute_name"": ""id"", ""of"": ""e_node""
                                                                                    },
                                                                                    ""operator"": ""="",
                                                                                    ""right"": {
                                                                                      ""expression_ID"": ""path_nodes"",
                                                                                      ""expression"": {
                                                                        ""left"": {
                                                                          ""attribute_name"": ""id"", ""of"": ""e_node""
                                                                        },
                                                                        ""operator"": ""="",
                                                                        ""right"": {
                                                                          ""expression_ID"": ""path_nodes"",
                                                                          ""expression"": {
                                                                            ""left"": {
                                                                              ""attribute_name"": ""id"", ""of"": ""e_node""
                                                                            },
                                                                            ""operator"": ""="",
                                                                            ""right"": {
                                                                              ""expression_ID"": ""path_nodes"",
                                                                              ""expression"": {
                                                                                ""left"": {
                                                                                  ""attribute_name"": ""id"", ""of"": ""e_node""
                                                                                },
                                                                                ""operator"": ""="",
                                                                                ""right"": {
                                                                                  ""expression_ID"": ""path_nodes"",
                                                                                  ""expression"": {
                                                                                    ""left"": {
                                                                                      ""attribute_name"": ""id"", ""of"": ""e_node""
                                                                                    },
                                                                                    ""operator"": ""="",
                                                                                    ""right"": {
                                                                                      ""expression_ID"": ""path_nodes"",
                                                                                      ""expression"": {
                                                                        ""left"": {
                                                                          ""attribute_name"": ""id"", ""of"": ""e_node""
                                                                        },
                                                                        ""operator"": ""="",
                                                                        ""right"": {
                                                                          ""expression_ID"": ""path_nodes"",
                                                                          ""expression"": {
                                                                            ""left"": {
                                                                              ""attribute_name"": ""id"", ""of"": ""e_node""
                                                                            },
                                                                            ""operator"": ""="",
                                                                            ""right"": {
                                                                              ""expression_ID"": ""path_nodes"",
                                                                              ""expression"": {
                                                                                ""left"": {
                                                                                  ""attribute_name"": ""id"", ""of"": ""e_node""
                                                                                },
                                                                                ""operator"": ""="",
                                                                                ""right"": {
                                                                                  ""expression_ID"": ""path_nodes"",
                                                                                  ""expression"": {
                                                                                    ""left"": {
                                                                                      ""attribute_name"": ""id"", ""of"": ""e_node""
                                                                                    },
                                                                                    ""operator"": ""="",
                                                                                    ""right"": {
                                                                                      ""expression_ID"": ""path_nodes"",
                                                                                      ""expression"": {
                                                                        ""left"": {
                                                                          ""attribute_name"": ""id"", ""of"": ""e_node""
                                                                        },
                                                                        ""operator"": ""="",
                                                                        ""right"": {
                                                                          ""expression_ID"": ""path_nodes"",
                                                                          ""expression"": {
                                                                            ""left"": {
                                                                              ""attribute_name"": ""id"", ""of"": ""e_node""
                                                                            },
                                                                            ""operator"": ""="",
                                                                            ""right"": {
                                                                              ""expression_ID"": ""path_nodes"",
                                                                              ""expression"": {
                                                                                ""left"": {
                                                                                  ""attribute_name"": ""id"", ""of"": ""e_node""
                                                                                },
                                                                                ""operator"": ""="",
                                                                                ""right"": {
                                                                                  ""expression_ID"": ""path_nodes"",
                                                                                  ""expression"": {
                                                                                    ""left"": {
                                                                                      ""attribute_name"": ""id"", ""of"": ""e_node""
                                                                                    },
                                                                                    ""operator"": ""="",
                                                                                    ""right"": {
                                                                                      ""expression_ID"": ""path_nodes"",
                                                                                      ""expression"": {
                                                                        ""left"": {
                                                                          ""attribute_name"": ""id"", ""of"": ""e_node""
                                                                        },
                                                                        ""operator"": ""="",
                                                                        ""right"": {
                                                                          ""expression_ID"": ""path_nodes"",
                                                                          ""expression"": {
                                                                            ""left"": {
                                                                              ""attribute_name"": ""id"", ""of"": ""e_node""
                                                                            },
                                                                            ""operator"": ""="",
                                                                            ""right"": {
                                                                              ""expression_ID"": ""path_nodes"",
                                                                              ""expression"": {
                                                                                ""left"": {
                                                                                  ""attribute_name"": ""id"", ""of"": ""e_node""
                                                                                },
                                                                                ""operator"": ""="",
                                                                                ""right"": {
                                                                                  ""expression_ID"": ""path_nodes"",
                                                                                  ""expression"": {
                                                                                    ""left"": {
                                                                                      ""attribute_name"": ""id"", ""of"": ""e_node""
                                                                                    },
                                                                                    ""operator"": ""="",
                                                                                    ""right"": {
                                                                                      ""expression_ID"": ""path_nodes"",
                                                                                      ""expression"": {
                                                                        ""left"": {
                                                                          ""attribute_name"": ""id"", ""of"": ""e_node""
                                                                        },
                                                                        ""operator"": ""="",
                                                                        ""right"": {
                                                                          ""expression_ID"": ""path_nodes"",
                                                                          ""expression"": {
                                                                            ""left"": {
                                                                              ""attribute_name"": ""id"", ""of"": ""e_node""
                                                                            },
                                                                            ""operator"": ""="",
                                                                            ""right"": {
                                                                              ""expression_ID"": ""path_nodes"",
                                                                              ""expression"": {
                                                                                ""left"": {
                                                                                  ""attribute_name"": ""id"", ""of"": ""e_node""
                                                                                },
                                                                                ""operator"": ""="",
                                                                                ""right"": {
                                                                                  ""expression_ID"": ""path_nodes"",
                                                                                  ""expression"": {
                                                                                    ""left"": {
                                                                                      ""attribute_name"": ""id"", ""of"": ""e_node""
                                                                                    },
                                                                                    ""operator"": ""="",
                                                                                    ""right"": {
                                                                                      ""expression_ID"": ""path_nodes"",
                                                                                      ""expression"": {
                                                                        ""left"": {
                                                                          ""attribute_name"": ""id"", ""of"": ""e_node""
                                                                        },
                                                                        ""operator"": ""="",
                                                                        ""right"": {
                                                                          ""expression_ID"": ""path_nodes"",
                                                                          ""expression"": {
                                                                            ""left"": {
                                                                              ""attribute_name"": ""id"", ""of"": ""e_node""
                                                                            },
                                                                            ""operator"": ""="",
                                                                            ""right"": {
                                                                              ""expression_ID"": ""path_nodes"",
                                                                              ""expression"": {
                                                                                ""left"": {
                                                                                  ""attribute_name"": ""id"", ""of"": ""e_node""
                                                                                },
                                                                                ""operator"": ""="",
                                                                                ""right"": {
                                                                                  ""expression_ID"": ""path_nodes"",
                                                                                  ""expression"": {
                                                                                    ""left"": {
                                                                                      ""attribute_name"": ""id"", ""of"": ""e_node""
                                                                                    },
                                                                                    ""operator"": ""="",
                                                                                    ""right"": {
                                                                                      ""expression_ID"": ""path_nodes"",
                                                                                      ""expression"": {
                                                                        ""left"": {
                                                                          ""attribute_name"": ""id"", ""of"": ""e_node""
                                                                        },
                                                                        ""operator"": ""="",
                                                                        ""right"": {
                                                                          ""expression_ID"": ""path_nodes"",
                                                                          ""expression"": {
                                                                            ""left"": {
                                                                              ""attribute_name"": ""id"", ""of"": ""e_node""
                                                                            },
                                                                            ""operator"": ""="",
                                                                            ""right"": {
                                                                              ""expression_ID"": ""path_nodes"",
                                                                              ""expression"": {
                                                                                ""left"": {
                                                                                  ""attribute_name"": ""id"", ""of"": ""e_node""
                                                                                },
                                                                                ""operator"": ""="",
                                                                                ""right"": {
                                                                                  ""expression_ID"": ""path_nodes"",
                                                                                  ""expression"": {
                                                                                    ""left"": {
                                                                                      ""attribute_name"": ""id"", ""of"": ""e_node""
                                                                                    },
                                                                                    ""operator"": ""="",
                                                                                    ""right"": {
                                                                                      ""expression_ID"": ""path_nodes"",
                                                                                      ""expression"": {
                                                                        ""left"": {
                                                                          ""attribute_name"": ""id"", ""of"": ""e_node""
                                                                        },
                                                                        ""operator"": ""="",
                                                                        ""right"": {
                                                                          ""expression_ID"": ""path_nodes"",
                                                                          ""expression"": {
                                                                            ""left"": {
                                                                              ""attribute_name"": ""id"", ""of"": ""e_node""
                                                                            },
                                                                            ""operator"": ""="",
                                                                            ""right"": {
                                                                              ""expression_ID"": ""path_nodes"",
                                                                              ""expression"": {
                                                                                ""left"": {
                                                                                  ""attribute_name"": ""id"", ""of"": ""e_node""
                                                                                },
                                                                                ""operator"": ""="",
                                                                                ""right"": {
                                                                                  ""expression_ID"": ""path_nodes"",
                                                                                  ""expression"": {
                                                                                    ""left"": {
                                                                                      ""attribute_name"": ""id"", ""of"": ""e_node""
                                                                                    },
                                                                                    ""operator"": ""="",
                                                                                    ""right"": {
                                                                                      ""expression_ID"": ""path_nodes"",
                                                                                      ""expression"": {
                                                                        ""left"": {
                                                                          ""attribute_name"": ""id"", ""of"": ""e_node""
                                                                        },
                                                                        ""operator"": ""="",
                                                                        ""right"": {
                                                                          ""expression_ID"": ""path_nodes"",
                                                                          ""expression"": {
                                                                            ""left"": {
                                                                              ""attribute_name"": ""id"", ""of"": ""e_node""
                                                                            },
                                                                            ""operator"": ""="",
                                                                            ""right"": {
                                                                              ""expression_ID"": ""path_nodes"",
                                                                              ""expression"": {
                                                                                ""left"": {
                                                                                  ""attribute_name"": ""id"", ""of"": ""e_node""
                                                                                },
                                                                                ""operator"": ""="",
                                                                                ""right"": {
                                                                                  ""expression_ID"": ""path_nodes"",
                                                                                  ""expression"": {
                                                                                    ""left"": {
                                                                                      ""attribute_name"": ""id"", ""of"": ""e_node""
                                                                                    },
                                                                                    ""operator"": ""="",
                                                                                    ""right"": {
                                                                                      ""expression_ID"": ""path_nodes"",
                                                                                      ""expression"": {
                                                                        ""left"": {
                                                                          ""attribute_name"": ""id"", ""of"": ""e_node""
                                                                        },
                                                                        ""operator"": ""="",
                                                                        ""right"": {
                                                                          ""expression_ID"": ""path_nodes"",
                                                                          ""expression"": {
                                                                            ""left"": {
                                                                              ""attribute_name"": ""id"", ""of"": ""e_node""
                                                                            },
                                                                            ""operator"": ""="",
                                                                            ""right"": {
                                                                              ""expression_ID"": ""path_nodes"",
                                                                              ""expression"": {
                                                                                ""left"": {
                                                                                  ""attribute_name"": ""id"", ""of"": ""e_node""
                                                                                },
                                                                                ""operator"": ""="",
                                                                                ""right"": {
                                                                                  ""expression_ID"": ""path_nodes"",
                                                                                  ""expression"": {
                                                                                    ""left"": {
                                                                                      ""attribute_name"": ""id"", ""of"": ""e_node""
                                                                                    },
                                                                                    ""operator"": ""="",
                                                                                    ""right"": {
                                                                                      ""expression_ID"": ""path_nodes"",
                                                                                      ""expression"": {
                                                                        ""left"": {
                                                                          ""attribute_name"": ""id"", ""of"": ""e_node""
                                                                        },
                                                                        ""operator"": ""="",
                                                                        ""right"": {
                                                                          ""expression_ID"": ""path_nodes"",
                                                                          ""expression"": {
                                                                            ""left"": {
                                                                              ""attribute_name"": ""id"", ""of"": ""e_node""
                                                                            },
                                                                            ""operator"": ""="",
                                                                            ""right"": {
                                                                              ""expression_ID"": ""path_nodes"",
                                                                              ""expression"": {
                                                                                ""left"": {
                                                                                  ""attribute_name"": ""id"", ""of"": ""e_node""
                                                                                },
                                                                                ""operator"": ""="",
                                                                                ""right"": {
                                                                                  ""expression_ID"": ""path_nodes"",
                                                                                  ""expression"": {
                                                                                    ""left"": {
                                                                                      ""attribute_name"": ""id"", ""of"": ""e_node""
                                                                                    },
                                                                                    ""operator"": ""="",
                                                                                    ""right"": {
                                                                                      ""expression_ID"": ""path_nodes"",
                                                                                      ""expression"": {
                                                                        ""left"": {
                                                                          ""attribute_name"": ""id"", ""of"": ""e_node""
                                                                        },
                                                                        ""operator"": ""="",
                                                                        ""right"": {
                                                                          ""expression_ID"": ""path_nodes"",
                                                                          ""expression"": {
                                                                            ""left"": {
                                                                              ""attribute_name"": ""id"", ""of"": ""e_node""
                                                                            },
                                                                            ""operator"": ""="",
                                                                            ""right"": {
                                                                              ""expression_ID"": ""path_nodes"",
                                                                              ""expression"": {
                                                                                ""left"": {
                                                                                  ""attribute_name"": ""id"", ""of"": ""e_node""
                                                                                },
                                                                                ""operator"": ""="",
                                                                                ""right"": {
                                                                                  ""expression_ID"": ""path_nodes"",
                                                                                  ""expression"": {
                                                                                    ""left"": {
                                                                                      ""attribute_name"": ""id"", ""of"": ""e_node""
                                                                                    },
                                                                                    ""operator"": ""="",
                                                                                    ""right"": {
                                                                                      ""expression_ID"": ""path_nodes"",
                                                                                      ""expression"": {
                                                                        ""left"": {
                                                                          ""attribute_name"": ""id"", ""of"": ""e_node""
                                                                        },
                                                                        ""operator"": ""="",
                                                                        ""right"": {
                                                                          ""expression_ID"": ""path_nodes"",
                                                                          ""expression"": {
                                                                            ""left"": {
                                                                              ""attribute_name"": ""id"", ""of"": ""e_node""
                                                                            },
                                                                            ""operator"": ""="",
                                                                            ""right"": {
                                                                              ""expression_ID"": ""path_nodes"",
                                                                              ""expression"": {
                                                                                ""left"": {
                                                                                  ""attribute_name"": ""id"", ""of"": ""e_node""
                                                                                },
                                                                                ""operator"": ""="",
                                                                                ""right"": {
                                                                                  ""expression_ID"": ""path_nodes"",
                                                                                  ""expression"": {
                                                                                    ""left"": {
                                                                                      ""attribute_name"": ""id"", ""of"": ""e_node""
                                                                                    },
                                                                                    ""operator"": ""="",
                                                                                    ""right"": {
                                                                                      ""expression_ID"": ""path_nodes"",
                                                                                      ""expression"": {
                                                                        ""left"": {
                                                                          ""attribute_name"": ""id"", ""of"": ""e_node""
                                                                        },
                                                                        ""operator"": ""="",
                                                                        ""right"": {
                                                                          ""expression_ID"": ""path_nodes"",
                                                                          ""expression"": {
                                                                            ""left"": {
                                                                              ""attribute_name"": ""id"", ""of"": ""e_node""
                                                                            },
                                                                            ""operator"": ""="",
                                                                            ""right"": {
                                                                              ""expression_ID"": ""path_nodes"",
                                                                              ""expression"": {
                                                                                ""left"": {
                                                                                  ""attribute_name"": ""id"", ""of"": ""e_node""
                                                                                },
                                                                                ""operator"": ""="",
                                                                                ""right"": {
                                                                                  ""expression_ID"": ""path_nodes"",
                                                                                  ""expression"": {
                                                                                    ""left"": {
                                                                                      ""attribute_name"": ""id"", ""of"": ""e_node""
                                                                                    },
                                                                                    ""operator"": ""="",
                                                                                    ""right"": {
                                                                                      ""expression_ID"": ""path_nodes"",
                                                                                      ""expression"": {
                                                                        ""left"": {
                                                                          ""attribute_name"": ""id"", ""of"": ""e_node""
                                                                        },
                                                                        ""operator"": ""="",
                                                                        ""right"": {
                                                                          ""expression_ID"": ""path_nodes"",
                                                                          ""expression"": {
                                                                            ""left"": {
                                                                              ""attribute_name"": ""id"", ""of"": ""e_node""
                                                                            },
                                                                            ""operator"": ""="",
                                                                            ""right"": {
                                                                              ""expression_ID"": ""path_nodes"",
                                                                              ""expression"": {
                                                                                ""left"": {
                                                                                  ""attribute_name"": ""id"", ""of"": ""e_node""
                                                                                },
                                                                                ""operator"": ""="",
                                                                                ""right"": {
                                                                                  ""expression_ID"": ""path_nodes"",
                                                                                  ""expression"": {
                                                                                    ""left"": {
                                                                                      ""attribute_name"": ""id"", ""of"": ""e_node""
                                                                                    },
                                                                                    ""operator"": ""="",
                                                                                    ""right"": {
                                                                                      ""expression_ID"": ""path_nodes"",
                                                                                      ""expression"": {
                                                                        ""left"": {
                                                                          ""attribute_name"": ""id"", ""of"": ""e_node""
                                                                        },
                                                                        ""operator"": ""="",
                                                                        ""right"": {
                                                                          ""expression_ID"": ""path_nodes"",
                                                                          ""expression"": {
                                                                            ""left"": {
                                                                              ""attribute_name"": ""id"", ""of"": ""e_node""
                                                                            },
                                                                            ""operator"": ""="",
                                                                            ""right"": {
                                                                              ""expression_ID"": ""path_nodes"",
                                                                              ""expression"": {
                                                                                ""left"": {
                                                                                  ""attribute_name"": ""id"", ""of"": ""e_node""
                                                                                },
                                                                                ""operator"": ""="",
                                                                                ""right"": {
                                                                                  ""expression_ID"": ""path_nodes"",
                                                                                  ""expression"": {
                                                                                    ""left"": {
                                                                                      ""attribute_name"": ""id"", ""of"": ""e_node""
                                                                                    },
                                                                                    ""operator"": ""="",
                                                                                    ""right"": {
                                                                                      ""expression_ID"": ""path_nodes"",
                                                                                      ""expression"": {
                                                                        ""left"": {
                                                                          ""attribute_name"": ""id"", ""of"": ""e_node""
                                                                        },
                                                                        ""operator"": ""="",
                                                                        ""right"": {
                                                                          ""expression_ID"": ""path_nodes"",
                                                                          ""expression"": {
                                                                            ""left"": {
                                                                              ""attribute_name"": ""id"", ""of"": ""e_node""
                                                                            },
                                                                            ""operator"": ""="",
                                                                            ""right"": {
                                                                              ""expression_ID"": ""path_nodes"",
                                                                              ""expression"": {
                                                                                ""left"": {
                                                                                  ""attribute_name"": ""id"", ""of"": ""e_node""
                                                                                },
                                                                                ""operator"": ""="",
                                                                                ""right"": {
                                                                                  ""expression_ID"": ""path_nodes"",
                                                                                  ""expression"": {
                                                                                    ""left"": {
                                                                                      ""attribute_name"": ""id"", ""of"": ""e_node""
                                                                                    },
                                                                                    ""operator"": ""="",
                                                                                    ""right"": {
                                                                                      ""expression_ID"": ""path_nodes"",
                                                                                      ""expression"": {
                                                                        ""left"": {
                                                                          ""attribute_name"": ""id"", ""of"": ""e_node""
                                                                        },
                                                                        ""operator"": ""="",
                                                                        ""right"": {
                                                                          ""expression_ID"": ""path_nodes"",
                                                                          ""expression"": {
                                                                            ""left"": {
                                                                              ""attribute_name"": ""id"", ""of"": ""e_node""
                                                                            },
                                                                            ""operator"": ""="",
                                                                            ""right"": {
                                                                              ""expression_ID"": ""path_nodes"",
                                                                              ""expression"": {
                                                                                ""left"": {
                                                                                  ""attribute_name"": ""id"", ""of"": ""e_node""
                                                                                },
                                                                                ""operator"": ""="",
                                                                                ""right"": {
                                                                                  ""expression_ID"": ""path_nodes"",
                                                                                  ""expression"": {
                                                                                    ""left"": {
                                                                                      ""attribute_name"": ""id"", ""of"": ""e_node""
                                                                                    },
                                                                                    ""operator"": ""="",
                                                                                    ""right"": {
                                                                                      ""expression_ID"": ""path_nodes"",
                                                                                      ""expression"": {
                                                                        ""left"": {
                                                                          ""attribute_name"": ""id"", ""of"": ""e_node""
                                                                        },
                                                                        ""operator"": ""="",
                                                                        ""right"": {
                                                                          ""expression_ID"": ""path_nodes"",
                                                                          ""expression"": {
                                                                            ""left"": {
                                                                              ""attribute_name"": ""id"", ""of"": ""e_node""
                                                                            },
                                                                            ""operator"": ""="",
                                                                            ""right"": {
                                                                              ""expression_ID"": ""path_nodes"",
                                                                              ""expression"": {
                                                                                ""left"": {
                                                                                  ""attribute_name"": ""id"", ""of"": ""e_node""
                                                                                },
                                                                                ""operator"": ""="",
                                                                                ""right"": {
                                                                                  ""expression_ID"": ""path_nodes"",
                                                                                  ""expression"": {
                                                                                    ""left"": {
                                                                                      ""attribute_name"": ""id"", ""of"": ""e_node""
                                                                                    },
                                                                                    ""operator"": ""="",
                                                                                    ""right"": {
                                                                                      ""expression_ID"": ""path_nodes"",
                                                                                      ""expression"": {
                                                                        ""left"": {
                                                                          ""attribute_name"": ""id"", ""of"": ""e_node""
                                                                        },
                                                                        ""operator"": ""="",
                                                                        ""right"": {
                                                                          ""expression_ID"": ""path_nodes"",
                                                                          ""expression"": {
                                                                            ""left"": {
                                                                              ""attribute_name"": ""id"", ""of"": ""e_node""
                                                                            },
                                                                            ""operator"": ""="",
                                                                            ""right"": {
                                                                              ""expression_ID"": ""path_nodes"",
                                                                              ""expression"": {
                                                                                ""left"": {
                                                                                  ""attribute_name"": ""id"", ""of"": ""e_node""
                                                                                },
                                                                                ""operator"": ""="",
                                                                                ""right"": {
                                                                                  ""expression_ID"": ""path_nodes"",
                                                                                  ""expression"": {
                                                                                    ""left"": {
                                                                                      ""attribute_name"": ""id"", ""of"": ""e_node""
                                                                                    },
                                                                                    ""operator"": ""="",
                                                                                    ""right"": {
                                                                                      ""expression_ID"": ""path_nodes"",
                                                                                      ""expression"": {
                                                                        ""left"": {
                                                                          ""attribute_name"": ""id"", ""of"": ""e_node""
                                                                        },
                                                                        ""operator"": ""="",
                                                                        ""right"": {
                                                                          ""expression_ID"": ""path_nodes"",
                                                                          ""expression"": {
                                                                            ""left"": {
                                                                              ""attribute_name"": ""id"", ""of"": ""e_node""
                                                                            },
                                                                            ""operator"": ""="",
                                                                            ""right"": {
                                                                              ""expression_ID"": ""path_nodes"",
                                                                              ""expression"": {
                                                                                ""left"": {
                                                                                  ""attribute_name"": ""id"", ""of"": ""e_node""
                                                                                },
                                                                                ""operator"": ""="",
                                                                                ""right"": {
                                                                                  ""expression_ID"": ""path_nodes"",
                                                                                  ""expression"": {
                                                                                    ""left"": {
                                                                                      ""attribute_name"": ""id"", ""of"": ""e_node""
                                                                                    },
                                                                                    ""operator"": ""="",
                                                                                    ""right"": {
                                                                                      ""expression_ID"": ""path_nodes"",
                                                                                      ""expression"": {
                                                                        ""left"": {
                                                                          ""attribute_name"": ""id"", ""of"": ""e_node""
                                                                        },
                                                                        ""operator"": ""="",
                                                                        ""right"": {
                                                                          ""expression_ID"": ""path_nodes"",
                                                                          ""expression"": {
                                                                            ""left"": {
                                                                              ""attribute_name"": ""id"", ""of"": ""e_node""
                                                                            },
                                                                            ""operator"": ""="",
                                                                            ""right"": {
                                                                              ""expression_ID"": ""path_nodes"",
                                                                              ""expression"": {
                                                                                ""left"": {
                                                                                  ""attribute_name"": ""id"", ""of"": ""e_node""
                                                                                },
                                                                                ""operator"": ""="",
                                                                                ""right"": {
                                                                                  ""expression_ID"": ""path_nodes"",
                                                                                  ""expression"": {
                                                                                    ""left"": {
                                                                                      ""attribute_name"": ""id"", ""of"": ""e_node""
                                                                                    },
                                                                                    ""operator"": ""="",
                                                                                    ""right"": {
                                                                                      ""expression_ID"": ""path_nodes"",
                                                                                      ""expression"": {
                                                                        ""left"": {
                                                                          ""attribute_name"": ""id"", ""of"": ""e_node""
                                                                        },
                                                                        ""operator"": ""="",
                                                                        ""right"": {
                                                                          ""expression_ID"": ""path_nodes"",
                                                                          ""expression"": {
                                                                            ""left"": {
                                                                              ""attribute_name"": ""id"", ""of"": ""e_node""
                                                                            },
                                                                            ""operator"": ""="",
                                                                            ""right"": {
                                                                              ""expression_ID"": ""path_nodes"",
                                                                              ""expression"": {
                                                                                ""left"": {
                                                                                  ""attribute_name"": ""id"", ""of"": ""e_node""
                                                                                },
                                                                                ""operator"": ""="",
                                                                                ""right"": {
                                                                                  ""expression_ID"": ""path_nodes"",
                                                                                  ""expression"": {
                                                                                    ""left"": {
                                                                                      ""attribute_name"": ""id"", ""of"": ""e_node""
                                                                                    },
                                                                                    ""operator"": ""="",
                                                                                    ""right"": {
                                                                                      ""expression_ID"": ""path_nodes"",
                                                                                      ""expression"": {
                                                                        ""left"": {
                                                                          ""attribute_name"": ""id"", ""of"": ""e_node""
                                                                        },
                                                                        ""operator"": ""="",
                                                                        ""right"": {
                                                                          ""expression_ID"": ""path_nodes"",
                                                                          ""expression"": {
                                                                            ""left"": {
                                                                              ""attribute_name"": ""id"", ""of"": ""e_node""
                                                                            },
                                                                            ""operator"": ""="",
                                                                            ""right"": {
                                                                              ""expression_ID"": ""path_nodes"",
                                                                              ""expression"": {
                                                                                ""left"": {
                                                                                  ""attribute_name"": ""id"", ""of"": ""e_node""
                                                                                },
                                                                                ""operator"": ""="",
                                                                                ""right"": {
                                                                                  ""expression_ID"": ""path_nodes"",
                                                                                  ""expression"": {
                                                                                    ""left"": {
                                                                                      ""attribute_name"": ""id"", ""of"": ""e_node""
                                                                                    },
                                                                                    ""operator"": ""="",
                                                                                    ""right"": {
                                                                                      ""expression_ID"": ""path_nodes"",
                                                                                      ""expression"": {
                                                                        ""left"": {
                                                                          ""attribute_name"": ""id"", ""of"": ""e_node""
                                                                        },
                                                                        ""operator"": ""="",
                                                                        ""right"": {
                                                                          ""expression_ID"": ""path_nodes"",
                                                                          ""expression"": {
                                                                            ""left"": {
                                                                              ""attribute_name"": ""id"", ""of"": ""e_node""
                                                                            },
                                                                            ""operator"": ""="",
                                                                            ""right"": {
                                                                              ""expression_ID"": ""path_nodes"",
                                                                              ""expression"": {
                                                                                ""left"": {
                                                                                  ""attribute_name"": ""id"", ""of"": ""e_node""
                                                                                },
                                                                                ""operator"": ""="",
                                                                                ""right"": {
                                                                                  ""expression_ID"": ""path_nodes"",
                                                                                  ""expression"": {
                                                                                    ""left"": {
                                                                                      ""attribute_name"": ""id"", ""of"": ""e_node""
                                                                                    },
                                                                                    ""operator"": ""="",
                                                                                    ""right"": {
                                                                                      ""expression_ID"": ""path_nodes"",
                                                                                      ""expression"": {
                                                                        ""left"": {
                                                                          ""attribute_name"": ""id"", ""of"": ""e_node""
                                                                        },
                                                                        ""operator"": ""="",
                                                                        ""right"": {
                                                                          ""expression_ID"": ""path_nodes"",
                                                                          ""expression"": {
                                                                            ""left"": {
                                                                              ""attribute_name"": ""id"", ""of"": ""e_node""
                                                                            },
                                                                            ""operator"": ""="",
                                                                            ""right"": {
                                                                              ""expression_ID"": ""path_nodes"",
                                                                              ""expression"": {
                                                                                ""left"": {
                                                                                  ""attribute_name"": ""id"", ""of"": ""e_node""
                                                                                },
                                                                                ""operator"": ""="",
                                                                                ""right"": {
                                                                                  ""expression_ID"": ""path_nodes"",
                                                                                  ""expression"": {
                                                                                    ""left"": {
                                                                                      ""attribute_name"": ""id"", ""of"": ""e_node""
                                                                                    },
                                                                                    ""operator"": ""="",
                                                                                    ""right"": {
                                                                                      ""expression_ID"": ""path_nodes"",
                                                                                      ""expression"": {
                                                                        ""left"": {
                                                                          ""attribute_name"": ""id"", ""of"": ""e_node""
                                                                        },
                                                                        ""operator"": ""="",
                                                                        ""right"": {
                                                                          ""expression_ID"": ""path_nodes"",
                                                                          ""expression"": {
                                                                            ""left"": {
                                                                              ""attribute_name"": ""id"", ""of"": ""e_node""
                                                                            },
                                                                            ""operator"": ""="",
                                                                            ""right"": {
                                                                              ""expression_ID"": ""path_nodes"",
                                                                              ""expression"": {
                                                                                ""left"": {
                                                                                  ""attribute_name"": ""id"", ""of"": ""e_node""
                                                                                },
                                                                                ""operator"": ""="",
                                                                                ""right"": {
                                                                                  ""expression_ID"": ""path_nodes"",
                                                                                  ""expression"": {
                                                                                    ""left"": {
                                                                                      ""attribute_name"": ""id"", ""of"": ""e_node""
                                                                                    },
                                                                                    ""operator"": ""="",
                                                                                    ""right"": {
                                                                                      ""expression_ID"": ""path_nodes"",
                                                                                      ""expression"": {
                                                                        ""left"": {
                                                                          ""attribute_name"": ""id"", ""of"": ""e_node""
                                                                        },
                                                                        ""operator"": ""="",
                                                                        ""right"": {
                                                                          ""expression_ID"": ""path_nodes"",
                                                                          ""expression"": {
                                                                            ""left"": {
                                                                              ""attribute_name"": ""id"", ""of"": ""e_node""
                                                                            },
                                                                            ""operator"": ""="",
                                                                            ""right"": {
                                                                              ""expression_ID"": ""path_nodes"",
                                                                              ""expression"": {
                                                                                ""left"": {
                                                                                  ""attribute_name"": ""id"", ""of"": ""e_node""
                                                                                },
                                                                                ""operator"": ""="",
                                                                                ""right"": {
                                                                                  ""expression_ID"": ""path_nodes"",
                                                                                  ""expression"": {
                                                                                    ""left"": {
                                                                                      ""attribute_name"": ""id"", ""of"": ""e_node""
                                                                                    },
                                                                                    ""operator"": ""="",
                                                                                    ""right"": {
                                                                                      ""expression_ID"": ""path_nodes"",
                                                                                      ""expression"": {
                                                                        ""left"": {
                                                                          ""attribute_name"": ""id"", ""of"": ""e_node""
                                                                        },
                                                                        ""operator"": ""="",
                                                                        ""right"": {
                                                                          ""expression_ID"": ""path_nodes"",
                                                                          ""expression"": {
                                                                            ""left"": {
                                                                              ""attribute_name"": ""id"", ""of"": ""e_node""
                                                                            },
                                                                            ""operator"": ""="",
                                                                            ""right"": {
                                                                              ""expression_ID"": ""path_nodes"",
                                                                              ""expression"": {
                                                                                ""left"": {
                                                                                  ""attribute_name"": ""id"", ""of"": ""e_node""
                                                                                },
                                                                                ""operator"": ""="",
                                                                                ""right"": {
                                                                                  ""expression_ID"": ""path_nodes"",
                                                                                  ""expression"": {
                                                                                    ""left"": {
                                                                                      ""attribute_name"": ""id"", ""of"": ""e_node""
                                                                                    },
                                                                                    ""operator"": ""="",
                                                                                    ""right"": {
                                                                                      ""expression_ID"": ""path_nodes"",
                                                                                      ""expression"": {
                                                                        ""left"": {
                                                                          ""attribute_name"": ""id"", ""of"": ""e_node""
                                                                        },
                                                                        ""operator"": ""="",
                                                                        ""right"": {
                                                                          ""expression_ID"": ""path_nodes"",
                                                                          ""expression"": {
                                                                            ""left"": {
                                                                              ""attribute_name"": ""id"", ""of"": ""e_node""
                                                                            },
                                                                            ""operator"": ""="",
                                                                            ""right"": {
                                                                              ""expression_ID"": ""path_nodes"",
                                                                              ""expression"": {
                                                                                ""left"": {
                                                                                  ""attribute_name"": ""id"", ""of"": ""e_node""
                                                                                },
                                                                                ""operator"": ""="",
                                                                                ""right"": {
                                                                                  ""expression_ID"": ""path_nodes"",
                                                                                  ""expression"": {
                                                                                    ""left"": {
                                                                                      ""attribute_name"": ""id"", ""of"": ""e_node""
                                                                                    },
                                                                                    ""operator"": ""="",
                                                                                    ""right"": {
                                                                                      ""expression_ID"": ""path_nodes"",
                                                                                      ""expression"": {
                                                                        ""left"": {
                                                                          ""attribute_name"": ""id"", ""of"": ""e_node""
                                                                        },
                                                                        ""operator"": ""="",
                                                                        ""right"": {
                                                                          ""expression_ID"": ""path_nodes"",
                                                                          ""expression"": {
                                                                            ""left"": {
                                                                              ""attribute_name"": ""id"", ""of"": ""e_node""
                                                                            },
                                                                            ""operator"": ""="",
                                                                            ""right"": {
                                                                              ""expression_ID"": ""path_nodes"",
                                                                              ""expression"": {
                                                                                ""left"": {
                                                                                  ""attribute_name"": ""id"", ""of"": ""e_node""
                                                                                },
                                                                                ""operator"": ""="",
                                                                                ""right"": {
                                                                                  ""expression_ID"": ""path_nodes"",
                                                                                  ""expression"": {
                                                                                    ""left"": {
                                                                                      ""attribute_name"": ""id"", ""of"": ""e_node""
                                                                                    },
                                                                                    ""operator"": ""="",
                                                                                    ""right"": {
                                                                                      ""expression_ID"": ""path_nodes"",
                                                                                      ""expression"": {
                                                                        ""left"": {
                                                                          ""attribute_name"": ""id"", ""of"": ""e_node""
                                                                        },
                                                                        ""operator"": ""="",
                                                                        ""right"": {
                                                                          ""expression_ID"": ""path_nodes"",
                                                                          ""expression"": {
                                                                            ""left"": {
                                                                              ""attribute_name"": ""id"", ""of"": ""e_node""
                                                                            },
                                                                            ""operator"": ""="",
                                                                            ""right"": {
                                                                              ""expression_ID"": ""path_nodes"",
                                                                              ""expression"": {
                                                                                ""left"": {
                                                                                  ""attribute_name"": ""id"", ""of"": ""e_node""
                                                                                },
                                                                                ""operator"": ""="",
                                                                                ""right"": {
                                                                                  ""expression_ID"": ""path_nodes"",
                                                                                  ""expression"": {
                                                                                    ""left"": {
                                                                                      ""attribute_name"": ""id"", ""of"": ""e_node""
                                                                                    },
                                                                                    ""operator"": ""="",
                                                                                    ""right"": {
                                                                                      ""expression_ID"": ""path_nodes"",
                                                                                      ""expression"": {
                                                                        ""left"": {
                                                                          ""attribute_name"": ""id"", ""of"": ""e_node""
                                                                        },
                                                                        ""operator"": ""="",
                                                                        ""right"": {
                                                                          ""expression_ID"": ""path_nodes"",
                                                                          ""expression"": {
                                                                            ""left"": {
                                                                              ""attribute_name"": ""id"", ""of"": ""e_node""
                                                                            },
                                                                            ""operator"": ""="",
                                                                            ""right"": {
                                                                              ""expression_ID"": ""path_nodes"",
                                                                              ""expression"": {
                                                                                ""left"": {
                                                                                  ""attribute_name"": ""id"", ""of"": ""e_node""
                                                                                },
                                                                                ""operator"": ""="",
                                                                                ""right"": {
                                                                                  ""expression_ID"": ""path_nodes"",
                                                                                  ""expression"": {
                                                                                    ""left"": {
                                                                                      ""attribute_name"": ""id"", ""of"": ""e_node""
                                                                                    },
                                                                                    ""operator"": ""="",
                                                                                    ""right"": {
                                                                                      ""expression_ID"": ""path_nodes"",
                                                                                      ""expression"": {
                                                                        ""left"": {
                                                                          ""attribute_name"": ""id"", ""of"": ""e_node""
                                                                        },
                                                                        ""operator"": ""="",
                                                                        ""right"": {
                                                                          ""expression_ID"": ""path_nodes"",
                                                                          ""expression"": {
                                                                            ""left"": {
                                                                              ""attribute_name"": ""id"", ""of"": ""e_node""
                                                                            },
                                                                            ""operator"": ""="",
                                                                            ""right"": {
                                                                              ""expression_ID"": ""path_nodes"",
                                                                              ""expression"": {
                                                                                ""left"": {
                                                                                  ""attribute_name"": ""id"", ""of"": ""e_node""
                                                                                },
                                                                                ""operator"": ""="",
                                                                                ""right"": {
                                                                                  ""expression_ID"": ""path_nodes"",
                                                                                  ""expression"": {
                                                                                    ""left"": {
                                                                                      ""attribute_name"": ""id"", ""of"": ""e_node""
                                                                                    },
                                                                                    ""operator"": ""="",
                                                                                    ""right"": {
                                                                                      ""expression_ID"": ""path_nodes"",
                                                                                      ""expression"": {
                                                                        ""left"": {
                                                                          ""attribute_name"": ""id"", ""of"": ""e_node""
                                                                        },
                                                                        ""operator"": ""="",
                                                                        ""right"": {
                                                                          ""expression_ID"": ""path_nodes"",
                                                                          ""expression"": {
                                                                            ""left"": {
                                                                              ""attribute_name"": ""id"", ""of"": ""e_node""
                                                                            },
                                                                            ""operator"": ""="",
                                                                            ""right"": {
                                                                              ""expression_ID"": ""path_nodes"",
                                                                              ""expression"": {
                                                                                ""left"": {
                                                                                  ""attribute_name"": ""id"", ""of"": ""e_node""
                                                                                },
                                                                                ""operator"": ""="",
                                                                                ""right"": {
                                                                                  ""expression_ID"": ""path_nodes"",
                                                                                  ""expression"": {
                                                                                    ""left"": {
                                                                                      ""attribute_name"": ""id"", ""of"": ""e_node""
                                                                                    },
                                                                                    ""operator"": ""="",
                                                                                    ""right"": {
                                                                                      ""expression_ID"": ""path_nodes"",
                                                                                      ""expression"": {
                                                                        ""left"": {
                                                                          ""attribute_name"": ""id"", ""of"": ""e_node""
                                                                        },
                                                                        ""operator"": ""="",
                                                                        ""right"": {
                                                                          ""expression_ID"": ""path_nodes"",
                                                                          ""expression"": {
                                                                            ""left"": {
                                                                              ""attribute_name"": ""id"", ""of"": ""e_node""
                                                                            },
                                                                            ""operator"": ""="",
                                                                            ""right"": {
                                                                              ""expression_ID"": ""path_nodes"",
                                                                              ""expression"": {
                                                                                ""left"": {
                                                                                  ""attribute_name"": ""id"", ""of"": ""e_node""
                                                                                },
                                                                                ""operator"": ""="",
                                                                                ""right"": {
                                                                                  ""expression_ID"": ""path_nodes"",
                                                                                  ""expression"": {
                                                                                    ""left"": {
                                                                                      ""attribute_name"": ""id"", ""of"": ""e_node""
                                                                                    },
                                                                                    ""operator"": ""="",
                                                                                    ""right"": {
                                                                                      ""expression_ID"": ""path_nodes"",
                                                                                      ""expression"": {
                                                                        ""left"": {
                                                                          ""attribute_name"": ""id"", ""of"": ""e_node""
                                                                        },
                                                                        ""operator"": ""="",
                                                                        ""right"": {
                                                                          ""expression_ID"": ""path_nodes"",
                                                                          ""expression"": {
                                                                            ""left"": {
                                                                              ""attribute_name"": ""id"", ""of"": ""e_node""
                                                                            },
                                                                            ""operator"": ""="",
                                                                            ""right"": {
                                                                              ""expression_ID"": ""path_nodes"",
                                                                              ""expression"": {
                                                                                ""left"": {
                                                                                  ""attribute_name"": ""id"", ""of"": ""e_node""
                                                                                },
                                                                                ""operator"": ""="",
                                                                                ""right"": {
                                                                                  ""expression_ID"": ""path_nodes"",
                                                                                  ""expression"": {
                                                                                    ""left"": {
                                                                                      ""attribute_name"": ""id"", ""of"": ""e_node""
                                                                                    },
                                                                                    ""operator"": ""="",
                                                                                    ""right"": {
                                                                                      ""expression_ID"": ""path_nodes"",
                                                                                      ""expression"": {
                                                                        ""left"": {
                                                                          ""attribute_name"": ""id"", ""of"": ""e_node""
                                                                        },
                                                                        ""operator"": ""="",
                                                                        ""right"": {
                                                                          ""expression_ID"": ""path_nodes"",
                                                                          ""expression"": {
                                                                            ""left"": {
                                                                              ""attribute_name"": ""id"", ""of"": ""e_node""
                                                                            },
                                                                            ""operator"": ""="",
                                                                            ""right"": {
                                                                              ""expression_ID"": ""path_nodes"",
                                                                              ""expression"": {
                                                                                ""left"": {
                                                                                  ""attribute_name"": ""id"", ""of"": ""e_node""
                                                                                },
                                                                                ""operator"": ""="",
                                                                                ""right"": {
                                                                                  ""expression_ID"": ""path_nodes"",
                                                                                  ""expression"": {
                                                                                    ""left"": {
                                                                                      ""attribute_name"": ""id"", ""of"": ""e_node""
                                                                                    },
                                                                                    ""operator"": ""="",
                                                                                    ""right"": {
                                                                                      ""expression_ID"": ""path_nodes"",
                                                                                      ""expression"": {
                                                                        ""left"": {
                                                                          ""attribute_name"": ""id"", ""of"": ""e_node""
                                                                        },
                                                                        ""operator"": ""="",
                                                                        ""right"": {
                                                                          ""expression_ID"": ""path_nodes"",
                                                                          ""expression"": {
                                                                            ""left"": {
                                                                              ""attribute_name"": ""id"", ""of"": ""e_node""
                                                                            },
                                                                            ""operator"": ""="",
                                                                            ""right"": {
                                                                              ""expression_ID"": ""path_nodes"",
                                                                              ""expression"": {
                                                                                ""left"": {
                                                                                  ""attribute_name"": ""id"", ""of"": ""e_node""
                                                                                },
                                                                                ""operator"": ""="",
                                                                                ""right"": {
                                                                                  ""expression_ID"": ""path_nodes"",
                                                                                  ""expression"": {
                                                                                    ""left"": {
                                                                                      ""attribute_name"": ""id"", ""of"": ""e_node""
                                                                                    },
                                                                                    ""operator"": ""="",
                                                                                    ""right"": {
                                                                                      ""expression_ID"": ""path_nodes"",
                                                                                      ""expression"": {
                                                                        ""left"": {
                                                                          ""attribute_name"": ""id"", ""of"": ""e_node""
                                                                        },
                                                                        ""operator"": ""="",
                                                                        ""right"": {
                                                                          ""expression_ID"": ""path_nodes"",
                                                                          ""expression"": {
                                                                            ""left"": {
                                                                              ""attribute_name"": ""id"", ""of"": ""e_node""
                                                                            },
                                                                            ""operator"": ""="",
                                                                            ""right"": {
                                                                              ""expression_ID"": ""path_nodes"",
                                                                              ""expression"": {
                                                                                ""left"": {
                                                                                  ""attribute_name"": ""id"", ""of"": ""e_node""
                                                                                },
                                                                                ""operator"": ""="",
                                                                                ""right"": {
                                                                                  ""expression_ID"": ""path_nodes"",
                                                                                  ""expression"": {
                                                                                    ""left"": {
                                                                                      ""attribute_name"": ""id"", ""of"": ""e_node""
                                                                                    },
                                                                                    ""operator"": ""="",
                                                                                    ""right"": {
                                                                                      ""expression_ID"": ""path_nodes"",
                                                                                      ""expression"": {
                                                                        ""left"": {
                                                                          ""attribute_name"": ""id"", ""of"": ""e_node""
                                                                        },
                                                                        ""operator"": ""="",
                                                                        ""right"": {
                                                                          ""expression_ID"": ""path_nodes"",
                                                                          ""expression"": {
                                                                            ""left"": {
                                                                              ""attribute_name"": ""id"", ""of"": ""e_node""
                                                                            },
                                                                            ""operator"": ""="",
                                                                            ""right"": {
                                                                              ""expression_ID"": ""path_nodes"",
                                                                              ""expression"": {
                                                                                ""left"": {
                                                                                  ""attribute_name"": ""id"", ""of"": ""e_node""
                                                                                },
                                                                                ""operator"": ""="",
                                                                                ""right"": {
                                                                                  ""expression_ID"": ""path_nodes"",
                                                                                  ""expression"": {
                                                                                    ""left"": {
                                                                                      ""attribute_name"": ""id"", ""of"": ""e_node""
                                                                                    },
                                                                                    ""operator"": ""="",
                                                                                    ""right"": {
                                                                                      ""expression_ID"": ""path_nodes"",
                                                                                      ""expression"": {
                                                                        ""left"": {
                                                                          ""attribute_name"": ""id"", ""of"": ""e_node""
                                                                        },
                                                                        ""operator"": ""="",
                                                                        ""right"": {
                                                                          ""expression_ID"": ""path_nodes"",
                                                                          ""expression"": {
                                                                            ""left"": {
                                                                              ""attribute_name"": ""id"", ""of"": ""e_node""
                                                                            },
                                                                            ""operator"": ""="",
                                                                            ""right"": {
                                                                              ""expression_ID"": ""path_nodes"",
                                                                              ""expression"": {
                                                                                ""left"": {
                                                                                  ""attribute_name"": ""id"", ""of"": ""e_node""
                                                                                },
                                                                                ""operator"": ""="",
                                                                                ""right"": {
                                                                                  ""expression_ID"": ""path_nodes"",
                                                                                  ""expression"": {
                                                                                    ""left"": {
                                                                                      ""attribute_name"": ""id"", ""of"": ""e_node""
                                                                                    },
                                                                                    ""operator"": ""="",
                                                                                    ""right"": {
                                                                                      ""expression_ID"": ""path_nodes"",
                                                                                      ""expression"": {
                                                                        ""left"": {
                                                                          ""attribute_name"": ""id"", ""of"": ""e_node""
                                                                        },
                                                                        ""operator"": ""="",
                                                                        ""right"": {
                                                                          ""expression_ID"": ""path_nodes"",
                                                                          ""expression"": {
                                                                            ""left"": {
                                                                              ""attribute_name"": ""id"", ""of"": ""e_node""
                                                                            },
                                                                            ""operator"": ""="",
                                                                            ""right"": {
                                                                              ""expression_ID"": ""path_nodes"",
                                                                              ""expression"": {
                                                                                ""left"": {
                                                                                  ""attribute_name"": ""id"", ""of"": ""e_node""
                                                                                },
                                                                                ""operator"": ""="",
                                                                                ""right"": {
                                                                                  ""expression_ID"": ""path_nodes"",
                                                                                  ""expression"": {
                                                                                    ""left"": {
                                                                                      ""attribute_name"": ""id"", ""of"": ""e_node""
                                                                                    },
                                                                                    ""operator"": ""="",
                                                                                    ""right"": {
                                                                                      ""expression_ID"": ""path_nodes"",
                                                                                      ""expression"": {
                                                                        ""left"": {
                                                                          ""attribute_name"": ""id"", ""of"": ""e_node""
                                                                        },
                                                                        ""operator"": ""="",
                                                                        ""right"": {
                                                                          ""expression_ID"": ""path_nodes"",
                                                                          ""expression"": {
                                                                            ""left"": {
                                                                              ""attribute_name"": ""id"", ""of"": ""e_node""
                                                                            },
                                                                            ""operator"": ""="",
                                                                            ""right"": {
                                                                              ""expression_ID"": ""path_nodes"",
                                                                              ""expression"": {
                                                                                ""left"": {
                                                                                  ""attribute_name"": ""id"", ""of"": ""e_node""
                                                                                },
                                                                                ""operator"": ""="",
                                                                                ""right"": {
                                                                                  ""expression_ID"": ""path_nodes"",
                                                                                  ""expression"": {
                                                                                    ""left"": {
                                                                                      ""attribute_name"": ""id"", ""of"": ""e_node""
                                                                                    },
                                                                                    ""operator"": ""="",
                                                                                    ""right"": {
                                                                                      ""expression_ID"": ""path_nodes"",
                                                                                      ""expression"": {
                                                                        ""left"": {
                                                                          ""attribute_name"": ""id"", ""of"": ""e_node""
                                                                        },
                                                                        ""operator"": ""="",
                                                                        ""right"": {
                                                                          ""expression_ID"": ""path_nodes"",
                                                                          ""expression"": {
                                                                            ""left"": {
                                                                              ""attribute_name"": ""id"", ""of"": ""e_node""
                                                                            },
                                                                            ""operator"": ""="",
                                                                            ""right"": {
                                                                              ""expression_ID"": ""path_nodes"",
                                                                              ""expression"": {
                                                                                ""left"": {
                                                                                  ""attribute_name"": ""id"", ""of"": ""e_node""
                                                                                },
                                                                                ""operator"": ""="",
                                                                                ""right"": {
                                                                                  ""expression_ID"": ""path_nodes"",
                                                                                  ""expression"": {
                                                                                    ""left"": {
                                                                                      ""attribute_name"": ""id"", ""of"": ""e_node""
                                                                                    },
                                                                                    ""operator"": ""="",
                                                                                    ""right"": {
                                                                                      ""expression_ID"": ""path_nodes"",
                                                                                      ""expression"": {
                                                                        ""left"": {
                                                                          ""attribute_name"": ""id"", ""of"": ""e_node""
                                                                        },
                                                                        ""operator"": ""="",
                                                                        ""right"": {
                                                                          ""expression_ID"": ""path_nodes"",
                                                                          ""expression"": {
                                                                            ""left"": {
                                                                              ""attribute_name"": ""id"", ""of"": ""e_node""
                                                                            },
                                                                            ""operator"": ""="",
                                                                            ""right"": {
                                                                              ""expression_ID"": ""path_nodes"",
                                                                              ""expression"": {
                                                                                ""left"": {
                                                                                  ""attribute_name"": ""id"", ""of"": ""e_node""
                                                                                },
                                                                                ""operator"": ""="",
                                                                                ""right"": {
                                                                                  ""expression_ID"": ""path_nodes"",
                                                                                  ""expression"": {
                                                                                    ""left"": {
                                                                                      ""attribute_name"": ""id"", ""of"": ""e_node""
                                                                                    },
                                                                                    ""operator"": ""="",
                                                                                    ""right"": {
                                                                                      ""expression_ID"": ""path_nodes"",
                                                                                      ""expression"": {
                                                                        ""left"": {
                                                                          ""attribute_name"": ""id"", ""of"": ""e_node""
                                                                        },
                                                                        ""operator"": ""="",
                                                                        ""right"": {
                                                                          ""expression_ID"": ""path_nodes"",
                                                                          ""expression"": {
                                                                            ""left"": {
                                                                              ""attribute_name"": ""id"", ""of"": ""e_node""
                                                                            },
                                                                            ""operator"": ""="",
                                                                            ""right"": {
                                                                              ""expression_ID"": ""path_nodes"",
                                                                              ""expression"": {
                                                                                ""left"": {
                                                                                  ""attribute_name"": ""id"", ""of"": ""e_node""
                                                                                },
                                                                                ""operator"": ""="",
                                                                                ""right"": {
                                                                                  ""expression_ID"": ""path_nodes"",
                                                                                  ""expression"": {
                                                                                    ""left"": {
                                                                                      ""attribute_name"": ""id"", ""of"": ""e_node""
                                                                                    },
                                                                                    ""operator"": ""="",
                                                                                    ""right"": {
                                                                                      ""expression_ID"": ""path_nodes"",
                                                                                      ""expression"": {
                                                                        ""left"": {
                                                                          ""attribute_name"": ""id"", ""of"": ""e_node""
                                                                        },
                                                                        ""operator"": ""="",
                                                                        ""right"": {
                                                                          ""expression_ID"": ""path_nodes"",
                                                                          ""expression"": {
                                                                            ""left"": {
                                                                              ""attribute_name"": ""id"", ""of"": ""e_node""
                                                                            },
                                                                            ""operator"": ""="",
                                                                            ""right"": {
                                                                              ""expression_ID"": ""path_nodes"",
                                                                              ""expression"": {
                                                                                ""left"": {
                                                                                  ""attribute_name"": ""id"", ""of"": ""e_node""
                                                                                },
                                                                                ""operator"": ""="",
                                                                                ""right"": {
                                                                                  ""expression_ID"": ""path_nodes"",
                                                                                  ""expression"": {
                                                                                    ""left"": {
                                                                                      ""attribute_name"": ""id"", ""of"": ""e_node""
                                                                                    },
                                                                                    ""operator"": ""="",
                                                                                    ""right"": {
                                                                                      ""expression_ID"": ""path_nodes"",
                                                                                      ""expression"": {
                                                                        ""left"": {
                                                                          ""attribute_name"": ""id"", ""of"": ""e_node""
                                                                        },
                                                                        ""operator"": ""="",
                                                                        ""right"": {
                                                                          ""expression_ID"": ""path_nodes"",
                                                                          ""expression"": {
                                                                            ""left"": {
                                                                              ""attribute_name"": ""id"", ""of"": ""e_node""
                                                                            },
                                                                            ""operator"": ""="",
                                                                            ""right"": {
                                                                              ""expression_ID"": ""path_nodes"",
                                                                              ""expression"": {
                                                                                ""left"": {
                                                                                  ""attribute_name"": ""id"", ""of"": ""e_node""
                                                                                },
                                                                                ""operator"": ""="",
                                                                                ""right"": {
                                                                                  ""expression_ID"": ""path_nodes"",
                                                                                  ""expression"": {
                                                                                    ""left"": {
                                                                                      ""attribute_name"": ""id"", ""of"": ""e_node""
                                                                                    },
                                                                                    ""operator"": ""="",
                                                                                    ""right"": {
                                                                                      ""expression_ID"": ""path_nodes"",
                                                                                      ""expression"": {
                                                                        ""left"": {
                                                                          ""attribute_name"": ""id"", ""of"": ""e_node""
                                                                        },
                                                                        ""operator"": ""="",
                                                                        ""right"": {
                                                                          ""expression_ID"": ""path_nodes"",
                                                                          ""expression"": {
                                                                            ""left"": {
                                                                              ""attribute_name"": ""id"", ""of"": ""e_node""
                                                                            },
                                                                            ""operator"": ""="",
                                                                            ""right"": {
                                                                              ""expression_ID"": ""path_nodes"",
                                                                              ""expression"": {
                                                                                ""left"": {
                                                                                  ""attribute_name"": ""id"", ""of"": ""e_node""
                                                                                },
                                                                                ""operator"": ""="",
                                                                                ""right"": {
                                                                                  ""expression_ID"": ""path_nodes"",
                                                                                  ""expression"": {
                                                                                    ""left"": {
                                                                                      ""attribute_name"": ""id"", ""of"": ""e_node""
                                                                                    },
                                                                                    ""operator"": ""="",
                                                                                    ""right"": {
                                                                                      ""expression_ID"": ""path_nodes"",
                                                                                      ""expression"": {
                                                                        ""left"": {
                                                                          ""attribute_name"": ""id"", ""of"": ""e_node""
                                                                        },
                                                                        ""operator"": ""="",
                                                                        ""right"": {
                                                                          ""expression_ID"": ""path_nodes"",
                                                                          ""expression"": {
                                                                            ""left"": {
                                                                              ""attribute_name"": ""id"", ""of"": ""e_node""
                                                                            },
                                                                            ""operator"": ""="",
                                                                            ""right"": {
                                                                              ""expression_ID"": ""path_nodes"",
                                                                              ""expression"": {
                                                                                ""left"": {
                                                                                  ""attribute_name"": ""id"", ""of"": ""e_node""
                                                                                },
                                                                                ""operator"": ""="",
                                                                                ""right"": {
                                                                                  ""expression_ID"": ""path_nodes"",
                                                                                  ""expression"": {
                                                                                    ""left"": {
                                                                                      ""attribute_name"": ""id"", ""of"": ""e_node""
                                                                                    },
                                                                                    ""operator"": ""="",
                                                                                    ""right"": {
                                                                                      ""expression_ID"": ""path_nodes"",
                                                                                      ""expression"": {
                                                                        ""left"": {
                                                                          ""attribute_name"": ""id"", ""of"": ""e_node""
                                                                        },
                                                                        ""operator"": ""="",
                                                                        ""right"": {
                                                                          ""expression_ID"": ""path_nodes"",
                                                                          ""expression"": {
                                                                            ""left"": {
                                                                              ""attribute_name"": ""id"", ""of"": ""e_node""
                                                                            },
                                                                            ""operator"": ""="",
                                                                            ""right"": {
                                                                              ""expression_ID"": ""path_nodes"",
                                                                              ""expression"": {
                                                                                ""left"": {
                                                                                  ""attribute_name"": ""id"", ""of"": ""e_node""
                                                                                },
                                                                                ""operator"": ""="",
                                                                                ""right"": {
                                                                                  ""expression_ID"": ""path_nodes"",
                                                                                  ""expression"": {
                                                                                    ""left"": {
                                                                                      ""attribute_name"": ""id"", ""of"": ""e_node""
                                                                                    },
                                                                                    ""operator"": ""="",
                                                                                    ""right"": {
                                                                                      ""expression_ID"": ""path_nodes"",
                                                                                      ""expression"": {
                                                                        ""left"": {
                                                                          ""attribute_name"": ""id"", ""of"": ""e_node""
                                                                        },
                                                                        ""operator"": ""="",
                                                                        ""right"": {
                                                                          ""expression_ID"": ""path_nodes"",
                                                                          ""expression"": {
                                                                            ""left"": {
                                                                              ""attribute_name"": ""id"", ""of"": ""e_node""
                                                                            },
                                                                            ""operator"": ""="",
                                                                            ""right"": {
                                                                              ""expression_ID"": ""path_nodes"",
                                                                              ""expression"": {
                                                                                ""left"": {
                                                                                  ""attribute_name"": ""id"", ""of"": ""e_node""
                                                                                },
                                                                                ""operator"": ""="",
                                                                                ""right"": {
                                                                                  ""expression_ID"": ""path_nodes"",
                                                                                  ""expression"": {
                                                                                    ""left"": {
                                                                                      ""attribute_name"": ""id"", ""of"": ""e_node""
                                                                                    },
                                                                                    ""operator"": ""="",
                                                                                    ""right"": {
                                                                                      ""expression_ID"": ""path_nodes"",
                                                                                      ""expression"": {
                                                                        ""left"": {
                                                                          ""attribute_name"": ""id"", ""of"": ""e_node""
                                                                        },
                                                                        ""operator"": ""="",
                                                                        ""right"": {
                                                                          ""expression_ID"": ""path_nodes"",
                                                                          ""expression"": {
                                                                            ""left"": {
                                                                              ""attribute_name"": ""id"", ""of"": ""e_node""
                                                                            },
                                                                            ""operator"": ""="",
                                                                            ""right"": {
                                                                              ""expression_ID"": ""path_nodes"",
                                                                              ""expression"": {
                                                                                ""left"": {
                                                                                  ""attribute_name"": ""id"", ""of"": ""e_node""
                                                                                },
                                                                                ""operator"": ""="",
                                                                                ""right"": {
                                                                                  ""expression_ID"": ""path_nodes"",
                                                                                  ""expression"": {
                                                                                    ""left"": {
                                                                                      ""attribute_name"": ""id"", ""of"": ""e_node""
                                                                                    },
                                                                                    ""operator"": ""="",
                                                                                    ""right"": {
                                                                                      ""expression_ID"": ""path_nodes"",
                                                                                      ""expression"": {
                                                                        ""left"": {
                                                                          ""attribute_name"": ""id"", ""of"": ""e_node""
                                                                        },
                                                                        ""operator"": ""="",
                                                                        ""right"": {
                                                                          ""expression_ID"": ""path_nodes"",
                                                                          ""expression"": {
                                                                            ""left"": {
                                                                              ""attribute_name"": ""id"", ""of"": ""e_node""
                                                                            },
                                                                            ""operator"": ""="",
                                                                            ""right"": {
                                                                              ""expression_ID"": ""path_nodes"",
                                                                              ""expression"": {
                                                                                ""left"": {
                                                                                  ""attribute_name"": ""id"", ""of"": ""e_node""
                                                                                },
                                                                                ""operator"": ""="",
                                                                                ""right"": {
                                                                                  ""expression_ID"": ""path_nodes"",
                                                                                  ""expression"": {
                                                                                    ""left"": {
                                                                                      ""attribute_name"": ""id"", ""of"": ""e_node""
                                                                                    },
                                                                                    ""operator"": ""="",
                                                                                    ""right"": {
                                                                                      ""expression_ID"": ""path_nodes"",
                                                                                      ""expression"": {
                                                                        ""left"": {
                                                                          ""attribute_name"": ""id"", ""of"": ""e_node""
                                                                        },
                                                                        ""operator"": ""="",
                                                                        ""right"": {
                                                                          ""expression_ID"": ""path_nodes"",
                                                                          ""expression"": {
                                                                            ""left"": {
                                                                              ""attribute_name"": ""id"", ""of"": ""e_node""
                                                                            },
                                                                            ""operator"": ""="",
                                                                            ""right"": {
                                                                              ""expression_ID"": ""path_nodes"",
                                                                              ""expression"": {
                                                                                ""left"": {
                                                                                  ""attribute_name"": ""id"", ""of"": ""e_node""
                                                                                },
                                                                                ""operator"": ""="",
                                                                                ""right"": {
                                                                                  ""expression_ID"": ""path_nodes"",
                                                                                  ""expression"": {
                                                                                    ""left"": {
                                                                                      ""attribute_name"": ""id"", ""of"": ""e_node""
                                                                                    },
                                                                                    ""operator"": ""="",
                                                                                    ""right"": {
                                                                                      ""expression_ID"": ""path_nodes"",
                                                                                      ""expression"": {
                                                                        ""left"": {
                                                                          ""attribute_name"": ""id"", ""of"": ""e_node""
                                                                        },
                                                                        ""operator"": ""="",
                                                                        ""right"": {
                                                                          ""expression_ID"": ""path_nodes"",
                                                                          ""expression"": {
                                                                            ""left"": {
                                                                              ""attribute_name"": ""id"", ""of"": ""e_node""
                                                                            },
                                                                            ""operator"": ""="",
                                                                            ""right"": {
                                                                              ""expression_ID"": ""path_nodes"",
                                                                              ""expression"": {
                                                                                ""left"": {
                                                                                  ""attribute_name"": ""id"", ""of"": ""e_node""
                                                                                },
                                                                                ""operator"": ""="",
                                                                                ""right"": {
                                                                                  ""expression_ID"": ""path_nodes"",
                                                                                  ""expression"": {
                                                                                    ""left"": {
                                                                                      ""attribute_name"": ""id"", ""of"": ""e_node""
                                                                                    },
                                                                                    ""operator"": ""="",
                                                                                    ""right"": {
                                                                                      ""expression_ID"": ""path_nodes"",
                                                                                      ""expression"": {
                                                                        ""left"": {
                                                                          ""attribute_name"": ""id"", ""of"": ""e_node""
                                                                        },
                                                                        ""operator"": ""="",
                                                                        ""right"": {
                                                                          ""expression_ID"": ""path_nodes"",
                                                                          ""expression"": {
                                                                            ""left"": {
                                                                              ""attribute_name"": ""id"", ""of"": ""e_node""
                                                                            },
                                                                            ""operator"": ""="",
                                                                            ""right"": {
                                                                              ""expression_ID"": ""path_nodes"",
                                                                              ""expression"": {
                                                                                ""left"": {
                                                                                  ""attribute_name"": ""id"", ""of"": ""e_node""
                                                                                },
                                                                                ""operator"": ""="",
                                                                                ""right"": {
                                                                                  ""expression_ID"": ""path_nodes"",
                                                                                  ""expression"": {
                                                                                    ""left"": {
                                                                                      ""attribute_name"": ""id"", ""of"": ""e_node""
                                                                                    },
                                                                                    ""operator"": ""="",
                                                                                    ""right"": {
                                                                                      ""expression_ID"": ""path_nodes"",
                                                                                      ""expression"": {
                                                                        ""left"": {
                                                                          ""attribute_name"": ""id"", ""of"": ""e_node""
                                                                        },
                                                                        ""operator"": ""="",
                                                                        ""right"": {
                                                                          ""expression_ID"": ""path_nodes"",
                                                                          ""expression"": {
                                                                            ""left"": {
                                                                              ""attribute_name"": ""id"", ""of"": ""e_node""
                                                                            },
                                                                            ""operator"": ""="",
                                                                            ""right"": {
                                                                              ""expression_ID"": ""path_nodes"",
                                                                              ""expression"": {
                                                                                ""left"": {
                                                                                  ""attribute_name"": ""id"", ""of"": ""e_node""
                                                                                },
                                                                                ""operator"": ""="",
                                                                                ""right"": {
                                                                                  ""expression_ID"": ""path_nodes"",
                                                                                  ""expression"": {
                                                                                    ""left"": {
                                                                                      ""attribute_name"": ""id"", ""of"": ""e_node""
                                                                                    },
                                                                                    ""operator"": ""="",
                                                                                    ""right"": {
                                                                                      ""expression_ID"": ""path_nodes"",
                                                                                      ""expression"": {
                                                                        ""left"": {
                                                                          ""attribute_name"": ""id"", ""of"": ""e_node""
                                                                        },
                                                                        ""operator"": ""="",
                                                                        ""right"": {
                                                                          ""expression_ID"": ""path_nodes"",
                                                                          ""expression"": {
                                                                            ""left"": {
                                                                              ""attribute_name"": ""id"", ""of"": ""e_node""
                                                                            },
                                                                            ""operator"": ""="",
                                                                            ""right"": {
                                                                              ""expression_ID"": ""path_nodes"",
                                                                              ""expression"": {
                                                                                ""left"": {
                                                                                  ""attribute_name"": ""id"", ""of"": ""e_node""
                                                                                },
                                                                                ""operator"": ""="",
                                                                                ""right"": {
                                                                                  ""expression_ID"": ""path_nodes"",
                                                                                  ""expression"": {
                                                                                    ""left"": {
                                                                                      ""attribute_name"": ""id"", ""of"": ""e_node""
                                                                                    },
                                                                                    ""operator"": ""="",
                                                                                    ""right"": {
                                                                                      ""expression_ID"": ""path_nodes"",
                                                                                      ""expression"": {
                                                                        ""left"": {
                                                                          ""attribute_name"": ""id"", ""of"": ""e_node""
                                                                        },
                                                                        ""operator"": ""="",
                                                                        ""right"": {
                                                                          ""expression_ID"": ""path_nodes"",
                                                                          ""expression"": {
                                                                            ""left"": {
                                                                              ""attribute_name"": ""id"", ""of"": ""e_node""
                                                                            },
                                                                            ""operator"": ""="",
                                                                            ""right"": {
                                                                              ""expression_ID"": ""path_nodes"",
                                                                              ""expression"": {
                                                                                ""left"": {
                                                                                  ""attribute_name"": ""id"", ""of"": ""e_node""
                                                                                },
                                                                                ""operator"": ""="",
                                                                                ""right"": {
                                                                                  ""expression_ID"": ""path_nodes"",
                                                                                  ""expression"": {
                                                                                    ""left"": {
                                                                                      ""attribute_name"": ""id"", ""of"": ""e_node""
                                                                                    },
                                                                                    ""operator"": ""="",
                                                                                    ""right"": {
                                                                                      ""expression_ID"": ""path_nodes"",
                                                                                      ""expression"": {
                                                                        ""left"": {
                                                                          ""attribute_name"": ""id"", ""of"": ""e_node""
                                                                        },
                                                                        ""operator"": ""="",
                                                                        ""right"": {
                                                                          ""expression_ID"": ""path_nodes"",
                                                                          ""expression"": {
                                                                            ""left"": {
                                                                              ""attribute_name"": ""id"", ""of"": ""e_node""
                                                                            },
                                                                            ""operator"": ""="",
                                                                            ""right"": {
                                                                              ""expression_ID"": ""path_nodes"",
                                                                              ""expression"": {
                                                                                ""left"": {
                                                                                  ""attribute_name"": ""id"", ""of"": ""e_node""
                                                                                },
                                                                                ""operator"": ""="",
                                                                                ""right"": {
                                                                                  ""expression_ID"": ""path_nodes"",
                                                                                  ""expression"": {
                                                                                    ""left"": {
                                                                                      ""attribute_name"": ""id"", ""of"": ""e_node""
                                                                                    },
                                                                                    ""operator"": ""="",
                                                                                    ""right"": {
                                                                                      ""expression_ID"": ""path_nodes"",
                                                                                      ""expression"": {
                                                                        ""left"": {
                                                                          ""attribute_name"": ""id"", ""of"": ""e_node""
                                                                        },
                                                                        ""operator"": ""="",
                                                                        ""right"": {
                                                                          ""expression_ID"": ""path_nodes"",
                                                                          ""expression"": {
                                                                            ""left"": {
                                                                              ""attribute_name"": ""id"", ""of"": ""e_node""
                                                                            },
                                                                            ""operator"": ""="",
                                                                            ""right"": {
                                                                              ""expression_ID"": ""path_nodes"",
                                                                              ""expression"": {
                                                                                ""left"": {
                                                                                  ""attribute_name"": ""id"", ""of"": ""e_node""
                                                                                },
                                                                                ""operator"": ""="",
                                                                                ""right"": {
                                                                                  ""expression_ID"": ""path_nodes"",
                                                                                  ""expression"": {
                                                                                    ""left"": {
                                                                                      ""attribute_name"": ""id"", ""of"": ""e_node""
                                                                                    },
                                                                                    ""operator"": ""="",
                                                                                    ""right"": {
                                                                                      ""expression_ID"": ""path_nodes"",
                                                                                      ""expression"": {
                                                                        ""left"": {
                                                                          ""attribute_name"": ""id"", ""of"": ""e_node""
                                                                        },
                                                                        ""operator"": ""="",
                                                                        ""right"": {
                                                                          ""expression_ID"": ""path_nodes"",
                                                                          ""expression"": {
                                                                            ""left"": {
                                                                              ""attribute_name"": ""id"", ""of"": ""e_node""
                                                                            },
                                                                            ""operator"": ""="",
                                                                            ""right"": {
                                                                              ""expression_ID"": ""path_nodes"",
                                                                              ""expression"": {
                                                                                ""left"": {
                                                                                  ""attribute_name"": ""id"", ""of"": ""e_node""
                                                                                },
                                                                                ""operator"": ""="",
                                                                                ""right"": {
                                                                                  ""expression_ID"": ""path_nodes"",
                                                                                  ""expression"": {
                                                                                    ""left"": {
                                                                                      ""attribute_name"": ""id"", ""of"": ""e_node""
                                                                                    },
                                                                                    ""operator"": ""="",
                                                                                    ""right"": {
                                                                                      ""expression_ID"": ""path_nodes"",
                                                                                      ""expression"": {
                                                                        ""left"": {
                                                                          ""attribute_name"": ""id"", ""of"": ""e_node""
                                                                        },
                                                                        ""operator"": ""="",
                                                                        ""right"": {
                                                                          ""expression_ID"": ""path_nodes"",
                                                                          ""expression"": {
                                                                            ""left"": {
                                                                              ""attribute_name"": ""id"", ""of"": ""e_node""
                                                                            },
                                                                            ""operator"": ""="",
                                                                            ""right"": {
                                                                              ""expression_ID"": ""path_nodes"",
                                                                              ""expression"": {
                                                                                ""left"": {
                                                                                  ""attribute_name"": ""id"", ""of"": ""e_node""
                                                                                },
                                                                                ""operator"": ""="",
                                                                                ""right"": {
                                                                                  ""expression_ID"": ""path_nodes"",
                                                                                  ""expression"": {
                                                                                    ""left"": {
                                                                                      ""attribute_name"": ""id"", ""of"": ""e_node""
                                                                                    },
                                                                                    ""operator"": ""="",
                                                                                    ""right"": {
                                                                                      ""expression_ID"": ""path_nodes"",
                                                                                      ""expression"": {
                                                                        ""left"": {
                                                                          ""attribute_name"": ""id"", ""of"": ""e_node""
                                                                        },
                                                                        ""operator"": ""="",
                                                                        ""right"": {
                                                                          ""expression_ID"": ""path_nodes"",
                                                                          ""expression"": {
                                                                            ""left"": {
                                                                              ""attribute_name"": ""id"", ""of"": ""e_node""
                                                                            },
                                                                            ""operator"": ""="",
                                                                            ""right"": {
                                                                              ""expression_ID"": ""path_nodes"",
                                                                              ""expression"": {
                                                                                ""left"": {
                                                                                  ""attribute_name"": ""id"", ""of"": ""e_node""
                                                                                },
                                                                                ""operator"": ""="",
                                                                                ""right"": {
                                                                                  ""expression_ID"": ""path_nodes"",
                                                                                  ""expression"": {
                                                                                    ""left"": {
                                                                                      ""attribute_name"": ""id"", ""of"": ""e_node""
                                                                                    },
                                                                                    ""operator"": ""="",
                                                                                    ""right"": {
                                                                                      ""expression_ID"": ""path_nodes"",
                                                                                      ""expression"": {
                                                                        ""left"": {
                                                                          ""attribute_name"": ""id"", ""of"": ""e_node""
                                                                        },
                                                                        ""operator"": ""="",
                                                                        ""right"": {
                                                                          ""expression_ID"": ""path_nodes"",
                                                                          ""expression"": {
                                                                            ""left"": {
                                                                              ""attribute_name"": ""id"", ""of"": ""e_node""
                                                                            },
                                                                            ""operator"": ""="",
                                                                            ""right"": {
                                                                              ""expression_ID"": ""path_nodes"",
                                                                              ""expression"": {
                                                                                ""left"": {
                                                                                  ""attribute_name"": ""id"", ""of"": ""e_node""
                                                                                },
                                                                                ""operator"": ""="",
                                                                                ""right"": {
                                                                                  ""expression_ID"": ""path_nodes"",
                                                                                  ""expression"": {
                                                                                    ""left"": {
                                                                                      ""attribute_name"": ""id"", ""of"": ""e_node""
                                                                                    },
                                                                                    ""operator"": ""="",
                                                                                    ""right"": {
                                                                                      ""expression_ID"": ""path_nodes"",
                                                                                      ""expression"": {
                                                                        ""left"": {
                                                                          ""attribute_name"": ""id"", ""of"": ""e_node""
                                                                        },
                                                                        ""operator"": ""="",
                                                                        ""right"": {
                                                                          ""expression_ID"": ""path_nodes"",
                                                                          ""expression"": {
                                                                            ""left"": {
                                                                              ""attribute_name"": ""id"", ""of"": ""e_node""
                                                                            },
                                                                            ""operator"": ""="",
                                                                            ""right"": {
                                                                              ""expression_ID"": ""path_nodes"",
                                                                              ""expression"": {
                                                                                ""left"": {
                                                                                  ""attribute_name"": ""id"", ""of"": ""e_node""
                                                                                },
                                                                                ""operator"": ""="",
                                                                                ""right"": {
                                                                                  ""expression_ID"": ""path_nodes"",
                                                                                  ""expression"": {
                                                                                    ""left"": {
                                                                                      ""attribute_name"": ""id"", ""of"": ""e_node""
                                                                                    },
                                                                                    ""operator"": ""="",
                                                                                    ""right"": {
                                                                                      ""expression_ID"": ""path_nodes"",
                                                                                      ""expression"": {
                                                                        ""left"": {
                                                                          ""attribute_name"": ""id"", ""of"": ""e_node""
                                                                        },
                                                                        ""operator"": ""="",
                                                                        ""right"": {
                                                                          ""expression_ID"": ""path_nodes"",
                                                                          ""expression"": {
                                                                            ""left"": {
                                                                              ""attribute_name"": ""id"", ""of"": ""e_node""
                                                                            },
                                                                            ""operator"": ""="",
                                                                            ""right"": {
                                                                              ""expression_ID"": ""path_nodes"",
                                                                              ""expression"": {
                                                                                ""left"": {
                                                                                  ""attribute_name"": ""id"", ""of"": ""e_node""
                                                                                },
                                                                                ""operator"": ""="",
                                                                                ""right"": {
                                                                                  ""expression_ID"": ""path_nodes"",
                                                                                  ""expression"": {
                                                                                    ""left"": {
                                                                                      ""attribute_name"": ""id"", ""of"": ""e_node""
                                                                                    },
                                                                                    ""operator"": ""="",
                                                                                    ""right"": {
                                                                                      ""expression_ID"": ""path_nodes"",
                                                                                      ""expression"": {
                                                                        ""left"": {
                                                                          ""attribute_name"": ""id"", ""of"": ""e_node""
                                                                        },
                                                                        ""operator"": ""="",
                                                                        ""right"": {
                                                                          ""expression_ID"": ""path_nodes"",
                                                                          ""expression"": {
                                                                            ""left"": {
                                                                              ""attribute_name"": ""id"", ""of"": ""e_node""
                                                                            },
                                                                            ""operator"": ""="",
                                                                            ""right"": {
                                                                              ""expression_ID"": ""path_nodes"",
                                                                              ""expression"": {
                                                                                ""left"": {
                                                                                  ""attribute_name"": ""id"", ""of"": ""e_node""
                                                                                },
                                                                                ""operator"": ""="",
                                                                                ""right"": {
                                                                                  ""expression_ID"": ""path_nodes"",
                                                                                  ""expression"": {
                                                                                    ""left"": {
                                                                                      ""attribute_name"": ""id"", ""of"": ""e_node""
                                                                                    },
                                                                                    ""operator"": ""="",
                                                                                    ""right"": {
                                                                                      ""expression_ID"": ""path_nodes"",
                                                                                      ""expression"": {
                                                                        ""left"": {
                                                                          ""attribute_name"": ""id"", ""of"": ""e_node""
                                                                        },
                                                                        ""operator"": ""="",
                                                                        ""right"": {
                                                                          ""expression_ID"": ""path_nodes"",
                                                                          ""expression"": {
                                                                            ""left"": {
                                                                              ""attribute_name"": ""id"", ""of"": ""e_node""
                                                                            },
                                                                            ""operator"": ""="",
                                                                            ""right"": {
                                                                              ""expression_ID"": ""path_nodes"",
                                                                              ""expression"": {
                                                                                ""left"": {
                                                                                  ""attribute_name"": ""id"", ""of"": ""e_node""
                                                                                },
                                                                                ""operator"": ""="",
                                                                                ""right"": {
                                                                                  ""expression_ID"": ""path_nodes"",
                                                                                  ""expression"": {
                                                                                    ""left"": {
                                                                                      ""attribute_name"": ""id"", ""of"": ""e_node""
                                                                                    },
                                                                                    ""operator"": ""="",
                                                                                    ""right"": {
                                                                                      ""expression_ID"": ""path_nodes"",
                                                                                      ""expression"": {
                                                                        ""left"": {
                                                                          ""attribute_name"": ""id"", ""of"": ""e_node""
                                                                        },
                                                                        ""operator"": ""="",
                                                                        ""right"": {
                                                                          ""expression_ID"": ""path_nodes"",
                                                                          ""expression"": {
                                                                            ""left"": {
                                                                              ""attribute_name"": ""id"", ""of"": ""e_node""
                                                                            },
                                                                            ""operator"": ""="",
                                                                            ""right"": {
                                                                              ""expression_ID"": ""path_nodes"",
                                                                              ""expression"": {
                                                                                ""left"": {
                                                                                  ""attribute_name"": ""id"", ""of"": ""e_node""
                                                                                },
                                                                                ""operator"": ""="",
                                                                                ""right"": {
                                                                                  ""expression_ID"": ""path_nodes"",
                                                                                  ""expression"": {
                                                                                    ""left"": {
                                                                                      ""attribute_name"": ""id"", ""of"": ""e_node""
                                                                                    },
                                                                                    ""operator"": ""="",
                                                                                    ""right"": {
                                                                                      ""expression_ID"": ""path_nodes"",
                                                                                      ""expression"": {
                                                                        ""left"": {
                                                                          ""attribute_name"": ""id"", ""of"": ""e_node""
                                                                        },
                                                                        ""operator"": ""="",
                                                                        ""right"": {
                                                                          ""expression_ID"": ""path_nodes"",
                                                                          ""expression"": {
                                                                            ""left"": {
                                                                              ""attribute_name"": ""id"", ""of"": ""e_node""
                                                                            },
                                                                            ""operator"": ""="",
                                                                            ""right"": {
                                                                              ""expression_ID"": ""path_nodes"",
                                                                              ""expression"": {
                                                                                ""left"": {
                                                                                  ""attribute_name"": ""id"", ""of"": ""e_node""
                                                                                },
                                                                                ""operator"": ""="",
                                                                                ""right"": {
                                                                                  ""expression_ID"": ""path_nodes"",
                                                                                  ""expression"": {
                                                                                    ""left"": {
                                                                                      ""attribute_name"": ""id"", ""of"": ""e_node""
                                                                                    },
                                                                                    ""operator"": ""="",
                                                                                    ""right"": {
                                                                                      ""expression_ID"": ""path_nodes"",
                                                                                      ""expression"": {
                                                                        ""left"": {
                                                                          ""attribute_name"": ""id"", ""of"": ""e_node""
                                                                        },
                                                                        ""operator"": ""="",
                                                                        ""right"": {
                                                                          ""expression_ID"": ""path_nodes"",
                                                                          ""expression"": {
                                                                            ""left"": {
                                                                              ""attribute_name"": ""id"", ""of"": ""e_node""
                                                                            },
                                                                            ""operator"": ""="",
                                                                            ""right"": {
                                                                              ""expression_ID"": ""path_nodes"",
                                                                              ""expression"": {
                                                                                ""left"": {
                                                                                  ""attribute_name"": ""id"", ""of"": ""e_node""
                                                                                },
                                                                                ""operator"": ""="",
                                                                                ""right"": {
                                                                                  ""expression_ID"": ""path_nodes"",
                                                                                  ""expression"": {
                                                                                    ""left"": {
                                                                                      ""attribute_name"": ""id"", ""of"": ""e_node""
                                                                                    },
                                                                                    ""operator"": ""="",
                                                                                    ""right"": {
                                                                                      ""expression_ID"": ""path_nodes"",
                                                                                      ""expression"": {
                                                                        ""left"": {
                                                                          ""attribute_name"": ""id"", ""of"": ""e_node""
                                                                        },
                                                                        ""operator"": ""="",
                                                                        ""right"": {
                                                                          ""expression_ID"": ""path_nodes"",
                                                                          ""expression"": {
                                                                            ""left"": {
                                                                              ""attribute_name"": ""id"", ""of"": ""e_node""
                                                                            },
                                                                            ""operator"": ""="",
                                                                            ""right"": {
                                                                              ""expression_ID"": ""path_nodes"",
                                                                              ""expression"": {
                                                                                ""left"": {
                                                                                  ""attribute_name"": ""id"", ""of"": ""e_node""
                                                                                },
                                                                                ""operator"": ""="",
                                                                                ""right"": {
                                                                                  ""expression_ID"": ""path_nodes"",
                                                                                  ""expression"": {
                                                                                    ""left"": {
                                                                                      ""attribute_name"": ""id"", ""of"": ""e_node""
                                                                                    },
                                                                                    ""operator"": ""="",
                                                                                    ""right"": {
                                                                                      ""expression_ID"": ""path_nodes"",
                                                                                      ""expression"": {
                                                                        ""left"": {
                                                                          ""attribute_name"": ""id"", ""of"": ""e_node""
                                                                        },
                                                                        ""operator"": ""="",
                                                                        ""right"": {
                                                                          ""expression_ID"": ""path_nodes"",
                                                                          ""expression"": {
                                                                            ""left"": {
                                                                              ""attribute_name"": ""id"", ""of"": ""e_node""
                                                                            },
                                                                            ""operator"": ""="",
                                                                            ""right"": {
                                                                              ""expression_ID"": ""path_nodes"",
                                                                              ""expression"": {
                                                                                ""left"": {
                                                                                  ""attribute_name"": ""id"", ""of"": ""e_node""
                                                                                },
                                                                                ""operator"": ""="",
                                                                                ""right"": {
                                                                                  ""expression_ID"": ""path_nodes"",
                                                                                  ""expression"": {
                                                                                    ""left"": {
                                                                                      ""attribute_name"": ""id"", ""of"": ""e_node""
                                                                                    },
                                                                                    ""operator"": ""="",
                                                                                    ""right"": {
                                                                                      ""expression_ID"": ""path_nodes"",
                                                                                      ""expression"": {
                                                                        ""left"": {
                                                                          ""attribute_name"": ""id"", ""of"": ""e_node""
                                                                        },
                                                                        ""operator"": ""="",
                                                                        ""right"": {
                                                                          ""expression_ID"": ""path_nodes"",
                                                                          ""expression"": {
                                                                            ""left"": {
                                                                              ""attribute_name"": ""id"", ""of"": ""e_node""
                                                                            },
                                                                            ""operator"": ""="",
                                                                            ""right"": {
                                                                              ""expression_ID"": ""path_nodes"",
                                                                              ""expression"": {
                                                                                ""left"": {
                                                                                  ""attribute_name"": ""id"", ""of"": ""e_node""
                                                                                },
                                                                                ""operator"": ""="",
                                                                                ""right"": {
                                                                                  ""expression_ID"": ""path_nodes"",
                                                                                  ""expression"": {
                                                                                    ""left"": {
                                                                                      ""attribute_name"": ""id"", ""of"": ""e_node""
                                                                                    },
                                                                                    ""operator"": ""="",
                                                                                    ""right"": {
                                                                                      ""expression_ID"": ""path_nodes"",
                                                                                      ""expression"": {
                                                                        ""left"": {
                                                                          ""attribute_name"": ""id"", ""of"": ""e_node""
                                                                        },
                                                                        ""operator"": ""="",
                                                                        ""right"": {
                                                                          ""expression_ID"": ""path_nodes"",
                                                                          ""expression"": {
                                                                            ""left"": {
                                                                              ""attribute_name"": ""id"", ""of"": ""e_node""
                                                                            },
                                                                            ""operator"": ""="",
                                                                            ""right"": {
                                                                              ""expression_ID"": ""path_nodes"",
                                                                              ""expression"": {
                                                                                ""left"": {
                                                                                  ""attribute_name"": ""id"", ""of"": ""e_node""
                                                                                },
                                                                                ""operator"": ""="",
                                                                                ""right"": {
                                                                                  ""expression_ID"": ""path_nodes"",
                                                                                  ""expression"": {
                                                                                    ""left"": {
                                                                                      ""attribute_name"": ""id"", ""of"": ""e_node""
                                                                                    },
                                                                                    ""operator"": ""="",
                                                                                    ""right"": {
                                                                                      ""expression_ID"": ""path_nodes"",
                                                                                      ""expression"": {
                                                                        ""left"": {
                                                                          ""attribute_name"": ""id"", ""of"": ""e_node""
                                                                        },
                                                                        ""operator"": ""="",
                                                                        ""right"": {
                                                                          ""expression_ID"": ""path_nodes"",
                                                                          ""expression"": {
                                                                            ""left"": {
                                                                              ""attribute_name"": ""id"", ""of"": ""e_node""
                                                                            },
                                                                            ""operator"": ""="",
                                                                            ""right"": {
                                                                              ""expression_ID"": ""path_nodes"",
                                                                              ""expression"": {
                                                                                ""left"": {
                                                                                  ""attribute_name"": ""id"", ""of"": ""e_node""
                                                                                },
                                                                                ""operator"": ""="",
                                                                                ""right"": {
                                                                                  ""expression_ID"": ""path_nodes"",
                                                                                  ""expression"": {
                                                                                    ""left"": {
                                                                                      ""attribute_name"": ""id"", ""of"": ""e_node""
                                                                                    },
                                                                                    ""operator"": ""="",
                                                                                    ""right"": {
                                                                                      ""expression_ID"": ""path_nodes"",
                                                                                      ""expression"": {
                                                                        ""left"": {
                                                                          ""attribute_name"": ""id"", ""of"": ""e_node""
                                                                        },
                                                                        ""operator"": ""="",
                                                                        ""right"": {
                                                                          ""expression_ID"": ""path_nodes"",
                                                                          ""expression"": {
                                                                            ""left"": {
                                                                              ""attribute_name"": ""id"", ""of"": ""e_node""
                                                                            },
                                                                            ""operator"": ""="",
                                                                            ""right"": {
                                                                              ""expression_ID"": ""path_nodes"",
                                                                              ""expression"": {
                                                                                ""left"": {
                                                                                  ""attribute_name"": ""id"", ""of"": ""e_node""
                                                                                },
                                                                                ""operator"": ""="",
                                                                                ""right"": {
                                                                                  ""expression_ID"": ""path_nodes"",
                                                                                  ""expression"": {
                                                                                    ""left"": {
                                                                                      ""attribute_name"": ""id"", ""of"": ""e_node""
                                                                                    },
                                                                                    ""operator"": ""="",
                                                                                    ""right"": {
                                                                                      ""expression_ID"": ""path_nodes"",
                                                                                      ""expression"": {
                                                                        ""left"": {
                                                                          ""attribute_name"": ""id"", ""of"": ""e_node""
                                                                        },
                                                                        ""operator"": ""="",
                                                                        ""right"": {
                                                                          ""expression_ID"": ""path_nodes"",
                                                                          ""expression"": {
                                                                            ""left"": {
                                                                              ""attribute_name"": ""id"", ""of"": ""e_node""
                                                                            },
                                                                            ""operator"": ""="",
                                                                            ""right"": {
                                                                              ""expression_ID"": ""path_nodes"",
                                                                              ""expression"": {
                                                                                ""left"": {
                                                                                  ""attribute_name"": ""id"", ""of"": ""e_node""
                                                                                },
                                                                                ""operator"": ""="",
                                                                                ""right"": {
                                                                                  ""expression_ID"": ""path_nodes"",
                                                                                  ""expression"": {
                                                                                    ""left"": {
                                                                                      ""attribute_name"": ""id"", ""of"": ""e_node""
                                                                                    },
                                                                                    ""operator"": ""="",
                                                                                    ""right"": {
                                                                                      ""expression_ID"": ""path_nodes"",
                                                                                      ""expression"": {
                                                                        ""left"": {
                                                                          ""attribute_name"": ""id"", ""of"": ""e_node""
                                                                        },
                                                                        ""operator"": ""="",
                                                                        ""right"": {
                                                                          ""expression_ID"": ""path_nodes"",
                                                                          ""expression"": {
                                                                            ""left"": {
                                                                              ""attribute_name"": ""id"", ""of"": ""e_node""
                                                                            },
                                                                            ""operator"": ""="",
                                                                            ""right"": {
                                                                              ""expression_ID"": ""path_nodes"",
                                                                              ""expression"": {
                                                                                ""left"": {
                                                                                  ""attribute_name"": ""id"", ""of"": ""e_node""
                                                                                },
                                                                                ""operator"": ""="",
                                                                                ""right"": {
                                                                                  ""expression_ID"": ""path_nodes"",
                                                                                  ""expression"": {
                                                                                    ""left"": {
                                                                                      ""attribute_name"": ""id"", ""of"": ""e_node""
                                                                                    },
                                                                                    ""operator"": ""="",
                                                                                    ""right"": {
                                                                                      ""expression_ID"": ""path_nodes"",
                                                                                      ""expression"": {
                                                                        ""left"": {
                                                                          ""attribute_name"": ""id"", ""of"": ""e_node""
                                                                        },
                                                                        ""operator"": ""="",
                                                                        ""right"": {
                                                                          ""expression_ID"": ""path_nodes"",
                                                                          ""expression"": {
                                                                            ""left"": {
                                                                              ""attribute_name"": ""id"", ""of"": ""e_node""
                                                                            },
                                                                            ""operator"": ""="",
                                                                            ""right"": {
                                                                              ""expression_ID"": ""path_nodes"",
                                                                              ""expression"": {
                                                                                ""left"": {
                                                                                  ""attribute_name"": ""id"", ""of"": ""e_node""
                                                                                },
                                                                                ""operator"": ""="",
                                                                                ""right"": {
                                                                                  ""expression_ID"": ""path_nodes"",
                                                                                  ""expression"": {
                                                                                    ""left"": {
                                                                                      ""attribute_name"": ""id"", ""of"": ""e_node""
                                                                                    },
                                                                                    ""operator"": ""="",
                                                                                    ""right"": {
                                                                                      ""expression_ID"": ""path_nodes"",
                                                                                      ""expression"": {
                                                                        ""left"": {
                                                                          ""attribute_name"": ""id"", ""of"": ""e_node""
                                                                        },
                                                                        ""operator"": ""="",
                                                                        ""right"": {
                                                                          ""expression_ID"": ""path_nodes"",
                                                                          ""expression"": {
                                                                            ""left"": {
                                                                              ""attribute_name"": ""id"", ""of"": ""e_node""
                                                                            },
                                                                            ""operator"": ""="",
                                                                            ""right"": {
                                                                              ""expression_ID"": ""path_nodes"",
                                                                              ""expression"": {
                                                                                ""left"": {
                                                                                  ""attribute_name"": ""id"", ""of"": ""e_node""
                                                                                },
                                                                                ""operator"": ""="",
                                                                                ""right"": {
                                                                                  ""expression_ID"": ""path_nodes"",
                                                                                  ""expression"": {
                                                                                    ""left"": {
                                                                                      ""attribute_name"": ""id"", ""of"": ""e_node""
                                                                                    },
                                                                                    ""operator"": ""="",
                                                                                    ""right"": {
                                                                                      ""expression_ID"": ""path_nodes"",
                                                                                      ""expression"": {
                                                                        ""left"": {
                                                                          ""attribute_name"": ""id"", ""of"": ""e_node""
                                                                        },
                                                                        ""operator"": ""="",
                                                                        ""right"": {
                                                                          ""expression_ID"": ""path_nodes"",
                                                                          ""expression"": {
                                                                            ""left"": {
                                                                              ""attribute_name"": ""id"", ""of"": ""e_node""
                                                                            },
                                                                            ""operator"": ""="",
                                                                            ""right"": {
                                                                              ""expression_ID"": ""path_nodes"",
                                                                              ""expression"": {
                                                                                ""left"": {
                                                                                  ""attribute_name"": ""id"", ""of"": ""e_node""
                                                                                },
                                                                                ""operator"": ""="",
                                                                                ""right"": {
                                                                                  ""expression_ID"": ""path_nodes"",
                                                                                  ""expression"": {
                                                                                    ""left"": {
                                                                                      ""attribute_name"": ""id"", ""of"": ""e_node""
                                                                                    },
                                                                                    ""operator"": ""="",
                                                                                    ""right"": {
                                                                                      ""expression_ID"": ""path_nodes"",
                                                                                      ""expression"": {
                                                                        ""left"": {
                                                                          ""attribute_name"": ""id"", ""of"": ""e_node""
                                                                        },
                                                                        ""operator"": ""="",
                                                                        ""right"": {
                                                                          ""expression_ID"": ""path_nodes"",
                                                                          ""expression"": {
                                                                            ""left"": {
                                                                              ""attribute_name"": ""id"", ""of"": ""e_node""
                                                                            },
                                                                            ""operator"": ""="",
                                                                            ""right"": {
                                                                              ""expression_ID"": ""path_nodes"",
                                                                              ""expression"": {
                                                                                ""left"": {
                                                                                  ""attribute_name"": ""id"", ""of"": ""e_node""
                                                                                },
                                                                                ""operator"": ""="",
                                                                                ""right"": {
                                                                                  ""expression_ID"": ""path_nodes"",
                                                                                  ""expression"": {
                                                                                    ""left"": {
                                                                                      ""attribute_name"": ""id"", ""of"": ""e_node""
                                                                                    },
                                                                                    ""operator"": ""="",
                                                                                    ""right"": {
                                                                                      ""expression_ID"": ""path_nodes"",
                                                                                      ""expression"": {
                                                                        ""left"": {
                                                                          ""attribute_name"": ""id"", ""of"": ""e_node""
                                                                        },
                                                                        ""operator"": ""="",
                                                                        ""right"": {
                                                                          ""expression_ID"": ""path_nodes"",
                                                                          ""expression"": {
                                                                            ""left"": {
                                                                              ""attribute_name"": ""id"", ""of"": ""e_node""
                                                                            },
                                                                            ""operator"": ""="",
                                                                            ""right"": {
                                                                              ""expression_ID"": ""path_nodes"",
                                                                              ""expression"": {
                                                                                ""left"": {
                                                                                  ""attribute_name"": ""id"", ""of"": ""e_node""
                                                                                },
                                                                                ""operator"": ""="",
                                                                                ""right"": {
                                                                                  ""expression_ID"": ""path_nodes"",
                                                                                  ""expression"": {
                                                                                    ""left"": {
                                                                                      ""attribute_name"": ""id"", ""of"": ""e_node""
                                                                                    },
                                                                                    ""operator"": ""="",
                                                                                    ""right"": {
                                                                                      ""expression_ID"": ""path_nodes"",
                                                                                      ""expression"": {
                                                                        ""left"": {
                                                                          ""attribute_name"": ""id"", ""of"": ""e_node""
                                                                        },
                                                                        ""operator"": ""="",
                                                                        ""right"": {
                                                                          ""expression_ID"": ""path_nodes"",
                                                                          ""expression"": {
                                                                            ""left"": {
                                                                              ""attribute_name"": ""id"", ""of"": ""e_node""
                                                                            },
                                                                            ""operator"": ""="",
                                                                            ""right"": {
                                                                              ""expression_ID"": ""path_nodes"",
                                                                              ""expression"": {
                                                                                ""left"": {
                                                                                  ""attribute_name"": ""id"", ""of"": ""e_node""
                                                                                },
                                                                                ""operator"": ""="",
                                                                                ""right"": {
                                                                                  ""expression_ID"": ""path_nodes"",
                                                                                  ""expression"": {
                                                                                    ""left"": {
                                                                                      ""attribute_name"": ""id"", ""of"": ""e_node""
                                                                                    },
                                                                                    ""operator"": ""="",
                                                                                    ""right"": {
                                                                                      ""expression_ID"": ""path_nodes"",
                                                                                      ""expression"": {
                                                                        ""left"": {
                                                                          ""attribute_name"": ""id"", ""of"": ""e_node""
                                                                        },
                                                                        ""operator"": ""="",
                                                                        ""right"": {
                                                                          ""expression_ID"": ""path_nodes"",
                                                                          ""expression"": {
                                                                            ""left"": {
                                                                              ""attribute_name"": ""id"", ""of"": ""e_node""
                                                                            },
                                                                            ""operator"": ""="",
                                                                            ""right"": {
                                                                              ""expression_ID"": ""path_nodes"",
                                                                              ""expression"": {
                                                                                ""left"": {
                                                                                  ""attribute_name"": ""id"", ""of"": ""e_node""
                                                                                },
                                                                                ""operator"": ""="",
                                                                                ""right"": {
                                                                                  ""expression_ID"": ""path_nodes"",
                                                                                  ""expression"": {
                                                                                    ""left"": {
                                                                                      ""attribute_name"": ""id"", ""of"": ""e_node""
                                                                                    },
                                                                                    ""operator"": ""="",
                                                                                    ""right"": {
                                                                                      ""expression_ID"": ""path_nodes"",
                                                                                      ""expression"": {
                                                                        ""left"": {
                                                                          ""attribute_name"": ""id"", ""of"": ""e_node""
                                                                        },
                                                                        ""operator"": ""="",
                                                                        ""right"": {
                                                                          ""expression_ID"": ""path_nodes"",
                                                                          ""expression"": {
                                                                            ""left"": {
                                                                              ""attribute_name"": ""id"", ""of"": ""e_node""
                                                                            },
                                                                            ""operator"": ""="",
                                                                            ""right"": {
                                                                              ""expression_ID"": ""path_nodes"",
                                                                              ""expression"": {
                                                                                ""left"": {
                                                                                  ""attribute_name"": ""id"", ""of"": ""e_node""
                                                                                },
                                                                                ""operator"": ""="",
                                                                                ""right"": {
                                                                                  ""expression_ID"": ""path_nodes"",
                                                                                  ""expression"": {
                                                                                    ""left"": {
                                                                                      ""attribute_name"": ""id"", ""of"": ""e_node""
                                                                                    },
                                                                                    ""operator"": ""="",
                                                                                    ""right"": {
                                                                                      ""expression_ID"": ""path_nodes"",
                                                                                      ""expression"": {
                                                                        ""left"": {
                                                                          ""attribute_name"": ""id"", ""of"": ""e_node""
                                                                        },
                                                                        ""operator"": ""="",
                                                                        ""right"": {
                                                                          ""expression_ID"": ""path_nodes"",
                                                                          ""expression"": {
                                                                            ""left"": {
                                                                              ""attribute_name"": ""id"", ""of"": ""e_node""
                                                                            },
                                                                            ""operator"": ""="",
                                                                            ""right"": {
                                                                              ""expression_ID"": ""path_nodes"",
                                                                              ""expression"": {
                                                                                ""left"": {
                                                                                  ""attribute_name"": ""id"", ""of"": ""e_node""
                                                                                },
                                                                                ""operator"": ""="",
                                                                                ""right"": {
                                                                                  ""expression_ID"": ""path_nodes"",
                                                                                  ""expression"": {
                                                                                    ""left"": {
                                                                                      ""attribute_name"": ""id"", ""of"": ""e_node""
                                                                                    },
                                                                                    ""operator"": ""="",
                                                                                    ""right"": {
                                                                                      ""expression_ID"": ""path_nodes"",
                                                                                      ""expression"": {
                                                                        ""left"": {
                                                                          ""attribute_name"": ""id"", ""of"": ""e_node""
                                                                        },
                                                                        ""operator"": ""="",
                                                                        ""right"": {
                                                                          ""expression_ID"": ""path_nodes"",
                                                                          ""expression"": {
                                                                            ""left"": {
                                                                              ""attribute_name"": ""id"", ""of"": ""e_node""
                                                                            },
                                                                            ""operator"": ""="",
                                                                            ""right"": {
                                                                              ""expression_ID"": ""path_nodes"",
                                                                              ""expression"": {
                                                                                ""left"": {
                                                                                  ""attribute_name"": ""id"", ""of"": ""e_node""
                                                                                },
                                                                                ""operator"": ""="",
                                                                                ""right"": {
                                                                                  ""expression_ID"": ""path_nodes"",
                                                                                  ""expression"": {
                                                                                    ""left"": {
                                                                                      ""attribute_name"": ""id"", ""of"": ""e_node""
                                                                                    },
                                                                                    ""operator"": ""="",
                                                                                    ""right"": {
                                                                                      ""expression_ID"": ""path_nodes"",
                                                                                      ""expression"": {
                                                                        ""left"": {
                                                                          ""attribute_name"": ""id"", ""of"": ""e_node""
                                                                        },
                                                                        ""operator"": ""="",
                                                                        ""right"": {
                                                                          ""expression_ID"": ""path_nodes"",
                                                                          ""expression"": {
                                                                            ""left"": {
                                                                              ""attribute_name"": ""id"", ""of"": ""e_node""
                                                                            },
                                                                            ""operator"": ""="",
                                                                            ""right"": {
                                                                              ""expression_ID"": ""path_nodes"",
                                                                              ""expression"": {
                                                                                ""left"": {
                                                                                  ""attribute_name"": ""id"", ""of"": ""e_node""
                                                                                },
                                                                                ""operator"": ""="",
                                                                                ""right"": {
                                                                                  ""expression_ID"": ""path_nodes"",
                                                                                  ""expression"": {
                                                                                    ""left"": {
                                                                                      ""attribute_name"": ""id"", ""of"": ""e_node""
                                                                                    },
                                                                                    ""operator"": ""="",
                                                                                    ""right"": {
                                                                                      ""expression_ID"": ""path_nodes"",
                                                                                      ""expression"": {
                                                                        ""left"": {
                                                                          ""attribute_name"": ""id"", ""of"": ""e_node""
                                                                        },
                                                                        ""operator"": ""="",
                                                                        ""right"": {
                                                                          ""expression_ID"": ""path_nodes"",
                                                                          ""expression"": {
                                                                            ""left"": {
                                                                              ""attribute_name"": ""id"", ""of"": ""e_node""
                                                                            },
                                                                            ""operator"": ""="",
                                                                            ""right"": {
                                                                              ""expression_ID"": ""path_nodes"",
                                                                              ""expression"": {
                                                                                ""left"": {
                                                                                  ""attribute_name"": ""id"", ""of"": ""e_node""
                                                                                },
                                                                                ""operator"": ""="",
                                                                                ""right"": {
                                                                                  ""expression_ID"": ""path_nodes"",
                                                                                  ""expression"": {
                                                                                    ""left"": {
                                                                                      ""attribute_name"": ""id"", ""of"": ""e_node""
                                                                                    },
                                                                                    ""operator"": ""="",
                                                                                    ""right"": {
                                                                                      ""expression_ID"": ""path_nodes"",
                                                                                      ""expression"": {
                                                                        ""left"": {
                                                                          ""attribute_name"": ""id"", ""of"": ""e_node""
                                                                        },
                                                                        ""operator"": ""="",
                                                                        ""right"": {
                                                                          ""expression_ID"": ""path_nodes"",
                                                                          ""expression"": {
                                                                            ""left"": {
                                                                              ""attribute_name"": ""id"", ""of"": ""e_node""
                                                                            },
                                                                            ""operator"": ""="",
                                                                            ""right"": {
                                                                              ""expression_ID"": ""path_nodes"",
                                                                              ""expression"": {
                                                                                ""left"": {
                                                                                  ""attribute_name"": ""id"", ""of"": ""e_node""
                                                                                },
                                                                                ""operator"": ""="",
                                                                                ""right"": {
                                                                                  ""expression_ID"": ""path_nodes"",
                                                                                  ""expression"": {
                                                                                    ""left"": {
                                                                                      ""attribute_name"": ""id"", ""of"": ""e_node""
                                                                                    },
                                                                                    ""operator"": ""="",
                                                                                    ""right"": {
                                                                                      ""expression_ID"": ""path_nodes"",
                                                                                      ""expression"": {
                                                                        ""left"": {
                                                                          ""attribute_name"": ""id"", ""of"": ""e_node""
                                                                        },
                                                                        ""operator"": ""="",
                                                                        ""right"": {
                                                                          ""expression_ID"": ""path_nodes"",
                                                                          ""expression"": {
                                                                            ""left"": {
                                                                              ""attribute_name"": ""id"", ""of"": ""e_node""
                                                                            },
                                                                            ""operator"": ""="",
                                                                            ""right"": {
                                                                              ""expression_ID"": ""path_nodes"",
                                                                              ""expression"": {
                                                                                ""left"": {
                                                                                  ""attribute_name"": ""id"", ""of"": ""e_node""
                                                                                },
                                                                                ""operator"": ""="",
                                                                                ""right"": {
                                                                                  ""expression_ID"": ""path_nodes"",
                                                                                  ""expression"": {
                                                                                    ""left"": {
                                                                                      ""attribute_name"": ""id"", ""of"": ""e_node""
                                                                                    },
                                                                                    ""operator"": ""="",
                                                                                    ""right"": {
                                                                                      ""expression_ID"": ""path_nodes"",
                                                                                      ""expression"": {
                                                                        ""left"": {
                                                                          ""attribute_name"": ""id"", ""of"": ""e_node""
                                                                        },
                                                                        ""operator"": ""="",
                                                                        ""right"": {
                                                                          ""expression_ID"": ""path_nodes"",
                                                                          ""expression"": {
                                                                            ""left"": {
                                                                              ""attribute_name"": ""id"", ""of"": ""e_node""
                                                                            },
                                                                            ""operator"": ""="",
                                                                            ""right"": {
                                                                              ""expression_ID"": ""path_nodes"",
                                                                              ""expression"": {
                                                                                ""left"": {
                                                                                  ""attribute_name"": ""id"", ""of"": ""e_node""
                                                                                },
                                                                                ""operator"": ""="",
                                                                                ""right"": {
                                                                                  ""expression_ID"": ""path_nodes"",
                                                                                  ""expression"": {
                                                                                    ""left"": {
                                                                                      ""attribute_name"": ""id"", ""of"": ""e_node""
                                                                                    },
                                                                                    ""operator"": ""="",
                                                                                    ""right"": {
                                                                                      ""expression_ID"": ""path_nodes"",
                                                                                      ""expression"": {
                                                                        ""left"": {
                                                                          ""attribute_name"": ""id"", ""of"": ""e_node""
                                                                        },
                                                                        ""operator"": ""="",
                                                                        ""right"": {
                                                                          ""expression_ID"": ""path_nodes"",
                                                                          ""expression"": {
                                                                            ""left"": {
                                                                              ""attribute_name"": ""id"", ""of"": ""e_node""
                                                                            },
                                                                            ""operator"": ""="",
                                                                            ""right"": {
                                                                              ""expression_ID"": ""path_nodes"",
                                                                              ""expression"": {
                                                                                ""left"": {
                                                                                  ""attribute_name"": ""id"", ""of"": ""e_node""
                                                                                },
                                                                                ""operator"": ""="",
                                                                                ""right"": {
                                                                                  ""expression_ID"": ""path_nodes"",
                                                                                  ""expression"": {
                                                                                    ""left"": {
                                                                                      ""attribute_name"": ""id"", ""of"": ""e_node""
                                                                                    },
                                                                                    ""operator"": ""="",
                                                                                    ""right"": {
                                                                                      ""expression_ID"": ""path_nodes"",
                                                                                      ""expression"": {
                                                                        ""left"": {
                                                                          ""attribute_name"": ""id"", ""of"": ""e_node""
                                                                        },
                                                                        ""operator"": ""="",
                                                                        ""right"": {
                                                                          ""expression_ID"": ""path_nodes"",
                                                                          ""expression"": {
                                                                            ""left"": {
                                                                              ""attribute_name"": ""id"", ""of"": ""e_node""
                                                                            },
                                                                            ""operator"": ""="",
                                                                            ""right"": {
                                                                              ""expression_ID"": ""path_nodes"",
                                                                              ""expression"": {
                                                                                ""left"": {
                                                                                  ""attribute_name"": ""id"", ""of"": ""e_node""
                                                                                },
                                                                                ""operator"": ""="",
                                                                                ""right"": {
                                                                                  ""expression_ID"": ""path_nodes"",
                                                                                  ""expression"": {
                                                                                    ""left"": {
                                                                                      ""attribute_name"": ""id"", ""of"": ""e_node""
                                                                                    },
                                                                                    ""operator"": ""="",
                                                                                    ""right"": {
                                                                                      ""expression_ID"": ""path_nodes"",
                                                                                      ""expression"": {
                                                                        ""left"": {
                                                                          ""attribute_name"": ""id"", ""of"": ""e_node""
                                                                        },
                                                                        ""operator"": ""="",
                                                                        ""right"": {
                                                                          ""expression_ID"": ""path_nodes"",
                                                                          ""expression"": {
                                                                            ""left"": {
                                                                              ""attribute_name"": ""id"", ""of"": ""e_node""
                                                                            },
                                                                            ""operator"": ""="",
                                                                            ""right"": {
                                                                              ""expression_ID"": ""path_nodes"",
                                                                              ""expression"": {
                                                                                ""left"": {
                                                                                  ""attribute_name"": ""id"", ""of"": ""e_node""
                                                                                },
                                                                                ""operator"": ""="",
                                                                                ""right"": {
                                                                                  ""expression_ID"": ""path_nodes"",
                                                                                  ""expression"": {
                                                                                    ""left"": {
                                                                                      ""attribute_name"": ""id"", ""of"": ""e_node""
                                                                                    },
                                                                                    ""operator"": ""="",
                                                                                    ""right"": {
                                                                                      ""expression_ID"": ""path_nodes"",
                                                                                      ""expression"": {
                                                                        ""left"": {
                                                                          ""attribute_name"": ""id"", ""of"": ""e_node""
                                                                        },
                                                                        ""operator"": ""="",
                                                                        ""right"": {
                                                                          ""expression_ID"": ""path_nodes"",
                                                                          ""expression"": {
                                                                            ""left"": {
                                                                              ""attribute_name"": ""id"", ""of"": ""e_node""
                                                                            },
                                                                            ""operator"": ""="",
                                                                            ""right"": {
                                                                              ""expression_ID"": ""path_nodes"",
                                                                              ""expression"": {
                                                                                ""left"": {
                                                                                  ""attribute_name"": ""id"", ""of"": ""e_node""
                                                                                },
                                                                                ""operator"": ""="",
                                                                                ""right"": {
                                                                                  ""expression_ID"": ""path_nodes"",
                                                                                  ""expression"": {
                                                                                    ""left"": {
                                                                                      ""attribute_name"": ""id"", ""of"": ""e_node""
                                                                                    },
                                                                                    ""operator"": ""="",
                                                                                    ""right"": {
                                                                                      ""expression_ID"": ""path_nodes"",
                                                                                      ""expression"": {
                                                                        ""left"": {
                                                                          ""attribute_name"": ""id"", ""of"": ""e_node""
                                                                        },
                                                                        ""operator"": ""="",
                                                                        ""right"": {
                                                                          ""expression_ID"": ""path_nodes"",
                                                                          ""expression"": {
                                                                            ""left"": {
                                                                              ""attribute_name"": ""id"", ""of"": ""e_node""
                                                                            },
                                                                            ""operator"": ""="",
                                                                            ""right"": {
                                                                              ""expression_ID"": ""path_nodes"",
                                                                              ""expression"": {
                                                                                ""left"": {
                                                                                  ""attribute_name"": ""id"", ""of"": ""e_node""
                                                                                },
                                                                                ""operator"": ""="",
                                                                                ""right"": {
                                                                                  ""expression_ID"": ""path_nodes"",
                                                                                  ""expression"": {
                                                                                    ""left"": {
                                                                                      ""attribute_name"": ""id"", ""of"": ""e_node""
                                                                                    },
                                                                                    ""operator"": ""="",
                                                                                    ""right"": {
                                                                                      ""expression_ID"": ""path_nodes"",
                                                                                      ""expression"": {
                                                                        ""left"": {
                                                                          ""attribute_name"": ""id"", ""of"": ""e_node""
                                                                        },
                                                                        ""operator"": ""="",
                                                                        ""right"": {
                                                                          ""expression_ID"": ""path_nodes"",
                                                                          ""expression"": {
                                                                            ""left"": {
                                                                              ""attribute_name"": ""id"", ""of"": ""e_node""
                                                                            },
                                                                            ""operator"": ""="",
                                                                            ""right"": {
                                                                              ""expression_ID"": ""path_nodes"",
                                                                              ""expression"": {
                                                                                ""left"": {
                                                                                  ""attribute_name"": ""id"", ""of"": ""e_node""
                                                                                },
                                                                                ""operator"": ""="",
                                                                                ""right"": {
                                                                                  ""expression_ID"": ""path_nodes"",
                                                                                  ""expression"": {
                                                                                    ""left"": {
                                                                                      ""attribute_name"": ""id"", ""of"": ""e_node""
                                                                                    },
                                                                                    ""operator"": ""="",
                                                                                    ""right"": {
                                                                                      ""expression_ID"": ""path_nodes"",
                                                                                      ""expression"": {
                                                                        ""left"": {
                                                                          ""attribute_name"": ""id"", ""of"": ""e_node""
                                                                        },
                                                                        ""operator"": ""="",
                                                                        ""right"": {
                                                                          ""expression_ID"": ""path_nodes"",
                                                                          ""expression"": {
                                                                            ""left"": {
                                                                              ""attribute_name"": ""id"", ""of"": ""e_node""
                                                                            },
                                                                            ""operator"": ""="",
                                                                            ""right"": {
                                                                              ""expression_ID"": ""path_nodes"",
                                                                              ""expression"": {
                                                                                ""left"": {
                                                                                  ""attribute_name"": ""id"", ""of"": ""e_node""
                                                                                },
                                                                                ""operator"": ""="",
                                                                                ""right"": {
                                                                                  ""expression_ID"": ""path_nodes"",
                                                                                  ""expression"": {
                                                                                    ""left"": {
                                                                                      ""attribute_name"": ""id"", ""of"": ""e_node""
                                                                                    },
                                                                                    ""operator"": ""="",
                                                                                    ""right"": {
                                                                                      ""expression_ID"": ""path_nodes"",
                                                                                      ""expression"": {
                                                                        ""left"": {
                                                                          ""attribute_name"": ""id"", ""of"": ""e_node""
                                                                        },
                                                                        ""operator"": ""="",
                                                                        ""right"": {
                                                                          ""expression_ID"": ""path_nodes"",
                                                                          ""expression"": {
                                                                            ""left"": {
                                                                              ""attribute_name"": ""id"", ""of"": ""e_node""
                                                                            },
                                                                            ""operator"": ""="",
                                                                            ""right"": {
                                                                              ""expression_ID"": ""path_nodes"",
                                                                              ""expression"": {
                                                                                ""left"": {
                                                                                  ""attribute_name"": ""id"", ""of"": ""e_node""
                                                                                },
                                                                                ""operator"": ""="",
                                                                                ""right"": {
                                                                                  ""expression_ID"": ""path_nodes"",
                                                                                  ""expression"": {
                                                                                    ""left"": {
                                                                                      ""attribute_name"": ""id"", ""of"": ""e_node""
                                                                                    },
                                                                                    ""operator"": ""="",
                                                                                    ""right"": {
                                                                                      ""expression_ID"": ""path_nodes"",
                                                                                      ""expression"": {
                                                                        ""left"": {
                                                                          ""attribute_name"": ""id"", ""of"": ""e_node""
                                                                        },
                                                                        ""operator"": ""="",
                                                                        ""right"": {
                                                                          ""expression_ID"": ""path_nodes"",
                                                                          ""expression"": {
                                                                            ""left"": {
                                                                              ""attribute_name"": ""id"", ""of"": ""e_node""
                                                                            },
                                                                            ""operator"": ""="",
                                                                            ""right"": {
                                                                              ""expression_ID"": ""path_nodes"",
                                                                              ""expression"": {
                                                                                ""left"": {
                                                                                  ""attribute_name"": ""id"", ""of"": ""e_node""
                                                                                },
                                                                                ""operator"": ""="",
                                                                                ""right"": {
                                                                                  ""expression_ID"": ""path_nodes"",
                                                                                  ""expression"": {
                                                                                    ""left"": {
                                                                                      ""attribute_name"": ""id"", ""of"": ""e_node""
                                                                                    },
                                                                                    ""operator"": ""="",
                                                                                    ""right"": {
                                                                                      ""expression_ID"": ""path_nodes"",
                                                                                      ""expression"": {
                                                                        ""left"": {
                                                                          ""attribute_name"": ""id"", ""of"": ""e_node""
                                                                        },
                                                                        ""operator"": ""="",
                                                                        ""right"": {
                                                                          ""expression_ID"": ""path_nodes"",
                                                                          ""expression"": {
                                                                            ""left"": {
                                                                              ""attribute_name"": ""id"", ""of"": ""e_node""
                                                                            },
                                                                            ""operator"": ""="",
                                                                            ""right"": {
                                                                              ""expression_ID"": ""path_nodes"",
                                                                              ""expression"": {
                                                                                ""left"": {
                                                                                  ""attribute_name"": ""id"", ""of"": ""e_node""
                                                                                },
                                                                                ""operator"": ""="",
                                                                                ""right"": {
                                                                                  ""expression_ID"": ""path_nodes"",
                                                                                  ""expression"": {
                                                                                    ""left"": {
                                                                                      ""attribute_name"": ""id"", ""of"": ""e_node""
                                                                                    },
                                                                                    ""operator"": ""="",
                                                                                    ""right"": {
                                                                                      ""expression_ID"": ""path_nodes"",
                                                                                      ""expression"": {
                                                                        ""left"": {
                                                                          ""attribute_name"": ""id"", ""of"": ""e_node""
                                                                        },
                                                                        ""operator"": ""="",
                                                                        ""right"": {
                                                                          ""expression_ID"": ""path_nodes"",
                                                                          ""expression"": {
                                                                            ""left"": {
                                                                              ""attribute_name"": ""id"", ""of"": ""e_node""
                                                                            },
                                                                            ""operator"": ""="",
                                                                            ""right"": {
                                                                              ""expression_ID"": ""path_nodes"",
                                                                              ""expression"": {
                                                                                ""left"": {
                                                                                  ""attribute_name"": ""id"", ""of"": ""e_node""
                                                                                },
                                                                                ""operator"": ""="",
                                                                                ""right"": {
                                                                                  ""expression_ID"": ""path_nodes"",
                                                                                  ""expression"": {
                                                                                    ""left"": {
                                                                                      ""attribute_name"": ""id"", ""of"": ""e_node""
                                                                                    },
                                                                                    ""operator"": ""="",
                                                                                    ""right"": {
                                                                                      ""expression_ID"": ""path_nodes"",
                                                                                      ""expression"": {
                                                                        ""left"": {
                                                                          ""attribute_name"": ""id"", ""of"": ""e_node""
                                                                        },
                                                                        ""operator"": ""="",
                                                                        ""right"": {
                                                                          ""expression_ID"": ""path_nodes"",
                                                                          ""expression"": {
                                                                            ""left"": {
                                                                              ""attribute_name"": ""id"", ""of"": ""e_node""
                                                                            },
                                                                            ""operator"": ""="",
                                                                            ""right"": {
                                                                              ""expression_ID"": ""path_nodes"",
                                                                              ""expression"": {
                                                                                ""left"": {
                                                                                  ""attribute_name"": ""id"", ""of"": ""e_node""
                                                                                },
                                                                                ""operator"": ""="",
                                                                                ""right"": {
                                                                                  ""expression_ID"": ""path_nodes"",
                                                                                  ""expression"": {
                                                                                    ""left"": {
                                                                                      ""attribute_name"": ""id"", ""of"": ""e_node""
                                                                                    },
                                                                                    ""operator"": ""="",
                                                                                    ""right"": {
                                                                                      ""expression_ID"": ""path_nodes"",
                                                                                      ""expression"": {
                                                                        ""left"": {
                                                                          ""attribute_name"": ""id"", ""of"": ""e_node""
                                                                        },
                                                                        ""operator"": ""="",
                                                                        ""right"": {
                                                                          ""expression_ID"": ""path_nodes"",
                                                                          ""expression"": {
                                                                            ""left"": {
                                                                              ""attribute_name"": ""id"", ""of"": ""e_node""
                                                                            },
                                                                            ""operator"": ""="",
                                                                            ""right"": {
                                                                              ""expression_ID"": ""path_nodes"",
                                                                              ""expression"": {
                                                                                ""left"": {
                                                                                  ""attribute_name"": ""id"", ""of"": ""e_node""
                                                                                },
                                                                                ""operator"": ""="",
                                                                                ""right"": {
                                                                                  ""expression_ID"": ""path_nodes"",
                                                                                  ""expression"": {
                                                                                    ""left"": {
                                                                                      ""attribute_name"": ""id"", ""of"": ""e_node""
                                                                                    },
                                                                                    ""operator"": ""="",
                                                                                    ""right"": {
                                                                                      ""expression_ID"": ""path_nodes"",
                                                                                      ""expression"": {
                                                                        ""left"": {
                                                                          ""attribute_name"": ""id"", ""of"": ""e_node""
                                                                        },
                                                                        ""operator"": ""="",
                                                                        ""right"": {
                                                                          ""expression_ID"": ""path_nodes"",
                                                                          ""expression"": {
                                                                            ""left"": {
                                                                              ""attribute_name"": ""id"", ""of"": ""e_node""
                                                                            },
                                                                            ""operator"": ""="",
                                                                            ""right"": {
                                                                              ""expression_ID"": ""path_nodes"",
                                                                              ""expression"": {
                                                                                ""left"": {
                                                                                  ""attribute_name"": ""id"", ""of"": ""e_node""
                                                                                },
                                                                                ""operator"": ""="",
                                                                                ""right"": {
                                                                                  ""expression_ID"": ""path_nodes"",
                                                                                  ""expression"": {
                                                                                    ""left"": {
                                                                                      ""attribute_name"": ""id"", ""of"": ""e_node""
                                                                                    },
                                                                                    ""operator"": ""="",
                                                                                    ""right"": {
                                                                                      ""expression_ID"": ""path_nodes"",
                                                                                      ""expression"": {
                                                                        ""left"": {
                                                                          ""attribute_name"": ""id"", ""of"": ""e_node""
                                                                        },
                                                                        ""operator"": ""="",
                                                                        ""right"": {
                                                                          ""expression_ID"": ""path_nodes"",
                                                                          ""expression"": {
                                                                            ""left"": {
                                                                              ""attribute_name"": ""id"", ""of"": ""e_node""
                                                                            },
                                                                            ""operator"": ""="",
                                                                            ""right"": {
                                                                              ""expression_ID"": ""path_nodes"",
                                                                              ""expression"": {
                                                                                ""left"": {
                                                                                  ""attribute_name"": ""id"", ""of"": ""e_node""
                                                                                },
                                                                                ""operator"": ""="",
                                                                                ""right"": {
                                                                                  ""expression_ID"": ""path_nodes"",
                                                                                  ""expression"": {
                                                                                    ""left"": {
                                                                                      ""attribute_name"": ""id"", ""of"": ""e_node""
                                                                                    },
                                                                                    ""operator"": ""="",
                                                                                    ""right"": {
                                                                                      ""expression_ID"": ""path_nodes"",
                                                                                      ""expression"": {
                                                                        ""left"": {
                                                                          ""attribute_name"": ""id"", ""of"": ""e_node""
                                                                        },
                                                                        ""operator"": ""="",
                                                                        ""right"": {
                                                                          ""expression_ID"": ""path_nodes"",
                                                                          ""expression"": {
                                                                            ""left"": {
                                                                              ""attribute_name"": ""id"", ""of"": ""e_node""
                                                                            },
                                                                            ""operator"": ""="",
                                                                            ""right"": {
                                                                              ""expression_ID"": ""path_nodes"",
                                                                              ""expression"": {
                                                                                ""left"": {
                                                                                  ""attribute_name"": ""id"", ""of"": ""e_node""
                                                                                },
                                                                                ""operator"": ""="",
                                                                                ""right"": {
                                                                                  ""expression_ID"": ""path_nodes"",
                                                                                  ""expression"": {
                                                                                    ""left"": {
                                                                                      ""attribute_name"": ""id"", ""of"": ""e_node""
                                                                                    },
                                                                                    ""operator"": ""="",
                                                                                    ""right"": {
                                                                                      ""expression_ID"": ""path_nodes"",
                                                                                      ""expression"": {
                                                                        ""left"": {
                                                                          ""attribute_name"": ""id"", ""of"": ""e_node""
                                                                        },
                                                                        ""operator"": ""="",
                                                                        ""right"": {
                                                                          ""expression_ID"": ""path_nodes"",
                                                                          ""expression"": {
                                                                            ""left"": {
                                                                              ""attribute_name"": ""id"", ""of"": ""e_node""
                                                                            },
                                                                            ""operator"": ""="",
                                                                            ""right"": {
                                                                              ""expression_ID"": ""path_nodes"",
                                                                              ""expression"": {
                                                                                ""left"": {
                                                                                  ""attribute_name"": ""id"", ""of"": ""e_node""
                                                                                },
                                                                                ""operator"": ""="",
                                                                                ""right"": {
                                                                                  ""expression_ID"": ""path_nodes"",
                                                                                  ""expression"": {
                                                                                    ""left"": {
                                                                                      ""attribute_name"": ""id"", ""of"": ""e_node""
                                                                                    },
                                                                                    ""operator"": ""="",
                                                                                    ""right"": {
                                                                                      ""expression_ID"": ""path_nodes"",
                                                                                      ""expression"": {
                                                                        ""left"": {
                                                                          ""attribute_name"": ""id"", ""of"": ""e_node""
                                                                        },
                                                                        ""operator"": ""="",
                                                                        ""right"": {
                                                                          ""expression_ID"": ""path_nodes"",
                                                                          ""expression"": {
                                                                            ""left"": {
                                                                              ""attribute_name"": ""id"", ""of"": ""e_node""
                                                                            },
                                                                            ""operator"": ""="",
                                                                            ""right"": {
                                                                              ""expression_ID"": ""path_nodes"",
                                                                              ""expression"": {
                                                                                ""left"": {
                                                                                  ""attribute_name"": ""id"", ""of"": ""e_node""
                                                                                },
                                                                                ""operator"": ""="",
                                                                                ""right"": {
                                                                                  ""expression_ID"": ""path_nodes"",
                                                                                  ""expression"": {
                                                                                    ""left"": {
                                                                                      ""attribute_name"": ""id"", ""of"": ""e_node""
                                                                                    },
                                                                                    ""operator"": ""="",
                                                                                    ""right"": {
                                                                                      ""expression_ID"": ""path_nodes"",
                                                                                      ""expression"": {
                                                                        ""left"": {
                                                                          ""attribute_name"": ""id"", ""of"": ""e_node""
                                                                        },
                                                                        ""operator"": ""="",
                                                                        ""right"": {
                                                                          ""expression_ID"": ""path_nodes"",
                                                                          ""expression"": {
                                                                            ""left"": {
                                                                              ""attribute_name"": ""id"", ""of"": ""e_node""
                                                                            },
                                                                            ""operator"": ""="",
                                                                            ""right"": {
                                                                              ""expression_ID"": ""path_nodes"",
                                                                              ""expression"": {
                                                                                ""left"": {
                                                                                  ""attribute_name"": ""id"", ""of"": ""e_node""
                                                                                },
                                                                                ""operator"": ""="",
                                                                                ""right"": {
                                                                                  ""expression_ID"": ""path_nodes"",
                                                                                  ""expression"": {
                                                                                    ""left"": {
                                                                                      ""attribute_name"": ""id"", ""of"": ""e_node""
                                                                                    },
                                                                                    ""operator"": ""="",
                                                                                    ""right"": {
                                                                                      ""expression_ID"": ""path_nodes"",
                                                                                      ""expression"": {
                                                                        ""left"": {
                                                                          ""attribute_name"": ""id"", ""of"": ""e_node""
                                                                        },
                                                                        ""operator"": ""="",
                                                                        ""right"": {
                                                                          ""expression_ID"": ""path_nodes"",
                                                                          ""expression"": {
                                                                            ""left"": {
                                                                              ""attribute_name"": ""id"", ""of"": ""e_node""
                                                                            },
                                                                            ""operator"": ""="",
                                                                            ""right"": {
                                                                              ""expression_ID"": ""path_nodes"",
                                                                              ""expression"": {
                                                                                ""left"": {
                                                                                  ""attribute_name"": ""id"", ""of"": ""e_node""
                                                                                },
                                                                                ""operator"": ""="",
                                                                                ""right"": {
                                                                                  ""expression_ID"": ""path_nodes"",
                                                                                  ""expression"": {
                                                                                    ""left"": {
                                                                                      ""attribute_name"": ""id"", ""of"": ""e_node""
                                                                                    },
                                                                                    ""operator"": ""="",
                                                                                    ""right"": {
                                                                                      ""expression_ID"": ""path_nodes"",
                                                                                      ""expression"": {
                                                                        ""left"": {
                                                                          ""attribute_name"": ""id"", ""of"": ""e_node""
                                                                        },
                                                                        ""operator"": ""="",
                                                                        ""right"": {
                                                                          ""expression_ID"": ""path_nodes"",
                                                                          ""expression"": {
                                                                            ""left"": {
                                                                              ""attribute_name"": ""id"", ""of"": ""e_node""
                                                                            },
                                                                            ""operator"": ""="",
                                                                            ""right"": {
                                                                              ""expression_ID"": ""path_nodes"",
                                                                              ""expression"": {
                                                                                ""left"": {
                                                                                  ""attribute_name"": ""id"", ""of"": ""e_node""
                                                                                },
                                                                                ""operator"": ""="",
                                                                                ""right"": {
                                                                                  ""expression_ID"": ""path_nodes"",
                                                                                  ""expression"": {
                                                                                    ""left"": {
                                                                                      ""attribute_name"": ""id"", ""of"": ""e_node""
                                                                                    },
                                                                                    ""operator"": ""="",
                                                                                    ""right"": {
                                                                                      ""expression_ID"": ""path_nodes"",
                                                                                      ""expression"": {
                                                                        ""left"": {
                                                                          ""attribute_name"": ""id"", ""of"": ""e_node""
                                                                        },
                                                                        ""operator"": ""="",
                                                                        ""right"": {
                                                                          ""expression_ID"": ""path_nodes"",
                                                                          ""expression"": {
                                                                            ""left"": {
                                                                              ""attribute_name"": ""id"", ""of"": ""e_node""
                                                                            },
                                                                            ""operator"": ""="",
                                                                            ""right"": {
                                                                              ""expression_ID"": ""path_nodes"",
                                                                              ""expression"": {
                                                                                ""left"": {
                                                                                  ""attribute_name"": ""id"", ""of"": ""e_node""
                                                                                },
                                                                                ""operator"": ""="",
                                                                                ""right"": {
                                                                                  ""expression_ID"": ""path_nodes"",
                                                                                  ""expression"": {
                                                                                    ""left"": {
                                                                                      ""attribute_name"": ""id"", ""of"": ""e_node""
                                                                                    },
                                                                                    ""operator"": ""="",
                                                                                    ""right"": {
                                                                                      ""expression_ID"": ""path_nodes"",
                                                                                      ""expression"": {
                                                                        ""left"": {
                                                                          ""attribute_name"": ""id"", ""of"": ""e_node""
                                                                        },
                                                                        ""operator"": ""="",
                                                                        ""right"": {
                                                                          ""expression_ID"": ""path_nodes"",
                                                                          ""expression"": {
                                                                            ""left"": {
                                                                              ""attribute_name"": ""id"", ""of"": ""e_node""
                                                                            },
                                                                            ""operator"": ""="",
                                                                            ""right"": {
                                                                              ""expression_ID"": ""path_nodes"",
                                                                              ""expression"": {
                                                                                ""left"": {
                                                                                  ""attribute_name"": ""id"", ""of"": ""e_node""
                                                                                },
                                                                                ""operator"": ""="",
                                                                                ""right"": {
                                                                                  ""expression_ID"": ""path_nodes"",
                                                                                  ""expression"": {
                                                                                    ""left"": {
                                                                                      ""attribute_name"": ""id"", ""of"": ""e_node""
                                                                                    },
                                                                                    ""operator"": ""="",
                                                                                    ""right"": {
                                                                                      ""expression_ID"": ""path_nodes"",
                                                                                      ""expression"": {
                                                                        ""left"": {
                                                                          ""attribute_name"": ""id"", ""of"": ""e_node""
                                                                        },
                                                                        ""operator"": ""="",
                                                                        ""right"": {
                                                                          ""expression_ID"": ""path_nodes"",
                                                                          ""expression"": {
                                                                            ""left"": {
                                                                              ""attribute_name"": ""id"", ""of"": ""e_node""
                                                                            },
                                                                            ""operator"": ""="",
                                                                            ""right"": {
                                                                              ""expression_ID"": ""path_nodes"",
                                                                              ""expression"": {
                                                                                ""left"": {
                                                                                  ""attribute_name"": ""id"", ""of"": ""e_node""
                                                                                },
                                                                                ""operator"": ""="",
                                                                                ""right"": {
                                                                                  ""expression_ID"": ""path_nodes"",
                                                                                  ""expression"": {
                                                                                    ""left"": {
                                                                                      ""attribute_name"": ""id"", ""of"": ""e_node""
                                                                                    },
                                                                                    ""operator"": ""="",
                                                                                    ""right"": {
                                                                                      ""expression_ID"": ""path_nodes"",
                                                                                      ""expression"": {
                                                                        ""left"": {
                                                                          ""attribute_name"": ""id"", ""of"": ""e_node""
                                                                        },
                                                                        ""operator"": ""="",
                                                                        ""right"": {
                                                                          ""expression_ID"": ""path_nodes"",
                                                                          ""expression"": {
                                                                            ""left"": {
                                                                              ""attribute_name"": ""id"", ""of"": ""e_node""
                                                                            },
                                                                            ""operator"": ""="",
                                                                            ""right"": {
                                                                              ""expression_ID"": ""path_nodes"",
                                                                              ""expression"": {
                                                                                ""left"": {
                                                                                  ""attribute_name"": ""id"", ""of"": ""e_node""
                                                                                },
                                                                                ""operator"": ""="",
                                                                                ""right"": {
                                                                                  ""expression_ID"": ""path_nodes"",
                                                                                  ""expression"": {
                                                                                    ""left"": {
                                                                                      ""attribute_name"": ""id"", ""of"": ""e_node""
                                                                                    },
                                                                                    ""operator"": ""="",
                                                                                    ""right"": {
                                                                                      ""expression_ID"": ""path_nodes"",
                                                                                      ""expression"": {
                                                                        ""left"": {
                                                                          ""attribute_name"": ""id"", ""of"": ""e_node""
                                                                        },
                                                                        ""operator"": ""="",
                                                                        ""right"": {
                                                                          ""expression_ID"": ""path_nodes"",
                                                                          ""expression"": {
                                                                            ""left"": {
                                                                              ""attribute_name"": ""id"", ""of"": ""e_node""
                                                                            },
                                                                            ""operator"": ""="",
                                                                            ""right"": {
                                                                              ""expression_ID"": ""path_nodes"",
                                                                              ""expression"": {
                                                                                ""left"": {
                                                                                  ""attribute_name"": ""id"", ""of"": ""e_node""
                                                                                },
                                                                                ""operator"": ""="",
                                                                                ""right"": {
                                                                                  ""expression_ID"": ""path_nodes"",
                                                                                  ""expression"": {
                                                                                    ""left"": {
                                                                                      ""attribute_name"": ""id"", ""of"": ""e_node""
                                                                                    },
                                                                                    ""operator"": ""="",
                                                                                    ""right"": {
                                                                                      ""expression_ID"": ""path_nodes"",
                                                                                      ""expression"": {
                                                                        ""left"": {
                                                                          ""attribute_name"": ""id"", ""of"": ""e_node""
                                                                        },
                                                                        ""operator"": ""="",
                                                                        ""right"": {
                                                                          ""expression_ID"": ""path_nodes"",
                                                                          ""expression"": {
                                                                            ""left"": {
                                                                              ""attribute_name"": ""id"", ""of"": ""e_node""
                                                                            },
                                                                            ""operator"": ""="",
                                                                            ""right"": {
                                                                              ""expression_ID"": ""path_nodes"",
                                                                              ""expression"": {
                                                                                ""left"": {
                                                                                  ""attribute_name"": ""id"", ""of"": ""e_node""
                                                                                },
                                                                                ""operator"": ""="",
                                                                                ""right"": {
                                                                                  ""expression_ID"": ""path_nodes"",
                                                                                  ""expression"": {
                                                                                    ""left"": {
                                                                                      ""attribute_name"": ""id"", ""of"": ""e_node""
                                                                                    },
                                                                                    ""operator"": ""="",
                                                                                    ""right"": {
                                                                                      ""expression_ID"": ""path_nodes"",
                                                                                      ""expression"": {
                                                                        ""left"": {
                                                                          ""attribute_name"": ""id"", ""of"": ""e_node""
                                                                        },
                                                                        ""operator"": ""="",
                                                                        ""right"": {
                                                                          ""expression_ID"": ""path_nodes"",
                                                                          ""expression"": {
                                                                            ""left"": {
                                                                              ""attribute_name"": ""id"", ""of"": ""e_node""
                                                                            },
                                                                            ""operator"": ""="",
                                                                            ""right"": {
                                                                              ""expression_ID"": ""path_nodes"",
                                                                              ""expression"": {
                                                                                ""left"": {
                                                                                  ""attribute_name"": ""id"", ""of"": ""e_node""
                                                                                },
                                                                                ""operator"": ""="",
                                                                                ""right"": {
                                                                                  ""expression_ID"": ""path_nodes"",
                                                                                  ""expression"": {
                                                                                    ""left"": {
                                                                                      ""attribute_name"": ""id"", ""of"": ""e_node""
                                                                                    },
                                                                                    ""operator"": ""="",
                                                                                    ""right"": {
                                                                                      ""expression_ID"": ""path_nodes"",
                                                                                      ""expression"": {
                                                                        ""left"": {
                                                                          ""attribute_name"": ""id"", ""of"": ""e_node""
                                                                        },
                                                                        ""operator"": ""="",
                                                                        ""right"": {
                                                                          ""expression_ID"": ""path_nodes"",
                                                                          ""expression"": {
                                                                            ""left"": {
                                                                              ""attribute_name"": ""id"", ""of"": ""e_node""
                                                                            },
                                                                            ""operator"": ""="",
                                                                            ""right"": {
                                                                              ""expression_ID"": ""path_nodes"",
                                                                              ""expression"": {
                                                                                ""left"": {
                                                                                  ""attribute_name"": ""id"", ""of"": ""e_node""
                                                                                },
                                                                                ""operator"": ""="",
                                                                                ""right"": {
                                                                                  ""expression_ID"": ""path_nodes"",
                                                                                  ""expression"": {
                                                                                    ""left"": {
                                                                                      ""attribute_name"": ""id"", ""of"": ""e_node""
                                                                                    },
                                                                                    ""operator"": ""="",
                                                                                    ""right"": {
                                                                                      ""expression_ID"": ""path_nodes"",
                                                                                      ""expression"": {
                                                                        ""left"": {
                                                                          ""attribute_name"": ""id"", ""of"": ""e_node""
                                                                        },
                                                                        ""operator"": ""="",
                                                                        ""right"": {
                                                                          ""expression_ID"": ""path_nodes"",
                                                                          ""expression"": {
                                                                            ""left"": {
                                                                              ""attribute_name"": ""id"", ""of"": ""e_node""
                                                                            },
                                                                            ""operator"": ""="",
                                                                            ""right"": {
                                                                              ""expression_ID"": ""path_nodes"",
                                                                              ""expression"": {
                                                                                ""left"": {
                                                                                  ""attribute_name"": ""id"", ""of"": ""e_node""
                                                                                },
                                                                                ""operator"": ""="",
                                                                                ""right"": {
                                                                                  ""expression_ID"": ""path_nodes"",
                                                                                  ""expression"": {
                                                                                    ""left"": {
                                                                                      ""attribute_name"": ""id"", ""of"": ""e_node""
                                                                                    },
                                                                                    ""operator"": ""="",
                                                                                    ""right"": {
                                                                                      ""expression_ID"": ""path_nodes"",
                                                                                      ""expression"": {
                                                                        ""left"": {
                                                                          ""attribute_name"": ""id"", ""of"": ""e_node""
                                                                        },
                                                                        ""operator"": ""="",
                                                                        ""right"": {
                                                                          ""expression_ID"": ""path_nodes"",
                                                                          ""expression"": {
                                                                            ""left"": {
                                                                              ""attribute_name"": ""id"", ""of"": ""e_node""
                                                                            },
                                                                            ""operator"": ""="",
                                                                            ""right"": {
                                                                              ""expression_ID"": ""path_nodes"",
                                                                              ""expression"": {
                                                                                ""left"": {
                                                                                  ""attribute_name"": ""id"", ""of"": ""e_node""
                                                                                },
                                                                                ""operator"": ""="",
                                                                                ""right"": {
                                                                                  ""expression_ID"": ""path_nodes"",
                                                                                  ""expression"": {
                                                                                    ""left"": {
                                                                                      ""attribute_name"": ""id"", ""of"": ""e_node""
                                                                                    },
                                                                                    ""operator"": ""="",
                                                                                    ""right"": {
                                                                                      ""expression_ID"": ""path_nodes"",
                                                                                      ""expression"": {
                                                                        ""left"": {
                                                                          ""attribute_name"": ""id"", ""of"": ""e_node""
                                                                        },
                                                                        ""operator"": ""="",
                                                                        ""right"": {
                                                                          ""expression_ID"": ""path_nodes"",
                                                                          ""expression"": {
                                                                            ""left"": {
                                                                              ""attribute_name"": ""id"", ""of"": ""e_node""
                                                                            },
                                                                            ""operator"": ""="",
                                                                            ""right"": {
                                                                              ""expression_ID"": ""path_nodes"",
                                                                              ""expression"": {
                                                                                ""left"": {
                                                                                  ""attribute_name"": ""id"", ""of"": ""e_node""
                                                                                },
                                                                                ""operator"": ""="",
                                                                                ""right"": {
                                                                                  ""expression_ID"": ""path_nodes"",
                                                                                  ""expression"": {
                                                                                    ""left"": {
                                                                                      ""attribute_name"": ""id"", ""of"": ""e_node""
                                                                                    },
                                                                                    ""operator"": ""="",
                                                                                    ""right"": {
                                                                                      ""expression_ID"": ""path_nodes"",
                                                                                      ""expression"": {
                                                                        ""left"": {
                                                                          ""attribute_name"": ""id"", ""of"": ""e_node""
                                                                        },
                                                                        ""operator"": ""="",
                                                                        ""right"": {
                                                                          ""expression_ID"": ""path_nodes"",
                                                                          ""expression"": {
                                                                            ""left"": {
                                                                              ""attribute_name"": ""id"", ""of"": ""e_node""
                                                                            },
                                                                            ""operator"": ""="",
                                                                            ""right"": {
                                                                              ""expression_ID"": ""path_nodes"",
                                                                              ""expression"": {
                                                                                ""left"": {
                                                                                  ""attribute_name"": ""id"", ""of"": ""e_node""
                                                                                },
                                                                                ""operator"": ""="",
                                                                                ""right"": {
                                                                                  ""expression_ID"": ""path_nodes"",
                                                                                  ""expression"": {
                                                                                    ""left"": {
                                                                                      ""attribute_name"": ""id"", ""of"": ""e_node""
                                                                                    },
                                                                                    ""operator"": ""="",
                                                                                    ""right"": {
                                                                                      ""expression_ID"": ""path_nodes"",
                                                                                      ""expression"": {
                                                                        ""left"": {
                                                                          ""attribute_name"": ""id"", ""of"": ""e_node""
                                                                        },
                                                                        ""operator"": ""="",
                                                                        ""right"": {
                                                                          ""expression_ID"": ""path_nodes"",
                                                                          ""expression"": {
                                                                            ""left"": {
                                                                              ""attribute_name"": ""id"", ""of"": ""e_node""
                                                                            },
                                                                            ""operator"": ""="",
                                                                            ""right"": {
                                                                              ""expression_ID"": ""path_nodes"",
                                                                              ""expression"": {
                                                                                ""left"": {
                                                                                  ""attribute_name"": ""id"", ""of"": ""e_node""
                                                                                },
                                                                                ""operator"": ""="",
                                                                                ""right"": {
                                                                                  ""expression_ID"": ""path_nodes"",
                                                                                  ""expression"": {
                                                                                    ""left"": {
                                                                                      ""attribute_name"": ""id"", ""of"": ""e_node""
                                                                                    },
                                                                                    ""operator"": ""="",
                                                                                    ""right"": {
                                                                                      ""expression_ID"": ""path_nodes"",
                                                                                      ""expression"": {
                                                                        ""left"": {
                                                                          ""attribute_name"": ""id"", ""of"": ""e_node""
                                                                        },
                                                                        ""operator"": ""="",
                                                                        ""right"": {
                                                                          ""expression_ID"": ""path_nodes"",
                                                                          ""expression"": {
                                                                            ""left"": {
                                                                              ""attribute_name"": ""id"", ""of"": ""e_node""
                                                                            },
                                                                            ""operator"": ""="",
                                                                            ""right"": {
                                                                              ""expression_ID"": ""path_nodes"",
                                                                              ""expression"": {
                                                                                ""left"": {
                                                                                  ""attribute_name"": ""id"", ""of"": ""e_node""
                                                                                },
                                                                                ""operator"": ""="",
                                                                                ""right"": {
                                                                                  ""expression_ID"": ""path_nodes"",
                                                                                  ""expression"": {
                                                                                    ""left"": {
                                                                                      ""attribute_name"": ""id"", ""of"": ""e_node""
                                                                                    },
                                                                                    ""operator"": ""="",
                                                                                    ""right"": {
                                                                                      ""expression_ID"": ""path_nodes"",
                                                                                      ""expression"": {
                                                                        ""left"": {
                                                                          ""attribute_name"": ""id"", ""of"": ""e_node""
                                                                        },
                                                                        ""operator"": ""="",
                                                                        ""right"": {
                                                                          ""expression_ID"": ""path_nodes"",
                                                                          ""expression"": {
                                                                            ""left"": {
                                                                              ""attribute_name"": ""id"", ""of"": ""e_node""
                                                                            },
                                                                            ""operator"": ""="",
                                                                            ""right"": {
                                                                              ""expression_ID"": ""path_nodes"",
                                                                              ""expression"": {
                                                                                ""left"": {
                                                                                  ""attribute_name"": ""id"", ""of"": ""e_node""
                                                                                },
                                                                                ""operator"": ""="",
                                                                                ""right"": {
                                                                                  ""expression_ID"": ""path_nodes"",
                                                                                  ""expression"": {
                                                                                    ""left"": {
                                                                                      ""attribute_name"": ""id"", ""of"": ""e_node""
                                                                                    },
                                                                                    ""operator"": ""="",
                                                                                    ""right"": {
                                                                                      ""expression_ID"": ""path_nodes"",
                                                                                      ""expression"": {
                                                                        ""left"": {
                                                                          ""attribute_name"": ""id"", ""of"": ""e_node""
                                                                        },
                                                                        ""operator"": ""="",
                                                                        ""right"": {
                                                                          ""expression_ID"": ""path_nodes"",
                                                                          ""expression"": {
                                                                            ""left"": {
                                                                              ""attribute_name"": ""id"", ""of"": ""e_node""
                                                                            },
                                                                            ""operator"": ""="",
                                                                            ""right"": {
                                                                              ""expression_ID"": ""path_nodes"",
                                                                              ""expression"": {
                                                                                ""left"": {
                                                                                  ""attribute_name"": ""id"", ""of"": ""e_node""
                                                                                },
                                                                                ""operator"": ""="",
                                                                                ""right"": {
                                                                                  ""expression_ID"": ""path_nodes"",
                                                                                  ""expression"": {
                                                                                    ""left"": {
                                                                                      ""attribute_name"": ""id"", ""of"": ""e_node""
                                                                                    },
                                                                                    ""operator"": ""="",
                                                                                    ""right"": {
                                                                                      ""expression_ID"": ""path_nodes"",
                                                                                      ""expression"": {
                                                                        ""left"": {
                                                                          ""attribute_name"": ""id"", ""of"": ""e_node""
                                                                        },
                                                                        ""operator"": ""="",
                                                                        ""right"": {
                                                                          ""expression_ID"": ""path_nodes"",
                                                                          ""expression"": {
                                                                            ""left"": {
                                                                              ""attribute_name"": ""id"", ""of"": ""e_node""
                                                                            },
                                                                            ""operator"": ""="",
                                                                            ""right"": {
                                                                              ""expression_ID"": ""path_nodes"",
                                                                              ""expression"": {
                                                                                ""left"": {
                                                                                  ""attribute_name"": ""id"", ""of"": ""e_node""
                                                                                },
                                                                                ""operator"": ""="",
                                                                                ""right"": {
                                                                                  ""expression_ID"": ""path_nodes"",
                                                                                  ""expression"": {
                                                                                    ""left"": {
                                                                                      ""attribute_name"": ""id"", ""of"": ""e_node""
                                                                                    },
                                                                                    ""operator"": ""="",
                                                                                    ""right"": {
                                                                                      ""expression_ID"": ""path_nodes"",
                                                                                      ""expression"": {
                                                                        ""left"": {
                                                                          ""attribute_name"": ""id"", ""of"": ""e_node""
                                                                        },
                                                                        ""operator"": ""="",
                                                                        ""right"": {
                                                                          ""expression_ID"": ""path_nodes"",
                                                                          ""expression"": {
                                                                            ""left"": {
                                                                              ""attribute_name"": ""id"", ""of"": ""e_node""
                                                                            },
                                                                            ""operator"": ""="",
                                                                            ""right"": {
                                                                              ""expression_ID"": ""path_nodes"",
                                                                              ""expression"": {
                                                                                ""left"": {
                                                                                  ""attribute_name"": ""id"", ""of"": ""e_node""
                                                                                },
                                                                                ""operator"": ""="",
                                                                                ""right"": {
                                                                                  ""expression_ID"": ""path_nodes"",
                                                                                  ""expression"": {
                                                                                    ""left"": {
                                                                                      ""attribute_name"": ""id"", ""of"": ""e_node""
                                                                                    },
                                                                                    ""operator"": ""="",
                                                                                    ""right"": {
                                                                                      ""expression_ID"": ""path_nodes"",
                                                                                      ""expression"": {
                                                                        ""left"": {
                                                                          ""attribute_name"": ""id"", ""of"": ""e_node""
                                                                        },
                                                                        ""operator"": ""="",
                                                                        ""right"": {
                                                                          ""expression_ID"": ""path_nodes"",
                                                                          ""expression"": {
                                                                            ""left"": {
                                                                              ""attribute_name"": ""id"", ""of"": ""e_node""
                                                                            },
                                                                            ""operator"": ""="",
                                                                            ""right"": {
                                                                              ""expression_ID"": ""path_nodes"",
                                                                              ""expression"": {
                                                                                ""left"": {
                                                                                  ""attribute_name"": ""id"", ""of"": ""e_node""
                                                                                },
                                                                                ""operator"": ""="",
                                                                                ""right"": {
                                                                                  ""expression_ID"": ""path_nodes"",
                                                                                  ""expression"": {
                                                                                    ""left"": {
                                                                                      ""attribute_name"": ""id"", ""of"": ""e_node""
                                                                                    },
                                                                                    ""operator"": ""="",
                                                                                    ""right"": {
                                                                                      ""expression_ID"": ""path_nodes"",
                                                                                      ""expression"": {
                                                                        ""left"": {
                                                                          ""attribute_name"": ""id"", ""of"": ""e_node""
                                                                        },
                                                                        ""operator"": ""="",
                                                                        ""right"": {
                                                                          ""expression_ID"": ""path_nodes"",
                                                                          ""expression"": {
                                                                            ""left"": {
                                                                              ""attribute_name"": ""id"", ""of"": ""e_node""
                                                                            },
                                                                            ""operator"": ""="",
                                                                            ""right"": {
                                                                              ""expression_ID"": ""path_nodes"",
                                                                              ""expression"": {
                                                                                ""left"": {
                                                                                  ""attribute_name"": ""id"", ""of"": ""e_node""
                                                                                },
                                                                                ""operator"": ""="",
                                                                                ""right"": {
                                                                                  ""expression_ID"": ""path_nodes"",
                                                                                  ""expression"": {
                                                                                    ""left"": {
                                                                                      ""attribute_name"": ""id"", ""of"": ""e_node""
                                                                                    },
                                                                                    ""operator"": ""="",
                                                                                    ""right"": {
                                                                                      ""expression_ID"": ""path_nodes"",
                                                                                      ""expression"": {
                                                                        ""left"": {
                                                                          ""attribute_name"": ""id"", ""of"": ""e_node""
                                                                        },
                                                                        ""operator"": ""="",
                                                                        ""right"": {
                                                                          ""expression_ID"": ""path_nodes"",
                                                                          ""expression"": {
                                                                            ""left"": {
                                                                              ""attribute_name"": ""id"", ""of"": ""e_node""
                                                                            },
                                                                            ""operator"": ""="",
                                                                            ""right"": {
                                                                              ""expression_ID"": ""path_nodes"",
                                                                              ""expression"": {
                                                                                ""left"": {
                                                                                  ""attribute_name"": ""id"", ""of"": ""e_node""
                                                                                },
                                                                                ""operator"": ""="",
                                                                                ""right"": {
                                                                                  ""expression_ID"": ""path_nodes"",
                                                                                  ""expression"": {
                                                                                    ""left"": {
                                                                                      ""attribute_name"": ""id"", ""of"": ""e_node""
                                                                                    },
                                                                                    ""operator"": ""="",
                                                                                    ""right"": {
                                                                                      ""expression_ID"": ""path_nodes"",
                                                                                      ""expression"": {
                                                                        ""left"": {
                                                                          ""attribute_name"": ""id"", ""of"": ""e_node""
                                                                        },
                                                                        ""operator"": ""="",
                                                                        ""right"": {
                                                                          ""expression_ID"": ""path_nodes"",
                                                                          ""expression"": {
                                                                            ""left"": {
                                                                              ""attribute_name"": ""id"", ""of"": ""e_node""
                                                                            },
                                                                            ""operator"": ""="",
                                                                            ""right"": {
                                                                              ""expression_ID"": ""path_nodes"",
                                                                              ""expression"": {
                                                                                ""left"": {
                                                                                  ""attribute_name"": ""id"", ""of"": ""e_node""
                                                                                },
                                                                                ""operator"": ""="",
                                                                                ""right"": {
                                                                                  ""expression_ID"": ""path_nodes"",
                                                                                  ""expression"": {
                                                                                    ""left"": {
                                                                                      ""attribute_name"": ""id"", ""of"": ""e_node""
                                                                                    },
                                                                                    ""operator"": ""="",
                                                                                    ""right"": {
                                                                                      ""expression_ID"": ""path_nodes"",
                                                                                      ""expression"": {
                                                                        ""left"": {
                                                                          ""attribute_name"": ""id"", ""of"": ""e_node""
                                                                        },
                                                                        ""operator"": ""="",
                                                                        ""right"": {
                                                                          ""expression_ID"": ""path_nodes"",
                                                                          ""expression"": {
                                                                            ""left"": {
                                                                              ""attribute_name"": ""id"", ""of"": ""e_node""
                                                                            },
                                                                            ""operator"": ""="",
                                                                            ""right"": {
                                                                              ""expression_ID"": ""path_nodes"",
                                                                              ""expression"": {
                                                                                ""left"": {
                                                                                  ""attribute_name"": ""id"", ""of"": ""e_node""
                                                                                },
                                                                                ""operator"": ""="",
                                                                                ""right"": {
                                                                                  ""expression_ID"": ""path_nodes"",
                                                                                  ""expression"": {
                                                                                    ""left"": {
                                                                                      ""attribute_name"": ""id"", ""of"": ""e_node""
                                                                                    },
                                                                                    ""operator"": ""="",
                                                                                    ""right"": {
                                                                                      ""expression_ID"": ""path_nodes"",
                                                                                      ""expression"": {
                                                                        ""left"": {
                                                                          ""attribute_name"": ""id"", ""of"": ""e_node""
                                                                        },
                                                                        ""operator"": ""="",
                                                                        ""right"": {
                                                                          ""expression_ID"": ""path_nodes"",
                                                                          ""expression"": {
                                                                            ""left"": {
                                                                              ""attribute_name"": ""id"", ""of"": ""e_node""
                                                                            },
                                                                            ""operator"": ""="",
                                                                            ""right"": {
                                                                              ""expression_ID"": ""path_nodes"",
                                                                              ""expression"": {
                                                                                ""left"": {
                                                                                  ""attribute_name"": ""id"", ""of"": ""e_node""
                                                                                },
                                                                                ""operator"": ""="",
                                                                                ""right"": {
                                                                                  ""expression_ID"": ""path_nodes"",
                                                                                  ""expression"": {
                                                                                    ""left"": {
                                                                                      ""attribute_name"": ""id"", ""of"": ""e_node""
                                                                                    },
                                                                                    ""operator"": ""="",
                                                                                    ""right"": {
                                                                                      ""expression_ID"": ""path_nodes"",
                                                                                      ""expression"": {
                                                                        ""left"": {
                                                                          ""attribute_name"": ""id"", ""of"": ""e_node""
                                                                        },
                                                                        ""operator"": ""="",
                                                                        ""right"": {
                                                                          ""expression_ID"": ""path_nodes"",
                                                                          ""expression"": {
                                                                            ""left"": {
                                                                              ""attribute_name"": ""id"", ""of"": ""e_node""
                                                                            },
                                                                            ""operator"": ""="",
                                                                            ""right"": {
                                                                              ""expression_ID"": ""path_nodes"",
                                                                              ""expression"": {
                                                                                ""left"": {
                                                                                  ""attribute_name"": ""id"", ""of"": ""e_node""
                                                                                },
                                                                                ""operator"": ""="",
                                                                                ""right"": {
                                                                                  ""expression_ID"": ""path_nodes"",
                                                                                  ""expression"": {
                                                                                    ""left"": {
                                                                                      ""attribute_name"": ""id"", ""of"": ""e_node""
                                                                                    },
                                                                                    ""operator"": ""="",
                                                                                    ""right"": {
                                                                                      ""expression_ID"": ""path_nodes"",
                                                                                      ""expression"": {
                                                                        ""left"": {
                                                                          ""attribute_name"": ""id"", ""of"": ""e_node""
                                                                        },
                                                                        ""operator"": ""="",
                                                                        ""right"": {
                                                                          ""expression_ID"": ""path_nodes"",
                                                                          ""expression"": {
                                                                            ""left"": {
                                                                              ""attribute_name"": ""id"", ""of"": ""e_node""
                                                                            },
                                                                            ""operator"": ""="",
                                                                            ""right"": {
                                                                              ""expression_ID"": ""path_nodes"",
                                                                              ""expression"": {
                                                                                ""left"": {
                                                                                  ""attribute_name"": ""id"", ""of"": ""e_node""
                                                                                },
                                                                                ""operator"": ""="",
                                                                                ""right"": {
                                                                                  ""expression_ID"": ""path_nodes"",
                                                                                  ""expression"": {
                                                                                    ""left"": {
                                                                                      ""attribute_name"": ""id"", ""of"": ""e_node""
                                                                                    },
                                                                                    ""operator"": ""="",
                                                                                    ""right"": {
                                                                                      ""expression_ID"": ""path_nodes"",
                                                                                      ""expression"": {
                                                                        ""left"": {
                                                                          ""attribute_name"": ""id"", ""of"": ""e_node""
                                                                        },
                                                                        ""operator"": ""="",
                                                                        ""right"": {
                                                                          ""expression_ID"": ""path_nodes"",
                                                                          ""expression"": {
                                                                            ""left"": {
                                                                              ""attribute_name"": ""id"", ""of"": ""e_node""
                                                                            },
                                                                            ""operator"": ""="",
                                                                            ""right"": {
                                                                              ""expression_ID"": ""path_nodes"",
                                                                              ""expression"": {
                                                                                ""left"": {
                                                                                  ""attribute_name"": ""id"", ""of"": ""e_node""
                                                                                },
                                                                                ""operator"": ""="",
                                                                                ""right"": {
                                                                                  ""expression_ID"": ""path_nodes"",
                                                                                  ""expression"": {
                                                                                    ""left"": {
                                                                                      ""attribute_name"": ""id"", ""of"": ""e_node""
                                                                                    },
                                                                                    ""operator"": ""="",
                                                                                    ""right"": {
                                                                                      ""expression_ID"": ""path_nodes"",
                                                                                      ""expression"": {
                                                                        ""left"": {
                                                                          ""attribute_name"": ""id"", ""of"": ""e_node""
                                                                        },
                                                                        ""operator"": ""="",
                                                                        ""right"": {
                                                                          ""expression_ID"": ""path_nodes"",
                                                                          ""expression"": {
                                                                            ""left"": {
                                                                              ""attribute_name"": ""id"", ""of"": ""e_node""
                                                                            },
                                                                            ""operator"": ""="",
                                                                            ""right"": {
                                                                              ""expression_ID"": ""path_nodes"",
                                                                              ""expression"": {
                                                                                ""left"": {
                                                                                  ""attribute_name"": ""id"", ""of"": ""e_node""
                                                                                },
                                                                                ""operator"": ""="",
                                                                                ""right"": {
                                                                                  ""expression_ID"": ""path_nodes"",
                                                                                  ""expression"": {
                                                                                    ""left"": {
                                                                                      ""attribute_name"": ""id"", ""of"": ""e_node""
                                                                                    },
                                                                                    ""operator"": ""="","
28,Q04,"Give me the shortest path between Article where title is Open sets satisfying systems of congruences and Report, with report_id equal 5049b80a2935f95cc95cf14dbfb8c610, including the nodes on the path!",ministral-3:8b,False,0.15,132.698731,True,stop,3170,6.543159,693,125.472691,5.5231,"```json
{
  ""hypotheses_set"": [
    [
      {
        ""id"": ""q1"",
        ""target"": [""r_path""],
        ""entities"": [
          { ""id"": ""e_article"", ""type"": ""Article"" },
          { ""id"": ""e_report"", ""type"": ""Report"" },
          { ""id"": ""e_node1"", ""type"": ""Node"" },
          { ""id"": ""e_node2"", ""type"": ""Node"" }
        ],
        ""relationships"": [
          { ""id"": ""r_article_node"", ""role"": ""connected_to"", ""from"": ""e_article"", ""to"": ""e_node1"" },
          { ""id"": ""r_node_node"", ""role"": ""connected_to"", ""from"": ""e_node1"", ""to"": ""e_node2"" },
          { ""id"": ""r_node_report"", ""role"": ""connected_to"", ""from"": ""e_node2"", ""to"": ""e_report"" }
        ],
        ""constraint"": {
          ""and_conditions"": [
            {
              ""left"": { ""attribute_name"": ""title"", ""of"": ""e_article"" },
              ""operator"": ""="",
              ""right"": ""Open sets satisfying systems of congruences""
            },
            {
              ""left"": { ""attribute_name"": ""report_id"", ""of"": ""e_report"" },
              ""operator"": ""="",
              ""right"": ""5049b80a2935f95cc95cf14dbfb8c610""
            },
            {
              ""exists_id"": ""r_article_node"",
              ""condition"": {
                ""and_conditions"": []
              }
            },
            {
              ""exists_id"": ""r_node_report"",
              ""condition"": {
                ""and_conditions"": []
              }
            },
            {
              ""all_id"": ""r_node_node"",
              ""condition"": {
                ""and_conditions"": []
              }
            }
          ]
        },
        ""projection"": [
          { ""expression_ID"": ""path_nodes"", ""expression"": {
            ""or_conditions"": [
              { ""attribute_name"": ""id"", ""of"": ""e_article"" },
              { ""attribute_name"": ""id"", ""of"": ""e_node1"" },
              { ""attribute_name"": ""id"", ""of"": ""e_node2"" },
              { ""attribute_name"": ""id"", ""of"": ""e_report"" }
            ]
          }},
          {
            ""expression_ID"": ""path_relationships"",
            ""expression"": {
              ""or_conditions"": [
                ""r_article_node"",
                ""r_node_node"",
                ""r_node_report""
              ]
            }
          }
        ],
        ""distinct"": true,
        ""order_by"": [
          {
            ""expression"": {
              ""expression_ID"": ""path_length"",
              ""expression"": {
                ""left"": {
                  ""count_id"": ""r_node_node"",
                  ""condition"": {
                    ""and_conditions"": []
                  }
                },
                ""operator"": ""+"",
                ""right"": 1
              }
            },
            ""direction"": ""ASC""
          }
        ],
        ""limit"": 1
      }
    ]
  ]
}
```"
29,Q04,"Give me the shortest path between Article where title is Open sets satisfying systems of congruences and Report, with report_id equal 5049b80a2935f95cc95cf14dbfb8c610, including the nodes on the path!",ministral-3:8b,False,0.15,75.568389,True,stop,3170,0.182073,414,74.838852,5.5319,"```json
{
  ""hypotheses_set"": [
    [
      {
        ""id"": ""q1"",
        ""target"": [
          { ""expression_ID"": ""path_nodes"", ""expression"": [""e_article"", ""e_intermediate_1"", ""e_report""] }
        ],
        ""entities"": [
          { ""id"": ""e_article"", ""type"": ""Article"" },
          { ""id"": ""e_report"", ""type"": ""Report"" },
          { ""id"": ""e_intermediate_1"", ""type"": ""Document"" }
        ],
        ""relationships"": [
          { ""id"": ""r_connected_1"", ""role"": ""connected_to"", ""from"": ""e_article"", ""to"": ""e_intermediate_1"" },
          { ""id"": ""r_connected_2"", ""role"": ""connected_to"", ""from"": ""e_intermediate_1"", ""to"": ""e_report"" }
        ],
        ""constraint"": {
          ""and_conditions"": [
            {
              ""left"": { ""attribute_name"": ""title"", ""of"": ""e_article"" },
              ""operator"": ""="",
              ""right"": ""Open sets satisfying systems of congruences""
            },
            {
              ""left"": { ""attribute_name"": ""report_id"", ""of"": ""e_report"" },
              ""operator"": ""="",
              ""right"": ""5049b80a2935f95cc95cf14dbfb8c610""
            },
            {
              ""and_conditions"": [
                ""r_connected_1"",
                ""r_connected_2""
              ]
            }
          ]
        },
        ""projection"": [
          { ""expression_ID"": ""path_nodes"", ""expression"": [""e_article"", ""e_intermediate_1"", ""e_report""] }
        ],
        ""distinct"": true
      }
    ]
  ]
}
```"
30,Q04,"Give me the shortest path between Article where title is Open sets satisfying systems of congruences and Report, with report_id equal 5049b80a2935f95cc95cf14dbfb8c610, including the nodes on the path!",ministral-3:8b,False,0.15,107.94272,True,stop,3170,0.182571,590,107.106093,5.5086,"```json
{
  ""hypotheses_set"": [
    [
      {
        ""id"": ""q1"",
        ""target"": [""r_path""],
        ""entities"": [
          { ""id"": ""e_article"", ""type"": ""Article"" },
          { ""id"": ""e_report"", ""type"": ""Report"" },
          { ""id"": ""e_node1"", ""type"": ""Node"" },
          { ""id"": ""e_node2"", ""type"": ""Node"" }
        ],
        ""relationships"": [
          { ""id"": ""r_article_node"", ""role"": ""connected_to"", ""from"": ""e_article"", ""to"": ""e_node1"" },
          { ""id"": ""r_node_node"", ""role"": ""connected_to"", ""from"": ""e_node1"", ""to"": ""e_node2"" },
          { ""id"": ""r_node_report"", ""role"": ""connected_to"", ""from"": ""e_node2"", ""to"": ""e_report"" }
        ],
        ""constraint"": {
          ""and_conditions"": [
            {
              ""left"": { ""attribute_name"": ""title"", ""of"": ""e_article"" },
              ""operator"": ""="",
              ""right"": ""Open sets satisfying systems of congruences""
            },
            {
              ""left"": { ""attribute_name"": ""report_id"", ""of"": ""e_report"" },
              ""operator"": ""="",
              ""right"": ""5049b80a2935f95cc95cf14dbfb8c610""
            },
            {
              ""exists_id"": ""r_article_node"",
              ""condition"": {
                ""and_conditions"": [
                  ""r_article_node"",
                  ""r_node_node"",
                  ""r_node_report""
                ]
              }
            }
          ]
        },
        ""projection"": [
          {
            ""expression_ID"": ""path_nodes"",
            ""expression"": {
              ""or_conditions"": [
                { ""attribute_name"": ""title"", ""of"": ""e_article"" },
                { ""attribute_name"": ""id"", ""of"": ""e_node1"" },
                { ""attribute_name"": ""id"", ""of"": ""e_node2"" },
                { ""attribute_name"": ""title"", ""of"": ""e_report"" }
              ]
            }
          }
        ],
        ""distinct"": true,
        ""order_by"": [
          {
            ""expression"": {
              ""left"": { ""count_id"": ""r_article_node"" },
              ""operator"": ""SUMMATION"",
              ""expression"": { ""attribute_name"": ""id"", ""of"": ""e_node1"" }
            },
            ""direction"": ""ASC""
          }
        ]
      }
    ]
  ]
}
```"
