2026-06-26 00:32:04 Archived previous run files to: /home/virtualuser/model_evaluation/autoresearch/archive/run_20260626_003204
2026-06-26 00:32:04 Initializing autoresearch loop. Evaluating baseline prompt...
2026-06-26 00:32:04 Starting validation run on 45 queries x30 runs...
2026-06-26 00:32:04   [1/45] Processing Query Q01...
2026-06-26 00:33:59     Query Q01 Score: 1.00 (avg of 30 runs)
2026-06-26 00:33:59   [2/45] Processing Query Q02...
2026-06-26 00:36:30     Query Q02 Score: 0.98 (avg of 30 runs)
2026-06-26 00:36:30   [3/45] Processing Query Q03...
2026-06-26 00:38:46     Query Q03 Score: 0.89 (avg of 30 runs)
2026-06-26 00:38:46   [4/45] Processing Query Q04...
2026-06-26 00:41:30     Query Q04 Score: 0.60 (avg of 30 runs)
2026-06-26 00:41:30   [5/45] Processing Query Q05...
2026-06-26 00:44:30     Query Q05 Score: 0.30 (avg of 30 runs)
2026-06-26 00:44:30   [6/45] Processing Query Q06...
2026-06-26 00:47:26     Query Q06 Score: 0.50 (avg of 30 runs)
2026-06-26 00:47:26   [7/45] Processing Query Q07...
2026-06-26 00:49:47     Query Q07 Score: 1.00 (avg of 30 runs)
2026-06-26 00:49:47   [8/45] Processing Query Q08...
2026-06-26 00:51:56     Query Q08 Score: 1.00 (avg of 30 runs)
2026-06-26 00:51:56   [9/45] Processing Query Q09...
2026-06-26 00:56:02     Query Q09 Score: 0.50 (avg of 30 runs)
2026-06-26 00:56:02   [10/45] Processing Query Q10...
2026-06-26 00:58:40     Query Q10 Score: 1.00 (avg of 30 runs)
2026-06-26 00:58:40   [11/45] Processing Query Q11...
2026-06-26 01:02:35     Query Q11 Score: 0.70 (avg of 30 runs)
2026-06-26 01:02:35   [12/45] Processing Query Q12...
2026-06-26 01:04:44     Query Q12 Score: 1.00 (avg of 30 runs)
2026-06-26 01:04:44   [13/45] Processing Query Q13...
2026-06-26 01:07:38     Query Q13 Score: 0.40 (avg of 30 runs)
2026-06-26 01:07:38   [14/45] Processing Query Q14...
2026-06-26 01:09:44     Query Q14 Score: 0.85 (avg of 30 runs)
2026-06-26 01:09:44   [15/45] Processing Query Q15...
2026-06-26 01:12:38     Query Q15 Score: 1.00 (avg of 30 runs)
2026-06-26 01:12:38   [16/45] Processing Query Q16...
2026-06-26 01:15:18     Query Q16 Score: 0.50 (avg of 30 runs)
2026-06-26 01:15:18   [17/45] Processing Query Q17...
2026-06-26 01:17:27     Query Q17 Score: 0.50 (avg of 30 runs)
2026-06-26 01:17:27   [18/45] Processing Query Q18...
2026-06-26 01:19:52     Query Q18 Score: 1.00 (avg of 30 runs)
2026-06-26 01:19:52   [19/45] Processing Query Q19...
2026-06-26 01:22:32     Query Q19 Score: 0.61 (avg of 30 runs)
2026-06-26 01:22:32   [20/45] Processing Query Q20...
2026-06-26 01:24:56     Query Q20 Score: 0.95 (avg of 30 runs)
2026-06-26 01:24:56   [21/45] Processing Query Q21...
2026-06-26 01:27:15     Query Q21 Score: 1.00 (avg of 30 runs)
2026-06-26 01:27:15   [22/45] Processing Query Q22...
2026-06-26 01:29:27     Query Q22 Score: 1.00 (avg of 30 runs)
2026-06-26 01:29:27   [23/45] Processing Query Q23...
2026-06-26 01:32:26     Query Q23 Score: 1.00 (avg of 30 runs)
2026-06-26 01:32:26   [24/45] Processing Query Q24...
2026-06-26 01:34:28     Query Q24 Score: 1.00 (avg of 30 runs)
2026-06-26 01:34:28   [25/45] Processing Query Q25...
2026-06-26 01:36:46     Query Q25 Score: 1.00 (avg of 30 runs)
2026-06-26 01:36:46   [26/45] Processing Query Q26...
2026-06-26 01:38:46     Query Q26 Score: 1.00 (avg of 30 runs)
2026-06-26 01:38:46   [27/45] Processing Query Q27...
2026-06-26 01:40:59     Query Q27 Score: 0.95 (avg of 30 runs)
2026-06-26 01:40:59   [28/45] Processing Query Q28...
2026-06-26 01:43:04     Query Q28 Score: 1.00 (avg of 30 runs)
2026-06-26 01:43:04   [29/45] Processing Query Q29...
2026-06-26 01:45:21     Query Q29 Score: 0.50 (avg of 30 runs)
2026-06-26 01:45:21   [30/45] Processing Query Q30...
2026-06-26 01:48:01     Query Q30 Score: 1.00 (avg of 30 runs)
2026-06-26 01:48:01   [31/45] Processing Query Q31...
2026-06-26 01:50:19     Query Q31 Score: 1.00 (avg of 30 runs)
2026-06-26 01:50:19   [32/45] Processing Query Q32...
2026-06-26 01:53:11     Query Q32 Score: 1.00 (avg of 30 runs)
2026-06-26 01:53:11   [33/45] Processing Query Q33...
2026-06-26 01:56:57     Query Q33 Score: 0.60 (avg of 30 runs)
2026-06-26 01:56:57   [34/45] Processing Query Q34...
2026-06-26 01:59:22     Query Q34 Score: 1.00 (avg of 30 runs)
2026-06-26 01:59:22   [35/45] Processing Query Q35...
2026-06-26 02:01:08     Query Q35 Score: 1.00 (avg of 30 runs)
2026-06-26 02:01:08   [36/45] Processing Query Q36...
2026-06-26 02:03:45     Query Q36 Score: 1.00 (avg of 30 runs)
2026-06-26 02:03:45   [37/45] Processing Query Q37...
2026-06-26 02:06:15     Query Q37 Score: 0.51 (avg of 30 runs)
2026-06-26 02:06:15   [38/45] Processing Query Q38...
2026-06-26 02:08:31     Query Q38 Score: 0.69 (avg of 30 runs)
2026-06-26 02:08:31   [39/45] Processing Query Q39...
2026-06-26 02:10:40     Query Q39 Score: 1.00 (avg of 30 runs)
2026-06-26 02:10:40   [40/45] Processing Query Q40...
2026-06-26 02:12:59     Query Q40 Score: 1.00 (avg of 30 runs)
2026-06-26 02:12:59   [41/45] Processing Query Q41...
2026-06-26 02:15:38     Query Q41 Score: 0.90 (avg of 30 runs)
2026-06-26 02:15:38   [42/45] Processing Query Q42...
2026-06-26 02:17:55     Query Q42 Score: 1.00 (avg of 30 runs)
2026-06-26 02:17:55   [43/45] Processing Query Q43...
2026-06-26 02:20:17     Query Q43 Score: 1.00 (avg of 30 runs)
2026-06-26 02:20:17   [44/45] Processing Query Q48...
2026-06-26 02:23:13     Query Q48 Score: 0.90 (avg of 30 runs)
2026-06-26 02:23:13   [45/45] Processing Query Q49...
2026-06-26 02:26:33     Query Q49 Score: 0.75 (avg of 30 runs)
2026-06-26 02:26:33 Saved validation results to /home/virtualuser/model_evaluation/autoresearch/archive/run_20260626_003204/outputs/validation_results_iter1_20260626_022633.csv
2026-06-26 02:26:33 Validation run completed. Overall Mean Score: 0.8457
2026-06-26 02:26:33 Baseline established. Score: 0.8457. Logs written to experiments.json.
2026-06-26 02:26:33 
2026-06-26 02:26:33 Entering optimization loop...
2026-06-26 02:26:33 
2026-06-26 02:26:33 =========================================
2026-06-26 02:26:33 STARTING ITERATION #2
2026-06-26 02:26:33 =========================================
2026-06-26 02:26:33 Current Champion Score: 0.8457
2026-06-26 02:26:33 Failing queries to fix: 24
2026-06-26 02:26:33 Calling Optimizer Agent to refine instructions...
2026-06-26 02:28:05 Starting validation run on 45 queries x30 runs...
2026-06-26 02:28:05   [1/45] Processing Query Q01...
2026-06-26 02:30:09     Query Q01 Score: 1.00 (avg of 30 runs)
2026-06-26 02:30:09   [2/45] Processing Query Q02...
2026-06-26 02:32:49     Query Q02 Score: 0.85 (avg of 30 runs)
2026-06-26 02:32:49   [3/45] Processing Query Q03...
2026-06-26 02:35:05     Query Q03 Score: 1.00 (avg of 30 runs)
2026-06-26 02:35:05   [4/45] Processing Query Q04...
2026-06-26 02:38:13     Query Q04 Score: 0.50 (avg of 30 runs)
2026-06-26 02:38:13   [5/45] Processing Query Q05...
2026-06-26 02:41:26     Query Q05 Score: 0.21 (avg of 30 runs)
2026-06-26 02:41:26   [6/45] Processing Query Q06...
2026-06-26 02:44:06     Query Q06 Score: 0.98 (avg of 30 runs)
2026-06-26 02:44:06   [7/45] Processing Query Q07...
2026-06-26 02:46:27     Query Q07 Score: 1.00 (avg of 30 runs)
2026-06-26 02:46:27   [8/45] Processing Query Q08...
2026-06-26 02:48:45     Query Q08 Score: 1.00 (avg of 30 runs)
2026-06-26 02:48:45   [9/45] Processing Query Q09...
2026-06-26 02:51:43     Query Q09 Score: 0.41 (avg of 30 runs)
2026-06-26 02:51:43   [10/45] Processing Query Q10...
2026-06-26 02:54:20     Query Q10 Score: 1.00 (avg of 30 runs)
2026-06-26 02:54:20   [11/45] Processing Query Q11...
2026-06-26 02:58:39     Query Q11 Score: 0.40 (avg of 30 runs)
2026-06-26 02:58:39   [12/45] Processing Query Q12...
2026-06-26 03:00:44     Query Q12 Score: 1.00 (avg of 30 runs)
2026-06-26 03:00:44   [13/45] Processing Query Q13...
2026-06-26 03:03:15     Query Q13 Score: 0.40 (avg of 30 runs)
2026-06-26 03:03:15   [14/45] Processing Query Q14...
2026-06-26 03:05:28     Query Q14 Score: 0.85 (avg of 30 runs)
2026-06-26 03:05:28   [15/45] Processing Query Q15...
2026-06-26 03:08:15     Query Q15 Score: 1.00 (avg of 30 runs)
2026-06-26 03:08:15   [16/45] Processing Query Q16...
2026-06-26 03:10:56     Query Q16 Score: 0.50 (avg of 30 runs)
2026-06-26 03:10:56   [17/45] Processing Query Q17...
2026-06-26 03:13:16     Query Q17 Score: 1.00 (avg of 30 runs)
2026-06-26 03:13:16   [18/45] Processing Query Q18...
2026-06-26 03:15:42     Query Q18 Score: 1.00 (avg of 30 runs)
2026-06-26 03:15:42   [19/45] Processing Query Q19...
2026-06-26 03:17:54     Query Q19 Score: 0.94 (avg of 30 runs)
2026-06-26 03:17:54   [20/45] Processing Query Q20...
2026-06-26 03:20:41     Query Q20 Score: 0.95 (avg of 30 runs)
2026-06-26 03:20:41   [21/45] Processing Query Q21...
2026-06-26 03:23:00     Query Q21 Score: 1.00 (avg of 30 runs)
2026-06-26 03:23:00   [22/45] Processing Query Q22...
2026-06-26 03:25:10     Query Q22 Score: 1.00 (avg of 30 runs)
2026-06-26 03:25:10   [23/45] Processing Query Q23...
2026-06-26 03:28:05     Query Q23 Score: 0.75 (avg of 30 runs)
2026-06-26 03:28:05   [24/45] Processing Query Q24...
2026-06-26 03:30:06     Query Q24 Score: 1.00 (avg of 30 runs)
2026-06-26 03:30:06   [25/45] Processing Query Q25...
2026-06-26 03:32:24     Query Q25 Score: 1.00 (avg of 30 runs)
2026-06-26 03:32:24   [26/45] Processing Query Q26...
2026-06-26 03:34:24     Query Q26 Score: 1.00 (avg of 30 runs)
2026-06-26 03:34:24   [27/45] Processing Query Q27...
2026-06-26 03:36:55     Query Q27 Score: 1.00 (avg of 30 runs)
2026-06-26 03:36:55   [28/45] Processing Query Q28...
2026-06-26 03:39:00     Query Q28 Score: 1.00 (avg of 30 runs)
2026-06-26 03:39:00   [29/45] Processing Query Q29...
2026-06-26 03:41:35     Query Q29 Score: 1.00 (avg of 30 runs)
2026-06-26 03:41:35   [30/45] Processing Query Q30...
2026-06-26 03:44:11     Query Q30 Score: 1.00 (avg of 30 runs)
2026-06-26 03:44:11   [31/45] Processing Query Q31...
2026-06-26 03:46:26     Query Q31 Score: 1.00 (avg of 30 runs)
2026-06-26 03:46:26   [32/45] Processing Query Q32...
2026-06-26 03:49:16     Query Q32 Score: 1.00 (avg of 30 runs)
2026-06-26 03:49:16   [33/45] Processing Query Q33...
2026-06-26 03:52:54     Query Q33 Score: 0.60 (avg of 30 runs)
2026-06-26 03:52:54   [34/45] Processing Query Q34...
2026-06-26 03:55:17     Query Q34 Score: 1.00 (avg of 30 runs)
2026-06-26 03:55:17   [35/45] Processing Query Q35...
2026-06-26 03:57:05     Query Q35 Score: 1.00 (avg of 30 runs)
2026-06-26 03:57:05   [36/45] Processing Query Q36...
2026-06-26 03:59:38     Query Q36 Score: 1.00 (avg of 30 runs)
2026-06-26 03:59:38   [37/45] Processing Query Q37...
2026-06-26 04:02:07     Query Q37 Score: 1.00 (avg of 30 runs)
2026-06-26 04:02:07   [38/45] Processing Query Q38...
2026-06-26 04:04:21     Query Q38 Score: 0.70 (avg of 30 runs)
2026-06-26 04:04:21   [39/45] Processing Query Q39...
2026-06-26 04:06:34     Query Q39 Score: 1.00 (avg of 30 runs)
2026-06-26 04:06:34   [40/45] Processing Query Q40...
2026-06-26 04:08:50     Query Q40 Score: 1.00 (avg of 30 runs)
2026-06-26 04:08:50   [41/45] Processing Query Q41...
2026-06-26 04:11:26     Query Q41 Score: 0.90 (avg of 30 runs)
2026-06-26 04:11:26   [42/45] Processing Query Q42...
2026-06-26 04:13:41     Query Q42 Score: 1.00 (avg of 30 runs)
2026-06-26 04:13:41   [43/45] Processing Query Q43...
2026-06-26 04:15:59     Query Q43 Score: 1.00 (avg of 30 runs)
2026-06-26 04:15:59   [44/45] Processing Query Q48...
2026-06-26 04:19:04     Query Q48 Score: 0.90 (avg of 30 runs)
2026-06-26 04:19:04   [45/45] Processing Query Q49...
2026-06-26 04:23:28     Query Q49 Score: 0.41 (avg of 30 runs)
2026-06-26 04:23:28 Saved validation results to /home/virtualuser/model_evaluation/autoresearch/archive/run_20260626_003204/outputs/validation_results_iter2_20260626_042328.csv
2026-06-26 04:23:28 Validation run completed. Overall Mean Score: 0.8720
2026-06-26 04:23:28 Candidate Score: 0.8720 (Delta: +0.0262)
2026-06-26 04:23:28 >>> SUCCESS: Score improved! Saving new champion prompt.
2026-06-26 04:23:28 Iteration #2 logged successfully to experiments.json.
2026-06-26 04:23:28 
2026-06-26 04:23:28 =========================================
2026-06-26 04:23:28 STARTING ITERATION #3
2026-06-26 04:23:28 =========================================
2026-06-26 04:23:28 Current Champion Score: 0.8720
2026-06-26 04:23:28 Failing queries to fix: 19
2026-06-26 04:23:28 Calling Optimizer Agent to refine instructions...
2026-06-26 04:25:14 Starting validation run on 45 queries x30 runs...
2026-06-26 04:25:14   [1/45] Processing Query Q01...
2026-06-26 04:27:19     Query Q01 Score: 1.00 (avg of 30 runs)
2026-06-26 04:27:19   [2/45] Processing Query Q02...
2026-06-26 04:30:02     Query Q02 Score: 0.85 (avg of 30 runs)
2026-06-26 04:30:02   [3/45] Processing Query Q03...
2026-06-26 04:32:19     Query Q03 Score: 1.00 (avg of 30 runs)
2026-06-26 04:32:19   [4/45] Processing Query Q04...
2026-06-26 04:35:18     Query Q04 Score: 0.50 (avg of 30 runs)
2026-06-26 04:35:18   [5/45] Processing Query Q05...
2026-06-26 04:38:27     Query Q05 Score: 0.30 (avg of 30 runs)
2026-06-26 04:38:27   [6/45] Processing Query Q06...
2026-06-26 04:41:23     Query Q06 Score: 0.40 (avg of 30 runs)
2026-06-26 04:41:23   [7/45] Processing Query Q07...
2026-06-26 04:43:46     Query Q07 Score: 1.00 (avg of 30 runs)
2026-06-26 04:43:46   [8/45] Processing Query Q08...
2026-06-26 04:46:06     Query Q08 Score: 1.00 (avg of 30 runs)
2026-06-26 04:46:06   [9/45] Processing Query Q09...
2026-06-26 04:50:38     Query Q09 Score: 0.60 (avg of 30 runs)
2026-06-26 04:50:38   [10/45] Processing Query Q10...
2026-06-26 04:53:14     Query Q10 Score: 1.00 (avg of 30 runs)
2026-06-26 04:53:14   [11/45] Processing Query Q11...
2026-06-26 04:57:17     Query Q11 Score: 0.40 (avg of 30 runs)
2026-06-26 04:57:17   [12/45] Processing Query Q12...
2026-06-26 04:59:14     Query Q12 Score: 1.00 (avg of 30 runs)
2026-06-26 04:59:14   [13/45] Processing Query Q13...
2026-06-26 05:02:09     Query Q13 Score: 0.40 (avg of 30 runs)
2026-06-26 05:02:09   [14/45] Processing Query Q14...
2026-06-26 05:04:19     Query Q14 Score: 0.85 (avg of 30 runs)
2026-06-26 05:04:19   [15/45] Processing Query Q15...
2026-06-26 05:07:11     Query Q15 Score: 1.00 (avg of 30 runs)
2026-06-26 05:07:11   [16/45] Processing Query Q16...
2026-06-26 05:09:47     Query Q16 Score: 0.50 (avg of 30 runs)
2026-06-26 05:09:47   [17/45] Processing Query Q17...
2026-06-26 05:12:09     Query Q17 Score: 1.00 (avg of 30 runs)
2026-06-26 05:12:09   [18/45] Processing Query Q18...
2026-06-26 05:14:34     Query Q18 Score: 1.00 (avg of 30 runs)
2026-06-26 05:14:34   [19/45] Processing Query Q19...
2026-06-26 05:25:24     Query Q19 Score: 0.30 (avg of 30 runs)
2026-06-26 05:25:24   [20/45] Processing Query Q20...
2026-06-26 05:27:50     Query Q20 Score: 1.00 (avg of 30 runs)
2026-06-26 05:27:50   [21/45] Processing Query Q21...
2026-06-26 05:30:09     Query Q21 Score: 1.00 (avg of 30 runs)
2026-06-26 05:30:09   [22/45] Processing Query Q22...
2026-06-26 05:32:21     Query Q22 Score: 1.00 (avg of 30 runs)
2026-06-26 05:32:21   [23/45] Processing Query Q23...
2026-06-26 05:35:06     Query Q23 Score: 0.62 (avg of 30 runs)
2026-06-26 05:35:06   [24/45] Processing Query Q24...
2026-06-26 05:37:07     Query Q24 Score: 1.00 (avg of 30 runs)
2026-06-26 05:37:07   [25/45] Processing Query Q25...
2026-06-26 05:39:27     Query Q25 Score: 1.00 (avg of 30 runs)
2026-06-26 05:39:27   [26/45] Processing Query Q26...
2026-06-26 05:41:26     Query Q26 Score: 1.00 (avg of 30 runs)
2026-06-26 05:41:26   [27/45] Processing Query Q27...
2026-06-26 05:44:00     Query Q27 Score: 1.00 (avg of 30 runs)
2026-06-26 05:44:00   [28/45] Processing Query Q28...
2026-06-26 05:46:05     Query Q28 Score: 1.00 (avg of 30 runs)
2026-06-26 05:46:05   [29/45] Processing Query Q29...
2026-06-26 05:48:23     Query Q29 Score: 0.50 (avg of 30 runs)
2026-06-26 05:48:23   [30/45] Processing Query Q30...
2026-06-26 05:50:59     Query Q30 Score: 1.00 (avg of 30 runs)
2026-06-26 05:50:59   [31/45] Processing Query Q31...
2026-06-26 05:53:14     Query Q31 Score: 1.00 (avg of 30 runs)
2026-06-26 05:53:14   [32/45] Processing Query Q32...
2026-06-26 05:56:03     Query Q32 Score: 1.00 (avg of 30 runs)
2026-06-26 05:56:03   [33/45] Processing Query Q33...
2026-06-26 05:59:42     Query Q33 Score: 0.60 (avg of 30 runs)
2026-06-26 05:59:42   [34/45] Processing Query Q34...
2026-06-26 06:02:05     Query Q34 Score: 1.00 (avg of 30 runs)
2026-06-26 06:02:05   [35/45] Processing Query Q35...
2026-06-26 06:03:55     Query Q35 Score: 1.00 (avg of 30 runs)
2026-06-26 06:03:55   [36/45] Processing Query Q36...
2026-06-26 06:06:28     Query Q36 Score: 1.00 (avg of 30 runs)
2026-06-26 06:06:28   [37/45] Processing Query Q37...
2026-06-26 06:08:53     Query Q37 Score: 1.00 (avg of 30 runs)
2026-06-26 06:08:53   [38/45] Processing Query Q38...
2026-06-26 06:11:08     Query Q38 Score: 0.71 (avg of 30 runs)
2026-06-26 06:11:08   [39/45] Processing Query Q39...
2026-06-26 06:13:16     Query Q39 Score: 1.00 (avg of 30 runs)
2026-06-26 06:13:16   [40/45] Processing Query Q40...
2026-06-26 06:15:32     Query Q40 Score: 1.00 (avg of 30 runs)
2026-06-26 06:15:32   [41/45] Processing Query Q41...
2026-06-26 06:18:10     Query Q41 Score: 0.90 (avg of 30 runs)
2026-06-26 06:18:10   [42/45] Processing Query Q42...
2026-06-26 06:20:25     Query Q42 Score: 1.00 (avg of 30 runs)
2026-06-26 06:20:25   [43/45] Processing Query Q43...
2026-06-26 06:22:45     Query Q43 Score: 1.00 (avg of 30 runs)
2026-06-26 06:22:45   [44/45] Processing Query Q48...
2026-06-26 06:26:09     Query Q48 Score: 0.50 (avg of 30 runs)
2026-06-26 06:26:09   [45/45] Processing Query Q49...
2026-06-26 06:31:39     Query Q49 Score: 1.00 (avg of 30 runs)
2026-06-26 06:31:39 Saved validation results to /home/virtualuser/model_evaluation/autoresearch/archive/run_20260626_003204/outputs/validation_results_iter3_20260626_063139.csv
2026-06-26 06:31:39 Validation run completed. Overall Mean Score: 0.8426
2026-06-26 06:31:39 Candidate Score: 0.8426 (Delta: -0.0293)
2026-06-26 06:31:39 >>> FAILURE: Score did not improve. Discarding changes.
2026-06-26 06:31:39 Iteration #3 logged successfully to experiments.json.
2026-06-26 06:31:39 
2026-06-26 06:31:39 =========================================
2026-06-26 06:31:39 STARTING ITERATION #4
2026-06-26 06:31:39 =========================================
2026-06-26 06:31:39 Current Champion Score: 0.8720
2026-06-26 06:31:39 Failing queries to fix: 19
2026-06-26 06:31:39 Calling Optimizer Agent to refine instructions...
2026-06-26 06:33:18 Starting validation run on 45 queries x30 runs...
2026-06-26 06:33:18   [1/45] Processing Query Q01...
2026-06-26 06:35:17     Query Q01 Score: 1.00 (avg of 30 runs)
2026-06-26 06:35:17   [2/45] Processing Query Q02...
2026-06-26 06:37:54     Query Q02 Score: 0.85 (avg of 30 runs)
2026-06-26 06:37:54   [3/45] Processing Query Q03...
2026-06-26 06:40:09     Query Q03 Score: 1.00 (avg of 30 runs)
2026-06-26 06:40:09   [4/45] Processing Query Q04...
2026-06-26 06:44:51     Query Q04 Score: 0.95 (avg of 30 runs)
2026-06-26 06:44:51   [5/45] Processing Query Q05...
2026-06-26 06:47:32     Query Q05 Score: 0.30 (avg of 30 runs)
2026-06-26 06:47:32   [6/45] Processing Query Q06...
2026-06-26 06:50:03     Query Q06 Score: 0.98 (avg of 30 runs)
2026-06-26 06:50:03   [7/45] Processing Query Q07...
2026-06-26 06:52:25     Query Q07 Score: 1.00 (avg of 30 runs)
2026-06-26 06:52:25   [8/45] Processing Query Q08...
2026-06-26 06:54:44     Query Q08 Score: 1.00 (avg of 30 runs)
2026-06-26 06:54:44   [9/45] Processing Query Q09...
2026-06-26 06:59:00     Query Q09 Score: 0.50 (avg of 30 runs)
2026-06-26 06:59:00   [10/45] Processing Query Q10...
2026-06-26 07:01:37     Query Q10 Score: 1.00 (avg of 30 runs)
2026-06-26 07:01:37   [11/45] Processing Query Q11...
2026-06-26 07:05:35     Query Q11 Score: 0.40 (avg of 30 runs)
2026-06-26 07:05:35   [12/45] Processing Query Q12...
2026-06-26 07:07:47     Query Q12 Score: 1.00 (avg of 30 runs)
2026-06-26 07:07:47   [13/45] Processing Query Q13...
2026-06-26 07:10:41     Query Q13 Score: 0.40 (avg of 30 runs)
2026-06-26 07:10:41   [14/45] Processing Query Q14...
2026-06-26 07:12:54     Query Q14 Score: 0.85 (avg of 30 runs)
2026-06-26 07:12:54   [15/45] Processing Query Q15...
2026-06-26 07:15:41     Query Q15 Score: 1.00 (avg of 30 runs)
2026-06-26 07:15:41   [16/45] Processing Query Q16...
2026-06-26 07:18:17     Query Q16 Score: 0.50 (avg of 30 runs)
2026-06-26 07:18:17   [17/45] Processing Query Q17...
2026-06-26 07:20:36     Query Q17 Score: 1.00 (avg of 30 runs)
2026-06-26 07:20:36   [18/45] Processing Query Q18...
2026-06-26 07:22:57     Query Q18 Score: 1.00 (avg of 30 runs)
2026-06-26 07:22:57   [19/45] Processing Query Q19...
2026-06-26 07:27:54     Query Q19 Score: 0.51 (avg of 30 runs)
2026-06-26 07:27:54   [20/45] Processing Query Q20...
2026-06-26 07:30:19     Query Q20 Score: 1.00 (avg of 30 runs)
2026-06-26 07:30:19   [21/45] Processing Query Q21...
2026-06-26 07:32:37     Query Q21 Score: 1.00 (avg of 30 runs)
2026-06-26 07:32:37   [22/45] Processing Query Q22...
2026-06-26 07:34:47     Query Q22 Score: 1.00 (avg of 30 runs)
2026-06-26 07:34:47   [23/45] Processing Query Q23...
2026-06-26 07:37:55     Query Q23 Score: 1.00 (avg of 30 runs)
2026-06-26 07:37:55   [24/45] Processing Query Q24...
2026-06-26 07:39:56     Query Q24 Score: 1.00 (avg of 30 runs)
2026-06-26 07:39:56   [25/45] Processing Query Q25...
2026-06-26 07:42:13     Query Q25 Score: 1.00 (avg of 30 runs)
2026-06-26 07:42:13   [26/45] Processing Query Q26...
2026-06-26 07:44:04     Query Q26 Score: 1.00 (avg of 30 runs)
2026-06-26 07:44:04   [27/45] Processing Query Q27...
2026-06-26 07:46:07     Query Q27 Score: 1.00 (avg of 30 runs)
2026-06-26 07:46:07   [28/45] Processing Query Q28...
2026-06-26 07:48:03     Query Q28 Score: 1.00 (avg of 30 runs)
2026-06-26 07:48:03   [29/45] Processing Query Q29...
2026-06-26 07:50:36     Query Q29 Score: 0.98 (avg of 30 runs)
2026-06-26 07:50:36   [30/45] Processing Query Q30...
2026-06-26 07:53:12     Query Q30 Score: 1.00 (avg of 30 runs)
2026-06-26 07:53:12   [31/45] Processing Query Q31...
2026-06-26 07:55:26     Query Q31 Score: 1.00 (avg of 30 runs)
2026-06-26 07:55:26   [32/45] Processing Query Q32...
2026-06-26 07:58:17     Query Q32 Score: 1.00 (avg of 30 runs)
2026-06-26 07:58:17   [33/45] Processing Query Q33...
2026-06-26 08:01:57     Query Q33 Score: 0.55 (avg of 30 runs)
2026-06-26 08:01:57   [34/45] Processing Query Q34...
2026-06-26 08:04:19     Query Q34 Score: 1.00 (avg of 30 runs)
2026-06-26 08:04:19   [35/45] Processing Query Q35...
2026-06-26 08:06:12     Query Q35 Score: 1.00 (avg of 30 runs)
2026-06-26 08:06:12   [36/45] Processing Query Q36...
2026-06-26 08:08:47     Query Q36 Score: 1.00 (avg of 30 runs)
2026-06-26 08:08:47   [37/45] Processing Query Q37...
2026-06-26 08:11:17     Query Q37 Score: 1.00 (avg of 30 runs)
2026-06-26 08:11:17   [38/45] Processing Query Q38...
2026-06-26 08:13:32     Query Q38 Score: 0.70 (avg of 30 runs)
2026-06-26 08:13:32   [39/45] Processing Query Q39...
2026-06-26 08:15:42     Query Q39 Score: 1.00 (avg of 30 runs)
2026-06-26 08:15:42   [40/45] Processing Query Q40...
2026-06-26 08:17:59     Query Q40 Score: 1.00 (avg of 30 runs)
2026-06-26 08:17:59   [41/45] Processing Query Q41...
2026-06-26 08:20:36     Query Q41 Score: 0.90 (avg of 30 runs)
2026-06-26 08:20:36   [42/45] Processing Query Q42...
2026-06-26 08:23:04     Query Q42 Score: 0.95 (avg of 30 runs)
2026-06-26 08:23:04   [43/45] Processing Query Q43...
2026-06-26 08:25:41     Query Q43 Score: 1.00 (avg of 30 runs)
2026-06-26 08:25:41   [44/45] Processing Query Q48...
2026-06-26 08:28:49     Query Q48 Score: 0.85 (avg of 30 runs)
2026-06-26 08:28:49   [45/45] Processing Query Q49...
2026-06-26 08:35:40     Query Q49 Score: 0.75 (avg of 30 runs)
2026-06-26 08:35:40 Saved validation results to /home/virtualuser/model_evaluation/autoresearch/archive/run_20260626_003204/outputs/validation_results_iter4_20260626_083540.csv
2026-06-26 08:35:40 Validation run completed. Overall Mean Score: 0.8872
2026-06-26 08:35:40 Candidate Score: 0.8872 (Delta: +0.0152)
2026-06-26 08:35:40 >>> SUCCESS: Score improved! Saving new champion prompt.
2026-06-26 08:35:40 Iteration #4 logged successfully to experiments.json.
2026-06-26 08:35:40 
2026-06-26 08:35:40 =========================================
2026-06-26 08:35:40 STARTING ITERATION #5
2026-06-26 08:35:40 =========================================
2026-06-26 08:35:40 Current Champion Score: 0.8872
2026-06-26 08:35:40 Failing queries to fix: 21
2026-06-26 08:35:40 Calling Optimizer Agent to refine instructions...
2026-06-26 08:37:38 Starting validation run on 45 queries x30 runs...
2026-06-26 08:37:38   [1/45] Processing Query Q01...
2026-06-26 08:39:37     Query Q01 Score: 1.00 (avg of 30 runs)
2026-06-26 08:39:37   [2/45] Processing Query Q02...
2026-06-26 08:42:06     Query Q02 Score: 1.00 (avg of 30 runs)
2026-06-26 08:42:06   [3/45] Processing Query Q03...
2026-06-26 08:44:37     Query Q03 Score: 1.00 (avg of 30 runs)
2026-06-26 08:44:37   [4/45] Processing Query Q04...
2026-06-26 08:47:46     Query Q04 Score: 0.51 (avg of 30 runs)
2026-06-26 08:47:46   [5/45] Processing Query Q05...
2026-06-26 08:50:31     Query Q05 Score: 0.30 (avg of 30 runs)
2026-06-26 08:50:31   [6/45] Processing Query Q06...
2026-06-26 08:53:15     Query Q06 Score: 0.50 (avg of 30 runs)
2026-06-26 08:53:15   [7/45] Processing Query Q07...
2026-06-26 08:55:37     Query Q07 Score: 1.00 (avg of 30 runs)
2026-06-26 08:55:37   [8/45] Processing Query Q08...
2026-06-26 08:57:56     Query Q08 Score: 1.00 (avg of 30 runs)
2026-06-26 08:57:56   [9/45] Processing Query Q09...
2026-06-26 09:00:44     Query Q09 Score: 0.50 (avg of 30 runs)
2026-06-26 09:00:44   [10/45] Processing Query Q10...
2026-06-26 09:03:24     Query Q10 Score: 1.00 (avg of 30 runs)
2026-06-26 09:03:24   [11/45] Processing Query Q11...
2026-06-26 09:07:31     Query Q11 Score: 0.30 (avg of 30 runs)
2026-06-26 09:07:31   [12/45] Processing Query Q12...
2026-06-26 09:09:28     Query Q12 Score: 1.00 (avg of 30 runs)
2026-06-26 09:09:28   [13/45] Processing Query Q13...
2026-06-26 09:12:23     Query Q13 Score: 0.40 (avg of 30 runs)
2026-06-26 09:12:23   [14/45] Processing Query Q14...
2026-06-26 09:14:28     Query Q14 Score: 0.85 (avg of 30 runs)
2026-06-26 09:14:28   [15/45] Processing Query Q15...
2026-06-26 09:17:22     Query Q15 Score: 1.00 (avg of 30 runs)
2026-06-26 09:17:22   [16/45] Processing Query Q16...
2026-06-26 09:20:36     Query Q16 Score: 1.00 (avg of 30 runs)
2026-06-26 09:20:36   [17/45] Processing Query Q17...
2026-06-26 09:22:57     Query Q17 Score: 1.00 (avg of 30 runs)
2026-06-26 09:22:57   [18/45] Processing Query Q18...
2026-06-26 09:25:19     Query Q18 Score: 1.00 (avg of 30 runs)
2026-06-26 09:25:19   [19/45] Processing Query Q19...
2026-06-26 09:31:27     Query Q19 Score: 0.99 (avg of 30 runs)
2026-06-26 09:31:27   [20/45] Processing Query Q20...
2026-06-26 09:34:16     Query Q20 Score: 1.00 (avg of 30 runs)
2026-06-26 09:34:16   [21/45] Processing Query Q21...
2026-06-26 09:36:36     Query Q21 Score: 1.00 (avg of 30 runs)
2026-06-26 09:36:36   [22/45] Processing Query Q22...
2026-06-26 09:38:46     Query Q22 Score: 1.00 (avg of 30 runs)
2026-06-26 09:38:46   [23/45] Processing Query Q23...
2026-06-26 09:41:38     Query Q23 Score: 0.99 (avg of 30 runs)
2026-06-26 09:41:38   [24/45] Processing Query Q24...
2026-06-26 09:43:45     Query Q24 Score: 1.00 (avg of 30 runs)
2026-06-26 09:43:45   [25/45] Processing Query Q25...
2026-06-26 09:46:07     Query Q25 Score: 1.00 (avg of 30 runs)
2026-06-26 09:46:07   [26/45] Processing Query Q26...
2026-06-26 09:48:04     Query Q26 Score: 1.00 (avg of 30 runs)
2026-06-26 09:48:04   [27/45] Processing Query Q27...
2026-06-26 09:50:06     Query Q27 Score: 1.00 (avg of 30 runs)
2026-06-26 09:50:06   [28/45] Processing Query Q28...
2026-06-26 09:52:02     Query Q28 Score: 1.00 (avg of 30 runs)
2026-06-26 09:52:02   [29/45] Processing Query Q29...
2026-06-26 09:54:34     Query Q29 Score: 1.00 (avg of 30 runs)
2026-06-26 09:54:34   [30/45] Processing Query Q30...
2026-06-26 09:57:00     Query Q30 Score: 1.00 (avg of 30 runs)
2026-06-26 09:57:00   [31/45] Processing Query Q31...
2026-06-26 09:59:17     Query Q31 Score: 1.00 (avg of 30 runs)
2026-06-26 09:59:17   [32/45] Processing Query Q32...
2026-06-26 10:02:08     Query Q32 Score: 1.00 (avg of 30 runs)
2026-06-26 10:02:08   [33/45] Processing Query Q33...
2026-06-26 10:05:52     Query Q33 Score: 0.69 (avg of 30 runs)
2026-06-26 10:05:52   [34/45] Processing Query Q34...
2026-06-26 10:08:19     Query Q34 Score: 1.00 (avg of 30 runs)
2026-06-26 10:08:19   [35/45] Processing Query Q35...
2026-06-26 10:10:09     Query Q35 Score: 1.00 (avg of 30 runs)
2026-06-26 10:10:09   [36/45] Processing Query Q36...
2026-06-26 10:12:44     Query Q36 Score: 1.00 (avg of 30 runs)
2026-06-26 10:12:44   [37/45] Processing Query Q37...
2026-06-26 10:15:10     Query Q37 Score: 1.00 (avg of 30 runs)
2026-06-26 10:15:10   [38/45] Processing Query Q38...
2026-06-26 10:17:26     Query Q38 Score: 0.70 (avg of 30 runs)
2026-06-26 10:17:26   [39/45] Processing Query Q39...
2026-06-26 10:19:32     Query Q39 Score: 1.00 (avg of 30 runs)
2026-06-26 10:19:32   [40/45] Processing Query Q40...
2026-06-26 10:21:49     Query Q40 Score: 1.00 (avg of 30 runs)
2026-06-26 10:21:49   [41/45] Processing Query Q41...
2026-06-26 10:24:28     Query Q41 Score: 0.90 (avg of 30 runs)
2026-06-26 10:24:28   [42/45] Processing Query Q42...
2026-06-26 10:26:43     Query Q42 Score: 1.00 (avg of 30 runs)
2026-06-26 10:26:43   [43/45] Processing Query Q43...
2026-06-26 10:29:14     Query Q43 Score: 1.00 (avg of 30 runs)
2026-06-26 10:29:14   [44/45] Processing Query Q48...
2026-06-26 10:32:28     Query Q48 Score: 0.85 (avg of 30 runs)
2026-06-26 10:32:28   [45/45] Processing Query Q49...
2026-06-26 10:36:23     Query Q49 Score: 0.42 (avg of 30 runs)
2026-06-26 10:36:23 Saved validation results to /home/virtualuser/model_evaluation/autoresearch/archive/run_20260626_003204/outputs/validation_results_iter5_20260626_103623.csv
2026-06-26 10:36:23 Validation run completed. Overall Mean Score: 0.8865
2026-06-26 10:36:23 Candidate Score: 0.8865 (Delta: -0.0007)
2026-06-26 10:36:23 >>> FAILURE: Score did not improve. Discarding changes.
2026-06-26 10:36:23 Iteration #5 logged successfully to experiments.json.
2026-06-26 10:36:23 
2026-06-26 10:36:23 =========================================
2026-06-26 10:36:23 STARTING ITERATION #6
2026-06-26 10:36:23 =========================================
2026-06-26 10:36:23 Current Champion Score: 0.8872
2026-06-26 10:36:23 Failing queries to fix: 21
2026-06-26 10:36:23 Calling Optimizer Agent to refine instructions...
2026-06-26 10:38:17 Starting validation run on 45 queries x30 runs...
2026-06-26 10:38:17   [1/45] Processing Query Q01...
2026-06-26 10:40:21     Query Q01 Score: 1.00 (avg of 30 runs)
2026-06-26 10:40:21   [2/45] Processing Query Q02...
2026-06-26 10:43:04     Query Q02 Score: 0.95 (avg of 30 runs)
2026-06-26 10:43:04   [3/45] Processing Query Q03...
2026-06-26 10:45:38     Query Q03 Score: 1.00 (avg of 30 runs)
2026-06-26 10:45:38   [4/45] Processing Query Q04...
2026-06-26 10:48:51     Query Q04 Score: 0.51 (avg of 30 runs)
2026-06-26 10:48:51   [5/45] Processing Query Q05...
2026-06-26 10:51:54     Query Q05 Score: 0.39 (avg of 30 runs)
2026-06-26 10:51:54   [6/45] Processing Query Q06...
2026-06-26 10:54:57     Query Q06 Score: 0.42 (avg of 30 runs)
2026-06-26 10:54:57   [7/45] Processing Query Q07...
2026-06-26 10:57:21     Query Q07 Score: 1.00 (avg of 30 runs)
2026-06-26 10:57:21   [8/45] Processing Query Q08...
2026-06-26 10:59:41     Query Q08 Score: 1.00 (avg of 30 runs)
2026-06-26 10:59:41   [9/45] Processing Query Q09...
2026-06-26 11:03:59     Query Q09 Score: 0.50 (avg of 30 runs)
2026-06-26 11:03:59   [10/45] Processing Query Q10...
2026-06-26 11:06:40     Query Q10 Score: 1.00 (avg of 30 runs)
2026-06-26 11:06:40   [11/45] Processing Query Q11...
2026-06-26 11:10:37     Query Q11 Score: 0.30 (avg of 30 runs)
2026-06-26 11:10:37   [12/45] Processing Query Q12...
2026-06-26 11:12:49     Query Q12 Score: 1.00 (avg of 30 runs)
2026-06-26 11:12:49   [13/45] Processing Query Q13...
2026-06-26 11:15:46     Query Q13 Score: 0.66 (avg of 30 runs)
2026-06-26 11:15:46   [14/45] Processing Query Q14...
2026-06-26 11:17:58     Query Q14 Score: 0.85 (avg of 30 runs)
2026-06-26 11:17:58   [15/45] Processing Query Q15...
2026-06-26 11:21:01     Query Q15 Score: 0.95 (avg of 30 runs)
2026-06-26 11:21:01   [16/45] Processing Query Q16...
2026-06-26 11:24:09     Query Q16 Score: 1.00 (avg of 30 runs)
2026-06-26 11:24:09   [17/45] Processing Query Q17...
2026-06-26 11:26:30     Query Q17 Score: 1.00 (avg of 30 runs)
2026-06-26 11:26:30   [18/45] Processing Query Q18...
2026-06-26 11:28:54     Query Q18 Score: 1.00 (avg of 30 runs)
2026-06-26 11:28:54   [19/45] Processing Query Q19...
2026-06-26 11:33:43     Query Q19 Score: 0.98 (avg of 30 runs)
2026-06-26 11:33:43   [20/45] Processing Query Q20...
2026-06-26 11:36:37     Query Q20 Score: 0.85 (avg of 30 runs)
2026-06-26 11:36:37   [21/45] Processing Query Q21...
2026-06-26 11:38:56     Query Q21 Score: 1.00 (avg of 30 runs)
2026-06-26 11:38:56   [22/45] Processing Query Q22...
2026-06-26 11:41:06     Query Q22 Score: 1.00 (avg of 30 runs)
2026-06-26 11:41:06   [23/45] Processing Query Q23...
2026-06-26 11:44:03     Query Q23 Score: 1.00 (avg of 30 runs)
2026-06-26 11:44:03   [24/45] Processing Query Q24...
2026-06-26 11:46:06     Query Q24 Score: 1.00 (avg of 30 runs)
2026-06-26 11:46:06   [25/45] Processing Query Q25...
2026-06-26 11:48:26     Query Q25 Score: 1.00 (avg of 30 runs)
2026-06-26 11:48:26   [26/45] Processing Query Q26...
2026-06-26 11:50:25     Query Q26 Score: 1.00 (avg of 30 runs)
2026-06-26 11:50:25   [27/45] Processing Query Q27...
2026-06-26 11:52:32     Query Q27 Score: 1.00 (avg of 30 runs)
2026-06-26 11:52:32   [28/45] Processing Query Q28...
2026-06-26 11:54:38     Query Q28 Score: 1.00 (avg of 30 runs)
2026-06-26 11:54:38   [29/45] Processing Query Q29...
2026-06-26 11:57:19     Query Q29 Score: 1.00 (avg of 30 runs)
2026-06-26 11:57:19   [30/45] Processing Query Q30...
2026-06-26 11:59:48     Query Q30 Score: 1.00 (avg of 30 runs)
2026-06-26 11:59:48   [31/45] Processing Query Q31...
2026-06-26 12:02:04     Query Q31 Score: 1.00 (avg of 30 runs)
2026-06-26 12:02:04   [32/45] Processing Query Q32...
2026-06-26 12:04:56     Query Q32 Score: 1.00 (avg of 30 runs)
2026-06-26 12:04:56   [33/45] Processing Query Q33...
2026-06-26 12:08:34     Query Q33 Score: 0.59 (avg of 30 runs)
2026-06-26 12:08:34   [34/45] Processing Query Q34...
2026-06-26 12:10:59     Query Q34 Score: 1.00 (avg of 30 runs)
2026-06-26 12:10:59   [35/45] Processing Query Q35...
2026-06-26 12:12:46     Query Q35 Score: 1.00 (avg of 30 runs)
2026-06-26 12:12:46   [36/45] Processing Query Q36...
2026-06-26 12:15:26     Query Q36 Score: 1.00 (avg of 30 runs)
2026-06-26 12:15:26   [37/45] Processing Query Q37...
2026-06-26 12:17:51     Query Q37 Score: 1.00 (avg of 30 runs)
2026-06-26 12:17:51   [38/45] Processing Query Q38...
2026-06-26 12:19:59     Query Q38 Score: 0.75 (avg of 30 runs)
2026-06-26 12:19:59   [39/45] Processing Query Q39...
2026-06-26 12:22:36     Query Q39 Score: 0.95 (avg of 30 runs)
2026-06-26 12:22:36   [40/45] Processing Query Q40...
2026-06-26 12:24:53     Query Q40 Score: 1.00 (avg of 30 runs)
2026-06-26 12:24:53   [41/45] Processing Query Q41...
2026-06-26 12:27:31     Query Q41 Score: 0.90 (avg of 30 runs)
2026-06-26 12:27:31   [42/45] Processing Query Q42...
2026-06-26 12:29:50     Query Q42 Score: 1.00 (avg of 30 runs)
2026-06-26 12:29:50   [43/45] Processing Query Q43...
2026-06-26 12:32:23     Query Q43 Score: 1.00 (avg of 30 runs)
2026-06-26 12:32:23   [44/45] Processing Query Q48...
2026-06-26 12:35:31     Query Q48 Score: 0.84 (avg of 30 runs)
2026-06-26 12:35:31   [45/45] Processing Query Q49...
2026-06-26 12:48:53     Query Q49 Score: 0.40 (avg of 30 runs)
2026-06-26 12:48:53 Saved validation results to /home/virtualuser/model_evaluation/autoresearch/archive/run_20260626_003204/outputs/validation_results_iter6_20260626_124853.csv
2026-06-26 12:48:53 Validation run completed. Overall Mean Score: 0.8843
2026-06-26 12:48:53 Candidate Score: 0.8843 (Delta: -0.0029)
2026-06-26 12:48:53 >>> FAILURE: Score did not improve. Discarding changes.
2026-06-26 12:48:53 Iteration #6 logged successfully to experiments.json.
2026-06-26 12:48:53 
2026-06-26 12:48:53 =========================================
2026-06-26 12:48:53 STARTING ITERATION #7
2026-06-26 12:48:53 =========================================
2026-06-26 12:48:53 Current Champion Score: 0.8872
2026-06-26 12:48:53 Failing queries to fix: 21
2026-06-26 12:48:53 Calling Optimizer Agent to refine instructions...
2026-06-26 12:50:41 Starting validation run on 45 queries x30 runs...
2026-06-26 12:50:41   [1/45] Processing Query Q01...
2026-06-26 12:52:46     Query Q01 Score: 1.00 (avg of 30 runs)
2026-06-26 12:52:46   [2/45] Processing Query Q02...
2026-06-26 12:55:22     Query Q02 Score: 0.85 (avg of 30 runs)
2026-06-26 12:55:22   [3/45] Processing Query Q03...
2026-06-26 12:57:53     Query Q03 Score: 1.00 (avg of 30 runs)
2026-06-26 12:57:53   [4/45] Processing Query Q04...
2026-06-26 13:01:00     Query Q04 Score: 0.65 (avg of 30 runs)
2026-06-26 13:01:00   [5/45] Processing Query Q05...
2026-06-26 13:03:40     Query Q05 Score: 0.30 (avg of 30 runs)
2026-06-26 13:03:40   [6/45] Processing Query Q06...
2026-06-26 13:06:18     Query Q06 Score: 1.00 (avg of 30 runs)
2026-06-26 13:06:18   [7/45] Processing Query Q07...
2026-06-26 13:08:41     Query Q07 Score: 1.00 (avg of 30 runs)
2026-06-26 13:08:41   [8/45] Processing Query Q08...
2026-06-26 13:11:01     Query Q08 Score: 1.00 (avg of 30 runs)
2026-06-26 13:11:01   [9/45] Processing Query Q09...
2026-06-26 13:15:00     Query Q09 Score: 0.50 (avg of 30 runs)
2026-06-26 13:15:00   [10/45] Processing Query Q10...
2026-06-26 13:17:40     Query Q10 Score: 1.00 (avg of 30 runs)
2026-06-26 13:17:40   [11/45] Processing Query Q11...
2026-06-26 13:21:31     Query Q11 Score: 0.30 (avg of 30 runs)
2026-06-26 13:21:31   [12/45] Processing Query Q12...
2026-06-26 13:23:41     Query Q12 Score: 1.00 (avg of 30 runs)
2026-06-26 13:23:41   [13/45] Processing Query Q13...
2026-06-26 13:26:29     Query Q13 Score: 0.40 (avg of 30 runs)
2026-06-26 13:26:29   [14/45] Processing Query Q14...
2026-06-26 13:28:35     Query Q14 Score: 0.85 (avg of 30 runs)
2026-06-26 13:28:35   [15/45] Processing Query Q15...
2026-06-26 13:31:29     Query Q15 Score: 1.00 (avg of 30 runs)
2026-06-26 13:31:29   [16/45] Processing Query Q16...
2026-06-26 13:34:11     Query Q16 Score: 0.53 (avg of 30 runs)
2026-06-26 13:34:11   [17/45] Processing Query Q17...
2026-06-26 13:36:32     Query Q17 Score: 1.00 (avg of 30 runs)
2026-06-26 13:36:32   [18/45] Processing Query Q18...
2026-06-26 13:38:55     Query Q18 Score: 1.00 (avg of 30 runs)
2026-06-26 13:38:55   [19/45] Processing Query Q19...
2026-06-26 13:41:32     Query Q19 Score: 0.74 (avg of 30 runs)
2026-06-26 13:41:32   [20/45] Processing Query Q20...
2026-06-26 13:51:12     Query Q20 Score: 0.61 (avg of 30 runs)
2026-06-26 13:51:12   [21/45] Processing Query Q21...
2026-06-26 13:53:30     Query Q21 Score: 1.00 (avg of 30 runs)
2026-06-26 13:53:30   [22/45] Processing Query Q22...
2026-06-26 13:55:56     Query Q22 Score: 0.95 (avg of 30 runs)
2026-06-26 13:55:56   [23/45] Processing Query Q23...
2026-06-26 13:59:00     Query Q23 Score: 0.99 (avg of 30 runs)
2026-06-26 13:59:00   [24/45] Processing Query Q24...
2026-06-26 14:01:09     Query Q24 Score: 1.00 (avg of 30 runs)
2026-06-26 14:01:09   [25/45] Processing Query Q25...
2026-06-26 14:03:35     Query Q25 Score: 1.00 (avg of 30 runs)
2026-06-26 14:03:35   [26/45] Processing Query Q26...
2026-06-26 14:05:32     Query Q26 Score: 1.00 (avg of 30 runs)
2026-06-26 14:05:32   [27/45] Processing Query Q27...
2026-06-26 14:09:43     Query Q27 Score: 1.00 (avg of 30 runs)
2026-06-26 14:09:43   [28/45] Processing Query Q28...
2026-06-26 14:11:47     Query Q28 Score: 1.00 (avg of 30 runs)
2026-06-26 14:11:47   [29/45] Processing Query Q29...
2026-06-26 14:14:22     Query Q29 Score: 1.00 (avg of 30 runs)
2026-06-26 14:14:22   [30/45] Processing Query Q30...
2026-06-26 14:16:49     Query Q30 Score: 1.00 (avg of 30 runs)
2026-06-26 14:16:49   [31/45] Processing Query Q31...
2026-06-26 14:19:27     Query Q31 Score: 0.95 (avg of 30 runs)
2026-06-26 14:19:27   [32/45] Processing Query Q32...
2026-06-26 14:22:17     Query Q32 Score: 1.00 (avg of 30 runs)
2026-06-26 14:22:17   [33/45] Processing Query Q33...
2026-06-26 14:25:57     Query Q33 Score: 0.60 (avg of 30 runs)
2026-06-26 14:25:57   [34/45] Processing Query Q34...
2026-06-26 14:28:19     Query Q34 Score: 1.00 (avg of 30 runs)
2026-06-26 14:28:19   [35/45] Processing Query Q35...
2026-06-26 14:30:08     Query Q35 Score: 1.00 (avg of 30 runs)
2026-06-26 14:30:08   [36/45] Processing Query Q36...
2026-06-26 14:32:35     Query Q36 Score: 0.60 (avg of 30 runs)
2026-06-26 14:32:35   [37/45] Processing Query Q37...
2026-06-26 14:34:58     Query Q37 Score: 1.00 (avg of 30 runs)
2026-06-26 14:34:58   [38/45] Processing Query Q38...
2026-06-26 14:37:13     Query Q38 Score: 0.70 (avg of 30 runs)
2026-06-26 14:37:13   [39/45] Processing Query Q39...
2026-06-26 14:39:29     Query Q39 Score: 0.95 (avg of 30 runs)
2026-06-26 14:39:29   [40/45] Processing Query Q40...
2026-06-26 14:41:51     Query Q40 Score: 1.00 (avg of 30 runs)
2026-06-26 14:41:51   [41/45] Processing Query Q41...
2026-06-26 14:44:35     Query Q41 Score: 0.95 (avg of 30 runs)
2026-06-26 14:44:35   [42/45] Processing Query Q42...
2026-06-26 14:46:53     Query Q42 Score: 1.00 (avg of 30 runs)
2026-06-26 14:46:53   [43/45] Processing Query Q43...
2026-06-26 14:49:25     Query Q43 Score: 1.00 (avg of 30 runs)
2026-06-26 14:49:25   [44/45] Processing Query Q48...
2026-06-26 14:52:30     Query Q48 Score: 0.85 (avg of 30 runs)
2026-06-26 14:52:30   [45/45] Processing Query Q49...
2026-06-26 15:06:39     Query Q49 Score: 0.66 (avg of 30 runs)
2026-06-26 15:06:39 Saved validation results to /home/virtualuser/model_evaluation/autoresearch/archive/run_20260626_003204/outputs/validation_results_iter7_20260626_150639.csv
2026-06-26 15:06:39 Validation run completed. Overall Mean Score: 0.8657
2026-06-26 15:06:39 Candidate Score: 0.8657 (Delta: -0.0215)
2026-06-26 15:06:39 >>> FAILURE: Score did not improve. Discarding changes.
2026-06-26 15:06:39 Iteration #7 logged successfully to experiments.json.
2026-06-26 15:06:39 
2026-06-26 15:06:39 =========================================
2026-06-26 15:06:39 STARTING ITERATION #8
2026-06-26 15:06:39 =========================================
2026-06-26 15:06:39 Current Champion Score: 0.8872
2026-06-26 15:06:39 Failing queries to fix: 21
2026-06-26 15:06:39 Calling Optimizer Agent to refine instructions...
2026-06-26 15:08:37 Starting validation run on 45 queries x30 runs...
2026-06-26 15:08:37   [1/45] Processing Query Q01...
2026-06-26 15:10:33     Query Q01 Score: 1.00 (avg of 30 runs)
2026-06-26 15:10:33   [2/45] Processing Query Q02...
2026-06-26 15:13:14     Query Q02 Score: 0.85 (avg of 30 runs)
2026-06-26 15:13:14   [3/45] Processing Query Q03...
2026-06-26 15:15:48     Query Q03 Score: 1.00 (avg of 30 runs)
2026-06-26 15:15:48   [4/45] Processing Query Q04...
2026-06-26 15:18:55     Query Q04 Score: 0.50 (avg of 30 runs)
2026-06-26 15:18:55   [5/45] Processing Query Q05...
2026-06-26 15:21:54     Query Q05 Score: 0.30 (avg of 30 runs)
2026-06-26 15:21:54   [6/45] Processing Query Q06...
2026-06-26 15:24:33     Query Q06 Score: 1.00 (avg of 30 runs)
2026-06-26 15:24:33   [7/45] Processing Query Q07...
2026-06-26 15:26:54     Query Q07 Score: 1.00 (avg of 30 runs)
2026-06-26 15:26:54   [8/45] Processing Query Q08...
2026-06-26 15:29:13     Query Q08 Score: 1.00 (avg of 30 runs)
2026-06-26 15:29:13   [9/45] Processing Query Q09...
2026-06-26 15:31:54     Query Q09 Score: 1.00 (avg of 30 runs)
2026-06-26 15:31:54   [10/45] Processing Query Q10...
2026-06-26 15:34:33     Query Q10 Score: 1.00 (avg of 30 runs)
2026-06-26 15:34:33   [11/45] Processing Query Q11...
2026-06-26 15:37:48     Query Q11 Score: 0.30 (avg of 30 runs)
2026-06-26 15:37:48   [12/45] Processing Query Q12...
2026-06-26 15:39:44     Query Q12 Score: 1.00 (avg of 30 runs)
2026-06-26 15:39:44   [13/45] Processing Query Q13...
2026-06-26 15:42:39     Query Q13 Score: 0.40 (avg of 30 runs)
2026-06-26 15:42:39   [14/45] Processing Query Q14...
2026-06-26 15:44:49     Query Q14 Score: 0.85 (avg of 30 runs)
2026-06-26 15:44:49   [15/45] Processing Query Q15...
2026-06-26 15:47:40     Query Q15 Score: 1.00 (avg of 30 runs)
2026-06-26 15:47:40   [16/45] Processing Query Q16...
2026-06-26 15:50:17     Query Q16 Score: 0.50 (avg of 30 runs)
2026-06-26 15:50:17   [17/45] Processing Query Q17...
2026-06-26 15:52:37     Query Q17 Score: 1.00 (avg of 30 runs)
2026-06-26 15:52:37   [18/45] Processing Query Q18...
2026-06-26 15:55:00     Query Q18 Score: 1.00 (avg of 30 runs)
2026-06-26 15:55:00   [19/45] Processing Query Q19...
2026-06-26 16:01:18     Query Q19 Score: 0.50 (avg of 30 runs)
2026-06-26 16:01:18   [20/45] Processing Query Q20...
2026-06-26 16:03:43     Query Q20 Score: 0.95 (avg of 30 runs)
2026-06-26 16:03:43   [21/45] Processing Query Q21...
2026-06-26 16:06:01     Query Q21 Score: 1.00 (avg of 30 runs)
2026-06-26 16:06:01   [22/45] Processing Query Q22...
2026-06-26 16:08:11     Query Q22 Score: 1.00 (avg of 30 runs)
2026-06-26 16:08:11   [23/45] Processing Query Q23...
2026-06-26 16:11:10     Query Q23 Score: 0.94 (avg of 30 runs)
2026-06-26 16:11:10   [24/45] Processing Query Q24...
2026-06-26 16:13:19     Query Q24 Score: 1.00 (avg of 30 runs)
2026-06-26 16:13:19   [25/45] Processing Query Q25...
2026-06-26 16:15:39     Query Q25 Score: 1.00 (avg of 30 runs)
2026-06-26 16:15:39   [26/45] Processing Query Q26...
2026-06-26 16:17:37     Query Q26 Score: 1.00 (avg of 30 runs)
2026-06-26 16:17:37   [27/45] Processing Query Q27...
2026-06-26 16:19:56     Query Q27 Score: 0.95 (avg of 30 runs)
2026-06-26 16:19:56   [28/45] Processing Query Q28...
2026-06-26 16:22:01     Query Q28 Score: 1.00 (avg of 30 runs)
2026-06-26 16:22:01   [29/45] Processing Query Q29...
2026-06-26 16:24:37     Query Q29 Score: 1.00 (avg of 30 runs)
2026-06-26 16:24:37   [30/45] Processing Query Q30...
2026-06-26 16:27:05     Query Q30 Score: 1.00 (avg of 30 runs)
2026-06-26 16:27:05   [31/45] Processing Query Q31...
2026-06-26 16:29:19     Query Q31 Score: 1.00 (avg of 30 runs)
2026-06-26 16:29:19   [32/45] Processing Query Q32...
2026-06-26 16:32:10     Query Q32 Score: 1.00 (avg of 30 runs)
2026-06-26 16:32:10   [33/45] Processing Query Q33...
2026-06-26 16:35:48     Query Q33 Score: 0.40 (avg of 30 runs)
2026-06-26 16:35:48   [34/45] Processing Query Q34...
2026-06-26 16:38:16     Query Q34 Score: 0.95 (avg of 30 runs)
2026-06-26 16:38:16   [35/45] Processing Query Q35...
2026-06-26 16:40:05     Query Q35 Score: 1.00 (avg of 30 runs)
2026-06-26 16:40:05   [36/45] Processing Query Q36...
2026-06-26 16:42:31     Query Q36 Score: 0.60 (avg of 30 runs)
2026-06-26 16:42:31   [37/45] Processing Query Q37...
2026-06-26 16:44:55     Query Q37 Score: 1.00 (avg of 30 runs)
2026-06-26 16:44:55   [38/45] Processing Query Q38...
2026-06-26 16:47:10     Query Q38 Score: 0.70 (avg of 30 runs)
2026-06-26 16:47:10   [39/45] Processing Query Q39...
2026-06-26 16:49:17     Query Q39 Score: 1.00 (avg of 30 runs)
2026-06-26 16:49:17   [40/45] Processing Query Q40...
2026-06-26 16:51:32     Query Q40 Score: 1.00 (avg of 30 runs)
2026-06-26 16:51:32   [41/45] Processing Query Q41...
2026-06-26 16:54:23     Query Q41 Score: 0.95 (avg of 30 runs)
2026-06-26 16:54:23   [42/45] Processing Query Q42...
2026-06-26 16:56:43     Query Q42 Score: 1.00 (avg of 30 runs)
2026-06-26 16:56:43   [43/45] Processing Query Q43...
2026-06-26 16:59:17     Query Q43 Score: 1.00 (avg of 30 runs)
2026-06-26 16:59:17   [44/45] Processing Query Q48...
2026-06-26 17:02:29     Query Q48 Score: 0.85 (avg of 30 runs)
2026-06-26 17:02:29   [45/45] Processing Query Q49...
2026-06-26 17:16:26     Query Q49 Score: 0.84 (avg of 30 runs)
2026-06-26 17:16:27 Saved validation results to /home/virtualuser/model_evaluation/autoresearch/archive/run_20260626_003204/outputs/validation_results_iter8_20260626_171626.csv
2026-06-26 17:16:27 Validation run completed. Overall Mean Score: 0.8741
2026-06-26 17:16:27 Candidate Score: 0.8741 (Delta: -0.0131)
2026-06-26 17:16:27 >>> FAILURE: Score did not improve. Discarding changes.
2026-06-26 17:16:27 Iteration #8 logged successfully to experiments.json.
2026-06-26 17:16:27 
2026-06-26 17:16:27 =========================================
2026-06-26 17:16:27 STARTING ITERATION #9
2026-06-26 17:16:27 =========================================
2026-06-26 17:16:27 Current Champion Score: 0.8872
2026-06-26 17:16:27 Failing queries to fix: 21
2026-06-26 17:16:27 Calling Optimizer Agent to refine instructions...
2026-06-26 17:18:21 Starting validation run on 45 queries x30 runs...
2026-06-26 17:18:21   [1/45] Processing Query Q01...
2026-06-26 17:20:26     Query Q01 Score: 1.00 (avg of 30 runs)
2026-06-26 17:20:26   [2/45] Processing Query Q02...
2026-06-26 17:22:59     Query Q02 Score: 1.00 (avg of 30 runs)
2026-06-26 17:22:59   [3/45] Processing Query Q03...
2026-06-26 17:25:15     Query Q03 Score: 1.00 (avg of 30 runs)
2026-06-26 17:25:15   [4/45] Processing Query Q04...
2026-06-26 17:28:02     Query Q04 Score: 1.00 (avg of 30 runs)
2026-06-26 17:28:02   [5/45] Processing Query Q05...
2026-06-26 17:30:59     Query Q05 Score: 0.30 (avg of 30 runs)
2026-06-26 17:30:59   [6/45] Processing Query Q06...
2026-06-26 17:34:14     Query Q06 Score: 0.40 (avg of 30 runs)
2026-06-26 17:34:14   [7/45] Processing Query Q07...
2026-06-26 17:36:36     Query Q07 Score: 1.00 (avg of 30 runs)
2026-06-26 17:36:36   [8/45] Processing Query Q08...
2026-06-26 17:38:56     Query Q08 Score: 1.00 (avg of 30 runs)
2026-06-26 17:38:56   [9/45] Processing Query Q09...
2026-06-26 17:41:42     Query Q09 Score: 1.00 (avg of 30 runs)
2026-06-26 17:41:42   [10/45] Processing Query Q10...
2026-06-26 17:44:19     Query Q10 Score: 1.00 (avg of 30 runs)
2026-06-26 17:44:19   [11/45] Processing Query Q11...
2026-06-26 17:48:19     Query Q11 Score: 0.40 (avg of 30 runs)
2026-06-26 17:48:19   [12/45] Processing Query Q12...
2026-06-26 17:50:24     Query Q12 Score: 1.00 (avg of 30 runs)
2026-06-26 17:50:24   [13/45] Processing Query Q13...
2026-06-26 17:53:18     Query Q13 Score: 0.40 (avg of 30 runs)
2026-06-26 17:53:18   [14/45] Processing Query Q14...
2026-06-26 17:55:29     Query Q14 Score: 0.85 (avg of 30 runs)
2026-06-26 17:55:29   [15/45] Processing Query Q15...
2026-06-26 17:58:23     Query Q15 Score: 1.00 (avg of 30 runs)
2026-06-26 17:58:23   [16/45] Processing Query Q16...
2026-06-26 18:03:46     Query Q16 Score: 1.00 (avg of 30 runs)
2026-06-26 18:03:46   [17/45] Processing Query Q17...
2026-06-26 18:06:08     Query Q17 Score: 1.00 (avg of 30 runs)
2026-06-26 18:06:08   [18/45] Processing Query Q18...
2026-06-26 18:08:29     Query Q18 Score: 1.00 (avg of 30 runs)
2026-06-26 18:08:29   [19/45] Processing Query Q19...
2026-06-26 18:14:59     Query Q19 Score: 0.31 (avg of 30 runs)
2026-06-26 18:14:59   [20/45] Processing Query Q20...
2026-06-26 18:18:00     Query Q20 Score: 0.62 (avg of 30 runs)
2026-06-26 18:18:00   [21/45] Processing Query Q21...
2026-06-26 18:20:18     Query Q21 Score: 1.00 (avg of 30 runs)
2026-06-26 18:20:18   [22/45] Processing Query Q22...
2026-06-26 18:22:27     Query Q22 Score: 1.00 (avg of 30 runs)
2026-06-26 18:22:27   [23/45] Processing Query Q23...
2026-06-26 18:25:15     Query Q23 Score: 0.50 (avg of 30 runs)
2026-06-26 18:25:15   [24/45] Processing Query Q24...
2026-06-26 18:27:24     Query Q24 Score: 1.00 (avg of 30 runs)
2026-06-26 18:27:24   [25/45] Processing Query Q25...
2026-06-26 18:29:44     Query Q25 Score: 1.00 (avg of 30 runs)
2026-06-26 18:29:44   [26/45] Processing Query Q26...
2026-06-26 18:31:40     Query Q26 Score: 1.00 (avg of 30 runs)
2026-06-26 18:31:40   [27/45] Processing Query Q27...
2026-06-26 18:33:59     Query Q27 Score: 0.95 (avg of 30 runs)
2026-06-26 18:33:59   [28/45] Processing Query Q28...
2026-06-26 18:35:56     Query Q28 Score: 1.00 (avg of 30 runs)
2026-06-26 18:35:56   [29/45] Processing Query Q29...
2026-06-26 18:38:33     Query Q29 Score: 0.95 (avg of 30 runs)
2026-06-26 18:38:33   [30/45] Processing Query Q30...
2026-06-26 18:41:00     Query Q30 Score: 1.00 (avg of 30 runs)
2026-06-26 18:41:00   [31/45] Processing Query Q31...
2026-06-26 18:43:15     Query Q31 Score: 1.00 (avg of 30 runs)
2026-06-26 18:43:15   [32/45] Processing Query Q32...
2026-06-26 18:46:05     Query Q32 Score: 1.00 (avg of 30 runs)
2026-06-26 18:46:05   [33/45] Processing Query Q33...
2026-06-26 18:53:42     Query Q33 Score: 0.57 (avg of 30 runs)
2026-06-26 18:53:42   [34/45] Processing Query Q34...
2026-06-26 18:56:05     Query Q34 Score: 0.95 (avg of 30 runs)
2026-06-26 18:56:05   [35/45] Processing Query Q35...
2026-06-26 18:57:53     Query Q35 Score: 1.00 (avg of 30 runs)
2026-06-26 18:57:53   [36/45] Processing Query Q36...
2026-06-26 19:00:28     Query Q36 Score: 0.40 (avg of 30 runs)
2026-06-26 19:00:28   [37/45] Processing Query Q37...
2026-06-26 19:03:02     Query Q37 Score: 0.95 (avg of 30 runs)
2026-06-26 19:03:02   [38/45] Processing Query Q38...
2026-06-26 19:05:17     Query Q38 Score: 0.70 (avg of 30 runs)
2026-06-26 19:05:17   [39/45] Processing Query Q39...
2026-06-26 19:07:25     Query Q39 Score: 1.00 (avg of 30 runs)
2026-06-26 19:07:25   [40/45] Processing Query Q40...
2026-06-26 19:09:41     Query Q40 Score: 1.00 (avg of 30 runs)
2026-06-26 19:09:41   [41/45] Processing Query Q41...
2026-06-26 19:12:18     Query Q41 Score: 0.90 (avg of 30 runs)
2026-06-26 19:12:18   [42/45] Processing Query Q42...
2026-06-26 19:14:35     Query Q42 Score: 1.00 (avg of 30 runs)
2026-06-26 19:14:35   [43/45] Processing Query Q43...
2026-06-26 19:17:06     Query Q43 Score: 1.00 (avg of 30 runs)
2026-06-26 19:17:06   [44/45] Processing Query Q48...
2026-06-26 19:20:56     Query Q48 Score: 0.42 (avg of 30 runs)
2026-06-26 19:20:56   [45/45] Processing Query Q49...
2026-06-26 19:24:40     Query Q49 Score: 0.33 (avg of 30 runs)
2026-06-26 19:24:40 Saved validation results to /home/virtualuser/model_evaluation/autoresearch/archive/run_20260626_003204/outputs/validation_results_iter9_20260626_192440.csv
2026-06-26 19:24:40 Validation run completed. Overall Mean Score: 0.8420
2026-06-26 19:24:40 Candidate Score: 0.8420 (Delta: -0.0451)
2026-06-26 19:24:40 >>> FAILURE: Score did not improve. Discarding changes.
2026-06-26 19:24:40 Iteration #9 logged successfully to experiments.json.
2026-06-26 19:24:40 
2026-06-26 19:24:40 =========================================
2026-06-26 19:24:40 STARTING ITERATION #10
2026-06-26 19:24:40 =========================================
2026-06-26 19:24:40 Current Champion Score: 0.8872
2026-06-26 19:24:40 Failing queries to fix: 21
2026-06-26 19:24:40 Calling Optimizer Agent to refine instructions...
2026-06-26 19:26:34 Starting validation run on 45 queries x30 runs...
2026-06-26 19:26:34   [1/45] Processing Query Q01...
2026-06-26 19:28:43     Query Q01 Score: 1.00 (avg of 30 runs)
2026-06-26 19:28:43   [2/45] Processing Query Q02...
2026-06-26 19:31:13     Query Q02 Score: 1.00 (avg of 30 runs)
2026-06-26 19:31:13   [3/45] Processing Query Q03...
2026-06-26 19:33:45     Query Q03 Score: 1.00 (avg of 30 runs)
2026-06-26 19:33:45   [4/45] Processing Query Q04...
2026-06-26 19:36:19     Query Q04 Score: 1.00 (avg of 30 runs)
2026-06-26 19:36:19   [5/45] Processing Query Q05...
2026-06-26 19:38:58     Query Q05 Score: 0.30 (avg of 30 runs)
2026-06-26 19:38:58   [6/45] Processing Query Q06...
2026-06-26 19:41:36     Query Q06 Score: 1.00 (avg of 30 runs)
2026-06-26 19:41:36   [7/45] Processing Query Q07...
2026-06-26 19:43:57     Query Q07 Score: 1.00 (avg of 30 runs)
2026-06-26 19:43:57   [8/45] Processing Query Q08...
2026-06-26 19:46:15     Query Q08 Score: 1.00 (avg of 30 runs)
2026-06-26 19:46:15   [9/45] Processing Query Q09...
2026-06-26 19:51:43     Query Q09 Score: 0.50 (avg of 30 runs)
2026-06-26 19:51:43   [10/45] Processing Query Q10...
2026-06-26 19:54:24     Query Q10 Score: 1.00 (avg of 30 runs)
2026-06-26 19:54:24   [11/45] Processing Query Q11...
2026-06-26 19:58:20     Query Q11 Score: 0.21 (avg of 30 runs)
2026-06-26 19:58:20   [12/45] Processing Query Q12...
2026-06-26 20:00:30     Query Q12 Score: 1.00 (avg of 30 runs)
2026-06-26 20:00:30   [13/45] Processing Query Q13...
2026-06-26 20:03:22     Query Q13 Score: 0.42 (avg of 30 runs)
2026-06-26 20:03:22   [14/45] Processing Query Q14...
2026-06-26 20:05:32     Query Q14 Score: 0.84 (avg of 30 runs)
2026-06-26 20:05:32   [15/45] Processing Query Q15...
2026-06-26 20:08:37     Query Q15 Score: 0.51 (avg of 30 runs)
2026-06-26 20:08:37   [16/45] Processing Query Q16...
2026-06-26 20:11:37     Query Q16 Score: 1.00 (avg of 30 runs)
2026-06-26 20:11:37   [17/45] Processing Query Q17...
2026-06-26 20:13:57     Query Q17 Score: 1.00 (avg of 30 runs)
2026-06-26 20:13:57   [18/45] Processing Query Q18...
2026-06-26 20:16:20     Query Q18 Score: 1.00 (avg of 30 runs)
2026-06-26 20:16:20   [19/45] Processing Query Q19...
2026-06-26 20:19:28     Query Q19 Score: 0.95 (avg of 30 runs)
2026-06-26 20:19:28   [20/45] Processing Query Q20...
2026-06-26 20:22:24     Query Q20 Score: 0.85 (avg of 30 runs)
2026-06-26 20:22:24   [21/45] Processing Query Q21...
2026-06-26 20:24:42     Query Q21 Score: 1.00 (avg of 30 runs)
2026-06-26 20:24:42   [22/45] Processing Query Q22...
2026-06-26 20:27:03     Query Q22 Score: 1.00 (avg of 30 runs)
2026-06-26 20:27:03   [23/45] Processing Query Q23...
2026-06-26 20:29:51     Query Q23 Score: 0.50 (avg of 30 runs)
2026-06-26 20:29:51   [24/45] Processing Query Q24...
2026-06-26 20:31:59     Query Q24 Score: 1.00 (avg of 30 runs)
2026-06-26 20:31:59   [25/45] Processing Query Q25...
2026-06-26 20:34:23     Query Q25 Score: 1.00 (avg of 30 runs)
2026-06-26 20:34:23   [26/45] Processing Query Q26...
2026-06-26 20:36:21     Query Q26 Score: 1.00 (avg of 30 runs)
2026-06-26 20:36:21   [27/45] Processing Query Q27...
2026-06-26 20:38:30     Query Q27 Score: 1.00 (avg of 30 runs)
2026-06-26 20:38:30   [28/45] Processing Query Q28...
2026-06-26 20:40:34     Query Q28 Score: 1.00 (avg of 30 runs)
2026-06-26 20:40:34   [29/45] Processing Query Q29...
2026-06-26 20:43:11     Query Q29 Score: 0.95 (avg of 30 runs)
2026-06-26 20:43:11   [30/45] Processing Query Q30...
2026-06-26 20:45:39     Query Q30 Score: 1.00 (avg of 30 runs)
2026-06-26 20:45:39   [31/45] Processing Query Q31...
2026-06-26 20:48:13     Query Q31 Score: 0.95 (avg of 30 runs)
2026-06-26 20:48:13   [32/45] Processing Query Q32...
2026-06-26 20:51:01     Query Q32 Score: 1.00 (avg of 30 runs)
2026-06-26 20:51:01   [33/45] Processing Query Q33...
2026-06-26 20:56:24     Query Q33 Score: 0.74 (avg of 30 runs)
2026-06-26 20:56:24   [34/45] Processing Query Q34...
2026-06-26 20:58:51     Query Q34 Score: 0.95 (avg of 30 runs)
2026-06-26 20:58:51   [35/45] Processing Query Q35...
2026-06-26 21:00:41     Query Q35 Score: 1.00 (avg of 30 runs)
2026-06-26 21:00:41   [36/45] Processing Query Q36...
2026-06-26 21:03:13     Query Q36 Score: 1.00 (avg of 30 runs)
2026-06-26 21:03:13   [37/45] Processing Query Q37...
2026-06-26 21:05:37     Query Q37 Score: 1.00 (avg of 30 runs)
2026-06-26 21:05:37   [38/45] Processing Query Q38...
2026-06-26 21:07:52     Query Q38 Score: 0.71 (avg of 30 runs)
2026-06-26 21:07:52   [39/45] Processing Query Q39...
2026-06-26 21:10:21     Query Q39 Score: 1.00 (avg of 30 runs)
2026-06-26 21:10:21   [40/45] Processing Query Q40...
2026-06-26 21:12:37     Query Q40 Score: 1.00 (avg of 30 runs)
2026-06-26 21:12:37   [41/45] Processing Query Q41...
2026-06-26 21:15:14     Query Q41 Score: 0.90 (avg of 30 runs)
2026-06-26 21:15:14   [42/45] Processing Query Q42...
2026-06-26 21:17:43     Query Q42 Score: 0.95 (avg of 30 runs)
2026-06-26 21:17:43   [43/45] Processing Query Q43...
2026-06-26 21:20:14     Query Q43 Score: 1.00 (avg of 30 runs)
2026-06-26 21:20:14   [44/45] Processing Query Q48...
2026-06-26 21:25:01     Query Q48 Score: 0.98 (avg of 30 runs)
2026-06-26 21:25:01   [45/45] Processing Query Q49...
2026-06-26 21:29:24     Query Q49 Score: 0.41 (avg of 30 runs)
2026-06-26 21:29:24 Saved validation results to /home/virtualuser/model_evaluation/autoresearch/archive/run_20260626_003204/outputs/validation_results_iter10_20260626_212924.csv
2026-06-26 21:29:24 Validation run completed. Overall Mean Score: 0.8804
2026-06-26 21:29:24 Candidate Score: 0.8804 (Delta: -0.0067)
2026-06-26 21:29:24 >>> FAILURE: Score did not improve. Discarding changes.
2026-06-26 21:29:24 Iteration #10 logged successfully to experiments.json.
2026-06-26 21:29:24 
2026-06-26 21:29:24 =========================================
2026-06-26 21:29:24 STARTING ITERATION #11
2026-06-26 21:29:24 =========================================
2026-06-26 21:29:24 Current Champion Score: 0.8872
2026-06-26 21:29:24 Failing queries to fix: 21
2026-06-26 21:29:24 Calling Optimizer Agent to refine instructions...
2026-06-26 21:31:30 Starting validation run on 45 queries x30 runs...
2026-06-26 21:31:30   [1/45] Processing Query Q01...
2026-06-26 21:33:26     Query Q01 Score: 1.00 (avg of 30 runs)
2026-06-26 21:33:26   [2/45] Processing Query Q02...
2026-06-26 21:36:05     Query Q02 Score: 0.90 (avg of 30 runs)
2026-06-26 21:36:05   [3/45] Processing Query Q03...
2026-06-26 21:38:37     Query Q03 Score: 1.00 (avg of 30 runs)
2026-06-26 21:38:37   [4/45] Processing Query Q04...
2026-06-26 21:41:36     Query Q04 Score: 0.42 (avg of 30 runs)
2026-06-26 21:41:36   [5/45] Processing Query Q05...
2026-06-26 21:44:35     Query Q05 Score: 0.30 (avg of 30 runs)
2026-06-26 21:44:35   [6/45] Processing Query Q06...
2026-06-26 21:47:14     Query Q06 Score: 1.00 (avg of 30 runs)
2026-06-26 21:47:14   [7/45] Processing Query Q07...
2026-06-26 21:49:36     Query Q07 Score: 1.00 (avg of 30 runs)
2026-06-26 21:49:36   [8/45] Processing Query Q08...
2026-06-26 21:51:57     Query Q08 Score: 1.00 (avg of 30 runs)
2026-06-26 21:51:57   [9/45] Processing Query Q09...
2026-06-26 21:57:17     Query Q09 Score: 0.50 (avg of 30 runs)
2026-06-26 21:57:17   [10/45] Processing Query Q10...
2026-06-26 21:59:56     Query Q10 Score: 1.00 (avg of 30 runs)
2026-06-26 21:59:56   [11/45] Processing Query Q11...
2026-06-26 22:03:58     Query Q11 Score: 0.40 (avg of 30 runs)
2026-06-26 22:03:58   [12/45] Processing Query Q12...
2026-06-26 22:06:11     Query Q12 Score: 1.00 (avg of 30 runs)
2026-06-26 22:06:11   [13/45] Processing Query Q13...
2026-06-26 22:08:59     Query Q13 Score: 0.40 (avg of 30 runs)
2026-06-26 22:08:59   [14/45] Processing Query Q14...
2026-06-26 22:11:06     Query Q14 Score: 0.85 (avg of 30 runs)
2026-06-26 22:11:06   [15/45] Processing Query Q15...
2026-06-26 22:14:06     Query Q15 Score: 1.00 (avg of 30 runs)
2026-06-26 22:14:06   [16/45] Processing Query Q16...
2026-06-26 22:18:39     Query Q16 Score: 0.98 (avg of 30 runs)
2026-06-26 22:18:39   [17/45] Processing Query Q17...
2026-06-26 22:21:01     Query Q17 Score: 1.00 (avg of 30 runs)
2026-06-26 22:21:01   [18/45] Processing Query Q18...
2026-06-26 22:23:22     Query Q18 Score: 1.00 (avg of 30 runs)
2026-06-26 22:23:22   [19/45] Processing Query Q19...
2026-06-26 22:25:47     Query Q19 Score: 0.75 (avg of 30 runs)
2026-06-26 22:25:47   [20/45] Processing Query Q20...
2026-06-26 22:33:07     Query Q20 Score: 0.50 (avg of 30 runs)
2026-06-26 22:33:07   [21/45] Processing Query Q21...
2026-06-26 22:35:26     Query Q21 Score: 1.00 (avg of 30 runs)
2026-06-26 22:35:26   [22/45] Processing Query Q22...
2026-06-26 22:37:40     Query Q22 Score: 1.00 (avg of 30 runs)
2026-06-26 22:37:40   [23/45] Processing Query Q23...
2026-06-26 22:40:54     Query Q23 Score: 0.95 (avg of 30 runs)
2026-06-26 22:40:54   [24/45] Processing Query Q24...
2026-06-26 22:42:55     Query Q24 Score: 1.00 (avg of 30 runs)
2026-06-26 22:42:55   [25/45] Processing Query Q25...
2026-06-26 22:45:14     Query Q25 Score: 1.00 (avg of 30 runs)
2026-06-26 22:45:14   [26/45] Processing Query Q26...
2026-06-26 22:47:13     Query Q26 Score: 1.00 (avg of 30 runs)
2026-06-26 22:47:13   [27/45] Processing Query Q27...
2026-06-26 22:49:27     Query Q27 Score: 0.95 (avg of 30 runs)
2026-06-26 22:49:27   [28/45] Processing Query Q28...
2026-06-26 22:51:28     Query Q28 Score: 1.00 (avg of 30 runs)
2026-06-26 22:51:28   [29/45] Processing Query Q29...
2026-06-26 22:54:03     Query Q29 Score: 1.00 (avg of 30 runs)
2026-06-26 22:54:03   [30/45] Processing Query Q30...
2026-06-26 22:56:42     Query Q30 Score: 1.00 (avg of 30 runs)
2026-06-26 22:56:42   [31/45] Processing Query Q31...
2026-06-26 22:58:56     Query Q31 Score: 1.00 (avg of 30 runs)
2026-06-26 22:58:56   [32/45] Processing Query Q32...
2026-06-26 23:01:46     Query Q32 Score: 1.00 (avg of 30 runs)
2026-06-26 23:01:46   [33/45] Processing Query Q33...
2026-06-26 23:05:39     Query Q33 Score: 0.45 (avg of 30 runs)
2026-06-26 23:05:39   [34/45] Processing Query Q34...
2026-06-26 23:07:55     Query Q34 Score: 1.00 (avg of 30 runs)
2026-06-26 23:07:55   [35/45] Processing Query Q35...
2026-06-26 23:09:43     Query Q35 Score: 1.00 (avg of 30 runs)
2026-06-26 23:09:43   [36/45] Processing Query Q36...
2026-06-26 23:12:24     Query Q36 Score: 1.00 (avg of 30 runs)
2026-06-26 23:12:24   [37/45] Processing Query Q37...
2026-06-26 23:15:00     Query Q37 Score: 0.95 (avg of 30 runs)
2026-06-26 23:15:00   [38/45] Processing Query Q38...
2026-06-26 23:17:17     Query Q38 Score: 0.70 (avg of 30 runs)
2026-06-26 23:17:17   [39/45] Processing Query Q39...
2026-06-26 23:19:26     Query Q39 Score: 1.00 (avg of 30 runs)
2026-06-26 23:19:26   [40/45] Processing Query Q40...
2026-06-26 23:21:44     Query Q40 Score: 1.00 (avg of 30 runs)
2026-06-26 23:21:44   [41/45] Processing Query Q41...
2026-06-26 23:24:21     Query Q41 Score: 0.90 (avg of 30 runs)
2026-06-26 23:24:21   [42/45] Processing Query Q42...
2026-06-26 23:26:37     Query Q42 Score: 1.00 (avg of 30 runs)
2026-06-26 23:26:37   [43/45] Processing Query Q43...
2026-06-26 23:29:07     Query Q43 Score: 1.00 (avg of 30 runs)
2026-06-26 23:29:07   [44/45] Processing Query Q48...
2026-06-26 23:36:55     Query Q48 Score: 0.99 (avg of 30 runs)
2026-06-26 23:36:55   [45/45] Processing Query Q49...
2026-06-26 23:40:40     Query Q49 Score: 0.40 (avg of 30 runs)
2026-06-26 23:40:40 Saved validation results to /home/virtualuser/model_evaluation/autoresearch/archive/run_20260626_003204/outputs/validation_results_iter11_20260626_234040.csv
2026-06-26 23:40:40 Validation run completed. Overall Mean Score: 0.8737
2026-06-26 23:40:40 Candidate Score: 0.8737 (Delta: -0.0135)
2026-06-26 23:40:40 >>> FAILURE: Score did not improve. Discarding changes.
2026-06-26 23:40:40 Iteration #11 logged successfully to experiments.json.
2026-06-26 23:40:40 
2026-06-26 23:40:40 =========================================
2026-06-26 23:40:40 STARTING ITERATION #12
2026-06-26 23:40:40 =========================================
2026-06-26 23:40:40 Current Champion Score: 0.8872
2026-06-26 23:40:40 Failing queries to fix: 21
2026-06-26 23:40:40 Calling Optimizer Agent to refine instructions...
2026-06-26 23:42:41 Starting validation run on 45 queries x30 runs...
2026-06-26 23:42:41   [1/45] Processing Query Q01...
2026-06-26 23:44:46     Query Q01 Score: 1.00 (avg of 30 runs)
2026-06-26 23:44:46   [2/45] Processing Query Q02...
2026-06-26 23:47:29     Query Q02 Score: 0.85 (avg of 30 runs)
2026-06-26 23:47:29   [3/45] Processing Query Q03...
2026-06-26 23:49:46     Query Q03 Score: 1.00 (avg of 30 runs)
2026-06-26 23:49:46   [4/45] Processing Query Q04...
2026-06-26 23:52:20     Query Q04 Score: 0.74 (avg of 30 runs)
2026-06-26 23:52:20   [5/45] Processing Query Q05...
2026-06-26 23:55:13     Query Q05 Score: 0.39 (avg of 30 runs)
2026-06-26 23:55:13   [6/45] Processing Query Q06...
2026-06-26 23:57:55     Query Q06 Score: 1.00 (avg of 30 runs)
2026-06-26 23:57:55   [7/45] Processing Query Q07...
2026-06-27 00:00:18     Query Q07 Score: 1.00 (avg of 30 runs)
2026-06-27 00:00:18   [8/45] Processing Query Q08...
2026-06-27 00:02:38     Query Q08 Score: 1.00 (avg of 30 runs)
2026-06-27 00:02:38   [9/45] Processing Query Q09...
2026-06-27 00:07:58     Query Q09 Score: 0.50 (avg of 30 runs)
2026-06-27 00:07:58   [10/45] Processing Query Q10...
2026-06-27 00:10:34     Query Q10 Score: 1.00 (avg of 30 runs)
2026-06-27 00:10:34   [11/45] Processing Query Q11...
2026-06-27 00:14:49     Query Q11 Score: 0.39 (avg of 30 runs)
2026-06-27 00:14:49   [12/45] Processing Query Q12...
2026-06-27 00:16:55     Query Q12 Score: 1.00 (avg of 30 runs)
2026-06-27 00:16:55   [13/45] Processing Query Q13...
2026-06-27 00:19:49     Query Q13 Score: 0.40 (avg of 30 runs)
2026-06-27 00:19:49   [14/45] Processing Query Q14...
2026-06-27 00:21:55     Query Q14 Score: 0.85 (avg of 30 runs)
2026-06-27 00:21:55   [15/45] Processing Query Q15...
2026-06-27 00:24:44     Query Q15 Score: 1.00 (avg of 30 runs)
2026-06-27 00:24:44   [16/45] Processing Query Q16...
2026-06-27 00:27:22     Query Q16 Score: 0.50 (avg of 30 runs)
2026-06-27 00:27:22   [17/45] Processing Query Q17...
2026-06-27 00:29:42     Query Q17 Score: 1.00 (avg of 30 runs)
2026-06-27 00:29:42   [18/45] Processing Query Q18...
2026-06-27 00:32:04     Query Q18 Score: 1.00 (avg of 30 runs)
2026-06-27 00:32:04   [19/45] Processing Query Q19...
2026-06-27 00:35:22     Query Q19 Score: 0.90 (avg of 30 runs)
2026-06-27 00:35:22   [20/45] Processing Query Q20...
2026-06-27 00:38:09     Query Q20 Score: 0.95 (avg of 30 runs)
2026-06-27 00:38:09   [21/45] Processing Query Q21...
2026-06-27 00:40:27     Query Q21 Score: 1.00 (avg of 30 runs)
2026-06-27 00:40:27   [22/45] Processing Query Q22...
2026-06-27 00:42:37     Query Q22 Score: 1.00 (avg of 30 runs)
2026-06-27 00:42:37   [23/45] Processing Query Q23...
2026-06-27 00:45:34     Query Q23 Score: 0.99 (avg of 30 runs)
2026-06-27 00:45:34   [24/45] Processing Query Q24...
2026-06-27 00:47:43     Query Q24 Score: 1.00 (avg of 30 runs)
2026-06-27 00:47:43   [25/45] Processing Query Q25...
2026-06-27 00:50:01     Query Q25 Score: 1.00 (avg of 30 runs)
2026-06-27 00:50:01   [26/45] Processing Query Q26...
2026-06-27 00:52:00     Query Q26 Score: 1.00 (avg of 30 runs)
2026-06-27 00:52:00   [27/45] Processing Query Q27...
2026-06-27 00:54:11     Query Q27 Score: 1.00 (avg of 30 runs)
2026-06-27 00:54:11   [28/45] Processing Query Q28...
2026-06-27 00:56:16     Query Q28 Score: 1.00 (avg of 30 runs)
2026-06-27 00:56:16   [29/45] Processing Query Q29...
2026-06-27 00:58:51     Query Q29 Score: 1.00 (avg of 30 runs)
2026-06-27 00:58:51   [30/45] Processing Query Q30...
2026-06-27 01:01:18     Query Q30 Score: 1.00 (avg of 30 runs)
2026-06-27 01:01:18   [31/45] Processing Query Q31...
2026-06-27 01:03:34     Query Q31 Score: 1.00 (avg of 30 runs)
2026-06-27 01:03:34   [32/45] Processing Query Q32...
2026-06-27 01:06:25     Query Q32 Score: 1.00 (avg of 30 runs)
2026-06-27 01:06:25   [33/45] Processing Query Q33...
2026-06-27 01:10:13     Query Q33 Score: 0.54 (avg of 30 runs)
2026-06-27 01:10:13   [34/45] Processing Query Q34...
2026-06-27 01:12:30     Query Q34 Score: 1.00 (avg of 30 runs)
2026-06-27 01:12:30   [35/45] Processing Query Q35...
2026-06-27 01:14:19     Query Q35 Score: 1.00 (avg of 30 runs)
2026-06-27 01:14:19   [36/45] Processing Query Q36...
2026-06-27 01:16:54     Query Q36 Score: 1.00 (avg of 30 runs)
2026-06-27 01:16:54   [37/45] Processing Query Q37...
2026-06-27 01:19:19     Query Q37 Score: 1.00 (avg of 30 runs)
2026-06-27 01:19:19   [38/45] Processing Query Q38...
2026-06-27 01:21:36     Query Q38 Score: 0.70 (avg of 30 runs)
2026-06-27 01:21:36   [39/45] Processing Query Q39...
2026-06-27 01:23:44     Query Q39 Score: 1.00 (avg of 30 runs)
2026-06-27 01:23:44   [40/45] Processing Query Q40...
2026-06-27 01:26:08     Query Q40 Score: 1.00 (avg of 30 runs)
2026-06-27 01:26:08   [41/45] Processing Query Q41...
2026-06-27 01:28:45     Query Q41 Score: 0.95 (avg of 30 runs)
2026-06-27 01:28:45   [42/45] Processing Query Q42...
2026-06-27 01:31:03     Query Q42 Score: 1.00 (avg of 30 runs)
2026-06-27 01:31:03   [43/45] Processing Query Q43...
2026-06-27 01:33:34     Query Q43 Score: 1.00 (avg of 30 runs)
2026-06-27 01:33:34   [44/45] Processing Query Q48...
2026-06-27 01:41:26     Query Q48 Score: 0.99 (avg of 30 runs)
2026-06-27 01:41:26   [45/45] Processing Query Q49...
2026-06-27 01:55:23     Query Q49 Score: 0.40 (avg of 30 runs)
2026-06-27 01:55:23 Saved validation results to /home/virtualuser/model_evaluation/autoresearch/archive/run_20260626_003204/outputs/validation_results_iter12_20260627_015523.csv
2026-06-27 01:55:23 Validation run completed. Overall Mean Score: 0.8901
2026-06-27 01:55:23 Candidate Score: 0.8901 (Delta: +0.0029)
2026-06-27 01:55:23 >>> SUCCESS: Score improved! Saving new champion prompt.
2026-06-27 01:55:23 Iteration #12 logged successfully to experiments.json.
2026-06-27 01:55:23 
2026-06-27 01:55:23 =========================================
2026-06-27 01:55:23 STARTING ITERATION #13
2026-06-27 01:55:23 =========================================
2026-06-27 01:55:23 Current Champion Score: 0.8901
2026-06-27 01:55:23 Failing queries to fix: 18
2026-06-27 01:55:23 Calling Optimizer Agent to refine instructions...
2026-06-27 01:57:37 Starting validation run on 45 queries x30 runs...
2026-06-27 01:57:37   [1/45] Processing Query Q01...
2026-06-27 01:59:41     Query Q01 Score: 1.00 (avg of 30 runs)
2026-06-27 01:59:41   [2/45] Processing Query Q02...
2026-06-27 02:02:09     Query Q02 Score: 1.00 (avg of 30 runs)
2026-06-27 02:02:09   [3/45] Processing Query Q03...
2026-06-27 02:04:43     Query Q03 Score: 1.00 (avg of 30 runs)
2026-06-27 02:04:43   [4/45] Processing Query Q04...
2026-06-27 02:08:23     Query Q04 Score: 0.50 (avg of 30 runs)
2026-06-27 02:08:23   [5/45] Processing Query Q05...
2026-06-27 02:11:25     Query Q05 Score: 0.30 (avg of 30 runs)
2026-06-27 02:11:25   [6/45] Processing Query Q06...
2026-06-27 02:14:19     Query Q06 Score: 0.42 (avg of 30 runs)
2026-06-27 02:14:19   [7/45] Processing Query Q07...
2026-06-27 02:16:42     Query Q07 Score: 1.00 (avg of 30 runs)
2026-06-27 02:16:42   [8/45] Processing Query Q08...
2026-06-27 02:19:02     Query Q08 Score: 1.00 (avg of 30 runs)
2026-06-27 02:19:02   [9/45] Processing Query Q09...
2026-06-27 02:21:54     Query Q09 Score: 0.98 (avg of 30 runs)
2026-06-27 02:21:54   [10/45] Processing Query Q10...
2026-06-27 02:24:32     Query Q10 Score: 1.00 (avg of 30 runs)
2026-06-27 02:24:32   [11/45] Processing Query Q11...
2026-06-27 02:28:41     Query Q11 Score: 0.20 (avg of 30 runs)
2026-06-27 02:28:41   [12/45] Processing Query Q12...
2026-06-27 02:30:58     Query Q12 Score: 1.00 (avg of 30 runs)
2026-06-27 02:30:58   [13/45] Processing Query Q13...
2026-06-27 02:33:53     Query Q13 Score: 0.51 (avg of 30 runs)
2026-06-27 02:33:53   [14/45] Processing Query Q14...
2026-06-27 02:36:00     Query Q14 Score: 0.85 (avg of 30 runs)
2026-06-27 02:36:00   [15/45] Processing Query Q15...
2026-06-27 02:38:52     Query Q15 Score: 1.00 (avg of 30 runs)
2026-06-27 02:38:52   [16/45] Processing Query Q16...
2026-06-27 02:41:30     Query Q16 Score: 0.50 (avg of 30 runs)
2026-06-27 02:41:30   [17/45] Processing Query Q17...
2026-06-27 02:43:52     Query Q17 Score: 1.00 (avg of 30 runs)
2026-06-27 02:43:52   [18/45] Processing Query Q18...
2026-06-27 02:46:13     Query Q18 Score: 1.00 (avg of 30 runs)
2026-06-27 02:46:13   [19/45] Processing Query Q19...
2026-06-27 02:48:16     Query Q19 Score: 1.00 (avg of 30 runs)
2026-06-27 02:48:16   [20/45] Processing Query Q20...
2026-06-27 02:51:02     Query Q20 Score: 1.00 (avg of 30 runs)
2026-06-27 02:51:02   [21/45] Processing Query Q21...
2026-06-27 02:53:32     Query Q21 Score: 1.00 (avg of 30 runs)
2026-06-27 02:53:32   [22/45] Processing Query Q22...
2026-06-27 02:55:53     Query Q22 Score: 1.00 (avg of 30 runs)
2026-06-27 02:55:53   [23/45] Processing Query Q23...
2026-06-27 03:00:54     Query Q23 Score: 0.99 (avg of 30 runs)
2026-06-27 03:00:54   [24/45] Processing Query Q24...
2026-06-27 03:03:03     Query Q24 Score: 1.00 (avg of 30 runs)
2026-06-27 03:03:03   [25/45] Processing Query Q25...
2026-06-27 03:05:30     Query Q25 Score: 1.00 (avg of 30 runs)
2026-06-27 03:05:30   [26/45] Processing Query Q26...
2026-06-27 03:07:28     Query Q26 Score: 1.00 (avg of 30 runs)
2026-06-27 03:07:28   [27/45] Processing Query Q27...
2026-06-27 03:09:35     Query Q27 Score: 1.00 (avg of 30 runs)
2026-06-27 03:09:35   [28/45] Processing Query Q28...
2026-06-27 03:11:32     Query Q28 Score: 1.00 (avg of 30 runs)
2026-06-27 03:11:32   [29/45] Processing Query Q29...
2026-06-27 03:14:05     Query Q29 Score: 1.00 (avg of 30 runs)
2026-06-27 03:14:05   [30/45] Processing Query Q30...
2026-06-27 03:16:32     Query Q30 Score: 1.00 (avg of 30 runs)
2026-06-27 03:16:32   [31/45] Processing Query Q31...
2026-06-27 03:18:47     Query Q31 Score: 1.00 (avg of 30 runs)
2026-06-27 03:18:47   [32/45] Processing Query Q32...
2026-06-27 03:21:37     Query Q32 Score: 1.00 (avg of 30 runs)
2026-06-27 03:21:37   [33/45] Processing Query Q33...
2026-06-27 03:27:42     Query Q33 Score: 0.52 (avg of 30 runs)
2026-06-27 03:27:42   [34/45] Processing Query Q34...
2026-06-27 03:30:09     Query Q34 Score: 0.95 (avg of 30 runs)
2026-06-27 03:30:09   [35/45] Processing Query Q35...
2026-06-27 03:31:56     Query Q35 Score: 1.00 (avg of 30 runs)
2026-06-27 03:31:56   [36/45] Processing Query Q36...
2026-06-27 03:34:28     Query Q36 Score: 0.99 (avg of 30 runs)
2026-06-27 03:34:28   [37/45] Processing Query Q37...
2026-06-27 03:36:59     Query Q37 Score: 1.00 (avg of 30 runs)
2026-06-27 03:36:59   [38/45] Processing Query Q38...
2026-06-27 03:38:56     Query Q38 Score: 1.00 (avg of 30 runs)
2026-06-27 03:38:56   [39/45] Processing Query Q39...
2026-06-27 03:41:15     Query Q39 Score: 0.95 (avg of 30 runs)
2026-06-27 03:41:15   [40/45] Processing Query Q40...
2026-06-27 03:43:33     Query Q40 Score: 1.00 (avg of 30 runs)
2026-06-27 03:43:33   [41/45] Processing Query Q41...
2026-06-27 03:46:29     Query Q41 Score: 0.89 (avg of 30 runs)
2026-06-27 03:46:29   [42/45] Processing Query Q42...
2026-06-27 03:48:45     Query Q42 Score: 1.00 (avg of 30 runs)
2026-06-27 03:48:45   [43/45] Processing Query Q43...
2026-06-27 03:51:18     Query Q43 Score: 0.94 (avg of 30 runs)
2026-06-27 03:51:18   [44/45] Processing Query Q48...
2026-06-27 03:54:58     Query Q48 Score: 0.61 (avg of 30 runs)
2026-06-27 03:54:58   [45/45] Processing Query Q49...
2026-06-27 04:09:21     Query Q49 Score: 0.50 (avg of 30 runs)
2026-06-27 04:09:21 Saved validation results to /home/virtualuser/model_evaluation/autoresearch/archive/run_20260626_003204/outputs/validation_results_iter13_20260627_040921.csv
2026-06-27 04:09:21 Validation run completed. Overall Mean Score: 0.8799
2026-06-27 04:09:21 Candidate Score: 0.8799 (Delta: -0.0102)
2026-06-27 04:09:21 >>> FAILURE: Score did not improve. Discarding changes.
2026-06-27 04:09:21 Iteration #13 logged successfully to experiments.json.
2026-06-27 04:09:21 
2026-06-27 04:09:21 =========================================
2026-06-27 04:09:21 STARTING ITERATION #14
2026-06-27 04:09:21 =========================================
2026-06-27 04:09:21 Current Champion Score: 0.8901
2026-06-27 04:09:21 Failing queries to fix: 18
2026-06-27 04:09:21 Calling Optimizer Agent to refine instructions...
2026-06-27 04:11:23 Starting validation run on 45 queries x30 runs...
2026-06-27 04:11:23   [1/45] Processing Query Q01...
2026-06-27 04:13:29     Query Q01 Score: 1.00 (avg of 30 runs)
2026-06-27 04:13:29   [2/45] Processing Query Q02...
2026-06-27 04:15:57     Query Q02 Score: 1.00 (avg of 30 runs)
2026-06-27 04:15:57   [3/45] Processing Query Q03...
2026-06-27 04:18:29     Query Q03 Score: 1.00 (avg of 30 runs)
2026-06-27 04:18:29   [4/45] Processing Query Q04...
2026-06-27 04:22:08     Query Q04 Score: 0.50 (avg of 30 runs)
2026-06-27 04:22:08   [5/45] Processing Query Q05...
2026-06-27 04:25:16     Query Q05 Score: 0.30 (avg of 30 runs)
2026-06-27 04:25:16   [6/45] Processing Query Q06...
2026-06-27 04:27:54     Query Q06 Score: 1.00 (avg of 30 runs)
2026-06-27 04:27:54   [7/45] Processing Query Q07...
2026-06-27 04:30:18     Query Q07 Score: 1.00 (avg of 30 runs)
2026-06-27 04:30:18   [8/45] Processing Query Q08...
2026-06-27 04:32:39     Query Q08 Score: 1.00 (avg of 30 runs)
2026-06-27 04:32:39   [9/45] Processing Query Q09...
2026-06-27 04:35:24     Query Q09 Score: 1.00 (avg of 30 runs)
2026-06-27 04:35:24   [10/45] Processing Query Q10...
2026-06-27 04:38:02     Query Q10 Score: 1.00 (avg of 30 runs)
2026-06-27 04:38:02   [11/45] Processing Query Q11...
2026-06-27 04:41:58     Query Q11 Score: 0.40 (avg of 30 runs)
2026-06-27 04:41:58   [12/45] Processing Query Q12...
2026-06-27 04:44:04     Query Q12 Score: 1.00 (avg of 30 runs)
2026-06-27 04:44:04   [13/45] Processing Query Q13...
2026-06-27 04:46:34     Query Q13 Score: 0.40 (avg of 30 runs)
2026-06-27 04:46:34   [14/45] Processing Query Q14...
2026-06-27 04:48:44     Query Q14 Score: 0.85 (avg of 30 runs)
2026-06-27 04:48:44   [15/45] Processing Query Q15...
2026-06-27 04:51:31     Query Q15 Score: 1.00 (avg of 30 runs)
2026-06-27 04:51:31   [16/45] Processing Query Q16...
2026-06-27 04:54:25     Query Q16 Score: 0.51 (avg of 30 runs)
2026-06-27 04:54:25   [17/45] Processing Query Q17...
2026-06-27 04:56:46     Query Q17 Score: 1.00 (avg of 30 runs)
2026-06-27 04:56:46   [18/45] Processing Query Q18...
2026-06-27 04:59:10     Query Q18 Score: 1.00 (avg of 30 runs)
2026-06-27 04:59:10   [19/45] Processing Query Q19...
2026-06-27 05:01:12     Query Q19 Score: 1.00 (avg of 30 runs)
2026-06-27 05:01:12   [20/45] Processing Query Q20...
2026-06-27 05:15:10     Query Q20 Score: 1.00 (avg of 30 runs)
2026-06-27 05:15:10   [21/45] Processing Query Q21...
2026-06-27 05:17:29     Query Q21 Score: 1.00 (avg of 30 runs)
2026-06-27 05:17:29   [22/45] Processing Query Q22...
2026-06-27 05:19:40     Query Q22 Score: 1.00 (avg of 30 runs)
2026-06-27 05:19:40   [23/45] Processing Query Q23...
2026-06-27 05:22:33     Query Q23 Score: 0.99 (avg of 30 runs)
2026-06-27 05:22:33   [24/45] Processing Query Q24...
2026-06-27 05:24:42     Query Q24 Score: 1.00 (avg of 30 runs)
2026-06-27 05:24:42   [25/45] Processing Query Q25...
2026-06-27 05:27:07     Query Q25 Score: 1.00 (avg of 30 runs)
2026-06-27 05:27:07   [26/45] Processing Query Q26...
2026-06-27 05:29:05     Query Q26 Score: 1.00 (avg of 30 runs)
2026-06-27 05:29:05   [27/45] Processing Query Q27...
2026-06-27 05:31:13     Query Q27 Score: 1.00 (avg of 30 runs)
2026-06-27 05:31:13   [28/45] Processing Query Q28...
2026-06-27 05:33:19     Query Q28 Score: 1.00 (avg of 30 runs)
2026-06-27 05:33:19   [29/45] Processing Query Q29...
2026-06-27 05:35:53     Query Q29 Score: 1.00 (avg of 30 runs)
2026-06-27 05:35:53   [30/45] Processing Query Q30...
2026-06-27 05:38:22     Query Q30 Score: 1.00 (avg of 30 runs)
2026-06-27 05:38:22   [31/45] Processing Query Q31...
2026-06-27 05:40:39     Query Q31 Score: 1.00 (avg of 30 runs)
2026-06-27 05:40:39   [32/45] Processing Query Q32...
2026-06-27 05:43:31     Query Q32 Score: 1.00 (avg of 30 runs)
2026-06-27 05:43:31   [33/45] Processing Query Q33...
2026-06-27 05:47:11     Query Q33 Score: 0.40 (avg of 30 runs)
2026-06-27 05:47:11   [34/45] Processing Query Q34...
2026-06-27 05:49:35     Query Q34 Score: 0.95 (avg of 30 runs)
2026-06-27 05:49:35   [35/45] Processing Query Q35...
2026-06-27 05:51:25     Query Q35 Score: 1.00 (avg of 30 runs)
2026-06-27 05:51:25   [36/45] Processing Query Q36...
2026-06-27 05:54:05     Query Q36 Score: 1.00 (avg of 30 runs)
2026-06-27 05:54:05   [37/45] Processing Query Q37...
2026-06-27 05:56:30     Query Q37 Score: 1.00 (avg of 30 runs)
2026-06-27 05:56:30   [38/45] Processing Query Q38...
2026-06-27 05:58:46     Query Q38 Score: 0.70 (avg of 30 runs)
2026-06-27 05:58:46   [39/45] Processing Query Q39...
2026-06-27 06:00:56     Query Q39 Score: 1.00 (avg of 30 runs)
2026-06-27 06:00:56   [40/45] Processing Query Q40...
2026-06-27 06:03:19     Query Q40 Score: 1.00 (avg of 30 runs)
2026-06-27 06:03:19   [41/45] Processing Query Q41...
2026-06-27 06:06:18     Query Q41 Score: 0.95 (avg of 30 runs)
2026-06-27 06:06:18   [42/45] Processing Query Q42...
2026-06-27 06:08:36     Query Q42 Score: 1.00 (avg of 30 runs)
2026-06-27 06:08:36   [43/45] Processing Query Q43...
2026-06-27 06:11:04     Query Q43 Score: 0.51 (avg of 30 runs)
2026-06-27 06:11:04   [44/45] Processing Query Q48...
2026-06-27 06:20:17     Query Q48 Score: 1.00 (avg of 30 runs)
2026-06-27 06:20:17   [45/45] Processing Query Q49...
2026-06-27 06:34:14     Query Q49 Score: 0.40 (avg of 30 runs)
2026-06-27 06:34:14 Saved validation results to /home/virtualuser/model_evaluation/autoresearch/archive/run_20260626_003204/outputs/validation_results_iter14_20260627_063414.csv
2026-06-27 06:34:14 Validation run completed. Overall Mean Score: 0.8857
2026-06-27 06:34:14 Candidate Score: 0.8857 (Delta: -0.0044)
2026-06-27 06:34:14 >>> FAILURE: Score did not improve. Discarding changes.
2026-06-27 06:34:14 Iteration #14 logged successfully to experiments.json.
2026-06-27 06:34:14 
2026-06-27 06:34:14 =========================================
2026-06-27 06:34:14 STARTING ITERATION #15
2026-06-27 06:34:14 =========================================
2026-06-27 06:34:14 Current Champion Score: 0.8901
2026-06-27 06:34:14 Failing queries to fix: 18
2026-06-27 06:34:14 Calling Optimizer Agent to refine instructions...
2026-06-27 06:36:19 Starting validation run on 45 queries x30 runs...
2026-06-27 06:36:19   [1/45] Processing Query Q01...
2026-06-27 06:38:27     Query Q01 Score: 1.00 (avg of 30 runs)
2026-06-27 06:38:27   [2/45] Processing Query Q02...
2026-06-27 06:41:04     Query Q02 Score: 0.85 (avg of 30 runs)
2026-06-27 06:41:04   [3/45] Processing Query Q03...
2026-06-27 06:43:21     Query Q03 Score: 1.00 (avg of 30 runs)
2026-06-27 06:43:21   [4/45] Processing Query Q04...
2026-06-27 06:45:58     Query Q04 Score: 1.00 (avg of 30 runs)
2026-06-27 06:45:58   [5/45] Processing Query Q05...
2026-06-27 06:48:59     Query Q05 Score: 0.39 (avg of 30 runs)
2026-06-27 06:48:59   [6/45] Processing Query Q06...
2026-06-27 06:51:38     Query Q06 Score: 1.00 (avg of 30 runs)
2026-06-27 06:51:38   [7/45] Processing Query Q07...
2026-06-27 06:54:01     Query Q07 Score: 1.00 (avg of 30 runs)
2026-06-27 06:54:01   [8/45] Processing Query Q08...
2026-06-27 06:56:21     Query Q08 Score: 1.00 (avg of 30 runs)
2026-06-27 06:56:21   [9/45] Processing Query Q09...
2026-06-27 06:58:56     Query Q09 Score: 0.40 (avg of 30 runs)
2026-06-27 06:58:56   [10/45] Processing Query Q10...
2026-06-27 07:01:39     Query Q10 Score: 1.00 (avg of 30 runs)
2026-06-27 07:01:39   [11/45] Processing Query Q11...
2026-06-27 07:05:39     Query Q11 Score: 0.21 (avg of 30 runs)
2026-06-27 07:05:39   [12/45] Processing Query Q12...
2026-06-27 07:07:44     Query Q12 Score: 1.00 (avg of 30 runs)
2026-06-27 07:07:44   [13/45] Processing Query Q13...
2026-06-27 07:10:13     Query Q13 Score: 0.40 (avg of 30 runs)
2026-06-27 07:10:13   [14/45] Processing Query Q14...
2026-06-27 07:12:24     Query Q14 Score: 0.85 (avg of 30 runs)
2026-06-27 07:12:24   [15/45] Processing Query Q15...
2026-06-27 07:16:47     Query Q15 Score: 1.00 (avg of 30 runs)
2026-06-27 07:16:47   [16/45] Processing Query Q16...
2026-06-27 07:19:24     Query Q16 Score: 0.50 (avg of 30 runs)
2026-06-27 07:19:24   [17/45] Processing Query Q17...
2026-06-27 07:21:47     Query Q17 Score: 1.00 (avg of 30 runs)
2026-06-27 07:21:47   [18/45] Processing Query Q18...
2026-06-27 07:24:15     Query Q18 Score: 1.00 (avg of 30 runs)
2026-06-27 07:24:15   [19/45] Processing Query Q19...
2026-06-27 07:26:16     Query Q19 Score: 1.00 (avg of 30 runs)
2026-06-27 07:26:16   [20/45] Processing Query Q20...
2026-06-27 07:31:29     Query Q20 Score: 1.00 (avg of 30 runs)
2026-06-27 07:31:29   [21/45] Processing Query Q21...
2026-06-27 07:33:47     Query Q21 Score: 1.00 (avg of 30 runs)
2026-06-27 07:33:47   [22/45] Processing Query Q22...
2026-06-27 07:35:58     Query Q22 Score: 1.00 (avg of 30 runs)
2026-06-27 07:35:58   [23/45] Processing Query Q23...
2026-06-27 07:38:47     Query Q23 Score: 0.74 (avg of 30 runs)
2026-06-27 07:38:47   [24/45] Processing Query Q24...
2026-06-27 07:40:56     Query Q24 Score: 1.00 (avg of 30 runs)
2026-06-27 07:40:56   [25/45] Processing Query Q25...
2026-06-27 07:43:17     Query Q25 Score: 1.00 (avg of 30 runs)
2026-06-27 07:43:17   [26/45] Processing Query Q26...
2026-06-27 07:45:15     Query Q26 Score: 1.00 (avg of 30 runs)
2026-06-27 07:45:15   [27/45] Processing Query Q27...
2026-06-27 07:47:18     Query Q27 Score: 1.00 (avg of 30 runs)
2026-06-27 07:47:18   [28/45] Processing Query Q28...
2026-06-27 07:49:16     Query Q28 Score: 1.00 (avg of 30 runs)
2026-06-27 07:49:16   [29/45] Processing Query Q29...
2026-06-27 07:51:53     Query Q29 Score: 1.00 (avg of 30 runs)
2026-06-27 07:51:53   [30/45] Processing Query Q30...
2026-06-27 07:54:21     Query Q30 Score: 1.00 (avg of 30 runs)
2026-06-27 07:54:21   [31/45] Processing Query Q31...
2026-06-27 07:56:37     Query Q31 Score: 1.00 (avg of 30 runs)
2026-06-27 07:56:37   [32/45] Processing Query Q32...
2026-06-27 07:59:27     Query Q32 Score: 1.00 (avg of 30 runs)
2026-06-27 07:59:27   [33/45] Processing Query Q33...
2026-06-27 08:03:05     Query Q33 Score: 0.67 (avg of 30 runs)
2026-06-27 08:03:05   [34/45] Processing Query Q34...
2026-06-27 08:05:22     Query Q34 Score: 1.00 (avg of 30 runs)
2026-06-27 08:05:22   [35/45] Processing Query Q35...
2026-06-27 08:07:08     Query Q35 Score: 1.00 (avg of 30 runs)
2026-06-27 08:07:08   [36/45] Processing Query Q36...
2026-06-27 08:09:50     Query Q36 Score: 1.00 (avg of 30 runs)
2026-06-27 08:09:50   [37/45] Processing Query Q37...
2026-06-27 08:12:16     Query Q37 Score: 1.00 (avg of 30 runs)
2026-06-27 08:12:16   [38/45] Processing Query Q38...
2026-06-27 08:14:48     Query Q38 Score: 0.76 (avg of 30 runs)
2026-06-27 08:14:48   [39/45] Processing Query Q39...
2026-06-27 08:17:07     Query Q39 Score: 1.00 (avg of 30 runs)
2026-06-27 08:17:07   [40/45] Processing Query Q40...
2026-06-27 08:19:25     Query Q40 Score: 1.00 (avg of 30 runs)
2026-06-27 08:19:25   [41/45] Processing Query Q41...
2026-06-27 08:22:03     Query Q41 Score: 0.90 (avg of 30 runs)
2026-06-27 08:22:03   [42/45] Processing Query Q42...
2026-06-27 08:24:22     Query Q42 Score: 1.00 (avg of 30 runs)
2026-06-27 08:24:22   [43/45] Processing Query Q43...
2026-06-27 08:26:58     Query Q43 Score: 0.95 (avg of 30 runs)
2026-06-27 08:26:58   [44/45] Processing Query Q48...
2026-06-27 08:29:50     Query Q48 Score: 0.85 (avg of 30 runs)
2026-06-27 08:29:50   [45/45] Processing Query Q49...
2026-06-27 08:37:47     Query Q49 Score: 0.98 (avg of 30 runs)
2026-06-27 08:37:47 Saved validation results to /home/virtualuser/model_evaluation/autoresearch/archive/run_20260626_003204/outputs/validation_results_iter15_20260627_083747.csv
2026-06-27 08:37:47 Validation run completed. Overall Mean Score: 0.8991
2026-06-27 08:37:47 Candidate Score: 0.8991 (Delta: +0.0090)
2026-06-27 08:37:47 >>> SUCCESS: Score improved! Saving new champion prompt.
2026-06-27 08:37:47 Iteration #15 logged successfully to experiments.json.
2026-06-27 08:37:47 
2026-06-27 08:37:47 =========================================
2026-06-27 08:37:47 STARTING ITERATION #16
2026-06-27 08:37:47 =========================================
2026-06-27 08:37:47 Current Champion Score: 0.8991
2026-06-27 08:37:47 Failing queries to fix: 17
2026-06-27 08:37:47 Calling Optimizer Agent to refine instructions...
2026-06-27 08:39:54 Starting validation run on 45 queries x30 runs...
2026-06-27 08:39:54   [1/45] Processing Query Q01...
2026-06-27 08:41:58     Query Q01 Score: 1.00 (avg of 30 runs)
2026-06-27 08:41:58   [2/45] Processing Query Q02...
2026-06-27 08:44:40     Query Q02 Score: 0.85 (avg of 30 runs)
2026-06-27 08:44:40   [3/45] Processing Query Q03...
2026-06-27 08:47:12     Query Q03 Score: 1.00 (avg of 30 runs)
2026-06-27 08:47:12   [4/45] Processing Query Q04...
2026-06-27 08:51:20     Query Q04 Score: 1.00 (avg of 30 runs)
2026-06-27 08:51:20   [5/45] Processing Query Q05...
2026-06-27 08:54:23     Query Q05 Score: 0.30 (avg of 30 runs)
2026-06-27 08:54:23   [6/45] Processing Query Q06...
2026-06-27 08:57:22     Query Q06 Score: 0.40 (avg of 30 runs)
2026-06-27 08:57:22   [7/45] Processing Query Q07...
2026-06-27 08:59:46     Query Q07 Score: 1.00 (avg of 30 runs)
2026-06-27 08:59:46   [8/45] Processing Query Q08...
2026-06-27 09:02:05     Query Q08 Score: 1.00 (avg of 30 runs)
2026-06-27 09:02:05   [9/45] Processing Query Q09...
2026-06-27 09:04:48     Query Q09 Score: 1.00 (avg of 30 runs)
2026-06-27 09:04:48   [10/45] Processing Query Q10...
2026-06-27 09:07:24     Query Q10 Score: 1.00 (avg of 30 runs)
2026-06-27 09:07:24   [11/45] Processing Query Q11...
2026-06-27 09:11:00     Query Q11 Score: 0.41 (avg of 30 runs)
2026-06-27 09:11:00   [12/45] Processing Query Q12...
2026-06-27 09:13:10     Query Q12 Score: 1.00 (avg of 30 runs)
2026-06-27 09:13:10   [13/45] Processing Query Q13...
2026-06-27 09:15:45     Query Q13 Score: 0.70 (avg of 30 runs)
2026-06-27 09:15:45   [14/45] Processing Query Q14...
2026-06-27 09:17:55     Query Q14 Score: 0.85 (avg of 30 runs)
2026-06-27 09:17:55   [15/45] Processing Query Q15...
2026-06-27 09:20:51     Query Q15 Score: 1.00 (avg of 30 runs)
2026-06-27 09:20:51   [16/45] Processing Query Q16...
2026-06-27 09:27:05     Query Q16 Score: 1.00 (avg of 30 runs)
2026-06-27 09:27:05   [17/45] Processing Query Q17...
2026-06-27 09:29:26     Query Q17 Score: 1.00 (avg of 30 runs)
2026-06-27 09:29:26   [18/45] Processing Query Q18...
2026-06-27 09:31:48     Query Q18 Score: 1.00 (avg of 30 runs)
2026-06-27 09:31:48   [19/45] Processing Query Q19...
2026-06-27 09:33:50     Query Q19 Score: 1.00 (avg of 30 runs)
2026-06-27 09:33:50   [20/45] Processing Query Q20...
2026-06-27 09:36:35     Query Q20 Score: 1.00 (avg of 30 runs)
2026-06-27 09:36:35   [21/45] Processing Query Q21...
2026-06-27 09:38:53     Query Q21 Score: 1.00 (avg of 30 runs)
2026-06-27 09:38:53   [22/45] Processing Query Q22...
2026-06-27 09:41:03     Query Q22 Score: 1.00 (avg of 30 runs)
2026-06-27 09:41:03   [23/45] Processing Query Q23...
2026-06-27 09:44:02     Query Q23 Score: 0.85 (avg of 30 runs)
2026-06-27 09:44:02   [24/45] Processing Query Q24...
2026-06-27 09:46:03     Query Q24 Score: 1.00 (avg of 30 runs)
2026-06-27 09:46:03   [25/45] Processing Query Q25...
2026-06-27 09:48:21     Query Q25 Score: 1.00 (avg of 30 runs)
2026-06-27 09:48:21   [26/45] Processing Query Q26...
2026-06-27 09:50:18     Query Q26 Score: 1.00 (avg of 30 runs)
2026-06-27 09:50:18   [27/45] Processing Query Q27...
2026-06-27 09:52:23     Query Q27 Score: 1.00 (avg of 30 runs)
2026-06-27 09:52:23   [28/45] Processing Query Q28...
2026-06-27 09:54:26     Query Q28 Score: 1.00 (avg of 30 runs)
2026-06-27 09:54:26   [29/45] Processing Query Q29...
2026-06-27 09:57:00     Query Q29 Score: 1.00 (avg of 30 runs)
2026-06-27 09:57:00   [30/45] Processing Query Q30...
2026-06-27 09:59:27     Query Q30 Score: 1.00 (avg of 30 runs)
2026-06-27 09:59:27   [31/45] Processing Query Q31...
2026-06-27 10:01:41     Query Q31 Score: 1.00 (avg of 30 runs)
2026-06-27 10:01:41   [32/45] Processing Query Q32...
2026-06-27 10:04:31     Query Q32 Score: 1.00 (avg of 30 runs)
2026-06-27 10:04:31   [33/45] Processing Query Q33...
2026-06-27 10:09:35     Query Q33 Score: 0.73 (avg of 30 runs)
2026-06-27 10:09:35   [34/45] Processing Query Q34...
2026-06-27 10:12:02     Query Q34 Score: 1.00 (avg of 30 runs)
2026-06-27 10:12:02   [35/45] Processing Query Q35...
2026-06-27 10:13:49     Query Q35 Score: 1.00 (avg of 30 runs)
2026-06-27 10:13:49   [36/45] Processing Query Q36...
2026-06-27 10:16:23     Query Q36 Score: 1.00 (avg of 30 runs)
2026-06-27 10:16:23   [37/45] Processing Query Q37...
2026-06-27 10:18:47     Query Q37 Score: 1.00 (avg of 30 runs)
2026-06-27 10:18:47   [38/45] Processing Query Q38...
2026-06-27 10:21:02     Query Q38 Score: 0.71 (avg of 30 runs)
2026-06-27 10:21:02   [39/45] Processing Query Q39...
2026-06-27 10:23:10     Query Q39 Score: 1.00 (avg of 30 runs)
2026-06-27 10:23:10   [40/45] Processing Query Q40...
2026-06-27 10:25:26     Query Q40 Score: 1.00 (avg of 30 runs)
2026-06-27 10:25:26   [41/45] Processing Query Q41...
2026-06-27 10:28:03     Query Q41 Score: 0.90 (avg of 30 runs)
2026-06-27 10:28:03   [42/45] Processing Query Q42...
2026-06-27 10:30:19     Query Q42 Score: 1.00 (avg of 30 runs)
2026-06-27 10:30:19   [43/45] Processing Query Q43...
2026-06-27 10:32:50     Query Q43 Score: 1.00 (avg of 30 runs)
2026-06-27 10:32:50   [44/45] Processing Query Q48...
2026-06-27 10:35:39     Query Q48 Score: 1.00 (avg of 30 runs)
2026-06-27 10:35:39   [45/45] Processing Query Q49...
2026-06-27 10:39:21     Query Q49 Score: 0.85 (avg of 30 runs)
2026-06-27 10:39:21 Saved validation results to /home/virtualuser/model_evaluation/autoresearch/archive/run_20260626_003204/outputs/validation_results_iter16_20260627_103921.csv
2026-06-27 10:39:21 Validation run completed. Overall Mean Score: 0.9237
2026-06-27 10:39:21 Candidate Score: 0.9237 (Delta: +0.0246)
2026-06-27 10:39:21 >>> SUCCESS: Score improved! Saving new champion prompt.
2026-06-27 10:39:21 Iteration #16 logged successfully to experiments.json.
2026-06-27 10:39:21 
2026-06-27 10:39:21 =========================================
2026-06-27 10:39:21 STARTING ITERATION #17
2026-06-27 10:39:21 =========================================
2026-06-27 10:39:21 Current Champion Score: 0.9237
2026-06-27 10:39:21 Failing queries to fix: 12
2026-06-27 10:39:21 Calling Optimizer Agent to refine instructions...
2026-06-27 10:41:31 Starting validation run on 45 queries x30 runs...
2026-06-27 10:41:31   [1/45] Processing Query Q01...
2026-06-27 10:43:41     Query Q01 Score: 1.00 (avg of 30 runs)
2026-06-27 10:43:41   [2/45] Processing Query Q02...
2026-06-27 10:46:09     Query Q02 Score: 1.00 (avg of 30 runs)
2026-06-27 10:46:09   [3/45] Processing Query Q03...
2026-06-27 10:48:40     Query Q03 Score: 1.00 (avg of 30 runs)
2026-06-27 10:48:40   [4/45] Processing Query Q04...
2026-06-27 10:51:14     Query Q04 Score: 1.00 (avg of 30 runs)
2026-06-27 10:51:14   [5/45] Processing Query Q05...
2026-06-27 10:54:02     Query Q05 Score: 0.40 (avg of 30 runs)
2026-06-27 10:54:02   [6/45] Processing Query Q06...
2026-06-27 10:56:41     Query Q06 Score: 1.00 (avg of 30 runs)
2026-06-27 10:56:41   [7/45] Processing Query Q07...
2026-06-27 10:59:02     Query Q07 Score: 1.00 (avg of 30 runs)
2026-06-27 10:59:02   [8/45] Processing Query Q08...
2026-06-27 11:01:21     Query Q08 Score: 1.00 (avg of 30 runs)
2026-06-27 11:01:21   [9/45] Processing Query Q09...
2026-06-27 11:04:00     Query Q09 Score: 1.00 (avg of 30 runs)
2026-06-27 11:04:00   [10/45] Processing Query Q10...
2026-06-27 11:06:38     Query Q10 Score: 1.00 (avg of 30 runs)
2026-06-27 11:06:38   [11/45] Processing Query Q11...
2026-06-27 11:10:46     Query Q11 Score: 0.30 (avg of 30 runs)
2026-06-27 11:10:46   [12/45] Processing Query Q12...
2026-06-27 11:12:53     Query Q12 Score: 1.00 (avg of 30 runs)
2026-06-27 11:12:53   [13/45] Processing Query Q13...
2026-06-27 11:17:47     Query Q13 Score: 0.70 (avg of 30 runs)
2026-06-27 11:17:47   [14/45] Processing Query Q14...
2026-06-27 11:19:53     Query Q14 Score: 0.85 (avg of 30 runs)
2026-06-27 11:19:53   [15/45] Processing Query Q15...
2026-06-27 11:27:43     Query Q15 Score: 1.00 (avg of 30 runs)
2026-06-27 11:27:43   [16/45] Processing Query Q16...
2026-06-27 11:32:53     Query Q16 Score: 1.00 (avg of 30 runs)
2026-06-27 11:32:53   [17/45] Processing Query Q17...
2026-06-27 11:35:21     Query Q17 Score: 1.00 (avg of 30 runs)
2026-06-27 11:35:21   [18/45] Processing Query Q18...
2026-06-27 11:37:55     Query Q18 Score: 1.00 (avg of 30 runs)
2026-06-27 11:37:55   [19/45] Processing Query Q19...
2026-06-27 11:39:58     Query Q19 Score: 1.00 (avg of 30 runs)
2026-06-27 11:39:58   [20/45] Processing Query Q20...
2026-06-27 11:47:55     Query Q20 Score: 0.61 (avg of 30 runs)
2026-06-27 11:47:55   [21/45] Processing Query Q21...
2026-06-27 11:50:13     Query Q21 Score: 1.00 (avg of 30 runs)
2026-06-27 11:50:13   [22/45] Processing Query Q22...
2026-06-27 11:52:24     Query Q22 Score: 1.00 (avg of 30 runs)
2026-06-27 11:52:24   [23/45] Processing Query Q23...
2026-06-27 11:55:18     Query Q23 Score: 1.00 (avg of 30 runs)
2026-06-27 11:55:18   [24/45] Processing Query Q24...
2026-06-27 11:57:27     Query Q24 Score: 1.00 (avg of 30 runs)
2026-06-27 11:57:27   [25/45] Processing Query Q25...
2026-06-27 11:59:55     Query Q25 Score: 1.00 (avg of 30 runs)
2026-06-27 11:59:55   [26/45] Processing Query Q26...
2026-06-27 12:01:52     Query Q26 Score: 1.00 (avg of 30 runs)
2026-06-27 12:01:52   [27/45] Processing Query Q27...
2026-06-27 12:04:03     Query Q27 Score: 1.00 (avg of 30 runs)
2026-06-27 12:04:03   [28/45] Processing Query Q28...
2026-06-27 12:06:08     Query Q28 Score: 1.00 (avg of 30 runs)
2026-06-27 12:06:08   [29/45] Processing Query Q29...
2026-06-27 12:08:47     Query Q29 Score: 1.00 (avg of 30 runs)
2026-06-27 12:08:47   [30/45] Processing Query Q30...
2026-06-27 12:11:14     Query Q30 Score: 1.00 (avg of 30 runs)
2026-06-27 12:11:14   [31/45] Processing Query Q31...
2026-06-27 12:13:29     Query Q31 Score: 1.00 (avg of 30 runs)
2026-06-27 12:13:29   [32/45] Processing Query Q32...
2026-06-27 12:16:19     Query Q32 Score: 1.00 (avg of 30 runs)
2026-06-27 12:16:19   [33/45] Processing Query Q33...
2026-06-27 12:22:46     Query Q33 Score: 1.00 (avg of 30 runs)
2026-06-27 12:22:46   [34/45] Processing Query Q34...
2026-06-27 12:25:13     Query Q34 Score: 0.95 (avg of 30 runs)
2026-06-27 12:25:13   [35/45] Processing Query Q35...
2026-06-27 12:27:02     Query Q35 Score: 1.00 (avg of 30 runs)
2026-06-27 12:27:02   [36/45] Processing Query Q36...
2026-06-27 12:29:39     Query Q36 Score: 1.00 (avg of 30 runs)
2026-06-27 12:29:39   [37/45] Processing Query Q37...
2026-06-27 12:32:13     Query Q37 Score: 0.95 (avg of 30 runs)
2026-06-27 12:32:13   [38/45] Processing Query Q38...
2026-06-27 12:34:29     Query Q38 Score: 1.00 (avg of 30 runs)
2026-06-27 12:34:29   [39/45] Processing Query Q39...
2026-06-27 12:36:44     Query Q39 Score: 1.00 (avg of 30 runs)
2026-06-27 12:36:44   [40/45] Processing Query Q40...
2026-06-27 12:39:08     Query Q40 Score: 1.00 (avg of 30 runs)
2026-06-27 12:39:08   [41/45] Processing Query Q41...
2026-06-27 12:42:07     Query Q41 Score: 0.60 (avg of 30 runs)
2026-06-27 12:42:07   [42/45] Processing Query Q42...
2026-06-27 12:44:25     Query Q42 Score: 1.00 (avg of 30 runs)
2026-06-27 12:44:25   [43/45] Processing Query Q43...
2026-06-27 12:46:56     Query Q43 Score: 1.00 (avg of 30 runs)
2026-06-27 12:46:56   [44/45] Processing Query Q48...
2026-06-27 12:49:57     Query Q48 Score: 0.99 (avg of 30 runs)
2026-06-27 12:49:57   [45/45] Processing Query Q49...
2026-06-27 12:57:44     Query Q49 Score: 0.97 (avg of 30 runs)
2026-06-27 12:57:44 Saved validation results to /home/virtualuser/model_evaluation/autoresearch/archive/run_20260626_003204/outputs/validation_results_iter17_20260627_125744.csv
2026-06-27 12:57:44 Validation run completed. Overall Mean Score: 0.9406
2026-06-27 12:57:44 Candidate Score: 0.9406 (Delta: +0.0170)
2026-06-27 12:57:44 >>> SUCCESS: Score improved! Saving new champion prompt.
2026-06-27 12:57:44 Iteration #17 logged successfully to experiments.json.
2026-06-27 12:57:44 
2026-06-27 12:57:44 =========================================
2026-06-27 12:57:44 STARTING ITERATION #18
2026-06-27 12:57:44 =========================================
2026-06-27 12:57:44 Current Champion Score: 0.9406
2026-06-27 12:57:44 Failing queries to fix: 13
2026-06-27 12:57:44 Calling Optimizer Agent to refine instructions...
2026-06-27 13:00:41 Starting validation run on 45 queries x30 runs...
2026-06-27 13:00:41   [1/45] Processing Query Q01...
2026-06-27 13:02:38     Query Q01 Score: 1.00 (avg of 30 runs)
2026-06-27 13:02:38   [2/45] Processing Query Q02...
2026-06-27 13:05:17     Query Q02 Score: 0.85 (avg of 30 runs)
2026-06-27 13:05:17   [3/45] Processing Query Q03...
2026-06-27 13:07:50     Query Q03 Score: 1.00 (avg of 30 runs)
2026-06-27 13:07:50   [4/45] Processing Query Q04...
2026-06-27 13:10:25     Query Q04 Score: 1.00 (avg of 30 runs)
2026-06-27 13:10:25   [5/45] Processing Query Q05...
2026-06-27 13:13:23     Query Q05 Score: 0.40 (avg of 30 runs)
2026-06-27 13:13:23   [6/45] Processing Query Q06...
2026-06-27 13:16:03     Query Q06 Score: 1.00 (avg of 30 runs)
2026-06-27 13:16:03   [7/45] Processing Query Q07...
2026-06-27 13:18:25     Query Q07 Score: 1.00 (avg of 30 runs)
2026-06-27 13:18:25   [8/45] Processing Query Q08...
2026-06-27 13:20:46     Query Q08 Score: 1.00 (avg of 30 runs)
2026-06-27 13:20:46   [9/45] Processing Query Q09...
2026-06-27 13:25:57     Query Q09 Score: 0.95 (avg of 30 runs)
2026-06-27 13:25:57   [10/45] Processing Query Q10...
2026-06-27 13:28:39     Query Q10 Score: 1.00 (avg of 30 runs)
2026-06-27 13:28:39   [11/45] Processing Query Q11...
2026-06-27 13:32:59     Query Q11 Score: 0.21 (avg of 30 runs)
2026-06-27 13:32:59   [12/45] Processing Query Q12...
2026-06-27 13:34:58     Query Q12 Score: 1.00 (avg of 30 runs)
2026-06-27 13:34:58   [13/45] Processing Query Q13...
2026-06-27 13:37:42     Query Q13 Score: 0.95 (avg of 30 runs)
2026-06-27 13:37:42   [14/45] Processing Query Q14...
2026-06-27 13:39:53     Query Q14 Score: 0.85 (avg of 30 runs)
2026-06-27 13:39:53   [15/45] Processing Query Q15...
2026-06-27 13:42:43     Query Q15 Score: 1.00 (avg of 30 runs)
2026-06-27 13:42:43   [16/45] Processing Query Q16...
2026-06-27 13:45:19     Query Q16 Score: 0.50 (avg of 30 runs)
2026-06-27 13:45:19   [17/45] Processing Query Q17...
2026-06-27 13:47:40     Query Q17 Score: 1.00 (avg of 30 runs)
2026-06-27 13:47:40   [18/45] Processing Query Q18...
2026-06-27 13:50:01     Query Q18 Score: 1.00 (avg of 30 runs)
2026-06-27 13:50:01   [19/45] Processing Query Q19...
2026-06-27 13:52:02     Query Q19 Score: 1.00 (avg of 30 runs)
2026-06-27 13:52:02   [20/45] Processing Query Q20...
2026-06-27 13:54:57     Query Q20 Score: 0.85 (avg of 30 runs)
2026-06-27 13:54:57   [21/45] Processing Query Q21...
2026-06-27 13:57:15     Query Q21 Score: 1.00 (avg of 30 runs)
2026-06-27 13:57:15   [22/45] Processing Query Q22...
2026-06-27 13:59:25     Query Q22 Score: 1.00 (avg of 30 runs)
2026-06-27 13:59:25   [23/45] Processing Query Q23...
2026-06-27 14:02:04     Query Q23 Score: 1.00 (avg of 30 runs)
2026-06-27 14:02:04   [24/45] Processing Query Q24...
2026-06-27 14:04:12     Query Q24 Score: 1.00 (avg of 30 runs)
2026-06-27 14:04:12   [25/45] Processing Query Q25...
2026-06-27 14:06:33     Query Q25 Score: 1.00 (avg of 30 runs)
2026-06-27 14:06:33   [26/45] Processing Query Q26...
2026-06-27 14:08:31     Query Q26 Score: 1.00 (avg of 30 runs)
2026-06-27 14:08:31   [27/45] Processing Query Q27...
2026-06-27 14:10:40     Query Q27 Score: 1.00 (avg of 30 runs)
2026-06-27 14:10:40   [28/45] Processing Query Q28...
2026-06-27 14:12:43     Query Q28 Score: 1.00 (avg of 30 runs)
2026-06-27 14:12:43   [29/45] Processing Query Q29...
2026-06-27 14:15:27     Query Q29 Score: 1.00 (avg of 30 runs)
2026-06-27 14:15:27   [30/45] Processing Query Q30...
2026-06-27 14:17:51     Query Q30 Score: 1.00 (avg of 30 runs)
2026-06-27 14:17:51   [31/45] Processing Query Q31...
2026-06-27 14:20:06     Query Q31 Score: 1.00 (avg of 30 runs)
2026-06-27 14:20:06   [32/45] Processing Query Q32...
2026-06-27 14:22:56     Query Q32 Score: 1.00 (avg of 30 runs)
2026-06-27 14:22:56   [33/45] Processing Query Q33...
2026-06-27 14:28:15     Query Q33 Score: 0.62 (avg of 30 runs)
2026-06-27 14:28:15   [34/45] Processing Query Q34...
2026-06-27 14:30:31     Query Q34 Score: 1.00 (avg of 30 runs)
2026-06-27 14:30:31   [35/45] Processing Query Q35...
2026-06-27 14:32:20     Query Q35 Score: 1.00 (avg of 30 runs)
2026-06-27 14:32:20   [36/45] Processing Query Q36...
2026-06-27 14:35:01     Query Q36 Score: 1.00 (avg of 30 runs)
2026-06-27 14:35:01   [37/45] Processing Query Q37...
2026-06-27 14:37:26     Query Q37 Score: 1.00 (avg of 30 runs)
2026-06-27 14:37:26   [38/45] Processing Query Q38...
2026-06-27 14:39:41     Query Q38 Score: 0.70 (avg of 30 runs)
2026-06-27 14:39:41   [39/45] Processing Query Q39...
2026-06-27 14:41:48     Query Q39 Score: 1.00 (avg of 30 runs)
2026-06-27 14:41:48   [40/45] Processing Query Q40...
2026-06-27 14:44:05     Query Q40 Score: 1.00 (avg of 30 runs)
2026-06-27 14:44:05   [41/45] Processing Query Q41...
2026-06-27 14:46:44     Query Q41 Score: 0.90 (avg of 30 runs)
2026-06-27 14:46:44   [42/45] Processing Query Q42...
2026-06-27 14:49:01     Query Q42 Score: 1.00 (avg of 30 runs)
2026-06-27 14:49:01   [43/45] Processing Query Q43...
2026-06-27 14:51:36     Query Q43 Score: 0.90 (avg of 30 runs)
2026-06-27 14:51:36   [44/45] Processing Query Q48...
2026-06-27 14:54:30     Query Q48 Score: 0.99 (avg of 30 runs)
2026-06-27 14:54:30   [45/45] Processing Query Q49...
2026-06-27 15:06:03     Query Q49 Score: 1.00 (avg of 30 runs)
2026-06-27 15:06:03 Saved validation results to /home/virtualuser/model_evaluation/autoresearch/archive/run_20260626_003204/outputs/validation_results_iter18_20260627_150603.csv
2026-06-27 15:06:03 Validation run completed. Overall Mean Score: 0.9259
2026-06-27 15:06:03 Candidate Score: 0.9259 (Delta: -0.0147)
2026-06-27 15:06:03 >>> FAILURE: Score did not improve. Discarding changes.
2026-06-27 15:06:03 Iteration #18 logged successfully to experiments.json.
2026-06-27 15:06:03 
2026-06-27 15:06:03 =========================================
2026-06-27 15:06:03 STARTING ITERATION #19
2026-06-27 15:06:03 =========================================
2026-06-27 15:06:03 Current Champion Score: 0.9406
2026-06-27 15:06:03 Failing queries to fix: 13
2026-06-27 15:06:03 Calling Optimizer Agent to refine instructions...
2026-06-27 15:08:28 Starting validation run on 45 queries x30 runs...
2026-06-27 15:08:28   [1/45] Processing Query Q01...
2026-06-27 15:10:32     Query Q01 Score: 1.00 (avg of 30 runs)
2026-06-27 15:10:32   [2/45] Processing Query Q02...
2026-06-27 15:13:01     Query Q02 Score: 1.00 (avg of 30 runs)
2026-06-27 15:13:01   [3/45] Processing Query Q03...
2026-06-27 15:15:33     Query Q03 Score: 1.00 (avg of 30 runs)
2026-06-27 15:15:33   [4/45] Processing Query Q04...
2026-06-27 15:18:07     Query Q04 Score: 1.00 (avg of 30 runs)
2026-06-27 15:18:07   [5/45] Processing Query Q05...
2026-06-27 15:21:04     Query Q05 Score: 0.30 (avg of 30 runs)
2026-06-27 15:21:04   [6/45] Processing Query Q06...
2026-06-27 15:24:00     Query Q06 Score: 0.41 (avg of 30 runs)
2026-06-27 15:24:00   [7/45] Processing Query Q07...
2026-06-27 15:26:22     Query Q07 Score: 1.00 (avg of 30 runs)
2026-06-27 15:26:22   [8/45] Processing Query Q08...
2026-06-27 15:28:41     Query Q08 Score: 1.00 (avg of 30 runs)
2026-06-27 15:28:41   [9/45] Processing Query Q09...
2026-06-27 15:31:16     Query Q09 Score: 1.00 (avg of 30 runs)
2026-06-27 15:31:16   [10/45] Processing Query Q10...
2026-06-27 15:33:53     Query Q10 Score: 1.00 (avg of 30 runs)
2026-06-27 15:33:53   [11/45] Processing Query Q11...
2026-06-27 15:37:44     Query Q11 Score: 0.30 (avg of 30 runs)
2026-06-27 15:37:44   [12/45] Processing Query Q12...
2026-06-27 15:39:49     Query Q12 Score: 1.00 (avg of 30 runs)
2026-06-27 15:39:49   [13/45] Processing Query Q13...
2026-06-27 15:42:22     Query Q13 Score: 0.50 (avg of 30 runs)
2026-06-27 15:42:22   [14/45] Processing Query Q14...
2026-06-27 15:44:39     Query Q14 Score: 0.84 (avg of 30 runs)
2026-06-27 15:44:39   [15/45] Processing Query Q15...
2026-06-27 15:55:05     Query Q15 Score: 1.00 (avg of 30 runs)
2026-06-27 15:55:05   [16/45] Processing Query Q16...
2026-06-27 15:57:54     Query Q16 Score: 0.50 (avg of 30 runs)
2026-06-27 15:57:54   [17/45] Processing Query Q17...
2026-06-27 16:00:15     Query Q17 Score: 1.00 (avg of 30 runs)
2026-06-27 16:00:15   [18/45] Processing Query Q18...
2026-06-27 16:02:49     Query Q18 Score: 1.00 (avg of 30 runs)
2026-06-27 16:02:49   [19/45] Processing Query Q19...
2026-06-27 16:16:42     Query Q19 Score: 0.52 (avg of 30 runs)
2026-06-27 16:16:42   [20/45] Processing Query Q20...
2026-06-27 16:30:55     Query Q20 Score: 0.61 (avg of 30 runs)
2026-06-27 16:30:55   [21/45] Processing Query Q21...
2026-06-27 16:33:14     Query Q21 Score: 1.00 (avg of 30 runs)
2026-06-27 16:33:14   [22/45] Processing Query Q22...
2026-06-27 16:35:35     Query Q22 Score: 1.00 (avg of 30 runs)
2026-06-27 16:35:35   [23/45] Processing Query Q23...
2026-06-27 16:38:30     Query Q23 Score: 0.85 (avg of 30 runs)
2026-06-27 16:38:30   [24/45] Processing Query Q24...
2026-06-27 16:40:39     Query Q24 Score: 1.00 (avg of 30 runs)
2026-06-27 16:40:39   [25/45] Processing Query Q25...
2026-06-27 16:43:05     Query Q25 Score: 1.00 (avg of 30 runs)
2026-06-27 16:43:05   [26/45] Processing Query Q26...
2026-06-27 16:45:02     Query Q26 Score: 1.00 (avg of 30 runs)
2026-06-27 16:45:02   [27/45] Processing Query Q27...
2026-06-27 16:47:21     Query Q27 Score: 0.95 (avg of 30 runs)
2026-06-27 16:47:21   [28/45] Processing Query Q28...
2026-06-27 16:49:25     Query Q28 Score: 1.00 (avg of 30 runs)
2026-06-27 16:49:25   [29/45] Processing Query Q29...
2026-06-27 16:52:08     Query Q29 Score: 1.00 (avg of 30 runs)
2026-06-27 16:52:08   [30/45] Processing Query Q30...
2026-06-27 16:54:35     Query Q30 Score: 1.00 (avg of 30 runs)
2026-06-27 16:54:35   [31/45] Processing Query Q31...
2026-06-27 16:56:50     Query Q31 Score: 1.00 (avg of 30 runs)
2026-06-27 16:56:50   [32/45] Processing Query Q32...
2026-06-27 16:59:40     Query Q32 Score: 1.00 (avg of 30 runs)
2026-06-27 16:59:40   [33/45] Processing Query Q33...
2026-06-27 17:05:10     Query Q33 Score: 0.75 (avg of 30 runs)
2026-06-27 17:05:10   [34/45] Processing Query Q34...
2026-06-27 17:07:38     Query Q34 Score: 0.95 (avg of 30 runs)
2026-06-27 17:07:38   [35/45] Processing Query Q35...
2026-06-27 17:09:26     Query Q35 Score: 1.00 (avg of 30 runs)
2026-06-27 17:09:26   [36/45] Processing Query Q36...
2026-06-27 17:12:00     Query Q36 Score: 1.00 (avg of 30 runs)
2026-06-27 17:12:00   [37/45] Processing Query Q37...
2026-06-27 17:14:29     Query Q37 Score: 1.00 (avg of 30 runs)
2026-06-27 17:14:29   [38/45] Processing Query Q38...
2026-06-27 17:16:44     Query Q38 Score: 0.60 (avg of 30 runs)
2026-06-27 17:16:44   [39/45] Processing Query Q39...
2026-06-27 17:18:57     Query Q39 Score: 1.00 (avg of 30 runs)
2026-06-27 17:18:57   [40/45] Processing Query Q40...
2026-06-27 17:21:19     Query Q40 Score: 1.00 (avg of 30 runs)
2026-06-27 17:21:19   [41/45] Processing Query Q41...
2026-06-27 17:24:17     Query Q41 Score: 0.60 (avg of 30 runs)
2026-06-27 17:24:17   [42/45] Processing Query Q42...
2026-06-27 17:26:34     Query Q42 Score: 1.00 (avg of 30 runs)
2026-06-27 17:26:34   [43/45] Processing Query Q43...
2026-06-27 17:29:04     Query Q43 Score: 1.00 (avg of 30 runs)
2026-06-27 17:29:04   [44/45] Processing Query Q48...
2026-06-27 17:32:18     Query Q48 Score: 0.84 (avg of 30 runs)
2026-06-27 17:32:18   [45/45] Processing Query Q49...
2026-06-27 17:45:08     Query Q49 Score: 0.95 (avg of 30 runs)
2026-06-27 17:45:08 Saved validation results to /home/virtualuser/model_evaluation/autoresearch/archive/run_20260626_003204/outputs/validation_results_iter19_20260627_174508.csv
2026-06-27 17:45:08 Validation run completed. Overall Mean Score: 0.8765
2026-06-27 17:45:08 Candidate Score: 0.8765 (Delta: -0.0641)
2026-06-27 17:45:08 >>> FAILURE: Score did not improve. Discarding changes.
2026-06-27 17:45:08 Iteration #19 logged successfully to experiments.json.
2026-06-27 17:45:08 
2026-06-27 17:45:08 =========================================
2026-06-27 17:45:08 STARTING ITERATION #20
2026-06-27 17:45:08 =========================================
2026-06-27 17:45:08 Current Champion Score: 0.9406
2026-06-27 17:45:08 Failing queries to fix: 13
2026-06-27 17:45:08 Calling Optimizer Agent to refine instructions...
2026-06-27 17:45:21 Optimization Error: Failed to generate optimized instructions: Failed to generate optimized instructions: llama-server process has terminated: exit status 1 (status code: 500)
2026-06-27 17:45:21 Fatal LLM error encountered. Exiting optimization loop to prevent infinite retry.
2026-06-27 17:45:21 
2026-06-27 17:45:21 Optimization process completed.
2026-06-27 17:45:21 Best prompt found at iteration #17 with Score: 0.9406
2026-06-28 17:21:53 Resuming optimization loop from iteration #20.
2026-06-28 17:21:53 Current champion established at iteration #17 with Score: 0.9406
2026-06-28 17:21:53 
2026-06-28 17:21:53 Entering optimization loop...
2026-06-28 17:21:53 
2026-06-28 17:21:53 =========================================
2026-06-28 17:21:53 STARTING ITERATION #20
2026-06-28 17:21:53 =========================================
2026-06-28 17:21:53 Current Champion Score: 0.9406
2026-06-28 17:21:53 Failing queries to fix: 13
2026-06-28 17:21:53 Calling Optimizer Agent to refine instructions...
2026-06-28 17:22:08 Optimization Error: Failed to generate optimized instructions: Failed to generate optimized instructions: llama-server process has terminated: exit status 1 (status code: 500)
2026-06-28 17:22:08 Fatal LLM error encountered. Exiting optimization loop to prevent infinite retry.
2026-06-28 17:22:08 
2026-06-28 17:22:08 Optimization process completed.
2026-06-28 17:22:08 Best prompt found at iteration #17 with Score: 0.9406
