Run,Query ID,Query,Model,Thinking,Temperature,Inference Time (s),Valid JSON,Done Reason,Prompt Eval Count,Prompt Eval Duration (s),Eval Count,Eval Duration (s),Generation Throughput (tokens/s),Response
1,Q08,Give me the actors whose father is among the top 5 highest-paid directors,ministral-3:14b,False,0.1,178.16402,True,stop,4096,17.386272,381,159.980305,2.3815,"```json
{
  ""hypotheses_set"": [
    [
      {
        ""id"": ""q1"",
        ""target"": [""e_actor""],
        ""entities"": [
          { ""id"": ""e_actor"", ""type"": ""Person"" },
          { ""id"": ""e_father"", ""type"": ""Person"" },
          { ""id"": ""e_movie"", ""type"": ""Movie"" },
          { ""id"": ""e_director"", ""type"": ""Person"" }
        ],
        ""relationships"": [
          { ""id"": ""r_parent"", ""role"": ""father"", ""from"": ""e_father"", ""to"": ""e_actor"" },
          { ""id"": ""r_dir"", ""role"": ""director"", ""from"": ""e_director"", ""to"": ""e_movie"" },
          { ""id"": ""r_actor"", ""role"": ""actor"", ""from"": ""e_actor"", ""to"": ""e_movie"" }
        ],
        ""constraint"": {
          ""and_conditions"": [
            ""r_parent"",
            {
              ""left"": {
                ""count_id"": ""e_movie"",
                ""condition"": {
                  ""and_conditions"": [
                    ""r_dir"",
                    {
                      ""left"": { ""attribute_name"": ""name"", ""of"": ""e_director"" },
                      ""operator"": ""="",
                      ""right"": { ""attribute_name"": ""name"", ""of"": ""e_father"" }
                    }
                  ]
                }
              },
              ""operator"": "">="",
              ""right"": 5
            }
          ]
        },
        ""projection"": [
          { ""attribute_name"": ""name"", ""of"": ""e_actor"" }
        ]
      }
    ]
  ]
}
```"
2,Q08,Give me the actors whose father is among the top 5 highest-paid directors,ministral-3:14b,False,0.1,177.629707,True,stop,4096,17.428468,381,159.410961,2.39,"```json
{
  ""hypotheses_set"": [
    [
      {
        ""id"": ""q1"",
        ""target"": [""e_actor""],
        ""entities"": [
          { ""id"": ""e_actor"", ""type"": ""Person"" },
          { ""id"": ""e_father"", ""type"": ""Person"" },
          { ""id"": ""e_movie"", ""type"": ""Movie"" },
          { ""id"": ""e_director"", ""type"": ""Person"" }
        ],
        ""relationships"": [
          { ""id"": ""r_parent"", ""role"": ""father"", ""from"": ""e_father"", ""to"": ""e_actor"" },
          { ""id"": ""r_dir"", ""role"": ""director"", ""from"": ""e_director"", ""to"": ""e_movie"" },
          { ""id"": ""r_act"", ""role"": ""actor"", ""from"": ""e_actor"", ""to"": ""e_movie"" }
        ],
        ""constraint"": {
          ""and_conditions"": [
            ""r_parent"",
            {
              ""left"": {
                ""count_id"": ""e_movie"",
                ""condition"": {
                  ""and_conditions"": [
                    ""r_dir"",
                    {
                      ""left"": { ""attribute_name"": ""name"", ""of"": ""e_director"" },
                      ""operator"": ""="",
                      ""right"": { ""attribute_name"": ""name"", ""of"": ""e_father"" }
                    }
                  ]
                }
              },
              ""operator"": "">="",
              ""right"": 5
            }
          ]
        },
        ""projection"": [
          { ""attribute_name"": ""name"", ""of"": ""e_actor"" }
        ]
      }
    ]
  ]
}
```"
3,Q08,Give me the actors whose father is among the top 5 highest-paid directors,ministral-3:14b,False,0.1,178.072024,True,stop,4096,17.575009,381,159.732206,2.3852,"```json
{
  ""hypotheses_set"": [
    [
      {
        ""id"": ""q1"",
        ""target"": [""e_actor""],
        ""entities"": [
          { ""id"": ""e_actor"", ""type"": ""Person"" },
          { ""id"": ""e_father"", ""type"": ""Person"" },
          { ""id"": ""e_movie"", ""type"": ""Movie"" },
          { ""id"": ""e_director"", ""type"": ""Person"" }
        ],
        ""relationships"": [
          { ""id"": ""r_parent"", ""role"": ""father"", ""from"": ""e_father"", ""to"": ""e_actor"" },
          { ""id"": ""r_dir"", ""role"": ""director"", ""from"": ""e_director"", ""to"": ""e_movie"" },
          { ""id"": ""r_actor"", ""role"": ""actor"", ""from"": ""e_actor"", ""to"": ""e_movie"" }
        ],
        ""constraint"": {
          ""and_conditions"": [
            ""r_parent"",
            {
              ""left"": {
                ""count_id"": ""e_movie"",
                ""condition"": {
                  ""and_conditions"": [
                    ""r_dir"",
                    {
                      ""left"": { ""attribute_name"": ""name"", ""of"": ""e_director"" },
                      ""operator"": ""="",
                      ""right"": { ""attribute_name"": ""name"", ""of"": ""e_father"" }
                    }
                  ]
                }
              },
              ""operator"": "">="",
              ""right"": 5
            }
          ]
        },
        ""projection"": [
          { ""attribute_name"": ""name"", ""of"": ""e_actor"" }
        ]
      }
    ]
  ]
}
```"
4,Q08,Give me the actors whose father is among the top 5 highest-paid directors,ministral-3:14b,False,0.1,177.724388,True,stop,4096,17.082325,381,159.871155,2.3832,"```json
{
  ""hypotheses_set"": [
    [
      {
        ""id"": ""q1"",
        ""target"": [""e_actor""],
        ""entities"": [
          { ""id"": ""e_actor"", ""type"": ""Person"" },
          { ""id"": ""e_father"", ""type"": ""Person"" },
          { ""id"": ""e_movie"", ""type"": ""Movie"" },
          { ""id"": ""e_director"", ""type"": ""Person"" }
        ],
        ""relationships"": [
          { ""id"": ""r_parent"", ""role"": ""father"", ""from"": ""e_father"", ""to"": ""e_actor"" },
          { ""id"": ""r_dir"", ""role"": ""director"", ""from"": ""e_director"", ""to"": ""e_movie"" },
          { ""id"": ""r_actor"", ""role"": ""actor"", ""from"": ""e_actor"", ""to"": ""e_movie"" }
        ],
        ""constraint"": {
          ""and_conditions"": [
            ""r_parent"",
            {
              ""left"": {
                ""count_id"": ""e_movie"",
                ""condition"": {
                  ""and_conditions"": [
                    ""r_dir"",
                    {
                      ""left"": { ""attribute_name"": ""name"", ""of"": ""e_director"" },
                      ""operator"": ""="",
                      ""right"": { ""attribute_name"": ""name"", ""of"": ""e_father"" }
                    }
                  ]
                }
              },
              ""operator"": "">="",
              ""right"": 5
            }
          ]
        },
        ""projection"": [
          { ""attribute_name"": ""name"", ""of"": ""e_actor"" }
        ]
      }
    ]
  ]
}
```"
5,Q08,Give me the actors whose father is among the top 5 highest-paid directors,ministral-3:14b,False,0.1,176.856597,False,stop,4096,17.532603,378,158.567478,2.3838,"```json
{
  ""hypotheses_set"": [
    [
      {
        ""id"": ""q1"",
        ""target"": [""e_actor""],
        ""entities"": [
          { ""id"": ""e_actor"", ""type"": ""Person"" },
          { ""id"": ""e_father"", ""type"": ""Person"" },
          { ""id"": ""e_movie"", ""type"": ""Movie"" },
          { ""id"": ""e_director"", ""type"": ""Person"" }
        ],
        ""relationships"": [
          { ""id"": ""r_parent"", ""role"": ""father"", ""from"": ""e_father"", ""to"": ""e_actor"" },
          { ""id"": ""r_dir"", ""role"": ""director"", ""from"": ""e_director"", ""to"": ""e_movie"" },
          { ""id"": ""r_actor"", ""role"": ""actor"", ""from"": ""e_actor"", ""to"": ""e_movie"" }
        ],
        ""constraint"": {
          ""and_conditions"": [
            ""r_parent"",
            {
              ""left"": {
                ""count_id"": ""e_movie"",
                ""condition"": {
                  ""and_conditions"": [
                    ""r_dir"",
                    {
                      ""left"": { ""attribute_name"": ""name"", ""of"": ""e_director"" },
                      ""operator"": ""="",
                      { ""attribute_name"": ""name"", ""of"": ""e_father"" }
                    }
                  ]
                }
              },
              ""operator"": "">="",
              ""right"": 5
            }
          ]
        },
        ""projection"": [
          { ""attribute_name"": ""name"", ""of"": ""e_actor"" }
        ]
      }
    ]
  ]
}
```"
6,Q08,Give me the actors whose father is among the top 5 highest-paid directors,ministral-3:14b,False,0.1,176.665535,False,stop,4096,17.544408,378,158.322863,2.3875,"```json
{
  ""hypotheses_set"": [
    [
      {
        ""id"": ""q1"",
        ""target"": [""e_actor""],
        ""entities"": [
          { ""id"": ""e_actor"", ""type"": ""Person"" },
          { ""id"": ""e_father"", ""type"": ""Person"" },
          { ""id"": ""e_movie"", ""type"": ""Movie"" },
          { ""id"": ""e_director"", ""type"": ""Person"" }
        ],
        ""relationships"": [
          { ""id"": ""r_parent"", ""role"": ""father"", ""from"": ""e_father"", ""to"": ""e_actor"" },
          { ""id"": ""r_dir"", ""role"": ""director"", ""from"": ""e_director"", ""to"": ""e_movie"" },
          { ""id"": ""r_actor"", ""role"": ""actor"", ""from"": ""e_actor"", ""to"": ""e_movie"" }
        ],
        ""constraint"": {
          ""and_conditions"": [
            ""r_parent"",
            {
              ""left"": {
                ""count_id"": ""e_movie"",
                ""condition"": {
                  ""and_conditions"": [
                    ""r_dir"",
                    {
                      ""left"": { ""attribute_name"": ""name"", ""of"": ""e_director"" },
                      ""operator"": ""="",
                      { ""attribute_name"": ""name"", ""of"": ""e_father"" }
                    }
                  ]
                }
              },
              ""operator"": "">="",
              ""right"": 5
            }
          ]
        },
        ""projection"": [
          { ""attribute_name"": ""name"", ""of"": ""e_actor"" }
        ]
      }
    ]
  ]
}
```"
7,Q08,Give me the actors whose father is among the top 5 highest-paid directors,ministral-3:14b,False,0.1,180.747962,True,stop,4096,17.375861,381,162.585824,2.3434,"```json
{
  ""hypotheses_set"": [
    [
      {
        ""id"": ""q1"",
        ""target"": [""e_actor""],
        ""entities"": [
          { ""id"": ""e_actor"", ""type"": ""Person"" },
          { ""id"": ""e_father"", ""type"": ""Person"" },
          { ""id"": ""e_movie"", ""type"": ""Movie"" },
          { ""id"": ""e_director"", ""type"": ""Person"" }
        ],
        ""relationships"": [
          { ""id"": ""r_parent"", ""role"": ""father"", ""from"": ""e_father"", ""to"": ""e_actor"" },
          { ""id"": ""r_dir"", ""role"": ""director"", ""from"": ""e_director"", ""to"": ""e_movie"" },
          { ""id"": ""r_actor"", ""role"": ""actor"", ""from"": ""e_actor"", ""to"": ""e_movie"" }
        ],
        ""constraint"": {
          ""and_conditions"": [
            ""r_parent"",
            {
              ""left"": {
                ""count_id"": ""e_movie"",
                ""condition"": {
                  ""and_conditions"": [
                    ""r_dir"",
                    {
                      ""left"": { ""attribute_name"": ""name"", ""of"": ""e_director"" },
                      ""operator"": ""="",
                      ""right"": { ""attribute_name"": ""name"", ""of"": ""e_father"" }
                    }
                  ]
                }
              },
              ""operator"": "">="",
              ""right"": 5
            }
          ]
        },
        ""projection"": [
          { ""attribute_name"": ""name"", ""of"": ""e_actor"" }
        ]
      }
    ]
  ]
}
```"
8,Q08,Give me the actors whose father is among the top 5 highest-paid directors,ministral-3:14b,False,0.1,177.173736,False,stop,4096,17.576254,378,158.853826,2.3795,"```json
{
  ""hypotheses_set"": [
    [
      {
        ""id"": ""q1"",
        ""target"": [""e_actor""],
        ""entities"": [
          { ""id"": ""e_actor"", ""type"": ""Person"" },
          { ""id"": ""e_father"", ""type"": ""Person"" },
          { ""id"": ""e_movie"", ""type"": ""Movie"" },
          { ""id"": ""e_director"", ""type"": ""Person"" }
        ],
        ""relationships"": [
          { ""id"": ""r_parent"", ""role"": ""father"", ""from"": ""e_father"", ""to"": ""e_actor"" },
          { ""id"": ""r_dir"", ""role"": ""director"", ""from"": ""e_director"", ""to"": ""e_movie"" },
          { ""id"": ""r_actor"", ""role"": ""actor"", ""from"": ""e_actor"", ""to"": ""e_movie"" }
        ],
        ""constraint"": {
          ""and_conditions"": [
            ""r_parent"",
            {
              ""left"": {
                ""count_id"": ""e_movie"",
                ""condition"": {
                  ""and_conditions"": [
                    ""r_dir"",
                    {
                      ""left"": { ""attribute_name"": ""name"", ""of"": ""e_director"" },
                      ""operator"": ""="",
                      { ""attribute_name"": ""name"", ""of"": ""e_father"" }
                    }
                  ]
                }
              },
              ""operator"": "">="",
              ""right"": 5
            }
          ]
        },
        ""projection"": [
          { ""attribute_name"": ""name"", ""of"": ""e_actor"" }
        ]
      }
    ]
  ]
}
```"
9,Q08,Give me the actors whose father is among the top 5 highest-paid directors,ministral-3:14b,False,0.1,17808.633517,False,length,4096,17.400096,40960,17760.732643,2.3062,"```json
{
  ""hypotheses_set"": [
    [
      {
        ""id"": ""q1"",
        ""target"": [""e_actor""],
        ""entities"": [
          { ""id"": ""e_actor"", ""type"": ""Person"" },
          { ""id"": ""e_father"", ""type"": ""Person"" },
          { ""id"": ""e_movie"", ""type"": ""Movie"" },
          { ""id"": ""e_director"", ""type"": ""Person"" }
        ],
        ""relationships"": [
          { ""id"": ""r_parent"", ""role"": ""father"", ""from"": ""e_father"", ""to"": ""e_actor"" },
          { ""id"": ""r_dir"", ""role"": ""director"", ""from"": ""e_director"", ""to"": ""e_movie"" },
          { ""id"": ""r_actor_in_movie"", ""role"": ""actor"", ""from"": ""e_actor"", ""to"": ""e_movie"" }
        ],
        ""constraint"": {
          ""and_conditions"": [
            {
              ""left"": {
                ""count_id"": ""e_movie"",
                ""condition"": {
                  ""and_conditions"": [
                    ""r_dir"",
                    {
                      ""left"": { ""attribute_name"": ""name"", ""of"": ""e_director"" },
                      ""operator"": ""="",
                      { ""attribute_name"": ""name"", ""of"": ""e_father"" }
                    }
                  ]
                }
              },
              ""operator"": "">="",
              ""right"": 5
            },
            {
              ""left"": {
                ""attribute_name"": ""name"",
                ""of"": ""e_father""
              },
              ""operator"": ""="",
              {
                ""left"": {
                  ""attribute_name"": ""name"",
                  ""of"": ""e_director""
                },
                ""operator"": ""=""
                {
                  ""left"": {
                    ""count_id"": ""e_movie"",
                    ""condition"": {
                      ""and_conditions"": [
                        ""r_dir""
                      ]
                    }
                  },
                  ""operator"": ""="",
                  {
                    ""left"": {
                      ""count_id"": ""e_movie"",
                      ""condition"": {
                        ""and_conditions"": [
                          {
                            ""left"": {
                              ""attribute_name"": ""name"",
                              ""of"": ""e_director""
                            },
                            ""operator"": ""="",
                            {
                              ""left"": {
                                ""count_id"": ""e_movie"",
                                ""condition"": {
                                  ""and_conditions"": [
                                    ""r_dir""
                                  ]
                                }
                              },
                              ""operator"": "">="",
                              ""right"": 5
                            }
                          }
                        ]
                      }
                    }
                  }
                }
              }
            }
          ]
        },
        ""projection"": [
          { ""attribute_name"": ""name"", ""of"": ""e_actor"" }
        ]
      }
    ],
    [
      {
        ""id"": ""q2"",
        ""target"": [""e_actor""],
        ""entities"": [
          { ""id"": ""e_actor"", ""type"": ""Person"" },
          { ""id"": ""e_father"", ""type"": ""Person"" },
          { ""id"": ""e_movie"", ""type"": ""Movie"" },
          { ""id"": ""e_director"", ""type"": ""Person"" }
        ],
        ""relationships"": [
          { ""id"": ""r_parent"", ""role"": ""father"", ""from"": ""e_father"", ""to"": ""e_actor"" },
          { ""id"": ""r_dir"", ""role"": ""director"", ""from"": ""e_director"", ""to"": ""e_movie"" }
        ],
        ""constraint"": {
          ""and_conditions"": [
            {
              ""left"": {
                ""attribute_name"": ""name"",
                ""of"": ""e_father""
              },
              ""operator"": ""="",
              {
                ""left"": {
                  ""attribute_name"": ""name"",
                  ""of"": ""e_director""
                },
                ""operator"": ""="",
                {
                  ""left"": {
                    ""count_id"": ""e_movie"",
                    ""condition"": {
                      ""and_conditions"": [
                        {
                          ""left"": {
                            ""attribute_name"": ""name"",
                            ""of"": ""e_director""
                          },
                          ""operator"": ""="",
                          {
                            ""left"": {
                              ""count_id"": ""e_movie"",
                              ""condition"": {
                                ""and_conditions"": [
                                  ""r_dir""
                                ]
                              }
                            },
                            ""operator"": "">="",
                            {
                              ""left"": {
                                ""count_id"": ""e_movie"",
                                ""condition"": {
                                  ""and_conditions"": [
                                    {
                                      ""left"": {
                                        ""attribute_name"": ""name"",
                                        ""of"": ""e_director""
                                      },
                                      ""operator"": ""="",
                                      {
                                        ""left"": {
                                          ""count_id"": ""e_movie"",
                                          ""condition"": {
                                            ""and_conditions"": [
                                              ""r_dir""
                                            ]
                                          }
                                        },
                                        ""operator"": "">="",
                                        ""right"": 5
                                      }
                                    }
                                  ]
                                }
                              }
                            }
                          }
                        }
                      ]
                    }
                  }
                }
              }
            },
            {
              ""left"": {
                ""count_id"": ""e_movie"",
                ""condition"": {
                  ""and_conditions"": [
                    ""r_dir"",
                    {
                      ""left"": {
                        ""attribute_name"": ""name"",
                        ""of"": ""e_director""
                      },
                      ""operator"": ""="",
                      {
                        ""left"": {
                          ""count_id"": ""e_movie"",
                          ""condition"": {
                            ""and_conditions"": [
                              {
                                ""left"": {
                                  ""attribute_name"": ""name"",
                                  ""of"": ""e_director""
                                },
                                ""operator"": ""="",
                                {
                                  ""left"": {
                                    ""count_id"": ""e_movie"",
                                    ""condition"": {
                                      ""and_conditions"": [
                                        ""r_dir""
                                      ]
                                    }
                                  },
                                  ""operator"": "">="",
                                  ""right"": 5
                                }
                              }
                            ]
                          }
                        }
                      }
                    }
                  ]
                }
              },
              ""operator"": "">="",
              ""right"": 5
            }
          ]
        },
        ""projection"": [
          { ""attribute_name"": ""name"", ""of"": ""e_actor"" }
        ]
      }
    ],
    [
      {
        ""id"": ""q3"",
        ""target"": [""e_actor""],
        ""entities"": [
          { ""id"": ""e_actor"", ""type"": ""Person"" },
          { ""id"": ""e_father"", ""type"": ""Person"" },
          { ""id"": ""e_director"", ""type"": ""Person"" },
          { ""id"": ""e_movie"", ""type"": ""Movie"" },
          { ""id"": ""e_earnings"", ""type"": ""Earnings"" }
        ],
        ""relationships"": [
          { ""id"": ""r_parent"", ""role"": ""father"", ""from"": ""e_father"", ""to"": ""e_actor"" },
          { ""id"": ""r_dir"", ""role"": ""director"", ""from"": ""e_director"", ""to"": ""e_movie"" },
          { ""id"": ""r_earn"", ""role"": ""earned"", ""from"": ""e_director"", ""to"": ""e_earnings"" }
        ],
        ""constraint"": {
          ""and_conditions"": [
            {
              ""left"": {
                ""attribute_name"": ""name"",
                ""of"": ""e_father""
              },
              ""operator"": ""="",
              {
                ""left"": {
                  ""attribute_name"": ""name"",
                  ""of"": ""e_director""
                },
                ""operator"": ""=""
                {
                  ""left"": {
                    ""count_id"": ""e_earnings"",
                    ""condition"": {
                      ""and_conditions"": [
                        {
                          ""left"": {
                            ""attribute_name"": ""amount"",
                            ""of"": ""e_earnings""
                          },
                          ""operator"": "">="""",
                          {
                            ""left"": {
                              ""count_id"": ""e_earnings"",
                              ""condition"": {
                                ""and_conditions"": [
                                  {
                                    ""left"": {
                                      ""attribute_name"": ""name"",
                                      ""of"": ""e_director""
                                    },
                                    ""operator"": ""="",
                                    {
                                      ""left"": {
                                        ""count_id"": ""e_earnings"",
                                        ""condition"": {
                                          ""and_conditions"": [
                                            {
                                              ""left"": {
                                                ""attribute_name"": ""amount"",
                                                ""of"": ""e_earnings""
                                              },
                                              ""operator"": "">="",
                                              {
                                                ""left"": {
                                                  ""count_id"": ""e_earnings"",
                                                  ""condition"": {
                                                    ""and_conditions"": [
                                                      {
                                                        ""left"": {
                                                          ""attribute_name"": ""name"",
                                                          ""of"": ""e_director""
                                                        },
                                                        ""operator"": ""="",
                                                        {
                                                          ""left"": {
                                                            ""count_id"": ""e_earnings"",
                                                            ""condition"": {
                                                              ""and_conditions"": [
                                                                {
                                                                  ""left"": {
                                                                    ""attribute_name"": ""amount"",
                                                                    ""of"": ""e_earnings""
                                                                  },
                                                                  ""operator"": "">="",
                                                                  {
                                                                    ""left"": {
                                                                      ""count_id"": ""e_earnings"",
                                                                      ""condition"": {
                                                                        ""and_conditions"": [
                                                                          {
                                                                            ""left"": {
                                                                              ""attribute_name"": ""name"",
                                                                              ""of"": ""e_director""
                                                                            },
                                                                            ""operator"": ""="",
                                                                            {
                                                                              ""left"": {
                                                                                ""count_id"": ""e_earnings"",
                                                                                ""condition"": {
                                                                                  ""and_conditions"": [
                                                                                    {
                                                                                      ""left"": {
                                                                                        ""attribute_name"": ""amount"",
                                                                                        ""of"": ""e_earnings""
                                                                                      },
                                                                                      ""operator"": "">="",
                                                                                      {
                                                                                        ""left"": {
                                                                                          ""count_id"": ""e_earnings"",
                                                                                          ""condition"": {
                                                                                        ""and_conditions"": [
                                                                                          {
                                                                                            ""left"": {
                                                                                              ""attribute_name"": ""name"",
                                                                                              ""of"": ""e_director""
                                                                                            },
                                                                                            ""operator"": ""="",
                                                                                            {
                                                                                              ""left"": {
                                                                                                ""count_id"": ""e_earnings"",
                                                                                                ""condition"": {
                                                                                                  ""and_conditions"": [
                                                                                                    {
                                                                                                      ""left"": {
                                                                                                        ""attribute_name"": ""amount"",
                                                                                                        ""of"": ""e_earnings""
                                                                                                      },
                                                                                                      ""operator"": "">="",
                                                                                                      ""right"": 0
                                                                                                    }
                                                                                                  ]
                                                                                                }
                                                                                              }
                                                                                            }
                                                                                          }
                                                                                        ]
                                                                                          }
                                                                                        }
                                                                                      },
                                                                                      ""operator"": "">="",
                                                                                      ""right"": 0
                                                                                    }
                                                                                  ]
                                                                                }
                                                                              }
                                                                            },
                                                                            ""operator"": ""="",
                                                                            {
                                                                              ""left"": {
                                                                                ""count_id"": ""e_earnings"",
                                                                                ""condition"": {
                                                                                  ""and_conditions"": [
                                                                                    {
                                                                                      ""left"": {
                                                                                        ""attribute_name"": ""amount"",
                                                                                        ""of"": ""e_earnings""
                                                                                      },
                                                                                      ""operator"": "">="",
                                                                                      ""right"": 0
                                                                                    }
                                                                                  ]
                                                                                }
                                                                              }
                                                                            }
                                                                          }
                                                                        ]
                                                                      }
                                                                    }
                                                                  },
                                                                  ""operator"": "">="",
                                                                  ""right"": 0
                                                                }
                                                              ]
                                                            }
                                                          }
                                                        }
                                                      }
                                                    }
                                                  }
                                                }
                                              }
                                            }
                                          }
                                        }
                                      }
                                    }
                                  }
                                }
                              }
                            }
                          }
                        }
                      }
                    }
                  }
                }
              }
            },
            {
              ""left"": {
                ""count_id"": ""e_earnings"",
                ""condition"": {
                  ""and_conditions"": [
                    {
                      ""left"": {
                        ""attribute_name"": ""name"",
                        ""of"": ""e_director""
                      },
                      ""operator"": ""="",
                      {
                        ""left"": {
                          ""attribute_name"": ""name"",
                          ""of"": ""e_father""
                        }
                      }
                    }
                  ]
                }
              },
              ""operator"": "">="",
              ""right"": 5
            }
          ]
        },
        ""projection"": [
          { ""attribute_name"": ""name"", ""of"": ""e_actor"" }
        ]
      }
    ],
    [
      {
        ""id"": ""q4"",
        ""target"": [""e_actor""],
        ""entities"": [
          { ""id"": ""e_actor"", ""type"": ""Person"" },
          { ""id"": ""e_father"", ""type"": ""Person"" },
          { ""id"": ""e_director"", ""type"": ""Person"" },
          { ""id"": ""e_movie"", ""type"": ""Movie"" }
        ],
        ""relationships"": [
          { ""id"": ""r_parent"", ""role"": ""father"", ""from"": ""e_father"", ""to"": ""e_actor"" },
          { ""id"": ""r_dir"", ""role"": ""director"", ""from"": ""e_director"", ""to"": ""e_movie"" }
        ],
        ""constraint"": {
          ""and_conditions"": [
            {
              ""left"": {
                ""attribute_name"": ""name"",
                ""of"": ""e_father""
              },
              ""operator"": ""="",
              {
                ""left"": {
                  ""attribute_name"": ""name"",
                  ""of"": ""e_director""
                },
                ""operator"": ""="",
                {
                  ""left"": {
                    ""count_id"": ""e_movie"",
                    ""condition"": {
                      ""and_conditions"": [
                        {
                          ""left"": {
                            ""attribute_name"": ""name"",
                            ""of"": ""e_director""
                          },
                          ""operator"": ""="",
                          {
                            ""left"": {
                              ""count_id"": ""e_movie"",
                              ""condition"": {
                                ""and_conditions"": [
                                  {
                                    ""left"": {
                                      ""attribute_name"": ""name"",
                                      ""of"": ""e_director""
                                    },
                                    ""operator"": ""="",
                                    {
                                      ""left"": {
                                        ""count_id"": ""e_movie"",
                                        ""condition"": {
                                          ""and_conditions"": [
                                            {
                                              ""left"": {
                                                ""attribute_name"": ""name"",
                                                ""of"": ""e_director""
                                              },
                                              ""operator"": ""="",
                                              {
                                                ""left"": {
                                                  ""count_id"": ""e_movie"",
                                                  ""condition"": {
                                                    ""and_conditions"": [
                                                      {
                                                        ""left"": {
                                                          ""attribute_name"": ""name"",
                                                          ""of"": ""e_director""
                                                        },
                                                        ""operator"": ""="",
                                                        {
                                                          ""left"": {
                                                            ""count_id"": ""e_movie"",
                                                            ""condition"": {
                                                              ""and_conditions"": [
                                                                {
                                                                  ""left"": {
                                                                    ""attribute_name"": ""name"",
                                                                    ""of"": ""e_director""
                                                                  },
                                                                  ""operator"": ""="",
                                                                  {
                                                                    ""left"": {
                                                                      ""count_id"": ""e_movie"",
                                                                      ""condition"": {
                                                                        ""and_conditions"": [
                                                                          {
                                                                            ""left"": {
                                                                              ""attribute_name"": ""name"",
                                                                              ""of"": ""e_director""
                                                                            },
                                                                            ""operator"": ""="",
                                                                            {
                                                                              ""left"": {
                                                                                ""count_id"": ""e_movie"",
                                                                                ""condition"": {
                                                                                  ""and_conditions"": [
                                                                                    {
                                                                                      ""left"": {
                                                                                        ""attribute_name"": ""name"",
                                                                                        ""of"": ""e_director""
                                                                                      },
                                                                                      ""operator"": ""="",
                                                                                      {
                                                                                        ""left"": {
                                                                                          ""count_id"": ""e_movie"",
                                                                                          ""condition"": {
                                                                                        ""and_conditions"": [
                                                                                          {
                                                                                            ""left"": {
                                                                                              ""attribute_name"": ""name"",
                                                                                              ""of"": ""e_director""
                                                                                            },
                                                                                            ""operator"": ""="",
                                                                                            {
                                                                                              ""left"": {
                                                                                ""count_id"": ""e_movie"",
                                                                                ""condition"": {
                                                                                  ""and_conditions"": [
                                                                                    {
                                                                                      ""left"": {
                                                                                        ""attribute_name"": ""name"",
                                                                                        ""of"": ""e_director""
                                                                                      },
                                                                                      ""operator"": ""="",
                                                                                      {
                                                                                        ""left"": {
                                                                                          ""count_id"": ""e_movie"",
                                                                                          ""condition"": {
                                                                                        ""and_conditions"": [
                                                                                          {
                                                                                            ""left"": {
                                                                                              ""attribute_name"": ""name"",
                                                                                              ""of"": ""e_director""
                                                                                            },
                                                                                            ""operator"": ""="",
                                                                                            {
                                                                                              ""left"": {
                                                                                ""count_id"": ""e_movie"",
                                                                                ""condition"": {
                                                                                  ""and_conditions"": [
                                                                                    {
                                                                                      ""left"": {
                                                                                        ""attribute_name"": ""name"",
                                                                                        ""of"": ""e_director""
                                                                                      },
                                                                                      ""operator"": ""="",
                                                                                      {
                                                                                        ""left"": {
                                                                                          ""count_id"": ""e_movie"",
                                                                                          ""condition"": {
                                                                                        ""and_conditions"": [
                                                                                          {
                                                                                            ""left"": {
                                                                                              ""attribute_name"": ""name"",
                                                                                              ""of"": ""e_director""
                                                                                            },
                                                                                            ""operator"": ""="",
                                                                                            {
                                                                                              ""left"": {
                                                                                ""count_id"": ""e_movie"",
                                                                                ""condition"": {
                                                                                  ""and_conditions"": [
                                                                                    {
                                                                                      ""left"": {
                                                                                        ""attribute_name"": ""name"",
                                                                                        ""of"": ""e_director""
                                                                                      },
                                                                                      ""operator"": ""="",
                                                                                      {
                                                                                        ""left"": {
                                                                                          ""count_id"": ""e_movie"",
                                                                                          ""condition"": {
                                                                                        ""and_conditions"": [
                                                                                          {
                                                                                            ""left"": {
                                                                                              ""attribute_name"": ""name"",
                                                                                              ""of"": ""e_director""
                                                                                            },
                                                                                            ""operator"": ""="",
                                                                                            {
                                                                                              ""left"": {
                                                                                ""count_id"": ""e_movie"",
                                                                                ""condition"": {
                                                                                  ""and_conditions"": [
                                                                                    {
                                                                                      ""left"": {
                                                                                        ""attribute_name"": ""name"",
                                                                                        ""of"": ""e_director""
                                                                                      },
                                                                                      ""operator"": ""="",
                                                                                      {
                                                                                        ""left"": {
                                                                                          ""count_id"": ""e_movie"",
                                                                                          ""condition"": {
                                                                                        ""and_conditions"": [
                                                                                          {
                                                                                            ""left"": {
                                                                                              ""attribute_name"": ""name"",
                                                                                              ""of"": ""e_director""
                                                                                            },
                                                                                            ""operator"": ""="",
                                                                                            {
                                                                                              ""left"": {
                                                                                ""count_id"": ""e_movie"",
                                                                                ""condition"": {
                                                                                  ""and_conditions"": [
                                                                                    {
                                                                                      ""left"": {
                                                                                        ""attribute_name"": ""name"",
                                                                                        ""of"": ""e_director""
                                                                                      },
                                                                                      ""operator"": ""="",
                                                                                      {
                                                                                        ""left"": {
                                                                                          ""count_id"": ""e_movie"",
                                                                                          ""condition"": {
                                                                                        ""and_conditions"": [
                                                                                          {
                                                                                            ""left"": {
                                                                                              ""attribute_name"": ""name"",
                                                                                              ""of"": ""e_director""
                                                                                            },
                                                                                            ""operator"": ""="",
                                                                                            {
                                                                                              ""left"": {
                                                                                ""count_id"": ""e_movie"",
                                                                                ""condition"": {
                                                                                  ""and_conditions"": [
                                                                                    {
                                                                                      ""left"": {
                                                                                        ""attribute_name"": ""name"",
                                                                                        ""of"": ""e_director""
                                                                                      },
                                                                                      ""operator"": ""="",
                                                                                      {
                                                                                        ""left"": {
                                                                                          ""count_id"": ""e_movie"",
                                                                                          ""condition"": {
                                                                                        ""and_conditions"": [
                                                                                          {
                                                                                            ""left"": {
                                                                                              ""attribute_name"": ""name"",
                                                                                              ""of"": ""e_director""
                                                                                            },
                                                                                            ""operator"": ""="",
                                                                                            {
                                                                                              ""left"": {
                                                                                ""count_id"": ""e_movie"",
                                                                                ""condition"": {
                                                                                  ""and_conditions"": [
                                                                                    {
                                                                                      ""left"": {
                                                                                        ""attribute_name"": ""name"",
                                                                                        ""of"": ""e_director""
                                                                                      },
                                                                                      ""operator"": ""="",
                                                                                      {
                                                                                        ""left"": {
                                                                                          ""count_id"": ""e_movie"",
                                                                                          ""condition"": {
                                                                                        ""and_conditions"": [
                                                                                          {
                                                                                            ""left"": {
                                                                                              ""attribute_name"": ""name"",
                                                                                              ""of"": ""e_director""
                                                                                            },
                                                                                            ""operator"": ""="",
                                                                                            {
                                                                                              ""left"": {
                                                                                ""count_id"": ""e_movie"",
                                                                                ""condition"": {
                                                                                  ""and_conditions"": [
                                                                                    {
                                                                                      ""left"": {
                                                                                        ""attribute_name"": ""name"",
                                                                                        ""of"": ""e_director""
                                                                                      },
                                                                                      ""operator"": ""="",
                                                                                      {
                                                                                        ""left"": {
                                                                                          ""count_id"": ""e_movie"",
                                                                                          ""condition"": {
                                                                                        ""and_conditions"": [
                                                                                          {
                                                                                            ""left"": {
                                                                                              ""attribute_name"": ""name"",
                                                                                              ""of"": ""e_director""
                                                                                            },
                                                                                            ""operator"": ""="",
                                                                                            {
                                                                                              ""left"": {
                                                                                ""count_id"": ""e_movie"",
                                                                                ""condition"": {
                                                                                  ""and_conditions"": [
                                                                                    {
                                                                                      ""left"": {
                                                                                        ""attribute_name"": ""name"",
                                                                                        ""of"": ""e_director""
                                                                                      },
                                                                                      ""operator"": ""="",
                                                                                      {
                                                                                        ""left"": {
                                                                                          ""count_id"": ""e_movie"",
                                                                                          ""condition"": {
                                                                                        ""and_conditions"": [
                                                                                          {
                                                                                            ""left"": {
                                                                                              ""attribute_name"": ""name"",
                                                                                              ""of"": ""e_director""
                                                                                            },
                                                                                            ""operator"": ""="",
                                                                                            {
                                                                                              ""left"": {
                                                                                ""count_id"": ""e_movie"",
                                                                                ""condition"": {
                                                                                  ""and_conditions"": [
                                                                                    {
                                                                                      ""left"": {
                                                                                        ""attribute_name"": ""name"",
                                                                                        ""of"": ""e_director""
                                                                                      },
                                                                                      ""operator"": ""="",
                                                                                      {
                                                                                        ""left"": {
                                                                                          ""count_id"": ""e_movie"",
                                                                                          ""condition"": {
                                                                                        ""and_conditions"": [
                                                                                          {
                                                                                            ""left"": {
                                                                                              ""attribute_name"": ""name"",
                                                                                              ""of"": ""e_director""
                                                                                            },
                                                                                            ""operator"": ""="",
                                                                                            {
                                                                                              ""left"": {
                                                                                ""count_id"": ""e_movie"",
                                                                                ""condition"": {
                                                                                  ""and_conditions"": [
                                                                                    {
                                                                                      ""left"": {
                                                                                        ""attribute_name"": ""name"",
                                                                                        ""of"": ""e_director""
                                                                                      },
                                                                                      ""operator"": ""="",
                                                                                      {
                                                                                        ""left"": {
                                                                                          ""count_id"": ""e_movie"",
                                                                                          ""condition"": {
                                                                                        ""and_conditions"": [
                                                                                          {
                                                                                            ""left"": {
                                                                                              ""attribute_name"": ""name"",
                                                                                              ""of"": ""e_director""
                                                                                            },
                                                                                            ""operator"": ""="",
                                                                                            {
                                                                                              ""left"": {
                                                                                ""count_id"": ""e_movie"",
                                                                                ""condition"": {
                                                                                  ""and_conditions"": [
                                                                                    {
                                                                                      ""left"": {
                                                                                        ""attribute_name"": ""name"",
                                                                                        ""of"": ""e_director""
                                                                                      },
                                                                                      ""operator"": ""="",
                                                                                      {
                                                                                        ""left"": {
                                                                                          ""count_id"": ""e_movie"",
                                                                                          ""condition"": {
                                                                                        ""and_conditions"": [
                                                                                          {
                                                                                            ""left"": {
                                                                                              ""attribute_name"": ""name"",
                                                                                              ""of"": ""e_director""
                                                                                            },
                                                                                            ""operator"": ""="",
                                                                                            {
                                                                                              ""left"": {
                                                                                ""count_id"": ""e_movie"",
                                                                                ""condition"": {
                                                                                  ""and_conditions"": [
                                                                                    {
                                                                                      ""left"": {
                                                                                        ""attribute_name"": ""name"",
                                                                                        ""of"": ""e_director""
                                                                                      },
                                                                                      ""operator"": ""="",
                                                                                      {
                                                                                        ""left"": {
                                                                                          ""count_id"": ""e_movie"",
                                                                                          ""condition"": {
                                                                                        ""and_conditions"": [
                                                                                          {
                                                                                            ""left"": {
                                                                                              ""attribute_name"": ""name"",
                                                                                              ""of"": ""e_director""
                                                                                            },
                                                                                            ""operator"": ""="",
                                                                                            {
                                                                                              ""left"": {
                                                                                ""count_id"": ""e_movie"",
                                                                                ""condition"": {
                                                                                  ""and_conditions"": [
                                                                                    {
                                                                                      ""left"": {
                                                                                        ""attribute_name"": ""name"",
                                                                                        ""of"": ""e_director""
                                                                                      },
                                                                                      ""operator"": ""="",
                                                                                      {
                                                                                        ""left"": {
                                                                                          ""count_id"": ""e_movie"",
                                                                                          ""condition"": {
                                                                                        ""and_conditions"": [
                                                                                          {
                                                                                            ""left"": {
                                                                                              ""attribute_name"": ""name"",
                                                                                              ""of"": ""e_director""
                                                                                            },
                                                                                            ""operator"": ""="",
                                                                                            {
                                                                                              ""left"": {
                                                                                ""count_id"": ""e_movie"",
                                                                                ""condition"": {
                                                                                  ""and_conditions"": [
                                                                                    {
                                                                                      ""left"": {
                                                                                        ""attribute_name"": ""name"",
                                                                                        ""of"": ""e_director""
                                                                                      },
                                                                                      ""operator"": ""="",
                                                                                      {
                                                                                        ""left"": {
                                                                                          ""count_id"": ""e_movie"",
                                                                                          ""condition"": {
                                                                                        ""and_conditions"": [
                                                                                          {
                                                                                            ""left"": {
                                                                                              ""attribute_name"": ""name"",
                                                                                              ""of"": ""e_director""
                                                                                            },
                                                                                            ""operator"": ""="",
                                                                                            {
                                                                                              ""left"": {
                                                                                ""count_id"": ""e_movie"",
                                                                                ""condition"": {
                                                                                  ""and_conditions"": [
                                                                                    {
                                                                                      ""left"": {
                                                                                        ""attribute_name"": ""name"",
                                                                                        ""of"": ""e_director""
                                                                                      },
                                                                                      ""operator"": ""="",
                                                                                      {
                                                                                        ""left"": {
                                                                                          ""count_id"": ""e_movie"",
                                                                                          ""condition"": {
                                                                                        ""and_conditions"": [
                                                                                          {
                                                                                            ""left"": {
                                                                                              ""attribute_name"": ""name"",
                                                                                              ""of"": ""e_director""
                                                                                            },
                                                                                            ""operator"": ""="",
                                                                                            {
                                                                                              ""left"": {
                                                                                ""count_id"": ""e_movie"",
                                                                                ""condition"": {
                                                                                  ""and_conditions"": [
                                                                                    {
                                                                                      ""left"": {
                                                                                        ""attribute_name"": ""name"",
                                                                                        ""of"": ""e_director""
                                                                                      },
                                                                                      ""operator"": ""="",
                                                                                      {
                                                                                        ""left"": {
                                                                                          ""count_id"": ""e_movie"",
                                                                                          ""condition"": {
                                                                                        ""and_conditions"": [
                                                                                          {
                                                                                            ""left"": {
                                                                                              ""attribute_name"": ""name"",
                                                                                              ""of"": ""e_director""
                                                                                            },
                                                                                            ""operator"": ""="",
                                                                                            {
                                                                                              ""left"": {
                                                                                ""count_id"": ""e_movie"",
                                                                                ""condition"": {
                                                                                  ""and_conditions"": [
                                                                                    {
                                                                                      ""left"": {
                                                                                        ""attribute_name"": ""name"",
                                                                                        ""of"": ""e_director""
                                                                                      },
                                                                                      ""operator"": ""="",
                                                                                      {
                                                                                        ""left"": {
                                                                                          ""count_id"": ""e_movie"",
                                                                                          ""condition"": {
                                                                                        ""and_conditions"": [
                                                                                          {
                                                                                            ""left"": {
                                                                                              ""attribute_name"": ""name"",
                                                                                              ""of"": ""e_director""
                                                                                            },
                                                                                            ""operator"": ""="",
                                                                                            {
                                                                                              ""left"": {
                                                                                ""count_id"": ""e_movie"",
                                                                                ""condition"": {
                                                                                  ""and_conditions"": [
                                                                                    {
                                                                                      ""left"": {
                                                                                        ""attribute_name"": ""name"",
                                                                                        ""of"": ""e_director""
                                                                                      },
                                                                                      ""operator"": ""="",
                                                                                      {
                                                                                        ""left"": {
                                                                                          ""count_id"": ""e_movie"",
                                                                                          ""condition"": {
                                                                                        ""and_conditions"": [
                                                                                          {
                                                                                            ""left"": {
                                                                                              ""attribute_name"": ""name"",
                                                                                              ""of"": ""e_director""
                                                                                            },
                                                                                            ""operator"": ""="",
                                                                                            {
                                                                                              ""left"": {
                                                                                ""count_id"": ""e_movie"",
                                                                                ""condition"": {
                                                                                  ""and_conditions"": [
                                                                                    {
                                                                                      ""left"": {
                                                                                        ""attribute_name"": ""name"",
                                                                                        ""of"": ""e_director""
                                                                                      },
                                                                                      ""operator"": ""="",
                                                                                      {
                                                                                        ""left"": {
                                                                                          ""count_id"": ""e_movie"",
                                                                                          ""condition"": {
                                                                                        ""and_conditions"": [
                                                                                          {
                                                                                            ""left"": {
                                                                                              ""attribute_name"": ""name"",
                                                                                              ""of"": ""e_director""
                                                                                            },
                                                                                            ""operator"": ""="",
                                                                                            {
                                                                                              ""left"": {
                                                                                ""count_id"": ""e_movie"",
                                                                                ""condition"": {
                                                                                  ""and_conditions"": [
                                                                                    {
                                                                                      ""left"": {
                                                                                        ""attribute_name"": ""name"",
                                                                                        ""of"": ""e_director""
                                                                                      },
                                                                                      ""operator"": ""="",
                                                                                      {
                                                                                        ""left"": {
                                                                                          ""count_id"": ""e_movie"",
                                                                                          ""condition"": {
                                                                                        ""and_conditions"": [
                                                                                          {
                                                                                            ""left"": {
                                                                                              ""attribute_name"": ""name"",
                                                                                              ""of"": ""e_director""
                                                                                            },
                                                                                            ""operator"": ""="",
                                                                                            {
                                                                                              ""left"": {
                                                                                ""count_id"": ""e_movie"",
                                                                                ""condition"": {
                                                                                  ""and_conditions"": [
                                                                                    {
                                                                                      ""left"": {
                                                                                        ""attribute_name"": ""name"",
                                                                                        ""of"": ""e_director""
                                                                                      },
                                                                                      ""operator"": ""="",
                                                                                      {
                                                                                        ""left"": {
                                                                                          ""count_id"": ""e_movie"",
                                                                                          ""condition"": {
                                                                                        ""and_conditions"": [
                                                                                          {
                                                                                            ""left"": {
                                                                                              ""attribute_name"": ""name"",
                                                                                              ""of"": ""e_director""
                                                                                            },
                                                                                            ""operator"": ""="",
                                                                                            {
                                                                                              ""left"": {
                                                                                ""count_id"": ""e_movie"",
                                                                                ""condition"": {
                                                                                  ""and_conditions"": [
                                                                                    {
                                                                                      ""left"": {
                                                                                        ""attribute_name"": ""name"",
                                                                                        ""of"": ""e_director""
                                                                                      },
                                                                                      ""operator"": ""="",
                                                                                      {
                                                                                        ""left"": {
                                                                                          ""count_id"": ""e_movie"",
                                                                                          ""condition"": {
                                                                                        ""and_conditions"": [
                                                                                          {
                                                                                            ""left"": {
                                                                                              ""attribute_name"": ""name"",
                                                                                              ""of"": ""e_director""
                                                                                            },
                                                                                            ""operator"": ""="",
                                                                                            {
                                                                                              ""left"": {
                                                                                ""count_id"": ""e_movie"",
                                                                                ""condition"": {
                                                                                  ""and_conditions"": [
                                                                                    {
                                                                                      ""left"": {
                                                                                        ""attribute_name"": ""name"",
                                                                                        ""of"": ""e_director""
                                                                                      },
                                                                                      ""operator"": ""="",
                                                                                      {
                                                                                        ""left"": {
                                                                                          ""count_id"": ""e_movie"",
                                                                                          ""condition"": {
                                                                                        ""and_conditions"": [
                                                                                          {
                                                                                            ""left"": {
                                                                                              ""attribute_name"": ""name"",
                                                                                              ""of"": ""e_director""
                                                                                            },
                                                                                            ""operator"": ""="",
                                                                                            {
                                                                                              ""left"": {
                                                                                ""count_id"": ""e_movie"",
                                                                                ""condition"": {
                                                                                  ""and_conditions"": [
                                                                                    {
                                                                                      ""left"": {
                                                                                        ""attribute_name"": ""name"",
                                                                                        ""of"": ""e_director""
                                                                                      },
                                                                                      ""operator"": ""="",
                                                                                      {
                                                                                        ""left"": {
                                                                                          ""count_id"": ""e_movie"",
                                                                                          ""condition"": {
                                                                                        ""and_conditions"": [
                                                                                          {
                                                                                            ""left"": {
                                                                                              ""attribute_name"": ""name"",
                                                                                              ""of"": ""e_director""
                                                                                            },
                                                                                            ""operator"": ""="",
                                                                                            {
                                                                                              ""left"": {
                                                                                ""count_id"": ""e_movie"",
                                                                                ""condition"": {
                                                                                  ""and_conditions"": [
                                                                                    {
                                                                                      ""left"": {
                                                                                        ""attribute_name"": ""name"",
                                                                                        ""of"": ""e_director""
                                                                                      },
                                                                                      ""operator"": ""="",
                                                                                      {
                                                                                        ""left"": {
                                                                                          ""count_id"": ""e_movie"",
                                                                                          ""condition"": {
                                                                                        ""and_conditions"": [
                                                                                          {
                                                                                            ""left"": {
                                                                                              ""attribute_name"": ""name"",
                                                                                              ""of"": ""e_director""
                                                                                            },
                                                                                            ""operator"": ""="",
                                                                                            {
                                                                                              ""left"": {
                                                                                ""count_id"": ""e_movie"",
                                                                                ""condition"": {
                                                                                  ""and_conditions"": [
                                                                                    {
                                                                                      ""left"": {
                                                                                        ""attribute_name"": ""name"",
                                                                                        ""of"": ""e_director""
                                                                                      },
                                                                                      ""operator"": ""="",
                                                                                      {
                                                                                        ""left"": {
                                                                                          ""count_id"": ""e_movie"",
                                                                                          ""condition"": {
                                                                                        ""and_conditions"": [
                                                                                          {
                                                                                            ""left"": {
                                                                                              ""attribute_name"": ""name"",
                                                                                              ""of"": ""e_director""
                                                                                            },
                                                                                            ""operator"": ""="",
                                                                                            {
                                                                                              ""left"": {
                                                                                ""count_id"": ""e_movie"",
                                                                                ""condition"": {
                                                                                  ""and_conditions"": [
                                                                                    {
                                                                                      ""left"": {
                                                                                        ""attribute_name"": ""name"",
                                                                                        ""of"": ""e_director""
                                                                                      },
                                                                                      ""operator"": ""="",
                                                                                      {
                                                                                        ""left"": {
                                                                                          ""count_id"": ""e_movie"",
                                                                                          ""condition"": {
                                                                                        ""and_conditions"": [
                                                                                          {
                                                                                            ""left"": {
                                                                                              ""attribute_name"": ""name"",
                                                                                              ""of"": ""e_director""
                                                                                            },
                                                                                            ""operator"": ""="",
                                                                                            {
                                                                                              ""left"": {
                                                                                ""count_id"": ""e_movie"",
                                                                                ""condition"": {
                                                                                  ""and_conditions"": [
                                                                                    {
                                                                                      ""left"": {
                                                                                        ""attribute_name"": ""name"",
                                                                                        ""of"": ""e_director""
                                                                                      },
                                                                                      ""operator"": ""="",
                                                                                      {
                                                                                        ""left"": {
                                                                                          ""count_id"": ""e_movie"",
                                                                                          ""condition"": {
                                                                                        ""and_conditions"": [
                                                                                          {
                                                                                            ""left"": {
                                                                                              ""attribute_name"": ""name"",
                                                                                              ""of"": ""e_director""
                                                                                            },
                                                                                            ""operator"": ""="",
                                                                                            {
                                                                                              ""left"": {
                                                                                ""count_id"": ""e_movie"",
                                                                                ""condition"": {
                                                                                  ""and_conditions"": [
                                                                                    {
                                                                                      ""left"": {
                                                                                        ""attribute_name"": ""name"",
                                                                                        ""of"": ""e_director""
                                                                                      },
                                                                                      ""operator"": ""="",
                                                                                      {
                                                                                        ""left"": {
                                                                                          ""count_id"": ""e_movie"",
                                                                                          ""condition"": {
                                                                                        ""and_conditions"": [
                                                                                          {
                                                                                            ""left"": {
                                                                                              ""attribute_name"": ""name"",
                                                                                              ""of"": ""e_director""
                                                                                            },
                                                                                            ""operator"": ""="",
                                                                                            {
                                                                                              ""left"": {
                                                                                ""count_id"": ""e_movie"",
                                                                                ""condition"": {
                                                                                  ""and_conditions"": [
                                                                                    {
                                                                                      ""left"": {
                                                                                        ""attribute_name"": ""name"",
                                                                                        ""of"": ""e_director""
                                                                                      },
                                                                                      ""operator"": ""="",
                                                                                      {
                                                                                        ""left"": {
                                                                                          ""count_id"": ""e_movie"",
                                                                                          ""condition"": {
                                                                                        ""and_conditions"": [
                                                                                          {
                                                                                            ""left"": {
                                                                                              ""attribute_name"": ""name"",
                                                                                              ""of"": ""e_director""
                                                                                            },
                                                                                            ""operator"": ""="",
                                                                                            {
                                                                                              ""left"": {
                                                                                ""count_id"": ""e_movie"",
                                                                                ""condition"": {
                                                                                  ""and_conditions"": [
                                                                                    {
                                                                                      ""left"": {
                                                                                        ""attribute_name"": ""name"",
                                                                                        ""of"": ""e_director""
                                                                                      },
                                                                                      ""operator"": ""="",
                                                                                      {
                                                                                        ""left"": {
                                                                                          ""count_id"": ""e_movie"",
                                                                                          ""condition"": {
                                                                                        ""and_conditions"": [
                                                                                          {
                                                                                            ""left"": {
                                                                                              ""attribute_name"": ""name"",
                                                                                              ""of"": ""e_director""
                                                                                            },
                                                                                            ""operator"": ""="",
                                                                                            {
                                                                                              ""left"": {
                                                                                ""count_id"": ""e_movie"",
                                                                                ""condition"": {
                                                                                  ""and_conditions"": [
                                                                                    {
                                                                                      ""left"": {
                                                                                        ""attribute_name"": ""name"",
                                                                                        ""of"": ""e_director""
                                                                                      },
                                                                                      ""operator"": ""="",
                                                                                      {
                                                                                        ""left"": {
                                                                                          ""count_id"": ""e_movie"",
                                                                                          ""condition"": {
                                                                                        ""and_conditions"": [
                                                                                          {
                                                                                            ""left"": {
                                                                                              ""attribute_name"": ""name"",
                                                                                              ""of"": ""e_director""
                                                                                            },
                                                                                            ""operator"": ""="",
                                                                                            {
                                                                                              ""left"": {
                                                                                ""count_id"": ""e_movie"",
                                                                                ""condition"": {
                                                                                  ""and_conditions"": [
                                                                                    {
                                                                                      ""left"": {
                                                                                        ""attribute_name"": ""name"",
                                                                                        ""of"": ""e_director""
                                                                                      },
                                                                                      ""operator"": ""="",
                                                                                      {
                                                                                        ""left"": {
                                                                                          ""count_id"": ""e_movie"",
                                                                                          ""condition"": {
                                                                                        ""and_conditions"": [
                                                                                          {
                                                                                            ""left"": {
                                                                                              ""attribute_name"": ""name"",
                                                                                              ""of"": ""e_director""
                                                                                            },
                                                                                            ""operator"": ""="",
                                                                                            {
                                                                                              ""left"": {
                                                                                ""count_id"": ""e_movie"",
                                                                                ""condition"": {
                                                                                  ""and_conditions"": [
                                                                                    {
                                                                                      ""left"": {
                                                                                        ""attribute_name"": ""name"",
                                                                                        ""of"": ""e_director""
                                                                                      },
                                                                                      ""operator"": ""="",
                                                                                      {
                                                                                        ""left"": {
                                                                                          ""count_id"": ""e_movie"",
                                                                                          ""condition"": {
                                                                                        ""and_conditions"": [
                                                                                          {
                                                                                            ""left"": {
                                                                                              ""attribute_name"": ""name"",
                                                                                              ""of"": ""e_director""
                                                                                            },
                                                                                            ""operator"": ""="",
                                                                                            {
                                                                                              ""left"": {
                                                                                ""count_id"": ""e_movie"",
                                                                                ""condition"": {
                                                                                  ""and_conditions"": [
                                                                                    {
                                                                                      ""left"": {
                                                                                        ""attribute_name"": ""name"",
                                                                                        ""of"": ""e_director""
                                                                                      },
                                                                                      ""operator"": ""="",
                                                                                      {
                                                                                        ""left"": {
                                                                                          ""count_id"": ""e_movie"",
                                                                                          ""condition"": {
                                                                                        ""and_conditions"": [
                                                                                          {
                                                                                            ""left"": {
                                                                                              ""attribute_name"": ""name"",
                                                                                              ""of"": ""e_director""
                                                                                            },
                                                                                            ""operator"": ""="",
                                                                                            {
                                                                                              ""left"": {
                                                                                ""count_id"": ""e_movie"",
                                                                                ""condition"": {
                                                                                  ""and_conditions"": [
                                                                                    {
                                                                                      ""left"": {
                                                                                        ""attribute_name"": ""name"",
                                                                                        ""of"": ""e_director""
                                                                                      },
                                                                                      ""operator"": ""="",
                                                                                      {
                                                                                        ""left"": {
                                                                                          ""count_id"": ""e_movie"",
                                                                                          ""condition"": {
                                                                                        ""and_conditions"": [
                                                                                          {
                                                                                            ""left"": {
                                                                                              ""attribute_name"": ""name"",
                                                                                              ""of"": ""e_director""
                                                                                            },
                                                                                            ""operator"": ""="",
                                                                                            {
                                                                                              ""left"": {
                                                                                ""count_id"": ""e_movie"",
                                                                                ""condition"": {
                                                                                  ""and_conditions"": [
                                                                                    {
                                                                                      ""left"": {
                                                                                        ""attribute_name"": ""name"",
                                                                                        ""of"": ""e_director""
                                                                                      },
                                                                                      ""operator"": ""="",
                                                                                      {
                                                                                        ""left"": {
                                                                                          ""count_id"": ""e_movie"",
                                                                                          ""condition"": {
                                                                                        ""and_conditions"": [
                                                                                          {
                                                                                            ""left"": {
                                                                                              ""attribute_name"": ""name"",
                                                                                              ""of"": ""e_director""
                                                                                            },
                                                                                            ""operator"": ""="",
                                                                                            {
                                                                                              ""left"": {
                                                                                ""count_id"": ""e_movie"",
                                                                                ""condition"": {
                                                                                  ""and_conditions"": [
                                                                                    {
                                                                                      ""left"": {
                                                                                        ""attribute_name"": ""name"",
                                                                                        ""of"": ""e_director""
                                                                                      },
                                                                                      ""operator"": ""="",
                                                                                      {
                                                                                        ""left"": {
                                                                                          ""count_id"": ""e_movie"",
                                                                                          ""condition"": {
                                                                                        ""and_conditions"": [
                                                                                          {
                                                                                            ""left"": {
                                                                                              ""attribute_name"": ""name"",
                                                                                              ""of"": ""e_director""
                                                                                            },
                                                                                            ""operator"": ""="",
                                                                                            {
                                                                                              ""left"": {
                                                                                ""count_id"": ""e_movie"",
                                                                                ""condition"": {
                                                                                  ""and_conditions"": [
                                                                                    {
                                                                                      ""left"": {
                                                                                        ""attribute_name"": ""name"",
                                                                                        ""of"": ""e_director""
                                                                                      },
                                                                                      ""operator"": ""="",
                                                                                      {
                                                                                        ""left"": {
                                                                                          ""count_id"": ""e_movie"",
                                                                                          ""condition"": {
                                                                                        ""and_conditions"": [
                                                                                          {
                                                                                            ""left"": {
                                                                                              ""attribute_name"": ""name"",
                                                                                              ""of"": ""e_director""
                                                                                            },
                                                                                            ""operator"": ""="",
                                                                                            {
                                                                                              ""left"": {
                                                                                ""count_id"": ""e_movie"",
                                                                                ""condition"": {
                                                                                  ""and_conditions"": [
                                                                                    {
                                                                                      ""left"": {
                                                                                        ""attribute_name"": ""name"",
                                                                                        ""of"": ""e_director""
                                                                                      },
                                                                                      ""operator"": ""="",
                                                                                      {
                                                                                        ""left"": {
                                                                                          ""count_id"": ""e_movie"",
                                                                                          ""condition"": {
                                                                                        ""and_conditions"": [
                                                                                          {
                                                                                            ""left"": {
                                                                                              ""attribute_name"": ""name"",
                                                                                              ""of"": ""e_director""
                                                                                            },
                                                                                            ""operator"": ""="",
                                                                                            {
                                                                                              ""left"": {
                                                                                ""count_id"": ""e_movie"",
                                                                                ""condition"": {
                                                                                  ""and_conditions"": [
                                                                                    {
                                                                                      ""left"": {
                                                                                        ""attribute_name"": ""name"",
                                                                                        ""of"": ""e_director""
                                                                                      },
                                                                                      ""operator"": ""="",
                                                                                      {
                                                                                        ""left"": {
                                                                                          ""count_id"": ""e_movie"",
                                                                                          ""condition"": {
                                                                                        ""and_conditions"": [
                                                                                          {
                                                                                            ""left"": {
                                                                                              ""attribute_name"": ""name"",
                                                                                              ""of"": ""e_director""
                                                                                            },
                                                                                            ""operator"": ""="",
                                                                                            {
                                                                                              ""left"": {
                                                                                ""count_id"": ""e_movie"",
                                                                                ""condition"": {
                                                                                  ""and_conditions"": [
                                                                                    {
                                                                                      ""left"": {
                                                                                        ""attribute_name"": ""name"",
                                                                                        ""of"": ""e_director""
                                                                                      },
                                                                                      ""operator"": ""="",
                                                                                      {
                                                                                        ""left"": {
                                                                                          ""count_id"": ""e_movie"",
                                                                                          ""condition"": {
                                                                                        ""and_conditions"": [
                                                                                          {
                                                                                            ""left"": {
                                                                                              ""attribute_name"": ""name"",
                                                                                              ""of"": ""e_director""
                                                                                            },
                                                                                            ""operator"": ""="",
                                                                                            {
                                                                                              ""left"": {
                                                                                ""count_id"": ""e_movie"",
                                                                                ""condition"": {
                                                                                  ""and_conditions"": [
                                                                                    {
                                                                                      ""left"": {
                                                                                        ""attribute_name"": ""name"",
                                                                                        ""of"": ""e_director""
                                                                                      },
                                                                                      ""operator"": ""="",
                                                                                      {
                                                                                        ""left"": {
                                                                                          ""count_id"": ""e_movie"",
                                                                                          ""condition"": {
                                                                                        ""and_conditions"": [
                                                                                          {
                                                                                            ""left"": {
                                                                                              ""attribute_name"": ""name"",
                                                                                              ""of"": ""e_director""
                                                                                            },
                                                                                            ""operator"": ""="",
                                                                                            {
                                                                                              ""left"": {
                                                                                ""count_id"": ""e_movie"",
                                                                                ""condition"": {
                                                                                  ""and_conditions"": [
                                                                                    {
                                                                                      ""left"": {
                                                                                        ""attribute_name"": ""name"",
                                                                                        ""of"": ""e_director""
                                                                                      },
                                                                                      ""operator"": ""="",
                                                                                      {
                                                                                        ""left"": {
                                                                                          ""count_id"": ""e_movie"",
                                                                                          ""condition"": {
                                                                                        ""and_conditions"": [
                                                                                          {
                                                                                            ""left"": {
                                                                                              ""attribute_name"": ""name"",
                                                                                              ""of"": ""e_director""
                                                                                            },
                                                                                            ""operator"": ""="",
                                                                                            {
                                                                                              ""left"": {
                                                                                ""count_id"": ""e_movie"",
                                                                                ""condition"": {
                                                                                  ""and_conditions"": [
                                                                                    {
                                                                                      ""left"": {
                                                                                        ""attribute_name"": ""name"",
                                                                                        ""of"": ""e_director""
                                                                                      },
                                                                                      ""operator"": ""="",
                                                                                      {
                                                                                        ""left"": {
                                                                                          ""count_id"": ""e_movie"",
                                                                                          ""condition"": {
                                                                                        ""and_conditions"": [
                                                                                          {
                                                                                            ""left"": {
                                                                                              ""attribute_name"": ""name"",
                                                                                              ""of"": ""e_director""
                                                                                            },
                                                                                            ""operator"": ""="",
                                                                                            {
                                                                                              ""left"": {
                                                                                ""count_id"": ""e_movie"",
                                                                                ""condition"": {
                                                                                  ""and_conditions"": [
                                                                                    {
                                                                                      ""left"": {
                                                                                        ""attribute_name"": ""name"",
                                                                                        ""of"": ""e_director""
                                                                                      },
                                                                                      ""operator"": ""="",
                                                                                      {
                                                                                        ""left"": {
                                                                                          ""count_id"": ""e_movie"",
                                                                                          ""condition"": {
                                                                                        ""and_conditions"": [
                                                                                          {
                                                                                            ""left"": {
                                                                                              ""attribute_name"": ""name"",
                                                                                              ""of"": ""e_director""
                                                                                            },
                                                                                            ""operator"": ""="",
                                                                                            {
                                                                                              ""left"": {
                                                                                ""count_id"": ""e_movie"",
                                                                                ""condition"": {
                                                                                  ""and_conditions"": [
                                                                                    {
                                                                                      ""left"": {
                                                                                        ""attribute_name"": ""name"",
                                                                                        ""of"": ""e_director""
                                                                                      },
                                                                                      ""operator"": ""="",
                                                                                      {
                                                                                        ""left"": {
                                                                                          ""count_id"": ""e_movie"",
                                                                                          ""condition"": {
                                                                                        ""and_conditions"": [
                                                                                          {
                                                                                            ""left"": {
                                                                                              ""attribute_name"": ""name"",
                                                                                              ""of"": ""e_director""
                                                                                            },
                                                                                            ""operator"": ""="",
                                                                                            {
                                                                                              ""left"": {
                                                                                ""count_id"": ""e_movie"",
                                                                                ""condition"": {
                                                                                  ""and_conditions"": [
                                                                                    {
                                                                                      ""left"": {
                                                                                        ""attribute_name"": ""name"",
                                                                                        ""of"": ""e_director""
                                                                                      },
                                                                                      ""operator"": ""="",
                                                                                      {
                                                                                        ""left"": {
                                                                                          ""count_id"": ""e_movie"",
                                                                                          ""condition"": {
                                                                                        ""and_conditions"": [
                                                                                          {
                                                                                            ""left"": {
                                                                                              ""attribute_name"": ""name"",
                                                                                              ""of"": ""e_director""
                                                                                            },
                                                                                            ""operator"": ""="",
                                                                                            {
                                                                                              ""left"": {
                                                                                ""count_id"": ""e_movie"",
                                                                                ""condition"": {
                                                                                  ""and_conditions"": [
                                                                                    {
                                                                                      ""left"": {
                                                                                        ""attribute_name"": ""name"",
                                                                                        ""of"": ""e_director""
                                                                                      },
                                                                                      ""operator"": ""="",
                                                                                      {
                                                                                        ""left"": {
                                                                                          ""count_id"": ""e_movie"",
                                                                                          ""condition"": {
                                                                                        ""and_conditions"": [
                                                                                          {
                                                                                            ""left"": {
                                                                                              ""attribute_name"": ""name"",
                                                                                              ""of"": ""e_director""
                                                                                            },
                                                                                            ""operator"": ""="",
                                                                                            {
                                                                                              ""left"": {
                                                                                ""count_id"": ""e_movie"",
                                                                                ""condition"": {
                                                                                  ""and_conditions"": [
                                                                                    {
                                                                                      ""left"": {
                                                                                        ""attribute_name"": ""name"",
                                                                                        ""of"": ""e_director""
                                                                                      },
                                                                                      ""operator"": ""="",
                                                                                      {
                                                                                        ""left"": {
                                                                                          ""count_id"": ""e_movie"",
                                                                                          ""condition"": {
                                                                                        ""and_conditions"": [
                                                                                          {
                                                                                            ""left"": {
                                                                                              ""attribute_name"": ""name"",
                                                                                              ""of"": ""e_director""
                                                                                            },
                                                                                            ""operator"": ""="",
                                                                                            {
                                                                                              ""left"": {
                                                                                ""count_id"": ""e_movie"",
                                                                                ""condition"": {
                                                                                  ""and_conditions"": [
                                                                                    {
                                                                                      ""left"": {
                                                                                        ""attribute_name"": ""name"",
                                                                                        ""of"": ""e_director""
                                                                                      },
                                                                                      ""operator"": ""="",
                                                                                      {
                                                                                        ""left"": {
                                                                                          ""count_id"": ""e_movie"",
                                                                                          ""condition"": {
                                                                                        ""and_conditions"": [
                                                                                          {
                                                                                            ""left"": {
                                                                                              ""attribute_name"": ""name"",
                                                                                              ""of"": ""e_director""
                                                                                            },
                                                                                            ""operator"": ""="",
                                                                                            {
                                                                                              ""left"": {
                                                                                ""count_id"": ""e_movie"",
                                                                                ""condition"": {
                                                                                  ""and_conditions"": [
                                                                                    {
                                                                                      ""left"": {
                                                                                        ""attribute_name"": ""name"",
                                                                                        ""of"": ""e_director""
                                                                                      },
                                                                                      ""operator"": ""="",
                                                                                      {
                                                                                        ""left"": {
                                                                                          ""count_id"": ""e_movie"",
                                                                                          ""condition"": {
                                                                                        ""and_conditions"": [
                                                                                          {
                                                                                            ""left"": {
                                                                                              ""attribute_name"": ""name"",
                                                                                              ""of"": ""e_director""
                                                                                            },
                                                                                            ""operator"": ""="",
                                                                                            {
                                                                                              ""left"": {
                                                                                ""count_id"": ""e_movie"",
                                                                                ""condition"": {
                                                                                  ""and_conditions"": [
                                                                                    {
                                                                                      ""left"": {
                                                                                        ""attribute_name"": ""name"",
                                                                                        ""of"": ""e_director""
                                                                                      },
                                                                                      ""operator"": ""="",
                                                                                      {
                                                                                        ""left"": {
                                                                                          ""count_id"": ""e_movie"",
                                                                                          ""condition"": {
                                                                                        ""and_conditions"": [
                                                                                          {
                                                                                            ""left"": {
                                                                                              ""attribute_name"": ""name"",
                                                                                              ""of"": ""e_director""
                                                                                            },
                                                                                            ""operator"": ""="",
                                                                                            {
                                                                                              ""left"": {
                                                                                ""count_id"": ""e_movie"",
                                                                                ""condition"": {
                                                                                  ""and_conditions"": [
                                                                                    {
                                                                                      ""left"": {
                                                                                        ""attribute_name"": ""name"",
                                                                                        ""of"": ""e_director""
                                                                                      },
                                                                                      ""operator"": ""="",
                                                                                      {
                                                                                        ""left"": {
                                                                                          ""count_id"": ""e_movie"",
                                                                                          ""condition"": {
                                                                                        ""and_conditions"": [
                                                                                          {
                                                                                            ""left"": {
                                                                                              ""attribute_name"": ""name"",
                                                                                              ""of"": ""e_director""
                                                                                            },
                                                                                            ""operator"": ""="",
                                                                                            {
                                                                                              ""left"": {
                                                                                ""count_id"": ""e_movie"",
                                                                                ""condition"": {
                                                                                  ""and_conditions"": [
                                                                                    {
                                                                                      ""left"": {
                                                                                        ""attribute_name"": ""name"",
                                                                                        ""of"": ""e_director""
                                                                                      },
                                                                                      ""operator"": ""="",
                                                                                      {
                                                                                        ""left"": {
                                                                                          ""count_id"": ""e_movie"",
                                                                                          ""condition"": {
                                                                                        ""and_conditions"": [
                                                                                          {
                                                                                            ""left"": {
                                                                                              ""attribute_name"": ""name"",
                                                                                              ""of"": ""e_director""
                                                                                            },
                                                                                            ""operator"": ""="",
                                                                                            {
                                                                                              ""left"": {
                                                                                ""count_id"": ""e_movie"",
                                                                                ""condition"": {
                                                                                  ""and_conditions"": [
                                                                                    {
                                                                                      ""left"": {
                                                                                        ""attribute_name"": ""name"",
                                                                                        ""of"": ""e_director""
                                                                                      },
                                                                                      ""operator"": ""="",
                                                                                      {
                                                                                        ""left"": {
                                                                                          ""count_id"": ""e_movie"",
                                                                                          ""condition"": {
                                                                                        ""and_conditions"": [
                                                                                          {
                                                                                            ""left"": {
                                                                                              ""attribute_name"": ""name"",
                                                                                              ""of"": ""e_director""
                                                                                            },
                                                                                            ""operator"": ""="",
                                                                                            {
                                                                                              ""left"": {
                                                                                ""count_id"": ""e_movie"",
                                                                                ""condition"": {
                                                                                  ""and_conditions"": [
                                                                                    {
                                                                                      ""left"": {
                                                                                        ""attribute_name"": ""name"",
                                                                                        ""of"": ""e_director""
                                                                                      },
                                                                                      ""operator"": ""="",
                                                                                      {
                                                                                        ""left"": {
                                                                                          ""count_id"": ""e_movie"",
                                                                                          ""condition"": {
                                                                                        ""and_conditions"": [
                                                                                          {
                                                                                            ""left"": {
                                                                                              ""attribute_name"": ""name"",
                                                                                              ""of"": ""e_director""
                                                                                            },
                                                                                            ""operator"": ""="",
                                                                                            {
                                                                                              ""left"": {
                                                                                ""count_id"": ""e_movie"",
                                                                                ""condition"": {
                                                                                  ""and_conditions"": [
                                                                                    {
                                                                                      ""left"": {
                                                                                        ""attribute_name"": ""name"",
                                                                                        ""of"": ""e_director""
                                                                                      },
                                                                                      ""operator"": ""="",
                                                                                      {
                                                                                        ""left"": {
                                                                                          ""count_id"": ""e_movie"",
                                                                                          ""condition"": {
                                                                                        ""and_conditions"": [
                                                                                          {
                                                                                            ""left"": {
                                                                                              ""attribute_name"": ""name"",
                                                                                              ""of"": ""e_director""
                                                                                            },
                                                                                            ""operator"": ""="",
                                                                                            {
                                                                                              ""left"": {
                                                                                ""count_id"": ""e_movie"",
                                                                                ""condition"": {
                                                                                  ""and_conditions"": [
                                                                                    {
                                                                                      ""left"": {
                                                                                        ""attribute_name"": ""name"",
                                                                                        ""of"": ""e_director""
                                                                                      },
                                                                                      ""operator"": ""="",
                                                                                      {
                                                                                        ""left"": {
                                                                                          ""count_id"": ""e_movie"",
                                                                                          ""condition"": {
                                                                                        ""and_conditions"": [
                                                                                          {
                                                                                            ""left"": {
                                                                                              ""attribute_name"": ""name"",
                                                                                              ""of"": ""e_director""
                                                                                            },
                                                                                            ""operator"": ""="",
                                                                                            {
                                                                                              ""left"": {
                                                                                ""count_id"": ""e_movie"",
                                                                                ""condition"": {
                                                                                  ""and_conditions"": [
                                                                                    {
                                                                                      ""left"": {
                                                                                        ""attribute_name"": ""name"",
                                                                                        ""of"": ""e_director""
                                                                                      },
                                                                                      ""operator"": ""="",
                                                                                      {
                                                                                        ""left"": {
                                                                                          ""count_id"": ""e_movie"",
                                                                                          ""condition"": {
                                                                                        ""and_conditions"": [
                                                                                          {
                                                                                            ""left"": {
                                                                                              ""attribute_name"": ""name"",
                                                                                              ""of"": ""e_director""
                                                                                            },
                                                                                            ""operator"": ""="",
                                                                                            {
                                                                                              ""left"": {
                                                                                ""count_id"": ""e_movie"",
                                                                                ""condition"": {
                                                                                  ""and_conditions"": [
                                                                                    {
                                                                                      ""left"": {
                                                                                        ""attribute_name"": ""name"",
                                                                                        ""of"": ""e_director""
                                                                                      },
                                                                                      ""operator"": ""="",
                                                                                      {
                                                                                        ""left"": {
                                                                                          ""count_id"": ""e_movie"",
                                                                                          ""condition"": {
                                                                                        ""and_conditions"": [
                                                                                          {
                                                                                            ""left"": {
                                                                                              ""attribute_name"": ""name"",
                                                                                              ""of"": ""e_director""
                                                                                            },
                                                                                            ""operator"": ""="",
                                                                                            {
                                                                                              ""left"": {
                                                                                ""count_id"": ""e_movie"",
                                                                                ""condition"": {
                                                                                  ""and_conditions"": [
                                                                                    {
                                                                                      ""left"": {
                                                                                        ""attribute_name"": ""name"",
                                                                                        ""of"": ""e_director""
                                                                                      },
                                                                                      ""operator"": ""="",
                                                                                      {
                                                                                        ""left"": {
                                                                                          ""count_id"": ""e_movie"",
                                                                                          ""condition"": {
                                                                                        ""and_conditions"": [
                                                                                          {
                                                                                            ""left"": {
                                                                                              ""attribute_name"": ""name"",
                                                                                              ""of"": ""e_director""
                                                                                            },
                                                                                            ""operator"": ""="",
                                                                                            {
                                                                                              ""left"": {
                                                                                ""count_id"": ""e_movie"",
                                                                                ""condition"": {
                                                                                  ""and_conditions"": [
                                                                                    {
                                                                                      ""left"": {
                                                                                        ""attribute_name"": ""name"",
                                                                                        ""of"": ""e_director""
                                                                                      },
                                                                                      ""operator"": ""="",
                                                                                      {
                                                                                        ""left"": {
                                                                                          ""count_id"": ""e_movie"",
                                                                                          ""condition"": {
                                                                                        ""and_conditions"": [
                                                                                          {
                                                                                            ""left"": {
                                                                                              ""attribute_name"": ""name"",
                                                                                              ""of"": ""e_director""
                                                                                            },
                                                                                            ""operator"": ""="",
                                                                                            {
                                                                                              ""left"": {
                                                                                ""count_id"": ""e_movie"",
                                                                                ""condition"": {
                                                                                  ""and_conditions"": [
                                                                                    {
                                                                                      ""left"": {
                                                                                        ""attribute_name"": ""name"",
                                                                                        ""of"": ""e_director""
                                                                                      },
                                                                                      ""operator"": ""="",
                                                                                      {
                                                                                        ""left"": {
                                                                                          ""count_id"": ""e_movie"",
                                                                                          ""condition"": {
                                                                                        ""and_conditions"": [
                                                                                          {
                                                                                            ""left"": {
                                                                                              ""attribute_name"": ""name"",
                                                                                              ""of"": ""e_director""
                                                                                            },
                                                                                            ""operator"": ""="",
                                                                                            {
                                                                                              ""left"": {
                                                                                ""count_id"": ""e_movie"",
                                                                                ""condition"": {
                                                                                  ""and_conditions"": [
                                                                                    {
                                                                                      ""left"": {
                                                                                        ""attribute_name"": ""name"",
                                                                                        ""of"": ""e_director""
                                                                                      },
                                                                                      ""operator"": ""="",
                                                                                      {
                                                                                        ""left"": {
                                                                                          ""count_id"": ""e_movie"",
                                                                                          ""condition"": {
                                                                                        ""and_conditions"": [
                                                                                          {
                                                                                            ""left"": {
                                                                                              ""attribute_name"": ""name"",
                                                                                              ""of"": ""e_director""
                                                                                            },
                                                                                            ""operator"": ""="",
                                                                                            {
                                                                                              ""left"": {
                                                                                ""count_id"": ""e_movie"",
                                                                                ""condition"": {
                                                                                  ""and_conditions"": [
                                                                                    {
                                                                                      ""left"": {
                                                                                        ""attribute_name"": ""name"",
                                                                                        ""of"": ""e_director""
                                                                                      },
                                                                                      ""operator"": ""="",
                                                                                      {
                                                                                        ""left"": {
                                                                                          ""count_id"": ""e_movie"",
                                                                                          ""condition"": {
                                                                                        ""and_conditions"": [
                                                                                          {
                                                                                            ""left"": {
                                                                                              ""attribute_name"": ""name"",
                                                                                              ""of"": ""e_director""
                                                                                            },
                                                                                            ""operator"": ""="",
                                                                                            {
                                                                                              ""left"": {
                                                                                ""count_id"": ""e_movie"",
                                                                                ""condition"": {
                                                                                  ""and_conditions"": [
                                                                                    {
                                                                                      ""left"": {
                                                                                        ""attribute_name"": ""name"",
                                                                                        ""of"": ""e_director""
                                                                                      },
                                                                                      ""operator"": ""="",
                                                                                      {
                                                                                        ""left"": {
                                                                                          ""count_id"": ""e_movie"",
                                                                                          ""condition"": {
                                                                                        ""and_conditions"": [
                                                                                          {
                                                                                            ""left"": {
                                                                                              ""attribute_name"": ""name"",
                                                                                              ""of"": ""e_director""
                                                                                            },
                                                                                            ""operator"": ""="",
                                                                                            {
                                                                                              ""left"": {
                                                                                ""count_id"": ""e_movie"",
                                                                                ""condition"": {
                                                                                  ""and_conditions"": [
                                                                                    {
                                                                                      ""left"": {
                                                                                        ""attribute_name"": ""name"",
                                                                                        ""of"": ""e_director""
                                                                                      },
                                                                                      ""operator"": ""="",
                                                                                      {
                                                                                        ""left"": {
                                                                                          ""count_id"": ""e_movie"",
                                                                                          ""condition"": {
                                                                                        ""and_conditions"": [
                                                                                          {
                                                                                            ""left"": {
                                                                                              ""attribute_name"": ""name"",
                                                                                              ""of"": ""e_director""
                                                                                            },
                                                                                            ""operator"": ""="",
                                                                                            {
                                                                                              ""left"": {
                                                                                ""count_id"": ""e_movie"",
                                                                                ""condition"": {
                                                                                  ""and_conditions"": [
                                                                                    {
                                                                                      ""left"": {
                                                                                        ""attribute_name"": ""name"",
                                                                                        ""of"": ""e_director""
                                                                                      },
                                                                                      ""operator"": ""="",
                                                                                      {
                                                                                        ""left"": {
                                                                                          ""count_id"": ""e_movie"",
                                                                                          ""condition"": {
                                                                                        ""and_conditions"": [
                                                                                          {
                                                                                            ""left"": {
                                                                                              ""attribute_name"": ""name"",
                                                                                              ""of"": ""e_director""
                                                                                            },
                                                                                            ""operator"": ""="",
                                                                                            {
                                                                                              ""left"": {
                                                                                ""count_id"": ""e_movie"",
                                                                                ""condition"": {
                                                                                  ""and_conditions"": [
                                                                                    {
                                                                                      ""left"": {
                                                                                        ""attribute_name"": ""name"",
                                                                                        ""of"": ""e_director""
                                                                                      },
                                                                                      ""operator"": ""="",
                                                                                      {
                                                                                        ""left"": {
                                                                                          ""count_id"": ""e_movie"",
                                                                                          ""condition"": {
                                                                                        ""and_conditions"": [
                                                                                          {
                                                                                            ""left"": {
                                                                                              ""attribute_name"": ""name"",
                                                                                              ""of"": ""e_director""
                                                                                            },
                                                                                            ""operator"": ""="",
                                                                                            {
                                                                                              ""left"": {
                                                                                ""count_id"": ""e_movie"",
                                                                                ""condition"": {
                                                                                  ""and_conditions"": [
                                                                                    {
                                                                                      ""left"": {
                                                                                        ""attribute_name"": ""name"",
                                                                                        ""of"": ""e_director""
                                                                                      },
                                                                                      ""operator"": ""="",
                                                                                      {
                                                                                        ""left"": {
                                                                                          ""count_id"": ""e_movie"",
                                                                                          ""condition"": {
                                                                                        ""and_conditions"": [
                                                                                          {
                                                                                            ""left"": {
                                                                                              ""attribute_name"": ""name"",
                                                                                              ""of"": ""e_director""
                                                                                            },
                                                                                            ""operator"": ""="",
                                                                                            {
                                                                                              ""left"": {
                                                                                ""count_id"": ""e_movie"",
                                                                                ""condition"": {
                                                                                  ""and_conditions"": [
                                                                                    {
                                                                                      ""left"": {
                                                                                        ""attribute_name"": ""name"",
                                                                                        ""of"": ""e_director""
                                                                                      },
                                                                                      ""operator"": ""="",
                                                                                      {
                                                                                        ""left"": {
                                                                                          ""count_id"": ""e_movie"",
                                                                                          ""condition"": {
                                                                                        ""and_conditions"": [
                                                                                          {
                                                                                            ""left"": {
                                                                                              ""attribute_name"": ""name"",
                                                                                              ""of"": ""e_director""
                                                                                            },
                                                                                            ""operator"": ""="",
                                                                                            {
                                                                                              ""left"": {
                                                                                ""count_id"": ""e_movie"",
                                                                                ""condition"": {
                                                                                  ""and_conditions"": [
                                                                                    {
                                                                                      ""left"": {
                                                                                        ""attribute_name"": ""name"",
                                                                                        ""of"": ""e_director""
                                                                                      },
                                                                                      ""operator"": ""="",
                                                                                      {
                                                                                        ""left"": {
                                                                                          ""count_id"": ""e_movie"",
                                                                                          ""condition"": {
                                                                                        ""and_conditions"": [
                                                                                          {
                                                                                            ""left"": {
                                                                                              ""attribute_name"": ""name"",
                                                                                              ""of"": ""e_director""
                                                                                            },
                                                                                            ""operator"": ""="",
                                                                                            {
                                                                                              ""left"": {
                                                                                ""count_id"": ""e_movie"",
                                                                                ""condition"": {
                                                                                  ""and_conditions"": [
                                                                                    {
                                                                                      ""left"": {
                                                                                        ""attribute_name"": ""name"",
                                                                                        ""of"": ""e_director""
                                                                                      },
                                                                                      ""operator"": ""="",
                                                                                      {
                                                                                        ""left"": {
                                                                                          ""count_id"": ""e_movie"",
                                                                                          ""condition"": {
                                                                                        ""and_conditions"": [
                                                                                          {
                                                                                            ""left"": {
                                                                                              ""attribute_name"": ""name"",
                                                                                              ""of"": ""e_director""
                                                                                            },
                                                                                            ""operator"": ""="",
                                                                                            {
                                                                                              ""left"": {
                                                                                ""count_id"": ""e_movie"",
                                                                                ""condition"": {
                                                                                  ""and_conditions"": [
                                                                                    {
                                                                                      ""left"": {
                                                                                        ""attribute_name"": ""name"",
                                                                                        ""of"": ""e_director""
                                                                                      },
                                                                                      ""operator"": ""="",
                                                                                      {
                                                                                        ""left"": {
                                                                                          ""count_id"": ""e_movie"",
                                                                                          ""condition"": {
                                                                                        ""and_conditions"": [
                                                                                          {
                                                                                            ""left"": {
                                                                                              ""attribute_name"": ""name"",
                                                                                              ""of"": ""e_director""
                                                                                            },
                                                                                            ""operator"": ""="",
                                                                                            {
                                                                                              ""left"": {
                                                                                ""count_id"": ""e_movie"",
                                                                                ""condition"": {
                                                                                  ""and_conditions"": [
                                                                                    {
                                                                                      ""left"": {
                                                                                        ""attribute_name"": ""name"",
                                                                                        ""of"": ""e_director""
                                                                                      },
                                                                                      ""operator"": ""="",
                                                                                      {
                                                                                        ""left"": {
                                                                                          ""count_id"": ""e_movie"",
                                                                                          ""condition"": {
                                                                                        ""and_conditions"": [
                                                                                          {
                                                                                            ""left"": {
                                                                                              ""attribute_name"": ""name"",
                                                                                              ""of"": ""e_director""
                                                                                            },
                                                                                            ""operator"": ""="",
                                                                                            {
                                                                                              ""left"": {
                                                                                ""count_id"": ""e_movie"",
                                                                                ""condition"": {
                                                                                  ""and_conditions"": [
                                                                                    {
                                                                                      ""left"": {
                                                                                        ""attribute_name"": ""name"",
                                                                                        ""of"": ""e_director""
                                                                                      },
                                                                                      ""operator"": ""="",
                                                                                      {
                                                                                        ""left"": {
                                                                                          ""count_id"": ""e_movie"",
                                                                                          ""condition"": {
                                                                                        ""and_conditions"": [
                                                                                          {
                                                                                            ""left"": {
                                                                                              ""attribute_name"": ""name"",
                                                                                              ""of"": ""e_director""
                                                                                            },
                                                                                            ""operator"": ""="",
                                                                                            {
                                                                                              ""left"": {
                                                                                ""count_id"": ""e_movie"",
                                                                                ""condition"": {
                                                                                  ""and_conditions"": [
                                                                                    {
                                                                                      ""left"": {
                                                                                        ""attribute_name"": ""name"",
                                                                                        ""of"": ""e_director""
                                                                                      },
                                                                                      ""operator"": ""="",
                                                                                      {
                                                                                        ""left"": {
                                                                                          ""count_id"": ""e_movie"",
                                                                                          ""condition"": {
                                                                                        ""and_conditions"": [
                                                                                          {
                                                                                            ""left"": {
                                                                                              ""attribute_name"": ""name"",
                                                                                              ""of"": ""e_director""
                                                                                            },
                                                                                            ""operator"": ""="",
                                                                                            {
                                                                                              ""left"": {
                                                                                ""count_id"": ""e_movie"",
                                                                                ""condition"": {
                                                                                  ""and_conditions"": [
                                                                                    {
                                                                                      ""left"": {
                                                                                        ""attribute_name"": ""name"",
                                                                                        ""of"": ""e_director""
                                                                                      },
                                                                                      ""operator"": ""="",
                                                                                      {
                                                                                        ""left"": {
                                                                                          ""count_id"": ""e_movie"",
                                                                                          ""condition"": {
                                                                                        ""and_conditions"": [
                                                                                          {
                                                                                            ""left"": {
                                                                                              ""attribute_name"": ""name"",
                                                                                              ""of"": ""e_director""
                                                                                            },
                                                                                            ""operator"": ""="",
                                                                                            {
                                                                                              ""left"": {
                                                                                ""count_id"": ""e_movie"",
                                                                                ""condition"": {
                                                                                  ""and_conditions"": [
                                                                                    {
                                                                                      ""left"": {
                                                                                        ""attribute_name"": ""name"",
                                                                                        ""of"": ""e_director""
                                                                                      },
                                                                                      ""operator"": ""="",
                                                                                      {
                                                                                        ""left"": {
                                                                                          ""count_id"": ""e_movie"",
                                                                                          ""condition"": {
                                                                                        ""and_conditions"": [
                                                                                          {
                                                                                            ""left"": {
                                                                                              ""attribute_name"": ""name"",
                                                                                              ""of"": ""e_director""
                                                                                            },
                                                                                            ""operator"": ""="",
                                                                                            {
                                                                                              ""left"": {
                                                                                ""count_id"": ""e_movie"",
                                                                                ""condition"": {
                                                                                  ""and_conditions"": [
                                                                                    {
                                                                                      ""left"": {
                                                                                        ""attribute_name"": ""name"",
                                                                                        ""of"": ""e_director""
                                                                                      },
                                                                                      ""operator"": ""="",
                                                                                      {
                                                                                        ""left"": {
                                                                                          ""count_id"": ""e_movie"",
                                                                                          ""condition"": {
                                                                                        ""and_conditions"": [
                                                                                          {
                                                                                            ""left"": {
                                                                                              ""attribute_name"": ""name"",
                                                                                              ""of"": ""e_director""
                                                                                            },
                                                                                            ""operator"": ""="",
                                                                                            {
                                                                                              ""left"": {
                                                                                ""count_id"": ""e_movie"",
                                                                                ""condition"": {
                                                                                  ""and_conditions"": [
                                                                                    {
                                                                                      ""left"": {
                                                                                        ""attribute_name"": ""name"",
                                                                                        ""of"": ""e_director""
                                                                                      },
                                                                                      ""operator"": ""="",
                                                                                      {
                                                                                        ""left"": {
                                                                                          ""count_id"": ""e_movie"",
                                                                                          ""condition"": {
                                                                                        ""and_conditions"": [
                                                                                          {
                                                                                            ""left"": {
                                                                                              ""attribute_name"": ""name"",
                                                                                              ""of"": ""e_director""
                                                                                            },
                                                                                            ""operator"": ""="",
                                                                                            {
                                                                                              ""left"": {
                                                                                ""count_id"": ""e_movie"",
                                                                                ""condition"": {
                                                                                  ""and_conditions"": [
                                                                                    {
                                                                                      ""left"": {
                                                                                        ""attribute_name"": ""name"",
                                                                                        ""of"": ""e_director""
                                                                                      },
                                                                                      ""operator"": ""="",
                                                                                      {
                                                                                        ""left"": {
                                                                                          ""count_id"": ""e_movie"",
                                                                                          ""condition"": {
                                                                                        ""and_conditions"": [
                                                                                          {
                                                                                            ""left"": {
                                                                                              ""attribute_name"": ""name"",
                                                                                              ""of"": ""e_director""
                                                                                            },
                                                                                            ""operator"": ""="",
                                                                                            {
                                                                                              ""left"": {
                                                                                ""count_id"": ""e_movie"",
                                                                                ""condition"": {
                                                                                  ""and_conditions"": [
                                                                                    {
                                                                                      ""left"": {
                                                                                        ""attribute_name"": ""name"",
                                                                                        ""of"": ""e_director""
                                                                                      },
                                                                                      ""operator"": ""="",
                                                                                      {
                                                                                        ""left"": {
                                                                                          ""count_id"": ""e_movie"",
                                                                                          ""condition"": {
                                                                                        ""and_conditions"": [
                                                                                          {
                                                                                            ""left"": {
                                                                                              ""attribute_name"": ""name"",
                                                                                              ""of"": ""e_director""
                                                                                            },
                                                                                            ""operator"": ""="",
                                                                                            {
                                                                                              ""left"": {
                                                                                ""count_id"": ""e_movie"",
                                                                                ""condition"": {
                                                                                  ""and_conditions"": [
                                                                                    {
                                                                                      ""left"": {
                                                                                        ""attribute_name"": ""name"",
                                                                                        ""of"": ""e_director""
                                                                                      },
                                                                                      ""operator"": ""="",
                                                                                      {
                                                                                        ""left"": {
                                                                                          ""count_id"": ""e_movie"",
                                                                                          ""condition"": {
                                                                                        ""and_conditions"": [
                                                                                          {
                                                                                            ""left"": {
                                                                                              ""attribute_name"": ""name"",
                                                                                              ""of"": ""e_director""
                                                                                            },
                                                                                            ""operator"": ""="",
                                                                                            {
                                                                                              ""left"": {
                                                                                ""count_id"": ""e_movie"",
                                                                                ""condition"": {
                                                                                  ""and_conditions"": [
                                                                                    {
                                                                                      ""left"": {
                                                                                        ""attribute_name"": ""name"",
                                                                                        ""of"": ""e_director""
                                                                                      },
                                                                                      ""operator"": ""="",
                                                                                      {
                                                                                        ""left"": {
                                                                                          ""count_id"": ""e_movie"",
                                                                                          ""condition"": {
                                                                                        ""and_conditions"": [
                                                                                          {
                                                                                            ""left"": {
                                                                                              ""attribute_name"": ""name"",
                                                                                              ""of"": ""e_director""
                                                                                            },
                                                                                            ""operator"": ""="",
                                                                                            {
                                                                                              ""left"": {
                                                                                ""count_id"": ""e_movie"",
                                                                                ""condition"": {
                                                                                  ""and_conditions"": [
                                                                                    {
                                                                                      ""left"": {
                                                                                        ""attribute_name"": ""name"",
                                                                                        ""of"": ""e_director""
                                                                                      },
                                                                                      ""operator"": ""="",
                                                                                      {
                                                                                        ""left"": {
                                                                                          ""count_id"": ""e_movie"",
                                                                                          ""condition"": {
                                                                                        ""and_conditions"": [
                                                                                          {
                                                                                            ""left"": {
                                                                                              ""attribute_name"": ""name"",
                                                                                              ""of"": ""e_director""
                                                                                            },
                                                                                            ""operator"": ""="",
                                                                                            {
                                                                                              ""left"": {
                                                                                ""count_id"": ""e_movie"",
                                                                                ""condition"": {
                                                                                  ""and_conditions"": [
                                                                                    {
                                                                                      ""left"": {
                                                                                        ""attribute_name"": ""name"",
                                                                                        ""of"": ""e_director""
                                                                                      },
                                                                                      ""operator"": ""="",
                                                                                      {
                                                                                        ""left"": {
                                                                                          ""count_id"": ""e_movie"",
                                                                                          ""condition"": {
                                                                                        ""and_conditions"": [
                                                                                          {
                                                                                            ""left"": {
                                                                                              ""attribute_name"": ""name"",
                                                                                              ""of"": ""e_director""
                                                                                            },
                                                                                            ""operator"": ""="",
                                                                                            {
                                                                                              ""left"": {
                                                                                ""count_id"": ""e_movie"",
                                                                                ""condition"": {
                                                                                  ""and_conditions"": [
                                                                                    {
                                                                                      ""left"": {
                                                                                        ""attribute_name"": ""name"",
                                                                                        ""of"": ""e_director""
                                                                                      },
                                                                                      ""operator"": ""="",
                                                                                      {
                                                                                        ""left"": {
                                                                                          ""count_id"": ""e_movie"",
                                                                                          ""condition"": {
                                                                                        ""and_conditions"": [
                                                                                          {
                                                                                            ""left"": {
                                                                                              ""attribute_name"": ""name"",
                                                                                              ""of"": ""e_director""
                                                                                            },
                                                                                            ""operator"": ""="",
                                                                                            {
                                                                                              ""left"": {
                                                                                ""count_id"": ""e_movie"",
                                                                                ""condition"": {
                                                                                  ""and_conditions"": [
                                                                                    {
                                                                                      ""left"": {
                                                                                        ""attribute_name"": ""name"",
                                                                                        ""of"": ""e_director""
                                                                                      },
                                                                                      ""operator"": ""="",
                                                                                      {
                                                                                        ""left"": {
                                                                                          ""count_id"": ""e_movie"",
                                                                                          ""condition"": {
                                                                                        ""and_conditions"": [
                                                                                          {
                                                                                            ""left"": {
                                                                                              ""attribute_name"": ""name"",
                                                                                              ""of"": ""e_director""
                                                                                            },
                                                                                            ""operator"": ""="",
                                                                                            {
                                                                                              ""left"": {
                                                                                ""count_id"": ""e_movie"",
                                                                                ""condition"": {
                                                                                  ""and_conditions"": [
                                                                                    {
                                                                                      ""left"": {
                                                                                        ""attribute_name"": ""name"",
                                                                                        ""of"": ""e_director""
                                                                                      },
                                                                                      ""operator"": ""="",
                                                                                      {
                                                                                        ""left"": {
                                                                                          ""count_id"": ""e_movie"",
                                                                                          ""condition"": {
                                                                                        ""and_conditions"": [
                                                                                          {
                                                                                            ""left"": {
                                                                                              ""attribute_name"": ""name"",
                                                                                              ""of"": ""e_director""
                                                                                            },
                                                                                            ""operator"": ""="",
                                                                                            {
                                                                                              ""left"": {
                                                                                ""count_id"": ""e_movie"",
                                                                                ""condition"": {
                                                                                  ""and_conditions"": [
                                                                                    {
                                                                                      ""left"": {
                                                                                        ""attribute_name"": ""name"",
                                                                                        ""of"": ""e_director""
                                                                                      },
                                                                                      ""operator"": ""="",
                                                                                      {
                                                                                        ""left"": {
                                                                                          ""count_id"": ""e_movie"",
                                                                                          ""condition"": {
                                                                                        ""and_conditions"": [
                                                                                          {
                                                                                            ""left"": {
                                                                                              ""attribute_name"": ""name"",
                                                                                              ""of"": ""e_director""
                                                                                            },
                                                                                            ""operator"": ""="",
                                                                                            {
                                                                                              ""left"": {
                                                                                ""count_id"": ""e_movie"",
                                                                                ""condition"": {
                                                                                  ""and_conditions"": [
                                                                                    {
                                                                                      ""left"": {
                                                                                        ""attribute_name"": ""name"",
                                                                                        ""of"": ""e_director""
                                                                                      },
                                                                                      ""operator"": ""="",
                                                                                      {
                                                                                        ""left"": {
                                                                                          ""count_id"": ""e_movie"",
                                                                                          ""condition"": {
                                                                                        ""and_conditions"": [
                                                                                          {
                                                                                            ""left"": {
                                                                                              ""attribute_name"": ""name"",
                                                                                              ""of"": ""e_director""
                                                                                            },
                                                                                            ""operator"": ""="",
                                                                                            {
                                                                                              ""left"": {
                                                                                ""count_id"": ""e_movie"",
                                                                                ""condition"": {
                                                                                  ""and_conditions"": [
                                                                                    {
                                                                                      ""left"": {
                                                                                        ""attribute_name"": ""name"",
                                                                                        ""of"": ""e_director""
                                                                                      },
                                                                                      ""operator"": ""="",
                                                                                      {
                                                                                        ""left"": {
                                                                                          ""count_id"": ""e_movie"",
                                                                                          ""condition"": {
                                                                                        ""and_conditions"": [
                                                                                          {
                                                                                            ""left"": {
                                                                                              ""attribute_name"": ""name"",
                                                                                              ""of"": ""e_director""
                                                                                            },
                                                                                            ""operator"": ""="",
                                                                                            {
                                                                                              ""left"": {
                                                                                ""count_id"": ""e_movie"",
                                                                                ""condition"": {
                                                                                  ""and_conditions"": [
                                                                                    {
                                                                                      ""left"": {
                                                                                        ""attribute_name"": ""name"",
                                                                                        ""of"": ""e_director""
                                                                                      },
                                                                                      ""operator"": ""="",
                                                                                      {
                                                                                        ""left"": {
                                                                                          ""count_id"": ""e_movie"",
                                                                                          ""condition"": {
                                                                                        ""and_conditions"": [
                                                                                          {
                                                                                            ""left"": {
                                                                                              ""attribute_name"": ""name"",
                                                                                              ""of"": ""e_director""
                                                                                            },
                                                                                            ""operator"": ""="",
                                                                                            {
                                                                                              ""left"": {
                                                                                ""count_id"": ""e_movie"",
                                                                                ""condition"": {
                                                                                  ""and_conditions"": [
                                                                                    {
                                                                                      ""left"": {
                                                                                        ""attribute_name"": ""name"",
                                                                                        ""of"": ""e_director""
                                                                                      },
                                                                                      ""operator"": ""="",
                                                                                      {
                                                                                        ""left"": {
                                                                                          ""count_id"": ""e_movie"",
                                                                                          ""condition"": {
                                                                                        ""and_conditions"": [
                                                                                          {
                                                                                            ""left"": {
                                                                                              ""attribute_name"": ""name"",
                                                                                              ""of"": ""e_director""
                                                                                            },
                                                                                            ""operator"": ""="",
                                                                                            {
                                                                                              ""left"": {
                                                                                ""count_id"": ""e_movie"",
                                                                                ""condition"": {
                                                                                  ""and_conditions"": [
                                                                                    {
                                                                                      ""left"": {
                                                                                        ""attribute_name"": ""name"",
                                                                                        ""of"": ""e_director""
                                                                                      },
                                                                                      ""operator"": ""="",
                                                                                      {
                                                                                        ""left"": {
                                                                                          ""count_id"": ""e_movie"",
                                                                                          ""condition"": {
                                                                                        ""and_conditions"": [
                                                                                          {
                                                                                            ""left"": {
                                                                                              ""attribute_name"": ""name"",
                                                                                              ""of"": ""e_director""
                                                                                            },
                                                                                            ""operator"": ""="",
                                                                                            {
                                                                                              ""left"": {
                                                                                ""count_id"": ""e_movie"",
                                                                                ""condition"": {
                                                                                  ""and_conditions"": [
                                                                                    {
                                                                                      ""left"": {
                                                                                        ""attribute_name"": ""name"",
                                                                                        ""of"": ""e_director""
                                                                                      },
                                                                                      ""operator"": ""="",
                                                                                      {
                                                                                        ""left"": {
                                                                                          ""count_id"": ""e_movie"",
                                                                                          ""condition"": {
                                                                                        ""and_conditions"": [
                                                                                          {
                                                                                            ""left"": {
                                                                                              ""attribute_name"": ""name"",
                                                                                              ""of"": ""e_director""
                                                                                            },
                                                                                            ""operator"": ""="",
                                                                                            {
                                                                                              ""left"": {
                                                                                ""count_id"": ""e_movie"",
                                                                                ""condition"": {
                                                                                  ""and_conditions"": [
                                                                                    {
                                                                                      ""left"": {
                                                                                        ""attribute_name"": ""name"",
                                                                                        ""of"": ""e_director""
                                                                                      },
                                                                                      ""operator"": ""="",
                                                                                      {
                                                                                        ""left"": {
                                                                                          ""count_id"": ""e_movie"",
                                                                                          ""condition"": {
                                                                                        ""and_conditions"": [
                                                                                          {
                                                                                            ""left"": {
                                                                                              ""attribute_name"": ""name"",
                                                                                              ""of"": ""e_director""
                                                                                            },
                                                                                            ""operator"": ""="",
                                                                                            {
                                                                                              ""left"": {
                                                                                ""count_id"": ""e_movie"",
                                                                                ""condition"": {
                                                                                  ""and_conditions"": [
                                                                                    {
                                                                                      ""left"": {
                                                                                        ""attribute_name"": ""name"",
                                                                                        ""of"": ""e_director""
                                                                                      },
                                                                                      ""operator"": ""="",
                                                                                      {
                                                                                        ""left"": {
                                                                                          ""count_id"": ""e_movie"",
                                                                                          ""condition"": {
                                                                                        ""and_conditions"": [
                                                                                          {
                                                                                            ""left"": {
                                                                                              ""attribute_name"": ""name"",
                                                                                              ""of"": ""e_director""
                                                                                            },
                                                                                            ""operator"": ""="",
                                                                                            {
                                                                                              ""left"": {
                                                                                ""count_id"": ""e_movie"",
                                                                                ""condition"": {
                                                                                  ""and_conditions"": [
                                                                                    {
                                                                                      ""left"": {
                                                                                        ""attribute_name"": ""name"",
                                                                                        ""of"": ""e_director""
                                                                                      },
                                                                                      ""operator"": ""="",
                                                                                      {
                                                                                        ""left"": {
                                                                                          ""count_id"": ""e_movie"",
                                                                                          ""condition"": {
                                                                                        ""and_conditions"": [
                                                                                          {
                                                                                            ""left"": {
                                                                                              ""attribute_name"": ""name"",
                                                                                              ""of"": ""e_director""
                                                                                            },
                                                                                            ""operator"": ""="",
                                                                                            {
                                                                                              ""left"": {
                                                                                ""count_id"": ""e_movie"",
                                                                                ""condition"": {
                                                                                  ""and_conditions"": [
                                                                                    {
                                                                                      ""left"": {
                                                                                        ""attribute_name"": ""name"",
                                                                                        ""of"": ""e_director""
                                                                                      },
                                                                                      ""operator"": ""="",
                                                                                      {
                                                                                        ""left"": {
                                                                                          ""count_id"": ""e_movie"",
                                                                                          ""condition"": {
                                                                                        ""and_conditions"": [
                                                                                          {
                                                                                            ""left"": {
                                                                                              ""attribute_name"": ""name"",
                                                                                              ""of"": ""e_director""
                                                                                            },
                                                                                            ""operator"": ""="",
                                                                                            {
                                                                                              ""left"": {
                                                                                ""count_id"": ""e_movie"",
                                                                                ""condition"": {
                                                                                  ""and_conditions"": [
                                                                                    {
                                                                                      ""left"": {
                                                                                        ""attribute_name"": ""name"",
                                                                                        ""of"": ""e_director""
                                                                                      },
                                                                                      ""operator"": ""="",
                                                                                      {
                                                                                        ""left"": {
                                                                                          ""count_id"": ""e_movie"",
                                                                                          ""condition"": {
                                                                                        ""and_conditions"": [
                                                                                          {
                                                                                            ""left"": {
                                                                                              ""attribute_name"": ""name"",
                                                                                              ""of"": ""e_director""
                                                                                            },
                                                                                            ""operator"": ""="",
                                                                                            {
                                                                                              ""left"": {
                                                                                ""count_id"": ""e_movie"",
                                                                                ""condition"": {
                                                                                  ""and_conditions"": [
                                                                                    {
                                                                                      ""left"": {
                                                                                        ""attribute_name"": ""name"",
                                                                                        ""of"": ""e_director""
                                                                                      },
                                                                                      ""operator"": ""="",
                                                                                      {
                                                                                        ""left"": {
                                                                                          ""count_id"": ""e_movie"",
                                                                                          ""condition"": {
                                                                                        ""and_conditions"": [
                                                                                          {
                                                                                            ""left"": {
                                                                                              ""attribute_name"": ""name"",
                                                                                              ""of"": ""e_director""
                                                                                            },
                                                                                            ""operator"": ""="",
                                                                                            {
                                                                                              ""left"": {
                                                                                ""count_id"": ""e_movie"",
                                                                                ""condition"": {
                                                                                  ""and_conditions"": [
                                                                                    {
                                                                                      ""left"": {
                                                                                        ""attribute_name"": ""name"",
                                                                                        ""of"": ""e_director""
                                                                                      },
                                                                                      ""operator"": ""="",
                                                                                      {
                                                                                        ""left"": {
                                                                                          ""count_id"": ""e_movie"",
                                                                                          ""condition"": {
                                                                                        ""and_conditions"": [
                                                                                          {
                                                                                            ""left"": {
                                                                                              ""attribute_name"": ""name"",
                                                                                              ""of"": ""e_director""
                                                                                            },
                                                                                            ""operator"": ""="",
                                                                                            {
                                                                                              ""left"": {
                                                                                ""count_id"": ""e_movie"",
                                                                                ""condition"": {
                                                                                  ""and_conditions"": [
                                                                                    {
                                                                                      ""left"": {
                                                                                        ""attribute_name"": ""name"",
                                                                                        ""of"": ""e_director""
                                                                                      },
                                                                                      ""operator"": ""="",
                                                                                      {
                                                                                        ""left"": {
                                                                                          ""count_id"": ""e_movie"",
                                                                                          ""condition"": {
                                                                                        ""and_conditions"": [
                                                                                          {
                                                                                            ""left"": {
                                                                                              ""attribute_name"": ""name"",
                                                                                              ""of"": ""e_director""
                                                                                            },
                                                                                            ""operator"": ""="",
                                                                                            {
                                                                                              ""left"": {
                                                                                ""count_id"": ""e_movie"",
                                                                                ""condition"": {
                                                                                  ""and_conditions"": [
                                                                                    {
                                                                                      ""left"": {
                                                                                        ""attribute_name"": ""name"",
                                                                                        ""of"": ""e_director""
                                                                                      },
                                                                                      ""operator"": ""="",
                                                                                      {
                                                                                        ""left"": {
                                                                                          ""count_id"": ""e_movie"",
                                                                                          ""condition"": {
                                                                                        ""and_conditions"": [
                                                                                          {
                                                                                            ""left"": {
                                                                                              ""attribute_name"": ""name"",
                                                                                              ""of"": ""e_director""
                                                                                            },
                                                                                            ""operator"": ""="",
                                                                                            {
                                                                                              ""left"": {
                                                                                ""count_id"": ""e_movie"",
                                                                                ""condition"": {
                                                                                  ""and_conditions"": [
                                                                                    {
                                                                                      ""left"": {
                                                                                        ""attribute_name"": ""name"",
                                                                                        ""of"": ""e_director""
                                                                                      },
                                                                                      ""operator"": ""="",
                                                                                      {
                                                                                        ""left"": {
                                                                                          ""count_id"": ""e_movie"",
                                                                                          ""condition"": {
                                                                                        ""and_conditions"": [
                                                                                          {
                                                                                            ""left"": {
                                                                                              ""attribute_name"": ""name"",
                                                                                              ""of"": ""e_director""
                                                                                            },
                                                                                            ""operator"": ""="",
                                                                                            {
                                                                                              ""left"": {
                                                                                ""count_id"": ""e_movie"",
                                                                                ""condition"": {
                                                                                  ""and_conditions"": [
                                                                                    {
                                                                                      ""left"": {
                                                                                        ""attribute_name"": ""name"",
                                                                                        ""of"": ""e_director""
                                                                                      },
                                                                                      ""operator"": ""="",
                                                                                      {
                                                                                        ""left"": {
                                                                                          ""count_id"": ""e_movie"",
                                                                                          ""condition"": {
                                                                                        ""and_conditions"": [
                                                                                          {
                                                                                            ""left"": {
                                                                                              ""attribute_name"": ""name"",
                                                                                              ""of"": ""e_director""
                                                                                            },
                                                                                            ""operator"": ""="",
                                                                                            {
                                                                                              ""left"": {
                                                                                ""count_id"": ""e_movie"",
                                                                                ""condition"": {
                                                                                  ""and_conditions"": [
                                                                                    {
                                                                                      ""left"": {
                                                                                        ""attribute_name"": ""name"",
                                                                                        ""of"": ""e_director""
                                                                                      },
                                                                                      ""operator"": ""="",
                                                                                      {
                                                                                        ""left"": {
                                                                                          ""count_id"": ""e_movie"",
                                                                                          ""condition"": {
                                                                                        ""and_conditions"": [
                                                                                          {
                                                                                            ""left"": {
                                                                                              ""attribute_name"": ""name"",
                                                                                              ""of"": ""e_director""
                                                                                            },
                                                                                            ""operator"": ""="",
                                                                                            {
                                                                                              ""left"": {
                                                                                ""count_id"": ""e_movie"",
                                                                                ""condition"": {
                                                                                  ""and_conditions"": [
                                                                                    {
                                                                                      ""left"": {
                                                                                        ""attribute_name"": ""name"",
                                                                                        ""of"": ""e_director""
                                                                                      },
                                                                                      ""operator"": ""="",
                                                                                      {
                                                                                        ""left"": {
                                                                                          ""count_id"": ""e_movie"",
                                                                                          ""condition"": {
                                                                                        ""and_conditions"": [
                                                                                          {
                                                                                            ""left"": {
                                                                                              ""attribute_name"": ""name"",
                                                                                              ""of"": ""e_director""
                                                                                            },
                                                                                            ""operator"": ""="",
                                                                                            {
                                                                                              ""left"": {
                                                                                ""count_id"": ""e_movie"",
                                                                                ""condition"": {
                                                                                  ""and_conditions"": [
                                                                                    {
                                                                                      ""left"": {
                                                                                        ""attribute_name"": ""name"",
                                                                                        ""of"": ""e_director""
                                                                                      },
                                                                                      ""operator"": ""="",
                                                                                      {
                                                                                        ""left"": {
                                                                                          ""count_id"": ""e_movie"",
                                                                                          ""condition"": {
                                                                                        ""and_conditions"": [
                                                                                          {
                                                                                            ""left"": {
                                                                                              ""attribute_name"": ""name"",
                                                                                              ""of"": ""e_director""
                                                                                            },
                                                                                            ""operator"": ""="",
                                                                                            {
                                                                                              ""left"": {
                                                                                ""count_id"": ""e_movie"",
                                                                                ""condition"": {
                                                                                  ""and_conditions"": [
                                                                                    {
                                                                                      ""left"": {
                                                                                        ""attribute_name"": ""name"",
                                                                                        ""of"": ""e_director""
                                                                                      },
                                                                                      ""operator"": ""="",
                                                                                      {
                                                                                        ""left"": {
                                                                                          ""count_id"": ""e_movie"",
                                                                                          ""condition"": {
                                                                                        ""and_conditions"": [
                                                                                          {
                                                                                            ""left"": {
                                                                                              ""attribute_name"": ""name"",
                                                                                              ""of"": ""e_director""
                                                                                            },
                                                                                            ""operator"": ""="",
                                                                                            {
                                                                                              ""left"": {
                                                                                ""count_id"": ""e_movie"",
                                                                                ""condition"": {
                                                                                  ""and_conditions"": [
                                                                                    {
                                                                                      ""left"": {
                                                                                        ""attribute_name"": ""name"",
                                                                                        ""of"": ""e_director""
                                                                                      },
                                                                                      ""operator"": ""="",
                                                                                      {
                                                                                        ""left"": {
                                                                                          ""count_id"": ""e_movie"",
                                                                                          ""condition"": {
                                                                                        ""and_conditions"": [
                                                                                          {
                                                                                            ""left"": {
                                                                                              ""attribute_name"": ""name"",
                                                                                              ""of"": ""e_director""
                                                                                            },
                                                                                            ""operator"": ""="",
                                                                                            {
                                                                                              ""left"": {
                                                                                ""count_id"": ""e_movie"",
                                                                                ""condition"": {
                                                                                  ""and_conditions"": [
                                                                                    {
                                                                                      ""left"": {
                                                                                        ""attribute_name"": ""name"",
                                                                                        ""of"": ""e_director""
                                                                                      },
                                                                                      ""operator"": ""="",
                                                                                      {
                                                                                        ""left"": {
                                                                                          ""count_id"": ""e_movie"",
                                                                                          ""condition"": {
                                                                                        ""and_conditions"": [
                                                                                          {
                                                                                            ""left"": {
                                                                                              ""attribute_name"": ""name"",
                                                                                              ""of"": ""e_director""
                                                                                            },
                                                                                            ""operator"": ""="",
                                                                                            {
                                                                                              ""left"": {
                                                                                ""count_id"": ""e_movie"",
                                                                                ""condition"": {
                                                                                  ""and_conditions"": [
                                                                                    {
                                                                                      ""left"": {
                                                                                        ""attribute_name"": ""name"",
                                                                                        ""of"": ""e_director""
                                                                                      },
                                                                                      ""operator"": ""="",
                                                                                      {
                                                                                        ""left"": {
                                                                                          ""count_id"": ""e_movie"",
                                                                                          ""condition"": {
                                                                                        ""and_conditions"": [
                                                                                          {
                                                                                            ""left"": {
                                                                                              ""attribute_name"": ""name"",
                                                                                              ""of"": ""e_director""
                                                                                            },
                                                                                            ""operator"": ""="",
                                                                                            {
                                                                                              ""left"": {
                                                                                ""count_id"": ""e_movie"",
                                                                                ""condition"": {
                                                                                  ""and_conditions"": [
                                                                                    {
                                                                                      ""left"": {
                                                                                        ""attribute_name"": ""name"",
                                                                                        ""of"": ""e_director""
                                                                                      },
                                                                                      ""operator"": ""="",
                                                                                      {
                                                                                        ""left"": {
                                                                                          ""count_id"": ""e_movie"",
                                                                                          ""condition"": {
                                                                                        ""and_conditions"": [
                                                                                          {
                                                                                            ""left"": {
                                                                                              ""attribute_name"": ""name"",
                                                                                              ""of"": ""e_director""
                                                                                            },
                                                                                            ""operator"": ""="",
                                                                                            {
                                                                                              ""left"": {
                                                                                ""count_id"": ""e_movie"",
                                                                                ""condition"": {
                                                                                  ""and_conditions"": [
                                                                                    {
                                                                                      ""left"": {
                                                                                        ""attribute_name"": ""name"",
                                                                                        ""of"": ""e_director""
                                                                                      },
                                                                                      ""operator"": ""="",
                                                                                      {
                                                                                        ""left"": {
                                                                                          ""count_id"": ""e_movie"",
                                                                                          ""condition"": {
                                                                                        ""and_conditions"": [
                                                                                          {
                                                                                            ""left"": {
                                                                                              ""attribute_name"": ""name"",
                                                                                              ""of"": ""e_director""
                                                                                            },
                                                                                            ""operator"": ""="",
                                                                                            {
                                                                                              ""left"": {
                                                                                ""count_id"": ""e_movie"",
                                                                                ""condition"": {
                                                                                  ""and_conditions"": [
                                                                                    {
                                                                                      ""left"": {
                                                                                        ""attribute_name"": ""name"",
                                                                                        ""of"": ""e_director""
                                                                                      },
                                                                                      ""operator"": ""="",
                                                                                      {
                                                                                        ""left"": {
                                                                                          ""count_id"": ""e_movie"",
                                                                                          ""condition"": {
                                                                                        ""and_conditions"": [
                                                                                          {
                                                                                            ""left"": {
                                                                                              ""attribute_name"": ""name"",
                                                                                              ""of"": ""e_director""
                                                                                            },
                                                                                            ""operator"": ""="",
                                                                                            {
                                                                                              ""left"": {
                                                                                ""count_id"": ""e_movie"",
                                                                                ""condition"": {
                                                                                  ""and_conditions"": [
                                                                                    {
                                                                                      ""left"": {
                                                                                        ""attribute_name"": ""name"",
                                                                                        ""of"": ""e_director""
                                                                                      },
                                                                                      ""operator"": ""="",
                                                                                      {
                                                                                        ""left"": {
                                                                                          ""count_id"": ""e_movie"",
                                                                                          ""condition"": {
                                                                                        ""and_conditions"": [
                                                                                          {
                                                                                            ""left"": {
                                                                                              ""attribute_name"": ""name"",
                                                                                              ""of"": ""e_director""
                                                                                            },
                                                                                            ""operator"": ""="",
                                                                                            {
                                                                                              ""left"": {
                                                                                ""count_id"": ""e_movie"",
                                                                                ""condition"": {
                                                                                  ""and_conditions"": [
                                                                                    {
                                                                                      ""left"": {
                                                                                        ""attribute_name"": ""name"",
                                                                                        ""of"": ""e_director""
                                                                                      },
                                                                                      ""operator"": ""="",
                                                                                      {
                                                                                        ""left"": {
                                                                                          ""count_id"": ""e_movie"",
                                                                                          ""condition"": {
                                                                                        ""and_conditions"": [
                                                                                          {
                                                                                            ""left"": {
                                                                                              ""attribute_name"": ""name"",
                                                                                              ""of"": ""e_director""
                                                                                            },
                                                                                            ""operator"": ""="",
                                                                                            {
                                                                                              ""left"": {
                                                                                ""count_id"": ""e_movie"",
                                                                                ""condition"": {
                                                                                  ""and_conditions"": [
                                                                                    {
                                                                                      ""left"": {
                                                                                        ""attribute_name"": ""name"",
                                                                                        ""of"": ""e_director""
                                                                                      },
                                                                                      ""operator"": ""="",
                                                                                      {
                                                                                        ""left"": {
                                                                                          ""count_id"": ""e_movie"",
                                                                                          ""condition"": {
                                                                                        ""and_conditions"": [
                                                                                          {
                                                                                            ""left"": {
                                                                                              ""attribute_name"": ""name"",
                                                                                              ""of"": ""e_director""
                                                                                            },
                                                                                            ""operator"": ""="",
                                                                                            {
                                                                                              ""left"": {
                                                                                ""count_id"": ""e_movie"",
                                                                                ""condition"": {
                                                                                  ""and_conditions"": [
                                                                                    {
                                                                                      ""left"": {
                                                                                        ""attribute_name"": ""name"",
                                                                                        ""of"": ""e_director""
                                                                                      },
                                                                                      ""operator"": ""="",
                                                                                      {
                                                                                        ""left"": {
                                                                                          ""count_id"": ""e_movie"",
                                                                                          ""condition"": {
                                                                                        ""and_conditions"": [
                                                                                          {
                                                                                            ""left"": {
                                                                                              ""attribute_name"": ""name"",
                                                                                              ""of"": ""e_director""
                                                                                            },
                                                                                            ""operator"": ""="",
                                                                                            {
                                                                                              ""left"": {
                                                                                ""count_id"": ""e_movie"",
                                                                                ""condition"": {
                                                                                  ""and_conditions"": [
                                                                                    {
                                                                                      ""left"": {
                                                                                        ""attribute_name"": ""name"",
                                                                                        ""of"": ""e_director""
                                                                                      },
                                                                                      ""operator"": ""="",
                                                                                      {
                                                                                        ""left"": {
                                                                                          ""count_id"": ""e_movie"",
                                                                                          ""condition"": {
                                                                                        ""and_conditions"": [
                                                                                          {
                                                                                            ""left"": {
                                                                                              ""attribute_name"": ""name"",
                                                                                              ""of"": ""e_director""
                                                                                            },
                                                                                            ""operator"": ""="",
                                                                                            {
                                                                                              ""left"": {
                                                                                ""count_id"": ""e_movie"",
                                                                                ""condition"": {
                                                                                  ""and_conditions"": [
                                                                                    {
                                                                                      ""left"": {
                                                                                        ""attribute_name"": ""name"",
                                                                                        ""of"": ""e_director""
                                                                                      },
                                                                                      ""operator"": ""="",
                                                                                      {
                                                                                        ""left"": {
                                                                                          ""count_id"": ""e_movie"",
                                                                                          ""condition"": {
                                                                                        ""and_conditions"": [
                                                                                          {
                                                                                            ""left"": {
                                                                                              ""attribute_name"": ""name"",
                                                                                              ""of"": ""e_director""
                                                                                            },
                                                                                            ""operator"": ""="",
                                                                                            {
                                                                                              ""left"": {
                                                                                ""count_id"": ""e_movie"",
                                                                                ""condition"": {
                                                                                  ""and_conditions"": [
                                                                                    {
                                                                                      ""left"": {
                                                                                        ""attribute_name"": ""name"",
                                                                                        ""of"": ""e_director""
                                                                                      },
                                                                                      ""operator"": ""="",
                                                                                      {
                                                                                        ""left"": {
                                                                                          ""count_id"": ""e_movie"",
                                                                                          ""condition"": {
                                                                                        ""and_conditions"": [
                                                                                          {
                                                                                            ""left"": {
                                                                                              ""attribute_name"": ""name"",
                                                                                              ""of"": ""e_director""
                                                                                            },
                                                                                            ""operator"": ""="",
                                                                                            {
                                                                                              ""left"": {
                                                                                ""count_id"": ""e_movie"",
                                                                                ""condition"": {
                                                                                  ""and_conditions"": [
                                                                                    {
                                                                                      ""left"": {
                                                                                        ""attribute_name"": ""name"",
                                                                                        ""of"": ""e_director""
                                                                                      },
                                                                                      ""operator"": ""="",
                                                                                      {
                                                                                        ""left"": {
                                                                                          ""count_id"": ""e_movie"",
                                                                                          ""condition"": {
                                                                                        ""and_conditions"": [
                                                                                          {
                                                                                            ""left"": {
                                                                                              ""attribute_name"": ""name"",
                                                                                              ""of"": ""e_director""
                                                                                            },
                                                                                            ""operator"": ""="",
                                                                                            {
                                                                                              ""left"": {
                                                                                ""count_id"": ""e_movie"",
                                                                                ""condition"": {
                                                                                  ""and_conditions"": [
                                                                                    {
                                                                                      ""left"": {
                                                                                        ""attribute_name"": ""name"",
                                                                                        ""of"": ""e_director""
                                                                                      },
                                                                                      ""operator"": ""="",
                                                                                      {
                                                                                        ""left"": {
                                                                                          ""count_id"": ""e_movie"",
                                                                                          ""condition"": {
                                                                                        ""and_conditions"": [
                                                                                          {
                                                                                            ""left"": {
                                                                                              ""attribute_name"": ""name"",
                                                                                              ""of"": ""e_director""
                                                                                            },
                                                                                            ""operator"": ""="",
                                                                                            {
                                                                                              ""left"": {
                                                                                ""count_id"": ""e_movie"",
                                                                                ""condition"": {
                                                                                  ""and_conditions"": [
                                                                                    {
                                                                                      ""left"": {
                                                                                        ""attribute_name"": ""name"",
                                                                                        ""of"": ""e_director""
                                                                                      },
                                                                                      ""operator"": ""="",
                                                                                      {
                                                                                        ""left"": {
                                                                                          ""count_id"": ""e_movie"",
                                                                                          ""condition"": {
                                                                                        ""and_conditions"": [
                                                                                          {
                                                                                            ""left"": {
                                                                                              ""attribute_name"": ""name"",
                                                                                              ""of"": ""e_director""
                                                                                            },
                                                                                            ""operator"": ""="",
                                                                                            {
                                                                                              ""left"": {
                                                                                ""count_id"": ""e_movie"",
                                                                                ""condition"": {
                                                                                  ""and_conditions"": [
                                                                                    {
                                                                                      ""left"": {
                                                                                        ""attribute_name"": ""name"",
                                                                                        ""of"": ""e_director""
                                                                                      },
                                                                                      ""operator"": ""="",
                                                                                      {
                                                                                        ""left"": {
                                                                                          ""count_id"": ""e_movie"",
                                                                                          ""condition"": {
                                                                                        ""and_conditions"": [
                                                                                          {
                                                                                            ""left"": {
                                                                                              ""attribute_name"": ""name"",
                                                                                              ""of"": ""e_director""
                                                                                            },
                                                                                            ""operator"": ""="",
                                                                                            {
                                                                                              ""left"": {
                                                                                ""count_id"": ""e_movie"",
                                                                                ""condition"": {
                                                                                  ""and_conditions"": [
                                                                                    {
                                                                                      ""left"": {
                                                                                        ""attribute_name"": ""name"",
                                                                                        ""of"": ""e_director""
                                                                                      },
                                                                                      ""operator"": ""="",
                                                                                      {
                                                                                        ""left"": {
                                                                                          ""count_id"": ""e_movie"",
                                                                                          ""condition"": {
                                                                                        ""and_conditions"": [
                                                                                          {
                                                                                            ""left"": {
                                                                                              ""attribute_name"": ""name"",
                                                                                              ""of"": ""e_director""
                                                                                            },
                                                                                            ""operator"": ""="",
                                                                                            {
                                                                                              ""left"": {
                                                                                ""count_id"": ""e_movie"",
                                                                                ""condition"": {
                                                                                  ""and_conditions"": [
                                                                                    {
                                                                                      ""left"": {
                                                                                        ""attribute_name"": ""name"",
                                                                                        ""of"": ""e_director""
                                                                                      },
                                                                                      ""operator"": ""="",
                                                                                      {
                                                                                        ""left"": {
                                                                                          ""count_id"": ""e_movie"",
                                                                                          ""condition"": {
                                                                                        ""and_conditions"": [
                                                                                          {
                                                                                            ""left"": {
                                                                                              ""attribute_name"": ""name"",
                                                                                              ""of"": ""e_director""
                                                                                            },
                                                                                            ""operator"": ""="",
                                                                                            {
                                                                                              ""left"": {
                                                                                ""count_id"": ""e_movie"",
                                                                                ""condition"": {
                                                                                  ""and_conditions"": [
                                                                                    {
                                                                                      ""left"": {
                                                                                        ""attribute_name"": ""name"",
                                                                                        ""of"": ""e_director""
                                                                                      },
                                                                                      ""operator"": ""="",
                                                                                      {
                                                                                        ""left"": {
                                                                                          ""count_id"": ""e_movie"",
                                                                                          ""condition"": {
                                                                                        ""and_conditions"": [
                                                                                          {
                                                                                            ""left"": {
                                                                                              ""attribute_name"": ""name"",
                                                                                              ""of"": ""e_director""
                                                                                            },
                                                                                            ""operator"": ""="",
                                                                                            {
                                                                                              ""left"": {
                                                                                ""count_id"": ""e_movie"",
                                                                                ""condition"": {
                                                                                  ""and_conditions"": [
                                                                                    {
                                                                                      ""left"": {
                                                                                        ""attribute_name"": ""name"",
                                                                                        ""of"": ""e_director""
                                                                                      },
                                                                                      ""operator"": ""="",
                                                                                      {
                                                                                        ""left"": {
                                                                                          ""count_id"": ""e_movie"",
                                                                                          ""condition"": {
                                                                                        ""and_conditions"": [
                                                                                          {
                                                                                            ""left"": {
                                                                                              ""attribute_name"": ""name"",
                                                                                              ""of"": ""e_director""
                                                                                            },
                                                                                            ""operator"": ""="",
                                                                                            {
                                                                                              ""left"": {
                                                                                ""count_id"": ""e_movie"",
                                                                                ""condition"": {
                                                                                  ""and_conditions"": [
                                                                                    {
                                                                                      ""left"": {
                                                                                        ""attribute_name"": ""name"",
                                                                                        ""of"": ""e_director""
                                                                                      },
                                                                                      ""operator"": ""="",
                                                                                      {
                                                                                        ""left"": {
                                                                                          ""count_id"": ""e_movie"",
                                                                                          ""condition"": {
                                                                                        ""and_conditions"": [
                                                                                          {
                                                                                            ""left"": {
                                                                                              ""attribute_name"": ""name"",
                                                                                              ""of"": ""e_director""
                                                                                            },
                                                                                            ""operator"": ""="",
                                                                                            {
                                                                                              ""left"": {
                                                                                ""count_id"": ""e_movie"",
                                                                                ""condition"": {
                                                                                  ""and_conditions"": [
                                                                                    {
                                                                                      ""left"": {
                                                                                        ""attribute_name"": ""name"",
                                                                                        ""of"": ""e_director""
                                                                                      },
                                                                                      ""operator"": ""="",
                                                                                      {
                                                                                        ""left"": {
                                                                                          ""count_id"": ""e_movie"",
                                                                                          ""condition"": {
                                                                                        ""and_conditions"": [
                                                                                          {
                                                                                            ""left"": {
                                                                                              ""attribute_name"": ""name"",
                                                                                              ""of"": ""e_director""
                                                                                            },
                                                                                            ""operator"": ""="",
                                                                                            {
                                                                                              ""left"": {
                                                                                ""count_id"": ""e_movie"",
                                                                                ""condition"": {
                                                                                  ""and_conditions"": [
                                                                                    {
                                                                                      ""left"": {
                                                                                        ""attribute_name"": ""name"",
                                                                                        ""of"": ""e_director""
                                                                                      },
                                                                                      ""operator"": ""="",
                                                                                      {
                                                                                        ""left"": {
                                                                                          ""count_id"": ""e_movie"",
                                                                                          ""condition"": {
                                                                                        ""and_conditions"": [
                                                                                          {
                                                                                            ""left"": {
                                                                                              ""attribute_name"": ""name"",
                                                                                              ""of"": ""e_director""
                                                                                            },
                                                                                            ""operator"": ""="",
                                                                                            {
                                                                                              ""left"": {
                                                                                ""count_id"": ""e_movie"",
                                                                                ""condition"": {
                                                                                  ""and_conditions"": [
                                                                                    {
                                                                                      ""left"": {
                                                                                        ""attribute_name"": ""name"",
                                                                                        ""of"": ""e_director""
                                                                                      },
                                                                                      ""operator"": ""="",
                                                                                      {
                                                                                        ""left"": {
                                                                                          ""count_id"": ""e_movie"",
                                                                                          ""condition"": {
                                                                                        ""and_conditions"": [
                                                                                          {
                                                                                            ""left"": {
                                                                                              ""attribute_name"": ""name"",
                                                                                              ""of"": ""e_director""
                                                                                            },
                                                                                            ""operator"": ""="",
                                                                                            {
                                                                                              ""left"": {
                                                                                ""count_id"": ""e_movie"",
                                                                                ""condition"": {
                                                                                  ""and_conditions"": [
                                                                                    {
                                                                                      ""left"": {
                                                                                        ""attribute_name"": ""name"",
                                                                                        ""of"": ""e_director""
                                                                                      },
                                                                                      ""operator"": ""="",
                                                                                      {
                                                                                        ""left"": {
                                                                                          ""count_id"": ""e_movie"",
                                                                                          ""condition"": {
                                                                                        ""and_conditions"": [
                                                                                          {
                                                                                            ""left"": {
                                                                                              ""attribute_name"": ""name"",
                                                                                              ""of"": ""e_director""
                                                                                            },
                                                                                            ""operator"": ""="",
                                                                                            {
                                                                                              ""left"": {
                                                                                ""count_id"": ""e_movie"",
                                                                                ""condition"": {
                                                                                  ""and_conditions"": [
                                                                                    {
                                                                                      ""left"": {
                                                                                        ""attribute_name"": ""name"",
                                                                                        ""of"": ""e_director""
                                                                                      },
                                                                                      ""operator"": ""="",
                                                                                      {
                                                                                        ""left"": {
                                                                                          ""count_id"": ""e_movie"",
                                                                                          ""condition"": {
                                                                                        ""and_conditions"": [
                                                                                          {
                                                                                            ""left"": {
                                                                                              ""attribute_name"": ""name"",
                                                                                              ""of"": ""e_director""
                                                                                            },
                                                                                            ""operator"": ""="",
                                                                                            {
                                                                                              ""left"": {
                                                                                ""count_id"": ""e_movie"",
                                                                                ""condition"": {
                                                                                  ""and_conditions"": [
                                                                                    {
                                                                                      ""left"": {
                                                                                        ""attribute_name"": ""name"",
                                                                                        ""of"": ""e_director""
                                                                                      },
                                                                                      ""operator"": ""="",
                                                                                      {
                                                                                        ""left"": {
                                                                                          ""count_id"": ""e_movie"",
                                                                                          ""condition"": {
                                                                                        ""and_conditions"": [
                                                                                          {
                                                                                            ""left"": {
                                                                                              ""attribute_name"": ""name"",
                                                                                              ""of"": ""e_director""
                                                                                            },
                                                                                            ""operator"": ""="",
                                                                                            {
                                                                                              ""left"": {
                                                                                ""count_id"": ""e_movie"",
                                                                                ""condition"": {
                                                                                  ""and_conditions"": [
                                                                                    {
                                                                                      ""left"": {
                                                                                        ""attribute_name"": ""name"",
                                                                                        ""of"": ""e_director""
                                                                                      },
                                                                                      ""operator"": ""="",
                                                                                      {
                                                                                        ""left"": {
                                                                                          ""count_id"": ""e_movie"",
                                                                                          ""condition"": {
                                                                                        ""and_conditions"": [
                                                                                          {
                                                                                            ""left"": {
                                                                                              ""attribute_name"": ""name"",
                                                                                              ""of"": ""e_director""
                                                                                            },
                                                                                            ""operator"": ""="",
                                                                                            {
                                                                                              ""left"": {
                                                                                ""count_id"": ""e_movie"",
                                                                                ""condition"": {
                                                                                  ""and_conditions"": [
                                                                                    {
                                                                                      ""left"": {
                                                                                        ""attribute_name"": ""name"",
                                                                                        ""of"": ""e_director""
                                                                                      },
                                                                                      ""operator"": ""="",
                                                                                      {
                                                                                        ""left"": {
                                                                                          ""count_id"": ""e_movie"",
                                                                                          ""condition"": {
                                                                                        ""and_conditions"": [
                                                                                          {
                                                                                            ""left"": {
                                                                                              ""attribute_name"": ""name"",
                                                                                              ""of"": ""e_director""
                                                                                            },
                                                                                            ""operator"": ""="",
                                                                                            {
                                                                                              ""left"": {
                                                                                ""count_id"": ""e_movie"",
                                                                                ""condition"": {
                                                                                  ""and_conditions"": [
                                                                                    {
                                                                                      ""left"": {
                                                                                        ""attribute_name"": ""name"",
                                                                                        ""of"": ""e_director""
                                                                                      },
                                                                                      ""operator"": ""="",
                                                                                      {
                                                                                        ""left"": {
                                                                                          ""count_id"": ""e_movie"",
                                                                                          ""condition"": {
                                                                                        ""and_conditions"": [
                                                                                          {
                                                                                            ""left"": {
                                                                                              ""attribute_name"": ""name"",
                                                                                              ""of"": ""e_director""
                                                                                            },
                                                                                            ""operator"": ""="",
                                                                                            {
                                                                                              ""left"": {
                                                                                ""count_id"": ""e_movie"",
                                                                                ""condition"": {
                                                                                  ""and_conditions"": [
                                                                                    {
                                                                                      ""left"": {
                                                                                        ""attribute_name"": ""name"",
                                                                                        ""of"": ""e_director""
                                                                                      },
                                                                                      ""operator"": ""="",
                                                                                      {
                                                                                        ""left"": {
                                                                                          ""count_id"": ""e_movie"",
                                                                                          ""condition"": {
                                                                                        ""and_conditions"": [
                                                                                          {
                                                                                            ""left"": {
                                                                                              ""attribute_name"": ""name"",
                                                                                              ""of"": ""e_director""
                                                                                            },
                                                                                            ""operator"": ""="",
                                                                                            {
                                                                                              ""left"": {
                                                                                ""count_id"": ""e_movie"",
                                                                                ""condition"": {
                                                                                  ""and_conditions"": [
                                                                                    {
                                                                                      ""left"": {
                                                                                        ""attribute_name"": ""name"",
                                                                                        ""of"": ""e_director""
                                                                                      },
                                                                                      ""operator"": ""="",
                                                                                      {
                                                                                        ""left"": {
                                                                                          ""count_id"": ""e_movie"",
                                                                                          ""condition"": {
                                                                                        ""and_conditions"": [
                                                                                          {
                                                                                            ""left"": {
                                                                                              ""attribute_name"": ""name"",
                                                                                              ""of"": ""e_director""
                                                                                            },
                                                                                            ""operator"": ""="",
                                                                                            {
                                                                                              ""left"": {
                                                                                ""count_id"": ""e_movie"",
                                                                                ""condition"": {
                                                                                  ""and_conditions"": [
                                                                                    {
                                                                                      ""left"": {
                                                                                        ""attribute_name"": ""name"",
                                                                                        ""of"": ""e_director""
                                                                                      },
                                                                                      ""operator"": ""="",
                                                                                      {
                                                                                        ""left"": {
                                                                                          ""count_id"": ""e_movie"",
                                                                                          ""condition"": {
                                                                                        ""and_conditions"": [
                                                                                          {
                                                                                            ""left"": {
                                                                                              ""attribute_name"": ""name"",
                                                                                              ""of"": ""e_director""
                                                                                            },
                                                                                            ""operator"": ""="",
                                                                                            {
                                                                                              ""left"": {
                                                                                ""count_id"": ""e_movie"",
                                                                                ""condition"": {
                                                                                  ""and_conditions"": [
                                                                                    {
                                                                                      ""left"": {
                                                                                        ""attribute_name"": ""name"",
                                                                                        ""of"": ""e_director""
                                                                                      },
                                                                                      ""operator"": ""="",
                                                                                      {
                                                                                        ""left"": {
                                                                                          ""count_id"": ""e_movie"",
                                                                                          ""condition"": {
                                                                                        ""and_conditions"": [
                                                                                          {
                                                                                            ""left"": {
                                                                                              ""attribute_name"": ""name"",
                                                                                              ""of"": ""e_director""
                                                                                            },
                                                                                            ""operator"": ""="",
                                                                                            {
                                                                                              ""left"": {
                                                                                ""count_id"": ""e_movie"",
                                                                                ""condition"": {
                                                                                  ""and_conditions"": [
                                                                                    {
                                                                                      ""left"": {
                                                                                        ""attribute_name"": ""name"",
                                                                                        ""of"": ""e_director""
                                                                                      },
                                                                                      ""operator"": ""="",
                                                                                      {
                                                                                        ""left"": {
                                                                                          ""count_id"": ""e_movie"",
                                                                                          ""condition"": {
                                                                                        ""and_conditions"": [
                                                                                          {
                                                                                            ""left"": {
                                                                                              ""attribute_name"": ""name"",
                                                                                              ""of"": ""e_director""
                                                                                            },
                                                                                            ""operator"": ""="",
                                                                                            {
                                                                                              ""left"": {
                                                                                ""count_id"": ""e_movie"",
                                                                                ""condition"": {
                                                                                  ""and_conditions"": [
                                                                                    {
                                                                                      ""left"": {
                                                                                        ""attribute_name"": ""name"",
                                                                                        ""of"": ""e_director""
                                                                                      },
                                                                                      ""operator"": ""="",
                                                                                      {
                                                                                        ""left"": {
                                                                                          ""count_id"": ""e_movie"",
                                                                                          ""condition"": {
                                                                                        ""and_conditions"": [
                                                                                          {
                                                                                            ""left"": {
                                                                                              ""attribute_name"": ""name"",
                                                                                              ""of"": ""e_director""
                                                                                            },
                                                                                            ""operator"": ""="",
                                                                                            {
                                                                                              ""left"": {
                                                                                ""count_id"": ""e_movie"",
                                                                                ""condition"": {
                                                                                  ""and_conditions"": [
                                                                                    {
                                                                                      ""left"": {
                                                                                        ""attribute_name"": ""name"",
                                                                                        ""of"": ""e_director""
                                                                                      },
                                                                                      ""operator"": ""="",
                                                                                      {
                                                                                        ""left"": {
                                                                                          ""count_id"": ""e_movie"",
                                                                                          ""condition"": {
                                                                                        ""and_conditions"": [
                                                                                          {
                                                                                            ""left"": {
                                                                                              ""attribute_name"": ""name"",
                                                                                              ""of"": ""e_director""
                                                                                            },
                                                                                            ""operator"": ""="",
                                                                                            {
                                                                                              ""left"": {
                                                                                ""count_id"": ""e_movie"",
                                                                                ""condition"": {
                                                                                  ""and_conditions"": [
                                                                                    {
                                                                                      ""left"": {
                                                                                        ""attribute_name"": ""name"",
                                                                                        ""of"": ""e_director""
                                                                                      },
                                                                                      ""operator"": ""="",
                                                                                      {
                                                                                        ""left"": {
                                                                                          ""count_id"": ""e_movie"",
                                                                                          ""condition"": {
                                                                                        ""and_conditions"": [
                                                                                          {
                                                                                            ""left"": {
                                                                                              ""attribute_name"": ""name"",
                                                                                              ""of"": ""e_director""
                                                                                            },
                                                                                            ""operator"": ""="",
                                                                                            {
                                                                                              ""left"": {
                                                                                ""count_id"": ""e_movie"",
                                                                                ""condition"": {
                                                                                  ""and_conditions"": [
                                                                                    {
                                                                                      ""left"": {
                                                                                        ""attribute_name"": ""name"",
                                                                                        ""of"": ""e_director""
                                                                                      },
                                                                                      ""operator"": ""="",
                                                                                      {
                                                                                        ""left"": {
                                                                                          ""count_id"": ""e_movie"",
                                                                                          ""condition"": {
                                                                                        ""and_conditions"": [
                                                                                          {
                                                                                            ""left"": {
                                                                                              ""attribute_name"": ""name"",
                                                                                              ""of"": ""e_director""
                                                                                            },
                                                                                            ""operator"": ""="",
                                                                                            {
                                                                                              ""left"": {
                                                                                ""count_id"": ""e_movie"",
                                                                                ""condition"": {
                                                                                  ""and_conditions"": [
                                                                                    {
                                                                                      ""left"": {
                                                                                        ""attribute_name"": ""name"",
                                                                                        ""of"": ""e_director""
                                                                                      },
                                                                                      ""operator"": ""="",
                                                                                      {
                                                                                        ""left"": {
                                                                                          ""count_id"": ""e_movie"",
                                                                                          ""condition"": {
                                                                                        ""and_conditions"": [
                                                                                          {
                                                                                            ""left"": {
                                                                                              ""attribute_name"": ""name"",
                                                                                              ""of"": ""e_director""
                                                                                            },
                                                                                            ""operator"": ""="",
                                                                                            {
                                                                                              ""left"": {
                                                                                ""count_id"": ""e_movie"",
                                                                                ""condition"": {
                                                                                  ""and_conditions"": [
                                                                                    {
                                                                                      ""left"": {
                                                                                        ""attribute_name"": ""name"",
                                                                                        ""of"": ""e_director""
                                                                                      },
                                                                                      ""operator"": ""="",
                                                                                      {
                                                                                        ""left"": {
                                                                                          ""count_id"": ""e_movie"",
                                                                                          ""condition"": {
                                                                                        ""and_conditions"": [
                                                                                          {
                                                                                            ""left"": {
                                                                                              ""attribute_name"": ""name"",
                                                                                              ""of"": ""e_director""
                                                                                            },
                                                                                            ""operator"": ""="",
                                                                                            {
                                                                                              ""left"": {
                                                                                ""count_id"": ""e_movie"",
                                                                                ""condition"": {
                                                                                  ""and_conditions"": [
                                                                                    {
                                                                                      ""left"": {
                                                                                        ""attribute_name"": ""name"",
                                                                                        ""of"": ""e_director""
                                                                                      },
                                                                                      ""operator"": ""="",
                                                                                      {
                                                                                        ""left"": {
                                                                                          ""count_id"": ""e_movie"",
                                                                                          ""condition"": {
                                                                                        ""and_conditions"": [
                                                                                          {
                                                                                            ""left"": {
                                                                                              ""attribute_name"": ""name"",
                                                                                              ""of"": ""e_director""
                                                                                            },
                                                                                            ""operator"": ""="",
                                                                                            {
                                                                                              ""left"": {
                                                                                ""count_id"": ""e_movie"",
                                                                                ""condition"": {
                                                                                  ""and_conditions"": [
                                                                                    {
                                                                                      ""left"": {
                                                                                        ""attribute_name"": ""name"",
                                                                                        ""of"": ""e_director""
                                                                                      },
                                                                                      ""operator"": ""="",
                                                                                      {
                                                                                        ""left"": {
                                                                                          ""count_id"": ""e_movie"",
                                                                                          ""condition"": {
                                                                                        ""and_conditions"": [
                                                                                          {
                                                                                            ""left"": {
                                                                                              ""attribute_name"": ""name"",
                                                                                              ""of"": ""e_director""
                                                                                            },
                                                                                            ""operator"": ""="",
                                                                                            {
                                                                                              ""left"": {
                                                                                ""count_id"": ""e_movie"",
                                                                                ""condition"": {
                                                                                  ""and_conditions"": [
                                                                                    {
                                                                                      ""left"": {
                                                                                        ""attribute_name"": ""name"",
                                                                                        ""of"": ""e_director""
                                                                                      },
                                                                                      ""operator"": ""="",
                                                                                      {
                                                                                        ""left"": {
                                                                                          ""count_id"": ""e_movie"",
                                                                                          ""condition"": {
                                                                                        ""and_conditions"": [
                                                                                          {
                                                                                            ""left"": {
                                                                                              ""attribute_name"": ""name"",
                                                                                              ""of"": ""e_director""
                                                                                            },
                                                                                            ""operator"": ""="",
                                                                                            {
                                                                                              ""left"": {
                                                                                ""count_id"": ""e_movie"",
                                                                                ""condition"": {
                                                                                  ""and_conditions"": [
                                                                                    {
                                                                                      ""left"": {
                                                                                        ""attribute_name"": ""name"",
                                                                                        ""of"": ""e_director""
                                                                                      },
                                                                                      ""operator"": ""="",
                                                                                      {
                                                                                        ""left"": {
                                                                                          ""count_id"": ""e_movie"",
                                                                                          ""condition"": {
                                                                                        ""and_conditions"": [
                                                                                          {
                                                                                            ""left"": {
                                                                                              ""attribute_name"": ""name"",
                                                                                              ""of"": ""e_director""
                                                                                            },
                                                                                            ""operator"": ""="",
                                                                                            {
                                                                                              ""left"": {
                                                                                ""count_id"": ""e_movie"",
                                                                                ""condition"": {
                                                                                  ""and_conditions"": [
                                                                                    {
                                                                                      ""left"": {
                                                                                        ""attribute_name"": ""name"",
                                                                                        ""of"": ""e_director""
                                                                                      },
                                                                                      ""operator"": ""="",
                                                                                      {
                                                                                        ""left"": {
                                                                                          ""count_id"": ""e_movie"",
                                                                                          ""condition"": {
                                                                                        ""and_conditions"": [
                                                                                          {
                                                                                            ""left"": {
                                                                                              ""attribute_name"": ""name"",
                                                                                              ""of"": ""e_director""
                                                                                            },
                                                                                            ""operator"": ""="",
                                                                                            {
                                                                                              ""left"": {
                                                                                ""count_id"": ""e_movie"",
                                                                                ""condition"": {
                                                                                  ""and_conditions"": [
                                                                                    {
                                                                                      ""left"": {
                                                                                        ""attribute_name"": ""name"",
                                                                                        ""of"": ""e_director""
                                                                                      },
                                                                                      ""operator"": ""="",
                                                                                      {
                                                                                        ""left"": {
                                                                                          ""count_id"": ""e_movie"",
                                                                                          ""condition"": {
                                                                                        ""and_conditions"": [
                                                                                          {
                                                                                            ""left"": {
                                                                                              ""attribute_name"": ""name"",
                                                                                              ""of"": ""e_director""
                                                                                            },
                                                                                            ""operator"": ""="",
                                                                                            {
                                                                                              ""left"": {
                                                                                ""count_id"": ""e_movie"",
                                                                                ""condition"": {
                                                                                  ""and_conditions"": [
                                                                                    {
                                                                                      ""left"": {
                                                                                        ""attribute_name"": ""name"",
                                                                                        ""of"": ""e_director""
                                                                                      },
                                                                                      ""operator"": ""="",
                                                                                      {
                                                                                        ""left"": {
                                                                                          ""count_id"": ""e_movie"",
                                                                                          ""condition"": {
                                                                                        ""and_conditions"": [
                                                                                          {
                                                                                            ""left"": {
                                                                                              ""attribute_name"": ""name"",
                                                                                              ""of"": ""e_director""
                                                                                            },
                                                                                            ""operator"": ""="",
                                                                                            {
                                                                                              ""left"": {
                                                                                ""count_id"": ""e_movie"",
                                                                                ""condition"": {
                                                                                  ""and_conditions"": [
                                                                                    {
                                                                                      ""left"": {
                                                                                        ""attribute_name"": ""name"",
                                                                                        ""of"": ""e_director""
                                                                                      },
                                                                                      ""operator"": ""="",
                                                                                      {
                                                                                        ""left"": {
                                                                                          ""count_id"": ""e_movie"",
                                                                                          ""condition"": {
                                                                                        ""and_conditions"": [
                                                                                          {
                                                                                            ""left"": {
                                                                                              ""attribute_name"": ""name"",
                                                                                              ""of"": ""e_director""
                                                                                            },
                                                                                            ""operator"": ""="",
                                                                                            {
                                                                                              ""left"": {
                                                                                ""count_id"": ""e_movie"",
                                                                                ""condition"": {
                                                                                  ""and_conditions"": [
                                                                                    {
                                                                                      ""left"": {
                                                                                        ""attribute_name"": ""name"",
                                                                                        ""of"": ""e_director""
                                                                                      },
                                                                                      ""operator"": ""="",
                                                                                      {
                                                                                        ""left"": {
                                                                                          ""count_id"": ""e_movie"",
                                                                                          ""condition"": {
                                                                                        ""and_conditions"": [
                                                                                          {
                                                                                            ""left"": {
                                                                                              ""attribute_name"": ""name"",
                                                                                              ""of"": ""e_director""
                                                                                            },
                                                                                            ""operator"": ""="",
                                                                                            {
                                                                                              ""left"": {
                                                                                ""count_id"": ""e_movie"",
                                                                                ""condition"": {
                                                                                  ""and_conditions"": [
                                                                                    {
                                                                                      ""left"": {
                                                                                        ""attribute_name"": ""name"",
                                                                                        ""of"": ""e_director""
                                                                                      },
                                                                                      ""operator"": ""="",
                                                                                      {
                                                                                        ""left"": {
                                                                                          ""count_id"": ""e_movie"",
                                                                                          ""condition"": {
                                                                                        ""and_conditions"": [
                                                                                          {
                                                                                            ""left"": {
                                                                                              ""attribute_name"": ""name"",
                                                                                              ""of"": ""e_director""
                                                                                            },
                                                                                            ""operator"": ""="",
                                                                                            {
                                                                                              ""left"": {
                                                                                ""count_id"": ""e_movie"",
                                                                                ""condition"": {
                                                                                  ""and_conditions"": [
                                                                                    {
                                                                                      ""left"": {
                                                                                        ""attribute_name"": ""name"",
                                                                                        ""of"": ""e_director""
                                                                                      },
                                                                                      ""operator"": ""="",
                                                                                      {
                                                                                        ""left"": {
                                                                                          ""count_id"": ""e_movie"",
                                                                                          ""condition"": {
                                                                                        ""and_conditions"": [
                                                                                          {
                                                                                            ""left"": {
                                                                                              ""attribute_name"": ""name"",
                                                                                              ""of"": ""e_director""
                                                                                            },
                                                                                            ""operator"": ""="",
                                                                                            {
                                                                                              ""left"": {
                                                                                ""count_id"": ""e_movie"",
                                                                                ""condition"": {
                                                                                  ""and_conditions"": [
                                                                                    {
                                                                                      ""left"": {
                                                                                        ""attribute_name"": ""name"",
                                                                                        ""of"": ""e_director""
                                                                                      },
                                                                                      ""operator"": ""="",
                                                                                      {
                                                                                        ""left"": {
                                                                                          ""count_id"": ""e_movie"",
                                                                                          ""condition"": {
                                                                                        ""and_conditions"": [
                                                                                          {
                                                                                            ""left"": {
                                                                                              ""attribute_name"": ""name"",
                                                                                              ""of"": ""e_director""
                                                                                            },
                                                                                            ""operator"": ""="",
                                                                                            {
                                                                                              ""left"": {
                                                                                ""count_id"": ""e_movie"",
                                                                                ""condition"": {
                                                                                  ""and_conditions"": [
                                                                                    {
                                                                                      ""left"": {
                                                                                        ""attribute_name"": ""name"",
                                                                                        ""of"": ""e_director""
                                                                                      },
                                                                                      ""operator"": ""="",
                                                                                      {
                                                                                        ""left"": {
                                                                                          ""count_id"": ""e_movie"",
                                                                                          ""condition"": {
                                                                                        ""and_conditions"": [
                                                                                          {
                                                                                            ""left"": {
                                                                                              ""attribute_name"": ""name"",
                                                                                              ""of"": ""e_director""
                                                                                            },
                                                                                            ""operator"": ""="",
                                                                                            {
                                                                                              ""left"": {
                                                                                ""count_id"": ""e_movie"",
                                                                                ""condition"": {
                                                                                  ""and_conditions"": [
                                                                                    {
                                                                                      ""left"": {
                                                                                        ""attribute_name"": ""name"",
                                                                                        ""of"": ""e_director""
                                                                                      },
                                                                                      ""operator"": ""="",
                                                                                      {
                                                                                        ""left"": {
                                                                                          ""count_id"": ""e_movie"",
                                                                                          ""condition"": {
                                                                                        ""and_conditions"": [
                                                                                          {
                                                                                            ""left"": {
                                                                                              ""attribute_name"": ""name"",
                                                                                              ""of"": ""e_director""
                                                                                            },
                                                                                            ""operator"": ""="",
                                                                                            {
                                                                                              ""left"": {
                                                                                ""count_id"": ""e_movie"",
                                                                                ""condition"": {
                                                                                  ""and_conditions"": [
                                                                                    {
                                                                                      ""left"": {
                                                                                        ""attribute_name"": ""name"",
                                                                                        ""of"": ""e_director""
                                                                                      },
                                                                                      ""operator"": ""="",
                                                                                      {
                                                                                        ""left"": {
                                                                                          ""count_id"": ""e_movie"",
                                                                                          ""condition"": {
                                                                                        ""and_conditions"": [
                                                                                          {
                                                                                            ""left"": {
                                                                                              ""attribute_name"": ""name"",
                                                                                              ""of"": ""e_director""
                                                                                            },
                                                                                            ""operator"": ""="",
                                                                                            {
                                                                                              ""left"": {
                                                                                ""count_id"": ""e_movie"",
                                                                                ""condition"": {
                                                                                  ""and_conditions"": [
                                                                                    {
                                                                                      ""left"": {
                                                                                        ""attribute_name"": ""name"",
                                                                                        ""of"": ""e_director""
                                                                                      },
                                                                                      ""operator"": ""="",
                                                                                      {
                                                                                        ""left"": {
                                                                                          ""count_id"": ""e_movie"",
                                                                                          ""condition"": {
                                                                                        ""and_conditions"": [
                                                                                          {
                                                                                            ""left"": {
                                                                                              ""attribute_name"": ""name"",
                                                                                              ""of"": ""e_director""
                                                                                            },
                                                                                            ""operator"": ""="",
                                                                                            {
                                                                                              ""left"": {
                                                                                ""count_id"": ""e_movie"",
                                                                                ""condition"": {
                                                                                  ""and_conditions"": [
                                                                                    {
                                                                                      ""left"": {
                                                                                        ""attribute_name"": ""name"",
                                                                                        ""of"": ""e_director""
                                                                                      },
                                                                                      ""operator"": ""="",
                                                                                      {
                                                                                        ""left"": {
                                                                                          ""count_id"": ""e_movie"",
                                                                                          ""condition"": {
                                                                                        ""and_conditions"": [
                                                                                          {
                                                                                            ""left"": {
                                                                                              ""attribute_name"": ""name"",
                                                                                              ""of"": ""e_director""
                                                                                            },
                                                                                            ""operator"": ""="",
                                                                                            {
                                                                                              ""left"": {
                                                                                ""count_id"": ""e_movie"",
                                                                                ""condition"": {
                                                                                  ""and_conditions"": [
                                                                                    {
                                                                                      ""left"": {
                                                                                        ""attribute_name"": ""name"",
                                                                                        ""of"": ""e_director""
                                                                                      },
                                                                                      ""operator"": ""="",
                                                                                      {
                                                                                        ""left"": {
                                                                                          ""count_id"": ""e_movie"",
                                                                                          ""condition"": {
                                                                                        ""and_conditions"": [
                                                                                          {
                                                                                            ""left"": {
                                                                                              ""attribute_name"": ""name"",
                                                                                              ""of"": ""e_director""
                                                                                            },
                                                                                            ""operator"": ""="",
                                                                                            {
                                                                                              ""left"": {
                                                                                ""count_id"": ""e_movie"",
                                                                                ""condition"": {
                                                                                  ""and_conditions"": [
                                                                                    {
                                                                                      ""left"": {
                                                                                        ""attribute_name"": ""name"",
                                                                                        ""of"": ""e_director""
                                                                                      },
                                                                                      ""operator"": ""="",
                                                                                      {
                                                                                        ""left"": {
                                                                                          ""count_id"": ""e_movie"",
                                                                                          ""condition"": {
                                                                                        ""and_conditions"": [
                                                                                          {
                                                                                            ""left"": {
                                                                                              ""attribute_name"": ""name"",
                                                                                              ""of"": ""e_director""
                                                                                            },
                                                                                            ""operator"": ""="",
                                                                                            {
                                                                                              ""left"": {
                                                                                ""count_id"": ""e_movie"",
                                                                                ""condition"": {
                                                                                  ""and_conditions"": [
                                                                                    {
                                                                                      ""left"": {
                                                                                        ""attribute_name"": ""name"",
                                                                                        ""of"": ""e_director""
                                                                                      },
                                                                                      ""operator"": ""="",
                                                                                      {
                                                                                        ""left"": {
                                                                                          ""count_id"": ""e_movie"",
                                                                                          ""condition"": {
                                                                                        ""and_conditions"": [
                                                                                          {
                                                                                            ""left"": {
                                                                                              ""attribute_name"": ""name"",
                                                                                              ""of"": ""e_director""
                                                                                            },
                                                                                            ""operator"": ""="",
                                                                                            {
                                                                                              ""left"": {
                                                                                ""count_id"": ""e_movie"",
                                                                                ""condition"": {
                                                                                  ""and_conditions"": [
                                                                                    {
                                                                                      ""left"": {
                                                                                        ""attribute_name"": ""name"",
                                                                                        ""of"": ""e_director""
                                                                                      },
                                                                                      ""operator"": ""="",
                                                                                      {
                                                                                        ""left"": {
                                                                                          ""count_id"": ""e_movie"",
                                                                                          ""condition"": {
                                                                                        ""and_conditions"": [
                                                                                          {
                                                                                            ""left"": {
                                                                                              ""attribute_name"": ""name"",
                                                                                              ""of"": ""e_director""
                                                                                            },
                                                                                            ""operator"": ""="",
                                                                                            {
                                                                                              ""left"": {
                                                                                ""count_id"": ""e_movie"",
                                                                                ""condition"": {
                                                                                  ""and_conditions"": [
                                                                                    {
                                                                                      ""left"": {
                                                                                        ""attribute_name"": ""name"",
                                                                                        ""of"": ""e_director""
                                                                                      },
                                                                                      ""operator"": ""="",
                                                                                      {
                                                                                        ""left"": {
                                                                                          ""count_id"": ""e_movie"",
                                                                                          ""condition"": {
                                                                                        ""and_conditions"": [
                                                                                          {
                                                                                            ""left"": {
                                                                                              ""attribute_name"": ""name"",
                                                                                              ""of"": ""e_director""
                                                                                            },
                                                                                            ""operator"": ""="",
                                                                                            {
                                                                                              ""left"": {
                                                                                ""count_id"": ""e_movie"",
                                                                                ""condition"": {
                                                                                  ""and_conditions"": [
                                                                                    {
                                                                                      ""left"": {
                                                                                        ""attribute_name"": ""name"",
                                                                                        ""of"": ""e_director""
                                                                                      },
                                                                                      ""operator"": ""="",
                                                                                      {
                                                                                        ""left"": {
                                                                                          ""count_id"": ""e_movie"",
                                                                                          ""condition"": {
                                                                                        ""and_conditions"": [
                                                                                          {
                                                                                            ""left"": {
                                                                                              ""attribute_name"": ""name"",
                                                                                              ""of"": ""e_director""
                                                                                            },
                                                                                            ""operator"": ""="",
                                                                                            {
                                                                                              ""left"": {
                                                                                ""count_id"": ""e_movie"",
                                                                                ""condition"": {
                                                                                  ""and_conditions"": [
                                                                                    {
                                                                                      ""left"": {
                                                                                        ""attribute_name"": ""name"",
                                                                                        ""of"": ""e_director""
                                                                                      },
                                                                                      ""operator"": ""="",
                                                                                      {
                                                                                        ""left"": {
                                                                                          ""count_id"": ""e_movie"",
                                                                                          ""condition"": {
                                                                                        ""and_conditions"": [
                                                                                          {
                                                                                            ""left"": {
                                                                                              ""attribute_name"": ""name"",
                                                                                              ""of"": ""e_director""
                                                                                            },
                                                                                            ""operator"": ""="",
                                                                                            {
                                                                                              ""left"": {
                                                                                ""count_id"": ""e_movie"",
                                                                                ""condition"": {
                                                                                  ""and_conditions"": [
                                                                                    {
                                                                                      ""left"": {
                                                                                        ""attribute_name"": ""name"",
                                                                                        ""of"": ""e_director""
                                                                                      },
                                                                                      ""operator"": ""="",
                                                                                      {
                                                                                        ""left"": {
                                                                                          ""count_id"": ""e_movie"",
                                                                                          ""condition"": {
                                                                                        ""and_conditions"": [
                                                                                          {
                                                                                            ""left"": {
                                                                                              ""attribute_name"": ""name"",
                                                                                              ""of"": ""e_director""
                                                                                            },
                                                                                            ""operator"": ""="",
                                                                                            {
                                                                                              ""left"": {
                                                                                ""count_id"": ""e_movie"",
                                                                                ""condition"": {
                                                                                  ""and_conditions"": [
                                                                                    {
                                                                                      ""left"": {
                                                                                        ""attribute_name"": ""name"",
                                                                                        ""of"": ""e_director""
                                                                                      },
                                                                                      ""operator"": ""="",
                                                                                      {
                                                                                        ""left"": {
                                                                                          ""count_id"": ""e_movie"",
                                                                                          ""condition"": {
                                                                                        ""and_conditions"": [
                                                                                          {
                                                                                            ""left"": {
                                                                                              ""attribute_name"": ""name"",
                                                                                              ""of"": ""e_director""
                                                                                            },
                                                                                            ""operator"": ""="",
                                                                                            {
                                                                                              ""left"": {
                                                                                ""count_id"": ""e_movie"",
                                                                                ""condition"": {
                                                                                  ""and_conditions"": [
                                                                                    {
                                                                                      ""left"": {
                                                                                        ""attribute_name"": ""name"",
                                                                                        ""of"": ""e_director""
                                                                                      },
                                                                                      ""operator"": ""="",
                                                                                      {
                                                                                        ""left"": {
                                                                                          ""count_id"": ""e_movie"",
                                                                                          ""condition"": {
                                                                                        ""and_conditions"": [
                                                                                          {
                                                                                            ""left"": {
                                                                                              ""attribute_name"": ""name"",
                                                                                              ""of"": ""e_director""
                                                                                            },
                                                                                            ""operator"": ""="",
                                                                                            {
                                                                                              ""left"": {
                                                                                ""count_id"": ""e_movie"",
                                                                                ""condition"": {
                                                                                  ""and_conditions"": [
                                                                                    {
                                                                                      ""left"": {
                                                                                        ""attribute_name"": ""name"",
                                                                                        ""of"": ""e_director""
                                                                                      },
                                                                                      ""operator"": ""="",
                                                                                      {
                                                                                        ""left"": {
                                                                                          ""count_id"": ""e_movie"",
                                                                                          ""condition"": {
                                                                                        ""and_conditions"": [
                                                                                          {
                                                                                            ""left"": {
                                                                                              ""attribute_name"": ""name"",
                                                                                              ""of"": ""e_director""
                                                                                            },
                                                                                            ""operator"": ""="",
                                                                                            {
                                                                                              ""left"": {
                                                                                ""count_id"": ""e_movie"",
                                                                                ""condition"": {
                                                                                  ""and_conditions"": [
                                                                                    {
                                                                                      ""left"": {
                                                                                        ""attribute_name"": ""name"",
                                                                                        ""of"": ""e_director""
                                                                                      },
                                                                                      ""operator"": ""="",
                                                                                      {
                                                                                        ""left"": {
                                                                                          ""count_id"": ""e_movie"",
                                                                                          ""condition"": {
                                                                                        ""and_conditions"": [
                                                                                          {
                                                                                            ""left"": {
                                                                                              ""attribute_name"": ""name"",
                                                                                              ""of"": ""e_director""
                                                                                            },
                                                                                            ""operator"": ""="",
                                                                                            {
                                                                                              ""left"": {
                                                                                ""count_id"": ""e_movie"",
                                                                                ""condition"": {
                                                                                  ""and_conditions"": [
                                                                                    {
                                                                                      ""left"": {
                                                                                        ""attribute_name"": ""name"",
                                                                                        ""of"": ""e_director""
                                                                                      },
                                                                                      ""operator"": ""="",
                                                                                      {
                                                                                        ""left"": {
                                                                                          ""count_id"": ""e_movie"",
                                                                                          ""condition"": {
                                                                                        ""and_conditions"": [
                                                                                          {
                                                                                            ""left"": {
                                                                                              ""attribute_name"": ""name"",
                                                                                              ""of"": ""e_director""
                                                                                            },
                                                                                            ""operator"": ""="",
                                                                                            {
                                                                                              ""left"": {
                                                                                ""count_id"": ""e_movie"",
                                                                                ""condition"": {
                                                                                  ""and_conditions"": [
                                                                                    {
                                                                                      ""left"": {
                                                                                        ""attribute_name"": ""name"",
                                                                                        ""of"": ""e_director""
                                                                                      },
                                                                                      ""operator"": ""="",
                                                                                      {
                                                                                        ""left"": {
                                                                                          ""count_id"": ""e_movie"",
                                                                                          ""condition"": {
                                                                                        ""and_conditions"": [
                                                                                          {
                                                                                            ""left"": {
                                                                                              ""attribute_name"": ""name"",
                                                                                              ""of"": ""e_director""
                                                                                            },
                                                                                            ""operator"": ""="",
                                                                                            {
                                                                                              ""left"": {
                                                                                ""count_id"": ""e_movie"",
                                                                                ""condition"": {
                                                                                  ""and_conditions"": [
                                                                                    {
                                                                                      ""left"": {
                                                                                        ""attribute_name"": ""name"",
                                                                                        ""of"": ""e_director""
                                                                                      },
                                                                                      ""operator"": ""="",
                                                                                      {
                                                                                        ""left"": {
                                                                                          ""count_id"": ""e_movie"",
                                                                                          ""condition"": {
                                                                                        ""and_conditions"": [
                                                                                          {
                                                                                            ""left"": {
                                                                                              ""attribute_name"": ""name"",
                                                                                              ""of"": ""e_director""
                                                                                            },
                                                                                            ""operator"": ""="",
                                                                                            {
                                                                                              ""left"": {
                                                                                ""count_id"": ""e_movie"",
                                                                                ""condition"": {
                                                                                  ""and_conditions"": [
                                                                                    {
                                                                                      ""left"": {
                                                                                        ""attribute_name"": ""name"",
                                                                                        ""of"": ""e_director""
                                                                                      },
                                                                                      ""operator"": ""="",
                                                                                      {
                                                                                        ""left"": {
                                                                                          ""count_id"": ""e_movie"",
                                                                                          ""condition"": {
                                                                                        ""and_conditions"": [
                                                                                          {
                                                                                            ""left"": {
                                                                                              ""attribute_name"": ""name"",
                                                                                              ""of"": ""e_director""
                                                                                            },
                                                                                            ""operator"": ""="",
                                                                                            {
                                                                                              ""left"": {
                                                                                ""count_id"": ""e_movie"",
                                                                                ""condition"": {
                                                                                  ""and_conditions"": [
                                                                                    {
                                                                                      ""left"": {
                                                                                        ""attribute_name"": ""name"",
                                                                                        ""of"": ""e_director""
                                                                                      },
                                                                                      ""operator"": ""="",
                                                                                      {
                                                                                        ""left"": {
                                                                                          ""count_id"": ""e_movie"",
                                                                                          ""condition"": {
                                                                                        ""and_conditions"": [
                                                                                          {
                                                                                            ""left"": {
                                                                                              ""attribute_name"": ""name"",
                                                                                              ""of"": ""e_director""
                                                                                            },
                                                                                            ""operator"": ""="",
                                                                                            {
                                                                                              ""left"": {
                                                                                ""count_id"": ""e_movie"",
                                                                                ""condition"": {
                                                                                  ""and_conditions"": [
                                                                                    {
                                                                                      ""left"": {
                                                                                        ""attribute_name"": ""name"",
                                                                                        ""of"": ""e_director""
                                                                                      },
                                                                                      ""operator"": ""="",
                                                                                      {
                                                                                        ""left"": {
                                                                                          ""count_id"": ""e_movie"",
                                                                                          ""condition"": {
                                                                                        ""and_conditions"": [
                                                                                          {
                                                                                            ""left"": {
                                                                                              ""attribute_name"": ""name"",
                                                                                              ""of"": ""e_director""
                                                                                            },
                                                                                            ""operator"": ""="",
                                                                                            {
                                                                                              ""left"": {
                                                                                ""count_id"": ""e_movie"",
                                                                                ""condition"": {
                                                                                  ""and_conditions"": [
                                                                                    {
                                                                                      ""left"": {
                                                                                        ""attribute_name"": ""name"",
                                                                                        ""of"": ""e_director""
                                                                                      },
                                                                                      ""operator"": ""="",
                                                                                      {
                                                                                        ""left"": {
                                                                                          ""count_id"": ""e_movie"",
                                                                                          ""condition"": {
                                                                                        ""and_conditions"": [
                                                                                          {
                                                                                            ""left"": {
                                                                                              ""attribute_name"": ""name"",
                                                                                              ""of"": ""e_director""
                                                                                            },
                                                                                            ""operator"": ""="",
                                                                                            {
                                                                                              ""left"": {
                                                                                ""count_id"": ""e_movie"",
                                                                                ""condition"": {
                                                                                  ""and_conditions"": [
                                                                                    {
                                                                                      ""left"": {
                                                                                        ""attribute_name"": ""name"",
                                                                                        ""of"": ""e_director""
                                                                                      },
                                                                                      ""operator"": ""="",
                                                                                      {
                                                                                        ""left"": {
                                                                                          ""count_id"": ""e_movie"",
                                                                                          ""condition"": {
                                                                                        ""and_conditions"": [
                                                                                          {
                                                                                            ""left"": {
                                                                                              ""attribute_name"": ""name"",
                                                                                              ""of"": ""e_director""
                                                                                            },
                                                                                            ""operator"": ""="",
                                                                                            {
                                                                                              ""left"": {
                                                                                ""count_id"": ""e_movie"",
                                                                                ""condition"": {
                                                                                  ""and_conditions"": [
                                                                                    {
                                                                                      ""left"": {
                                                                                        ""attribute_name"": ""name"",
                                                                                        ""of"": ""e_director""
                                                                                      },
                                                                                      ""operator"": ""="",
                                                                                      {
                                                                                        ""left"": {
                                                                                          ""count_id"": ""e_movie"",
                                                                                          ""condition"": {
                                                                                        ""and_conditions"": [
                                                                                          {
                                                                                            ""left"": {
                                                                                              ""attribute_name"": ""name"",
                                                                                              ""of"": ""e_director""
                                                                                            },
                                                                                            ""operator"": ""="",
                                                                                            {
                                                                                              ""left"": {
                                                                                ""count_id"": ""e_movie"",
                                                                                ""condition"": {
                                                                                  ""and_conditions"": [
                                                                                    {
                                                                                      ""left"": {
                                                                                        ""attribute_name"": ""name"",
                                                                                        ""of"": ""e_director""
                                                                                      },
                                                                                      ""operator"": ""="",
                                                                                      {
                                                                                        ""left"": {
                                                                                          ""count_id"": ""e_movie"",
                                                                                          ""condition"": {
                                                                                        ""and_conditions"": [
                                                                                          {
                                                                                            ""left"": {
                                                                                              ""attribute_name"": ""name"",
                                                                                              ""of"": ""e_director""
                                                                                            },
                                                                                            ""operator"": ""="",
                                                                                            {
                                                                                              ""left"": {
                                                                                ""count_id"": ""e_movie"",
                                                                                ""condition"": {
                                                                                  ""and_conditions"": [
                                                                                    {
                                                                                      ""left"": {
                                                                                        ""attribute_name"": ""name"",
                                                                                        ""of"": ""e_director""
                                                                                      },
                                                                                      ""operator"": ""="",
                                                                                      {
                                                                                        ""left"": {
                                                                                          ""count_id"": ""e_movie"",
                                                                                          ""condition"": {
                                                                                        ""and_conditions"": [
                                                                                          {
                                                                                            ""left"": {
                                                                                              ""attribute_name"": ""name"",
                                                                                              ""of"": ""e_director""
                                                                                            },
                                                                                            ""operator"": ""="",
                                                                                            {
                                                                                              ""left"": {
                                                                                ""count_id"": ""e_movie"",
                                                                                ""condition"": {
                                                                                  ""and_conditions"": [
                                                                                    {
                                                                                      ""left"": {
                                                                                        ""attribute_name"": ""name"",
                                                                                        ""of"": ""e_director""
                                                                                      },
                                                                                      ""operator"": ""="",
                                                                                      {
                                                                                        ""left"": {
                                                                                          ""count_id"": ""e_movie"",
                                                                                          ""condition"": {
                                                                                        ""and_conditions"": [
                                                                                          {
                                                                                            ""left"": {
                                                                                              ""attribute_name"": ""name"",
                                                                                              ""of"": ""e_director""
                                                                                            },
                                                                                            ""operator"": ""="",
                                                                                            {
                                                                                              ""left"": {
                                                                                ""count_id"": ""e_movie"",
                                                                                ""condition"": {
                                                                                  ""and_conditions"": [
                                                                                    {
                                                                                      ""left"": {
                                                                                        ""attribute_name"": ""name"",
                                                                                        ""of"": ""e_director""
                                                                                      },
                                                                                      ""operator"": ""="",
                                                                                      {
                                                                                        ""left"": {
                                                                                          ""count_id"": ""e_movie"",
                                                                                          ""condition"": {
                                                                                        ""and_conditions"": [
                                                                                          {
                                                                                            ""left"": {
                                                                                              ""attribute_name"": ""name"",
                                                                                              ""of"": ""e_director""
                                                                                            },
                                                                                            ""operator"": ""="",
                                                                                            {
                                                                                              ""left"": {
                                                                                ""count_id"": ""e_movie"",
                                                                                ""condition"": {
                                                                                  ""and_conditions"": [
                                                                                    {
                                                                                      ""left"": {
                                                                                        ""attribute_name"": ""name"",
                                                                                        ""of"": ""e_director""
                                                                                      },
                                                                                      ""operator"": ""="",
                                                                                      {
                                                                                        ""left"": {
                                                                                          ""count_id"": ""e_movie"",
                                                                                          ""condition"": {
                                                                                        ""and_conditions"": [
                                                                                          {
                                                                                            ""left"": {
                                                                                              ""attribute_name"": ""name"",
                                                                                              ""of"": ""e_director""
                                                                                            },
                                                                                            ""operator"": ""="",
                                                                                            {
                                                                                              ""left"": {
                                                                                ""count_id"": ""e_movie"",
                                                                                ""condition"": {
                                                                                  ""and_conditions"": [
                                                                                    {
                                                                                      ""left"": {
                                                                                        ""attribute_name"": ""name"",
                                                                                        ""of"": ""e_director""
                                                                                      },
                                                                                      ""operator"": ""="",
                                                                                      {
                                                                                        ""left"": {
                                                                                          ""count_id"": ""e_movie"",
                                                                                          ""condition"": {
                                                                                        ""and_conditions"": [
                                                                                          {
                                                                                            ""left"": {
                                                                                              ""attribute_name"": ""name"",
                                                                                              ""of"": ""e_director""
                                                                                            },
                                                                                            ""operator"": ""="",
                                                                                            {
                                                                                              ""left"": {
                                                                                ""count_id"": ""e_movie"",
                                                                                ""condition"": {
                                                                                  ""and_conditions"": [
                                                                                    {
                                                                                      ""left"": {
                                                                                        ""attribute_name"": ""name"",
                                                                                        ""of"": ""e_director""
                                                                                      },
                                                                                      ""operator"": ""="",
                                                                                      {
                                                                                        ""left"": {
                                                                                          ""count_id"": ""e_movie"",
                                                                                          ""condition"": {
                                                                                        ""and_conditions"": [
                                                                                          {
                                                                                            ""left"": {
                                                                                              ""attribute_name"": ""name"",
                                                                                              ""of"": ""e_director""
                                                                                            },
                                                                                            ""operator"": ""="",
                                                                                            {
                                                                                              ""left"": {
                                                                                ""count_id"": ""e_movie"",
                                                                                ""condition"": {
                                                                                  ""and_conditions"": [
                                                                                    {
                                                                                      ""left"": {
                                                                                        ""attribute_name"": ""name"",
                                                                                        ""of"": ""e_director""
                                                                                      },
                                                                                      ""operator"": ""="",
                                                                                      {
                                                                                        ""left"": {
                                                                                          ""count_id"": ""e_movie"",
                                                                                          ""condition"": {
                                                                                        ""and_conditions"": [
                                                                                          {
                                                                                            ""left"": {
                                                                                              ""attribute_name"": ""name"",
                                                                                              ""of"": ""e_director""
                                                                                            },
                                                                                            ""operator"": ""="",
                                                                                            {
                                                                                              ""left"": {
                                                                                ""count_id"": ""e_movie"",
                                                                                ""condition"": {
                                                                                  ""and_conditions"": [
                                                                                    {
                                                                                      ""left"": {
                                                                                        ""attribute_name"": ""name"",
                                                                                        ""of"": ""e_director""
                                                                                      },
                                                                                      ""operator"": ""="",
                                                                                      {
                                                                                        ""left"": {
                                                                                          ""count_id"": ""e_movie"",
                                                                                          ""condition"": {
                                                                                        ""and_conditions"": [
                                                                                          {
                                                                                            ""left"": {
                                                                                              ""attribute_name"": ""name"",
                                                                                              ""of"": ""e_director""
                                                                                            },
                                                                                            ""operator"": ""="",
                                                                                            {
                                                                                              ""left"": {
                                                                                ""count_id"": ""e_movie"",
                                                                                ""condition"": {
                                                                                  ""and_conditions"": [
                                                                                    {
                                                                                      ""left"": {
                                                                                        ""attribute_name"": ""name"",
                                                                                        ""of"": ""e_director""
                                                                                      },
                                                                                      ""operator"": ""="",
                                                                                      {
                                                                                        ""left"": {
                                                                                          ""count_id"": ""e_movie"",
                                                                                          ""condition"": {
                                                                                        ""and_conditions"": [
                                                                                          {
                                                                                            ""left"": {
                                                                                              ""attribute_name"": ""name"",
                                                                                              ""of"": ""e_director""
                                                                                            },
                                                                                            ""operator"": ""="",
                                                                                            {
                                                                                              ""left"": {
                                                                                ""count_id"": ""e_movie"",
                                                                                ""condition"": {
                                                                                  ""and_conditions"": [
                                                                                    {
                                                                                      ""left"": {
                                                                                        ""attribute_name"": ""name"",
                                                                                        ""of"": ""e_director""
                                                                                      },
                                                                                      ""operator"": ""="",
                                                                                      {
                                                                                        ""left"": {
                                                                                          ""count_id"": ""e_movie"",
                                                                                          ""condition"": {
                                                                                        ""and_conditions"": [
                                                                                          {
                                                                                            ""left"": {
                                                                                              ""attribute_name"": ""name"",
                                                                                              ""of"": ""e_director""
                                                                                            },
                                                                                            ""operator"": ""="",
                                                                                            {
                                                                                              ""left"": {
                                                                                ""count_id"": ""e_movie"",
                                                                                ""condition"": {
                                                                                  ""and_conditions"": [
                                                                                    {
                                                                                      ""left"": {
                                                                                        ""attribute_name"": ""name"",
                                                                                        ""of"": ""e_director""
                                                                                      },
                                                                                      ""operator"": ""="",
                                                                                      {
                                                                                        ""left"": {
                                                                                          ""count_id"": ""e_movie"",
                                                                                          ""condition"": {
                                                                                        ""and_conditions"": [
                                                                                          {
                                                                                            ""left"": {
                                                                                              ""attribute_name"": ""name"",
                                                                                              ""of"": ""e_director""
                                                                                            },
                                                                                            ""operator"": ""="",
                                                                                            {
                                                                                              ""left"": {
                                                                                ""count_id"": ""e_movie"",
                                                                                ""condition"": {
                                                                                  ""and_conditions"": [
                                                                                    {
                                                                                      ""left"": {
                                                                                        ""attribute_name"": ""name"",
                                                                                        ""of"": ""e_director""
                                                                                      },
                                                                                      ""operator"": ""="",
                                                                                      {
                                                                                        ""left"": {
                                                                                          ""count_id"": ""e_movie"",
                                                                                          ""condition"": {
                                                                                        ""and_conditions"": [
                                                                                          {
                                                                                            ""left"": {
                                                                                              ""attribute_name"": ""name"",
                                                                                              ""of"": ""e_director""
                                                                                            },
                                                                                            ""operator"": ""="",
                                                                                            {
                                                                                              ""left"": {
                                                                                ""count_id"": ""e_movie"",
                                                                                ""condition"": {
                                                                                  ""and_conditions"": [
                                                                                    {
                                                                                      ""left"": {
                                                                                        ""attribute_name"": ""name"",
                                                                                        ""of"": ""e_director""
                                                                                      },
                                                                                      ""operator"": ""="",
                                                                                      {
                                                                                        ""left"": {
                                                                                          ""count_id"": ""e_movie"",
                                                                                          ""condition"": {
                                                                                        ""and_conditions"": [
                                                                                          {
                                                                                            ""left"": {
                                                                                              ""attribute_name"": ""name"",
                                                                                              ""of"": ""e_director""
                                                                                            },
                                                                                            ""operator"": ""="",
                                                                                            {
                                                                                              ""left"": {
                                                                                ""count_id"": ""e_movie"",
                                                                                ""condition"": {
                                                                                  ""and_conditions"": [
                                                                                    {
                                                                                      ""left"": {
                                                                                        ""attribute_name"": ""name"",
                                                                                        ""of"": ""e_director""
                                                                                      },
                                                                                      ""operator"": ""="",
                                                                                      {
                                                                                        ""left"": {
                                                                                          ""count_id"": ""e_movie"",
                                                                                          ""condition"": {
                                                                                        ""and_conditions"": [
                                                                                          {
                                                                                            ""left"": {
                                                                                              ""attribute_name"": ""name"",
                                                                                              ""of"": ""e_director""
                                                                                            },
                                                                                            ""operator"": ""="",
                                                                                            {
                                                                                              ""left"": {
                                                                                ""count_id"": ""e_movie"",
                                                                                ""condition"": {
                                                                                  ""and_conditions"": [
                                                                                    {
                                                                                      ""left"": {
                                                                                        ""attribute_name"": ""name"",
                                                                                        ""of"": ""e_director""
                                                                                      },
                                                                                      ""operator"": ""="",
                                                                                      {
                                                                                        ""left"": {
                                                                                          ""count_id"": ""e_movie"",
                                                                                          ""condition"": {
                                                                                        ""and_conditions"": [
                                                                                          {
                                                                                            ""left"": {
                                                                                              ""attribute_name"": ""name"",
                                                                                              ""of"": ""e_director""
                                                                                            },
                                                                                            ""operator"": ""="",
                                                                                            {
                                                                                              ""left"": {
                                                                                ""count_id"": ""e_movie"",
                                                                                ""condition"": {
                                                                                  ""and_conditions"": [
                                                                                    {
                                                                                      ""left"": {
                                                                                        ""attribute_name"": ""name"",
                                                                                        ""of"": ""e_director""
                                                                                      },
                                                                                      ""operator"": ""="",
                                                                                      {
                                                                                        ""left"": {
                                                                                          ""count_id"": ""e_movie"",
                                                                                          ""condition"": {
                                                                                        ""and_conditions"": [
                                                                                          {
                                                                                            ""left"": {
                                                                                              ""attribute_name"": ""name"",
                                                                                              ""of"": ""e_director""
                                                                                            },
                                                                                            ""operator"": ""="",
                                                                                            {
                                                                                              ""left"": {
                                                                                ""count_id"": ""e_movie"",
                                                                                ""condition"": {
                                                                                  ""and_conditions"": [
                                                                                    {
                                                                                      ""left"": {
                                                                                        ""attribute_name"": ""name"",
                                                                                        ""of"": ""e_director""
                                                                                      },
                                                                                      ""operator"": ""="",
                                                                                      {
                                                                                        ""left"": {
                                                                                          ""count_id"": ""e_movie"",
                                                                                          ""condition"": {
                                                                                        ""and_conditions"": [
                                                                                          {
                                                                                            ""left"": {
                                                                                              ""attribute_name"": ""name"",
                                                                                              ""of"": ""e_director""
                                                                                            },
                                                                                            ""operator"": ""="",
                                                                                            {
                                                                                              ""left"": {
                                                                                ""count_id"": ""e_movie"",
                                                                                ""condition"": {
                                                                                  ""and_conditions"": [
                                                                                    {
                                                                                      ""left"": {
                                                                                        ""attribute_name"": ""name"",
                                                                                        ""of"": ""e_director""
                                                                                      },
                                                                                      ""operator"": ""="",
                                                                                      {
                                                                                        ""left"": {
                                                                                          ""count_id"": ""e_movie"",
                                                                                          ""condition"": {
                                                                                        ""and_conditions"": [
                                                                                          {
                                                                                            ""left"": {
                                                                                              ""attribute_name"": ""name"",
                                                                                              ""of"": ""e_director""
                                                                                            },
                                                                                            ""operator"": ""="",
                                                                                            {
                                                                                              ""left"": {
                                                                                ""count_id"": ""e_movie"",
                                                                                ""condition"": {
                                                                                  ""and_conditions"": [
                                                                                    {
                                                                                      ""left"": {
                                                                                        ""attribute_name"": ""name"",
                                                                                        ""of"": ""e_director""
                                                                                      },
                                                                                      ""operator"": ""="",
                                                                                      {
                                                                                        ""left"": {
                                                                                          ""count_id"": ""e_movie"",
                                                                                          ""condition"": {
                                                                                        ""and_conditions"": [
                                                                                          {
                                                                                            ""left"": {
                                                                                              ""attribute_name"": ""name"",
                                                                                              ""of"": ""e_director""
                                                                                            },
                                                                                            ""operator"": ""="",
                                                                                            {
                                                                                              ""left"": {
                                                                                ""count_id"": ""e_movie"",
                                                                                ""condition"": {
                                                                                  ""and_conditions"": [
                                                                                    {
                                                                                      ""left"": {
                                                                                        ""attribute_name"": ""name"",
                                                                                        ""of"": ""e_director""
                                                                                      },
                                                                                      ""operator"": ""="",
                                                                                      {
                                                                                        ""left"": {
                                                                                          ""count_id"": ""e_movie"",
                                                                                          ""condition"": {
                                                                                        ""and_conditions"": [
                                                                                          {
                                                                                            ""left"": {
                                                                                              ""attribute_name"": ""name"",
                                                                                              ""of"": ""e_director""
                                                                                            },
                                                                                            ""operator"": ""="",
                                                                                            {
                                                                                              ""left"": {
                                                                                ""count_id"": ""e_movie"",
                                                                                ""condition"": {
                                                                                  ""and_conditions"": [
                                                                                    {
                                                                                      ""left"": {
                                                                                        ""attribute_name"": ""name"",
                                                                                        ""of"": ""e_director""
                                                                                      },
                                                                                      ""operator"": ""="",
                                                                                      {
                                                                                        ""left"": {
                                                                                          ""count_id"": ""e_movie"",
                                                                                          ""condition"": {
                                                                                        ""and_conditions"": [
                                                                                          {
                                                                                            ""left"": {
                                                                                              ""attribute_name"": ""name"",
                                                                                              ""of"": ""e_director""
                                                                                            },
                                                                                            ""operator"": ""="",
                                                                                            {
                                                                                              ""left"": {
                                                                                ""count_id"": ""e_movie"",
                                                                                ""condition"": {
                                                                                  ""and_conditions"": [
                                                                                    {
                                                                                      ""left"": {
                                                                                        ""attribute_name"": ""name"",
                                                                                        ""of"": ""e_director""
                                                                                      },
                                                                                      ""operator"": ""="",
                                                                                      {
                                                                                        ""left"": {
                                                                                          ""count_id"": ""e_movie"",
                                                                                          ""condition"": {
                                                                                        ""and_conditions"": [
                                                                                          {
                                                                                            ""left"": {
                                                                                              ""attribute_name"": ""name"",
                                                                                              ""of"": ""e_director""
                                                                                            },
                                                                                            ""operator"": ""="",
                                                                                            {
                                                                                              ""left"": {
                                                                                ""count_id"": ""e_movie"",
                                                                                ""condition"": {
                                                                                  ""and_conditions"": [
                                                                                    {
                                                                                      ""left"": {
                                                                                        ""attribute_name"": ""name"",
                                                                                        ""of"": ""e_director""
                                                                                      },
                                                                                      ""operator"": ""="",
                                                                                      {
                                                                                        ""left"": {
                                                                                          ""count_id"": ""e_movie"",
                                                                                          ""condition"": {
                                                                                        ""and_conditions"": [
                                                                                          {
                                                                                            ""left"": {
                                                                                              ""attribute_name"": ""name"",
                                                                                              ""of"": ""e_director""
                                                                                            },
                                                                                            ""operator"": ""="",
                                                                                            {
                                                                                              ""left"": {
                                                                                ""count_id"": ""e_movie"",
                                                                                ""condition"": {
                                                                                  ""and_conditions"": [
                                                                                    {
                                                                                      ""left"": {
                                                                                        ""attribute_name"": ""name"",
                                                                                        ""of"": ""e_director""
                                                                                      },
                                                                                      ""operator"": ""="",
                                                                                      {
                                                                                        ""left"": {
                                                                                          ""count_id"": ""e_movie"",
                                                                                          ""condition"": {
                                                                                        ""and_conditions"": [
                                                                                          {
                                                                                            ""left"": {
                                                                                              ""attribute_name"": ""name"",
                                                                                              ""of"": ""e_director""
                                                                                            },
                                                                                            ""operator"": ""="",
                                                                                            {
                                                                                              ""left"": {
                                                                                ""count_id"": ""e_movie"",
                                                                                ""condition"": {
                                                                                  ""and_conditions"": [
                                                                                    {
                                                                                      ""left"": {
                                                                                        ""attribute_name"": ""name"",
                                                                                        ""of"": ""e_director""
                                                                                      },
                                                                                      ""operator"": ""="",
                                                                                      {
                                                                                        ""left"": {
                                                                                          ""count_id"": ""e_movie"",
                                                                                          ""condition"": {
                                                                                        ""and_conditions"": [
                                                                                          {
                                                                                            ""left"": {
                                                                                              ""attribute_name"": ""name"",
                                                                                              ""of"": ""e_director""
                                                                                            },
                                                                                            ""operator"": ""="",
                                                                                            {
                                                                                              ""left"": {
                                                                                ""count_id"": ""e_movie"",
                                                                                ""condition"": {
                                                                                  ""and_conditions"": [
                                                                                    {
                                                                                      ""left"": {
                                                                                        ""attribute_name"": ""name"",
                                                                                        ""of"": ""e_director""
                                                                                      },
                                                                                      ""operator"": ""="",
                                                                                      {
                                                                                        ""left"": {
                                                                                          ""count_id"": ""e_movie"",
                                                                                          ""condition"": {
                                                                                        ""and_conditions"": [
                                                                                          {
                                                                                            ""left"": {
                                                                                              ""attribute_name"": ""name"",
                                                                                              ""of"": ""e_director""
                                                                                            },
                                                                                            ""operator"": ""="",
                                                                                            {
                                                                                              ""left"": {
                                                                                ""count_id"": ""e_movie"",
                                                                                ""condition"": {
                                                                                  ""and_conditions"": [
                                                                                    {
                                                                                      ""left"": {
                                                                                        ""attribute_name"": ""name"",
                                                                                        ""of"": ""e_director""
                                                                                      },
                                                                                      ""operator"": ""="",
                                                                                      {
                                                                                        ""left"": {
                                                                                          ""count_id"": ""e_movie"",
                                                                                          ""condition"": {
                                                                                        ""and_conditions"": [
                                                                                          {
                                                                                            ""left"": {
                                                                                              ""attribute_name"": ""name"",
                                                                                              ""of"": ""e_director""
                                                                                            },
                                                                                            ""operator"": ""="",
                                                                                            {
                                                                                              ""left"": {
                                                                                ""count_id"": ""e_movie"",
                                                                                ""condition"": {
                                                                                  ""and_conditions"": [
                                                                                    {
                                                                                      ""left"": {
                                                                                        ""attribute_name"": ""name"",
                                                                                        ""of"": ""e_director""
                                                                                      },
                                                                                      ""operator"": ""="",
                                                                                      {
                                                                                        ""left"": {
                                                                                          ""count_id"": ""e_movie"",
                                                                                          ""condition"": {
                                                                                        ""and_conditions"": [
                                                                                          {
                                                                                            ""left"": {
                                                                                              ""attribute_name"": ""name"",
                                                                                              ""of"": ""e_director""
                                                                                            },
                                                                                            ""operator"": ""="",
                                                                                            {
                                                                                              ""left"": {
                                                                                ""count_id"": ""e_movie"",
                                                                                ""condition"": {
                                                                                  ""and_conditions"": [
                                                                                    {
                                                                                      ""left"": {
                                                                                        ""attribute_name"": ""name"",
                                                                                        ""of"": ""e_director""
                                                                                      },
                                                                                      ""operator"": ""="",
                                                                                      {
                                                                                        ""left"": {
                                                                                          ""count_id"": ""e_movie"",
                                                                                          ""condition"": {
                                                                                        ""and_conditions"": [
                                                                                          {
                                                                                            ""left"": {
                                                                                              ""attribute_name"": ""name"",
                                                                                              ""of"": ""e_director""
                                                                                            },
                                                                                            ""operator"": ""="",
                                                                                            {
                                                                                              ""left"": {
                                                                                ""count_id"": ""e_movie"",
                                                                                ""condition"": {
                                                                                  ""and_conditions"": [
                                                                                    {
                                                                                      ""left"": {
                                                                                        ""attribute_name"": ""name"",
                                                                                        ""of"": ""e_director""
                                                                                      },
                                                                                      ""operator"": ""="",
                                                                                      {
                                                                                        ""left"": {
                                                                                          ""count_id"": ""e_movie"",
                                                                                          ""condition"": {
                                                                                        ""and_conditions"": [
                                                                                          {
                                                                                            ""left"": {
                                                                                              ""attribute_name"": ""name"",
                                                                                              ""of"": ""e_director""
                                                                                            },
                                                                                            ""operator"": ""="",
                                                                                            {
                                                                                              ""left"": {
                                                                                ""count_id"": ""e_movie"",
                                                                                ""condition"": {
                                                                                  ""and_conditions"": [
                                                                                    {
                                                                                      ""left"": {
                                                                                        ""attribute_name"": ""name"",
                                                                                        ""of"": ""e_director""
                                                                                      },
                                                                                      ""operator"": ""="",
                                                                                      {
                                                                                        ""left"": {
                                                                                          ""count_id"": ""e_movie"",
                                                                                          ""condition"": {
                                                                                        ""and_conditions"": [
                                                                                          {
                                                                                            ""left"": {
                                                                                              ""attribute_name"": ""name"",
                                                                                              ""of"": ""e_director""
                                                                                            },
                                                                                            ""operator"": ""="",
                                                                                            {
                                                                                              ""left"": {
                                                                                ""count_id"": ""e_movie"",
                                                                                ""condition"": {
                                                                                  ""and_conditions"": [
                                                                                    {
                                                                                      ""left"": {
                                                                                        ""attribute_name"": ""name"",
                                                                                        ""of"": ""e_director""
                                                                                      },
                                                                                      ""operator"": ""="",
                                                                                      {
                                                                                        ""left"": {
                                                                                          ""count_id"": ""e_movie"",
                                                                                          ""condition"": {
                                                                                        ""and_conditions"": [
                                                                                          {
                                                                                            ""left"": {
                                                                                              ""attribute_name"": ""name"",
                                                                                              ""of"": ""e_director""
                                                                                            },
                                                                                            ""operator"": ""="",
                                                                                            {
                                                                                              ""left"": {
                                                                                ""count_id"": ""e_movie"",
                                                                                ""condition"": {
                                                                                  ""and_conditions"": [
                                                                                    {
                                                                                      ""left"": {
                                                                                        ""attribute_name"": ""name"",
                                                                                        ""of"": ""e_director""
                                                                                      },
                                                                                      ""operator"": ""="",
                                                                                      {
                                                                                        ""left"": {
                                                                                          ""count_id"": ""e_movie"",
                                                                                          ""condition"": {
                                                                                        ""and_conditions"": [
                                                                                          {
                                                                                            ""left"": {
                                                                                              ""attribute_name"": ""name"",
                                                                                              ""of"": ""e_director""
                                                                                            },
                                                                                            ""operator"": ""="",
                                                                                            {
                                                                                              ""left"": {
                                                                                ""count_id"": ""e_movie"",
                                                                                ""condition"": {
                                                                                  ""and_conditions"": [
                                                                                    {
                                                                                      ""left"": {
                                                                                        ""attribute_name"": ""name"",
                                                                                        ""of"": ""e_director""
                                                                                      },
                                                                                      ""operator"": ""="",
                                                                                      {
                                                                                        ""left"": {
                                                                                          ""count_id"": ""e_movie"",
                                                                                          ""condition"": {
                                                                                        ""and_conditions"": [
                                                                                          {
                                                                                            ""left"": {
                                                                                              ""attribute_name"": ""name"",
                                                                                              ""of"": ""e_director""
                                                                                            },
                                                                                            ""operator"": ""="",
                                                                                            {
                                                                                              ""left"": {
                                                                                ""count_id"": ""e_movie"",
                                                                                ""condition"": {
                                                                                  ""and_conditions"": [
                                                                                    {
                                                                                      ""left"": {
                                                                                        ""attribute_name"": ""name"",
                                                                                        ""of"": ""e_director""
                                                                                      },
                                                                                      ""operator"": ""="",
                                                                                      {
                                                                                        ""left"": {
                                                                                          ""count_id"": ""e_movie"",
                                                                                          ""condition"": {
                                                                                        ""and_conditions"": [
                                                                                          {
                                                                                            ""left"": {
                                                                                              ""attribute_name"": ""name"",
                                                                                              ""of"": ""e_director""
                                                                                            },
                                                                                            ""operator"": ""="",
                                                                                            {
                                                                                              ""left"": {
                                                                                ""count_id"": ""e_movie"",
                                                                                ""condition"": {
                                                                                  ""and_conditions"": [
                                                                                    {
                                                                                      ""left"": {
                                                                                        ""attribute_name"": ""name"",
                                                                                        ""of"": ""e_director""
                                                                                      },
                                                                                      ""operator"": ""="",
                                                                                      {
                                                                                        ""left"": {
                                                                                          ""count_id"": ""e_movie"",
                                                                                          ""condition"": {
                                                                                        ""and_conditions"": [
                                                                                          {
                                                                                            ""left"": {
                                                                                              ""attribute_name"": ""name"",
                                                                                              ""of"": ""e_director""
                                                                                            },
                                                                                            ""operator"": ""="",
                                                                                            {
                                                                                              ""left"": {
                                                                                ""count_id"": ""e_movie"",
                                                                                ""condition"": {
                                                                                  ""and_conditions"": [
                                                                                    {
                                                                                      ""left"": {
                                                                                        ""attribute_name"": ""name"",
                                                                                        ""of"": ""e_director""
                                                                                      },
                                                                                      ""operator"": ""="",
                                                                                      {
                                                                                        ""left"": {
                                                                                          ""count_id"": ""e_movie"",
                                                                                          ""condition"": {
                                                                                        ""and_conditions"": [
                                                                                          {
                                                                                            ""left"": {
                                                                                              ""attribute_name"": ""name"",
                                                                                              ""of"": ""e_director""
                                                                                            },
                                                                                            ""operator"": ""="",
                                                                                            {
                                                                                              ""left"": {
                                                                                ""count_id"": ""e_movie"",
                                                                                ""condition"": {
                                                                                  ""and_conditions"": [
                                                                                    {
                                                                                      ""left"": {
                                                                                        ""attribute_name"": ""name"",
                                                                                        ""of"": ""e_director""
                                                                                      },
                                                                                      ""operator"": ""="",
                                                                                      {
                                                                                        ""left"": {
                                                                                          ""count_id"": ""e_movie"",
                                                                                          ""condition"": {
                                                                                        ""and_conditions"": [
                                                                                          {
                                                                                            ""left"": {
                                                                                              ""attribute_name"": ""name"",
                                                                                              ""of"": ""e_director""
                                                                                            },
                                                                                            ""operator"": ""="",
                                                                                            {
                                                                                              ""left"": {
                                                                                ""count_id"": ""e_movie"",
                                                                                ""condition"": {
                                                                                  ""and_conditions"": [
                                                                                    {
                                                                                      ""left"": {
                                                                                        ""attribute_name"": ""name"",
                                                                                        ""of"": ""e_director""
                                                                                      },
                                                                                      ""operator"": ""="",
                                                                                      {
                                                                                        ""left"": {
                                                                                          ""count_id"": ""e_movie"",
                                                                                          ""condition"": {
                                                                                        ""and_conditions"": [
                                                                                          {
                                                                                            ""left"": {
                                                                                              ""attribute_name"": ""name"",
                                                                                              ""of"": ""e_director""
                                                                                            },
                                                                                            ""operator"": ""="",
                                                                                            {
                                                                                              ""left"": {
                                                                                ""count_id"": ""e_movie"",
                                                                                ""condition"": {
                                                                                  ""and_conditions"": [
                                                                                    {
                                                                                      ""left"": {
                                                                                        ""attribute_name"": ""name"",
                                                                                        ""of"": ""e_director""
                                                                                      },
                                                                                      ""operator"": ""="",
                                                                                      {
                                                                                        ""left"": {
                                                                                          ""count_id"": ""e_movie"",
                                                                                          ""condition"": {
                                                                                        ""and_conditions"": [
                                                                                          {
                                                                                            ""left"": {
                                                                                              ""attribute_name"": ""name"",
                                                                                              ""of"": ""e_director""
                                                                                            },
                                                                                            ""operator"": ""="",
                                                                                            {
                                                                                              ""left"": {
                                                                                ""count_id"": ""e_movie"",
                                                                                ""condition"": {
                                                                                  ""and_conditions"": [
                                                                                    {
                                                                                      ""left"": {
                                                                                        ""attribute_name"": ""name"",
                                                                                        ""of"": ""e_director""
                                                                                      },
                                                                                      ""operator"": ""="",
                                                                                      {
                                                                                        ""left"": {
                                                                                          ""count_id"": ""e_movie"",
                                                                                          ""condition"": {
                                                                                        ""and_conditions"": [
                                                                                          {
                                                                                            ""left"": {
                                                                                              ""attribute_name"": ""name"",
                                                                                              ""of"": ""e_director""
                                                                                            },
                                                                                            ""operator"": ""="",
                                                                                            {
                                                                                              ""left"": {
                                                                                ""count_id"": ""e_movie"",
                                                                                ""condition"": {
                                                                                  ""and_conditions"": [
                                                                                    {
                                                                                      ""left"": {
                                                                                        ""attribute_name"": ""name"",
                                                                                        ""of"": ""e_director""
                                                                                      },
                                                                                      ""operator"": ""="",
                                                                                      {
                                                                                        ""left"": {
                                                                                          ""count_id"": ""e_movie"",
                                                                                          ""condition"": {
                                                                                        ""and_conditions"": [
                                                                                          {
                                                                                            ""left"": {
                                                                                              ""attribute_name"": ""name"",
                                                                                              ""of"": ""e_director""
                                                                                            },
                                                                                            ""operator"": ""="",
                                                                                            {
                                                                                              ""left"": {
                                                                                ""count_id"": ""e_movie"",
                                                                                ""condition"": {
                                                                                  ""and_conditions"": [
                                                                                    {
                                                                                      ""left"": {
                                                                                        ""attribute_name"": ""name"",
                                                                                        ""of"": ""e_director""
                                                                                      },
                                                                                      ""operator"": ""="",
                                                                                      {
                                                                                        ""left"": {
                                                                                          ""count_id"": ""e_movie"",
                                                                                          ""condition"": {
                                                                                        ""and_conditions"": [
                                                                                          {
                                                                                            ""left"": {
                                                                                              ""attribute_name"": ""name"",
                                                                                              ""of"": ""e_director""
                                                                                            },
                                                                                            ""operator"": ""="",
                                                                                            {
                                                                                              ""left"": {
                                                                                ""count_id"": ""e_movie"",
                                                                                ""condition"": {
                                                                                  ""and_conditions"": [
                                                                                    {
                                                                                      ""left"": {
                                                                                        ""attribute_name"": ""name"",
                                                                                        ""of"": ""e_director""
                                                                                      },
                                                                                      ""operator"": ""="",
                                                                                      {
                                                                                        ""left"": {
                                                                                          ""count_id"": ""e_movie"",
                                                                                          ""condition"": {
                                                                                        ""and_conditions"": [
                                                                                          {
                                                                                            ""left"": {
                                                                                              ""attribute_name"": ""name"",
                                                                                              ""of"": ""e_director""
                                                                                            },
                                                                                            ""operator"": ""="",
                                                                                            {
                                                                                              ""left"": {
                                                                                ""count_id"": ""e_movie"",
                                                                                ""condition"": {
                                                                                  ""and_conditions"": [
                                                                                    {
                                                                                      ""left"": {
                                                                                        ""attribute_name"": ""name"",
                                                                                        ""of"": ""e_director""
                                                                                      },
                                                                                      ""operator"": ""="",
                                                                                      {
                                                                                        ""left"": {
                                                                                          ""count_id"": ""e_movie"",
                                                                                          ""condition"": {
                                                                                        ""and_conditions"": [
                                                                                          {
                                                                                            ""left"": {
                                                                                              ""attribute_name"": ""name"",
                                                                                              ""of"": ""e_director""
                                                                                            },
                                                                                            ""operator"": ""="",
                                                                                            {
                                                                                              ""left"": {
                                                                                ""count_id"": ""e_movie"",
                                                                                ""condition"": {
                                                                                  ""and_conditions"": [
                                                                                    {
                                                                                      ""left"": {
                                                                                        ""attribute_name"": ""name"",
                                                                                        ""of"": ""e_director""
                                                                                      },
                                                                                      ""operator"": ""="",
                                                                                      {
                                                                                        ""left"": {
                                                                                          ""count_id"": ""e_movie"",
                                                                                          ""condition"": {
                                                                                        ""and_conditions"": [
                                                                                          {
                                                                                            ""left"": {
                                                                                              ""attribute_name"": ""name"",
                                                                                              ""of"": ""e_director""
                                                                                            },
                                                                                            ""operator"": ""="",
                                                                                            {
                                                                                              ""left"": {
                                                                                ""count_id"": ""e_movie"",
                                                                                ""condition"": {
                                                                                  ""and_conditions"": [
                                                                                    {
                                                                                      ""left"": {
                                                                                        ""attribute_name"": ""name"",
                                                                                        ""of"": ""e_director""
                                                                                      },
                                                                                      ""operator"": ""="",
                                                                                      {
                                                                                        ""left"": {
                                                                                          ""count_id"": ""e_movie"",
                                                                                          ""condition"": {
                                                                                        ""and_conditions"": [
                                                                                          {
                                                                                            ""left"": {
                                                                                              ""attribute_name"": ""name"",
                                                                                              ""of"": ""e_director""
                                                                                            },
                                                                                            ""operator"": ""="",
                                                                                            {
                                                                                              ""left"": {
                                                                                ""count_id"": ""e_movie"",
                                                                                ""condition"": {
                                                                                  ""and_conditions"": [
                                                                                    {
                                                                                      ""left"": {
                                                                                        ""attribute_name"": ""name"",
                                                                                        ""of"": ""e_director""
                                                                                      },
                                                                                      ""operator"": ""="",
                                                                                      {
                                                                                        ""left"": {
                                                                                          ""count_id"": ""e_movie"",
                                                                                          ""condition"": {
                                                                                        ""and_conditions"": [
                                                                                          {
                                                                                            ""left"": {
                                                                                              ""attribute_name"": ""name"",
                                                                                              ""of"": ""e_director""
                                                                                            },
                                                                                            ""operator"": ""="",
                                                                                            {
                                                                                              ""left"": {
                                                                                ""count_id"": ""e_movie"",
                                                                                ""condition"": {
                                                                                  ""and_conditions"": [
                                                                                    {
                                                                                      ""left"": {
                                                                                        ""attribute_name"": ""name"",
                                                                                        ""of"": ""e_director""
                                                                                      },
                                                                                      ""operator"": ""="",
                                                                                      {
                                                                                        ""left"": {
                                                                                          ""count_id"": ""e_movie"",
                                                                                          ""condition"": {
                                                                                        ""and_conditions"": [
                                                                                          {
                                                                                            ""left"": {
                                                                                              ""attribute_name"": ""name"",
                                                                                              ""of"": ""e_director""
                                                                                            },
                                                                                            ""operator"": ""="",
                                                                                            {
                                                                                              ""left"": {
                                                                                ""count_id"": ""e_movie"",
                                                                                ""condition"": {
                                                                                  ""and_conditions"": [
                                                                                    {
                                                                                      ""left"": {
                                                                                        ""attribute_name"": ""name"",
                                                                                        ""of"": ""e_director""
                                                                                      },
                                                                                      ""operator"": ""="",
                                                                                      {
                                                                                        ""left"": {
                                                                                          ""count_id"": ""e_movie"",
                                                                                          ""condition"": {
                                                                                        ""and_conditions"": [
                                                                                          {
                                                                                            ""left"": {
                                                                                              ""attribute_name"": ""name"",
                                                                                              ""of"": ""e_director""
                                                                                            },
                                                                                            ""operator"": ""="",
                                                                                            {
                                                                                              ""left"": {
                                                                                ""count_id"": ""e_movie"",
                                                                                ""condition"": {
                                                                                  ""and_conditions"": [
                                                                                    {
                                                                                      ""left"": {
                                                                                        ""attribute_name"": ""name"",
                                                                                        ""of"": ""e_director""
                                                                                      },
                                                                                      ""operator"": ""="",
                                                                                      {
                                                                                        ""left"": {
                                                                                          ""count_id"": ""e_movie"",
                                                                                          ""condition"": {
                                                                                        ""and_conditions"": [
                                                                                          {
                                                                                            ""left"": {
                                                                                              ""attribute_name"": ""name"",
                                                                                              ""of"": ""e_director""
                                                                                            },
                                                                                            ""operator"": ""="",
                                                                                            {
                                                                                              ""left"": {
                                                                                ""count_id"": ""e_movie"",
                                                                                ""condition"": {
                                                                                  ""and_conditions"": [
                                                                                    {
                                                                                      ""left"": {
                                                                                        ""attribute_name"": ""name"",
                                                                                        ""of"": ""e_director""
                                                                                      },
                                                                                      ""operator"": ""="",
                                                                                      {
                                                                                        ""left"": {
                                                                                          ""count_id"": ""e_movie"",
                                                                                          ""condition"": {
                                                                                        ""and_conditions"": [
                                                                                          {
                                                                                            ""left"": {
                                                                                              ""attribute_name"": ""name"",
                                                                                              ""of"": ""e_director""
                                                                                            },
                                                                                            ""operator"": ""="",
                                                                                            {
                                                                                              ""left"": {
                                                                                ""count_id"": ""e_movie"",
                                                                                ""condition"": {
                                                                                  ""and_conditions"": [
                                                                                    {
                                                                                      ""left"": {
                                                                                        ""attribute_name"": ""name"",
                                                                                        ""of"": ""e_director""
                                                                                      },
                                                                                      ""operator"": ""="",
                                                                                      {
                                                                                        ""left"": {
                                                                                          ""count_id"": ""e_movie"",
                                                                                          ""condition"": {
                                                                                        ""and_conditions"": [
                                                                                          {
                                                                                            ""left"": {
                                                                                              ""attribute_name"": ""name"",
                                                                                              ""of"": ""e_director""
                                                                                            },
                                                                                            ""operator"": ""="",
                                                                                            {
                                                                                              ""left"": {
                                                                                ""count_id"": ""e_movie"",
                                                                                ""condition"": {
                                                                                  ""and_conditions"": [
                                                                                    {
                                                                                      ""left"": {
                                                                                        ""attribute_name"": ""name"",
                                                                                        ""of"": ""e_director""
                                                                                      },
                                                                                      ""operator"": ""="",
                                                                                      {
                                                                                        ""left"": {
                                                                                          ""count_id"": ""e_movie"",
                                                                                          ""condition"": {
                                                                                        ""and_conditions"": [
                                                                                          {
                                                                                            ""left"": {
                                                                                              ""attribute_name"": ""name"",
                                                                                              ""of"": ""e_director""
                                                                                            },
                                                                                            ""operator"": ""="",
                                                                                            {
                                                                                              ""left"": {
                                                                                ""count_id"": ""e_movie"",
                                                                                ""condition"": {
                                                                                  ""and_conditions"": [
                                                                                    {
                                                                                      ""left"": {
                                                                                        ""attribute_name"": ""name"",
                                                                                        ""of"": ""e_director""
                                                                                      },
                                                                                      ""operator"": ""="",
                                                                                      {
                                                                                        ""left"": {
                                                                                          ""count_id"": ""e_movie"",
                                                                                          ""condition"": {
                                                                                        ""and_conditions"": [
                                                                                          {
                                                                                            ""left"": {
                                                                                              ""attribute_name"": ""name"",
                                                                                              ""of"": ""e_director""
                                                                                            },
                                                                                            ""operator"": ""="",
                                                                                            {
                                                                                              ""left"": {
                                                                                ""count_id"": ""e_movie"",
                                                                                ""condition"": {
                                                                                  ""and_conditions"": [
                                                                                    {
                                                                                      ""left"": {
                                                                                        ""attribute_name"": ""name"",
                                                                                        ""of"": ""e_director""
                                                                                      },
                                                                                      ""operator"": ""="",
                                                                                      {
                                                                                        ""left"": {
                                                                                          ""count_id"": ""e_movie"",
                                                                                          ""condition"": {
                                                                                        ""and_conditions"": [
                                                                                          {
                                                                                            ""left"": {
                                                                                              ""attribute_name"": ""name"",
                                                                                              ""of"": ""e_director""
                                                                                            },
                                                                                            ""operator"": ""="",
                                                                                            {
                                                                                              ""left"": {
                                                                                ""count_id"": ""e_movie"",
                                                                                ""condition"": {
                                                                                  ""and_conditions"": [
                                                                                    {
                                                                                      ""left"": {
                                                                                        ""attribute_name"": ""name"",
                                                                                        ""of"": ""e_director""
                                                                                      },
                                                                                      ""operator"": ""="",
                                                                                      {
                                                                                        ""left"": {
                                                                                          ""count_id"": ""e_movie"",
                                                                                          ""condition"": {
                                                                                        ""and_conditions"": [
                                                                                          {
                                                                                            ""left"": {
                                                                                              ""attribute_name"": ""name"",
                                                                                              ""of"": ""e_director""
                                                                                            },
                                                                                            ""operator"": ""="",
                                                                                            {
                                                                                              ""left"": {
                                                                                ""count_id"": ""e_movie"",
                                                                                ""condition"": {
                                                                                  ""and_conditions"": [
                                                                                    {
                                                                                      ""left"": {
                                                                                        ""attribute_name"": ""name"",
                                                                                        ""of"": ""e_director""
                                                                                      },
                                                                                      ""operator"": ""="",
                                                                                      {
                                                                                        ""left"": {
                                                                                          ""count_id"": ""e_movie"",
                                                                                          ""condition"": {
                                                                                        ""and_conditions"": [
                                                                                          {
                                                                                            ""left"": {
                                                                                              ""attribute_name"": ""name"",
                                                                                              ""of"": ""e_director""
                                                                                            },
                                                                                            ""operator"": ""="",
                                                                                            {
                                                                                              ""left"": {
                                                                                ""count_id"": ""e_movie"",
                                                                                ""condition"": {
                                                                                  ""and"
10,Q08,Give me the actors whose father is among the top 5 highest-paid directors,ministral-3:14b,False,0.1,178.244943,True,stop,4096,17.58825,381,159.968606,2.3817,"```json
{
  ""hypotheses_set"": [
    [
      {
        ""id"": ""q1"",
        ""target"": [""e_actor""],
        ""entities"": [
          { ""id"": ""e_actor"", ""type"": ""Person"" },
          { ""id"": ""e_father"", ""type"": ""Person"" },
          { ""id"": ""e_movie"", ""type"": ""Movie"" },
          { ""id"": ""e_director"", ""type"": ""Person"" }
        ],
        ""relationships"": [
          { ""id"": ""r_parent"", ""role"": ""father"", ""from"": ""e_father"", ""to"": ""e_actor"" },
          { ""id"": ""r_dir"", ""role"": ""director"", ""from"": ""e_director"", ""to"": ""e_movie"" },
          { ""id"": ""r_actor"", ""role"": ""actor"", ""from"": ""e_actor"", ""to"": ""e_movie"" }
        ],
        ""constraint"": {
          ""and_conditions"": [
            ""r_parent"",
            {
              ""left"": {
                ""count_id"": ""e_movie"",
                ""condition"": {
                  ""and_conditions"": [
                    ""r_dir"",
                    {
                      ""left"": { ""attribute_name"": ""name"", ""of"": ""e_director"" },
                      ""operator"": ""="",
                      ""right"": { ""attribute_name"": ""name"", ""of"": ""e_father"" }
                    }
                  ]
                }
              },
              ""operator"": "">="",
              ""right"": 5
            }
          ]
        },
        ""projection"": [
          { ""attribute_name"": ""name"", ""of"": ""e_actor"" }
        ]
      }
    ]
  ]
}
```"
11,Q08,Give me the actors whose father is among the top 5 highest-paid directors,ministral-3:14b,False,0.1,610.774973,False,stop,4096,17.409608,1381,591.933602,2.333,"```json
{
  ""hypotheses_set"": [
    [
      {
        ""id"": ""q1"",
        ""target"": [""e_actor""],
        ""entities"": [
          { ""id"": ""e_actor"", ""type"": ""Person"" },
          { ""id"": ""e_father"", ""type"": ""Person"" },
          { ""id"": ""e_movie"", ""type"": ""Movie"" },
          { ""id"": ""e_director"", ""type"": ""Person"" }
        ],
        ""relationships"": [
          { ""id"": ""r_parent"", ""role"": ""father"", ""from"": ""e_father"", ""to"": ""e_actor"" },
          { ""id"": ""r_dir"", ""role"": ""director"", ""from"": ""e_director"", ""to"": ""e_movie"" },
          { ""id"": ""r_actor_in_movie"", ""role"": ""actor"", ""from"": ""e_actor"", ""to"": ""e_movie"" }
        ],
        ""constraint"": {
          ""and_conditions"": [
            {
              ""left"": {
                ""count_id"": ""e_movie"",
                ""condition"": {
                  ""and_conditions"": [
                    ""r_dir"",
                    {
                      ""left"": { ""attribute_name"": ""name"", ""of"": ""e_director"" },
                      ""operator"": ""="",
                      ""right"": { ""attribute_name"": ""name"", ""of"": ""e_father"" }
                    }
                  ]
                }
              },
              ""operator"": "">="",
              ""right"": 5
            },
            {
              ""left"": {
                ""attribute_name"": ""name"",
                ""of"": ""e_father""
              },
              ""operator"": ""="",
              ""right"": {
                ""left"": {
                  ""attribute_name"": ""name"",
                  ""of"": {
                    ""left"": {
                      ""count_id"": ""e_movie"",
                      ""condition"": {
                        ""and_conditions"": [
                          ""r_dir"",
                          {
                            ""left"": { ""attribute_name"": ""name"", ""of"": ""e_director"" },
                            ""operator"": ""="",
                            ""right"": { ""attribute_name"": ""name"", ""of"": ""e_father"" }
                          }
                        ]
                      }
                    },
                    ""operator"": "">="",
                    ""right"": 5
                  }
                }
              }
            }
          ]
        },
        ""projection"": [
          { ""attribute_name"": ""name"", ""of"": ""e_actor"" }
        ]
      }
    ],
    [
      {
        ""id"": ""q2"",
        ""target"": [""e_actor""],
        ""entities"": [
          { ""id"": ""e_actor"", ""type"": ""Person"" },
          { ""id"": ""e_father"", ""type"": ""Person"" },
          { ""id"": ""e_movie"", ""type"": ""Movie"" },
          { ""id"": ""e_director"", ""type"": ""Person"" }
        ],
        ""relationships"": [
          { ""id"": ""r_parent"", ""role"": ""father"", ""from"": ""e_father"", ""to"": ""e_actor"" },
          { ""id"": ""r_dir"", ""role"": ""director"", ""from"": ""e_director"", ""to"": ""e_movie"" }
        ],
        ""constraint"": {
          ""and_conditions"": [
            {
              ""left"": {
                ""count_id"": ""e_movie"",
                ""condition"": {
                  ""and_conditions"": [
                    ""r_dir"",
                    {
                      ""left"": { ""attribute_name"": ""name"", ""of"": ""e_director"" },
                      ""operator"": ""="",
                      ""right"": { ""attribute_name"": ""name"", ""of"": ""e_father"" }
                    }
                  ]
                }
              },
              ""operator"": "">="",
              ""right"": 5
            },
            {
              ""left"": {
                ""attribute_name"": ""name"",
                ""of"": ""e_father""
              },
              ""operator"": ""="",
              ""right"": {
                ""left"": {
                  ""attribute_name"": ""name"",
                  ""of"": {
                    ""left"": {
                      ""count_id"": ""e_movie"",
                      ""condition"": {
                        ""and_conditions"": [
                          ""r_dir"",
                          {
                            ""left"": {
                              ""attribute_name"": ""earnings"",
                              ""of"": ""e_director""
                            },
                            ""operator"": "">="",
                            {
                              ""left"": {
                                ""count_id"": ""e_movie"",
                                ""condition"": {
                                  ""and_conditions"": [
                                    ""r_dir"",
                                    {
                                      ""left"": {
                                        ""attribute_name"": ""name"",
                                        ""of"": ""e_director""
                                      },
                                      ""operator"": ""="",
                                      ""right"": {
                                        ""left"": {
                                          ""attribute_name"": ""name"",
                                          ""of"": {
                                            ""left"": {
                                              ""count_id"": ""e_movie"",
                                              ""condition"": {
                                                ""and_conditions"": [
                                                  ""r_dir"",
                                                  {
                                                    ""left"": {
                                                      ""attribute_name"": ""name"",
                                                      ""of"": ""e_director""
                                                    },
                                                    ""operator"": ""="",
                                                    ""right"": {
                                                      ""attribute_name"": ""name"",
                                                      ""of"": ""e_father""
                                                    }
                                                  }
                                                ]
                                              }
                                            },
                                            ""operator"": "">="",
                                            ""right"": 5
                                          }
                                        }
                                      }
                                    }
                                  ]
                                }
                              },
                              ""operator"": ""<"",
                              ""right"": {
                                ""left"": {
                                  ""attribute_name"": ""earnings"",
                                  ""of"": {
                                    ""left"": {
                                      ""count_id"": ""e_movie"",
                                      ""condition"": {
                                        ""and_conditions"": [
                                          ""r_dir"",
                                          {
                                            ""left"": {
                                              ""attribute_name"": ""name"",
                                              ""of"": ""e_director""
                                            },
                                            ""operator"": ""="",
                                            ""right"": {
                                              ""attribute_name"": ""name"",
                                              ""of"": ""e_father""
                                            }
                                          }
                                        ]
                                      }
                                    },
                                    ""operator"": "">="",
                                    ""right"": 5
                                  }
                                }
                              }
                            }
                          }
                        ]
                      }
                    }
                  }
                }
              }
            }
          ]
        },
        ""projection"": [
          { ""attribute_name"": ""name"", ""of"": ""e_actor"" }
        ]
      }
    ]
  ]
}
```"
12,Q08,Give me the actors whose father is among the top 5 highest-paid directors,ministral-3:14b,False,0.1,177.976889,True,stop,4096,17.405552,381,159.808344,2.3841,"```json
{
  ""hypotheses_set"": [
    [
      {
        ""id"": ""q1"",
        ""target"": [""e_actor""],
        ""entities"": [
          { ""id"": ""e_actor"", ""type"": ""Person"" },
          { ""id"": ""e_father"", ""type"": ""Person"" },
          { ""id"": ""e_movie"", ""type"": ""Movie"" },
          { ""id"": ""e_director"", ""type"": ""Person"" }
        ],
        ""relationships"": [
          { ""id"": ""r_parent"", ""role"": ""father"", ""from"": ""e_father"", ""to"": ""e_actor"" },
          { ""id"": ""r_dir"", ""role"": ""director"", ""from"": ""e_director"", ""to"": ""e_movie"" },
          { ""id"": ""r_actor"", ""role"": ""actor"", ""from"": ""e_actor"", ""to"": ""e_movie"" }
        ],
        ""constraint"": {
          ""and_conditions"": [
            ""r_parent"",
            {
              ""left"": {
                ""count_id"": ""e_movie"",
                ""condition"": {
                  ""and_conditions"": [
                    ""r_dir"",
                    {
                      ""left"": { ""attribute_name"": ""name"", ""of"": ""e_director"" },
                      ""operator"": ""="",
                      ""right"": { ""attribute_name"": ""name"", ""of"": ""e_father"" }
                    }
                  ]
                }
              },
              ""operator"": "">="",
              ""right"": 5
            }
          ]
        },
        ""projection"": [
          { ""attribute_name"": ""name"", ""of"": ""e_actor"" }
        ]
      }
    ]
  ]
}
```"
13,Q08,Give me the actors whose father is among the top 5 highest-paid directors,ministral-3:14b,False,0.1,436.53266,False,stop,4096,17.379332,982,418.004951,2.3493,"```json
{
  ""hypotheses_set"": [
    [
      {
        ""id"": ""q1"",
        ""target"": [""e_actor""],
        ""entities"": [
          { ""id"": ""e_actor"", ""type"": ""Person"" },
          { ""id"": ""e_father"", ""type"": ""Person"" },
          { ""id"": ""e_movie"", ""type"": ""Movie"" },
          { ""id"": ""e_director"", ""type"": ""Person"" }
        ],
        ""relationships"": [
          { ""id"": ""r_parent"", ""role"": ""father"", ""from"": ""e_father"", ""to"": ""e_actor"" },
          { ""id"": ""r_dir"", ""role"": ""director"", ""from"": ""e_director"", ""to"": ""e_movie"" },
          { ""id"": ""r_actor_in"", ""role"": ""actor"", ""from"": ""e_actor"", ""to"": ""e_movie"" }
        ],
        ""constraint"": {
          ""and_conditions"": [
            {
              ""left"": {
                ""count_id"": ""e_movie"",
                ""condition"": {
                  ""and_conditions"": [
                    ""r_dir"",
                    {
                      ""left"": { ""attribute_name"": ""name"", ""of"": ""e_director"" },
                      ""operator"": ""="",
                      { ""attribute_name"": ""name"", ""of"": ""e_father"" }
                    }
                  ]
                }
              },
              ""operator"": "">="",
              ""right"": 5
            },
            {
              ""left"": {
                ""attribute_name"": ""name"",
                ""of"": ""e_father""
              },
              ""operator"": ""="",
              {
                ""attribute_name"": ""name"",
                ""of"": {
                  ""count_id"": ""e_movie"",
                  ""condition"": {
                    ""and_conditions"": [
                      ""r_dir"",
                      {
                        ""left"": {
                          ""attribute_name"": ""name"",
                          ""of"": ""e_director""
                        },
                        ""operator"": ""="",
                        { ""attribute_name"": ""name"", ""of"": ""e_father"" }
                      }
                    ]
                  }
                }
              }
            }
          ]
        },
        ""projection"": [
          { ""attribute_name"": ""name"", ""of"": ""e_actor"" }
        ]
      }
    ],
    [
      {
        ""id"": ""q2"",
        ""target"": [""e_actor""],
        ""entities"": [
          { ""id"": ""e_actor"", ""type"": ""Person"" },
          { ""id"": ""e_father"", ""type"": ""Person"" },
          { ""id"": ""e_movie"", ""type"": ""Movie"" },
          { ""id"": ""e_director"", ""type"": ""Person"" }
        ],
        ""relationships"": [
          { ""id"": ""r_parent"", ""role"": ""father"", ""from"": ""e_father"", ""to"": ""e_actor"" },
          { ""id"": ""r_dir"", ""role"": ""director"", ""from"": ""e_director"", ""to"": ""e_movie"" }
        ],
        ""constraint"": {
          ""and_conditions"": [
            {
              ""left"": {
                ""attribute_name"": ""name"",
                ""of"": ""e_father""
              },
              ""operator"": ""="",
              {
                ""left"": {
                  ""attribute_name"": ""name"",
                  ""of"": {
                    ""count_id"": ""e_movie"",
                    ""condition"": {
                      ""and_conditions"": [
                        ""r_dir"",
                        {
                          ""left"": {
                            ""attribute_name"": ""name"",
                            ""of"": ""e_director""
                          },
                          ""operator"": ""="",
                          { ""attribute_name"": ""name"", ""of"": ""e_father"" }
                        }
                      ]
                    }
                  }
                }
              }
            },
            {
              ""left"": {
                ""count_id"": ""e_movie"",
                ""condition"": {
                  ""and_conditions"": [
                    ""r_dir"",
                    {
                      ""left"": { ""attribute_name"": ""name"", ""of"": ""e_director"" },
                      ""operator"": ""="",
                      { ""attribute_name"": ""name"", ""of"": ""e_father"" }
                    }
                  ]
                }
              },
              ""operator"": "">="",
              ""right"": 5
            }
          ]
        },
        ""projection"": [
          { ""attribute_name"": ""name"", ""of"": ""e_actor"" }
        ]
      }
    ]
  ]
}
```"
14,Q08,Give me the actors whose father is among the top 5 highest-paid directors,ministral-3:14b,False,0.1,481.840712,False,stop,4096,17.439322,1085,463.175811,2.3425,"```json
{
  ""hypotheses_set"": [
    [
      {
        ""id"": ""q1"",
        ""target"": [""e_actor""],
        ""entities"": [
          { ""id"": ""e_actor"", ""type"": ""Person"" },
          { ""id"": ""e_father"", ""type"": ""Person"" },
          { ""id"": ""e_movie"", ""type"": ""Movie"" },
          { ""id"": ""e_director"", ""type"": ""Person"" }
        ],
        ""relationships"": [
          { ""id"": ""r_parent"", ""role"": ""father"", ""from"": ""e_father"", ""to"": ""e_actor"" },
          { ""id"": ""r_dir"", ""role"": ""director"", ""from"": ""e_director"", ""to"": ""e_movie"" },
          { ""id"": ""r_actor_in_movie"", ""role"": ""actor"", ""from"": ""e_actor"", ""to"": ""e_movie"" }
        ],
        ""constraint"": {
          ""and_conditions"": [
            {
              ""left"": {
                ""count_id"": ""e_movie"",
                ""condition"": {
                  ""and_conditions"": [
                    ""r_dir"",
                    {
                      ""left"": { ""attribute_name"": ""name"", ""of"": ""e_director"" },
                      ""operator"": ""="",
                      ""right"": { ""attribute_name"": ""name"", ""of"": ""e_father"" }
                    }
                  ]
                }
              },
              ""operator"": "">="",
              ""right"": 5
            },
            {
              ""left"": {
                ""attribute_name"": ""name"",
                ""of"": ""e_father""
              },
              ""operator"": ""="",
              ""right"": {
                ""left"": {
                  ""attribute_name"": ""name"",
                  ""of"": {
                    ""left"": {
                      ""count_id"": ""e_movie"",
                      ""condition"": {
                        ""and_conditions"": [
                          ""r_dir"",
                          {
                            ""left"": { ""attribute_name"": ""name"", ""of"": ""e_director"" },
                            ""operator"": ""="",
                            ""right"": { ""attribute_name"": ""name"", ""of"": ""e_father"" }
                          }
                        ]
                      }
                    },
                    ""operator"": "">="",
                    ""right"": 5
                  }
                }
              }
            }
          ]
        },
        ""projection"": [
          { ""attribute_name"": ""name"", ""of"": ""e_actor"" }
        ]
      }
    ],
    [
      {
        ""id"": ""q2"",
        ""target"": [""e_actor""],
        ""entities"": [
          { ""id"": ""e_actor"", ""type"": ""Person"" },
          { ""id"": ""e_father"", ""type"": ""Person"" },
          { ""id"": ""e_movie"", ""type"": ""Movie"" },
          { ""id"": ""e_director"", ""type"": ""Person"" },
          { ""id"": ""e_earnings"", ""type"": ""Earnings"" }
        ],
        ""relationships"": [
          { ""id"": ""r_parent"", ""role"": ""father"", ""from"": ""e_father"", ""to"": ""e_actor"" },
          { ""id"": ""r_dir"", ""role"": ""director"", ""from"": ""e_director"", ""to"": ""e_movie"" },
          { ""id"": ""r_earn"", ""role"": ""earned"", ""from"": ""e_director"", ""to"": ""e_earnings"" }
        ],
        ""constraint"": {
          ""and_conditions"": [
            {
              ""left"": {
                ""count_id"": ""e_earnings"",
                ""condition"": {
                  ""and_conditions"": [
                    ""r_earn"",
                    {
                      ""left"": { ""attribute_name"": ""name"", ""of"": ""e_director"" },
                      ""operator"": ""="",
                      ""right"": { ""attribute_name"": ""name"", ""of"": ""e_father"" }
                    }
                  ]
                }
              },
              ""operator"": "">="",
              ""right"": 5
            },
            {
              ""left"": {
                ""attribute_name"": ""name"",
                ""of"": ""e_father""
              },
              ""operator"": ""="",
              ""right"": {
                ""left"": {
                  ""count_id"": ""e_earnings"",
                  ""condition"": {
                    ""and_conditions"": [
                      ""r_earn"",
                      {
                        ""left"": { ""attribute_name"": ""name"", ""of"": ""e_director"" },
                        ""operator"": ""="",
                        ""right"": { ""attribute_name"": ""name"", ""of"": ""e_father"" }
                      }
                    ]
                  }
                },
                ""operator"": "">="""",
                ""right"": 5
              }
            }
          ]
        },
        ""projection"": [
          { ""attribute_name"": ""name"", ""of"": ""e_actor"" }
        ]
      }
    ]
  ]
}
```"
15,Q08,Give me the actors whose father is among the top 5 highest-paid directors,ministral-3:14b,False,0.1,176.814313,False,stop,4096,17.526212,378,158.510095,2.3847,"```json
{
  ""hypotheses_set"": [
    [
      {
        ""id"": ""q1"",
        ""target"": [""e_actor""],
        ""entities"": [
          { ""id"": ""e_actor"", ""type"": ""Person"" },
          { ""id"": ""e_father"", ""type"": ""Person"" },
          { ""id"": ""e_movie"", ""type"": ""Movie"" },
          { ""id"": ""e_director"", ""type"": ""Person"" }
        ],
        ""relationships"": [
          { ""id"": ""r_parent"", ""role"": ""father"", ""from"": ""e_father"", ""to"": ""e_actor"" },
          { ""id"": ""r_dir"", ""role"": ""director"", ""from"": ""e_director"", ""to"": ""e_movie"" },
          { ""id"": ""r_act"", ""role"": ""actor"", ""from"": ""e_actor"", ""to"": ""e_movie"" }
        ],
        ""constraint"": {
          ""and_conditions"": [
            ""r_parent"",
            {
              ""left"": {
                ""count_id"": ""e_movie"",
                ""condition"": {
                  ""and_conditions"": [
                    ""r_dir"",
                    {
                      ""left"": { ""attribute_name"": ""name"", ""of"": ""e_director"" },
                      ""operator"": ""="",
                      { ""attribute_name"": ""name"", ""of"": ""e_father"" }
                    }
                  ]
                }
              },
              ""operator"": "">="",
              ""right"": 5
            }
          ]
        },
        ""projection"": [
          { ""attribute_name"": ""name"", ""of"": ""e_actor"" }
        ]
      }
    ]
  ]
}
```"
16,Q08,Give me the actors whose father is among the top 5 highest-paid directors,ministral-3:14b,False,0.1,178.088017,True,stop,4096,17.474497,381,159.724176,2.3854,"```json
{
  ""hypotheses_set"": [
    [
      {
        ""id"": ""q1"",
        ""target"": [""e_actor""],
        ""entities"": [
          { ""id"": ""e_actor"", ""type"": ""Person"" },
          { ""id"": ""e_father"", ""type"": ""Person"" },
          { ""id"": ""e_movie"", ""type"": ""Movie"" },
          { ""id"": ""e_director"", ""type"": ""Person"" }
        ],
        ""relationships"": [
          { ""id"": ""r_parent"", ""role"": ""father"", ""from"": ""e_father"", ""to"": ""e_actor"" },
          { ""id"": ""r_dir"", ""role"": ""director"", ""from"": ""e_director"", ""to"": ""e_movie"" },
          { ""id"": ""r_actor"", ""role"": ""actor"", ""from"": ""e_actor"", ""to"": ""e_movie"" }
        ],
        ""constraint"": {
          ""and_conditions"": [
            ""r_parent"",
            {
              ""left"": {
                ""count_id"": ""e_movie"",
                ""condition"": {
                  ""and_conditions"": [
                    ""r_dir"",
                    {
                      ""left"": { ""attribute_name"": ""name"", ""of"": ""e_director"" },
                      ""operator"": ""="",
                      ""right"": { ""attribute_name"": ""name"", ""of"": ""e_father"" }
                    }
                  ]
                }
              },
              ""operator"": "">="",
              ""right"": 5
            }
          ]
        },
        ""projection"": [
          { ""attribute_name"": ""name"", ""of"": ""e_actor"" }
        ]
      }
    ]
  ]
}
```"
17,Q08,Give me the actors whose father is among the top 5 highest-paid directors,ministral-3:14b,False,0.1,178.400951,True,stop,4096,17.642882,381,160.002878,2.3812,"```json
{
  ""hypotheses_set"": [
    [
      {
        ""id"": ""q1"",
        ""target"": [""e_actor""],
        ""entities"": [
          { ""id"": ""e_actor"", ""type"": ""Person"" },
          { ""id"": ""e_father"", ""type"": ""Person"" },
          { ""id"": ""e_movie"", ""type"": ""Movie"" },
          { ""id"": ""e_director"", ""type"": ""Person"" }
        ],
        ""relationships"": [
          { ""id"": ""r_parent"", ""role"": ""father"", ""from"": ""e_father"", ""to"": ""e_actor"" },
          { ""id"": ""r_dir"", ""role"": ""director"", ""from"": ""e_director"", ""to"": ""e_movie"" },
          { ""id"": ""r_actor"", ""role"": ""actor"", ""from"": ""e_actor"", ""to"": ""e_movie"" }
        ],
        ""constraint"": {
          ""and_conditions"": [
            ""r_parent"",
            {
              ""left"": {
                ""count_id"": ""e_movie"",
                ""condition"": {
                  ""and_conditions"": [
                    ""r_dir"",
                    {
                      ""left"": { ""attribute_name"": ""name"", ""of"": ""e_director"" },
                      ""operator"": ""="",
                      ""right"": { ""attribute_name"": ""name"", ""of"": ""e_father"" }
                    }
                  ]
                }
              },
              ""operator"": "">="",
              ""right"": 5
            }
          ]
        },
        ""projection"": [
          { ""attribute_name"": ""name"", ""of"": ""e_actor"" }
        ]
      }
    ]
  ]
}
```"
18,Q08,Give me the actors whose father is among the top 5 highest-paid directors,ministral-3:14b,False,0.1,178.159647,True,stop,4096,17.388026,381,160.008949,2.3811,"```json
{
  ""hypotheses_set"": [
    [
      {
        ""id"": ""q1"",
        ""target"": [""e_actor""],
        ""entities"": [
          { ""id"": ""e_actor"", ""type"": ""Person"" },
          { ""id"": ""e_father"", ""type"": ""Person"" },
          { ""id"": ""e_movie"", ""type"": ""Movie"" },
          { ""id"": ""e_director"", ""type"": ""Person"" }
        ],
        ""relationships"": [
          { ""id"": ""r_parent"", ""role"": ""father"", ""from"": ""e_father"", ""to"": ""e_actor"" },
          { ""id"": ""r_dir"", ""role"": ""director"", ""from"": ""e_director"", ""to"": ""e_movie"" },
          { ""id"": ""r_act"", ""role"": ""actor"", ""from"": ""e_actor"", ""to"": ""e_movie"" }
        ],
        ""constraint"": {
          ""and_conditions"": [
            ""r_parent"",
            {
              ""left"": {
                ""count_id"": ""e_movie"",
                ""condition"": {
                  ""and_conditions"": [
                    ""r_dir"",
                    {
                      ""left"": { ""attribute_name"": ""name"", ""of"": ""e_director"" },
                      ""operator"": ""="",
                      ""right"": { ""attribute_name"": ""name"", ""of"": ""e_father"" }
                    }
                  ]
                }
              },
              ""operator"": "">="",
              ""right"": 5
            }
          ]
        },
        ""projection"": [
          { ""attribute_name"": ""name"", ""of"": ""e_actor"" }
        ]
      }
    ]
  ]
}
```"
19,Q08,Give me the actors whose father is among the top 5 highest-paid directors,ministral-3:14b,False,0.1,177.833295,True,stop,4096,17.575733,381,159.496948,2.3888,"```json
{
  ""hypotheses_set"": [
    [
      {
        ""id"": ""q1"",
        ""target"": [""e_actor""],
        ""entities"": [
          { ""id"": ""e_actor"", ""type"": ""Person"" },
          { ""id"": ""e_father"", ""type"": ""Person"" },
          { ""id"": ""e_movie"", ""type"": ""Movie"" },
          { ""id"": ""e_director"", ""type"": ""Person"" }
        ],
        ""relationships"": [
          { ""id"": ""r_parent"", ""role"": ""father"", ""from"": ""e_father"", ""to"": ""e_actor"" },
          { ""id"": ""r_dir"", ""role"": ""director"", ""from"": ""e_director"", ""to"": ""e_movie"" },
          { ""id"": ""r_actor"", ""role"": ""actor"", ""from"": ""e_actor"", ""to"": ""e_movie"" }
        ],
        ""constraint"": {
          ""and_conditions"": [
            ""r_parent"",
            {
              ""left"": {
                ""count_id"": ""e_movie"",
                ""condition"": {
                  ""and_conditions"": [
                    ""r_dir"",
                    {
                      ""left"": { ""attribute_name"": ""name"", ""of"": ""e_director"" },
                      ""operator"": ""="",
                      ""right"": { ""attribute_name"": ""name"", ""of"": ""e_father"" }
                    }
                  ]
                }
              },
              ""operator"": "">="",
              ""right"": 5
            }
          ]
        },
        ""projection"": [
          { ""attribute_name"": ""name"", ""of"": ""e_actor"" }
        ]
      }
    ]
  ]
}
```"
20,Q08,Give me the actors whose father is among the top 5 highest-paid directors,ministral-3:14b,False,0.1,240.874306,False,stop,4096,17.3706,528,222.641508,2.3715,"```json
{
  ""hypotheses_set"": [
    [
      {
        ""id"": ""q1"",
        ""target"": [""e_actor""],
        ""entities"": [
          { ""id"": ""e_actor"", ""type"": ""Person"" },
          { ""id"": ""e_father"", ""type"": ""Person"" },
          { ""id"": ""e_movie"", ""type"": ""Movie"" },
          { ""id"": ""e_director"", ""type"": ""Person"" }
        ],
        ""relationships"": [
          { ""id"": ""r_parent"", ""role"": ""father"", ""from"": ""e_father"", ""to"": ""e_actor"" },
          { ""id"": ""r_dir"", ""role"": ""director"", ""from"": ""e_director"", ""to"": ""e_movie"" },
          { ""id"": ""r_actor"", ""role"": ""actor"", ""from"": ""e_actor"", ""to"": ""e_movie"" }
        ],
        ""constraint"": {
          ""and_conditions"": [
            ""r_parent"",
            {
              ""left"": {
                ""count_id"": ""e_movie"",
                ""condition"": {
                  ""and_conditions"": [
                    ""r_dir"",
                    {
                      ""left"": { ""attribute_name"": ""name"", ""of"": ""e_director"" },
                      ""operator"": ""="",
                      { ""attribute_name"": ""name"", ""of"": ""e_father"" }
                    }
                  ]
                }
              },
              ""operator"": "">="",
              ""right"": {
                ""left"": {
                  ""count_id"": ""e_movie"",
                  ""condition"": {
                    ""and_conditions"": [
                      ""r_dir"",
                      {
                        ""left"": {
                          ""count_id"": ""e_movie"",
                          ""condition"": {
                            ""and_conditions"": [
                              ""r_dir"",
                              {
                                ""left"": { ""attribute_name"": ""name"", ""of"": ""e_director"" },
                                ""operator"": ""="",
                                { ""attribute_name"": ""name"", ""of"": ""e_father"" }
                              }
                            ]
                          }
                        },
                        ""operator"": ""<"",
                        ""right"": 5
                      }
                    ]
                  }
                },
                ""operator"": ""<=""
              }
            }
          ]
        },
        ""projection"": [
          { ""attribute_name"": ""name"", ""of"": ""e_actor"" }
        ]
      }
    ]
  ]
}
```"
21,Q08,Give me the actors whose father is among the top 5 highest-paid directors,ministral-3:14b,False,0.1,494.894936,False,stop,4096,17.564854,1117,476.107977,2.3461,"```json
{
  ""hypotheses_set"": [
    [
      {
        ""id"": ""q1"",
        ""target"": [""e_actor""],
        ""entities"": [
          { ""id"": ""e_actor"", ""type"": ""Person"" },
          { ""id"": ""e_father"", ""type"": ""Person"" },
          { ""id"": ""e_movie"", ""type"": ""Movie"" },
          { ""id"": ""e_director"", ""type"": ""Person"" }
        ],
        ""relationships"": [
          { ""id"": ""r_parent"", ""role"": ""father"", ""from"": ""e_father"", ""to"": ""e_actor"" },
          { ""id"": ""r_dir"", ""role"": ""director"", ""from"": ""e_director"", ""to"": ""e_movie"" },
          { ""id"": ""r_actor"", ""role"": ""actor"", ""from"": ""e_actor"", ""to"": ""e_movie"" }
        ],
        ""constraint"": {
          ""and_conditions"": [
            ""r_parent"",
            {
              ""left"": {
                ""count_id"": ""e_movie"",
                ""condition"": {
                  ""and_conditions"": [
                    ""r_dir"",
                    {
                      ""left"": { ""attribute_name"": ""name"", ""of"": ""e_director"" },
                      ""operator"": ""="",
                      { ""attribute_name"": ""name"", ""of"": ""e_father"" }
                    }
                  ]
                }
              },
              ""operator"": "">="",
              ""right"": {
                ""left"": {
                  ""count_id"": ""e_movie"",
                  ""condition"": {
                    ""and_conditions"": [
                      ""r_dir"",
                      {
                        ""left"": {
                          ""count_id"": ""e_movie"",
                          ""condition"": {
                            ""and_conditions"": [
                              ""r_dir"",
                              {
                                ""left"": { ""attribute_name"": ""name"", ""of"": ""e_director"" },
                                ""operator"": ""="",
                                { ""attribute_name"": ""name"", ""of"": ""e_father"" }
                              }
                            ]
                          }
                        },
                        ""operator"": ""<"",
                        ""right"": {
                          ""count_id"": ""e_movie"",
                          ""condition"": {
                            ""and_conditions"": [
                              ""r_dir"",
                              {
                                ""left"": { ""attribute_name"": ""name"", ""of"": ""e_director"" },
                                ""operator"": ""="",
                                { ""attribute_name"": ""name"", ""of"": ""e_father"" }
                              }
                            ]
                          }
                        }
                      }
                    ]
                  }
                },
                ""operator"": ""<="",
                ""right"": 5
              }
            }
          ]
        },
        ""projection"": [
          { ""attribute_name"": ""name"", ""of"": ""e_actor"" }
        ]
      }
    ],
    [
      {
        ""id"": ""q2"",
        ""target"": [""e_actor""],
        ""entities"": [
          { ""id"": ""e_actor"", ""type"": ""Person"" },
          { ""id"": ""e_father"", ""type"": ""Person"" },
          { ""id"": ""e_movie"", ""type"": ""Movie"" },
          { ""id"": ""e_director"", ""type"": ""Person"" }
        ],
        ""relationships"": [
          { ""id"": ""r_parent"", ""role"": ""father"", ""from"": ""e_father"", ""to"": ""e_actor"" },
          { ""id"": ""r_dir"", ""role"": ""director"", ""from"": ""e_director"", ""to"": ""e_movie"" }
        ],
        ""constraint"": {
          ""and_conditions"": [
            ""r_parent"",
            {
              ""left"": {
                ""attribute_name"": ""name"",
                ""of"": ""e_father""
              },
              ""operator"": ""="",
              {
                ""left"": {
                  ""count_id"": ""e_movie"",
                  ""condition"": {
                    ""and_conditions"": [
                      ""r_dir"",
                      {
                        ""left"": {
                          ""count_id"": ""e_movie"",
                          ""condition"": {
                            ""and_conditions"": [
                              ""r_dir"",
                              {
                                ""left"": { ""attribute_name"": ""name"", ""of"": ""e_director"" },
                                ""operator"": ""<>"",
                                { ""attribute_name"": ""name"", ""of"": ""e_father"" }
                              }
                            ]
                          }
                        },
                        ""operator"": ""<"",
                        ""right"": {
                          ""count_id"": ""e_movie"",
                          ""condition"": {
                            ""and_conditions"": [
                              ""r_dir"",
                              {
                                ""left"": { ""attribute_name"": ""name"", ""of"": ""e_director"" },
                                ""operator"": ""="",
                                { ""attribute_name"": ""name"", ""of"": ""e_father"" }
                              }
                            ]
                          }
                        }
                      }
                    ]
                  }
                },
                ""operator"": ""<="",
                ""right"": 5
              }
            }
          ]
        },
        ""projection"": [
          { ""attribute_name"": ""name"", ""of"": ""e_actor"" }
        ]
      }
    ]
  ]
}
```"
22,Q08,Give me the actors whose father is among the top 5 highest-paid directors,ministral-3:14b,False,0.1,176.699019,False,stop,4096,17.534068,378,158.397283,2.3864,"```json
{
  ""hypotheses_set"": [
    [
      {
        ""id"": ""q1"",
        ""target"": [""e_actor""],
        ""entities"": [
          { ""id"": ""e_actor"", ""type"": ""Person"" },
          { ""id"": ""e_father"", ""type"": ""Person"" },
          { ""id"": ""e_movie"", ""type"": ""Movie"" },
          { ""id"": ""e_director"", ""type"": ""Person"" }
        ],
        ""relationships"": [
          { ""id"": ""r_parent"", ""role"": ""father"", ""from"": ""e_father"", ""to"": ""e_actor"" },
          { ""id"": ""r_dir"", ""role"": ""director"", ""from"": ""e_director"", ""to"": ""e_movie"" },
          { ""id"": ""r_actor"", ""role"": ""actor"", ""from"": ""e_actor"", ""to"": ""e_movie"" }
        ],
        ""constraint"": {
          ""and_conditions"": [
            ""r_parent"",
            {
              ""left"": {
                ""count_id"": ""e_movie"",
                ""condition"": {
                  ""and_conditions"": [
                    ""r_dir"",
                    {
                      ""left"": { ""attribute_name"": ""name"", ""of"": ""e_director"" },
                      ""operator"": ""="",
                      { ""attribute_name"": ""name"", ""of"": ""e_father"" }
                    }
                  ]
                }
              },
              ""operator"": "">="",
              ""right"": 5
            }
          ]
        },
        ""projection"": [
          { ""attribute_name"": ""name"", ""of"": ""e_actor"" }
        ]
      }
    ]
  ]
}
```"
23,Q08,Give me the actors whose father is among the top 5 highest-paid directors,ministral-3:14b,False,0.1,176.17261,True,stop,4096,17.632302,376,157.784059,2.383,"```json
{
  ""hypotheses_set"": [
    [
      {
        ""id"": ""q1"",
        ""target"": [""e_actor""],
        ""entities"": [
          { ""id"": ""e_actor"", ""type"": ""Person"" },
          { ""id"": ""e_father"", ""type"": ""Person"" },
          { ""id"": ""e_movie"", ""type"": ""Movie"" },
          { ""id"": ""e_director"", ""type"": ""Person"" }
        ],
        ""relationships"": [
          { ""id"": ""r_parent"", ""role"": ""father"", ""from"": ""e_father"", ""to"": ""e_actor"" },
          { ""id"": ""r_dir"", ""role"": ""director"", ""from"": ""e_director"", ""to"": ""e_movie"" },
          { ""id"": ""r_actor"", ""role"": ""actor"", ""from"": ""e_actor"", ""to"": ""e_movie"" }
        ],
        ""constraint"": {
          ""and_conditions"": [
            ""r_parent"",
            {
              ""left"": {
                ""count_id"": ""e_movie"",
                ""condition"": {
                  ""and_conditions"": [
                    {
                      ""left"": { ""attribute_name"": ""name"", ""of"": ""e_director"" },
                      ""operator"": ""="",
                      ""right"": { ""attribute_name"": ""name"", ""of"": ""e_father"" }
                    }
                  ]
                }
              },
              ""operator"": "">="",
              ""right"": 5
            }
          ]
        },
        ""projection"": [
          { ""attribute_name"": ""name"", ""of"": ""e_actor"" }
        ]
      }
    ]
  ]
}
```"
24,Q08,Give me the actors whose father is among the top 5 highest-paid directors,ministral-3:14b,False,0.1,178.194267,True,stop,4096,17.607184,381,159.827381,2.3838,"```json
{
  ""hypotheses_set"": [
    [
      {
        ""id"": ""q1"",
        ""target"": [""e_actor""],
        ""entities"": [
          { ""id"": ""e_actor"", ""type"": ""Person"" },
          { ""id"": ""e_father"", ""type"": ""Person"" },
          { ""id"": ""e_movie"", ""type"": ""Movie"" },
          { ""id"": ""e_director"", ""type"": ""Person"" }
        ],
        ""relationships"": [
          { ""id"": ""r_parent"", ""role"": ""father"", ""from"": ""e_father"", ""to"": ""e_actor"" },
          { ""id"": ""r_dir"", ""role"": ""director"", ""from"": ""e_director"", ""to"": ""e_movie"" },
          { ""id"": ""r_actor"", ""role"": ""actor"", ""from"": ""e_actor"", ""to"": ""e_movie"" }
        ],
        ""constraint"": {
          ""and_conditions"": [
            ""r_parent"",
            {
              ""left"": {
                ""count_id"": ""e_movie"",
                ""condition"": {
                  ""and_conditions"": [
                    ""r_dir"",
                    {
                      ""left"": { ""attribute_name"": ""name"", ""of"": ""e_director"" },
                      ""operator"": ""="",
                      ""right"": { ""attribute_name"": ""name"", ""of"": ""e_father"" }
                    }
                  ]
                }
              },
              ""operator"": "">="",
              ""right"": 5
            }
          ]
        },
        ""projection"": [
          { ""attribute_name"": ""name"", ""of"": ""e_actor"" }
        ]
      }
    ]
  ]
}
```"
25,Q08,Give me the actors whose father is among the top 5 highest-paid directors,ministral-3:14b,False,0.1,461.818306,False,stop,4096,17.662466,1038,442.978293,2.3432,"```json
{
  ""hypotheses_set"": [
    [
      {
        ""id"": ""q1"",
        ""target"": [""e_actor""],
        ""entities"": [
          { ""id"": ""e_actor"", ""type"": ""Person"" },
          { ""id"": ""e_father"", ""type"": ""Person"" },
          { ""id"": ""e_movie"", ""type"": ""Movie"" },
          { ""id"": ""e_director"", ""type"": ""Person"" }
        ],
        ""relationships"": [
          { ""id"": ""r_parent"", ""role"": ""father"", ""from"": ""e_father"", ""to"": ""e_actor"" },
          { ""id"": ""r_dir"", ""role"": ""director"", ""from"": ""e_director"", ""to"": ""e_movie"" },
          { ""id"": ""r_actor"", ""role"": ""actor"", ""from"": ""e_actor"", ""to"": ""e_movie"" }
        ],
        ""constraint"": {
          ""and_conditions"": [
            ""r_parent"",
            {
              ""left"": {
                ""count_id"": ""e_movie"",
                ""condition"": {
                  ""and_conditions"": [
                    { ""left"": { ""attribute_name"": ""director_id"", ""of"": ""e_movie"" }, ""operator"": ""="", ""right"": { ""attribute_name"": ""id"", ""of"": ""e_father"" } }
                  ]
                }
              },
              ""operator"": "">="",
              ""right"": {
                ""left"": {
                  ""count_id"": ""e_movie"",
                  ""condition"": {
                    ""and_conditions"": [
                      {
                        ""left"": {
                          ""count_id"": ""e_movie"",
                          ""condition"": {
                            ""and_conditions"": [
                              { ""left"": { ""attribute_name"": ""director_id"", ""of"": ""e_movie"" }, ""operator"": ""="", ""right"": { ""attribute_name"": ""id"", ""of"": ""e_director"" } }
                            ]
                          }
                        },
                        ""operator"": "">="",
                        ""right"": 5
                      }
                    ]
                  }
                },
                ""operator"": ""="",
                ""right"": {
                  ""left"": {
                    ""count_id"": ""e_movie"",
                    ""condition"": {
                      ""and_conditions"": [
                        { ""left"": { ""attribute_name"": ""director_id"", ""of"": ""e_movie"" }, ""operator"": ""="", ""right"": { ""attribute_name"": ""id"", ""of"": ""e_father"" } }
                      ]
                    }
                  },
                  ""operator"": ""<"",
                  ""right"": {
                    ""left"": {
                      ""count_id"": ""e_movie"",
                      ""condition"": {
                        ""and_conditions"": [
                          { ""left"": { ""attribute_name"": ""director_id"", ""of"": ""e_movie"" }, ""operator"": ""="", ""right"": { ""attribute_name"": ""id"", ""of"": ""e_director"" } }
                        ]
                      }
                    },
                    ""operator"": "">="",
                    ""right"": 5
                  }
                }
              }
            }
          ]
        },
        ""projection"": [
          { ""attribute_name"": ""name"", ""of"": ""e_actor"" }
        ]
      }
    ],
    [
      {
        ""id"": ""q2"",
        ""target"": [""e_actor""],
        ""entities"": [
          { ""id"": ""e_actor"", ""type"": ""Person"" },
          { ""id"": ""e_father"", ""type"": ""Person"" },
          { ""id"": ""e_director"", ""type"": ""Person"" }
        ],
        ""relationships"": [
          { ""id"": ""r_parent"", ""role"": ""father"", ""from"": ""e_father"", ""to"": ""e_actor"" }
        ],
        ""constraint"": {
          ""and_conditions"": [
            ""r_parent"",
            {
              ""left"": {
                ""count_id"": ""e_father"",
                ""condition"": {
                  ""and_conditions"": [
                    {
                      ""left"": {
                        ""count_id"": ""e_movie"",
                        ""condition"": {
                          ""and_conditions"": [
                            {
                              ""left"": { ""attribute_name"": ""director_id"", ""of"": ""e_movie"" },
                              ""operator"": ""="",
                              ""right"": { ""attribute_name"": ""id"", ""of"": ""e_father"" }
                            }
                          ]
                        }
                      },
                      ""operator"": "">="""",
                      ""right"": 5
                    }
                  ]
                }
              },
              ""operator"": "">="",
              ""right"": 5
            }
          ]
        },
        ""projection"": [
          { ""attribute_name"": ""name"", ""of"": ""e_actor"" }
        ]
      }
    ]
  ]
}
```"
26,Q08,Give me the actors whose father is among the top 5 highest-paid directors,ministral-3:14b,False,0.1,250.833795,True,stop,4096,17.519172,550,232.444322,2.3662,"```json
{
  ""hypotheses_set"": [
    [
      {
        ""id"": ""q1"",
        ""target"": [""e_actor""],
        ""entities"": [
          { ""id"": ""e_actor"", ""type"": ""Person"" },
          { ""id"": ""e_father"", ""type"": ""Person"" },
          { ""id"": ""e_movie"", ""type"": ""Movie"" },
          { ""id"": ""e_director"", ""type"": ""Person"" }
        ],
        ""relationships"": [
          { ""id"": ""r_parent"", ""role"": ""father"", ""from"": ""e_father"", ""to"": ""e_actor"" },
          { ""id"": ""r_dir"", ""role"": ""director"", ""from"": ""e_director"", ""to"": ""e_movie"" },
          { ""id"": ""r_actor"", ""role"": ""actor"", ""from"": ""e_actor"", ""to"": ""e_movie"" }
        ],
        ""constraint"": {
          ""and_conditions"": [
            ""r_parent"",
            {
              ""left"": {
                ""count_id"": ""e_movie"",
                ""condition"": {
                  ""and_conditions"": [
                    { ""left"": { ""attribute_name"": ""name"", ""of"": ""e_director"" }, ""operator"": ""="", ""right"": { ""attribute_name"": ""name"", ""of"": ""e_father"" } }
                  ]
                }
              },
              ""operator"": ""="",
              ""right"": {
                ""left"": {
                  ""count_id"": ""e_movie"",
                  ""condition"": {
                    ""and_conditions"": [
                      {
                        ""left"": {
                          ""attribute_name"": ""name"",
                          ""of"": ""e_director""
                        },
                        ""operator"": ""in"",
                        ""right"": {
                          ""left"": {
                            ""count_id"": ""e_movie"",
                            ""condition"": {
                              ""and_conditions"": [
                                {
                                  ""left"": {
                                    ""attribute_name"": ""name"",
                                    ""of"": ""e_director""
                                  },
                                  ""operator"": ""in"",
                                  ""right"": {
                                    ""expression"": ""top 5 highest-paid directors""
                                  }
                                }
                              ]
                            }
                          },
                          ""operator"": ""="",
                          ""right"": 5
                        }
                      }
                    ]
                  }
                }
              }
            }
          ]
        },
        ""projection"": [
          { ""attribute_name"": ""name"", ""of"": ""e_actor"" }
        ]
      }
    ]
  ]
}
```"
27,Q08,Give me the actors whose father is among the top 5 highest-paid directors,ministral-3:14b,False,0.1,178.008148,True,stop,4096,17.386906,381,159.85414,2.3834,"```json
{
  ""hypotheses_set"": [
    [
      {
        ""id"": ""q1"",
        ""target"": [""e_actor""],
        ""entities"": [
          { ""id"": ""e_actor"", ""type"": ""Person"" },
          { ""id"": ""e_father"", ""type"": ""Person"" },
          { ""id"": ""e_movie"", ""type"": ""Movie"" },
          { ""id"": ""e_director"", ""type"": ""Person"" }
        ],
        ""relationships"": [
          { ""id"": ""r_parent"", ""role"": ""father"", ""from"": ""e_father"", ""to"": ""e_actor"" },
          { ""id"": ""r_dir"", ""role"": ""director"", ""from"": ""e_director"", ""to"": ""e_movie"" },
          { ""id"": ""r_actor"", ""role"": ""actor"", ""from"": ""e_actor"", ""to"": ""e_movie"" }
        ],
        ""constraint"": {
          ""and_conditions"": [
            ""r_parent"",
            {
              ""left"": {
                ""count_id"": ""e_movie"",
                ""condition"": {
                  ""and_conditions"": [
                    ""r_dir"",
                    {
                      ""left"": { ""attribute_name"": ""name"", ""of"": ""e_director"" },
                      ""operator"": ""="",
                      ""right"": { ""attribute_name"": ""name"", ""of"": ""e_father"" }
                    }
                  ]
                }
              },
              ""operator"": "">="",
              ""right"": 5
            }
          ]
        },
        ""projection"": [
          { ""attribute_name"": ""name"", ""of"": ""e_actor"" }
        ]
      }
    ]
  ]
}
```"
28,Q08,Give me the actors whose father is among the top 5 highest-paid directors,ministral-3:14b,False,0.1,178.11725,True,stop,4096,17.438071,381,159.908068,2.3826,"```json
{
  ""hypotheses_set"": [
    [
      {
        ""id"": ""q1"",
        ""target"": [""e_actor""],
        ""entities"": [
          { ""id"": ""e_actor"", ""type"": ""Person"" },
          { ""id"": ""e_father"", ""type"": ""Person"" },
          { ""id"": ""e_movie"", ""type"": ""Movie"" },
          { ""id"": ""e_director"", ""type"": ""Person"" }
        ],
        ""relationships"": [
          { ""id"": ""r_parent"", ""role"": ""father"", ""from"": ""e_father"", ""to"": ""e_actor"" },
          { ""id"": ""r_dir"", ""role"": ""director"", ""from"": ""e_director"", ""to"": ""e_movie"" },
          { ""id"": ""r_actor"", ""role"": ""actor"", ""from"": ""e_actor"", ""to"": ""e_movie"" }
        ],
        ""constraint"": {
          ""and_conditions"": [
            ""r_parent"",
            {
              ""left"": {
                ""count_id"": ""e_movie"",
                ""condition"": {
                  ""and_conditions"": [
                    ""r_dir"",
                    {
                      ""left"": { ""attribute_name"": ""name"", ""of"": ""e_director"" },
                      ""operator"": ""="",
                      ""right"": { ""attribute_name"": ""name"", ""of"": ""e_father"" }
                    }
                  ]
                }
              },
              ""operator"": "">="",
              ""right"": 5
            }
          ]
        },
        ""projection"": [
          { ""attribute_name"": ""name"", ""of"": ""e_actor"" }
        ]
      }
    ]
  ]
}
```"
29,Q08,Give me the actors whose father is among the top 5 highest-paid directors,ministral-3:14b,False,0.1,177.15421,False,stop,4096,17.576341,378,158.821634,2.38,"```json
{
  ""hypotheses_set"": [
    [
      {
        ""id"": ""q1"",
        ""target"": [""e_actor""],
        ""entities"": [
          { ""id"": ""e_actor"", ""type"": ""Person"" },
          { ""id"": ""e_father"", ""type"": ""Person"" },
          { ""id"": ""e_movie"", ""type"": ""Movie"" },
          { ""id"": ""e_director"", ""type"": ""Person"" }
        ],
        ""relationships"": [
          { ""id"": ""r_parent"", ""role"": ""father"", ""from"": ""e_father"", ""to"": ""e_actor"" },
          { ""id"": ""r_dir"", ""role"": ""director"", ""from"": ""e_director"", ""to"": ""e_movie"" },
          { ""id"": ""r_actor"", ""role"": ""actor"", ""from"": ""e_actor"", ""to"": ""e_movie"" }
        ],
        ""constraint"": {
          ""and_conditions"": [
            ""r_parent"",
            {
              ""left"": {
                ""count_id"": ""e_movie"",
                ""condition"": {
                  ""and_conditions"": [
                    ""r_dir"",
                    {
                      ""left"": { ""attribute_name"": ""name"", ""of"": ""e_director"" },
                      ""operator"": ""="",
                      { ""attribute_name"": ""name"", ""of"": ""e_father"" }
                    }
                  ]
                }
              },
              ""operator"": "">="",
              ""right"": 5
            }
          ]
        },
        ""projection"": [
          { ""attribute_name"": ""name"", ""of"": ""e_actor"" }
        ]
      }
    ]
  ]
}
```"
30,Q08,Give me the actors whose father is among the top 5 highest-paid directors,ministral-3:14b,False,0.1,177.972225,True,stop,4096,17.360634,381,159.828381,2.3838,"```json
{
  ""hypotheses_set"": [
    [
      {
        ""id"": ""q1"",
        ""target"": [""e_actor""],
        ""entities"": [
          { ""id"": ""e_actor"", ""type"": ""Person"" },
          { ""id"": ""e_father"", ""type"": ""Person"" },
          { ""id"": ""e_movie"", ""type"": ""Movie"" },
          { ""id"": ""e_director"", ""type"": ""Person"" }
        ],
        ""relationships"": [
          { ""id"": ""r_parent"", ""role"": ""father"", ""from"": ""e_father"", ""to"": ""e_actor"" },
          { ""id"": ""r_dir"", ""role"": ""director"", ""from"": ""e_director"", ""to"": ""e_movie"" },
          { ""id"": ""r_actor"", ""role"": ""actor"", ""from"": ""e_actor"", ""to"": ""e_movie"" }
        ],
        ""constraint"": {
          ""and_conditions"": [
            ""r_parent"",
            {
              ""left"": {
                ""count_id"": ""e_movie"",
                ""condition"": {
                  ""and_conditions"": [
                    ""r_dir"",
                    {
                      ""left"": { ""attribute_name"": ""name"", ""of"": ""e_director"" },
                      ""operator"": ""="",
                      ""right"": { ""attribute_name"": ""name"", ""of"": ""e_father"" }
                    }
                  ]
                }
              },
              ""operator"": "">="",
              ""right"": 5
            }
          ]
        },
        ""projection"": [
          { ""attribute_name"": ""name"", ""of"": ""e_actor"" }
        ]
      }
    ]
  ]
}
```"
