Run,Query ID,Query,Model,Thinking,Temperature,Inference Time (s),Valid JSON,Done Reason,Prompt Eval Count,Prompt Eval Duration (s),Eval Count,Eval Duration (s),Generation Throughput (tokens/s),Response
1,Q12,Give me the actors of The Matrix along with the three actors who have acted the most in any movie with them,ministral-3:14b,False,0.1,472.08259,True,stop,4096,17.4945,1065,453.273394,2.3496,"```json
{
  ""hypotheses_set"": [
    [
      {
        ""id"": ""q1"",
        ""target"": [""e_actor_matrix"", ""e_top_actors""],
        ""entities"": [
          { ""id"": ""e_movie"", ""type"": ""Movie"" },
          { ""id"": ""e_actor_matrix"", ""type"": ""Person"" },
          { ""id"": ""e_actor_other"", ""type"": ""Person"" },
          { ""id"": ""e_top_actors"", ""type"": ""Person"" }
        ],
        ""relationships"": [
          { ""id"": ""r_act_matrix"", ""role"": ""actor"", ""from"": ""e_actor_matrix"", ""to"": ""e_movie"" },
          { ""id"": ""r_act_other"", ""role"": ""actor"", ""from"": ""e_actor_other"", ""to"": ""e_movie"" }
        ],
        ""constraint"": {
          ""and_conditions"": [
            {
              ""left"": { ""attribute_name"": ""title"", ""of"": ""e_movie"" },
              ""operator"": ""="",
              ""right"": ""The Matrix""
            },
            {
              ""left"": {
                ""count_id"": ""e_movie"",
                ""condition"": {
                  ""and_conditions"": [
                    {
                      ""left"": { ""attribute_name"": ""title"", ""of"": ""e_movie"" },
                      ""operator"": ""!="",
                      ""right"": ""The Matrix""
                    },
                    ""r_act_matrix"",
                    ""r_act_other""
                  ]
                }
              },
              ""operator"": "">="",
              ""right"": 3
            }
          ]
        },
        ""projection"": [
          { ""attribute_name"": ""name"", ""of"": ""e_actor_matrix"" },
          {
            ""left"": {
              ""count_id"": ""e_movie"",
              ""condition"": {
                ""and_conditions"": [
                  {
                    ""left"": { ""attribute_name"": ""title"", ""of"": ""e_movie"" },
                    ""operator"": ""!="",
                    ""right"": ""The Matrix""
                  },
                  ""r_act_matrix"",
                  ""r_act_other""
                ]
              }
            },
            ""operator"": "">="",
            ""right"": 3
          },
          { ""attribute_name"": ""name"", ""of"": ""e_actor_other"" }
        ]
      }
    ],
    [
      {
        ""id"": ""q2"",
        ""target"": [""e_actor_matrix"", ""e_top_actors""],
        ""entities"": [
          { ""id"": ""e_movie"", ""type"": ""Movie"" },
          { ""id"": ""e_actor_matrix"", ""type"": ""Person"" },
          { ""id"": ""e_actor_other"", ""type"": ""Person"" },
          { ""id"": ""e_top_actors"", ""type"": ""Person"" }
        ],
        ""relationships"": [
          { ""id"": ""r_act_matrix"", ""role"": ""actor"", ""from"": ""e_actor_matrix"", ""to"": ""e_movie"" },
          { ""id"": ""r_act_other"", ""role"": ""actor"", ""from"": ""e_actor_other"", ""to"": ""e_movie"" }
        ],
        ""constraint"": {
          ""and_conditions"": [
            {
              ""left"": { ""attribute_name"": ""title"", ""of"": ""e_movie"" },
              ""operator"": ""="",
              ""right"": ""The Matrix""
            },
            {
              ""left"": {
                ""expression"": {
                  ""top_n"": {
                    ""n"": 3,
                    ""by"": {
                      ""count_id"": ""e_movie"",
                      ""condition"": {
                        ""and_conditions"": [
                          {
                            ""left"": { ""attribute_name"": ""title"", ""of"": ""e_movie"" },
                            ""operator"": ""!="",
                            ""right"": ""The Matrix""
                          },
                          ""r_act_matrix"",
                          ""r_act_other""
                        ]
                      }
                    }
                  }
                }
              },
              ""operator"": ""exists""
            }
          ]
        },
        ""projection"": [
          { ""attribute_name"": ""name"", ""of"": ""e_actor_matrix"" },
          {
            ""left"": {
              ""expression"": {
                ""top_n"": {
                  ""n"": 3,
                  ""by"": {
                    ""count_id"": ""e_movie"",
                    ""condition"": {
                      ""and_conditions"": [
                        {
                          ""left"": { ""attribute_name"": ""title"", ""of"": ""e_movie"" },
                          ""operator"": ""!="",
                          ""right"": ""The Matrix""
                        },
                        ""r_act_matrix"",
                        ""r_act_other""
                      ]
                    }
                  }
                }
              }
            },
            ""operator"": ""exists""
          },
          { ""attribute_name"": ""name"", ""of"": ""e_actor_other"" }
        ]
      }
    ]
  ]
}
```"
2,Q12,Give me the actors of The Matrix along with the three actors who have acted the most in any movie with them,ministral-3:14b,False,0.1,321.058571,True,stop,4096,17.505586,716,302.508405,2.3669,"```json
{
  ""hypotheses_set"": [
    [
      {
        ""id"": ""q1"",
        ""target"": [""e_actor_matrix"", ""e_top_actors""],
        ""entities"": [
          { ""id"": ""e_movie"", ""type"": ""Movie"" },
          { ""id"": ""e_actor_matrix"", ""type"": ""Actor"" },
          { ""id"": ""e_actor_other"", ""type"": ""Actor"" },
          { ""id"": ""e_top_actors"", ""type"": ""Actor"" }
        ],
        ""relationships"": [
          { ""id"": ""r_matrix"", ""role"": ""actor"", ""from"": ""e_actor_matrix"", ""to"": ""e_movie"" },
          { ""id"": ""r_other"", ""role"": ""actor"", ""from"": ""e_actor_other"", ""to"": ""e_movie"" }
        ],
        ""constraint"": {
          ""and_conditions"": [
            {
              ""left"": { ""attribute_name"": ""title"", ""of"": ""e_movie"" },
              ""operator"": ""="",
              ""right"": ""The Matrix""
            },
            {
              ""left"": {
                ""count_id"": ""e_actor_matrix"",
                ""condition"": {
                  ""and_conditions"": [
                    ""r_matrix""
                  ]
                }
              },
              ""operator"": "">"",
              ""right"": 0
            },
            {
              ""all_id"": ""e_top_actors"",
              ""condition"": {
                ""left"": {
                  ""count_id"": ""e_actor_other"",
                  ""condition"": {
                    ""and_conditions"": [
                      ""r_other"",
                      {
                        ""left"": { ""attribute_name"": ""id"", ""of"": ""e_actor_other"" },
                        ""operator"": ""!="",
                        ""right"": { ""attribute_name"": ""id"", ""of"": ""e_actor_matrix"" }
                      }
                    ]
                  }
                },
                ""operator"": "">="",
                ""right"": {
                  ""left"": {
                    ""count_id"": ""e_actor_other"",
                    ""condition"": {
                      ""and_conditions"": [
                        ""r_other"",
                        {
                          ""left"": { ""attribute_name"": ""id"", ""of"": ""e_actor_other"" },
                          ""operator"": ""!="",
                          ""right"": { ""attribute_name"": ""id"", ""of"": ""e_actor_matrix"" }
                        }
                      ]
                    }
                  },
                  ""operator"": ""ORDER_BY_DESC"",
                  ""right"": 3
                }
              }
            }
          ]
        },
        ""projection"": [
          { ""attribute_name"": ""name"", ""of"": ""e_actor_matrix"" },
          {
            ""left"": {
              ""count_id"": ""e_actor_other"",
              ""condition"": {
                ""and_conditions"": [
                  ""r_other"",
                  {
                    ""left"": { ""attribute_name"": ""id"", ""of"": ""e_actor_other"" },
                    ""operator"": ""!="",
                    ""right"": { ""attribute_name"": ""id"", ""of"": ""e_actor_matrix"" }
                  }
                ]
              }
            },
            ""operator"": ""ORDER_BY_DESC"",
            ""right"": 3
          },
          { ""attribute_name"": ""name"", ""of"": ""e_top_actors"" }
        ]
      }
    ]
  ]
}
```"
3,Q12,Give me the actors of The Matrix along with the three actors who have acted the most in any movie with them,ministral-3:14b,False,0.1,589.478114,True,stop,4096,17.389994,1333,570.723289,2.3356,"```json
{
  ""hypotheses_set"": [
    [
      {
        ""id"": ""q1"",
        ""target"": [""e_actor_matrix"", ""e_top_actors""],
        ""entities"": [
          { ""id"": ""e_movie"", ""type"": ""Movie"" },
          { ""id"": ""e_actor_matrix"", ""type"": ""Actor"" },
          { ""id"": ""e_co_actor"", ""type"": ""Actor"" },
          { ""id"": ""e_top_actors"", ""type"": ""Actor"" }
        ],
        ""relationships"": [
          { ""id"": ""r_matrix"", ""role"": ""actor"", ""from"": ""e_actor_matrix"", ""to"": ""e_movie"" },
          { ""id"": ""r_co_act"", ""role"": ""actor"", ""from"": ""e_co_actor"", ""to"": ""e_movie"" },
          { ""id"": ""r_top_act"", ""role"": ""actor"", ""from"": ""e_top_actors"", ""to"": ""e_movie"" }
        ],
        ""constraint"": {
          ""and_conditions"": [
            {
              ""left"": { ""attribute_name"": ""title"", ""of"": ""e_movie"" },
              ""operator"": ""="",
              ""right"": ""The Matrix""
            },
            {
              ""left"": { ""count_id"": ""e_co_actor"", ""condition"": { ""and_conditions"": [""r_co_act"", { ""left"": { ""attribute_name"": ""id"", ""of"": ""e_co_actor"" }, ""operator"": ""!="", ""right"": { ""attribute_name"": ""id"", ""of"": ""e_actor_matrix"" } }] } },
              ""operator"": "">="",
              ""right"": 3
            },
            {
              ""all_id"": ""e_top_actors"",
              ""condition"": {
                ""left"": {
                  ""count_id"": ""e_movie"",
                  ""condition"": {
                    ""and_conditions"": [
                      { ""left"": { ""attribute_name"": ""id"", ""of"": ""e_co_actor"" }, ""operator"": ""="", ""right"": { ""attribute_name"": ""id"", ""of"": ""e_top_actors"" } },
                      ""r_co_act""
                    ]
                  }
                },
                ""operator"": "">="",
                ""right"": {
                  ""left"": {
                    ""count_id"": ""e_movie"",
                    ""condition"": {
                      ""and_conditions"": [
                        { ""left"": { ""attribute_name"": ""id"", ""of"": ""e_co_actor"" }, ""operator"": ""!="", ""right"": { ""attribute_name"": ""id"", ""of"": ""e_top_actors"" } },
                        ""r_co_act""
                      ]
                    }
                  },
                  ""operator"": "">="",
                  ""right"": 3
                }
              }
            }
          ]
        },
        ""projection"": [
          { ""attribute_name"": ""name"", ""of"": ""e_actor_matrix"" },
          { ""attribute_name"": ""name"", ""of"": ""e_top_actors"" }
        ]
      }
    ],
    [
      {
        ""id"": ""q2"",
        ""target"": [""e_actor_matrix"", ""e_top_actors""],
        ""entities"": [
          { ""id"": ""e_movie"", ""type"": ""Movie"" },
          { ""id"": ""e_actor_matrix"", ""type"": ""Actor"" },
          { ""id"": ""e_co_actor"", ""type"": ""Actor"" },
          { ""id"": ""e_top_actors"", ""type"": ""Actor"" }
        ],
        ""relationships"": [
          { ""id"": ""r_matrix"", ""role"": ""actor"", ""from"": ""e_actor_matrix"", ""to"": ""e_movie"" },
          { ""id"": ""r_co_act"", ""role"": ""actor"", ""from"": ""e_co_actor"", ""to"": ""e_movie"" }
        ],
        ""constraint"": {
          ""and_conditions"": [
            {
              ""left"": { ""attribute_name"": ""title"", ""of"": ""e_movie"" },
              ""operator"": ""="",
              ""right"": ""The Matrix""
            },
            {
              ""left"": {
                ""count_id"": ""e_top_actors"",
                ""condition"": {
                  ""and_conditions"": [
                    {
                      ""left"": {
                        ""count_id"": ""e_movie"",
                        ""condition"": {
                          ""and_conditions"": [
                            { ""left"": { ""attribute_name"": ""id"", ""of"": ""e_co_actor"" }, ""operator"": ""="", ""right"": { ""attribute_name"": ""id"", ""of"": ""e_top_actors"" } },
                            ""r_co_act""
                          ]
                        }
                      },
                      ""operator"": "">="",
                      ""right"": {
                        ""left"": {
                          ""count_id"": ""e_movie"",
                          ""condition"": {
                            ""and_conditions"": [
                              { ""left"": { ""attribute_name"": ""id"", ""of"": ""e_co_actor"" }, ""operator"": ""!="", ""right"": { ""attribute_name"": ""id"", ""of"": ""e_top_actors"" } },
                              ""r_co_act""
                            ]
                          }
                        },
                        ""operator"": "">="",
                        ""right"": 3
                      }
                    }
                  ]
                }
              },
              ""operator"": "">="",
              ""right"": 3
            }
          ]
        },
        ""projection"": [
          { ""attribute_name"": ""name"", ""of"": ""e_actor_matrix"" },
          {
            ""left"": {
              ""count_id"": ""e_movie"",
              ""condition"": {
                ""and_conditions"": [
                  { ""left"": { ""attribute_name"": ""id"", ""of"": ""e_co_actor"" }, ""operator"": ""="", ""right"": { ""attribute_name"": ""id"", ""of"": ""e_top_actors"" } },
                  ""r_co_act""
                ]
              }
            },
            ""operator"": "">="",
            ""right"": 3
          },
          { ""attribute_name"": ""name"", ""of"": ""e_top_actors"" }
        ]
      }
    ]
  ]
}
```"
4,Q12,Give me the actors of The Matrix along with the three actors who have acted the most in any movie with them,ministral-3:14b,False,0.1,311.890825,True,stop,4096,17.624268,694,293.312321,2.3661,"```json
{
  ""hypotheses_set"": [
    [
      {
        ""id"": ""q1"",
        ""target"": [""e_actor_matrix"", ""e_co_actor""],
        ""entities"": [
          { ""id"": ""e_movie"", ""type"": ""Movie"" },
          { ""id"": ""e_actor_matrix"", ""type"": ""Actor"" },
          { ""id"": ""e_co_actor"", ""type"": ""Actor"" },
          { ""id"": ""e_co_movie"", ""type"": ""Movie"" }
        ],
        ""relationships"": [
          { ""id"": ""r_matrix"", ""role"": ""actor"", ""from"": ""e_actor_matrix"", ""to"": ""e_movie"" },
          { ""id"": ""r_co_act"", ""role"": ""actor"", ""from"": ""e_co_actor"", ""to"": ""e_co_movie"" },
          { ""id"": ""r_shared_movie"", ""role"": ""shared_movie"", ""from"": ""e_actor_matrix"", ""to"": ""e_co_movie"", ""to"": ""e_co_actor"" }
        ],
        ""constraint"": {
          ""and_conditions"": [
            {
              ""left"": { ""attribute_name"": ""title"", ""of"": ""e_movie"" },
              ""operator"": ""="",
              ""right"": ""The Matrix""
            },
            {
              ""left"": {
                ""count_id"": ""e_co_movie"",
                ""condition"": {
                  ""and_conditions"": [
                    {
                      ""left"": { ""attribute_name"": ""id"", ""of"": ""e_co_movie"" },
                      ""operator"": ""!="",
                      ""right"": { ""attribute_name"": ""id"", ""of"": ""e_movie"" }
                    },
                    {
                      ""left"": { ""attribute_name"": ""id"", ""of"": ""e_co_actor"" },
                      ""operator"": ""!="",
                      ""right"": { ""attribute_name"": ""id"", ""of"": ""e_actor_matrix"" }
                    }
                  ]
                }
              },
              ""operator"": "">="",
              ""right"": 3
            }
          ]
        },
        ""projection"": [
          { ""attribute_name"": ""name"", ""of"": ""e_actor_matrix"" },
          {
            ""left"": {
              ""count_id"": ""e_co_movie"",
              ""condition"": {
                ""and_conditions"": [
                  {
                    ""left"": { ""attribute_name"": ""id"", ""of"": ""e_co_movie"" },
                    ""operator"": ""!="",
                    ""right"": { ""attribute_name"": ""id"", ""of"": ""e_movie"" }
                  },
                  {
                    ""left"": { ""attribute_name"": ""id"", ""of"": ""e_co_actor"" },
                    ""operator"": ""!="",
                    ""right"": { ""attribute_name"": ""id"", ""of"": ""e_actor_matrix"" }
                  }
                ]
              }
            },
            ""operator"": ""="",
            ""right"": {
              ""expression"": ""top_3_by_count(e_co_actor)""
            }
          },
          { ""attribute_name"": ""name"", ""of"": ""e_co_actor"" }
        ]
      }
    ]
  ]
}
```"
5,Q12,Give me the actors of The Matrix along with the three actors who have acted the most in any movie with them,ministral-3:14b,False,0.1,292.772689,False,stop,4096,17.52575,650,274.310208,2.3696,"```json
{
  ""hypotheses_set"": [
    [
      {
        ""id"": ""q1"",
        ""target"": [""e_actor_matrix"", ""e_top_actors""],
        ""entities"": [
          { ""id"": ""e_movie"", ""type"": ""Movie"" },
          { ""id"": ""e_actor_matrix"", ""type"": ""Person"" },
          { ""id"": ""e_actor_other"", ""type"": ""Person"" },
          { ""id"": ""e_top_actors"", ""type"": ""Person"" }
        ],
        ""relationships"": [
          { ""id"": ""r_act_matrix"", ""role"": ""actor"", ""from"": ""e_actor_matrix"", ""to"": ""e_movie"" },
          { ""id"": ""r_act_other"", ""role"": ""actor"", ""from"": ""e_actor_other"", ""to"": ""e_movie"" }
        ],
        ""constraint"": {
          ""and_conditions"": [
            {
              ""left"": { ""attribute_name"": ""title"", ""of"": ""e_movie"" },
              ""operator"": ""="",
              ""right"": ""The Matrix""
            },
            {
              ""left"": { ""attribute_name"": ""name"", ""of"": ""e_actor_matrix"" },
              ""operator"": ""in"",
              ""right"": {
                ""count_id"": ""r_act_matrix"",
                ""condition"": {
                  ""and_conditions"": [
                    {
                      ""left"": { ""attribute_name"": ""title"", ""of"": ""e_movie"" },
                      ""operator"": ""="",
                      ""right"": ""The Matrix""
                    }
                  ]
                }
              }
            },
            {
              ""left"": {
                ""count_id"": ""e_top_actors"",
                ""condition"": {
                  ""and_conditions"": [
                    {
                      ""left"": {
                        ""count_id"": ""r_act_other"",
                        ""condition"": {
                          ""and_conditions"": [
                            {
                              ""left"": { ""attribute_name"": ""name"", ""of"": ""e_actor_other"" },
                              ""operator"": ""="",
                              { ""attribute_name"": ""name"", ""of"": ""e_actor_matrix"" }
                            }
                          ]
                        }
                      },
                      ""operator"": "">="",
                      ""right"": {
                        ""count_id"": ""r_act_other"",
                        ""condition"": {
                          ""and_conditions"": [
                            {
                              ""left"": { ""attribute_name"": ""name"", ""of"": ""e_actor_other"" },
                              ""operator"": ""!="",
                              { ""attribute_name"": ""name"", ""of"": ""e_actor_matrix"" }
                            }
                          ]
                        }
                      }
                    }
                  ]
                }
              },
              ""operator"": "">="",
              ""right"": 3
            }
          ]
        },
        ""projection"": [
          { ""attribute_name"": ""name"", ""of"": ""e_actor_matrix"" },
          { ""attribute_name"": ""name"", ""of"": ""e_top_actors"" }
        ]
      }
    ]
  ]
}
```"
6,Q12,Give me the actors of The Matrix along with the three actors who have acted the most in any movie with them,ministral-3:14b,False,0.1,864.856797,False,stop,4096,17.442183,1950,845.651164,2.3059,"```json
{
  ""hypotheses_set"": [
    [
      {
        ""id"": ""q1"",
        ""target"": [""e_actor_matrix"", ""e_top_actors""],
        ""entities"": [
          { ""id"": ""e_movie"", ""type"": ""Movie"" },
          { ""id"": ""e_actor_matrix"", ""type"": ""Person"" },
          { ""id"": ""e_actor_other"", ""type"": ""Person"" },
          { ""id"": ""e_top_actors"", ""type"": ""Person"" }
        ],
        ""relationships"": [
          { ""id"": ""r_matrix"", ""role"": ""actor"", ""from"": ""e_actor_matrix"", ""to"": ""e_movie"" },
          { ""id"": ""r_other"", ""role"": ""actor"", ""from"": ""e_actor_other"", ""to"": ""e_movie"" }
        ],
        ""constraint"": {
          ""and_conditions"": [
            {
              ""left"": { ""attribute_name"": ""title"", ""of"": ""e_movie"" },
              ""operator"": ""="",
              ""right"": ""The Matrix""
            },
            {
              ""left"": {
                ""count_id"": ""e_actor_matrix"",
                ""condition"": {
                  ""and_conditions"": [
                    ""r_matrix""
                  ]
                }
              },
              ""operator"": "">"",
              ""right"": 0
            },
            {
              ""all_id"": ""e_top_actors"",
              ""condition"": {
                ""and_conditions"": [
                  {
                    ""left"": {
                      ""count_id"": ""e_actor_other"",
                      ""condition"": {
                        ""and_conditions"": [
                          {
                            ""left"": { ""attribute_name"": ""id"", ""of"": ""e_actor_other"" },
                            ""operator"": ""="",
                            { ""attribute_name"": ""id"", ""of"": ""e_top_actors"" }
                          },
                          ""r_other""
                        ]
                      }
                    },
                    ""operator"": "">="",
                    ""right"": {
                      ""left"": {
                        ""count_id"": ""e_actor_other"",
                        ""condition"": {
                          ""and_conditions"": [
                            {
                              ""left"": { ""attribute_name"": ""id"", ""of"": ""e_actor_other"" },
                              ""operator"": ""!="",
                              { ""attribute_name"": ""id"", ""of"": ""e_top_actors"" }
                            },
                            ""r_other""
                          ]
                        }
                      },
                      ""operator"": ""="",
                      ""right"": {
                        ""left"": {
                          ""count_id"": ""e_actor_other"",
                          ""condition"": {
                            ""and_conditions"": [
                              {
                                ""left"": { ""attribute_name"": ""id"", ""of"": ""e_actor_other"" },
                                ""operator"": ""!="",
                                { ""attribute_name"": ""id"", ""of"": ""e_top_actors"" }
                              },
                              ""r_other""
                            ]
                          }
                        },
                        ""operator"": ""<"",
                        ""right"": {
                          ""left"": {
                            ""count_id"": ""e_actor_other"",
                            ""condition"": {
                              ""and_conditions"": [
                                {
                                  ""left"": { ""attribute_name"": ""id"", ""of"": ""e_actor_other"" },
                                  ""operator"": ""!="",
                                  { ""attribute_name"": ""id"", ""of"": ""e_top_actors"" }
                                },
                                ""r_other""
                              ]
                            }
                          },
                          ""operator"": ""<"",
                          ""right"": {
                            ""left"": {
                              ""count_id"": ""e_actor_other"",
                              ""condition"": {
                                ""and_conditions"": [
                                  {
                                    ""left"": { ""attribute_name"": ""id"", ""of"": ""e_actor_other"" },
                                    ""operator"": ""!="",
                                    { ""attribute_name"": ""id"", ""of"": ""e_top_actors"" }
                                  },
                                  ""r_other""
                                ]
                              }
                            },
                            ""operator"": ""<"",
                            ""right"": {
                              ""left"": {
                                ""count_id"": ""e_actor_other"",
                                ""condition"": {
                                  ""and_conditions"": [
                                    {
                                      ""left"": { ""attribute_name"": ""id"", ""of"": ""e_actor_other"" },
                                      ""operator"": ""!="",
                                      { ""attribute_name"": ""id"", ""of"": ""e_top_actors"" }
                                    },
                                    ""r_other""
                                  ]
                                }
                              },
                              ""operator"": ""<"",
                              ""right"": 0
                            }
                          }
                        }
                      }
                    }
                  }
                ]
              }
            }
          ]
        },
        ""projection"": [
          { ""attribute_name"": ""name"", ""of"": ""e_actor_matrix"" },
          { ""attribute_name"": ""name"", ""of"": ""e_top_actors"" }
        ]
      }
    ],
    [
      {
        ""id"": ""q2"",
        ""target"": [""e_actor_matrix"", ""e_top_actors""],
        ""entities"": [
          { ""id"": ""e_movie"", ""type"": ""Movie"" },
          { ""id"": ""e_actor_matrix"", ""type"": ""Person"" },
          { ""id"": ""e_actor_other"", ""type"": ""Person"" },
          { ""id"": ""e_top_actors"", ""type"": ""Person"" }
        ],
        ""relationships"": [
          { ""id"": ""r_matrix"", ""role"": ""actor"", ""from"": ""e_actor_matrix"", ""to"": ""e_movie"" },
          { ""id"": ""r_other"", ""role"": ""actor"", ""from"": ""e_actor_other"", ""to"": ""e_movie"" }
        ],
        ""constraint"": {
          ""and_conditions"": [
            {
              ""left"": { ""attribute_name"": ""title"", ""of"": ""e_movie"" },
              ""operator"": ""="",
              ""right"": ""The Matrix""
            },
            {
              ""left"": {
                ""count_id"": ""e_actor_matrix"",
                ""condition"": {
                  ""and_conditions"": [
                    ""r_matrix""
                  ]
                }
              },
              ""operator"": "">"",
              ""right"": 0
            },
            {
              ""left"": {
                ""count_id"": ""e_top_actors"",
                ""condition"": {
                  ""and_conditions"": [
                    {
                      ""left"": {
                        ""count_id"": ""e_actor_other"",
                        ""condition"": {
                          ""and_conditions"": [
                            {
                              ""left"": { ""attribute_name"": ""id"", ""of"": ""e_actor_other"" },
                              ""operator"": ""!="",
                              { ""attribute_name"": ""id"", ""of"": ""e_actor_matrix"" }
                            },
                            ""r_other""
                          ]
                        }
                      },
                      ""operator"": "">="",
                      ""right"": {
                        ""left"": {
                          ""count_id"": ""e_actor_other"",
                          ""condition"": {
                            ""and_conditions"": [
                              {
                                ""left"": { ""attribute_name"": ""id"", ""of"": ""e_actor_other"" },
                                ""operator"": ""!="",
                                { ""attribute_name"": ""id"", ""of"": ""e_actor_matrix"" }
                              },
                              ""r_other""
                            ]
                          }
                        },
                        ""operator"": ""="",
                        ""right"": {
                          ""left"": {
                            ""count_id"": ""e_actor_other"",
                            ""condition"": {
                              ""and_conditions"": [
                                {
                                  ""left"": { ""attribute_name"": ""id"", ""of"": ""e_actor_other"" },
                                  ""operator"": ""!="",
                                  { ""attribute_name"": ""id"", ""of"": ""e_actor_matrix"" }
                                },
                                ""r_other""
                              ]
                            }
                          },
                          ""operator"": ""<"",
                          ""right"": {
                            ""left"": {
                              ""count_id"": ""e_actor_other"",
                              ""condition"": {
                                ""and_conditions"": [
                                  {
                                    ""left"": { ""attribute_name"": ""id"", ""of"": ""e_actor_other"" },
                                    ""operator"": ""!="",
                                    { ""attribute_name"": ""id"", ""of"": ""e_actor_matrix"" }
                                  },
                                  ""r_other""
                                ]
                              }
                            },
                            ""operator"": ""<"",
                            ""right"": {
                              ""left"": {
                                ""count_id"": ""e_actor_other"",
                                ""condition"": {
                                  ""and_conditions"": [
                                    {
                                      ""left"": { ""attribute_name"": ""id"", ""of"": ""e_actor_other"" },
                                      ""operator"": ""!="",
                                      { ""attribute_name"": ""id"", ""of"": ""e_actor_matrix"" }
                                    },
                                    ""r_other""
                                  ]
                                }
                              },
                              ""operator"": ""<"",
                              ""right"": 0
                            }
                          }
                        }
                      }
                    }
                  ]
                }
              },
              ""operator"": ""="",
              ""right"": 3
            }
          ]
        },
        ""projection"": [
          { ""attribute_name"": ""name"", ""of"": ""e_actor_matrix"" },
          { ""attribute_name"": ""name"", ""of"": ""e_top_actors"" }
        ]
      }
    ]
  ]
}
```"
7,Q12,Give me the actors of The Matrix along with the three actors who have acted the most in any movie with them,ministral-3:14b,False,0.1,297.968226,False,stop,4096,17.387981,662,279.623147,2.3675,"```json
{
  ""hypotheses_set"": [
    [
      {
        ""id"": ""q1"",
        ""target"": [""e_actor_matrix"", ""e_top_actors""],
        ""entities"": [
          { ""id"": ""e_movie"", ""type"": ""Movie"" },
          { ""id"": ""e_actor_matrix"", ""type"": ""Person"" },
          { ""id"": ""e_actor_other"", ""type"": ""Person"" },
          { ""id"": ""e_top_actors"", ""type"": ""Person"" }
        ],
        ""relationships"": [
          { ""id"": ""r_act_matrix"", ""role"": ""actor"", ""from"": ""e_actor_matrix"", ""to"": ""e_movie"" },
          { ""id"": ""r_act_other"", ""role"": ""actor"", ""from"": ""e_actor_other"", ""to"": ""e_movie"" }
        ],
        ""constraint"": {
          ""and_conditions"": [
            {
              ""left"": { ""attribute_name"": ""title"", ""of"": ""e_movie"" },
              ""operator"": ""="",
              ""right"": ""The Matrix""
            },
            {
              ""left"": {
                ""count_id"": ""e_movie"",
                ""condition"": {
                  ""and_conditions"": [
                    ""r_act_matrix"",
                    ""r_act_other""
                  ]
                }
              },
              ""operator"": "">="",
              ""right"": 1
            },
            {
              ""left"": {
                ""count_id"": ""e_movie"",
                ""condition"": {
                  ""and_conditions"": [
                    ""r_act_matrix"",
                    {
                      ""left"": { ""attribute_name"": ""id"", ""of"": ""e_actor_other"" },
                      ""operator"": ""="",
                      {
                        ""left"": {
                          ""count_id"": ""e_movie"",
                          ""condition"": {
                            ""and_conditions"": [
                              ""r_act_matrix"",
                              ""r_act_other""
                            ]
                          }
                        },
                        ""operator"": ""in"",
                        ""right"": {
                          ""left"": {
                            ""count_id"": ""e_movie"",
                            ""condition"": {
                              ""and_conditions"": [
                                ""r_act_matrix"",
                                ""r_act_other""
                              ]
                            }
                          },
                          ""operator"": ""top"",
                          ""right"": 3
                        }
                      }
                    }
                  ]
                }
              },
              ""operator"": "">="",
              ""right"": 1
            }
          ]
        },
        ""projection"": [
          { ""attribute_name"": ""name"", ""of"": ""e_actor_matrix"" },
          {
            ""left"": {
              ""count_id"": ""e_movie"",
              ""condition"": {
                ""and_conditions"": [
                  ""r_act_matrix"",
                  ""r_act_other""
                ]
              }
            },
            ""operator"": ""top"",
            ""right"": 3,
            ""projection"": [
              { ""attribute_name"": ""name"", ""of"": ""e_actor_other"" }
            ]
          }
        ]
      }
    ]
  ]
}
```"
8,Q12,Give me the actors of The Matrix along with the three actors who have acted the most in any movie with them,ministral-3:14b,False,0.1,258.90958,True,stop,4096,17.648167,570,240.382591,2.3712,"```json
{
  ""hypotheses_set"": [
    [
      {
        ""id"": ""q1"",
        ""target"": [""e_actor_matrix"", ""e_top_actors""],
        ""entities"": [
          { ""id"": ""e_movie"", ""type"": ""Movie"" },
          { ""id"": ""e_actor_matrix"", ""type"": ""Actor"" },
          { ""id"": ""e_actor_other"", ""type"": ""Actor"" },
          { ""id"": ""e_top_actors"", ""type"": ""Actor"" }
        ],
        ""relationships"": [
          { ""id"": ""r_matrix"", ""role"": ""actor"", ""from"": ""e_actor_matrix"", ""to"": ""e_movie"" },
          { ""id"": ""r_other"", ""role"": ""actor"", ""from"": ""e_actor_other"", ""to"": ""e_movie"" }
        ],
        ""constraint"": {
          ""and_conditions"": [
            {
              ""left"": { ""attribute_name"": ""title"", ""of"": ""e_movie"" },
              ""operator"": ""="",
              ""right"": ""The Matrix""
            },
            {
              ""left"": {
                ""count_id"": ""e_actor_matrix"",
                ""condition"": {
                  ""and_conditions"": [
                    ""r_matrix""
                  ]
                }
              },
              ""operator"": "">"",
              ""right"": 0
            },
            {
              ""left"": {
                ""count_id"": ""e_top_actors"",
                ""condition"": {
                  ""and_conditions"": [
                    {
                      ""left"": {
                        ""count_id"": ""e_actor_other"",
                        ""condition"": {
                          ""and_conditions"": [
                            {
                              ""left"": { ""attribute_name"": ""id"", ""of"": ""e_actor_other"" },
                              ""operator"": ""!="",
                              ""right"": { ""attribute_name"": ""id"", ""of"": ""e_actor_matrix"" }
                            },
                            ""r_other""
                          ]
                        }
                      },
                      ""operator"": "">"",
                      ""right"": 0
                    },
                    {
                      ""left"": {
                        ""expression"": ""rank(e_actor_other, count(e_movie))""
                      },
                      ""operator"": ""<="",
                      ""right"": 3
                    }
                  ]
                }
              },
              ""operator"": "">"",
              ""right"": 0
            }
          ]
        },
        ""projection"": [
          { ""attribute_name"": ""name"", ""of"": ""e_actor_matrix"" },
          {
            ""expression"": ""top_3_by_count(e_actor_other, count(e_movie))""
          }
        ]
      }
    ]
  ]
}
```"
9,Q12,Give me the actors of The Matrix along with the three actors who have acted the most in any movie with them,ministral-3:14b,False,0.1,300.94329,False,stop,4096,17.450723,669,282.424737,2.3688,"```json
{
  ""hypotheses_set"": [
    [
      {
        ""id"": ""q1"",
        ""target"": [""e_actor_matrix"", ""e_co_actor""],
        ""entities"": [
          { ""id"": ""e_movie"", ""type"": ""Movie"" },
          { ""id"": ""e_actor_matrix"", ""type"": ""Actor"" },
          { ""id"": ""e_co_actor"", ""type"": ""Actor"" }
        ],
        ""relationships"": [
          { ""id"": ""r_matrix"", ""role"": ""actor"", ""from"": ""e_actor_matrix"", ""to"": ""e_movie"" },
          { ""id"": ""r_co_actor"", ""role"": ""actor"", ""from"": ""e_co_actor"", ""to"": ""e_movie"" }
        ],
        ""constraint"": {
          ""and_conditions"": [
            {
              ""left"": { ""attribute_name"": ""title"", ""of"": ""e_movie"" },
              ""operator"": ""="",
              ""right"": ""The Matrix""
            },
            {
              ""left"": {
                ""count_id"": ""e_co_actor"",
                ""condition"": {
                  ""and_conditions"": [
                    {
                      ""left"": { ""attribute_name"": ""id"", ""of"": ""e_movie"" },
                      ""operator"": ""!="",
                      {
                        ""left"": { ""attribute_name"": ""id"", ""of"": ""e_movie"" },
                        ""operator"": ""="",
                        {
                          ""left"": { ""attribute_name"": ""id"", ""of"": ""e_movie"" },
                          ""condition"": {
                            ""left"": { ""attribute_name"": ""title"", ""of"": ""e_movie"" },
                            ""operator"": ""="",
                            ""right"": ""The Matrix""
                          }
                        }
                      }
                    }
                  ]
                }
              },
              ""operator"": "">="",
              ""right"": 3
            }
          ]
        },
        ""projection"": [
          { ""attribute_name"": ""name"", ""of"": ""e_actor_matrix"" },
          {
            ""left"": {
              ""count_id"": ""e_co_actor"",
              ""condition"": {
                ""and_conditions"": [
                  {
                    ""left"": { ""attribute_name"": ""id"", ""of"": ""e_movie"" },
                    ""operator"": ""!="",
                    {
                      ""left"": { ""attribute_name"": ""id"", ""of"": ""e_movie"" },
                      ""operator"": ""="",
                      {
                        ""left"": { ""attribute_name"": ""id"", ""of"": ""e_movie"" },
                        ""condition"": {
                          ""left"": { ""attribute_name"": ""title"", ""of"": ""e_movie"" },
                          ""operator"": ""="",
                          ""right"": ""The Matrix""
                        }
                      }
                    }
                  }
                ]
              }
            },
            ""operator"": ""="",
            ""right"": {
              ""expression"": ""top_3_co_actors""
            }
          },
          { ""attribute_name"": ""name"", ""of"": ""e_co_actor"" }
        ]
      }
    ]
  ]
}
```"
10,Q12,Give me the actors of The Matrix along with the three actors who have acted the most in any movie with them,ministral-3:14b,False,0.1,747.663876,True,stop,4096,17.400327,1688,728.651126,2.3166,"```json
{
  ""hypotheses_set"": [
    [
      {
        ""id"": ""q1"",
        ""target"": [""e_actor_matrix"", ""e_top_actors""],
        ""entities"": [
          { ""id"": ""e_movie"", ""type"": ""Movie"" },
          { ""id"": ""e_actor_matrix"", ""type"": ""Actor"" },
          { ""id"": ""e_actor_other"", ""type"": ""Actor"" },
          { ""id"": ""e_top_actors"", ""type"": ""Actor"" }
        ],
        ""relationships"": [
          { ""id"": ""r_matrix"", ""role"": ""actor"", ""from"": ""e_actor_matrix"", ""to"": ""e_movie"" },
          { ""id"": ""r_other"", ""role"": ""actor"", ""from"": ""e_actor_other"", ""to"": ""e_movie"" }
        ],
        ""constraint"": {
          ""and_conditions"": [
            {
              ""left"": { ""attribute_name"": ""title"", ""of"": ""e_movie"" },
              ""operator"": ""="",
              ""right"": ""The Matrix""
            },
            {
              ""left"": {
                ""count_id"": ""e_actor_matrix"",
                ""condition"": {
                  ""and_conditions"": [
                    ""r_matrix""
                  ]
                }
              },
              ""operator"": "">"",
              ""right"": 0
            },
            {
              ""left"": {
                ""count_id"": ""e_top_actors"",
                ""condition"": {
                  ""and_conditions"": [
                    {
                      ""left"": {
                        ""count_id"": ""e_actor_other"",
                        ""condition"": {
                          ""and_conditions"": [
                            {
                              ""left"": { ""attribute_name"": ""id"", ""of"": ""e_actor_other"" },
                              ""operator"": ""!="",
                              ""right"": { ""attribute_name"": ""id"", ""of"": ""e_actor_matrix"" }
                            },
                            ""r_other""
                          ]
                        }
                      },
                      ""operator"": "">"",
                      ""right"": 0
                    },
                    {
                      ""left"": {
                        ""count_id"": ""e_actor_other"",
                        ""condition"": {
                          ""and_conditions"": [
                            {
                              ""left"": { ""attribute_name"": ""id"", ""of"": ""e_actor_other"" },
                              ""operator"": ""!="",
                              ""right"": { ""attribute_name"": ""id"", ""of"": ""e_actor_matrix"" }
                            },
                            ""r_other""
                          ]
                        }
                      },
                      ""operator"": "">="",
                      ""right"": {
                        ""left"": {
                          ""count_id"": ""e_actor_other"",
                          ""condition"": {
                            ""and_conditions"": [
                              {
                                ""left"": { ""attribute_name"": ""id"", ""of"": ""e_actor_other"" },
                                ""operator"": ""!="",
                                ""right"": { ""attribute_name"": ""id"", ""of"": ""e_actor_matrix"" }
                              },
                              ""r_other""
                            ]
                          }
                        },
                        ""operator"": ""!="",
                        ""right"": { ""attribute_name"": ""id"", ""of"": ""e_actor_other"" }
                      }
                    }
                  ]
                }
              },
              ""operator"": "">="",
              ""right"": 3
            }
          ]
        },
        ""projection"": [
          { ""attribute_name"": ""name"", ""of"": ""e_actor_matrix"" },
          {
            ""left"": {
              ""count_id"": ""e_actor_other"",
              ""condition"": {
                ""and_conditions"": [
                  {
                    ""left"": { ""attribute_name"": ""id"", ""of"": ""e_actor_other"" },
                    ""operator"": ""!="",
                    ""right"": { ""attribute_name"": ""id"", ""of"": ""e_actor_matrix"" }
                  },
                  ""r_other""
                ]
              }
            },
            ""operator"": "">"",
            ""right"": 0
          },
          { ""attribute_name"": ""name"", ""of"": ""e_top_actors"" }
        ]
      }
    ],
    [
      {
        ""id"": ""q2"",
        ""target"": [""e_actor_matrix"", ""e_top_actors""],
        ""entities"": [
          { ""id"": ""e_movie"", ""type"": ""Movie"" },
          { ""id"": ""e_actor_matrix"", ""type"": ""Actor"" },
          { ""id"": ""e_actor_other"", ""type"": ""Actor"" },
          { ""id"": ""e_top_actors"", ""type"": ""Actor"" }
        ],
        ""relationships"": [
          { ""id"": ""r_matrix"", ""role"": ""actor"", ""from"": ""e_actor_matrix"", ""to"": ""e_movie"" },
          { ""id"": ""r_other"", ""role"": ""actor"", ""from"": ""e_actor_other"", ""to"": ""e_movie"" }
        ],
        ""constraint"": {
          ""and_conditions"": [
            {
              ""left"": { ""attribute_name"": ""title"", ""of"": ""e_movie"" },
              ""operator"": ""="",
              ""right"": ""The Matrix""
            },
            {
              ""left"": {
                ""count_id"": ""e_actor_matrix"",
                ""condition"": {
                  ""and_conditions"": [
                    ""r_matrix""
                  ]
                }
              },
              ""operator"": "">"",
              ""right"": 0
            },
            {
              ""left"": {
                ""count_id"": ""e_top_actors"",
                ""condition"": {
                  ""and_conditions"": [
                    {
                      ""left"": {
                        ""count_id"": ""e_actor_other"",
                        ""condition"": {
                          ""and_conditions"": [
                            {
                              ""left"": { ""attribute_name"": ""id"", ""of"": ""e_actor_other"" },
                              ""operator"": ""!="",
                              ""right"": { ""attribute_name"": ""id"", ""of"": ""e_actor_matrix"" }
                            },
                            ""r_other""
                          ]
                        }
                      },
                      ""operator"": "">"",
                      ""right"": 0
                    },
                    {
                      ""left"": {
                        ""count_id"": {
                          ""count_id"": ""e_actor_other"",
                          ""condition"": {
                            ""and_conditions"": [
                              {
                                ""left"": { ""attribute_name"": ""id"", ""of"": ""e_actor_other"" },
                                ""operator"": ""!="",
                                ""right"": { ""attribute_name"": ""id"", ""of"": ""e_actor_matrix"" }
                              },
                              ""r_other""
                            ]
                          }
                        },
                        ""condition"": {
                          ""and_conditions"": [
                            {
                              ""left"": { ""attribute_name"": ""id"", ""of"": ""e_actor_other"" },
                              ""operator"": ""!="",
                              ""right"": { ""attribute_name"": ""id"", ""of"": ""e_actor_matrix"" }
                            },
                            ""r_other""
                          ]
                        }
                      },
                      ""operator"": "">"",
                      ""right"": 0
                    }
                  ]
                }
              },
              ""operator"": "">="",
              ""right"": 3
            }
          ]
        },
        ""projection"": [
          { ""attribute_name"": ""name"", ""of"": ""e_actor_matrix"" },
          {
            ""left"": {
              ""count_id"": ""e_actor_other"",
              ""condition"": {
                ""and_conditions"": [
                  {
                    ""left"": { ""attribute_name"": ""id"", ""of"": ""e_actor_other"" },
                    ""operator"": ""!="",
                    ""right"": { ""attribute_name"": ""id"", ""of"": ""e_actor_matrix"" }
                  },
                  ""r_other""
                ]
              }
            },
            ""operator"": "">"",
            ""right"": 0
          },
          { ""attribute_name"": ""name"", ""of"": ""e_top_actors"" }
        ]
      }
    ]
  ]
}
```"
11,Q12,Give me the actors of The Matrix along with the three actors who have acted the most in any movie with them,ministral-3:14b,False,0.1,606.082148,True,stop,4096,17.404847,1368,587.145176,2.3299,"```json
{
  ""hypotheses_set"": [
    [
      {
        ""id"": ""q1"",
        ""target"": [""e_actor_matrix"", ""e_top_actors""],
        ""entities"": [
          { ""id"": ""e_movie"", ""type"": ""Movie"" },
          { ""id"": ""e_actor_matrix"", ""type"": ""Actor"" },
          { ""id"": ""e_actor_other"", ""type"": ""Actor"" },
          { ""id"": ""e_top_actors"", ""type"": ""Actor"" }
        ],
        ""relationships"": [
          { ""id"": ""r_matrix"", ""role"": ""actor"", ""from"": ""e_actor_matrix"", ""to"": ""e_movie"" },
          { ""id"": ""r_other"", ""role"": ""actor"", ""from"": ""e_actor_other"", ""to"": ""e_movie"" }
        ],
        ""constraint"": {
          ""and_conditions"": [
            {
              ""left"": { ""attribute_name"": ""title"", ""of"": ""e_movie"" },
              ""operator"": ""="",
              ""right"": ""The Matrix""
            },
            {
              ""left"": {
                ""count_id"": ""e_actor_matrix"",
                ""condition"": {
                  ""and_conditions"": [
                    ""r_matrix""
                  ]
                }
              },
              ""operator"": "">"",
              ""right"": 0
            },
            {
              ""all_id"": ""e_top_actors"",
              ""condition"": {
                ""and_conditions"": [
                  {
                    ""left"": {
                      ""count_id"": ""e_actor_other"",
                      ""condition"": {
                        ""and_conditions"": [
                          {
                            ""left"": { ""attribute_name"": ""id"", ""of"": ""e_actor_other"" },
                            ""operator"": ""!="",
                            ""right"": { ""attribute_name"": ""id"", ""of"": ""e_actor_matrix"" }
                          },
                          ""r_other""
                        ]
                      }
                    },
                    ""operator"": "">="",
                    ""right"": {
                      ""left"": {
                        ""count_id"": ""e_actor_other"",
                        ""condition"": {
                          ""and_conditions"": [
                            {
                              ""left"": { ""attribute_name"": ""id"", ""of"": ""e_actor_other"" },
                              ""operator"": ""!="",
                              ""right"": { ""attribute_name"": ""id"", ""of"": { ""attribute_name"": ""top_actor"", ""of"": ""e_top_actors"" } }
                            },
                            ""r_other""
                          ]
                        }
                      },
                      ""operator"": "">="",
                      ""right"": 3
                    }
                  }
                ]
              }
            }
          ]
        },
        ""projection"": [
          { ""attribute_name"": ""name"", ""of"": ""e_actor_matrix"" },
          {
            ""left"": {
              ""count_id"": ""e_actor_other"",
              ""condition"": {
                ""and_conditions"": [
                  {
                    ""left"": { ""attribute_name"": ""id"", ""of"": ""e_actor_other"" },
                    ""operator"": ""!="",
                    ""right"": { ""attribute_name"": ""id"", ""of"": ""e_actor_matrix"" }
                  },
                  ""r_other""
                ]
              }
            },
            ""operator"": "">="",
            ""right"": 3
          },
          { ""attribute_name"": ""name"", ""of"": ""e_top_actors"" }
        ]
      }
    ],
    [
      {
        ""id"": ""q2"",
        ""target"": [""e_actor_matrix"", ""e_top_actors""],
        ""entities"": [
          { ""id"": ""e_movie"", ""type"": ""Movie"" },
          { ""id"": ""e_actor_matrix"", ""type"": ""Actor"" },
          { ""id"": ""e_actor_other"", ""type"": ""Actor"" },
          { ""id"": ""e_top_actors"", ""type"": ""Actor"" }
        ],
        ""relationships"": [
          { ""id"": ""r_matrix"", ""role"": ""actor"", ""from"": ""e_actor_matrix"", ""to"": ""e_movie"" },
          { ""id"": ""r_other"", ""role"": ""actor"", ""from"": ""e_actor_other"", ""to"": ""e_movie"" }
        ],
        ""constraint"": {
          ""and_conditions"": [
            {
              ""left"": { ""attribute_name"": ""title"", ""of"": ""e_movie"" },
              ""operator"": ""="",
              ""right"": ""The Matrix""
            },
            {
              ""left"": {
                ""count_id"": ""e_actor_matrix"",
                ""condition"": {
                  ""and_conditions"": [
                    ""r_matrix""
                  ]
                }
              },
              ""operator"": "">"",
              ""right"": 0
            },
            {
              ""left"": {
                ""expression_id"": ""top_actors"",
                ""condition"": {
                  ""and_conditions"": [
                    {
                      ""left"": {
                        ""count_id"": ""e_actor_other"",
                        ""condition"": {
                          ""and_conditions"": [
                            {
                              ""left"": { ""attribute_name"": ""id"", ""of"": ""e_actor_other"" },
                              ""operator"": ""!="",
                              ""right"": { ""attribute_name"": ""id"", ""of"": ""e_actor_matrix"" }
                            },
                            ""r_other""
                          ]
                        }
                      },
                      ""operator"": "">="",
                      ""right"": {
                        ""left"": {
                          ""count_id"": ""e_actor_other"",
                          ""condition"": {
                            ""and_conditions"": [
                              {
                                ""left"": { ""attribute_name"": ""id"", ""of"": ""e_actor_other"" },
                                ""operator"": ""!="",
                                ""right"": { ""attribute_name"": ""id"", ""of"": { ""attribute_name"": ""top_actor"", ""of"": ""e_top_actors"" } }
                              },
                              ""r_other""
                            ]
                          }
                        },
                        ""operator"": "">="",
                        ""right"": 3
                      }
                    }
                  ]
                }
              },
              ""operator"": ""="",
              ""right"": 3
            }
          ]
        },
        ""projection"": [
          { ""attribute_name"": ""name"", ""of"": ""e_actor_matrix"" },
          { ""attribute_name"": ""name"", ""of"": ""e_top_actors"" }
        ]
      }
    ]
  ]
}
```"
12,Q12,Give me the actors of The Matrix along with the three actors who have acted the most in any movie with them,ministral-3:14b,False,0.1,362.744053,True,stop,4096,17.370685,812,344.175084,2.3593,"```json
{
  ""hypotheses_set"": [
    [
      {
        ""id"": ""q1"",
        ""target"": [""e_actor_matrix"", ""e_top_actors""],
        ""entities"": [
          { ""id"": ""e_movie"", ""type"": ""Movie"" },
          { ""id"": ""e_actor_matrix"", ""type"": ""Person"" },
          { ""id"": ""e_actor_other"", ""type"": ""Person"" },
          { ""id"": ""e_top_actors"", ""type"": ""Person"" }
        ],
        ""relationships"": [
          { ""id"": ""r_matrix_act"", ""role"": ""actor"", ""from"": ""e_actor_matrix"", ""to"": ""e_movie"" },
          { ""id"": ""r_other_act"", ""role"": ""actor"", ""from"": ""e_actor_other"", ""to"": ""e_movie"" }
        ],
        ""constraint"": {
          ""and_conditions"": [
            {
              ""left"": { ""attribute_name"": ""title"", ""of"": ""e_movie"" },
              ""operator"": ""="",
              ""right"": ""The Matrix""
            },
            {
              ""left"": { ""attribute_name"": ""name"", ""of"": ""e_actor_matrix"" },
              ""operator"": ""IN"",
              ""right"": {
                ""count_id"": ""e_actor_matrix"",
                ""condition"": {
                  ""and_conditions"": [
                    ""r_matrix_act"",
                    {
                      ""left"": { ""attribute_name"": ""title"", ""of"": ""e_movie"" },
                      ""operator"": ""="",
                      ""right"": ""The Matrix""
                    }
                  ]
                }
              }
            },
            {
              ""left"": {
                ""count_id"": ""e_top_actors"",
                ""condition"": {
                  ""and_conditions"": [
                    ""r_other_act"",
                    {
                      ""left"": { ""attribute_name"": ""name"", ""of"": ""e_actor_other"" },
                      ""operator"": ""!="",
                      ""right"": {
                        ""left"": { ""attribute_name"": ""name"", ""of"": ""e_actor_matrix"" },
                        ""operator"": ""=""
                      }
                    },
                    {
                      ""left"": {
                        ""count_id"": ""e_actor_other"",
                        ""condition"": {
                          ""and_conditions"": [
                            ""r_other_act"",
                            {
                              ""left"": { ""attribute_name"": ""name"", ""of"": ""e_actor_matrix"" },
                              ""operator"": ""="",
                              ""right"": {
                                ""left"": { ""attribute_name"": ""name"", ""of"": ""e_actor_matrix"" }
                              }
                            }
                          ]
                        }
                      },
                      ""operator"": "">="",
                      ""right"": {
                        ""left"": {
                          ""count_id"": ""e_actor_other"",
                          ""condition"": {
                            ""and_conditions"": [
                              ""r_other_act"",
                              {
                                ""left"": { ""attribute_name"": ""name"", ""of"": ""e_actor_matrix"" },
                                ""operator"": ""!="",
                                ""right"": {
                                  ""left"": { ""attribute_name"": ""name"", ""of"": ""e_actor_matrix"" }
                                }
                              }
                            ]
                          }
                        },
                        ""operator"": ""TOP"",
                        ""right"": 3
                      }
                    }
                  ]
                }
              },
              ""operator"": ""="",
              ""right"": 3
            }
          ]
        },
        ""projection"": [
          { ""attribute_name"": ""name"", ""of"": ""e_actor_matrix"" },
          {
            ""left"": { ""attribute_name"": ""name"", ""of"": ""e_top_actors"" },
            ""operator"": ""AS"",
            ""right"": ""top_actor_names""
          }
        ]
      }
    ]
  ]
}
```"
13,Q12,Give me the actors of The Matrix along with the three actors who have acted the most in any movie with them,ministral-3:14b,False,0.1,2087.837232,False,stop,4096,17.52114,4777,2066.378641,2.3118,"```json
{
  ""hypotheses_set"": [
    [
      {
        ""id"": ""q1"",
        ""target"": [""e_actor_matrix"", ""e_top_actors""],
        ""entities"": [
          { ""id"": ""e_movie"", ""type"": ""Movie"" },
          { ""id"": ""e_actor_matrix"", ""type"": ""Actor"" },
          { ""id"": ""e_co_actor"", ""type"": ""Actor"" },
          { ""id"": ""e_top_actors"", ""type"": ""Actor"" }
        ],
        ""relationships"": [
          { ""id"": ""r_matrix"", ""role"": ""actor"", ""from"": ""e_actor_matrix"", ""to"": ""e_movie"" },
          { ""id"": ""r_co_act"", ""role"": ""actor"", ""from"": ""e_co_actor"", ""to"": ""e_movie"" },
          { ""id"": ""r_top_co_act"", ""role"": ""actor"", ""from"": ""e_top_actors"", ""to"": ""e_movie"" }
        ],
        ""constraint"": {
          ""and_conditions"": [
            {
              ""left"": { ""attribute_name"": ""title"", ""of"": ""e_movie"" },
              ""operator"": ""="",
              ""right"": ""The Matrix""
            },
            {
              ""left"": { ""count_id"": ""r_co_act"" },
              ""operator"": "">="",
              ""right"": 3
            },
            {
              ""all_id"": ""e_top_actors"",
              ""condition"": {
                ""left"": {
                  ""count_id"": ""r_top_co_act"",
                  ""condition"": {
                    ""and_conditions"": [
                      {
                        ""left"": { ""attribute_name"": ""id"", ""of"": ""e_movie"" },
                        ""operator"": ""="",
                        {
                          ""left"": { ""attribute_name"": ""id"", ""of"": ""e_movie"" },
                          ""operator"": ""="",
                          {
                            ""left"": { ""attribute_name"": ""id"", ""of"": ""e_movie"" },
                            ""operator"": ""="",
                            {
                              ""left"": { ""attribute_name"": ""id"", ""of"": ""e_movie"" },
                              ""operator"": ""="",
                              {
                                ""left"": { ""attribute_name"": ""id"", ""of"": ""e_movie"" },
                                ""operator"": ""="",
                                {
                                  ""left"": { ""attribute_name"": ""title"", ""of"": ""e_movie"" },
                                  ""operator"": ""="",
                                  ""The Matrix""
                                }
                              }
                            }
                          }
                        }
                      }
                    ]
                  }
                },
                ""operator"": "">="",
                ""right"": {
                  ""left"": {
                    ""count_id"": ""r_co_act"",
                    ""condition"": {
                      ""and_conditions"": [
                        {
                          ""left"": { ""attribute_name"": ""id"", ""of"": ""e_movie"" },
                          ""operator"": ""="",
                          {
                            ""left"": { ""attribute_name"": ""id"", ""of"": ""e_movie"" },
                            ""operator"": ""="",
                            {
                              ""left"": { ""attribute_name"": ""title"", ""of"": ""e_movie"" },
                              ""operator"": ""="",
                              ""The Matrix""
                            }
                          }
                        }
                      ]
                    }
                  },
                  ""operator"": "">="",
                  ""right"": {
                    ""left"": {
                      ""count_id"": ""r_co_act"",
                      ""condition"": {
                        ""and_conditions"": [
                          {
                            ""left"": { ""attribute_name"": ""id"", ""of"": ""e_movie"" },
                            ""operator"": ""="",
                            {
                              ""left"": { ""attribute_name"": ""id"", ""of"": ""e_movie"" },
                              ""operator"": ""="",
                              {
                                ""left"": { ""attribute_name"": ""title"", ""of"": ""e_movie"" },
                                ""operator"": ""="",
                                ""The Matrix""
                              }
                            }
                          }
                        ]
                      }
                    },
                    ""operator"": "">="",
                    ""right"": {
                      ""left"": {
                        ""count_id"": ""r_co_act"",
                        ""condition"": {
                          ""and_conditions"": [
                            {
                              ""left"": { ""attribute_name"": ""id"", ""of"": ""e_movie"" },
                              ""operator"": ""="",
                              {
                                ""left"": { ""attribute_name"": ""id"", ""of"": ""e_movie"" },
                                ""operator"": ""="",
                                {
                                  ""left"": { ""attribute_name"": ""title"", ""of"": ""e_movie"" },
                                  ""operator"": ""="",
                                  ""The Matrix""
                                }
                              }
                            }
                          ]
                        }
                      },
                      ""operator"": "">="",
                      ""right"": 0
                    }
                  }
                }
              }
            }
          ]
        },
        ""projection"": [
          { ""attribute_name"": ""name"", ""of"": ""e_actor_matrix"" },
          { ""attribute_name"": ""name"", ""of"": ""e_top_actors"" }
        ]
      }
    ],
    [
      {
        ""id"": ""q2"",
        ""target"": [""e_actor_matrix"", ""e_top_actors""],
        ""entities"": [
          { ""id"": ""e_movie"", ""type"": ""Movie"" },
          { ""id"": ""e_actor_matrix"", ""type"": ""Actor"" },
          { ""id"": ""e_co_actor"", ""type"": ""Actor"" },
          { ""id"": ""e_top_actors"", ""type"": ""Actor"" }
        ],
        ""relationships"": [
          { ""id"": ""r_matrix"", ""role"": ""actor"", ""from"": ""e_actor_matrix"", ""to"": ""e_movie"" },
          { ""id"": ""r_co_act"", ""role"": ""actor"", ""from"": ""e_co_actor"", ""to"": ""e_movie"" },
          { ""id"": ""r_top_co_act"", ""role"": ""actor"", ""from"": ""e_top_actors"", ""to"": ""e_movie"" }
        ],
        ""constraint"": {
          ""and_conditions"": [
            {
              ""left"": { ""attribute_name"": ""title"", ""of"": ""e_movie"" },
              ""operator"": ""="",
              ""right"": ""The Matrix""
            },
            {
              ""left"": { ""attribute_name"": ""id"", ""of"": ""e_actor_matrix"" },
              ""operator"": ""="",
              {
                ""left"": { ""attribute_name"": ""id"", ""of"": ""e_co_actor"" },
                ""operator"": ""="",
                {
                  ""left"": { ""attribute_name"": ""id"", ""of"": ""e_top_actors"" },
                  ""operator"": ""!="",
                  {
                    ""left"": { ""attribute_name"": ""id"", ""of"": ""e_actor_matrix"" },
                    ""operator"": ""=""
                    {}
                  }
                }
              }
            },
            {
              ""left"": {
                ""count_id"": ""r_top_co_act"",
                ""condition"": {
                  ""and_conditions"": [
                    {
                      ""left"": { ""attribute_name"": ""id"", ""of"": ""e_movie"" },
                      ""operator"": ""="",
                      {
                        ""left"": { ""attribute_name"": ""id"", ""of"": ""e_movie"" },
                        ""operator"": ""="",
                        {
                          ""left"": { ""attribute_name"": ""title"", ""of"": ""e_movie"" },
                          ""operator"": ""="",
                          ""The Matrix""
                        }
                      }
                    }
                  ]
                }
              },
              ""operator"": "">="",
              ""right"": {
                ""left"": {
                  ""count_id"": ""r_co_act"",
                  ""condition"": {
                    ""and_conditions"": [
                      {
                        ""left"": { ""attribute_name"": ""id"", ""of"": ""e_movie"" },
                        ""operator"": ""="",
                        {
                          ""left"": { ""attribute_name"": ""id"", ""of"": ""e_movie"" },
                          ""operator"": ""="",
                          {
                            ""left"": { ""attribute_name"": ""title"", ""of"": ""e_movie"" },
                            ""operator"": ""="",
                            ""The Matrix""
                          }
                        }
                      }
                    ]
                  }
                },
                ""operator"": "">="",
                ""right"": {
                  ""left"": {
                    ""count_id"": ""r_co_act"",
                    ""condition"": {
                      ""and_conditions"": [
                        {
                          ""left"": { ""attribute_name"": ""id"", ""of"": ""e_movie"" },
                          ""operator"": ""="",
                          {
                            ""left"": { ""attribute_name"": ""id"", ""of"": ""e_movie"" },
                            ""operator"": ""="",
                            {
                              ""left"": { ""attribute_name"": ""title"", ""of"": ""e_movie"" },
                              ""operator"": ""="",
                              ""The Matrix""
                            }
                          }
                        }
                      ]
                    }
                  },
                  ""operator"": "">="",
                  ""right"": 0
                }
              }
            }
          ]
        },
        ""projection"": [
          { ""attribute_name"": ""name"", ""of"": ""e_actor_matrix"" },
          {
            ""left"": {
              ""count_id"": ""r_top_co_act"",
              ""condition"": {
                ""and_conditions"": [
                  {
                    ""left"": { ""attribute_name"": ""id"", ""of"": ""e_movie"" },
                    ""operator"": ""="",
                    {
                      ""left"": { ""attribute_name"": ""id"", ""of"": ""e_movie"" },
                      ""operator"": ""="",
                      {
                        ""left"": { ""attribute_name"": ""title"", ""of"": ""e_movie"" },
                        ""operator"": ""="",
                        ""The Matrix""
                      }
                    }
                  }
                ]
              }
            },
            ""operator"": "">="",
            ""right"": 0
          }
        ]
      }
    ]
  ]
}
```

**Corrected and Simplified Version:**

```json
{
  ""hypotheses_set"": [
    {
      ""id"": ""q1"",
      ""target"": [""e_actor_matrix"", ""e_top_actors""],
      ""entities"": [
        { ""id"": ""e_movie"", ""type"": ""Movie"" },
        { ""id"": ""e_actor_matrix"", ""type"": ""Actor"" },
        { ""id"": ""e_co_actor"", ""type"": ""Actor"" },
        { ""id"": ""e_top_actors"", ""type"": ""Actor"" }
      ],
      ""relationships"": [
        { ""id"": ""r_matrix"", ""role"": ""actor"", ""from"": ""e_actor_matrix"", ""to"": ""e_movie"" },
        { ""id"": ""r_co_act"", ""role"": ""actor"", ""from"": ""e_co_actor"", ""to"": ""e_movie"" },
        { ""id"": ""r_top_co_act"", ""role"": ""actor"", ""from"": ""e_top_actors"", ""to"": ""e_movie"" }
      ],
      ""constraint"": {
        ""and_conditions"": [
          {
            ""left"": { ""attribute_name"": ""title"", ""of"": ""e_movie"" },
            ""operator"": ""="",
            ""right"": ""The Matrix""
          },
          {
            ""left"": { ""attribute_name"": ""id"", ""of"": ""e_actor_matrix"" },
            ""operator"": ""="",
            {
              ""left"": { ""attribute_name"": ""id"", ""of"": ""e_co_actor"" },
              ""operator"": ""!="",
              {
                ""left"": { ""attribute_name"": ""id"", ""of"": ""e_actor_matrix"" },
                ""operator"": ""=""
              }
            }
          },
          {
            ""left"": {
              ""count_id"": ""r_top_co_act"",
              ""condition"": {
                ""and_conditions"": [
                  {
                    ""left"": { ""attribute_name"": ""id"", ""of"": ""e_movie"" },
                    ""operator"": ""="",
                    {
                      ""left"": { ""attribute_name"": ""id"", ""of"": ""e_movie"" },
                      ""operator"": ""="",
                      {
                        ""left"": { ""attribute_name"": ""title"", ""of"": ""e_movie"" },
                        ""operator"": ""="",
                        ""The Matrix""
                      }
                    }
                  }
                ]
              }
            },
            ""operator"": ""in"",
            ""right"": {
              ""top_n"": {
                ""n"": 3,
                ""by"": {
                  ""count_id"": ""r_co_act"",
                  ""condition"": {
                    ""and_conditions"": [
                      {
                        ""left"": { ""attribute_name"": ""id"", ""of"": ""e_movie"" },
                        ""operator"": ""="",
                        {
                          ""left"": { ""attribute_name"": ""id"", ""of"": ""e_movie"" },
                          ""operator"": ""="",
                          {
                            ""left"": { ""attribute_name"": ""title"", ""of"": ""e_movie"" },
                            ""operator"": ""="",
                            ""The Matrix""
                          }
                        }
                      }
                    ]
                  }
                }
              }
            }
          }
        ]
      },
      ""projection"": [
        { ""attribute_name"": ""name"", ""of"": ""e_actor_matrix"" },
        { ""attribute_name"": ""name"", ""of"": ""e_top_actors"" }
      ]
    }
  ]
}
```

**Final Simplified and Correct Version:**

```json
{
  ""hypotheses_set"": [
    {
      ""id"": ""q1"",
      ""target"": [""e_actor_matrix"", ""e_top_actors""],
      ""entities"": [
        { ""id"": ""e_movie"", ""type"": ""Movie"" },
        { ""id"": ""e_actor_matrix"", ""type"": ""Actor"" },
        { ""id"": ""e_co_actor"", ""type"": ""Actor"" },
        { ""id"": ""e_top_actors"", ""type"": ""Actor"" }
      ],
      ""relationships"": [
        { ""id"": ""r_matrix"", ""role"": ""actor"", ""from"": ""e_actor_matrix"", ""to"": ""e_movie"" },
        { ""id"": ""r_co_act"", ""role"": ""actor"", ""from"": ""e_co_actor"", ""to"": ""e_movie"" },
        { ""id"": ""r_top_co_act"", ""role"": ""actor"", ""from"": ""e_top_actors"", ""to"": ""e_movie"" }
      ],
      ""constraint"": {
        ""and_conditions"": [
          {
            ""left"": { ""attribute_name"": ""title"", ""of"": ""e_movie"" },
            ""operator"": ""="",
            ""right"": ""The Matrix""
          },
          {
            ""left"": {
              ""count_id"": ""r_top_actors"",
              ""condition"": {
                ""and_conditions"": [
                  {
                    ""left"": { ""attribute_name"": ""id"", ""of"": ""e_movie"" },
                    ""operator"": ""="",
                    {
                      ""left"": { ""attribute_name"": ""id"", ""of"": ""e_movie"" },
                      ""operator"": ""="",
                      {
                        ""left"": { ""attribute_name"": ""title"", ""of"": ""e_movie"" },
                        ""operator"": ""="",
                        ""The Matrix""
                      }
                    }
                  }
                ]
              }
            },
            ""operator"": ""in"",
            ""right"": {
              ""top_n"": {
                ""n"": 3,
                ""by"": {
                  ""count_id"": ""r_co_act"",
                  ""condition"": {
                    ""and_conditions"": [
                      {
                        ""left"": { ""attribute_name"": ""id"", ""of"": ""e_movie"" },
                        ""operator"": ""="",
                        {
                          ""left"": { ""attribute_name"": ""id"", ""of"": ""e_movie"" },
                          ""operator"": ""="",
                          {
                            ""left"": { ""attribute_name"": ""title"", ""of"": ""e_movie"" },
                            ""operator"": ""="",
                            ""The Matrix""
                          }
                        }
                      }
                    ]
                  }
                }
              }
            }
          }
        ]
      },
      ""projection"": [
        { ""attribute_name"": ""name"", ""of"": ""e_actor_matrix"" },
        { ""attribute_name"": ""name"", ""of"": ""e_top_actors"" }
      ]
    }
  ]
}
```

**Simplified and Correct Query:**

```json
{
  ""hypotheses_set"": [
    {
      ""id"": ""q1"",
      ""target"": [""e_actor_matrix"", ""e_top_actors""],
      ""entities"": [
        { ""id"": ""e_movie"", ""type"": ""Movie"" },
        { ""id"": ""e_actor_matrix"", ""type"": ""Actor"" },
        { ""id"": ""e_co_actor"", ""type"": ""Actor"" },
        { ""id"": ""e_top_actors"", ""type"": ""Actor"" }
      ],
      ""relationships"": [
        { ""id"": ""r_matrix"", ""role"": ""actor"", ""from"": ""e_actor_matrix"", ""to"": ""e_movie"" },
        { ""id"": ""r_co_act"", ""role"": ""actor"", ""from"": ""e_co_actor"", ""to"": ""e_movie"" }
      ],
      ""constraint"": {
        ""and_conditions"": [
          {
            ""left"": { ""attribute_name"": ""title"", ""of"": ""e_movie"" },
            ""operator"": ""="",
            ""right"": ""The Matrix""
          },
          {
            ""left"": {
              ""count_id"": ""r_co_act"",
              ""condition"": {
                ""and_conditions"": [
                  {
                    ""left"": { ""attribute_name"": ""id"", ""of"": ""e_movie"" },
                    ""operator"": ""="",
                    {
                      ""left"": { ""attribute_name"": ""id"", ""of"": ""e_movie"" },
                      ""operator"": ""="",
                      {
                        ""left"": { ""attribute_name"": ""title"", ""of"": ""e_movie"" },
                        ""operator"": ""="",
                        ""The Matrix""
                      }
                    }
                  }
                ]
              }
            },
            ""operator"": "">"",
            ""right"": 0
          }
        ],
        ""order_by"": {
          ""count_id"": ""r_co_act"",
          ""condition"": {
            ""and_conditions"": [
              {
                ""left"": { ""attribute_name"": ""id"", ""of"": ""e_movie"" },
                ""operator"": ""="",
                {
                  ""left"": { ""attribute_name"": ""id"", ""of"": ""e_movie"" },
                  ""operator"": ""="",
                  {
                    ""left"": { ""attribute_name"": ""title"", ""of"": ""e_movie"" },
                    ""operator"": ""="",
                    ""The Matrix""
                  }
                }
              }
            ]
          }
        },
        ""limit"": 3
      },
      ""projection"": [
        { ""attribute_name"": ""name"", ""of"": ""e_actor_matrix"" },
        {
          ""name"": ""top_co_actors"",
          ""from"": ""e_top_actors"",
          ""by"": {
            ""count_id"": ""r_co_act"",
            ""condition"": {
              ""and_conditions"": [
                {
                  ""left"": { ""attribute_name"": ""id"", ""of"": ""e_movie"" },
                  ""operator"": ""="",
                  {
                    ""left"": { ""attribute_name"": ""id"", ""of"": ""e_movie"" },
                    ""operator"": ""="",
                    {
                      ""left"": { ""attribute_name"": ""title"", ""of"": ""e_movie"" },
                      ""operator"": ""="",
                      ""The Matrix""
                    }
                  }
                }
              ]
            }
          },
          ""limit"": 3
        }
      ]
    }
  ]
}
```

**Final Correct Query:**

Here's a more straightforward and correct query to find actors in ""The Matrix"" and their top co-actors:

```json
{
  ""hypotheses_set"": [
    {
      ""id"": ""q1"",
      ""target"": [""e_actor_matrix""],
      ""entities"": [
        { ""id"": ""e_movie"", ""type"": ""Movie"" },
        { ""id"": ""e_actor_matrix"", ""type"": ""Actor"" },
        { ""id"": ""e_co_actor"", ""type"": ""Actor"" }
      ],
      ""relationships"": [
        { ""id"": ""r_matrix"", ""role"": ""actor"", ""from"": ""e_actor_matrix"", ""to"": ""e_movie"" },
        { ""id"": ""r_co_act"", ""role"": ""actor"", ""from"": ""e_co_actor"", ""to"": ""e_movie"" }
      ],
      ""constraint"": {
        ""and_conditions"": [
          {
            ""left"": { ""attribute_name"": ""title"", ""of"": ""e_movie"" },
            ""operator"": ""="",
            ""right"": ""The Matrix""
          }
        ]
      },
      ""projection"": [
        {
          ""name"": ""actor_name"",
          ""attribute"": ""name"",
          ""of"": ""e_actor_matrix""
        },
        {
          ""name"": ""top_co_actors"",
          ""from"": ""e_co_actor"",
          ""by"": {
            ""count"": {
              ""id"": ""r_co_act"",
              ""condition"": {
                ""and_conditions"": [
                  {
                    ""left"": { ""attribute_name"": ""id"", ""of"": ""e_movie"" },
                    ""operator"": ""="",
                    {
                      ""left"": { ""attribute_name"": ""id"", ""of"": ""e_movie"" },
                      ""operator"": ""="",
                      {
                        ""left"": { ""attribute_name"": ""title"", ""of"": ""e_movie"" },
                        ""operator"": ""="",
                        ""The Matrix""
                      }
                    }
                  }
                ]
              }
            }
          },
          ""order_by"": ""count"",
          ""limit"": 3
        }
      ]
    }
  ]
}
```

This query should correctly retrieve actors from ""The Matrix"" and their top 3 co-actors in that movie."
14,Q12,Give me the actors of The Matrix along with the three actors who have acted the most in any movie with them,ministral-3:14b,False,0.1,264.35457,True,stop,4096,17.367093,583,246.021136,2.3697,"```json
{
  ""hypotheses_set"": [
    [
      {
        ""id"": ""q1"",
        ""target"": [""e_actor_matrix"", ""e_top_actors""],
        ""entities"": [
          { ""id"": ""e_movie"", ""type"": ""Movie"" },
          { ""id"": ""e_actor_matrix"", ""type"": ""Actor"" },
          { ""id"": ""e_actor_other"", ""type"": ""Actor"" },
          { ""id"": ""e_top_actors"", ""type"": ""Actor"" }
        ],
        ""relationships"": [
          { ""id"": ""r_matrix"", ""role"": ""actor"", ""from"": ""e_actor_matrix"", ""to"": ""e_movie"" },
          { ""id"": ""r_other"", ""role"": ""actor"", ""from"": ""e_actor_other"", ""to"": ""e_movie"" }
        ],
        ""constraint"": {
          ""and_conditions"": [
            {
              ""left"": { ""attribute_name"": ""title"", ""of"": ""e_movie"" },
              ""operator"": ""="",
              ""right"": ""The Matrix""
            },
            {
              ""left"": {
                ""count_id"": ""e_actor_matrix"",
                ""condition"": {
                  ""and_conditions"": [
                    ""r_matrix""
                  ]
                }
              },
              ""operator"": "">"",
              ""right"": 0
            },
            {
              ""left"": {
                ""count_id"": ""e_top_actors"",
                ""condition"": {
                  ""and_conditions"": [
                    {
                      ""left"": {
                        ""count_id"": ""e_actor_other"",
                        ""condition"": {
                          ""and_conditions"": [
                            {
                              ""left"": { ""attribute_name"": ""id"", ""of"": ""e_actor_other"" },
                              ""operator"": ""!="",
                              ""right"": { ""attribute_name"": ""id"", ""of"": ""e_actor_matrix"" }
                            },
                            ""r_other""
                          ]
                        }
                      },
                      ""operator"": "">"",
                      ""right"": 0
                    },
                    {
                      ""left"": {
                        ""expression"": ""rank(e_actor_other, count(e_movie))""
                      },
                      ""operator"": ""<="",
                      ""right"": 3
                    }
                  ]
                }
              },
              ""operator"": "">"",
              ""right"": 0
            }
          ]
        },
        ""projection"": [
          { ""attribute_name"": ""name"", ""of"": ""e_actor_matrix"" },
          {
            ""attribute_name"": ""name"",
            ""of"": {
              ""expression"": ""top_3(e_top_actors, count(e_movie))""
            }
          }
        ]
      }
    ]
  ]
}
```"
15,Q12,Give me the actors of The Matrix along with the three actors who have acted the most in any movie with them,ministral-3:14b,False,0.1,257.598735,True,stop,4096,17.580035,567,239.144379,2.371,"```json
{
  ""hypotheses_set"": [
    [
      {
        ""id"": ""q1"",
        ""target"": [""e_actor_matrix"", ""e_top_actors""],
        ""entities"": [
          { ""id"": ""e_movie"", ""type"": ""Movie"" },
          { ""id"": ""e_actor_matrix"", ""type"": ""Person"" },
          { ""id"": ""e_actor_other"", ""type"": ""Person"" },
          { ""id"": ""e_top_actors"", ""type"": ""Person"" }
        ],
        ""relationships"": [
          { ""id"": ""r_matrix_act"", ""role"": ""actor"", ""from"": ""e_actor_matrix"", ""to"": ""e_movie"" },
          { ""id"": ""r_other_act"", ""role"": ""actor"", ""from"": ""e_actor_other"", ""to"": ""e_movie"" },
          { ""id"": ""r_top_act"", ""role"": ""actor"", ""from"": ""e_top_actors"", ""to"": ""e_movie"" }
        ],
        ""constraint"": {
          ""and_conditions"": [
            {
              ""left"": { ""attribute_name"": ""title"", ""of"": ""e_movie"" },
              ""operator"": ""="",
              ""right"": ""The Matrix""
            },
            {
              ""left"": { ""count_id"": ""e_movie"", ""condition"": { ""and_conditions"": [""r_matrix_act""] } },
              ""operator"": "">="",
              ""right"": 1
            },
            {
              ""expression"": {
                ""input"": [
                  {
                    ""left"": { ""count_id"": ""e_movie"", ""condition"": { ""and_conditions"": [""r_other_act""] } },
                    ""operator"": "">="",
                    ""right"": 1
                  },
                  {
                    ""left"": { ""attribute_name"": ""name"", ""of"": ""e_actor_matrix"" },
                    ""operator"": ""="",
                    ""right"": { ""attribute_name"": ""name"", ""of"": ""e_actor_other"" }
                  }
                ],
                ""top_n"": 3,
                ""order_by"": { ""count_id"": ""e_movie"", ""condition"": { ""and_conditions"": [""r_other_act""] }, ""desc"": true }
              },
              ""target"": ""e_top_actors""
            }
          ]
        },
        ""projection"": [
          { ""attribute_name"": ""name"", ""of"": ""e_actor_matrix"" },
          { ""attribute_name"": ""name"", ""of"": ""e_top_actors"" }
        ]
      }
    ]
  ]
}
```"
16,Q12,Give me the actors of The Matrix along with the three actors who have acted the most in any movie with them,ministral-3:14b,False,0.1,234.490006,True,stop,4096,17.50034,514,216.150563,2.378,"```json
{
  ""hypotheses_set"": [
    [
      {
        ""id"": ""q1"",
        ""target"": [""e_actor_matrix"", ""e_top_actors""],
        ""entities"": [
          { ""id"": ""e_movie"", ""type"": ""Movie"" },
          { ""id"": ""e_actor_matrix"", ""type"": ""Actor"" },
          { ""id"": ""e_actor_other"", ""type"": ""Actor"" },
          { ""id"": ""e_top_actors"", ""type"": ""Actor"" }
        ],
        ""relationships"": [
          { ""id"": ""r_matrix"", ""role"": ""actor"", ""from"": ""e_actor_matrix"", ""to"": ""e_movie"" },
          { ""id"": ""r_other"", ""role"": ""actor"", ""from"": ""e_actor_other"", ""to"": ""e_movie"" }
        ],
        ""constraint"": {
          ""and_conditions"": [
            {
              ""left"": { ""attribute_name"": ""title"", ""of"": ""e_movie"" },
              ""operator"": ""="",
              ""right"": ""The Matrix""
            },
            {
              ""left"": {
                ""count_id"": ""e_actor_matrix"",
                ""condition"": {
                  ""and_conditions"": [
                    ""r_matrix""
                  ]
                }
              },
              ""operator"": "">"",
              ""right"": 0
            },
            {
              ""expression"": {
                ""input"": ""e_actor_other"",
                ""filter"": {
                  ""not"": {
                    ""left"": { ""attribute_name"": ""id"", ""of"": ""e_actor_other"" },
                    ""operator"": ""="",
                    ""right"": { ""attribute_name"": ""id"", ""of"": ""e_actor_matrix"" }
                  }
                }
              },
              ""sort"": {
                ""order"": ""desc"",
                ""by"": {
                  ""count_id"": ""e_movie"",
                  ""condition"": {
                    ""and_conditions"": [
                      ""r_other""
                    ]
                  }
                }
              },
              ""limit"": 3,
              ""output"": ""e_top_actors""
            }
          ]
        },
        ""projection"": [
          { ""attribute_name"": ""name"", ""of"": ""e_actor_matrix"" },
          { ""attribute_name"": ""name"", ""of"": ""e_top_actors"" }
        ]
      }
    ]
  ]
}
```"
17,Q12,Give me the actors of The Matrix along with the three actors who have acted the most in any movie with them,ministral-3:14b,False,0.1,812.695264,False,stop,4096,17.356425,1834,793.526035,2.3112,"```json
{
  ""hypotheses_set"": [
    [
      {
        ""id"": ""q1"",
        ""target"": [""e_actor_matrix"", ""e_top_actors""],
        ""entities"": [
          { ""id"": ""e_movie"", ""type"": ""Movie"" },
          { ""id"": ""e_actor_matrix"", ""type"": ""Actor"" },
          { ""id"": ""e_actor_other"", ""type"": ""Actor"" },
          { ""id"": ""e_top_actors"", ""type"": ""Actor"" }
        ],
        ""relationships"": [
          { ""id"": ""r_matrix"", ""role"": ""actor"", ""from"": ""e_actor_matrix"", ""to"": ""e_movie"" },
          { ""id"": ""r_other"", ""role"": ""actor"", ""from"": ""e_actor_other"", ""to"": ""e_movie"" }
        ],
        ""constraint"": {
          ""and_conditions"": [
            {
              ""left"": { ""attribute_name"": ""title"", ""of"": ""e_movie"" },
              ""operator"": ""="",
              ""right"": ""The Matrix""
            },
            {
              ""left"": {
                ""count_id"": ""e_actor_matrix"",
                ""condition"": {
                  ""and_conditions"": [
                    ""r_matrix""
                  ]
                }
              },
              ""operator"": "">"",
              ""right"": 0
            },
            {
              ""all_id"": ""e_top_actors"",
              ""condition"": {
                ""and_conditions"": [
                  {
                    ""left"": {
                      ""count_id"": ""e_movie"",
                      ""condition"": {
                        ""and_conditions"": [
                          ""r_other"",
                          {
                            ""left"": { ""attribute_name"": ""id"", ""of"": ""e_actor_other"" },
                            ""operator"": ""="",
                            { ""attribute_name"": ""id"", ""of"": ""e_top_actors"" }
                          }
                        ]
                      }
                    },
                    ""operator"": "">="",
                    ""right"": {
                      ""left"": {
                        ""count_id"": ""e_movie"",
                        ""condition"": {
                          ""and_conditions"": [
                            ""r_other"",
                            {
                              ""left"": { ""attribute_name"": ""id"", ""of"": ""e_actor_other"" },
                              ""operator"": ""!="",
                              { ""attribute_name"": ""id"", ""of"": ""e_top_actors"" }
                            }
                          ]
                        }
                      },
                      ""operator"": "">"",
                      ""right"": {
                        ""left"": {
                          ""count_id"": ""e_movie"",
                          ""condition"": {
                            ""and_conditions"": [
                              ""r_other"",
                              {
                                ""left"": { ""attribute_name"": ""id"", ""of"": ""e_actor_other"" },
                                ""operator"": ""!="",
                                { ""attribute_name"": ""id"", ""of"": ""e_top_actors"" }
                              }
                            ]
                          }
                        },
                        ""operator"": "">"",
                        ""right"": {
                          ""left"": {
                            ""count_id"": ""e_movie"",
                            ""condition"": {
                              ""and_conditions"": [
                                ""r_other"",
                                {
                                  ""left"": { ""attribute_name"": ""id"", ""of"": ""e_actor_other"" },
                                  ""operator"": ""!="",
                                  { ""attribute_name"": ""id"", ""of"": ""e_top_actors"" }
                                }
                              ]
                            }
                          },
                          ""operator"": "">"",
                          ""right"": 0
                        }
                      }
                    }
                  }
                ]
              }
            }
          ]
        },
        ""projection"": [
          { ""attribute_name"": ""name"", ""of"": ""e_actor_matrix"" },
          {
            ""left"": {
              ""count_id"": ""e_movie"",
              ""condition"": {
                ""and_conditions"": [
                  ""r_other"",
                  {
                    ""left"": { ""attribute_name"": ""id"", ""of"": ""e_actor_other"" },
                    ""operator"": ""="",
                    { ""attribute_name"": ""id"", ""of"": ""e_top_actors"" }
                  }
                ]
              }
            },
            ""operator"": ""="",
            ""right"": {
              ""left"": {
                ""count_id"": ""e_movie"",
                ""condition"": {
                  ""and_conditions"": [
                    ""r_other"",
                    {
                      ""left"": { ""attribute_name"": ""id"", ""of"": ""e_actor_other"" },
                      ""operator"": ""!="",
                      { ""attribute_name"": ""id"", ""of"": ""e_top_actors"" }
                    }
                  ]
                }
              },
              ""operator"": "">"",
              ""right"": 0
            }
          },
          { ""attribute_name"": ""name"", ""of"": ""e_top_actors"" }
        ]
      }
    ],
    [
      {
        ""id"": ""q2"",
        ""target"": [""e_actor_matrix"", ""e_top_actors""],
        ""entities"": [
          { ""id"": ""e_movie"", ""type"": ""Movie"" },
          { ""id"": ""e_actor_matrix"", ""type"": ""Actor"" },
          { ""id"": ""e_actor_other"", ""type"": ""Actor"" },
          { ""id"": ""e_top_actors"", ""type"": ""Actor"" }
        ],
        ""relationships"": [
          { ""id"": ""r_matrix"", ""role"": ""actor"", ""from"": ""e_actor_matrix"", ""to"": ""e_movie"" },
          { ""id"": ""r_other"", ""role"": ""actor"", ""from"": ""e_actor_other"", ""to"": ""e_movie"" }
        ],
        ""constraint"": {
          ""and_conditions"": [
            {
              ""left"": { ""attribute_name"": ""title"", ""of"": ""e_movie"" },
              ""operator"": ""="",
              ""right"": ""The Matrix""
            },
            {
              ""left"": {
                ""count_id"": ""e_actor_matrix"",
                ""condition"": {
                  ""and_conditions"": [
                    ""r_matrix""
                  ]
                }
              },
              ""operator"": "">"",
              ""right"": 0
            },
            {
              ""left"": {
                ""count_id"": ""e_top_actors"",
                ""condition"": {
                  ""and_conditions"": [
                    {
                      ""left"": {
                        ""count_id"": ""e_movie"",
                        ""condition"": {
                          ""and_conditions"": [
                            ""r_other"",
                            {
                              ""left"": { ""attribute_name"": ""id"", ""of"": ""e_actor_other"" },
                              ""operator"": ""="",
                              { ""attribute_name"": ""id"", ""of"": ""e_top_actors"" }
                            }
                          ]
                        }
                      },
                      ""operator"": "">"",
                      ""right"": {
                        ""left"": {
                          ""count_id"": ""e_movie"",
                          ""condition"": {
                            ""and_conditions"": [
                              ""r_other"",
                              {
                                ""left"": { ""attribute_name"": ""id"", ""of"": ""e_actor_other"" },
                                ""operator"": ""!="",
                                { ""attribute_name"": ""id"", ""of"": ""e_top_actors"" }
                              }
                            ]
                          }
                        },
                        ""operator"": "">"",
                        ""right"": {
                          ""left"": {
                            ""count_id"": ""e_movie"",
                            ""condition"": {
                              ""and_conditions"": [
                                ""r_other"",
                                {
                                  ""left"": { ""attribute_name"": ""id"", ""of"": ""e_actor_other"" },
                                  ""operator"": ""!="",
                                  { ""attribute_name"": ""id"", ""of"": ""e_top_actors"" }
                                }
                              ]
                            }
                          },
                          ""operator"": "">"",
                          ""right"": {
                            ""left"": {
                              ""count_id"": ""e_movie"",
                              ""condition"": {
                                ""and_conditions"": [
                                  ""r_other"",
                                  {
                                    ""left"": { ""attribute_name"": ""id"", ""of"": ""e_actor_other"" },
                                    ""operator"": ""!="",
                                    { ""attribute_name"": ""id"", ""of"": ""e_top_actors"" }
                                  }
                                ]
                              }
                            },
                            ""operator"": "">"",
                            ""right"": 0
                          }
                        }
                      }
                    }
                  ]
                }
              },
              ""operator"": "">"",
              ""right"": 2
            }
          ]
        },
        ""projection"": [
          { ""attribute_name"": ""name"", ""of"": ""e_actor_matrix"" },
          { ""attribute_name"": ""name"", ""of"": ""e_top_actors"" }
        ]
      }
    ]
  ]
}
```"
18,Q12,Give me the actors of The Matrix along with the three actors who have acted the most in any movie with them,ministral-3:14b,False,0.1,675.871296,False,stop,4096,17.47036,1530,656.563133,2.3303,"```json
{
  ""hypotheses_set"": [
    [
      {
        ""id"": ""q1"",
        ""target"": [""e_actor_matrix"", ""e_top_actors""],
        ""entities"": [
          { ""id"": ""e_movie"", ""type"": ""Movie"" },
          { ""id"": ""e_actor_matrix"", ""type"": ""Person"" },
          { ""id"": ""e_actor_other"", ""type"": ""Person"" },
          { ""id"": ""e_top_actors"", ""type"": ""Person"" }
        ],
        ""relationships"": [
          { ""id"": ""r_matrix"", ""role"": ""actor"", ""from"": ""e_actor_matrix"", ""to"": ""e_movie"" },
          { ""id"": ""r_other"", ""role"": ""actor"", ""from"": ""e_actor_other"", ""to"": ""e_movie"" }
        ],
        ""constraint"": {
          ""and_conditions"": [
            {
              ""left"": { ""attribute_name"": ""title"", ""of"": ""e_movie"" },
              ""operator"": ""="",
              ""right"": ""The Matrix""
            },
            {
              ""left"": {
                ""count_id"": ""e_actor_matrix"",
                ""condition"": {
                  ""and_conditions"": [
                    ""r_matrix""
                  ]
                }
              },
              ""operator"": "">"",
              ""right"": 0
            },
            {
              ""all_id"": ""e_top_actors"",
              ""condition"": {
                ""and_conditions"": [
                  {
                    ""left"": {
                      ""count_id"": ""e_actor_other"",
                      ""condition"": {
                        ""and_conditions"": [
                          {
                            ""left"": { ""attribute_name"": ""id"", ""of"": ""e_actor_other"" },
                            ""operator"": ""="",
                            { ""attribute_name"": ""id"", ""of"": ""e_top_actors"" }
                          },
                          ""r_other""
                        ]
                      }
                    },
                    ""operator"": "">="",
                    ""right"": {
                      ""left"": {
                        ""count_id"": ""e_actor_other"",
                        ""condition"": {
                          ""and_conditions"": [
                            {
                              ""left"": { ""attribute_name"": ""id"", ""of"": ""e_actor_other"" },
                              ""operator"": ""!="",
                              { ""attribute_name"": ""id"", ""of"": ""e_top_actors"" }
                            },
                            ""r_other""
                          ]
                        }
                      },
                      ""operator"": ""="",
                      ""right"": {
                        ""left"": {
                          ""count_id"": ""e_actor_other"",
                          ""condition"": {
                            ""and_conditions"": [
                              {
                                ""left"": { ""attribute_name"": ""id"", ""of"": ""e_actor_other"" },
                                ""operator"": ""!="",
                                { ""attribute_name"": ""id"", ""of"": ""e_top_actors"" }
                              },
                              ""r_other""
                            ]
                          }
                        },
                        ""operator"": ""<"",
                        ""right"": {
                          ""left"": {
                            ""count_id"": ""e_actor_other"",
                            ""condition"": {
                              ""and_conditions"": [
                                {
                                  ""left"": { ""attribute_name"": ""id"", ""of"": ""e_actor_other"" },
                                  ""operator"": ""!="",
                                  { ""attribute_name"": ""id"", ""of"": ""e_top_actors"" }
                                },
                                ""r_other""
                              ]
                            }
                          },
                          ""operator"": ""="",
                          ""right"": 3
                        }
                      }
                    }
                  }
                ]
              }
            }
          ]
        },
        ""projection"": [
          { ""attribute_name"": ""name"", ""of"": ""e_actor_matrix"" },
          { ""attribute_name"": ""name"", ""of"": ""e_top_actors"" }
        ]
      }
    ],
    [
      {
        ""id"": ""q2"",
        ""target"": [""e_actor_matrix"", ""e_top_actors""],
        ""entities"": [
          { ""id"": ""e_movie"", ""type"": ""Movie"" },
          { ""id"": ""e_actor_matrix"", ""type"": ""Person"" },
          { ""id"": ""e_actor_other"", ""type"": ""Person"" },
          { ""id"": ""e_top_actors"", ""type"": ""Person"" }
        ],
        ""relationships"": [
          { ""id"": ""r_matrix"", ""role"": ""actor"", ""from"": ""e_actor_matrix"", ""to"": ""e_movie"" },
          { ""id"": ""r_other"", ""role"": ""actor"", ""from"": ""e_actor_other"", ""to"": ""e_movie"" }
        ],
        ""constraint"": {
          ""and_conditions"": [
            {
              ""left"": { ""attribute_name"": ""title"", ""of"": ""e_movie"" },
              ""operator"": ""="",
              ""right"": ""The Matrix""
            },
            {
              ""left"": {
                ""count_id"": ""e_actor_matrix"",
                ""condition"": {
                  ""and_conditions"": [
                    ""r_matrix""
                  ]
                }
              },
              ""operator"": "">"",
              ""right"": 0
            },
            {
              ""left"": {
                ""count_id"": ""e_top_actors"",
                ""condition"": {
                  ""and_conditions"": [
                    {
                      ""left"": {
                        ""count_id"": ""e_actor_other"",
                        ""condition"": {
                          ""and_conditions"": [
                            {
                              ""left"": { ""attribute_name"": ""id"", ""of"": ""e_actor_other"" },
                              ""operator"": ""="",
                              { ""attribute_name"": ""id"", ""of"": ""e_top_actors"" }
                            },
                            ""r_other""
                          ]
                        }
                      },
                      ""operator"": "">="",
                      ""right"": {
                        ""left"": {
                          ""count_id"": ""e_actor_other"",
                          ""condition"": {
                            ""and_conditions"": [
                              {
                                ""left"": { ""attribute_name"": ""id"", ""of"": ""e_actor_other"" },
                                ""operator"": ""!="",
                                { ""attribute_name"": ""id"", ""of"": ""e_top_actors"" }
                              },
                              ""r_other""
                            ]
                          }
                        },
                        ""operator"": ""="",
                        ""right"": {
                          ""left"": {
                            ""count_id"": ""e_actor_other"",
                            ""condition"": {
                              ""and_conditions"": [
                                {
                                  ""left"": { ""attribute_name"": ""id"", ""of"": ""e_actor_other"" },
                                  ""operator"": ""!="",
                                  { ""attribute_name"": ""id"", ""of"": ""e_top_actors"" }
                                },
                                ""r_other""
                              ]
                            }
                          },
                          ""operator"": ""<"",
                          ""right"": 3
                        }
                      }
                    }
                  ]
                }
              },
              ""operator"": ""="",
              ""right"": 3
            }
          ]
        },
        ""projection"": [
          { ""attribute_name"": ""name"", ""of"": ""e_actor_matrix"" },
          { ""attribute_name"": ""name"", ""of"": ""e_top_actors"" }
        ]
      }
    ]
  ]
}
```"
19,Q12,Give me the actors of The Matrix along with the three actors who have acted the most in any movie with them,ministral-3:14b,False,0.1,471.057823,True,stop,4096,17.621771,1061,452.20619,2.3463,"```json
{
  ""hypotheses_set"": [
    [
      {
        ""id"": ""q1"",
        ""target"": [""e_actor_matrix"", ""e_top_actors""],
        ""entities"": [
          { ""id"": ""e_movie"", ""type"": ""Movie"" },
          { ""id"": ""e_actor_matrix"", ""type"": ""Actor"" },
          { ""id"": ""e_co_actor"", ""type"": ""Actor"" },
          { ""id"": ""e_top_actors"", ""type"": ""Actor"" }
        ],
        ""relationships"": [
          { ""id"": ""r_matrix"", ""role"": ""actor"", ""from"": ""e_actor_matrix"", ""to"": ""e_movie"" },
          { ""id"": ""r_co_act"", ""role"": ""actor"", ""from"": ""e_co_actor"", ""to"": ""e_movie"" }
        ],
        ""constraint"": {
          ""and_conditions"": [
            {
              ""left"": { ""attribute_name"": ""title"", ""of"": ""e_movie"" },
              ""operator"": ""="",
              ""right"": ""The Matrix""
            },
            {
              ""left"": {
                ""count_id"": ""e_co_actor"",
                ""condition"": {
                  ""and_conditions"": [
                    ""r_co_act"",
                    {
                      ""left"": { ""attribute_name"": ""id"", ""of"": ""e_co_actor"" },
                      ""operator"": ""!="",
                      ""right"": { ""attribute_name"": ""id"", ""of"": ""e_actor_matrix"" }
                    }
                  ]
                }
              },
              ""operator"": "">="",
              ""right"": 3
            }
          ]
        },
        ""projection"": [
          { ""attribute_name"": ""name"", ""of"": ""e_actor_matrix"" },
          {
            ""left"": {
              ""count_id"": ""e_co_actor"",
              ""condition"": {
                ""and_conditions"": [
                  ""r_co_act"",
                  {
                    ""left"": { ""attribute_name"": ""id"", ""of"": ""e_co_actor"" },
                    ""operator"": ""!="",
                    ""right"": { ""attribute_name"": ""id"", ""of"": ""e_actor_matrix"" }
                  }
                ]
              }
            },
            ""operator"": "">="",
            ""right"": 3
          },
          { ""attribute_name"": ""name"", ""of"": ""e_co_actor"" }
        ]
      }
    ],
    [
      {
        ""id"": ""q2"",
        ""target"": [""e_actor_matrix"", ""e_top_actors""],
        ""entities"": [
          { ""id"": ""e_movie"", ""type"": ""Movie"" },
          { ""id"": ""e_actor_matrix"", ""type"": ""Actor"" },
          { ""id"": ""e_co_actor"", ""type"": ""Actor"" },
          { ""id"": ""e_top_actors"", ""type"": ""Actor"" }
        ],
        ""relationships"": [
          { ""id"": ""r_matrix"", ""role"": ""actor"", ""from"": ""e_actor_matrix"", ""to"": ""e_movie"" },
          { ""id"": ""r_co_act"", ""role"": ""actor"", ""from"": ""e_co_actor"", ""to"": ""e_movie"" }
        ],
        ""constraint"": {
          ""and_conditions"": [
            {
              ""left"": { ""attribute_name"": ""title"", ""of"": ""e_movie"" },
              ""operator"": ""="",
              ""right"": ""The Matrix""
            },
            {
              ""left"": {
                ""count_id"": ""e_co_actor"",
                ""condition"": {
                  ""and_conditions"": [
                    ""r_co_act"",
                    {
                      ""left"": { ""attribute_name"": ""id"", ""of"": ""e_co_actor"" },
                      ""operator"": ""!="",
                      ""right"": { ""attribute_name"": ""id"", ""of"": ""e_actor_matrix"" }
                    }
                  ]
                }
              },
              ""operator"": "">="",
              ""right"": 3
            }
          ]
        },
        ""projection"": [
          { ""attribute_name"": ""name"", ""of"": ""e_actor_matrix"" },
          {
            ""expression"": {
              ""top_n"": {
                ""n"": 3,
                ""by"": {
                  ""count_id"": ""e_co_actor"",
                  ""condition"": {
                    ""and_conditions"": [
                      ""r_co_act"",
                      {
                        ""left"": { ""attribute_name"": ""id"", ""of"": ""e_co_actor"" },
                        ""operator"": ""!="",
                        ""right"": { ""attribute_name"": ""id"", ""of"": ""e_actor_matrix"" }
                      }
                    ]
                  }
                }
              }
            }
          },
          { ""attribute_name"": ""name"", ""of"": ""e_co_actor"" }
        ]
      }
    ]
  ]
}
```"
20,Q12,Give me the actors of The Matrix along with the three actors who have acted the most in any movie with them,ministral-3:14b,False,0.1,321.946834,True,stop,4096,17.511306,717,303.457883,2.3628,"```json
{
  ""hypotheses_set"": [
    [
      {
        ""id"": ""q1"",
        ""target"": [""e_actor_matrix"", ""e_top_actors""],
        ""entities"": [
          { ""id"": ""e_movie"", ""type"": ""Movie"" },
          { ""id"": ""e_actor_matrix"", ""type"": ""Actor"" },
          { ""id"": ""e_co_actor"", ""type"": ""Actor"" },
          { ""id"": ""e_top_actors"", ""type"": ""Actor"" }
        ],
        ""relationships"": [
          { ""id"": ""r_matrix"", ""role"": ""actor"", ""from"": ""e_actor_matrix"", ""to"": ""e_movie"" },
          { ""id"": ""r_co_act"", ""role"": ""actor"", ""from"": ""e_co_actor"", ""to"": ""e_movie"" },
          { ""id"": ""r_top_co_act"", ""role"": ""actor"", ""from"": ""e_top_actors"", ""to"": ""e_movie"" }
        ],
        ""constraint"": {
          ""and_conditions"": [
            {
              ""left"": { ""attribute_name"": ""title"", ""of"": ""e_movie"" },
              ""operator"": ""="",
              ""right"": ""The Matrix""
            },
            {
              ""left"": { ""attribute_name"": ""name"", ""of"": ""e_actor_matrix"" },
              ""operator"": ""in"",
              ""right"": {
                ""count_id"": ""r_matrix"",
                ""condition"": {
                  ""left"": { ""attribute_name"": ""title"", ""of"": ""e_movie"" },
                  ""operator"": ""="",
                  ""right"": ""The Matrix""
                }
              }
            },
            {
              ""all_id"": ""e_top_actors"",
              ""condition"": {
                ""left"": {
                  ""count_id"": ""r_top_co_act"",
                  ""condition"": {
                    ""left"": { ""attribute_name"": ""name"", ""of"": ""e_co_actor"" },
                    ""operator"": ""="",
                    ""right"": { ""attribute_name"": ""name"", ""of"": ""e_top_actors"" }
                  }
                },
                ""operator"": "">="",
                ""right"": {
                  ""count_id"": ""r_co_act"",
                  ""condition"": {
                    ""left"": { ""attribute_name"": ""name"", ""of"": ""e_co_actor"" },
                    ""operator"": ""="",
                    ""right"": { ""attribute_name"": ""name"", ""of"": ""e_actor_matrix"" }
                  }
                }
              }
            }
          ]
        },
        ""projection"": [
          { ""attribute_name"": ""name"", ""of"": ""e_actor_matrix"" },
          {
            ""left"": {
              ""count_id"": ""r_co_act"",
              ""condition"": {
                ""left"": { ""attribute_name"": ""name"", ""of"": ""e_co_actor"" },
                ""operator"": ""="",
                ""right"": { ""attribute_name"": ""name"", ""of"": ""e_actor_matrix"" }
              }
            },
            ""operator"": ""top"",
            ""right"": 3,
            ""projection"": [
              { ""attribute_name"": ""name"", ""of"": ""e_co_actor"" }
            ]
          }
        ]
      }
    ]
  ]
}
```"
21,Q12,Give me the actors of The Matrix along with the three actors who have acted the most in any movie with them,ministral-3:14b,False,0.1,795.423982,False,stop,4096,17.527162,1797,776.224226,2.3151,"```json
{
  ""hypotheses_set"": [
    [
      {
        ""id"": ""q1"",
        ""target"": [""e_actor_matrix"", ""e_co_actor""],
        ""entities"": [
          { ""id"": ""e_movie"", ""type"": ""Movie"" },
          { ""id"": ""e_actor_matrix"", ""type"": ""Person"" },
          { ""id"": ""e_co_actor"", ""type"": ""Person"" },
          { ""id"": ""e_co_movie"", ""type"": ""Movie"" }
        ],
        ""relationships"": [
          { ""id"": ""r_matrix"", ""role"": ""actor"", ""from"": ""e_actor_matrix"", ""to"": ""e_movie"" },
          { ""id"": ""r_co_act"", ""role"": ""actor"", ""from"": ""e_co_actor"", ""to"": ""e_co_movie"" }
        ],
        ""constraint"": {
          ""and_conditions"": [
            {
              ""left"": { ""attribute_name"": ""title"", ""of"": ""e_movie"" },
              ""operator"": ""="",
              ""right"": ""The Matrix""
            },
            {
              ""left"": { ""attribute_name"": ""title"", ""of"": ""e_co_movie"" },
              ""operator"": ""="",
              {
                ""left"": { ""attribute_name"": ""title"", ""of"": ""e_movie"" },
                ""operator"": ""="",
                ""right"": ""The Matrix""
              }
            },
            {
              ""left"": { ""attribute_name"": ""id"", ""of"": ""e_co_movie"" },
              ""operator"": ""!="",
              {
                ""left"": { ""attribute_name"": ""id"", ""of"": ""e_movie"" },
                ""operator"": ""="",
                ""right"": ""The Matrix""
              }
            },
            {
              ""left"": {
                ""count_id"": ""e_co_movie"",
                ""condition"": {
                  ""and_conditions"": [
                    {
                      ""left"": { ""attribute_name"": ""id"", ""of"": ""e_co_movie"" },
                      ""operator"": ""!="",
                      {
                        ""left"": { ""attribute_name"": ""id"", ""of"": ""e_movie"" },
                        ""operator"": ""="",
                        ""right"": ""The Matrix""
                      }
                    },
                    {
                      ""left"": { ""attribute_name"": ""id"", ""of"": ""e_co_actor"" },
                      ""operator"": ""="",
                      {
                        ""left"": { ""attribute_name"": ""id"", ""of"": ""e_actor_matrix"" }
                      }
                    }
                  ]
                }
              },
              ""operator"": "">="",
              ""right"": 3
            }
          ]
        },
        ""projection"": [
          { ""attribute_name"": ""name"", ""of"": ""e_actor_matrix"" },
          { ""attribute_name"": ""name"", ""of"": ""e_co_actor"" }
        ]
      }
    ],
    [
      {
        ""id"": ""q2"",
        ""target"": [""e_actor_matrix"", ""e_top_co_actor""],
        ""entities"": [
          { ""id"": ""e_movie"", ""type"": ""Movie"" },
          { ""id"": ""e_actor_matrix"", ""type"": ""Person"" },
          { ""id"": ""e_top_co_actor"", ""type"": ""Person"" },
          { ""id"": ""e_co_movie"", ""type"": ""Movie"" }
        ],
        ""relationships"": [
          { ""id"": ""r_matrix"", ""role"": ""actor"", ""from"": ""e_actor_matrix"", ""to"": ""e_movie"" },
          { ""id"": ""r_co_act"", ""role"": ""actor"", ""from"": ""e_top_co_actor"", ""to"": ""e_co_movie"" }
        ],
        ""constraint"": {
          ""and_conditions"": [
            {
              ""left"": { ""attribute_name"": ""title"", ""of"": ""e_movie"" },
              ""operator"": ""="",
              ""right"": ""The Matrix""
            },
            {
              ""left"": {
                ""count_id"": ""e_co_movie"",
                ""condition"": {
                  ""and_conditions"": [
                    {
                      ""left"": { ""attribute_name"": ""id"", ""of"": ""e_co_movie"" },
                      ""operator"": ""!="",
                      {
                        ""left"": { ""attribute_name"": ""id"", ""of"": ""e_movie"" },
                        ""operator"": ""="",
                        ""right"": ""The Matrix""
                      }
                    },
                    {
                      ""left"": { ""attribute_name"": ""id"", ""of"": ""e_top_co_actor"" },
                      ""operator"": ""="",
                      {
                        ""left"": { ""attribute_name"": ""id"", ""of"": ""e_actor_matrix"" }
                      }
                    }
                  ]
                }
              },
              ""operator"": "">="",
              ""right"": 3
            },
            {
              ""left"": {
                ""count_id"": ""e_co_movie"",
                ""condition"": {
                  ""and_conditions"": [
                    {
                      ""left"": { ""attribute_name"": ""id"", ""of"": ""e_co_movie"" },
                      ""operator"": ""!="",
                      {
                        ""left"": { ""attribute_name"": ""id"", ""of"": ""e_movie"" },
                        ""operator"": ""="",
                        ""right"": ""The Matrix""
                      }
                    },
                    {
                      ""left"": { ""attribute_name"": ""id"", ""of"": ""e_top_co_actor"" },
                      ""operator"": ""="",
                      {
                        ""left"": {
                          ""count_id"": ""e_co_movie"",
                          ""condition"": {
                            ""and_conditions"": [
                              {
                                ""left"": { ""attribute_name"": ""id"", ""of"": ""e_co_movie"" },
                                ""operator"": ""!="",
                                {
                                  ""left"": { ""attribute_name"": ""id"", ""of"": ""e_movie"" },
                                  ""operator"": ""="",
                                  ""right"": ""The Matrix""
                                }
                              },
                              {
                                ""left"": { ""attribute_name"": ""id"", ""of"": ""e_top_co_actor"" },
                                ""operator"": ""="",
                                {
                                  ""left"": { ""attribute_name"": ""id"", ""of"": ""e_actor_matrix"" }
                                }
                              }
                            ]
                          }
                        }
                      }
                    }
                  ]
                }
              },
              ""operator"": "">="",
              ""right"": 3
            }
          ]
        },
        ""projection"": [
          { ""attribute_name"": ""name"", ""of"": ""e_actor_matrix"" },
          {
            ""left"": {
              ""count_id"": ""e_co_movie"",
              ""condition"": {
                ""and_conditions"": [
                  {
                    ""left"": { ""attribute_name"": ""id"", ""of"": ""e_co_movie"" },
                    ""operator"": ""!="",
                    {
                      ""left"": { ""attribute_name"": ""id"", ""of"": ""e_movie"" },
                      ""operator"": ""="",
                      ""right"": ""The Matrix""
                    }
                  },
                  {
                    ""left"": { ""attribute_name"": ""id"", ""of"": ""e_top_co_actor"" },
                    ""operator"": ""="",
                    {
                      ""left"": { ""attribute_name"": ""id"", ""of"": ""e_actor_matrix"" }
                    }
                  }
                ]
              }
            },
            ""operator"": ""="",
            ""right"": {
              ""left"": {
                ""count_id"": ""e_co_movie"",
                ""condition"": {
                  ""and_conditions"": [
                    {
                      ""left"": { ""attribute_name"": ""id"", ""of"": ""e_co_movie"" },
                      ""operator"": ""!="",
                      {
                        ""left"": { ""attribute_name"": ""id"", ""of"": ""e_movie"" },
                        ""operator"": ""="",
                        ""right"": ""The Matrix""
                      }
                    },
                    {
                      ""left"": { ""attribute_name"": ""id"", ""of"": ""e_top_co_actor"" },
                      ""operator"": ""="",
                      {
                        ""left"": { ""attribute_name"": ""id"", ""of"": ""e_actor_matrix"" }
                      }
                    }
                  ]
                }
              },
              ""operator"": "">="",
              ""right"": 3
            }
          }
        ]
      }
    ]
  ]
}
```"
22,Q12,Give me the actors of The Matrix along with the three actors who have acted the most in any movie with them,ministral-3:14b,False,0.1,780.126725,True,stop,4096,17.71608,1758,760.762937,2.3108,"```json
{
  ""hypotheses_set"": [
    [
      {
        ""id"": ""q1"",
        ""target"": [""e_actor_matrix"", ""e_top_actors""],
        ""entities"": [
          { ""id"": ""e_movie"", ""type"": ""Movie"" },
          { ""id"": ""e_actor_matrix"", ""type"": ""Actor"" },
          { ""id"": ""e_co_actor"", ""type"": ""Actor"" },
          { ""id"": ""e_top_actors"", ""type"": ""Actor"" }
        ],
        ""relationships"": [
          { ""id"": ""r_matrix"", ""role"": ""actor"", ""from"": ""e_actor_matrix"", ""to"": ""e_movie"" },
          { ""id"": ""r_co_act"", ""role"": ""actor"", ""from"": ""e_co_actor"", ""to"": ""e_movie"" },
          { ""id"": ""r_top_co_act"", ""role"": ""actor"", ""from"": ""e_top_actors"", ""to"": ""e_movie"" }
        ],
        ""constraint"": {
          ""and_conditions"": [
            {
              ""left"": { ""attribute_name"": ""title"", ""of"": ""e_movie"" },
              ""operator"": ""="",
              ""right"": ""The Matrix""
            },
            {
              ""left"": { ""count_id"": ""e_co_actor"", ""condition"": { ""and_conditions"": [""r_co_act""] } },
              ""operator"": "">="",
              ""right"": 0
            },
            {
              ""all_id"": ""e_top_actors"",
              ""condition"": {
                ""left"": {
                  ""count_id"": ""e_movie"",
                  ""condition"": {
                    ""and_conditions"": [
                      { ""left"": { ""attribute_name"": ""id"", ""of"": ""e_co_actor"" }, ""operator"": ""="", ""right"": { ""attribute_name"": ""id"", ""of"": ""e_top_actors"" } },
                      ""r_co_act""
                    ]
                  }
                },
                ""operator"": "">="",
                ""right"": {
                  ""left"": {
                    ""count_id"": ""e_movie"",
                    ""condition"": {
                      ""and_conditions"": [
                        { ""left"": { ""attribute_name"": ""id"", ""of"": ""e_co_actor"" }, ""operator"": ""="", ""right"": { ""attribute_name"": ""id"", ""of"": { ""attribute_name"": ""id"", ""of"": ""e_top_actors"" } } },
                        ""r_co_act""
                      ]
                    }
                  },
                  ""operator"": ""<"",
                  ""right"": {
                    ""count_id"": ""e_movie"",
                    ""condition"": {
                      ""and_conditions"": [
                        { ""left"": { ""attribute_name"": ""id"", ""of"": ""e_co_actor"" }, ""operator"": ""="", ""right"": { ""attribute_name"": ""id"", ""of"": { ""attribute_name"": ""id"", ""of"": { ""attribute_name"": ""id"", ""of"": ""e_top_actors"" } } } },
                        ""r_co_act""
                      ]
                    }
                  }
                }
              }
            }
          ]
        },
        ""projection"": [
          { ""attribute_name"": ""name"", ""of"": ""e_actor_matrix"" },
          {
            ""left"": {
              ""count_id"": ""e_movie"",
              ""condition"": {
                ""and_conditions"": [
                  { ""left"": { ""attribute_name"": ""id"", ""of"": ""e_co_actor"" }, ""operator"": ""="", ""right"": { ""attribute_name"": ""id"", ""of"": ""e_top_actors"" } },
                  ""r_co_act""
                ]
              }
            },
            ""operator"": ""="",
            ""right"": {
              ""left"": {
                ""count_id"": ""e_movie"",
                ""condition"": {
                  ""and_conditions"": [
                    { ""left"": { ""attribute_name"": ""id"", ""of"": ""e_co_actor"" }, ""operator"": ""="", ""right"": { ""attribute_name"": ""id"", ""of"": { ""attribute_name"": ""id"", ""of"": ""e_top_actors"" } } },
                    ""r_co_act""
                  ]
                }
              },
              ""operator"": ""<"",
              ""right"": {
                ""count_id"": ""e_movie"",
                ""condition"": {
                  ""and_conditions"": [
                    { ""left"": { ""attribute_name"": ""id"", ""of"": ""e_co_actor"" }, ""operator"": ""="", ""right"": { ""attribute_name"": ""id"", ""of"": { ""attribute_name"": ""id"", ""of"": { ""attribute_name"": ""id"", ""of"": ""e_top_actors"" } } } },
                    ""r_co_act""
                  ]
                }
              }
            }
          },
          { ""attribute_name"": ""name"", ""of"": ""e_top_actors"" }
        ]
      }
    ],
    [
      {
        ""id"": ""q2"",
        ""target"": [""e_actor_matrix"", ""e_top_actors""],
        ""entities"": [
          { ""id"": ""e_movie"", ""type"": ""Movie"" },
          { ""id"": ""e_actor_matrix"", ""type"": ""Actor"" },
          { ""id"": ""e_co_actor"", ""type"": ""Actor"" },
          { ""id"": ""e_top_actors"", ""type"": ""Actor"" }
        ],
        ""relationships"": [
          { ""id"": ""r_matrix"", ""role"": ""actor"", ""from"": ""e_actor_matrix"", ""to"": ""e_movie"" },
          { ""id"": ""r_co_act"", ""role"": ""actor"", ""from"": ""e_co_actor"", ""to"": ""e_movie"" }
        ],
        ""constraint"": {
          ""and_conditions"": [
            {
              ""left"": { ""attribute_name"": ""title"", ""of"": ""e_movie"" },
              ""operator"": ""="",
              ""right"": ""The Matrix""
            },
            {
              ""left"": {
                ""count_id"": ""e_top_actors"",
                ""condition"": {
                  ""and_conditions"": [
                    {
                      ""left"": {
                        ""count_id"": ""e_movie"",
                        ""condition"": {
                          ""and_conditions"": [
                            { ""left"": { ""attribute_name"": ""id"", ""of"": ""e_co_actor"" }, ""operator"": ""="", ""right"": { ""attribute_name"": ""id"", ""of"": ""e_top_actors"" } },
                            ""r_co_act""
                          ]
                        }
                      },
                      ""operator"": "">"",
                      ""right"": {
                        ""left"": {
                          ""count_id"": ""e_movie"",
                          ""condition"": {
                            ""and_conditions"": [
                              { ""left"": { ""attribute_name"": ""id"", ""of"": ""e_co_actor"" }, ""operator"": ""="", ""right"": { ""attribute_name"": ""id"", ""of"": { ""attribute_name"": ""id"", ""of"": ""e_top_actors"" } } },
                              ""r_co_act""
                            ]
                          }
                        },
                        ""operator"": "">"",
                        ""right"": {
                          ""left"": {
                            ""count_id"": ""e_movie"",
                            ""condition"": {
                              ""and_conditions"": [
                                { ""left"": { ""attribute_name"": ""id"", ""of"": ""e_co_actor"" }, ""operator"": ""="", ""right"": { ""attribute_name"": ""id"", ""of"": { ""attribute_name"": ""id"", ""of"": { ""attribute_name"": ""id"", ""of"": ""e_top_actors"" } } } },
                                ""r_co_act""
                              ]
                            }
                          },
                          ""operator"": "">"",
                          ""right"": 0
                        }
                      }
                    }
                  ]
                }
              },
              ""operator"": "">="",
              ""right"": 3
            }
          ]
        },
        ""projection"": [
          { ""attribute_name"": ""name"", ""of"": ""e_actor_matrix"" },
          { ""attribute_name"": ""name"", ""of"": ""e_top_actors"" }
        ]
      }
    ]
  ]
}
```"
23,Q12,Give me the actors of The Matrix along with the three actors who have acted the most in any movie with them,ministral-3:14b,False,0.1,206.814494,True,stop,4096,17.524672,448,188.464118,2.3771,"```json
{
  ""hypotheses_set"": [
    [
      {
        ""id"": ""q1"",
        ""target"": [""e_actor_matrix"", ""e_top_actors""],
        ""entities"": [
          { ""id"": ""e_movie"", ""type"": ""Movie"" },
          { ""id"": ""e_actor_matrix"", ""type"": ""Actor"" },
          { ""id"": ""e_actor_other"", ""type"": ""Actor"" },
          { ""id"": ""e_top_actors"", ""type"": ""Actor"" }
        ],
        ""relationships"": [
          { ""id"": ""r_matrix"", ""role"": ""actor"", ""from"": ""e_actor_matrix"", ""to"": ""e_movie"" },
          { ""id"": ""r_other"", ""role"": ""actor"", ""from"": ""e_actor_other"", ""to"": ""e_movie"" }
        ],
        ""constraint"": {
          ""and_conditions"": [
            {
              ""left"": { ""attribute_name"": ""title"", ""of"": ""e_movie"" },
              ""operator"": ""="",
              ""right"": ""The Matrix""
            },
            {
              ""left"": {
                ""count_id"": ""e_movie"",
                ""condition"": {
                  ""and_conditions"": [
                    ""r_matrix"",
                    ""r_other""
                  ]
                }
              },
              ""operator"": "">="",
              ""right"": 1
            },
            {
              ""expression"": {
                ""input"": ""e_actor_other"",
                ""sort_by"": {
                  ""count_id"": ""e_movie"",
                  ""condition"": {
                    ""and_conditions"": [
                      ""r_other""
                    ]
                  }
                },
                ""order"": ""desc"",
                ""limit"": 3
              },
              ""target"": ""e_top_actors""
            }
          ]
        },
        ""projection"": [
          { ""attribute_name"": ""name"", ""of"": ""e_actor_matrix"" },
          { ""attribute_name"": ""name"", ""of"": ""e_top_actors"" }
        ]
      }
    ]
  ]
}
```"
24,Q12,Give me the actors of The Matrix along with the three actors who have acted the most in any movie with them,ministral-3:14b,False,0.1,321.307602,True,stop,4096,17.377209,716,302.836257,2.3643,"```json
{
  ""hypotheses_set"": [
    [
      {
        ""id"": ""q1"",
        ""target"": [""e_actor_matrix"", ""e_top_actors""],
        ""entities"": [
          { ""id"": ""e_movie"", ""type"": ""Movie"" },
          { ""id"": ""e_actor_matrix"", ""type"": ""Actor"" },
          { ""id"": ""e_actor_other"", ""type"": ""Actor"" },
          { ""id"": ""e_top_actors"", ""type"": ""Actor"" }
        ],
        ""relationships"": [
          { ""id"": ""r_matrix"", ""role"": ""actor"", ""from"": ""e_actor_matrix"", ""to"": ""e_movie"" },
          { ""id"": ""r_other"", ""role"": ""actor"", ""from"": ""e_actor_other"", ""to"": ""e_movie"" }
        ],
        ""constraint"": {
          ""and_conditions"": [
            {
              ""left"": { ""attribute_name"": ""title"", ""of"": ""e_movie"" },
              ""operator"": ""="",
              ""right"": ""The Matrix""
            },
            {
              ""left"": {
                ""count_id"": ""e_actor_matrix"",
                ""condition"": {
                  ""and_conditions"": [
                    ""r_matrix""
                  ]
                }
              },
              ""operator"": "">"",
              ""right"": 0
            },
            {
              ""all_id"": ""e_top_actors"",
              ""condition"": {
                ""left"": {
                  ""count_id"": ""e_actor_other"",
                  ""condition"": {
                    ""and_conditions"": [
                      ""r_other"",
                      {
                        ""left"": { ""attribute_name"": ""id"", ""of"": ""e_actor_other"" },
                        ""operator"": ""!="",
                        ""right"": { ""attribute_name"": ""id"", ""of"": ""e_actor_matrix"" }
                      }
                    ]
                  }
                },
                ""operator"": "">="",
                ""right"": {
                  ""left"": {
                    ""count_id"": ""e_actor_other"",
                    ""condition"": {
                      ""and_conditions"": [
                        ""r_other"",
                        {
                          ""left"": { ""attribute_name"": ""id"", ""of"": ""e_actor_other"" },
                          ""operator"": ""!="",
                          ""right"": { ""attribute_name"": ""id"", ""of"": ""e_actor_matrix"" }
                        }
                      ]
                    }
                  },
                  ""operator"": ""ORDER_BY_DESC"",
                  ""right"": 3
                }
              }
            }
          ]
        },
        ""projection"": [
          { ""attribute_name"": ""name"", ""of"": ""e_actor_matrix"" },
          {
            ""left"": {
              ""count_id"": ""e_actor_other"",
              ""condition"": {
                ""and_conditions"": [
                  ""r_other"",
                  {
                    ""left"": { ""attribute_name"": ""id"", ""of"": ""e_actor_other"" },
                    ""operator"": ""!="",
                    ""right"": { ""attribute_name"": ""id"", ""of"": ""e_actor_matrix"" }
                  }
                ]
              }
            },
            ""operator"": ""ORDER_BY_DESC"",
            ""right"": 3
          },
          { ""attribute_name"": ""name"", ""of"": ""e_top_actors"" }
        ]
      }
    ]
  ]
}
```"
25,Q12,Give me the actors of The Matrix along with the three actors who have acted the most in any movie with them,ministral-3:14b,False,0.1,544.25537,False,stop,4096,17.51649,1229,525.441949,2.339,"```json
{
  ""hypotheses_set"": [
    [
      {
        ""id"": ""q1"",
        ""target"": [""e_actor_matrix"", ""e_top_actors""],
        ""entities"": [
          { ""id"": ""e_movie"", ""type"": ""Movie"" },
          { ""id"": ""e_actor_matrix"", ""type"": ""Actor"" },
          { ""id"": ""e_co_actor"", ""type"": ""Actor"" },
          { ""id"": ""e_top_actors"", ""type"": ""Actor"" }
        ],
        ""relationships"": [
          { ""id"": ""r_matrix"", ""role"": ""actor"", ""from"": ""e_actor_matrix"", ""to"": ""e_movie"" },
          { ""id"": ""r_co_act"", ""role"": ""actor"", ""from"": ""e_co_actor"", ""to"": ""e_movie"" },
          { ""id"": ""r_top_co_act"", ""role"": ""actor"", ""from"": ""e_top_actors"", ""to"": ""e_movie"" }
        ],
        ""constraint"": {
          ""and_conditions"": [
            {
              ""left"": { ""attribute_name"": ""title"", ""of"": ""e_movie"" },
              ""operator"": ""="",
              ""right"": ""The Matrix""
            },
            {
              ""left"": { ""attribute_name"": ""name"", ""of"": ""e_movie"" },
              ""operator"": ""="",
              {
                ""left"": { ""attribute_name"": ""name"", ""of"": ""e_movie"" },
                ""operator"": ""="",
                ""right"": ""The Matrix""
              }
            },
            {
              ""all_id"": ""e_actor_matrix"",
              ""condition"": {
                ""and_conditions"": [
                  ""r_matrix"",
                  {
                    ""left"": {
                      ""count_id"": ""e_co_actor"",
                      ""condition"": {
                        ""and_conditions"": [
                          ""r_co_act"",
                          {
                            ""left"": { ""attribute_name"": ""name"", ""of"": ""e_movie"" },
                            ""operator"": ""!="",
                            ""right"": ""The Matrix""
                          }
                        ]
                      }
                    },
                    ""operator"": "">"",
                    ""right"": 0
                  }
                ]
              }
            },
            {
              ""left"": {
                ""count_id"": ""e_top_actors"",
                ""condition"": {
                  ""and_conditions"": [
                    {
                      ""left"": {
                        ""count_id"": ""e_co_actor"",
                        ""condition"": {
                          ""and_conditions"": [
                            ""r_co_act"",
                            {
                              ""left"": { ""attribute_name"": ""name"", ""of"": ""e_movie"" },
                              ""operator"": ""!="",
                              ""right"": ""The Matrix""
                            }
                          ]
                        }
                      },
                      ""operator"": "">="",
                      ""right"": {
                        ""left"": {
                          ""count_id"": ""e_co_actor"",
                          ""condition"": {
                            ""and_conditions"": [
                              ""r_co_act"",
                              {
                                ""left"": { ""attribute_name"": ""name"", ""of"": ""e_movie"" },
                                ""operator"": ""!="",
                                ""right"": ""The Matrix""
                              }
                            ]
                          }
                        },
                        ""operator"": ""in_top_3""
                      }
                    }
                  ]
                }
              },
              ""operator"": ""="",
              ""right"": 3
            }
          ]
        },
        ""projection"": [
          { ""attribute_name"": ""name"", ""of"": ""e_actor_matrix"" },
          { ""attribute_name"": ""name"", ""of"": ""e_top_actors"" }
        ]
      }
    ],
    [
      {
        ""id"": ""q2"",
        ""target"": [""e_actor_matrix"", ""e_top_actors""],
        ""entities"": [
          { ""id"": ""e_movie"", ""type"": ""Movie"" },
          { ""id"": ""e_actor_matrix"", ""type"": ""Actor"" },
          { ""id"": ""e_co_actor"", ""type"": ""Actor"" },
          { ""id"": ""e_top_actors"", ""type"": ""Actor"" }
        ],
        ""relationships"": [
          { ""id"": ""r_matrix"", ""role"": ""actor"", ""from"": ""e_actor_matrix"", ""to"": ""e_movie"" },
          { ""id"": ""r_co_act"", ""role"": ""actor"", ""from"": ""e_co_actor"", ""to"": ""e_movie"" }
        ],
        ""constraint"": {
          ""and_conditions"": [
            {
              ""left"": { ""attribute_name"": ""title"", ""of"": ""e_movie"" },
              ""operator"": ""="",
              ""right"": ""The Matrix""
            },
            {
              ""left"": {
                ""expression"": {
                  ""top_3"": {
                    ""left"": {
                      ""count_id"": ""e_co_actor"",
                      ""condition"": {
                        ""and_conditions"": [
                          ""r_co_act"",
                          {
                            ""left"": { ""attribute_name"": ""name"", ""of"": ""e_movie"" },
                            ""operator"": ""!="",
                            ""right"": ""The Matrix""
                          }
                        ]
                      }
                    },
                    ""group_by"": { ""attribute_name"": ""name"", ""of"": ""e_co_actor"" }
                  }
                }
              },
              ""operator"": ""="",
              ""right"": ""e_top_actors""
            }
          ]
        },
        ""projection"": [
          { ""attribute_name"": ""name"", ""of"": ""e_actor_matrix"" },
          { ""attribute_name"": ""name"", ""of"": ""e_top_actors"" }
        ]
      }
    ]
  ]
}
```"
26,Q12,Give me the actors of The Matrix along with the three actors who have acted the most in any movie with them,ministral-3:14b,False,0.1,498.686688,False,stop,4096,17.523118,1125,479.908635,2.3442,"```json
{
  ""hypotheses_set"": [
    [
      {
        ""id"": ""q1"",
        ""target"": [""e_actor_matrix"", ""e_top_actors""],
        ""entities"": [
          { ""id"": ""e_movie"", ""type"": ""Movie"" },
          { ""id"": ""e_actor_matrix"", ""type"": ""Actor"" },
          { ""id"": ""e_co_actor"", ""type"": ""Actor"" },
          { ""id"": ""e_top_actors"", ""type"": ""Actor"" }
        ],
        ""relationships"": [
          { ""id"": ""r_matrix"", ""role"": ""actor"", ""from"": ""e_actor_matrix"", ""to"": ""e_movie"" },
          { ""id"": ""r_co_act"", ""role"": ""actor"", ""from"": ""e_co_actor"", ""to"": ""e_movie"" },
          { ""id"": ""r_top_actors"", ""role"": ""actor"", ""from"": ""e_top_actors"", ""to"": ""e_movie"" }
        ],
        ""constraint"": {
          ""and_conditions"": [
            {
              ""left"": { ""attribute_name"": ""title"", ""of"": ""e_movie"" },
              ""operator"": ""="",
              ""right"": ""The Matrix""
            },
            {
              ""left"": { ""count_id"": ""e_co_actor"", ""condition"": { ""and_conditions"": [""r_co_act""] } },
              ""operator"": "">="",
              ""right"": 3
            },
            {
              ""all_id"": ""e_top_actors"",
              ""condition"": {
                ""left"": {
                  ""count_id"": ""e_co_actor"",
                  ""condition"": {
                    ""and_conditions"": [
                      ""r_co_act"",
                      {
                        ""left"": { ""attribute_name"": ""id"", ""of"": ""e_co_actor"" },
                        ""operator"": ""="",
                        { ""attribute_name"": ""id"", ""of"": ""e_top_actors"" }
                      }
                    ]
                  }
                },
                ""operator"": "">="",
                ""right"": 3
              }
            }
          ]
        },
        ""projection"": [
          { ""attribute_name"": ""name"", ""of"": ""e_actor_matrix"" },
          { ""attribute_name"": ""name"", ""of"": ""e_top_actors"" }
        ]
      }
    ],
    [
      {
        ""id"": ""q2"",
        ""target"": [""e_actor_matrix"", ""e_top_actors""],
        ""entities"": [
          { ""id"": ""e_movie"", ""type"": ""Movie"" },
          { ""id"": ""e_actor_matrix"", ""type"": ""Actor"" },
          { ""id"": ""e_co_actor"", ""type"": ""Actor"" },
          { ""id"": ""e_top_actors"", ""type"": ""Actor"" }
        ],
        ""relationships"": [
          { ""id"": ""r_matrix"", ""role"": ""actor"", ""from"": ""e_actor_matrix"", ""to"": ""e_movie"" },
          { ""id"": ""r_co_act"", ""role"": ""actor"", ""from"": ""e_co_actor"", ""to"": ""e_movie"" }
        ],
        ""constraint"": {
          ""and_conditions"": [
            {
              ""left"": { ""attribute_name"": ""title"", ""of"": ""e_movie"" },
              ""operator"": ""="",
              ""right"": ""The Matrix""
            },
            {
              ""left"": { ""attribute_name"": ""id"", ""of"": ""e_actor_matrix"" },
              ""operator"": ""="",
              { ""attribute_name"": ""id"", ""of"": { ""attribute_name"": ""actor_id"", ""of"": ""r_matrix"" } }
            },
            {
              ""left"": {
                ""count_id"": ""e_top_actors"",
                ""condition"": {
                  ""and_conditions"": [
                    {
                      ""left"": {
                        ""count_id"": ""e_co_actor"",
                        ""condition"": {
                          ""and_conditions"": [
                            ""r_co_act"",
                            {
                              ""left"": { ""attribute_name"": ""id"", ""of"": ""e_co_actor"" },
                              ""operator"": ""="",
                              { ""attribute_name"": ""id"", ""of"": ""e_top_actors"" }
                            }
                          ]
                        }
                      },
                      ""operator"": "">="",
                      ""right"": 3
                    }
                  ]
                }
              },
              ""operator"": "">="",
              ""right"": 3
            }
          ]
        },
        ""projection"": [
          { ""attribute_name"": ""name"", ""of"": ""e_actor_matrix"" },
          {
            ""left"": {
              ""count_id"": ""e_co_actor"",
              ""condition"": {
                ""and_conditions"": [
                  ""r_co_act"",
                  {
                    ""left"": { ""attribute_name"": ""id"", ""of"": ""e_co_actor"" },
                    ""operator"": ""="",
                    { ""attribute_name"": ""id"", ""of"": ""e_top_actors"" }
                  }
                ]
              }
            },
            ""operator"": "">="",
            ""right"": 3
          }
        ]
      }
    ]
  ]
}
```"
27,Q12,Give me the actors of The Matrix along with the three actors who have acted the most in any movie with them,ministral-3:14b,False,0.1,258.552008,True,stop,4096,17.439824,570,240.207922,2.3729,"```json
{
  ""hypotheses_set"": [
    [
      {
        ""id"": ""q1"",
        ""target"": [""e_actor_matrix"", ""e_top_actors""],
        ""entities"": [
          { ""id"": ""e_movie"", ""type"": ""Movie"" },
          { ""id"": ""e_actor_matrix"", ""type"": ""Actor"" },
          { ""id"": ""e_actor_other"", ""type"": ""Actor"" },
          { ""id"": ""e_top_actors"", ""type"": ""Actor"" }
        ],
        ""relationships"": [
          { ""id"": ""r_matrix"", ""role"": ""actor"", ""from"": ""e_actor_matrix"", ""to"": ""e_movie"" },
          { ""id"": ""r_other"", ""role"": ""actor"", ""from"": ""e_actor_other"", ""to"": ""e_movie"" }
        ],
        ""constraint"": {
          ""and_conditions"": [
            {
              ""left"": { ""attribute_name"": ""title"", ""of"": ""e_movie"" },
              ""operator"": ""="",
              ""right"": ""The Matrix""
            },
            {
              ""left"": {
                ""count_id"": ""e_actor_matrix"",
                ""condition"": {
                  ""and_conditions"": [
                    ""r_matrix""
                  ]
                }
              },
              ""operator"": "">"",
              ""right"": 0
            },
            {
              ""left"": {
                ""count_id"": ""e_top_actors"",
                ""condition"": {
                  ""and_conditions"": [
                    {
                      ""left"": {
                        ""count_id"": ""e_actor_other"",
                        ""condition"": {
                          ""and_conditions"": [
                            {
                              ""left"": { ""attribute_name"": ""id"", ""of"": ""e_actor_other"" },
                              ""operator"": ""!="",
                              ""right"": { ""attribute_name"": ""id"", ""of"": ""e_actor_matrix"" }
                            },
                            ""r_other""
                          ]
                        }
                      },
                      ""operator"": "">"",
                      ""right"": 0
                    },
                    {
                      ""left"": {
                        ""expression"": ""rank(e_actor_other, count(e_movie))""
                      },
                      ""operator"": ""<="",
                      ""right"": 3
                    }
                  ]
                }
              },
              ""operator"": "">"",
              ""right"": 0
            }
          ]
        },
        ""projection"": [
          { ""attribute_name"": ""name"", ""of"": ""e_actor_matrix"" },
          {
            ""expression"": ""top_3_by_count(e_actor_other, count(e_movie))""
          }
        ]
      }
    ]
  ]
}
```"
28,Q12,Give me the actors of The Matrix along with the three actors who have acted the most in any movie with them,ministral-3:14b,False,0.1,234.711013,True,stop,4096,17.462736,513,216.281508,2.3719,"```json
{
  ""hypotheses_set"": [
    [
      {
        ""id"": ""q1"",
        ""target"": [""e_actor_matrix"", ""e_top_actors""],
        ""entities"": [
          { ""id"": ""e_movie"", ""type"": ""Movie"" },
          { ""id"": ""e_actor_matrix"", ""type"": ""Actor"" },
          { ""id"": ""e_actor_other"", ""type"": ""Actor"" },
          { ""id"": ""e_top_actors"", ""type"": ""Actor"" }
        ],
        ""relationships"": [
          { ""id"": ""r_matrix"", ""role"": ""actor"", ""from"": ""e_actor_matrix"", ""to"": ""e_movie"" },
          { ""id"": ""r_other"", ""role"": ""actor"", ""from"": ""e_actor_other"", ""to"": ""e_movie"" }
        ],
        ""constraint"": {
          ""and_conditions"": [
            {
              ""left"": { ""attribute_name"": ""title"", ""of"": ""e_movie"" },
              ""operator"": ""="",
              ""right"": ""The Matrix""
            },
            {
              ""left"": {
                ""count_id"": ""e_actor_matrix"",
                ""condition"": {
                  ""and_conditions"": [
                    ""r_matrix""
                  ]
                }
              },
              ""operator"": "">"",
              ""right"": 0
            },
            {
              ""expression"": {
                ""input"": ""e_actor_other"",
                ""filter"": {
                  ""not"": {
                    ""left"": { ""attribute_name"": ""id"", ""of"": ""e_actor_other"" },
                    ""operator"": ""="",
                    ""right"": { ""attribute_name"": ""id"", ""of"": ""e_actor_matrix"" }
                  }
                }
              },
              ""sort"": {
                ""count"": {
                  ""count_id"": ""e_movie"",
                  ""condition"": {
                    ""and_conditions"": [
                      ""r_other""
                    ]
                  }
                },
                ""desc"": true
              },
              ""limit"": 3,
              ""output"": ""e_top_actors""
            }
          ]
        },
        ""projection"": [
          { ""attribute_name"": ""name"", ""of"": ""e_actor_matrix"" },
          { ""attribute_name"": ""name"", ""of"": ""e_top_actors"" }
        ]
      }
    ]
  ]
}
```"
29,Q12,Give me the actors of The Matrix along with the three actors who have acted the most in any movie with them,ministral-3:14b,False,0.1,611.184161,False,stop,4096,17.358147,1383,592.298016,2.335,"```json
{
  ""hypotheses_set"": [
    [
      {
        ""id"": ""q1"",
        ""target"": [""e_actor_matrix"", ""e_top_actors""],
        ""entities"": [
          { ""id"": ""e_movie"", ""type"": ""Movie"" },
          { ""id"": ""e_actor_matrix"", ""type"": ""Person"" },
          { ""id"": ""e_actor_other"", ""type"": ""Person"" },
          { ""id"": ""e_top_actors"", ""type"": ""Person"" }
        ],
        ""relationships"": [
          { ""id"": ""r_matrix"", ""role"": ""actor"", ""from"": ""e_actor_matrix"", ""to"": ""e_movie"" },
          { ""id"": ""r_other"", ""role"": ""actor"", ""from"": ""e_actor_other"", ""to"": ""e_movie"" }
        ],
        ""constraint"": {
          ""and_conditions"": [
            {
              ""left"": { ""attribute_name"": ""title"", ""of"": ""e_movie"" },
              ""operator"": ""="",
              ""right"": ""The Matrix""
            },
            {
              ""left"": {
                ""count_id"": ""e_actor_matrix"",
                ""condition"": {
                  ""and_conditions"": [
                    ""r_matrix""
                  ]
                }
              },
              ""operator"": "">"",
              ""right"": 0
            },
            {
              ""all_id"": ""e_top_actors"",
              ""condition"": {
                ""left"": {
                  ""count_id"": ""e_movie"",
                  ""condition"": {
                    ""and_conditions"": [
                      {
                        ""left"": { ""attribute_name"": ""id"", ""of"": ""e_actor_other"" },
                        ""operator"": ""="",
                        { ""attribute_name"": ""id"", ""of"": ""e_top_actors"" }
                      },
                      ""r_other""
                    ]
                  }
                },
                ""operator"": "">="",
                ""right"": {
                  ""left"": {
                    ""count_id"": ""e_movie"",
                    ""condition"": {
                      ""and_conditions"": [
                        {
                          ""left"": { ""attribute_name"": ""id"", ""of"": ""e_actor_matrix"" },
                          ""operator"": ""="",
                          { ""attribute_name"": ""id"", ""of"": ""e_actor_other"" }
                        },
                        ""r_other""
                      ]
                    }
                  },
                  ""operator"": ""="",
                  ""right"": {
                    ""left"": {
                      ""count_id"": ""e_movie"",
                      ""condition"": {
                        ""and_conditions"": [
                          {
                            ""left"": { ""attribute_name"": ""id"", ""of"": ""e_actor_matrix"" },
                            ""operator"": ""="",
                            { ""attribute_name"": ""id"", ""of"": ""e_actor_other"" }
                          },
                          ""r_other""
                        ]
                      }
                    },
                    ""operator"": ""="",
                    ""right"": {
                      ""left"": {
                        ""count_id"": ""e_movie"",
                        ""condition"": {
                          ""and_conditions"": [
                            {
                              ""left"": { ""attribute_name"": ""id"", ""of"": ""e_actor_matrix"" },
                              ""operator"": ""="",
                              { ""attribute_name"": ""id"", ""of"": ""e_actor_other"" }
                            },
                            ""r_other""
                          ]
                        }
                      },
                      ""operator"": ""="",
                      ""right"": {
                        ""left"": {
                          ""count_id"": ""e_movie"",
                          ""condition"": {
                            ""and_conditions"": [
                              {
                                ""left"": { ""attribute_name"": ""id"", ""of"": ""e_actor_matrix"" },
                                ""operator"": ""="",
                                { ""attribute_name"": ""id"", ""of"": ""e_actor_other"" }
                              },
                              ""r_other""
                            ]
                          }
                        },
                        ""operator"": "">="",
                        ""right"": 0
                      }
                    }
                  }
                }
              }
            }
          ]
        },
        ""projection"": [
          { ""attribute_name"": ""name"", ""of"": ""e_actor_matrix"" },
          { ""attribute_name"": ""name"", ""of"": ""e_top_actors"" }
        ]
      }
    ],
    [
      {
        ""id"": ""q2"",
        ""target"": [""e_actor_matrix"", ""e_top_actors""],
        ""entities"": [
          { ""id"": ""e_movie"", ""type"": ""Movie"" },
          { ""id"": ""e_actor_matrix"", ""type"": ""Person"" },
          { ""id"": ""e_actor_other"", ""type"": ""Person"" },
          { ""id"": ""e_top_actors"", ""type"": ""Person"" }
        ],
        ""relationships"": [
          { ""id"": ""r_matrix"", ""role"": ""actor"", ""from"": ""e_actor_matrix"", ""to"": ""e_movie"" },
          { ""id"": ""r_other"", ""role"": ""actor"", ""from"": ""e_actor_other"", ""to"": ""e_movie"" }
        ],
        ""constraint"": {
          ""and_conditions"": [
            {
              ""left"": { ""attribute_name"": ""title"", ""of"": ""e_movie"" },
              ""operator"": ""="",
              ""right"": ""The Matrix""
            },
            {
              ""left"": {
                ""count_id"": ""e_actor_matrix"",
                ""condition"": {
                  ""and_conditions"": [
                    ""r_matrix""
                  ]
                }
              },
              ""operator"": "">"",
              ""right"": 0
            },
            {
              ""left"": {
                ""expression"": {
                  ""top_n"": {
                    ""n"": 3,
                    ""by"": {
                      ""count_id"": ""e_movie"",
                      ""condition"": {
                        ""and_conditions"": [
                          {
                            ""left"": { ""attribute_name"": ""id"", ""of"": ""e_actor_other"" },
                            ""operator"": ""="",
                            { ""attribute_name"": ""id"", ""of"": ""e_top_actors"" }
                          },
                          ""r_other""
                        ]
                      }
                    }
                  }
                }
              },
              ""operator"": ""="",
              ""right"": ""e_top_actors""
            }
          ]
        },
        ""projection"": [
          { ""attribute_name"": ""name"", ""of"": ""e_actor_matrix"" },
          { ""attribute_name"": ""name"", ""of"": ""e_top_actors"" }
        ]
      }
    ]
  ]
}
```"
30,Q12,Give me the actors of The Matrix along with the three actors who have acted the most in any movie with them,ministral-3:14b,False,0.1,236.888547,False,stop,4096,17.686575,518,218.322684,2.3726,"```json
{
  ""hypotheses_set"": [
    [
      {
        ""id"": ""q1"",
        ""target"": [""e_actor_matrix"", ""e_top_actors""],
        ""entities"": [
          { ""id"": ""e_movie"", ""type"": ""Movie"" },
          { ""id"": ""e_actor_matrix"", ""type"": ""Person"" },
          { ""id"": ""e_actor_other"", ""type"": ""Person"" },
          { ""id"": ""e_top_actors"", ""type"": ""Person"" }
        ],
        ""relationships"": [
          { ""id"": ""r_matrix"", ""role"": ""actor"", ""from"": ""e_actor_matrix"", ""to"": ""e_movie"" },
          { ""id"": ""r_other"", ""role"": ""actor"", ""from"": ""e_actor_other"", ""to"": ""e_movie"" }
        ],
        ""constraint"": {
          ""and_conditions"": [
            {
              ""left"": { ""attribute_name"": ""title"", ""of"": ""e_movie"" },
              ""operator"": ""="",
              ""right"": ""The Matrix""
            },
            {
              ""left"": {
                ""count_id"": ""e_actor_matrix"",
                ""condition"": {
                  ""and_conditions"": [
                    ""r_matrix""
                  ]
                }
              },
              ""operator"": "">"",
              ""right"": 0
            },
            {
              ""expression"": {
                ""input"": ""e_actor_other"",
                ""sort_by"": {
                  ""count_id"": ""e_movie"",
                  ""condition"": {
                    ""and_conditions"": [
                      ""r_other"",
                      {
                        ""left"": { ""attribute_name"": ""id"", ""of"": ""e_movie"" },
                        ""operator"": ""="",
                        {
                          ""left"": { ""attribute_name"": ""id"", ""of"": ""e_movie"" },
                          ""condition"": {
                            ""and_conditions"": [
                              ""r_matrix""
                            ]
                          }
                        }
                      }
                    ]
                  }
                },
                ""order"": ""desc""
              },
              ""operator"": ""top"",
              ""right"": 3
            }
          ]
        },
        ""projection"": [
          { ""attribute_name"": ""name"", ""of"": ""e_actor_matrix"" },
          { ""attribute_name"": ""name"", ""of"": ""e_top_actors"" }
        ]
      }
    ]
  ]
}
```"
