Run,Query ID,Query,Model,Thinking,Temperature,Inference Time (s),Valid JSON,Done Reason,Prompt Eval Count,Prompt Eval Duration (s),Eval Count,Eval Duration (s),Generation Throughput (tokens/s),Response
1,Q07,Give me the movies that have an actor with more salary than Meryl Streep and Clint Eastwood together,gemma4:26b,False,0.05,586.17406,True,length,3359,0.98352,2048,582.18051,3.5178,"```json
{
  ""hypotheses_set"": [
    [
      {
        ""id"": ""q1"",
        ""target"": [
          ""e_movie""
        ],
        ""entities"": [
          {
            ""id"": ""e_movie"",
            ""type"": ""Movie""
          },
          {
            ""id"": ""e_actor"",
            ""type"": ""Person""
          },
          {
            ""id"": ""e_streep"",
            ""type"": ""Person""
          },
          {
            ""id"": ""e_eastwood"",
            ""type"": ""Person""
          }
        ],
        ""relationships"": [
          {
            ""id"": ""r_acts"",
            ""role"": ""actor"",
            ""from"": ""e_actor"",
            ""to"": ""e_movie""
          },
          {
            ""id"": ""r_streep_salary"",
            ""role"": ""has_salary"",
            ""from"": ""e_streep"",
            ""to"": ""e_streep""
          },
          {
            ""id"": ""r_eastwood_salary"",
            ""role"": ""has_salary"",
            ""from"": ""e_eastwood"",
            ""to"": ""e_eastwood""
          }
        ],
        ""constraint"": {
          ""and_conditions"": [
            {
              ""left"": {
                ""attribute_name"": ""salary"",
                ""of"": ""e_actor""
              },
              ""operator"": "">"",
              ""right"": {
                ""summation_id"": ""e_actor"",
                ""expression"": ""salary"",
                ""condition"": {
                  ""or_conditions"": [
                    {
                      ""and_conditions"": [
                        {
                          ""left"": {
                            ""attribute_name"": ""name"",
                            ""of"": ""e_streep""
                          },
                          ""operator"": ""="",
                          ""right"": ""Meryl Streep""
                        },
                        {
                          ""left"": {
                            ""attribute_name"": ""name"",
                            ""of"": ""e_eastwood""
                          },
                          ""operator"": ""="",
                          ""right"": ""Clint Eastwood""
                        }
                      ]
                    }
                  ]
                }
              }
            }
          ]
        }
      }
    ],
    [
      {
        ""id"": ""q1"",
        ""target"": [
          ""e_movie""
        ],
        ""entities"": [
          {
            ""id"": ""e_movie"",
            ""type"": ""Movie""
          },
          {
            ""id"": ""e_actor"",
            ""type"": ""Person""
          },
          {
            ""id"": ""e_streep"",
            ""type"": ""Person""
          },
          {
            ""id"": ""e_eastwood"",
            ""type"": ""Person""
          }
        ],
        ""relationships"": [
          {
            ""id"": ""r_acts"",
            ""role"": ""actor"",
            ""from"": ""e_actor"",
            ""to"": ""e_movie""
          }
        ],
        ""constraint"": {
          ""and_conditions"": [
            ""r_acts"",
            {
              ""left"": {
                ""attribute_name"": ""salary"",
                ""of"": ""e_actor""
              },
              ""operator"": "">"",
              ""right"": {
                ""summation_id"": ""e_actor"",
                ""expression"": ""salary"",
                ""condition"": {
                  ""and_conditions"": [
                    {
                      ""or_conditions"": [
                        {
                          ""left"": {
                            ""attribute_name"": ""name"",
                            ""of"": ""e_actor""
                          },
                          ""operator"": ""="",
                          ""right"": ""Meryl Streep""
                        },
                        {
                          ""left"": {
                            ""attribute_name"": ""name"",
                            ""of"": ""e_actor""
                          },
                          ""operator"": ""="",
                          ""right"": ""Clint Eastwood""
                        }
                      ]
                    }
                  ]
                }
              }
            }
          ]
        }
      }
    ]
  ]
}
```

Wait, looking at the logic of ""more salary than Meryl Streep and Clint Eastwood together"", the most accurate semantic interpretation is that the actor's salary is greater than the sum of the two specific individuals' salaries.

```json
{
  ""hypotheses_set"": [
    [
      {
        ""id"": ""q1"",
        ""target"": [
          ""e_movie""
        ],
        ""entities"": [
          {
            ""id"": ""e_movie"",
            ""type"": ""Movie""
          },
          {
            ""id"": ""e_actor"",
            ""type"": ""Person""
          },
          {
            ""id"": ""e_streep"",
            ""type"": ""Person""
          },
          {
            ""id"": ""e_eastwood"",
            ""type"": ""Person""
          }
        ],
        ""relationships"": [
          {
            ""id"": ""r_acts"",
            ""role"": ""actor"",
            ""from"": ""e_actor"",
            ""to"": ""e_movie""
          }
        ],
        ""constraint"": {
          ""and_conditions"": [
            ""r_acts"",
            {
              ""left"": {
                ""attribute_name"": ""salary"",
                ""of"": ""e_actor""
              },
              ""operator"": "">"",
              ""right"": {
                ""summation_id"": ""e_actor"",
                ""expression"": ""salary"",
                ""condition"": {
                  ""or_conditions"": [
                    {
                      ""and_conditions"": [
                        {
                          ""left"": {
                            ""attribute_name"": ""name"",
                            ""of"": ""e_actor""
                          },
                          ""operator"": ""="",
                          ""right"": ""Meryl Streep""
                        },
                        {
                          ""left"": {
                            ""attribute_name"": ""name"",
                            ""of"": ""e_actor""
                          },
                          ""operator"": ""="",
                          ""right"": ""Clint Eastwood""
                        }
                      ]
                    }
                  ]
                }
              }
            },
            {
              ""left"": {
                ""attribute_name"": ""salary"",
                ""of"": ""e_actor""
              },
              ""operator"": "">"",
              ""right"": {
                ""summation_id"": ""e_actor"",
                ""expression"": ""salary"",
                ""condition"": {
                  ""and_conditions"": [
                    {
                      ""or_conditions"": [
                        {
                          ""left"": {
                            ""attribute_name"": ""name"",
                            ""of"": ""e_actor""
                          },
                          ""operator"": ""="",
                          ""right"": ""Meryl Streep""
                        },
                        {
                          ""left"": {
                            ""attribute_name"": ""name"",
                            ""of"": ""e_actor""
                          },
                          ""operator"": ""="",
                          ""right"": ""Clint Eastwood""
                        }
                      ]
                    }
                  ]
                }
              }
            }
          ]
        }
      }
    ]
  ]
}
```

Actually, let's refine to the most direct semantic translation: ""Actor's salary > (Meryl Streep's salary + Clint Eastwood's salary)"".

```json
{
  ""hypothesIS_set"": [
    [
      {
        ""id"": ""q1"",
        ""target"": [
          ""e_movie""
        ],
        ""entities"": [
          {
            ""id"": ""e_movie"",
            ""type"": ""Movie""
          },
          {
            ""id"": ""e_actor"",
            ""type"": ""Person""
          },
          {
            ""id"": ""e_streep"",
            ""type"": ""Person""
          },
          {
            ""id"": ""e_eastwood"",
            ""type"": ""Person""
          }
        ],
        ""relationships"": [
          {
            ""id"": ""r_acts"",
            ""role"": ""actor"",
            ""from"": ""e_actor"",
            ""to"": ""e_movie""
          }
        ],
        ""constraint"": {
          ""and_conditions"": [
            ""r_acts"",
            {
              ""left"": {
                ""attribute_name"": ""salary"",
                ""of"": ""e_actor""
              },
              ""operator"": "">"",
              ""right"": {
                ""summation_id"": ""e_actor"",
                ""expression"": ""salary"",
                ""condition"": {
                  ""or_conditions"": ["
2,Q07,Give me the movies that have an actor with more salary than Meryl Streep and Clint Eastwood together,gemma4:26b,False,0.05,283.421791,True,stop,3359,0.285634,989,281.352994,3.5152,"```json
{
  ""hypotheses_set"": [
    [
      {
        ""id"": ""q1"",
        ""target"": [
          ""e_movie""
        ],
        ""entities"": [
          {
            ""id"": ""e_movie"",
            ""type"": ""Movie""
          },
          {
            ""id"": ""e_actor"",
            ""type"": ""Person""
          },
          {
            ""id"": ""e_streep"",
            ""type"": ""Person""
          },
          {
            ""id"": ""e_eastwood"",
            ""type"": ""Person""
          }
        ],
        ""relationships"": [
          {
            ""id"": ""r_acts"",
            ""role"": ""actor"",
            ""from"": ""e_actor"",
            ""to"": ""e_movie""
          },
          {
            ""id"": ""r_streep_salary"",
            ""role"": ""has_salary"",
            ""from"": ""e_streep"",
            ""to"": ""e_actor""
          },
          {
            ""id"": ""r_eastwood_salary"",
            ""role"": ""has_salary"",
            ""from"": ""e_eastwood"",
            ""to"": ""e_actor""
          }
        ],
        ""constraint"": {
          ""and_conditions"": [
            {
              ""left"": {
                ""attribute_name"": ""salary"",
                ""of"": ""e_actor""
              },
              ""operator"": "">"",
              ""right"": {
                ""summation_id"": ""e_actor"",
                ""expression"": ""salary"",
                ""condition"": {
                  ""or_conditions"": [
                    {
                      ""and_conditions"": [
                        {
                          ""left"": {
                            ""attribute_name"": ""name"",
                            ""of"": ""e_streep""
                          },
                          ""operator"": ""="",
                          ""right"": ""Meryl Streep""
                        },
                        {
                          ""left"": {
                            ""attribute_name"": ""name"",
                            ""of"": ""e_eastwood""
                          },
                          ""operator"": ""="",
                          ""right"": ""Clint Eastwood""
                        }
                      ]
                    }
                  ]
                }
              }
            }
          ]
        }
      }
    ],
    [
      {
        ""id"": ""q1"",
        ""target"": [
          ""e_movie""
        ],
        ""entities"": [
          {
            ""id"": ""e_movie"",
            ""type"": ""Movie""
          },
          {
            ""id"": ""e_actor"",
            ""type"": ""Person""
          },
          {
            ""id"": ""e_streep"",
            ""type"": ""Person""
          },
          {
            ""id"": ""e_eastwood"",
            ""type"": ""Person""
          }
        ],
        ""relationships"": [
          {
            ""id"": ""r_acts"",
            ""role"": ""actor"",
            ""from"": ""e_actor"",
            ""to"": ""e_movie""
          }
        ],
        ""constraint"": {
          ""and_conditions"": [
            ""r_acts"",
            {
              ""left"": {
                ""attribute_name"": ""salary"",
                ""of"": ""e_actor""
              },
              ""operator"": "">"",
              ""right"": {
                ""summation_id"": ""e_actor"",
                ""expression"": ""salary"",
                ""condition"": {
                  ""or_conditions"": [
                    {
                      ""and_conditions"": [
                        {
                          ""left"": {
                            ""attribute_name"": ""name"",
                            ""of"": ""e_actor""
                          },
                          ""operator"": ""="",
                          ""right"": ""Meryl Streep""
                        },
                        {
                          ""left"": {
                            ""attribute_name"": ""name"",
                            ""of"": ""e_actor""
                          },
                          ""operator"": ""="",
                          ""right"": ""Clint Eastwood""
                        }
                      ]
                    }
                  ]
                }
              }
            }
          ]
        }
      }
    ]
  ]
}
```"
3,Q07,Give me the movies that have an actor with more salary than Meryl Streep and Clint Eastwood together,gemma4:26b,False,0.05,283.100767,True,stop,3359,0.285819,989,281.038216,3.5191,"```json
{
  ""hypotheses_set"": [
    [
      {
        ""id"": ""q1"",
        ""target"": [
          ""e_movie""
        ],
        ""entities"": [
          {
            ""id"": ""e_movie"",
            ""type"": ""Movie""
          },
          {
            ""id"": ""e_actor"",
            ""type"": ""Person""
          },
          {
            ""id"": ""e_streep"",
            ""type"": ""Person""
          },
          {
            ""id"": ""e_eastwood"",
            ""type"": ""Person""
          }
        ],
        ""relationships"": [
          {
            ""id"": ""r_acts"",
            ""role"": ""actor"",
            ""from"": ""e_actor"",
            ""to"": ""e_movie""
          },
          {
            ""id"": ""r_streep_salary"",
            ""role"": ""has_salary"",
            ""from"": ""e_streep"",
            ""to"": ""e_actor""
          },
          {
            ""id"": ""r_eastwood_salary"",
            ""role"": ""has_salary"",
            ""from"": ""e_eastwood"",
            ""to"": ""e_actor""
          }
        ],
        ""constraint"": {
          ""and_conditions"": [
            {
              ""left"": {
                ""attribute_name"": ""salary"",
                ""of"": ""e_actor""
              },
              ""operator"": "">"",
              ""right"": {
                ""summation_id"": ""e_actor"",
                ""expression"": ""salary"",
                ""condition"": {
                  ""or_conditions"": [
                    {
                      ""and_conditions"": [
                        {
                          ""left"": {
                            ""attribute_name"": ""name"",
                            ""of"": ""e_streep""
                          },
                          ""operator"": ""="",
                          ""right"": ""Meryl Streep""
                        },
                        {
                          ""left"": {
                            ""attribute_name"": ""name"",
                            ""of"": ""e_eastwood""
                          },
                          ""operator"": ""="",
                          ""right"": ""Clint Eastwood""
                        }
                      ]
                    }
                  ]
                }
              }
            }
          ]
        }
      }
    ],
    [
      {
        ""id"": ""q1"",
        ""target"": [
          ""e_movie""
        ],
        ""entities"": [
          {
            ""id"": ""e_movie"",
            ""type"": ""Movie""
          },
          {
            ""id"": ""e_actor"",
            ""type"": ""Person""
          },
          {
            ""id"": ""e_streep"",
            ""type"": ""Person""
          },
          {
            ""id"": ""e_eastwood"",
            ""type"": ""Person""
          }
        ],
        ""relationships"": [
          {
            ""id"": ""r_acts"",
            ""role"": ""actor"",
            ""from"": ""e_actor"",
            ""to"": ""e_movie""
          }
        ],
        ""constraint"": {
          ""and_conditions"": [
            ""r_acts"",
            {
              ""left"": {
                ""attribute_name"": ""salary"",
                ""of"": ""e_actor""
              },
              ""operator"": "">"",
              ""right"": {
                ""summation_id"": ""e_actor"",
                ""expression"": ""salary"",
                ""condition"": {
                  ""or_conditions"": [
                    {
                      ""and_conditions"": [
                        {
                          ""left"": {
                            ""attribute_name"": ""name"",
                            ""of"": ""e_actor""
                          },
                          ""operator"": ""="",
                          ""right"": ""Meryl Streep""
                        },
                        {
                          ""left"": {
                            ""attribute_name"": ""name"",
                            ""of"": ""e_actor""
                          },
                          ""operator"": ""="",
                          ""right"": ""Clint Eastwood""
                        }
                      ]
                    }
                  ]
                }
              }
            }
          ]
        }
      }
    ]
  ]
}
```"
4,Q07,Give me the movies that have an actor with more salary than Meryl Streep and Clint Eastwood together,gemma4:26b,False,0.05,283.257392,True,stop,3359,0.284846,989,281.25432,3.5164,"```json
{
  ""hypotheses_set"": [
    [
      {
        ""id"": ""q1"",
        ""target"": [
          ""e_movie""
        ],
        ""entities"": [
          {
            ""id"": ""e_movie"",
            ""type"": ""Movie""
          },
          {
            ""id"": ""e_actor"",
            ""type"": ""Person""
          },
          {
            ""id"": ""e_streep"",
            ""type"": ""Person""
          },
          {
            ""id"": ""e_eastwood"",
            ""type"": ""Person""
          }
        ],
        ""relationships"": [
          {
            ""id"": ""r_acts"",
            ""role"": ""actor"",
            ""from"": ""e_actor"",
            ""to"": ""e_movie""
          },
          {
            ""id"": ""r_streep_salary"",
            ""role"": ""has_salary"",
            ""from"": ""e_streep"",
            ""to"": ""e_actor""
          },
          {
            ""id"": ""r_eastwood_salary"",
            ""role"": ""has_salary"",
            ""from"": ""e_eastwood"",
            ""to"": ""e_actor""
          }
        ],
        ""constraint"": {
          ""and_conditions"": [
            {
              ""left"": {
                ""attribute_name"": ""salary"",
                ""of"": ""e_actor""
              },
              ""operator"": "">"",
              ""right"": {
                ""summation_id"": ""e_actor"",
                ""expression"": ""salary"",
                ""condition"": {
                  ""or_conditions"": [
                    {
                      ""and_conditions"": [
                        {
                          ""left"": {
                            ""attribute_name"": ""name"",
                            ""of"": ""e_streep""
                          },
                          ""operator"": ""="",
                          ""right"": ""Meryl Streep""
                        },
                        {
                          ""left"": {
                            ""attribute_name"": ""name"",
                            ""of"": ""e_eastwood""
                          },
                          ""operator"": ""="",
                          ""right"": ""Clint Eastwood""
                        }
                      ]
                    }
                  ]
                }
              }
            }
          ]
        }
      }
    ],
    [
      {
        ""id"": ""q1"",
        ""target"": [
          ""e_movie""
        ],
        ""entities"": [
          {
            ""id"": ""e_movie"",
            ""type"": ""Movie""
          },
          {
            ""id"": ""e_actor"",
            ""type"": ""Person""
          },
          {
            ""id"": ""e_streep"",
            ""type"": ""Person""
          },
          {
            ""id"": ""e_eastwood"",
            ""type"": ""Person""
          }
        ],
        ""relationships"": [
          {
            ""id"": ""r_acts"",
            ""role"": ""actor"",
            ""from"": ""e_actor"",
            ""to"": ""e_movie""
          }
        ],
        ""constraint"": {
          ""and_conditions"": [
            ""r_acts"",
            {
              ""left"": {
                ""attribute_name"": ""salary"",
                ""of"": ""e_actor""
              },
              ""operator"": "">"",
              ""right"": {
                ""summation_id"": ""e_actor"",
                ""expression"": ""salary"",
                ""condition"": {
                  ""or_conditions"": [
                    {
                      ""and_conditions"": [
                        {
                          ""left"": {
                            ""attribute_name"": ""name"",
                            ""of"": ""e_actor""
                          },
                          ""operator"": ""="",
                          ""right"": ""Meryl Streep""
                        },
                        {
                          ""left"": {
                            ""attribute_name"": ""name"",
                            ""of"": ""e_actor""
                          },
                          ""operator"": ""="",
                          ""right"": ""Clint Eastwood""
                        }
                      ]
                    }
                  ]
                }
              }
            }
          ]
        }
      }
    ]
  ]
}
```"
5,Q07,Give me the movies that have an actor with more salary than Meryl Streep and Clint Eastwood together,gemma4:26b,False,0.05,283.303082,True,stop,3359,0.280089,989,281.239247,3.5166,"```json
{
  ""hypotheses_set"": [
    [
      {
        ""id"": ""q1"",
        ""target"": [
          ""e_movie""
        ],
        ""entities"": [
          {
            ""id"": ""e_movie"",
            ""type"": ""Movie""
          },
          {
            ""id"": ""e_actor"",
            ""type"": ""Person""
          },
          {
            ""id"": ""e_streep"",
            ""type"": ""Person""
          },
          {
            ""id"": ""e_eastwood"",
            ""type"": ""Person""
          }
        ],
        ""relationships"": [
          {
            ""id"": ""r_acts"",
            ""role"": ""actor"",
            ""from"": ""e_actor"",
            ""to"": ""e_movie""
          },
          {
            ""id"": ""r_streep_salary"",
            ""role"": ""has_salary"",
            ""from"": ""e_streep"",
            ""to"": ""e_actor""
          },
          {
            ""id"": ""r_eastwood_salary"",
            ""role"": ""has_salary"",
            ""from"": ""e_eastwood"",
            ""to"": ""e_actor""
          }
        ],
        ""constraint"": {
          ""and_conditions"": [
            {
              ""left"": {
                ""attribute_name"": ""salary"",
                ""of"": ""e_actor""
              },
              ""operator"": "">"",
              ""right"": {
                ""summation_id"": ""e_actor"",
                ""expression"": ""salary"",
                ""condition"": {
                  ""or_conditions"": [
                    {
                      ""and_conditions"": [
                        {
                          ""left"": {
                            ""attribute_name"": ""name"",
                            ""of"": ""e_streep""
                          },
                          ""operator"": ""="",
                          ""right"": ""Meryl Streep""
                        },
                        {
                          ""left"": {
                            ""attribute_name"": ""name"",
                            ""of"": ""e_eastwood""
                          },
                          ""operator"": ""="",
                          ""right"": ""Clint Eastwood""
                        }
                      ]
                    }
                  ]
                }
              }
            }
          ]
        }
      }
    ],
    [
      {
        ""id"": ""q1"",
        ""target"": [
          ""e_movie""
        ],
        ""entities"": [
          {
            ""id"": ""e_movie"",
            ""type"": ""Movie""
          },
          {
            ""id"": ""e_actor"",
            ""type"": ""Person""
          },
          {
            ""id"": ""e_streep"",
            ""type"": ""Person""
          },
          {
            ""id"": ""e_eastwood"",
            ""type"": ""Person""
          }
        ],
        ""relationships"": [
          {
            ""id"": ""r_acts"",
            ""role"": ""actor"",
            ""from"": ""e_actor"",
            ""to"": ""e_movie""
          }
        ],
        ""constraint"": {
          ""and_conditions"": [
            ""r_acts"",
            {
              ""left"": {
                ""attribute_name"": ""salary"",
                ""of"": ""e_actor""
              },
              ""operator"": "">"",
              ""right"": {
                ""summation_id"": ""e_actor"",
                ""expression"": ""salary"",
                ""condition"": {
                  ""or_conditions"": [
                    {
                      ""and_conditions"": [
                        {
                          ""left"": {
                            ""attribute_name"": ""name"",
                            ""of"": ""e_actor""
                          },
                          ""operator"": ""="",
                          ""right"": ""Meryl Streep""
                        },
                        {
                          ""left"": {
                            ""attribute_name"": ""name"",
                            ""of"": ""e_actor""
                          },
                          ""operator"": ""="",
                          ""right"": ""Clint Eastwood""
                        }
                      ]
                    }
                  ]
                }
              }
            }
          ]
        }
      }
    ]
  ]
}
```"
6,Q07,Give me the movies that have an actor with more salary than Meryl Streep and Clint Eastwood together,gemma4:26b,False,0.05,283.204081,True,stop,3359,0.284136,989,281.029068,3.5192,"```json
{
  ""hypotheses_set"": [
    [
      {
        ""id"": ""q1"",
        ""target"": [
          ""e_movie""
        ],
        ""entities"": [
          {
            ""id"": ""e_movie"",
            ""type"": ""Movie""
          },
          {
            ""id"": ""e_actor"",
            ""type"": ""Person""
          },
          {
            ""id"": ""e_streep"",
            ""type"": ""Person""
          },
          {
            ""id"": ""e_eastwood"",
            ""type"": ""Person""
          }
        ],
        ""relationships"": [
          {
            ""id"": ""r_acts"",
            ""role"": ""actor"",
            ""from"": ""e_actor"",
            ""to"": ""e_movie""
          },
          {
            ""id"": ""r_streep_salary"",
            ""role"": ""has_salary"",
            ""from"": ""e_streep"",
            ""to"": ""e_actor""
          },
          {
            ""id"": ""r_eastwood_salary"",
            ""role"": ""has_salary"",
            ""from"": ""e_eastwood"",
            ""to"": ""e_actor""
          }
        ],
        ""constraint"": {
          ""and_conditions"": [
            {
              ""left"": {
                ""attribute_name"": ""salary"",
                ""of"": ""e_actor""
              },
              ""operator"": "">"",
              ""right"": {
                ""summation_id"": ""e_actor"",
                ""expression"": ""salary"",
                ""condition"": {
                  ""or_conditions"": [
                    {
                      ""and_conditions"": [
                        {
                          ""left"": {
                            ""attribute_name"": ""name"",
                            ""of"": ""e_streep""
                          },
                          ""operator"": ""="",
                          ""right"": ""Meryl Streep""
                        },
                        {
                          ""left"": {
                            ""attribute_name"": ""name"",
                            ""of"": ""e_eastwood""
                          },
                          ""operator"": ""="",
                          ""right"": ""Clint Eastwood""
                        }
                      ]
                    }
                  ]
                }
              }
            }
          ]
        }
      }
    ],
    [
      {
        ""id"": ""q1"",
        ""target"": [
          ""e_movie""
        ],
        ""entities"": [
          {
            ""id"": ""e_movie"",
            ""type"": ""Movie""
          },
          {
            ""id"": ""e_actor"",
            ""type"": ""Person""
          },
          {
            ""id"": ""e_streep"",
            ""type"": ""Person""
          },
          {
            ""id"": ""e_eastwood"",
            ""type"": ""Person""
          }
        ],
        ""relationships"": [
          {
            ""id"": ""r_acts"",
            ""role"": ""actor"",
            ""from"": ""e_actor"",
            ""to"": ""e_movie""
          }
        ],
        ""constraint"": {
          ""and_conditions"": [
            ""r_acts"",
            {
              ""left"": {
                ""attribute_name"": ""salary"",
                ""of"": ""e_actor""
              },
              ""operator"": "">"",
              ""right"": {
                ""summation_id"": ""e_actor"",
                ""expression"": ""salary"",
                ""condition"": {
                  ""or_conditions"": [
                    {
                      ""and_conditions"": [
                        {
                          ""left"": {
                            ""attribute_name"": ""name"",
                            ""of"": ""e_actor""
                          },
                          ""operator"": ""="",
                          ""right"": ""Meryl Streep""
                        },
                        {
                          ""left"": {
                            ""attribute_name"": ""name"",
                            ""of"": ""e_actor""
                          },
                          ""operator"": ""="",
                          ""right"": ""Clint Eastwood""
                        }
                      ]
                    }
                  ]
                }
              }
            }
          ]
        }
      }
    ]
  ]
}
```"
7,Q07,Give me the movies that have an actor with more salary than Meryl Streep and Clint Eastwood together,gemma4:26b,False,0.05,283.181792,True,stop,3359,0.285197,989,281.129775,3.5179,"```json
{
  ""hypotheses_set"": [
    [
      {
        ""id"": ""q1"",
        ""target"": [
          ""e_movie""
        ],
        ""entities"": [
          {
            ""id"": ""e_movie"",
            ""type"": ""Movie""
          },
          {
            ""id"": ""e_actor"",
            ""type"": ""Person""
          },
          {
            ""id"": ""e_streep"",
            ""type"": ""Person""
          },
          {
            ""id"": ""e_eastwood"",
            ""type"": ""Person""
          }
        ],
        ""relationships"": [
          {
            ""id"": ""r_acts"",
            ""role"": ""actor"",
            ""from"": ""e_actor"",
            ""to"": ""e_movie""
          },
          {
            ""id"": ""r_streep_salary"",
            ""role"": ""has_salary"",
            ""from"": ""e_streep"",
            ""to"": ""e_actor""
          },
          {
            ""id"": ""r_eastwood_salary"",
            ""role"": ""has_salary"",
            ""from"": ""e_eastwood"",
            ""to"": ""e_actor""
          }
        ],
        ""constraint"": {
          ""and_conditions"": [
            {
              ""left"": {
                ""attribute_name"": ""salary"",
                ""of"": ""e_actor""
              },
              ""operator"": "">"",
              ""right"": {
                ""summation_id"": ""e_actor"",
                ""expression"": ""salary"",
                ""condition"": {
                  ""or_conditions"": [
                    {
                      ""and_conditions"": [
                        {
                          ""left"": {
                            ""attribute_name"": ""name"",
                            ""of"": ""e_streep""
                          },
                          ""operator"": ""="",
                          ""right"": ""Meryl Streep""
                        },
                        {
                          ""left"": {
                            ""attribute_name"": ""name"",
                            ""of"": ""e_eastwood""
                          },
                          ""operator"": ""="",
                          ""right"": ""Clint Eastwood""
                        }
                      ]
                    }
                  ]
                }
              }
            }
          ]
        }
      }
    ],
    [
      {
        ""id"": ""q1"",
        ""target"": [
          ""e_movie""
        ],
        ""entities"": [
          {
            ""id"": ""e_movie"",
            ""type"": ""Movie""
          },
          {
            ""id"": ""e_actor"",
            ""type"": ""Person""
          },
          {
            ""id"": ""e_streep"",
            ""type"": ""Person""
          },
          {
            ""id"": ""e_eastwood"",
            ""type"": ""Person""
          }
        ],
        ""relationships"": [
          {
            ""id"": ""r_acts"",
            ""role"": ""actor"",
            ""from"": ""e_actor"",
            ""to"": ""e_movie""
          }
        ],
        ""constraint"": {
          ""and_conditions"": [
            ""r_acts"",
            {
              ""left"": {
                ""attribute_name"": ""salary"",
                ""of"": ""e_actor""
              },
              ""operator"": "">"",
              ""right"": {
                ""summation_id"": ""e_actor"",
                ""expression"": ""salary"",
                ""condition"": {
                  ""or_conditions"": [
                    {
                      ""and_conditions"": [
                        {
                          ""left"": {
                            ""attribute_name"": ""name"",
                            ""of"": ""e_actor""
                          },
                          ""operator"": ""="",
                          ""right"": ""Meryl Streep""
                        },
                        {
                          ""left"": {
                            ""attribute_name"": ""name"",
                            ""of"": ""e_actor""
                          },
                          ""operator"": ""="",
                          ""right"": ""Clint Eastwood""
                        }
                      ]
                    }
                  ]
                }
              }
            }
          ]
        }
      }
    ]
  ]
}
```"
8,Q07,Give me the movies that have an actor with more salary than Meryl Streep and Clint Eastwood together,gemma4:26b,False,0.05,283.223017,True,stop,3359,0.285718,989,281.1545,3.5176,"```json
{
  ""hypotheses_set"": [
    [
      {
        ""id"": ""q1"",
        ""target"": [
          ""e_movie""
        ],
        ""entities"": [
          {
            ""id"": ""e_movie"",
            ""type"": ""Movie""
          },
          {
            ""id"": ""e_actor"",
            ""type"": ""Person""
          },
          {
            ""id"": ""e_streep"",
            ""type"": ""Person""
          },
          {
            ""id"": ""e_eastwood"",
            ""type"": ""Person""
          }
        ],
        ""relationships"": [
          {
            ""id"": ""r_acts"",
            ""role"": ""actor"",
            ""from"": ""e_actor"",
            ""to"": ""e_movie""
          },
          {
            ""id"": ""r_streep_salary"",
            ""role"": ""has_salary"",
            ""from"": ""e_streep"",
            ""to"": ""e_actor""
          },
          {
            ""id"": ""r_eastwood_salary"",
            ""role"": ""has_salary"",
            ""from"": ""e_eastwood"",
            ""to"": ""e_actor""
          }
        ],
        ""constraint"": {
          ""and_conditions"": [
            {
              ""left"": {
                ""attribute_name"": ""salary"",
                ""of"": ""e_actor""
              },
              ""operator"": "">"",
              ""right"": {
                ""summation_id"": ""e_actor"",
                ""expression"": ""salary"",
                ""condition"": {
                  ""or_conditions"": [
                    {
                      ""and_conditions"": [
                        {
                          ""left"": {
                            ""attribute_name"": ""name"",
                            ""of"": ""e_streep""
                          },
                          ""operator"": ""="",
                          ""right"": ""Meryl Streep""
                        },
                        {
                          ""left"": {
                            ""attribute_name"": ""name"",
                            ""of"": ""e_eastwood""
                          },
                          ""operator"": ""="",
                          ""right"": ""Clint Eastwood""
                        }
                      ]
                    }
                  ]
                }
              }
            }
          ]
        }
      }
    ],
    [
      {
        ""id"": ""q1"",
        ""target"": [
          ""e_movie""
        ],
        ""entities"": [
          {
            ""id"": ""e_movie"",
            ""type"": ""Movie""
          },
          {
            ""id"": ""e_actor"",
            ""type"": ""Person""
          },
          {
            ""id"": ""e_streep"",
            ""type"": ""Person""
          },
          {
            ""id"": ""e_eastwood"",
            ""type"": ""Person""
          }
        ],
        ""relationships"": [
          {
            ""id"": ""r_acts"",
            ""role"": ""actor"",
            ""from"": ""e_actor"",
            ""to"": ""e_movie""
          }
        ],
        ""constraint"": {
          ""and_conditions"": [
            ""r_acts"",
            {
              ""left"": {
                ""attribute_name"": ""salary"",
                ""of"": ""e_actor""
              },
              ""operator"": "">"",
              ""right"": {
                ""summation_id"": ""e_actor"",
                ""expression"": ""salary"",
                ""condition"": {
                  ""or_conditions"": [
                    {
                      ""and_conditions"": [
                        {
                          ""left"": {
                            ""attribute_name"": ""name"",
                            ""of"": ""e_actor""
                          },
                          ""operator"": ""="",
                          ""right"": ""Meryl Streep""
                        },
                        {
                          ""left"": {
                            ""attribute_name"": ""name"",
                            ""of"": ""e_actor""
                          },
                          ""operator"": ""="",
                          ""right"": ""Clint Eastwood""
                        }
                      ]
                    }
                  ]
                }
              }
            }
          ]
        }
      }
    ]
  ]
}
```"
9,Q07,Give me the movies that have an actor with more salary than Meryl Streep and Clint Eastwood together,gemma4:26b,False,0.05,283.041272,True,stop,3359,0.280996,989,280.985701,3.5198,"```json
{
  ""hypotheses_set"": [
    [
      {
        ""id"": ""q1"",
        ""target"": [
          ""e_movie""
        ],
        ""entities"": [
          {
            ""id"": ""e_movie"",
            ""type"": ""Movie""
          },
          {
            ""id"": ""e_actor"",
            ""type"": ""Person""
          },
          {
            ""id"": ""e_streep"",
            ""type"": ""Person""
          },
          {
            ""id"": ""e_eastwood"",
            ""type"": ""Person""
          }
        ],
        ""relationships"": [
          {
            ""id"": ""r_acts"",
            ""role"": ""actor"",
            ""from"": ""e_actor"",
            ""to"": ""e_movie""
          },
          {
            ""id"": ""r_streep_salary"",
            ""role"": ""has_salary"",
            ""from"": ""e_streep"",
            ""to"": ""e_actor""
          },
          {
            ""id"": ""r_eastwood_salary"",
            ""role"": ""has_salary"",
            ""from"": ""e_eastwood"",
            ""to"": ""e_actor""
          }
        ],
        ""constraint"": {
          ""and_conditions"": [
            {
              ""left"": {
                ""attribute_name"": ""salary"",
                ""of"": ""e_actor""
              },
              ""operator"": "">"",
              ""right"": {
                ""summation_id"": ""e_actor"",
                ""expression"": ""salary"",
                ""condition"": {
                  ""or_conditions"": [
                    {
                      ""and_conditions"": [
                        {
                          ""left"": {
                            ""attribute_name"": ""name"",
                            ""of"": ""e_streep""
                          },
                          ""operator"": ""="",
                          ""right"": ""Meryl Streep""
                        },
                        {
                          ""left"": {
                            ""attribute_name"": ""name"",
                            ""of"": ""e_eastwood""
                          },
                          ""operator"": ""="",
                          ""right"": ""Clint Eastwood""
                        }
                      ]
                    }
                  ]
                }
              }
            }
          ]
        }
      }
    ],
    [
      {
        ""id"": ""q1"",
        ""target"": [
          ""e_movie""
        ],
        ""entities"": [
          {
            ""id"": ""e_movie"",
            ""type"": ""Movie""
          },
          {
            ""id"": ""e_actor"",
            ""type"": ""Person""
          },
          {
            ""id"": ""e_streep"",
            ""type"": ""Person""
          },
          {
            ""id"": ""e_eastwood"",
            ""type"": ""Person""
          }
        ],
        ""relationships"": [
          {
            ""id"": ""r_acts"",
            ""role"": ""actor"",
            ""from"": ""e_actor"",
            ""to"": ""e_movie""
          }
        ],
        ""constraint"": {
          ""and_conditions"": [
            ""r_acts"",
            {
              ""left"": {
                ""attribute_name"": ""salary"",
                ""of"": ""e_actor""
              },
              ""operator"": "">"",
              ""right"": {
                ""summation_id"": ""e_actor"",
                ""expression"": ""salary"",
                ""condition"": {
                  ""or_conditions"": [
                    {
                      ""and_conditions"": [
                        {
                          ""left"": {
                            ""attribute_name"": ""name"",
                            ""of"": ""e_actor""
                          },
                          ""operator"": ""="",
                          ""right"": ""Meryl Streep""
                        },
                        {
                          ""left"": {
                            ""attribute_name"": ""name"",
                            ""of"": ""e_actor""
                          },
                          ""operator"": ""="",
                          ""right"": ""Clint Eastwood""
                        }
                      ]
                    }
                  ]
                }
              }
            }
          ]
        }
      }
    ]
  ]
}
```"
10,Q07,Give me the movies that have an actor with more salary than Meryl Streep and Clint Eastwood together,gemma4:26b,False,0.05,283.135759,True,stop,3359,0.283207,989,281.082458,3.5185,"```json
{
  ""hypotheses_set"": [
    [
      {
        ""id"": ""q1"",
        ""target"": [
          ""e_movie""
        ],
        ""entities"": [
          {
            ""id"": ""e_movie"",
            ""type"": ""Movie""
          },
          {
            ""id"": ""e_actor"",
            ""type"": ""Person""
          },
          {
            ""id"": ""e_streep"",
            ""type"": ""Person""
          },
          {
            ""id"": ""e_eastwood"",
            ""type"": ""Person""
          }
        ],
        ""relationships"": [
          {
            ""id"": ""r_acts"",
            ""role"": ""actor"",
            ""from"": ""e_actor"",
            ""to"": ""e_movie""
          },
          {
            ""id"": ""r_streep_salary"",
            ""role"": ""has_salary"",
            ""from"": ""e_streep"",
            ""to"": ""e_actor""
          },
          {
            ""id"": ""r_eastwood_salary"",
            ""role"": ""has_salary"",
            ""from"": ""e_eastwood"",
            ""to"": ""e_actor""
          }
        ],
        ""constraint"": {
          ""and_conditions"": [
            {
              ""left"": {
                ""attribute_name"": ""salary"",
                ""of"": ""e_actor""
              },
              ""operator"": "">"",
              ""right"": {
                ""summation_id"": ""e_actor"",
                ""expression"": ""salary"",
                ""condition"": {
                  ""or_conditions"": [
                    {
                      ""and_conditions"": [
                        {
                          ""left"": {
                            ""attribute_name"": ""name"",
                            ""of"": ""e_streep""
                          },
                          ""operator"": ""="",
                          ""right"": ""Meryl Streep""
                        },
                        {
                          ""left"": {
                            ""attribute_name"": ""name"",
                            ""of"": ""e_eastwood""
                          },
                          ""operator"": ""="",
                          ""right"": ""Clint Eastwood""
                        }
                      ]
                    }
                  ]
                }
              }
            }
          ]
        }
      }
    ],
    [
      {
        ""id"": ""q1"",
        ""target"": [
          ""e_movie""
        ],
        ""entities"": [
          {
            ""id"": ""e_movie"",
            ""type"": ""Movie""
          },
          {
            ""id"": ""e_actor"",
            ""type"": ""Person""
          },
          {
            ""id"": ""e_streep"",
            ""type"": ""Person""
          },
          {
            ""id"": ""e_eastwood"",
            ""type"": ""Person""
          }
        ],
        ""relationships"": [
          {
            ""id"": ""r_acts"",
            ""role"": ""actor"",
            ""from"": ""e_actor"",
            ""to"": ""e_movie""
          }
        ],
        ""constraint"": {
          ""and_conditions"": [
            ""r_acts"",
            {
              ""left"": {
                ""attribute_name"": ""salary"",
                ""of"": ""e_actor""
              },
              ""operator"": "">"",
              ""right"": {
                ""summation_id"": ""e_actor"",
                ""expression"": ""salary"",
                ""condition"": {
                  ""or_conditions"": [
                    {
                      ""and_conditions"": [
                        {
                          ""left"": {
                            ""attribute_name"": ""name"",
                            ""of"": ""e_actor""
                          },
                          ""operator"": ""="",
                          ""right"": ""Meryl Streep""
                        },
                        {
                          ""left"": {
                            ""attribute_name"": ""name"",
                            ""of"": ""e_actor""
                          },
                          ""operator"": ""="",
                          ""right"": ""Clint Eastwood""
                        }
                      ]
                    }
                  ]
                }
              }
            }
          ]
        }
      }
    ]
  ]
}
```"
11,Q07,Give me the movies that have an actor with more salary than Meryl Streep and Clint Eastwood together,gemma4:26b,False,0.05,281.539316,True,stop,3359,0.286304,989,279.471603,3.5388,"```json
{
  ""hypotheses_set"": [
    [
      {
        ""id"": ""q1"",
        ""target"": [
          ""e_movie""
        ],
        ""entities"": [
          {
            ""id"": ""e_movie"",
            ""type"": ""Movie""
          },
          {
            ""id"": ""e_actor"",
            ""type"": ""Person""
          },
          {
            ""id"": ""e_streep"",
            ""type"": ""Person""
          },
          {
            ""id"": ""e_eastwood"",
            ""type"": ""Person""
          }
        ],
        ""relationships"": [
          {
            ""id"": ""r_acts"",
            ""role"": ""actor"",
            ""from"": ""e_actor"",
            ""to"": ""e_movie""
          },
          {
            ""id"": ""r_streep_salary"",
            ""role"": ""has_salary"",
            ""from"": ""e_streep"",
            ""to"": ""e_actor""
          },
          {
            ""id"": ""r_eastwood_salary"",
            ""role"": ""has_salary"",
            ""from"": ""e_eastwood"",
            ""to"": ""e_actor""
          }
        ],
        ""constraint"": {
          ""and_conditions"": [
            {
              ""left"": {
                ""attribute_name"": ""salary"",
                ""of"": ""e_actor""
              },
              ""operator"": "">"",
              ""right"": {
                ""summation_id"": ""e_actor"",
                ""expression"": ""salary"",
                ""condition"": {
                  ""or_conditions"": [
                    {
                      ""and_conditions"": [
                        {
                          ""left"": {
                            ""attribute_name"": ""name"",
                            ""of"": ""e_streep""
                          },
                          ""operator"": ""="",
                          ""right"": ""Meryl Streep""
                        },
                        {
                          ""left"": {
                            ""attribute_name"": ""name"",
                            ""of"": ""e_eastwood""
                          },
                          ""operator"": ""="",
                          ""right"": ""Clint Eastwood""
                        }
                      ]
                    }
                  ]
                }
              }
            }
          ]
        }
      }
    ],
    [
      {
        ""id"": ""q1"",
        ""target"": [
          ""e_movie""
        ],
        ""entities"": [
          {
            ""id"": ""e_movie"",
            ""type"": ""Movie""
          },
          {
            ""id"": ""e_actor"",
            ""type"": ""Person""
          },
          {
            ""id"": ""e_streep"",
            ""type"": ""Person""
          },
          {
            ""id"": ""e_eastwood"",
            ""type"": ""Person""
          }
        ],
        ""relationships"": [
          {
            ""id"": ""r_acts"",
            ""role"": ""actor"",
            ""from"": ""e_actor"",
            ""to"": ""e_movie""
          }
        ],
        ""constraint"": {
          ""and_conditions"": [
            ""r_acts"",
            {
              ""left"": {
                ""attribute_name"": ""salary"",
                ""of"": ""e_actor""
              },
              ""operator"": "">"",
              ""right"": {
                ""summation_id"": ""e_actor"",
                ""expression"": ""salary"",
                ""condition"": {
                  ""or_conditions"": [
                    {
                      ""and_conditions"": [
                        {
                          ""left"": {
                            ""attribute_name"": ""name"",
                            ""of"": ""e_actor""
                          },
                          ""operator"": ""="",
                          ""right"": ""Meryl Streep""
                        },
                        {
                          ""left"": {
                            ""attribute_name"": ""name"",
                            ""of"": ""e_actor""
                          },
                          ""operator"": ""="",
                          ""right"": ""Clint Eastwood""
                        }
                      ]
                    }
                  ]
                }
              }
            }
          ]
        }
      }
    ]
  ]
}
```"
12,Q07,Give me the movies that have an actor with more salary than Meryl Streep and Clint Eastwood together,gemma4:26b,False,0.05,283.132056,True,stop,3359,0.285676,989,281.093619,3.5184,"```json
{
  ""hypotheses_set"": [
    [
      {
        ""id"": ""q1"",
        ""target"": [
          ""e_movie""
        ],
        ""entities"": [
          {
            ""id"": ""e_movie"",
            ""type"": ""Movie""
          },
          {
            ""id"": ""e_actor"",
            ""type"": ""Person""
          },
          {
            ""id"": ""e_streep"",
            ""type"": ""Person""
          },
          {
            ""id"": ""e_eastwood"",
            ""type"": ""Person""
          }
        ],
        ""relationships"": [
          {
            ""id"": ""r_acts"",
            ""role"": ""actor"",
            ""from"": ""e_actor"",
            ""to"": ""e_movie""
          },
          {
            ""id"": ""r_streep_salary"",
            ""role"": ""has_salary"",
            ""from"": ""e_streep"",
            ""to"": ""e_actor""
          },
          {
            ""id"": ""r_eastwood_salary"",
            ""role"": ""has_salary"",
            ""from"": ""e_eastwood"",
            ""to"": ""e_actor""
          }
        ],
        ""constraint"": {
          ""and_conditions"": [
            {
              ""left"": {
                ""attribute_name"": ""salary"",
                ""of"": ""e_actor""
              },
              ""operator"": "">"",
              ""right"": {
                ""summation_id"": ""e_actor"",
                ""expression"": ""salary"",
                ""condition"": {
                  ""or_conditions"": [
                    {
                      ""and_conditions"": [
                        {
                          ""left"": {
                            ""attribute_name"": ""name"",
                            ""of"": ""e_streep""
                          },
                          ""operator"": ""="",
                          ""right"": ""Meryl Streep""
                        },
                        {
                          ""left"": {
                            ""attribute_name"": ""name"",
                            ""of"": ""e_eastwood""
                          },
                          ""operator"": ""="",
                          ""right"": ""Clint Eastwood""
                        }
                      ]
                    }
                  ]
                }
              }
            }
          ]
        }
      }
    ],
    [
      {
        ""id"": ""q1"",
        ""target"": [
          ""e_movie""
        ],
        ""entities"": [
          {
            ""id"": ""e_movie"",
            ""type"": ""Movie""
          },
          {
            ""id"": ""e_actor"",
            ""type"": ""Person""
          },
          {
            ""id"": ""e_streep"",
            ""type"": ""Person""
          },
          {
            ""id"": ""e_eastwood"",
            ""type"": ""Person""
          }
        ],
        ""relationships"": [
          {
            ""id"": ""r_acts"",
            ""role"": ""actor"",
            ""from"": ""e_actor"",
            ""to"": ""e_movie""
          }
        ],
        ""constraint"": {
          ""and_conditions"": [
            ""r_acts"",
            {
              ""left"": {
                ""attribute_name"": ""salary"",
                ""of"": ""e_actor""
              },
              ""operator"": "">"",
              ""right"": {
                ""summation_id"": ""e_actor"",
                ""expression"": ""salary"",
                ""condition"": {
                  ""or_conditions"": [
                    {
                      ""and_conditions"": [
                        {
                          ""left"": {
                            ""attribute_name"": ""name"",
                            ""of"": ""e_actor""
                          },
                          ""operator"": ""="",
                          ""right"": ""Meryl Streep""
                        },
                        {
                          ""left"": {
                            ""attribute_name"": ""name"",
                            ""of"": ""e_actor""
                          },
                          ""operator"": ""="",
                          ""right"": ""Clint Eastwood""
                        }
                      ]
                    }
                  ]
                }
              }
            }
          ]
        }
      }
    ]
  ]
}
```"
13,Q07,Give me the movies that have an actor with more salary than Meryl Streep and Clint Eastwood together,gemma4:26b,False,0.05,283.21999,True,stop,3359,0.283008,989,281.168906,3.5175,"```json
{
  ""hypotheses_set"": [
    [
      {
        ""id"": ""q1"",
        ""target"": [
          ""e_movie""
        ],
        ""entities"": [
          {
            ""id"": ""e_movie"",
            ""type"": ""Movie""
          },
          {
            ""id"": ""e_actor"",
            ""type"": ""Person""
          },
          {
            ""id"": ""e_streep"",
            ""type"": ""Person""
          },
          {
            ""id"": ""e_eastwood"",
            ""type"": ""Person""
          }
        ],
        ""relationships"": [
          {
            ""id"": ""r_acts"",
            ""role"": ""actor"",
            ""from"": ""e_actor"",
            ""to"": ""e_movie""
          },
          {
            ""id"": ""r_streep_salary"",
            ""role"": ""has_salary"",
            ""from"": ""e_streep"",
            ""to"": ""e_actor""
          },
          {
            ""id"": ""r_eastwood_salary"",
            ""role"": ""has_salary"",
            ""from"": ""e_eastwood"",
            ""to"": ""e_actor""
          }
        ],
        ""constraint"": {
          ""and_conditions"": [
            {
              ""left"": {
                ""attribute_name"": ""salary"",
                ""of"": ""e_actor""
              },
              ""operator"": "">"",
              ""right"": {
                ""summation_id"": ""e_actor"",
                ""expression"": ""salary"",
                ""condition"": {
                  ""or_conditions"": [
                    {
                      ""and_conditions"": [
                        {
                          ""left"": {
                            ""attribute_name"": ""name"",
                            ""of"": ""e_streep""
                          },
                          ""operator"": ""="",
                          ""right"": ""Meryl Streep""
                        },
                        {
                          ""left"": {
                            ""attribute_name"": ""name"",
                            ""of"": ""e_eastwood""
                          },
                          ""operator"": ""="",
                          ""right"": ""Clint Eastwood""
                        }
                      ]
                    }
                  ]
                }
              }
            }
          ]
        }
      }
    ],
    [
      {
        ""id"": ""q1"",
        ""target"": [
          ""e_movie""
        ],
        ""entities"": [
          {
            ""id"": ""e_movie"",
            ""type"": ""Movie""
          },
          {
            ""id"": ""e_actor"",
            ""type"": ""Person""
          },
          {
            ""id"": ""e_streep"",
            ""type"": ""Person""
          },
          {
            ""id"": ""e_eastwood"",
            ""type"": ""Person""
          }
        ],
        ""relationships"": [
          {
            ""id"": ""r_acts"",
            ""role"": ""actor"",
            ""from"": ""e_actor"",
            ""to"": ""e_movie""
          }
        ],
        ""constraint"": {
          ""and_conditions"": [
            ""r_acts"",
            {
              ""left"": {
                ""attribute_name"": ""salary"",
                ""of"": ""e_actor""
              },
              ""operator"": "">"",
              ""right"": {
                ""summation_id"": ""e_actor"",
                ""expression"": ""salary"",
                ""condition"": {
                  ""or_conditions"": [
                    {
                      ""and_conditions"": [
                        {
                          ""left"": {
                            ""attribute_name"": ""name"",
                            ""of"": ""e_actor""
                          },
                          ""operator"": ""="",
                          ""right"": ""Meryl Streep""
                        },
                        {
                          ""left"": {
                            ""attribute_name"": ""name"",
                            ""of"": ""e_actor""
                          },
                          ""operator"": ""="",
                          ""right"": ""Clint Eastwood""
                        }
                      ]
                    }
                  ]
                }
              }
            }
          ]
        }
      }
    ]
  ]
}
```"
14,Q07,Give me the movies that have an actor with more salary than Meryl Streep and Clint Eastwood together,gemma4:26b,False,0.05,283.398148,True,stop,3359,0.283442,989,281.339236,3.5153,"```json
{
  ""hypotheses_set"": [
    [
      {
        ""id"": ""q1"",
        ""target"": [
          ""e_movie""
        ],
        ""entities"": [
          {
            ""id"": ""e_movie"",
            ""type"": ""Movie""
          },
          {
            ""id"": ""e_actor"",
            ""type"": ""Person""
          },
          {
            ""id"": ""e_streep"",
            ""type"": ""Person""
          },
          {
            ""id"": ""e_eastwood"",
            ""type"": ""Person""
          }
        ],
        ""relationships"": [
          {
            ""id"": ""r_acts"",
            ""role"": ""actor"",
            ""from"": ""e_actor"",
            ""to"": ""e_movie""
          },
          {
            ""id"": ""r_streep_salary"",
            ""role"": ""has_salary"",
            ""from"": ""e_streep"",
            ""to"": ""e_actor""
          },
          {
            ""id"": ""r_eastwood_salary"",
            ""role"": ""has_salary"",
            ""from"": ""e_eastwood"",
            ""to"": ""e_actor""
          }
        ],
        ""constraint"": {
          ""and_conditions"": [
            {
              ""left"": {
                ""attribute_name"": ""salary"",
                ""of"": ""e_actor""
              },
              ""operator"": "">"",
              ""right"": {
                ""summation_id"": ""e_actor"",
                ""expression"": ""salary"",
                ""condition"": {
                  ""or_conditions"": [
                    {
                      ""and_conditions"": [
                        {
                          ""left"": {
                            ""attribute_name"": ""name"",
                            ""of"": ""e_streep""
                          },
                          ""operator"": ""="",
                          ""right"": ""Meryl Streep""
                        },
                        {
                          ""left"": {
                            ""attribute_name"": ""name"",
                            ""of"": ""e_eastwood""
                          },
                          ""operator"": ""="",
                          ""right"": ""Clint Eastwood""
                        }
                      ]
                    }
                  ]
                }
              }
            }
          ]
        }
      }
    ],
    [
      {
        ""id"": ""q1"",
        ""target"": [
          ""e_movie""
        ],
        ""entities"": [
          {
            ""id"": ""e_movie"",
            ""type"": ""Movie""
          },
          {
            ""id"": ""e_actor"",
            ""type"": ""Person""
          },
          {
            ""id"": ""e_streep"",
            ""type"": ""Person""
          },
          {
            ""id"": ""e_eastwood"",
            ""type"": ""Person""
          }
        ],
        ""relationships"": [
          {
            ""id"": ""r_acts"",
            ""role"": ""actor"",
            ""from"": ""e_actor"",
            ""to"": ""e_movie""
          }
        ],
        ""constraint"": {
          ""and_conditions"": [
            ""r_acts"",
            {
              ""left"": {
                ""attribute_name"": ""salary"",
                ""of"": ""e_actor""
              },
              ""operator"": "">"",
              ""right"": {
                ""summation_id"": ""e_actor"",
                ""expression"": ""salary"",
                ""condition"": {
                  ""or_conditions"": [
                    {
                      ""and_conditions"": [
                        {
                          ""left"": {
                            ""attribute_name"": ""name"",
                            ""of"": ""e_actor""
                          },
                          ""operator"": ""="",
                          ""right"": ""Meryl Streep""
                        },
                        {
                          ""left"": {
                            ""attribute_name"": ""name"",
                            ""of"": ""e_actor""
                          },
                          ""operator"": ""="",
                          ""right"": ""Clint Eastwood""
                        }
                      ]
                    }
                  ]
                }
              }
            }
          ]
        }
      }
    ]
  ]
}
```"
15,Q07,Give me the movies that have an actor with more salary than Meryl Streep and Clint Eastwood together,gemma4:26b,False,0.05,284.120136,True,stop,3359,0.284607,989,282.04685,3.5065,"```json
{
  ""hypotheses_set"": [
    [
      {
        ""id"": ""q1"",
        ""target"": [
          ""e_movie""
        ],
        ""entities"": [
          {
            ""id"": ""e_movie"",
            ""type"": ""Movie""
          },
          {
            ""id"": ""e_actor"",
            ""type"": ""Person""
          },
          {
            ""id"": ""e_streep"",
            ""type"": ""Person""
          },
          {
            ""id"": ""e_eastwood"",
            ""type"": ""Person""
          }
        ],
        ""relationships"": [
          {
            ""id"": ""r_acts"",
            ""role"": ""actor"",
            ""from"": ""e_actor"",
            ""to"": ""e_movie""
          },
          {
            ""id"": ""r_streep_salary"",
            ""role"": ""has_salary"",
            ""from"": ""e_streep"",
            ""to"": ""e_actor""
          },
          {
            ""id"": ""r_eastwood_salary"",
            ""role"": ""has_salary"",
            ""from"": ""e_eastwood"",
            ""to"": ""e_actor""
          }
        ],
        ""constraint"": {
          ""and_conditions"": [
            {
              ""left"": {
                ""attribute_name"": ""salary"",
                ""of"": ""e_actor""
              },
              ""operator"": "">"",
              ""right"": {
                ""summation_id"": ""e_actor"",
                ""expression"": ""salary"",
                ""condition"": {
                  ""or_conditions"": [
                    {
                      ""and_conditions"": [
                        {
                          ""left"": {
                            ""attribute_name"": ""name"",
                            ""of"": ""e_streep""
                          },
                          ""operator"": ""="",
                          ""right"": ""Meryl Streep""
                        },
                        {
                          ""left"": {
                            ""attribute_name"": ""name"",
                            ""of"": ""e_eastwood""
                          },
                          ""operator"": ""="",
                          ""right"": ""Clint Eastwood""
                        }
                      ]
                    }
                  ]
                }
              }
            }
          ]
        }
      }
    ],
    [
      {
        ""id"": ""q1"",
        ""target"": [
          ""e_movie""
        ],
        ""entities"": [
          {
            ""id"": ""e_movie"",
            ""type"": ""Movie""
          },
          {
            ""id"": ""e_actor"",
            ""type"": ""Person""
          },
          {
            ""id"": ""e_streep"",
            ""type"": ""Person""
          },
          {
            ""id"": ""e_eastwood"",
            ""type"": ""Person""
          }
        ],
        ""relationships"": [
          {
            ""id"": ""r_acts"",
            ""role"": ""actor"",
            ""from"": ""e_actor"",
            ""to"": ""e_movie""
          }
        ],
        ""constraint"": {
          ""and_conditions"": [
            ""r_acts"",
            {
              ""left"": {
                ""attribute_name"": ""salary"",
                ""of"": ""e_actor""
              },
              ""operator"": "">"",
              ""right"": {
                ""summation_id"": ""e_actor"",
                ""expression"": ""salary"",
                ""condition"": {
                  ""or_conditions"": [
                    {
                      ""and_conditions"": [
                        {
                          ""left"": {
                            ""attribute_name"": ""name"",
                            ""of"": ""e_actor""
                          },
                          ""operator"": ""="",
                          ""right"": ""Meryl Streep""
                        },
                        {
                          ""left"": {
                            ""attribute_name"": ""name"",
                            ""of"": ""e_actor""
                          },
                          ""operator"": ""="",
                          ""right"": ""Clint Eastwood""
                        }
                      ]
                    }
                  ]
                }
              }
            }
          ]
        }
      }
    ]
  ]
}
```"
16,Q07,Give me the movies that have an actor with more salary than Meryl Streep and Clint Eastwood together,gemma4:26b,False,0.05,285.451953,True,stop,3359,0.289092,989,283.376251,3.4901,"```json
{
  ""hypotheses_set"": [
    [
      {
        ""id"": ""q1"",
        ""target"": [
          ""e_movie""
        ],
        ""entities"": [
          {
            ""id"": ""e_movie"",
            ""type"": ""Movie""
          },
          {
            ""id"": ""e_actor"",
            ""type"": ""Person""
          },
          {
            ""id"": ""e_streep"",
            ""type"": ""Person""
          },
          {
            ""id"": ""e_eastwood"",
            ""type"": ""Person""
          }
        ],
        ""relationships"": [
          {
            ""id"": ""r_acts"",
            ""role"": ""actor"",
            ""from"": ""e_actor"",
            ""to"": ""e_movie""
          },
          {
            ""id"": ""r_streep_salary"",
            ""role"": ""has_salary"",
            ""from"": ""e_streep"",
            ""to"": ""e_actor""
          },
          {
            ""id"": ""r_eastwood_salary"",
            ""role"": ""has_salary"",
            ""from"": ""e_eastwood"",
            ""to"": ""e_actor""
          }
        ],
        ""constraint"": {
          ""and_conditions"": [
            {
              ""left"": {
                ""attribute_name"": ""salary"",
                ""of"": ""e_actor""
              },
              ""operator"": "">"",
              ""right"": {
                ""summation_id"": ""e_actor"",
                ""expression"": ""salary"",
                ""condition"": {
                  ""or_conditions"": [
                    {
                      ""and_conditions"": [
                        {
                          ""left"": {
                            ""attribute_name"": ""name"",
                            ""of"": ""e_streep""
                          },
                          ""operator"": ""="",
                          ""right"": ""Meryl Streep""
                        },
                        {
                          ""left"": {
                            ""attribute_name"": ""name"",
                            ""of"": ""e_eastwood""
                          },
                          ""operator"": ""="",
                          ""right"": ""Clint Eastwood""
                        }
                      ]
                    }
                  ]
                }
              }
            }
          ]
        }
      }
    ],
    [
      {
        ""id"": ""q1"",
        ""target"": [
          ""e_movie""
        ],
        ""entities"": [
          {
            ""id"": ""e_movie"",
            ""type"": ""Movie""
          },
          {
            ""id"": ""e_actor"",
            ""type"": ""Person""
          },
          {
            ""id"": ""e_streep"",
            ""type"": ""Person""
          },
          {
            ""id"": ""e_eastwood"",
            ""type"": ""Person""
          }
        ],
        ""relationships"": [
          {
            ""id"": ""r_acts"",
            ""role"": ""actor"",
            ""from"": ""e_actor"",
            ""to"": ""e_movie""
          }
        ],
        ""constraint"": {
          ""and_conditions"": [
            ""r_acts"",
            {
              ""left"": {
                ""attribute_name"": ""salary"",
                ""of"": ""e_actor""
              },
              ""operator"": "">"",
              ""right"": {
                ""summation_id"": ""e_actor"",
                ""expression"": ""salary"",
                ""condition"": {
                  ""or_conditions"": [
                    {
                      ""and_conditions"": [
                        {
                          ""left"": {
                            ""attribute_name"": ""name"",
                            ""of"": ""e_actor""
                          },
                          ""operator"": ""="",
                          ""right"": ""Meryl Streep""
                        },
                        {
                          ""left"": {
                            ""attribute_name"": ""name"",
                            ""of"": ""e_actor""
                          },
                          ""operator"": ""="",
                          ""right"": ""Clint Eastwood""
                        }
                      ]
                    }
                  ]
                }
              }
            }
          ]
        }
      }
    ]
  ]
}
```"
17,Q07,Give me the movies that have an actor with more salary than Meryl Streep and Clint Eastwood together,gemma4:26b,False,0.05,285.447223,True,stop,3359,0.289348,989,283.374081,3.4901,"```json
{
  ""hypotheses_set"": [
    [
      {
        ""id"": ""q1"",
        ""target"": [
          ""e_movie""
        ],
        ""entities"": [
          {
            ""id"": ""e_movie"",
            ""type"": ""Movie""
          },
          {
            ""id"": ""e_actor"",
            ""type"": ""Person""
          },
          {
            ""id"": ""e_streep"",
            ""type"": ""Person""
          },
          {
            ""id"": ""e_eastwood"",
            ""type"": ""Person""
          }
        ],
        ""relationships"": [
          {
            ""id"": ""r_acts"",
            ""role"": ""actor"",
            ""from"": ""e_actor"",
            ""to"": ""e_movie""
          },
          {
            ""id"": ""r_streep_salary"",
            ""role"": ""has_salary"",
            ""from"": ""e_streep"",
            ""to"": ""e_actor""
          },
          {
            ""id"": ""r_eastwood_salary"",
            ""role"": ""has_salary"",
            ""from"": ""e_eastwood"",
            ""to"": ""e_actor""
          }
        ],
        ""constraint"": {
          ""and_conditions"": [
            {
              ""left"": {
                ""attribute_name"": ""salary"",
                ""of"": ""e_actor""
              },
              ""operator"": "">"",
              ""right"": {
                ""summation_id"": ""e_actor"",
                ""expression"": ""salary"",
                ""condition"": {
                  ""or_conditions"": [
                    {
                      ""and_conditions"": [
                        {
                          ""left"": {
                            ""attribute_name"": ""name"",
                            ""of"": ""e_streep""
                          },
                          ""operator"": ""="",
                          ""right"": ""Meryl Streep""
                        },
                        {
                          ""left"": {
                            ""attribute_name"": ""name"",
                            ""of"": ""e_eastwood""
                          },
                          ""operator"": ""="",
                          ""right"": ""Clint Eastwood""
                        }
                      ]
                    }
                  ]
                }
              }
            }
          ]
        }
      }
    ],
    [
      {
        ""id"": ""q1"",
        ""target"": [
          ""e_movie""
        ],
        ""entities"": [
          {
            ""id"": ""e_movie"",
            ""type"": ""Movie""
          },
          {
            ""id"": ""e_actor"",
            ""type"": ""Person""
          },
          {
            ""id"": ""e_streep"",
            ""type"": ""Person""
          },
          {
            ""id"": ""e_eastwood"",
            ""type"": ""Person""
          }
        ],
        ""relationships"": [
          {
            ""id"": ""r_acts"",
            ""role"": ""actor"",
            ""from"": ""e_actor"",
            ""to"": ""e_movie""
          }
        ],
        ""constraint"": {
          ""and_conditions"": [
            ""r_acts"",
            {
              ""left"": {
                ""attribute_name"": ""salary"",
                ""of"": ""e_actor""
              },
              ""operator"": "">"",
              ""right"": {
                ""summation_id"": ""e_actor"",
                ""expression"": ""salary"",
                ""condition"": {
                  ""or_conditions"": [
                    {
                      ""and_conditions"": [
                        {
                          ""left"": {
                            ""attribute_name"": ""name"",
                            ""of"": ""e_actor""
                          },
                          ""operator"": ""="",
                          ""right"": ""Meryl Streep""
                        },
                        {
                          ""left"": {
                            ""attribute_name"": ""name"",
                            ""of"": ""e_actor""
                          },
                          ""operator"": ""="",
                          ""right"": ""Clint Eastwood""
                        }
                      ]
                    }
                  ]
                }
              }
            }
          ]
        }
      }
    ]
  ]
}
```"
18,Q07,Give me the movies that have an actor with more salary than Meryl Streep and Clint Eastwood together,gemma4:26b,False,0.05,285.541659,True,stop,3359,0.286367,989,283.478401,3.4888,"```json
{
  ""hypotheses_set"": [
    [
      {
        ""id"": ""q1"",
        ""target"": [
          ""e_movie""
        ],
        ""entities"": [
          {
            ""id"": ""e_movie"",
            ""type"": ""Movie""
          },
          {
            ""id"": ""e_actor"",
            ""type"": ""Person""
          },
          {
            ""id"": ""e_streep"",
            ""type"": ""Person""
          },
          {
            ""id"": ""e_eastwood"",
            ""type"": ""Person""
          }
        ],
        ""relationships"": [
          {
            ""id"": ""r_acts"",
            ""role"": ""actor"",
            ""from"": ""e_actor"",
            ""to"": ""e_movie""
          },
          {
            ""id"": ""r_streep_salary"",
            ""role"": ""has_salary"",
            ""from"": ""e_streep"",
            ""to"": ""e_actor""
          },
          {
            ""id"": ""r_eastwood_salary"",
            ""role"": ""has_salary"",
            ""from"": ""e_eastwood"",
            ""to"": ""e_actor""
          }
        ],
        ""constraint"": {
          ""and_conditions"": [
            {
              ""left"": {
                ""attribute_name"": ""salary"",
                ""of"": ""e_actor""
              },
              ""operator"": "">"",
              ""right"": {
                ""summation_id"": ""e_actor"",
                ""expression"": ""salary"",
                ""condition"": {
                  ""or_conditions"": [
                    {
                      ""and_conditions"": [
                        {
                          ""left"": {
                            ""attribute_name"": ""name"",
                            ""of"": ""e_streep""
                          },
                          ""operator"": ""="",
                          ""right"": ""Meryl Streep""
                        },
                        {
                          ""left"": {
                            ""attribute_name"": ""name"",
                            ""of"": ""e_eastwood""
                          },
                          ""operator"": ""="",
                          ""right"": ""Clint Eastwood""
                        }
                      ]
                    }
                  ]
                }
              }
            }
          ]
        }
      }
    ],
    [
      {
        ""id"": ""q1"",
        ""target"": [
          ""e_movie""
        ],
        ""entities"": [
          {
            ""id"": ""e_movie"",
            ""type"": ""Movie""
          },
          {
            ""id"": ""e_actor"",
            ""type"": ""Person""
          },
          {
            ""id"": ""e_streep"",
            ""type"": ""Person""
          },
          {
            ""id"": ""e_eastwood"",
            ""type"": ""Person""
          }
        ],
        ""relationships"": [
          {
            ""id"": ""r_acts"",
            ""role"": ""actor"",
            ""from"": ""e_actor"",
            ""to"": ""e_movie""
          }
        ],
        ""constraint"": {
          ""and_conditions"": [
            ""r_acts"",
            {
              ""left"": {
                ""attribute_name"": ""salary"",
                ""of"": ""e_actor""
              },
              ""operator"": "">"",
              ""right"": {
                ""summation_id"": ""e_actor"",
                ""expression"": ""salary"",
                ""condition"": {
                  ""or_conditions"": [
                    {
                      ""and_conditions"": [
                        {
                          ""left"": {
                            ""attribute_name"": ""name"",
                            ""of"": ""e_actor""
                          },
                          ""operator"": ""="",
                          ""right"": ""Meryl Streep""
                        },
                        {
                          ""left"": {
                            ""attribute_name"": ""name"",
                            ""of"": ""e_actor""
                          },
                          ""operator"": ""="",
                          ""right"": ""Clint Eastwood""
                        }
                      ]
                    }
                  ]
                }
              }
            }
          ]
        }
      }
    ]
  ]
}
```"
19,Q07,Give me the movies that have an actor with more salary than Meryl Streep and Clint Eastwood together,gemma4:26b,False,0.05,285.459589,True,stop,3359,0.285996,989,283.395922,3.4898,"```json
{
  ""hypotheses_set"": [
    [
      {
        ""id"": ""q1"",
        ""target"": [
          ""e_movie""
        ],
        ""entities"": [
          {
            ""id"": ""e_movie"",
            ""type"": ""Movie""
          },
          {
            ""id"": ""e_actor"",
            ""type"": ""Person""
          },
          {
            ""id"": ""e_streep"",
            ""type"": ""Person""
          },
          {
            ""id"": ""e_eastwood"",
            ""type"": ""Person""
          }
        ],
        ""relationships"": [
          {
            ""id"": ""r_acts"",
            ""role"": ""actor"",
            ""from"": ""e_actor"",
            ""to"": ""e_movie""
          },
          {
            ""id"": ""r_streep_salary"",
            ""role"": ""has_salary"",
            ""from"": ""e_streep"",
            ""to"": ""e_actor""
          },
          {
            ""id"": ""r_eastwood_salary"",
            ""role"": ""has_salary"",
            ""from"": ""e_eastwood"",
            ""to"": ""e_actor""
          }
        ],
        ""constraint"": {
          ""and_conditions"": [
            {
              ""left"": {
                ""attribute_name"": ""salary"",
                ""of"": ""e_actor""
              },
              ""operator"": "">"",
              ""right"": {
                ""summation_id"": ""e_actor"",
                ""expression"": ""salary"",
                ""condition"": {
                  ""or_conditions"": [
                    {
                      ""and_conditions"": [
                        {
                          ""left"": {
                            ""attribute_name"": ""name"",
                            ""of"": ""e_streep""
                          },
                          ""operator"": ""="",
                          ""right"": ""Meryl Streep""
                        },
                        {
                          ""left"": {
                            ""attribute_name"": ""name"",
                            ""of"": ""e_eastwood""
                          },
                          ""operator"": ""="",
                          ""right"": ""Clint Eastwood""
                        }
                      ]
                    }
                  ]
                }
              }
            }
          ]
        }
      }
    ],
    [
      {
        ""id"": ""q1"",
        ""target"": [
          ""e_movie""
        ],
        ""entities"": [
          {
            ""id"": ""e_movie"",
            ""type"": ""Movie""
          },
          {
            ""id"": ""e_actor"",
            ""type"": ""Person""
          },
          {
            ""id"": ""e_streep"",
            ""type"": ""Person""
          },
          {
            ""id"": ""e_eastwood"",
            ""type"": ""Person""
          }
        ],
        ""relationships"": [
          {
            ""id"": ""r_acts"",
            ""role"": ""actor"",
            ""from"": ""e_actor"",
            ""to"": ""e_movie""
          }
        ],
        ""constraint"": {
          ""and_conditions"": [
            ""r_acts"",
            {
              ""left"": {
                ""attribute_name"": ""salary"",
                ""of"": ""e_actor""
              },
              ""operator"": "">"",
              ""right"": {
                ""summation_id"": ""e_actor"",
                ""expression"": ""salary"",
                ""condition"": {
                  ""or_conditions"": [
                    {
                      ""and_conditions"": [
                        {
                          ""left"": {
                            ""attribute_name"": ""name"",
                            ""of"": ""e_actor""
                          },
                          ""operator"": ""="",
                          ""right"": ""Meryl Streep""
                        },
                        {
                          ""left"": {
                            ""attribute_name"": ""name"",
                            ""of"": ""e_actor""
                          },
                          ""operator"": ""="",
                          ""right"": ""Clint Eastwood""
                        }
                      ]
                    }
                  ]
                }
              }
            }
          ]
        }
      }
    ]
  ]
}
```"
20,Q07,Give me the movies that have an actor with more salary than Meryl Streep and Clint Eastwood together,gemma4:26b,False,0.05,285.410551,True,stop,3359,0.289169,989,283.338963,3.4905,"```json
{
  ""hypotheses_set"": [
    [
      {
        ""id"": ""q1"",
        ""target"": [
          ""e_movie""
        ],
        ""entities"": [
          {
            ""id"": ""e_movie"",
            ""type"": ""Movie""
          },
          {
            ""id"": ""e_actor"",
            ""type"": ""Person""
          },
          {
            ""id"": ""e_streep"",
            ""type"": ""Person""
          },
          {
            ""id"": ""e_eastwood"",
            ""type"": ""Person""
          }
        ],
        ""relationships"": [
          {
            ""id"": ""r_acts"",
            ""role"": ""actor"",
            ""from"": ""e_actor"",
            ""to"": ""e_movie""
          },
          {
            ""id"": ""r_streep_salary"",
            ""role"": ""has_salary"",
            ""from"": ""e_streep"",
            ""to"": ""e_actor""
          },
          {
            ""id"": ""r_eastwood_salary"",
            ""role"": ""has_salary"",
            ""from"": ""e_eastwood"",
            ""to"": ""e_actor""
          }
        ],
        ""constraint"": {
          ""and_conditions"": [
            {
              ""left"": {
                ""attribute_name"": ""salary"",
                ""of"": ""e_actor""
              },
              ""operator"": "">"",
              ""right"": {
                ""summation_id"": ""e_actor"",
                ""expression"": ""salary"",
                ""condition"": {
                  ""or_conditions"": [
                    {
                      ""and_conditions"": [
                        {
                          ""left"": {
                            ""attribute_name"": ""name"",
                            ""of"": ""e_streep""
                          },
                          ""operator"": ""="",
                          ""right"": ""Meryl Streep""
                        },
                        {
                          ""left"": {
                            ""attribute_name"": ""name"",
                            ""of"": ""e_eastwood""
                          },
                          ""operator"": ""="",
                          ""right"": ""Clint Eastwood""
                        }
                      ]
                    }
                  ]
                }
              }
            }
          ]
        }
      }
    ],
    [
      {
        ""id"": ""q1"",
        ""target"": [
          ""e_movie""
        ],
        ""entities"": [
          {
            ""id"": ""e_movie"",
            ""type"": ""Movie""
          },
          {
            ""id"": ""e_actor"",
            ""type"": ""Person""
          },
          {
            ""id"": ""e_streep"",
            ""type"": ""Person""
          },
          {
            ""id"": ""e_eastwood"",
            ""type"": ""Person""
          }
        ],
        ""relationships"": [
          {
            ""id"": ""r_acts"",
            ""role"": ""actor"",
            ""from"": ""e_actor"",
            ""to"": ""e_movie""
          }
        ],
        ""constraint"": {
          ""and_conditions"": [
            ""r_acts"",
            {
              ""left"": {
                ""attribute_name"": ""salary"",
                ""of"": ""e_actor""
              },
              ""operator"": "">"",
              ""right"": {
                ""summation_id"": ""e_actor"",
                ""expression"": ""salary"",
                ""condition"": {
                  ""or_conditions"": [
                    {
                      ""and_conditions"": [
                        {
                          ""left"": {
                            ""attribute_name"": ""name"",
                            ""of"": ""e_actor""
                          },
                          ""operator"": ""="",
                          ""right"": ""Meryl Streep""
                        },
                        {
                          ""left"": {
                            ""attribute_name"": ""name"",
                            ""of"": ""e_actor""
                          },
                          ""operator"": ""="",
                          ""right"": ""Clint Eastwood""
                        }
                      ]
                    }
                  ]
                }
              }
            }
          ]
        }
      }
    ]
  ]
}
```"
21,Q07,Give me the movies that have an actor with more salary than Meryl Streep and Clint Eastwood together,gemma4:26b,False,0.05,285.294817,True,stop,3359,0.289634,989,283.238841,3.4918,"```json
{
  ""hypotheses_set"": [
    [
      {
        ""id"": ""q1"",
        ""target"": [
          ""e_movie""
        ],
        ""entities"": [
          {
            ""id"": ""e_movie"",
            ""type"": ""Movie""
          },
          {
            ""id"": ""e_actor"",
            ""type"": ""Person""
          },
          {
            ""id"": ""e_streep"",
            ""type"": ""Person""
          },
          {
            ""id"": ""e_eastwood"",
            ""type"": ""Person""
          }
        ],
        ""relationships"": [
          {
            ""id"": ""r_acts"",
            ""role"": ""actor"",
            ""from"": ""e_actor"",
            ""to"": ""e_movie""
          },
          {
            ""id"": ""r_streep_salary"",
            ""role"": ""has_salary"",
            ""from"": ""e_streep"",
            ""to"": ""e_actor""
          },
          {
            ""id"": ""r_eastwood_salary"",
            ""role"": ""has_salary"",
            ""from"": ""e_eastwood"",
            ""to"": ""e_actor""
          }
        ],
        ""constraint"": {
          ""and_conditions"": [
            {
              ""left"": {
                ""attribute_name"": ""salary"",
                ""of"": ""e_actor""
              },
              ""operator"": "">"",
              ""right"": {
                ""summation_id"": ""e_actor"",
                ""expression"": ""salary"",
                ""condition"": {
                  ""or_conditions"": [
                    {
                      ""and_conditions"": [
                        {
                          ""left"": {
                            ""attribute_name"": ""name"",
                            ""of"": ""e_streep""
                          },
                          ""operator"": ""="",
                          ""right"": ""Meryl Streep""
                        },
                        {
                          ""left"": {
                            ""attribute_name"": ""name"",
                            ""of"": ""e_eastwood""
                          },
                          ""operator"": ""="",
                          ""right"": ""Clint Eastwood""
                        }
                      ]
                    }
                  ]
                }
              }
            }
          ]
        }
      }
    ],
    [
      {
        ""id"": ""q1"",
        ""target"": [
          ""e_movie""
        ],
        ""entities"": [
          {
            ""id"": ""e_movie"",
            ""type"": ""Movie""
          },
          {
            ""id"": ""e_actor"",
            ""type"": ""Person""
          },
          {
            ""id"": ""e_streep"",
            ""type"": ""Person""
          },
          {
            ""id"": ""e_eastwood"",
            ""type"": ""Person""
          }
        ],
        ""relationships"": [
          {
            ""id"": ""r_acts"",
            ""role"": ""actor"",
            ""from"": ""e_actor"",
            ""to"": ""e_movie""
          }
        ],
        ""constraint"": {
          ""and_conditions"": [
            ""r_acts"",
            {
              ""left"": {
                ""attribute_name"": ""salary"",
                ""of"": ""e_actor""
              },
              ""operator"": "">"",
              ""right"": {
                ""summation_id"": ""e_actor"",
                ""expression"": ""salary"",
                ""condition"": {
                  ""or_conditions"": [
                    {
                      ""and_conditions"": [
                        {
                          ""left"": {
                            ""attribute_name"": ""name"",
                            ""of"": ""e_actor""
                          },
                          ""operator"": ""="",
                          ""right"": ""Meryl Streep""
                        },
                        {
                          ""left"": {
                            ""attribute_name"": ""name"",
                            ""of"": ""e_actor""
                          },
                          ""operator"": ""="",
                          ""right"": ""Clint Eastwood""
                        }
                      ]
                    }
                  ]
                }
              }
            }
          ]
        }
      }
    ]
  ]
}
```"
22,Q07,Give me the movies that have an actor with more salary than Meryl Streep and Clint Eastwood together,gemma4:26b,False,0.05,285.316168,True,stop,3359,0.278928,989,283.273842,3.4913,"```json
{
  ""hypotheses_set"": [
    [
      {
        ""id"": ""q1"",
        ""target"": [
          ""e_movie""
        ],
        ""entities"": [
          {
            ""id"": ""e_movie"",
            ""type"": ""Movie""
          },
          {
            ""id"": ""e_actor"",
            ""type"": ""Person""
          },
          {
            ""id"": ""e_streep"",
            ""type"": ""Person""
          },
          {
            ""id"": ""e_eastwood"",
            ""type"": ""Person""
          }
        ],
        ""relationships"": [
          {
            ""id"": ""r_acts"",
            ""role"": ""actor"",
            ""from"": ""e_actor"",
            ""to"": ""e_movie""
          },
          {
            ""id"": ""r_streep_salary"",
            ""role"": ""has_salary"",
            ""from"": ""e_streep"",
            ""to"": ""e_actor""
          },
          {
            ""id"": ""r_eastwood_salary"",
            ""role"": ""has_salary"",
            ""from"": ""e_eastwood"",
            ""to"": ""e_actor""
          }
        ],
        ""constraint"": {
          ""and_conditions"": [
            {
              ""left"": {
                ""attribute_name"": ""salary"",
                ""of"": ""e_actor""
              },
              ""operator"": "">"",
              ""right"": {
                ""summation_id"": ""e_actor"",
                ""expression"": ""salary"",
                ""condition"": {
                  ""or_conditions"": [
                    {
                      ""and_conditions"": [
                        {
                          ""left"": {
                            ""attribute_name"": ""name"",
                            ""of"": ""e_streep""
                          },
                          ""operator"": ""="",
                          ""right"": ""Meryl Streep""
                        },
                        {
                          ""left"": {
                            ""attribute_name"": ""name"",
                            ""of"": ""e_eastwood""
                          },
                          ""operator"": ""="",
                          ""right"": ""Clint Eastwood""
                        }
                      ]
                    }
                  ]
                }
              }
            }
          ]
        }
      }
    ],
    [
      {
        ""id"": ""q1"",
        ""target"": [
          ""e_movie""
        ],
        ""entities"": [
          {
            ""id"": ""e_movie"",
            ""type"": ""Movie""
          },
          {
            ""id"": ""e_actor"",
            ""type"": ""Person""
          },
          {
            ""id"": ""e_streep"",
            ""type"": ""Person""
          },
          {
            ""id"": ""e_eastwood"",
            ""type"": ""Person""
          }
        ],
        ""relationships"": [
          {
            ""id"": ""r_acts"",
            ""role"": ""actor"",
            ""from"": ""e_actor"",
            ""to"": ""e_movie""
          }
        ],
        ""constraint"": {
          ""and_conditions"": [
            ""r_acts"",
            {
              ""left"": {
                ""attribute_name"": ""salary"",
                ""of"": ""e_actor""
              },
              ""operator"": "">"",
              ""right"": {
                ""summation_id"": ""e_actor"",
                ""expression"": ""salary"",
                ""condition"": {
                  ""or_conditions"": [
                    {
                      ""and_conditions"": [
                        {
                          ""left"": {
                            ""attribute_name"": ""name"",
                            ""of"": ""e_actor""
                          },
                          ""operator"": ""="",
                          ""right"": ""Meryl Streep""
                        },
                        {
                          ""left"": {
                            ""attribute_name"": ""name"",
                            ""of"": ""e_actor""
                          },
                          ""operator"": ""="",
                          ""right"": ""Clint Eastwood""
                        }
                      ]
                    }
                  ]
                }
              }
            }
          ]
        }
      }
    ]
  ]
}
```"
23,Q07,Give me the movies that have an actor with more salary than Meryl Streep and Clint Eastwood together,gemma4:26b,False,0.05,284.630595,True,stop,3359,0.290584,989,282.572549,3.5,"```json
{
  ""hypotheses_set"": [
    [
      {
        ""id"": ""q1"",
        ""target"": [
          ""e_movie""
        ],
        ""entities"": [
          {
            ""id"": ""e_movie"",
            ""type"": ""Movie""
          },
          {
            ""id"": ""e_actor"",
            ""type"": ""Person""
          },
          {
            ""id"": ""e_streep"",
            ""type"": ""Person""
          },
          {
            ""id"": ""e_eastwood"",
            ""type"": ""Person""
          }
        ],
        ""relationships"": [
          {
            ""id"": ""r_acts"",
            ""role"": ""actor"",
            ""from"": ""e_actor"",
            ""to"": ""e_movie""
          },
          {
            ""id"": ""r_streep_salary"",
            ""role"": ""has_salary"",
            ""from"": ""e_streep"",
            ""to"": ""e_actor""
          },
          {
            ""id"": ""r_eastwood_salary"",
            ""role"": ""has_salary"",
            ""from"": ""e_eastwood"",
            ""to"": ""e_actor""
          }
        ],
        ""constraint"": {
          ""and_conditions"": [
            {
              ""left"": {
                ""attribute_name"": ""salary"",
                ""of"": ""e_actor""
              },
              ""operator"": "">"",
              ""right"": {
                ""summation_id"": ""e_actor"",
                ""expression"": ""salary"",
                ""condition"": {
                  ""or_conditions"": [
                    {
                      ""and_conditions"": [
                        {
                          ""left"": {
                            ""attribute_name"": ""name"",
                            ""of"": ""e_streep""
                          },
                          ""operator"": ""="",
                          ""right"": ""Meryl Streep""
                        },
                        {
                          ""left"": {
                            ""attribute_name"": ""name"",
                            ""of"": ""e_eastwood""
                          },
                          ""operator"": ""="",
                          ""right"": ""Clint Eastwood""
                        }
                      ]
                    }
                  ]
                }
              }
            }
          ]
        }
      }
    ],
    [
      {
        ""id"": ""q1"",
        ""target"": [
          ""e_movie""
        ],
        ""entities"": [
          {
            ""id"": ""e_movie"",
            ""type"": ""Movie""
          },
          {
            ""id"": ""e_actor"",
            ""type"": ""Person""
          },
          {
            ""id"": ""e_streep"",
            ""type"": ""Person""
          },
          {
            ""id"": ""e_eastwood"",
            ""type"": ""Person""
          }
        ],
        ""relationships"": [
          {
            ""id"": ""r_acts"",
            ""role"": ""actor"",
            ""from"": ""e_actor"",
            ""to"": ""e_movie""
          }
        ],
        ""constraint"": {
          ""and_conditions"": [
            ""r_acts"",
            {
              ""left"": {
                ""attribute_name"": ""salary"",
                ""of"": ""e_actor""
              },
              ""operator"": "">"",
              ""right"": {
                ""summation_id"": ""e_actor"",
                ""expression"": ""salary"",
                ""condition"": {
                  ""or_conditions"": [
                    {
                      ""and_conditions"": [
                        {
                          ""left"": {
                            ""attribute_name"": ""name"",
                            ""of"": ""e_actor""
                          },
                          ""operator"": ""="",
                          ""right"": ""Meryl Streep""
                        },
                        {
                          ""left"": {
                            ""attribute_name"": ""name"",
                            ""of"": ""e_actor""
                          },
                          ""operator"": ""="",
                          ""right"": ""Clint Eastwood""
                        }
                      ]
                    }
                  ]
                }
              }
            }
          ]
        }
      }
    ]
  ]
}
```"
24,Q07,Give me the movies that have an actor with more salary than Meryl Streep and Clint Eastwood together,gemma4:26b,False,0.05,285.409458,True,stop,3359,0.288859,989,283.349979,3.4904,"```json
{
  ""hypotheses_set"": [
    [
      {
        ""id"": ""q1"",
        ""target"": [
          ""e_movie""
        ],
        ""entities"": [
          {
            ""id"": ""e_movie"",
            ""type"": ""Movie""
          },
          {
            ""id"": ""e_actor"",
            ""type"": ""Person""
          },
          {
            ""id"": ""e_streep"",
            ""type"": ""Person""
          },
          {
            ""id"": ""e_eastwood"",
            ""type"": ""Person""
          }
        ],
        ""relationships"": [
          {
            ""id"": ""r_acts"",
            ""role"": ""actor"",
            ""from"": ""e_actor"",
            ""to"": ""e_movie""
          },
          {
            ""id"": ""r_streep_salary"",
            ""role"": ""has_salary"",
            ""from"": ""e_streep"",
            ""to"": ""e_actor""
          },
          {
            ""id"": ""r_eastwood_salary"",
            ""role"": ""has_salary"",
            ""from"": ""e_eastwood"",
            ""to"": ""e_actor""
          }
        ],
        ""constraint"": {
          ""and_conditions"": [
            {
              ""left"": {
                ""attribute_name"": ""salary"",
                ""of"": ""e_actor""
              },
              ""operator"": "">"",
              ""right"": {
                ""summation_id"": ""e_actor"",
                ""expression"": ""salary"",
                ""condition"": {
                  ""or_conditions"": [
                    {
                      ""and_conditions"": [
                        {
                          ""left"": {
                            ""attribute_name"": ""name"",
                            ""of"": ""e_streep""
                          },
                          ""operator"": ""="",
                          ""right"": ""Meryl Streep""
                        },
                        {
                          ""left"": {
                            ""attribute_name"": ""name"",
                            ""of"": ""e_eastwood""
                          },
                          ""operator"": ""="",
                          ""right"": ""Clint Eastwood""
                        }
                      ]
                    }
                  ]
                }
              }
            }
          ]
        }
      }
    ],
    [
      {
        ""id"": ""q1"",
        ""target"": [
          ""e_movie""
        ],
        ""entities"": [
          {
            ""id"": ""e_movie"",
            ""type"": ""Movie""
          },
          {
            ""id"": ""e_actor"",
            ""type"": ""Person""
          },
          {
            ""id"": ""e_streep"",
            ""type"": ""Person""
          },
          {
            ""id"": ""e_eastwood"",
            ""type"": ""Person""
          }
        ],
        ""relationships"": [
          {
            ""id"": ""r_acts"",
            ""role"": ""actor"",
            ""from"": ""e_actor"",
            ""to"": ""e_movie""
          }
        ],
        ""constraint"": {
          ""and_conditions"": [
            ""r_acts"",
            {
              ""left"": {
                ""attribute_name"": ""salary"",
                ""of"": ""e_actor""
              },
              ""operator"": "">"",
              ""right"": {
                ""summation_id"": ""e_actor"",
                ""expression"": ""salary"",
                ""condition"": {
                  ""or_conditions"": [
                    {
                      ""and_conditions"": [
                        {
                          ""left"": {
                            ""attribute_name"": ""name"",
                            ""of"": ""e_actor""
                          },
                          ""operator"": ""="",
                          ""right"": ""Meryl Streep""
                        },
                        {
                          ""left"": {
                            ""attribute_name"": ""name"",
                            ""of"": ""e_actor""
                          },
                          ""operator"": ""="",
                          ""right"": ""Clint Eastwood""
                        }
                      ]
                    }
                  ]
                }
              }
            }
          ]
        }
      }
    ]
  ]
}
```"
25,Q07,Give me the movies that have an actor with more salary than Meryl Streep and Clint Eastwood together,gemma4:26b,False,0.05,285.180162,True,stop,3359,0.290146,989,283.172226,3.4926,"```json
{
  ""hypotheses_set"": [
    [
      {
        ""id"": ""q1"",
        ""target"": [
          ""e_movie""
        ],
        ""entities"": [
          {
            ""id"": ""e_movie"",
            ""type"": ""Movie""
          },
          {
            ""id"": ""e_actor"",
            ""type"": ""Person""
          },
          {
            ""id"": ""e_streep"",
            ""type"": ""Person""
          },
          {
            ""id"": ""e_eastwood"",
            ""type"": ""Person""
          }
        ],
        ""relationships"": [
          {
            ""id"": ""r_acts"",
            ""role"": ""actor"",
            ""from"": ""e_actor"",
            ""to"": ""e_movie""
          },
          {
            ""id"": ""r_streep_salary"",
            ""role"": ""has_salary"",
            ""from"": ""e_streep"",
            ""to"": ""e_actor""
          },
          {
            ""id"": ""r_eastwood_salary"",
            ""role"": ""has_salary"",
            ""from"": ""e_eastwood"",
            ""to"": ""e_actor""
          }
        ],
        ""constraint"": {
          ""and_conditions"": [
            {
              ""left"": {
                ""attribute_name"": ""salary"",
                ""of"": ""e_actor""
              },
              ""operator"": "">"",
              ""right"": {
                ""summation_id"": ""e_actor"",
                ""expression"": ""salary"",
                ""condition"": {
                  ""or_conditions"": [
                    {
                      ""and_conditions"": [
                        {
                          ""left"": {
                            ""attribute_name"": ""name"",
                            ""of"": ""e_streep""
                          },
                          ""operator"": ""="",
                          ""right"": ""Meryl Streep""
                        },
                        {
                          ""left"": {
                            ""attribute_name"": ""name"",
                            ""of"": ""e_eastwood""
                          },
                          ""operator"": ""="",
                          ""right"": ""Clint Eastwood""
                        }
                      ]
                    }
                  ]
                }
              }
            }
          ]
        }
      }
    ],
    [
      {
        ""id"": ""q1"",
        ""target"": [
          ""e_movie""
        ],
        ""entities"": [
          {
            ""id"": ""e_movie"",
            ""type"": ""Movie""
          },
          {
            ""id"": ""e_actor"",
            ""type"": ""Person""
          },
          {
            ""id"": ""e_streep"",
            ""type"": ""Person""
          },
          {
            ""id"": ""e_eastwood"",
            ""type"": ""Person""
          }
        ],
        ""relationships"": [
          {
            ""id"": ""r_acts"",
            ""role"": ""actor"",
            ""from"": ""e_actor"",
            ""to"": ""e_movie""
          }
        ],
        ""constraint"": {
          ""and_conditions"": [
            ""r_acts"",
            {
              ""left"": {
                ""attribute_name"": ""salary"",
                ""of"": ""e_actor""
              },
              ""operator"": "">"",
              ""right"": {
                ""summation_id"": ""e_actor"",
                ""expression"": ""salary"",
                ""condition"": {
                  ""or_conditions"": [
                    {
                      ""and_conditions"": [
                        {
                          ""left"": {
                            ""attribute_name"": ""name"",
                            ""of"": ""e_actor""
                          },
                          ""operator"": ""="",
                          ""right"": ""Meryl Streep""
                        },
                        {
                          ""left"": {
                            ""attribute_name"": ""name"",
                            ""of"": ""e_actor""
                          },
                          ""operator"": ""="",
                          ""right"": ""Clint Eastwood""
                        }
                      ]
                    }
                  ]
                }
              }
            }
          ]
        }
      }
    ]
  ]
}
```"
26,Q07,Give me the movies that have an actor with more salary than Meryl Streep and Clint Eastwood together,gemma4:26b,False,0.05,285.40569,True,stop,3359,0.282472,989,283.360691,3.4903,"```json
{
  ""hypotheses_set"": [
    [
      {
        ""id"": ""q1"",
        ""target"": [
          ""e_movie""
        ],
        ""entities"": [
          {
            ""id"": ""e_movie"",
            ""type"": ""Movie""
          },
          {
            ""id"": ""e_actor"",
            ""type"": ""Person""
          },
          {
            ""id"": ""e_streep"",
            ""type"": ""Person""
          },
          {
            ""id"": ""e_eastwood"",
            ""type"": ""Person""
          }
        ],
        ""relationships"": [
          {
            ""id"": ""r_acts"",
            ""role"": ""actor"",
            ""from"": ""e_actor"",
            ""to"": ""e_movie""
          },
          {
            ""id"": ""r_streep_salary"",
            ""role"": ""has_salary"",
            ""from"": ""e_streep"",
            ""to"": ""e_actor""
          },
          {
            ""id"": ""r_eastwood_salary"",
            ""role"": ""has_salary"",
            ""from"": ""e_eastwood"",
            ""to"": ""e_actor""
          }
        ],
        ""constraint"": {
          ""and_conditions"": [
            {
              ""left"": {
                ""attribute_name"": ""salary"",
                ""of"": ""e_actor""
              },
              ""operator"": "">"",
              ""right"": {
                ""summation_id"": ""e_actor"",
                ""expression"": ""salary"",
                ""condition"": {
                  ""or_conditions"": [
                    {
                      ""and_conditions"": [
                        {
                          ""left"": {
                            ""attribute_name"": ""name"",
                            ""of"": ""e_streep""
                          },
                          ""operator"": ""="",
                          ""right"": ""Meryl Streep""
                        },
                        {
                          ""left"": {
                            ""attribute_name"": ""name"",
                            ""of"": ""e_eastwood""
                          },
                          ""operator"": ""="",
                          ""right"": ""Clint Eastwood""
                        }
                      ]
                    }
                  ]
                }
              }
            }
          ]
        }
      }
    ],
    [
      {
        ""id"": ""q1"",
        ""target"": [
          ""e_movie""
        ],
        ""entities"": [
          {
            ""id"": ""e_movie"",
            ""type"": ""Movie""
          },
          {
            ""id"": ""e_actor"",
            ""type"": ""Person""
          },
          {
            ""id"": ""e_streep"",
            ""type"": ""Person""
          },
          {
            ""id"": ""e_eastwood"",
            ""type"": ""Person""
          }
        ],
        ""relationships"": [
          {
            ""id"": ""r_acts"",
            ""role"": ""actor"",
            ""from"": ""e_actor"",
            ""to"": ""e_movie""
          }
        ],
        ""constraint"": {
          ""and_conditions"": [
            ""r_acts"",
            {
              ""left"": {
                ""attribute_name"": ""salary"",
                ""of"": ""e_actor""
              },
              ""operator"": "">"",
              ""right"": {
                ""summation_id"": ""e_actor"",
                ""expression"": ""salary"",
                ""condition"": {
                  ""or_conditions"": [
                    {
                      ""and_conditions"": [
                        {
                          ""left"": {
                            ""attribute_name"": ""name"",
                            ""of"": ""e_actor""
                          },
                          ""operator"": ""="",
                          ""right"": ""Meryl Streep""
                        },
                        {
                          ""left"": {
                            ""attribute_name"": ""name"",
                            ""of"": ""e_actor""
                          },
                          ""operator"": ""="",
                          ""right"": ""Clint Eastwood""
                        }
                      ]
                    }
                  ]
                }
              }
            }
          ]
        }
      }
    ]
  ]
}
```"
27,Q07,Give me the movies that have an actor with more salary than Meryl Streep and Clint Eastwood together,gemma4:26b,False,0.05,285.41685,True,stop,3359,0.287675,989,283.368553,3.4902,"```json
{
  ""hypotheses_set"": [
    [
      {
        ""id"": ""q1"",
        ""target"": [
          ""e_movie""
        ],
        ""entities"": [
          {
            ""id"": ""e_movie"",
            ""type"": ""Movie""
          },
          {
            ""id"": ""e_actor"",
            ""type"": ""Person""
          },
          {
            ""id"": ""e_streep"",
            ""type"": ""Person""
          },
          {
            ""id"": ""e_eastwood"",
            ""type"": ""Person""
          }
        ],
        ""relationships"": [
          {
            ""id"": ""r_acts"",
            ""role"": ""actor"",
            ""from"": ""e_actor"",
            ""to"": ""e_movie""
          },
          {
            ""id"": ""r_streep_salary"",
            ""role"": ""has_salary"",
            ""from"": ""e_streep"",
            ""to"": ""e_actor""
          },
          {
            ""id"": ""r_eastwood_salary"",
            ""role"": ""has_salary"",
            ""from"": ""e_eastwood"",
            ""to"": ""e_actor""
          }
        ],
        ""constraint"": {
          ""and_conditions"": [
            {
              ""left"": {
                ""attribute_name"": ""salary"",
                ""of"": ""e_actor""
              },
              ""operator"": "">"",
              ""right"": {
                ""summation_id"": ""e_actor"",
                ""expression"": ""salary"",
                ""condition"": {
                  ""or_conditions"": [
                    {
                      ""and_conditions"": [
                        {
                          ""left"": {
                            ""attribute_name"": ""name"",
                            ""of"": ""e_streep""
                          },
                          ""operator"": ""="",
                          ""right"": ""Meryl Streep""
                        },
                        {
                          ""left"": {
                            ""attribute_name"": ""name"",
                            ""of"": ""e_eastwood""
                          },
                          ""operator"": ""="",
                          ""right"": ""Clint Eastwood""
                        }
                      ]
                    }
                  ]
                }
              }
            }
          ]
        }
      }
    ],
    [
      {
        ""id"": ""q1"",
        ""target"": [
          ""e_movie""
        ],
        ""entities"": [
          {
            ""id"": ""e_movie"",
            ""type"": ""Movie""
          },
          {
            ""id"": ""e_actor"",
            ""type"": ""Person""
          },
          {
            ""id"": ""e_streep"",
            ""type"": ""Person""
          },
          {
            ""id"": ""e_eastwood"",
            ""type"": ""Person""
          }
        ],
        ""relationships"": [
          {
            ""id"": ""r_acts"",
            ""role"": ""actor"",
            ""from"": ""e_actor"",
            ""to"": ""e_movie""
          }
        ],
        ""constraint"": {
          ""and_conditions"": [
            ""r_acts"",
            {
              ""left"": {
                ""attribute_name"": ""salary"",
                ""of"": ""e_actor""
              },
              ""operator"": "">"",
              ""right"": {
                ""summation_id"": ""e_actor"",
                ""expression"": ""salary"",
                ""condition"": {
                  ""or_conditions"": [
                    {
                      ""and_conditions"": [
                        {
                          ""left"": {
                            ""attribute_name"": ""name"",
                            ""of"": ""e_actor""
                          },
                          ""operator"": ""="",
                          ""right"": ""Meryl Streep""
                        },
                        {
                          ""left"": {
                            ""attribute_name"": ""name"",
                            ""of"": ""e_actor""
                          },
                          ""operator"": ""="",
                          ""right"": ""Clint Eastwood""
                        }
                      ]
                    }
                  ]
                }
              }
            }
          ]
        }
      }
    ]
  ]
}
```"
28,Q07,Give me the movies that have an actor with more salary than Meryl Streep and Clint Eastwood together,gemma4:26b,False,0.05,285.38963,True,stop,3359,0.287072,989,283.318928,3.4908,"```json
{
  ""hypotheses_set"": [
    [
      {
        ""id"": ""q1"",
        ""target"": [
          ""e_movie""
        ],
        ""entities"": [
          {
            ""id"": ""e_movie"",
            ""type"": ""Movie""
          },
          {
            ""id"": ""e_actor"",
            ""type"": ""Person""
          },
          {
            ""id"": ""e_streep"",
            ""type"": ""Person""
          },
          {
            ""id"": ""e_eastwood"",
            ""type"": ""Person""
          }
        ],
        ""relationships"": [
          {
            ""id"": ""r_acts"",
            ""role"": ""actor"",
            ""from"": ""e_actor"",
            ""to"": ""e_movie""
          },
          {
            ""id"": ""r_streep_salary"",
            ""role"": ""has_salary"",
            ""from"": ""e_streep"",
            ""to"": ""e_actor""
          },
          {
            ""id"": ""r_eastwood_salary"",
            ""role"": ""has_salary"",
            ""from"": ""e_eastwood"",
            ""to"": ""e_actor""
          }
        ],
        ""constraint"": {
          ""and_conditions"": [
            {
              ""left"": {
                ""attribute_name"": ""salary"",
                ""of"": ""e_actor""
              },
              ""operator"": "">"",
              ""right"": {
                ""summation_id"": ""e_actor"",
                ""expression"": ""salary"",
                ""condition"": {
                  ""or_conditions"": [
                    {
                      ""and_conditions"": [
                        {
                          ""left"": {
                            ""attribute_name"": ""name"",
                            ""of"": ""e_streep""
                          },
                          ""operator"": ""="",
                          ""right"": ""Meryl Streep""
                        },
                        {
                          ""left"": {
                            ""attribute_name"": ""name"",
                            ""of"": ""e_eastwood""
                          },
                          ""operator"": ""="",
                          ""right"": ""Clint Eastwood""
                        }
                      ]
                    }
                  ]
                }
              }
            }
          ]
        }
      }
    ],
    [
      {
        ""id"": ""q1"",
        ""target"": [
          ""e_movie""
        ],
        ""entities"": [
          {
            ""id"": ""e_movie"",
            ""type"": ""Movie""
          },
          {
            ""id"": ""e_actor"",
            ""type"": ""Person""
          },
          {
            ""id"": ""e_streep"",
            ""type"": ""Person""
          },
          {
            ""id"": ""e_eastwood"",
            ""type"": ""Person""
          }
        ],
        ""relationships"": [
          {
            ""id"": ""r_acts"",
            ""role"": ""actor"",
            ""from"": ""e_actor"",
            ""to"": ""e_movie""
          }
        ],
        ""constraint"": {
          ""and_conditions"": [
            ""r_acts"",
            {
              ""left"": {
                ""attribute_name"": ""salary"",
                ""of"": ""e_actor""
              },
              ""operator"": "">"",
              ""right"": {
                ""summation_id"": ""e_actor"",
                ""expression"": ""salary"",
                ""condition"": {
                  ""or_conditions"": [
                    {
                      ""and_conditions"": [
                        {
                          ""left"": {
                            ""attribute_name"": ""name"",
                            ""of"": ""e_actor""
                          },
                          ""operator"": ""="",
                          ""right"": ""Meryl Streep""
                        },
                        {
                          ""left"": {
                            ""attribute_name"": ""name"",
                            ""of"": ""e_actor""
                          },
                          ""operator"": ""="",
                          ""right"": ""Clint Eastwood""
                        }
                      ]
                    }
                  ]
                }
              }
            }
          ]
        }
      }
    ]
  ]
}
```"
29,Q07,Give me the movies that have an actor with more salary than Meryl Streep and Clint Eastwood together,gemma4:26b,False,0.05,285.307659,True,stop,3359,0.288384,989,283.238103,3.4918,"```json
{
  ""hypotheses_set"": [
    [
      {
        ""id"": ""q1"",
        ""target"": [
          ""e_movie""
        ],
        ""entities"": [
          {
            ""id"": ""e_movie"",
            ""type"": ""Movie""
          },
          {
            ""id"": ""e_actor"",
            ""type"": ""Person""
          },
          {
            ""id"": ""e_streep"",
            ""type"": ""Person""
          },
          {
            ""id"": ""e_eastwood"",
            ""type"": ""Person""
          }
        ],
        ""relationships"": [
          {
            ""id"": ""r_acts"",
            ""role"": ""actor"",
            ""from"": ""e_actor"",
            ""to"": ""e_movie""
          },
          {
            ""id"": ""r_streep_salary"",
            ""role"": ""has_salary"",
            ""from"": ""e_streep"",
            ""to"": ""e_actor""
          },
          {
            ""id"": ""r_eastwood_salary"",
            ""role"": ""has_salary"",
            ""from"": ""e_eastwood"",
            ""to"": ""e_actor""
          }
        ],
        ""constraint"": {
          ""and_conditions"": [
            {
              ""left"": {
                ""attribute_name"": ""salary"",
                ""of"": ""e_actor""
              },
              ""operator"": "">"",
              ""right"": {
                ""summation_id"": ""e_actor"",
                ""expression"": ""salary"",
                ""condition"": {
                  ""or_conditions"": [
                    {
                      ""and_conditions"": [
                        {
                          ""left"": {
                            ""attribute_name"": ""name"",
                            ""of"": ""e_streep""
                          },
                          ""operator"": ""="",
                          ""right"": ""Meryl Streep""
                        },
                        {
                          ""left"": {
                            ""attribute_name"": ""name"",
                            ""of"": ""e_eastwood""
                          },
                          ""operator"": ""="",
                          ""right"": ""Clint Eastwood""
                        }
                      ]
                    }
                  ]
                }
              }
            }
          ]
        }
      }
    ],
    [
      {
        ""id"": ""q1"",
        ""target"": [
          ""e_movie""
        ],
        ""entities"": [
          {
            ""id"": ""e_movie"",
            ""type"": ""Movie""
          },
          {
            ""id"": ""e_actor"",
            ""type"": ""Person""
          },
          {
            ""id"": ""e_streep"",
            ""type"": ""Person""
          },
          {
            ""id"": ""e_eastwood"",
            ""type"": ""Person""
          }
        ],
        ""relationships"": [
          {
            ""id"": ""r_acts"",
            ""role"": ""actor"",
            ""from"": ""e_actor"",
            ""to"": ""e_movie""
          }
        ],
        ""constraint"": {
          ""and_conditions"": [
            ""r_acts"",
            {
              ""left"": {
                ""attribute_name"": ""salary"",
                ""of"": ""e_actor""
              },
              ""operator"": "">"",
              ""right"": {
                ""summation_id"": ""e_actor"",
                ""expression"": ""salary"",
                ""condition"": {
                  ""or_conditions"": [
                    {
                      ""and_conditions"": [
                        {
                          ""left"": {
                            ""attribute_name"": ""name"",
                            ""of"": ""e_actor""
                          },
                          ""operator"": ""="",
                          ""right"": ""Meryl Streep""
                        },
                        {
                          ""left"": {
                            ""attribute_name"": ""name"",
                            ""of"": ""e_actor""
                          },
                          ""operator"": ""="",
                          ""right"": ""Clint Eastwood""
                        }
                      ]
                    }
                  ]
                }
              }
            }
          ]
        }
      }
    ]
  ]
}
```"
30,Q07,Give me the movies that have an actor with more salary than Meryl Streep and Clint Eastwood together,gemma4:26b,False,0.05,285.307481,True,stop,3359,0.282205,989,283.235353,3.4918,"```json
{
  ""hypotheses_set"": [
    [
      {
        ""id"": ""q1"",
        ""target"": [
          ""e_movie""
        ],
        ""entities"": [
          {
            ""id"": ""e_movie"",
            ""type"": ""Movie""
          },
          {
            ""id"": ""e_actor"",
            ""type"": ""Person""
          },
          {
            ""id"": ""e_streep"",
            ""type"": ""Person""
          },
          {
            ""id"": ""e_eastwood"",
            ""type"": ""Person""
          }
        ],
        ""relationships"": [
          {
            ""id"": ""r_acts"",
            ""role"": ""actor"",
            ""from"": ""e_actor"",
            ""to"": ""e_movie""
          },
          {
            ""id"": ""r_streep_salary"",
            ""role"": ""has_salary"",
            ""from"": ""e_streep"",
            ""to"": ""e_actor""
          },
          {
            ""id"": ""r_eastwood_salary"",
            ""role"": ""has_salary"",
            ""from"": ""e_eastwood"",
            ""to"": ""e_actor""
          }
        ],
        ""constraint"": {
          ""and_conditions"": [
            {
              ""left"": {
                ""attribute_name"": ""salary"",
                ""of"": ""e_actor""
              },
              ""operator"": "">"",
              ""right"": {
                ""summation_id"": ""e_actor"",
                ""expression"": ""salary"",
                ""condition"": {
                  ""or_conditions"": [
                    {
                      ""and_conditions"": [
                        {
                          ""left"": {
                            ""attribute_name"": ""name"",
                            ""of"": ""e_streep""
                          },
                          ""operator"": ""="",
                          ""right"": ""Meryl Streep""
                        },
                        {
                          ""left"": {
                            ""attribute_name"": ""name"",
                            ""of"": ""e_eastwood""
                          },
                          ""operator"": ""="",
                          ""right"": ""Clint Eastwood""
                        }
                      ]
                    }
                  ]
                }
              }
            }
          ]
        }
      }
    ],
    [
      {
        ""id"": ""q1"",
        ""target"": [
          ""e_movie""
        ],
        ""entities"": [
          {
            ""id"": ""e_movie"",
            ""type"": ""Movie""
          },
          {
            ""id"": ""e_actor"",
            ""type"": ""Person""
          },
          {
            ""id"": ""e_streep"",
            ""type"": ""Person""
          },
          {
            ""id"": ""e_eastwood"",
            ""type"": ""Person""
          }
        ],
        ""relationships"": [
          {
            ""id"": ""r_acts"",
            ""role"": ""actor"",
            ""from"": ""e_actor"",
            ""to"": ""e_movie""
          }
        ],
        ""constraint"": {
          ""and_conditions"": [
            ""r_acts"",
            {
              ""left"": {
                ""attribute_name"": ""salary"",
                ""of"": ""e_actor""
              },
              ""operator"": "">"",
              ""right"": {
                ""summation_id"": ""e_actor"",
                ""expression"": ""salary"",
                ""condition"": {
                  ""or_conditions"": [
                    {
                      ""and_conditions"": [
                        {
                          ""left"": {
                            ""attribute_name"": ""name"",
                            ""of"": ""e_actor""
                          },
                          ""operator"": ""="",
                          ""right"": ""Meryl Streep""
                        },
                        {
                          ""left"": {
                            ""attribute_name"": ""name"",
                            ""of"": ""e_actor""
                          },
                          ""operator"": ""="",
                          ""right"": ""Clint Eastwood""
                        }
                      ]
                    }
                  ]
                }
              }
            }
          ]
        }
      }
    ]
  ]
}
```"
