2026-10-03 09:31:04 Initializing autoresearch loop. Evaluating baseline prompt...
2026-10-03 09:31:04 Starting validation run on 45 queries x30 runs...
2026-10-03 09:31:04   [1/45] Processing Query Q01...
2026-10-03 09:33:41     Query Q01 Score: 1.00 (avg of 30 runs)
2026-10-03 09:33:41   [2/45] Processing Query Q02...
2026-10-03 09:35:13     Query Q02 Score: 1.00 (avg of 30 runs)
2026-10-03 09:35:13   [3/45] Processing Query Q03...
2026-10-03 09:36:46     Query Q03 Score: 1.00 (avg of 30 runs)
2026-10-03 09:36:46   [4/45] Processing Query Q04...
2026-10-03 09:38:30     Query Q04 Score: 1.00 (avg of 30 runs)
2026-10-03 09:38:30   [5/45] Processing Query Q05...
2026-10-03 09:40:23     Query Q05 Score: 0.40 (avg of 30 runs)
2026-10-03 09:40:23   [6/45] Processing Query Q06...
2026-10-03 09:43:05     Query Q06 Score: 0.99 (avg of 30 runs)
2026-10-03 09:43:05   [7/45] Processing Query Q07...
2026-10-03 09:44:41     Query Q07 Score: 1.00 (avg of 30 runs)
2026-10-03 09:44:41   [8/45] Processing Query Q08...
2026-10-03 09:46:17     Query Q08 Score: 1.00 (avg of 30 runs)
2026-10-03 09:46:17   [9/45] Processing Query Q09...
2026-10-03 09:49:27     Query Q09 Score: 0.40 (avg of 30 runs)
2026-10-03 09:49:27   [10/45] Processing Query Q10...
2026-10-03 09:51:15     Query Q10 Score: 1.00 (avg of 30 runs)
2026-10-03 09:51:15   [11/45] Processing Query Q11...
2026-10-03 09:53:18     Query Q11 Score: 0.40 (avg of 30 runs)
2026-10-03 09:53:18   [12/45] Processing Query Q12...
2026-10-03 09:54:50     Query Q12 Score: 1.00 (avg of 30 runs)
2026-10-03 09:54:50   [13/45] Processing Query Q13...
2026-10-03 09:56:36     Query Q13 Score: 1.00 (avg of 30 runs)
2026-10-03 09:56:36   [14/45] Processing Query Q14...
2026-10-03 09:58:08     Query Q14 Score: 1.00 (avg of 30 runs)
2026-10-03 09:58:08   [15/45] Processing Query Q15...
2026-10-03 10:00:00     Query Q15 Score: 1.00 (avg of 30 runs)
2026-10-03 10:00:00   [16/45] Processing Query Q16...
2026-10-03 10:01:53     Query Q16 Score: 0.80 (avg of 30 runs)
2026-10-03 10:01:53   [17/45] Processing Query Q17...
2026-10-03 10:03:25     Query Q17 Score: 1.00 (avg of 30 runs)
2026-10-03 10:03:25   [18/45] Processing Query Q18...
2026-10-03 10:05:03     Query Q18 Score: 1.00 (avg of 30 runs)
2026-10-03 10:05:03   [19/45] Processing Query Q19...
2026-10-03 10:06:43     Query Q19 Score: 0.60 (avg of 30 runs)
2026-10-03 10:06:43   [20/45] Processing Query Q20...
2026-10-03 10:08:23     Query Q20 Score: 0.90 (avg of 30 runs)
2026-10-03 10:08:23   [21/45] Processing Query Q21...
2026-10-03 10:10:00     Query Q21 Score: 1.00 (avg of 30 runs)
2026-10-03 10:10:00   [22/45] Processing Query Q22...
2026-10-03 10:11:32     Query Q22 Score: 1.00 (avg of 30 runs)
2026-10-03 10:11:32   [23/45] Processing Query Q23...
2026-10-03 10:13:18     Query Q23 Score: 0.50 (avg of 30 runs)
2026-10-03 10:13:18   [24/45] Processing Query Q24...
2026-10-03 10:15:31     Query Q24 Score: 0.99 (avg of 30 runs)
2026-10-03 10:15:31   [25/45] Processing Query Q25...
2026-10-03 10:17:10     Query Q25 Score: 1.00 (avg of 30 runs)
2026-10-03 10:17:10   [26/45] Processing Query Q26...
2026-10-03 10:18:35     Query Q26 Score: 1.00 (avg of 30 runs)
2026-10-03 10:18:35   [27/45] Processing Query Q27...
2026-10-03 10:20:56     Query Q27 Score: 1.00 (avg of 30 runs)
2026-10-03 10:20:56   [28/45] Processing Query Q28...
2026-10-03 10:22:30     Query Q28 Score: 1.00 (avg of 30 runs)
2026-10-03 10:22:30   [29/45] Processing Query Q29...
2026-10-03 10:24:10     Query Q29 Score: 1.00 (avg of 30 runs)
2026-10-03 10:24:10   [30/45] Processing Query Q30...
2026-10-03 10:26:00     Query Q30 Score: 1.00 (avg of 30 runs)
2026-10-03 10:26:00   [31/45] Processing Query Q31...
2026-10-03 10:27:36     Query Q31 Score: 1.00 (avg of 30 runs)
2026-10-03 10:27:36   [32/45] Processing Query Q32...
2026-10-03 10:29:30     Query Q32 Score: 1.00 (avg of 30 runs)
2026-10-03 10:29:30   [33/45] Processing Query Q33...
2026-10-03 10:31:19     Query Q33 Score: 1.00 (avg of 30 runs)
2026-10-03 10:31:19   [34/45] Processing Query Q34...
2026-10-03 10:33:02     Query Q34 Score: 0.95 (avg of 30 runs)
2026-10-03 10:33:02   [35/45] Processing Query Q35...
2026-10-03 10:34:31     Query Q35 Score: 1.00 (avg of 30 runs)
2026-10-03 10:34:31   [36/45] Processing Query Q36...
2026-10-03 10:36:17     Query Q36 Score: 1.00 (avg of 30 runs)
2026-10-03 10:36:17   [37/45] Processing Query Q37...
2026-10-03 10:38:11     Query Q37 Score: 0.76 (avg of 30 runs)
2026-10-03 10:38:11   [38/45] Processing Query Q38...
2026-10-03 10:39:46     Query Q38 Score: 1.00 (avg of 30 runs)
2026-10-03 10:39:46   [39/45] Processing Query Q39...
2026-10-03 10:41:26     Query Q39 Score: 1.00 (avg of 30 runs)
2026-10-03 10:41:26   [40/45] Processing Query Q40...
2026-10-03 10:43:13     Query Q40 Score: 1.00 (avg of 30 runs)
2026-10-03 10:43:13   [41/45] Processing Query Q41...
2026-10-03 10:45:10     Query Q41 Score: 0.50 (avg of 30 runs)
2026-10-03 10:45:10   [42/45] Processing Query Q42...
2026-10-03 10:46:53     Query Q42 Score: 0.90 (avg of 30 runs)
2026-10-03 10:46:53   [43/45] Processing Query Q43...
2026-10-03 10:48:31     Query Q43 Score: 0.50 (avg of 30 runs)
2026-10-03 10:48:31   [44/45] Processing Query Q48...
2026-10-03 10:50:31     Query Q48 Score: 0.81 (avg of 30 runs)
2026-10-03 10:50:31   [45/45] Processing Query Q49...
2026-10-03 10:53:15     Query Q49 Score: 1.00 (avg of 30 runs)
2026-10-03 10:53:15 Saved validation results to /opt/project/autoresearch/archive/run_20261003_093104/outputs/validation_results_iter1_20261003_105315.csv
2026-10-03 10:53:15 Validation run completed. Overall Mean Score: 0.8975
2026-10-03 10:53:15 Baseline established. Score: 0.8975. Logs written to experiments.json.
2026-10-03 10:53:15 
2026-10-03 10:53:15 Entering optimization loop...
2026-10-03 10:53:15 
2026-10-03 10:53:15 =========================================
2026-10-03 10:53:15 STARTING ITERATION #2
2026-10-03 10:53:15 =========================================
2026-10-03 10:53:15 Current Champion Score: 0.8975
2026-10-03 10:53:15 Failing queries to fix: 16
2026-10-03 10:53:15 Calling Optimizer Agent to refine instructions...
2026-10-03 10:58:57 Starting validation run on 45 queries x30 runs...
2026-10-03 10:58:57   [1/45] Processing Query Q01...
2026-10-03 11:01:59     Query Q01 Score: 1.00 (avg of 30 runs)
2026-10-03 11:01:59   [2/45] Processing Query Q02...
2026-10-03 11:03:33     Query Q02 Score: 1.00 (avg of 30 runs)
2026-10-03 11:03:33   [3/45] Processing Query Q03...
2026-10-03 11:05:08     Query Q03 Score: 1.00 (avg of 30 runs)
2026-10-03 11:05:08   [4/45] Processing Query Q04...
2026-10-03 11:06:55     Query Q04 Score: 1.00 (avg of 30 runs)
2026-10-03 11:06:55   [5/45] Processing Query Q05...
2026-10-03 11:08:46     Query Q05 Score: 0.40 (avg of 30 runs)
2026-10-03 11:08:46   [6/45] Processing Query Q06...
2026-10-03 11:10:31     Query Q06 Score: 1.00 (avg of 30 runs)
2026-10-03 11:10:31   [7/45] Processing Query Q07...
2026-10-03 11:12:12     Query Q07 Score: 1.00 (avg of 30 runs)
2026-10-03 11:12:12   [8/45] Processing Query Q08...
2026-10-03 11:13:46     Query Q08 Score: 1.00 (avg of 30 runs)
2026-10-03 11:13:46   [9/45] Processing Query Q09...
2026-10-03 11:16:53     Query Q09 Score: 0.40 (avg of 30 runs)
2026-10-03 11:16:53   [10/45] Processing Query Q10...
2026-10-03 11:18:44     Query Q10 Score: 1.00 (avg of 30 runs)
2026-10-03 11:18:44   [11/45] Processing Query Q11...
2026-10-03 11:20:48     Query Q11 Score: 0.49 (avg of 30 runs)
2026-10-03 11:20:48   [12/45] Processing Query Q12...
2026-10-03 11:22:22     Query Q12 Score: 1.00 (avg of 30 runs)
2026-10-03 11:22:22   [13/45] Processing Query Q13...
2026-10-03 11:24:06     Query Q13 Score: 1.00 (avg of 30 runs)
2026-10-03 11:24:06   [14/45] Processing Query Q14...
2026-10-03 11:25:46     Query Q14 Score: 0.85 (avg of 30 runs)
2026-10-03 11:25:46   [15/45] Processing Query Q15...
2026-10-03 11:27:44     Query Q15 Score: 0.95 (avg of 30 runs)
2026-10-03 11:27:44   [16/45] Processing Query Q16...
2026-10-03 11:29:47     Query Q16 Score: 0.70 (avg of 30 runs)
2026-10-03 11:29:47   [17/45] Processing Query Q17...
2026-10-03 11:31:32     Query Q17 Score: 1.00 (avg of 30 runs)
2026-10-03 11:31:32   [18/45] Processing Query Q18...
2026-10-03 11:33:14     Query Q18 Score: 1.00 (avg of 30 runs)
2026-10-03 11:33:14   [19/45] Processing Query Q19...
2026-10-03 11:34:57     Query Q19 Score: 0.60 (avg of 30 runs)
2026-10-03 11:34:57   [20/45] Processing Query Q20...
2026-10-03 11:36:44     Query Q20 Score: 0.95 (avg of 30 runs)
2026-10-03 11:36:44   [21/45] Processing Query Q21...
2026-10-03 11:38:24     Query Q21 Score: 1.00 (avg of 30 runs)
2026-10-03 11:38:24   [22/45] Processing Query Q22...
2026-10-03 11:39:56     Query Q22 Score: 1.00 (avg of 30 runs)
2026-10-03 11:39:56   [23/45] Processing Query Q23...
2026-10-03 11:46:18     Query Q23 Score: 0.74 (avg of 30 runs)
2026-10-03 11:46:18   [24/45] Processing Query Q24...
2026-10-03 11:48:35     Query Q24 Score: 0.99 (avg of 30 runs)
2026-10-03 11:48:35   [25/45] Processing Query Q25...
2026-10-03 11:50:12     Query Q25 Score: 1.00 (avg of 30 runs)
2026-10-03 11:50:12   [26/45] Processing Query Q26...
2026-10-03 11:51:45     Query Q26 Score: 1.00 (avg of 30 runs)
2026-10-03 11:51:45   [27/45] Processing Query Q27...
2026-10-03 11:54:03     Query Q27 Score: 1.00 (avg of 30 runs)
2026-10-03 11:54:03   [28/45] Processing Query Q28...
2026-10-03 11:55:36     Query Q28 Score: 1.00 (avg of 30 runs)
2026-10-03 11:55:36   [29/45] Processing Query Q29...
2026-10-03 11:57:19     Query Q29 Score: 1.00 (avg of 30 runs)
2026-10-03 11:57:19   [30/45] Processing Query Q30...
2026-10-03 11:59:08     Query Q30 Score: 1.00 (avg of 30 runs)
2026-10-03 11:59:08   [31/45] Processing Query Q31...
2026-10-03 12:00:39     Query Q31 Score: 0.60 (avg of 30 runs)
2026-10-03 12:00:39   [32/45] Processing Query Q32...
2026-10-03 12:02:26     Query Q32 Score: 1.00 (avg of 30 runs)
2026-10-03 12:02:26   [33/45] Processing Query Q33...
2026-10-03 12:04:32     Query Q33 Score: 0.95 (avg of 30 runs)
2026-10-03 12:04:32   [34/45] Processing Query Q34...
2026-10-03 12:06:15     Query Q34 Score: 0.95 (avg of 30 runs)
2026-10-03 12:06:15   [35/45] Processing Query Q35...
2026-10-03 12:07:45     Query Q35 Score: 1.00 (avg of 30 runs)
2026-10-03 12:07:45   [36/45] Processing Query Q36...
2026-10-03 12:09:41     Query Q36 Score: 0.95 (avg of 30 runs)
2026-10-03 12:09:41   [37/45] Processing Query Q37...
2026-10-03 12:11:35     Query Q37 Score: 1.00 (avg of 30 runs)
2026-10-03 12:11:35   [38/45] Processing Query Q38...
2026-10-03 12:13:09     Query Q38 Score: 1.00 (avg of 30 runs)
2026-10-03 12:13:09   [39/45] Processing Query Q39...
2026-10-03 12:14:53     Query Q39 Score: 1.00 (avg of 30 runs)
2026-10-03 12:14:53   [40/45] Processing Query Q40...
2026-10-03 12:16:38     Query Q40 Score: 1.00 (avg of 30 runs)
2026-10-03 12:16:38   [41/45] Processing Query Q41...
2026-10-03 12:18:39     Query Q41 Score: 0.51 (avg of 30 runs)
2026-10-03 12:18:39   [42/45] Processing Query Q42...
2026-10-03 12:20:16     Query Q42 Score: 0.70 (avg of 30 runs)
2026-10-03 12:20:16   [43/45] Processing Query Q43...
2026-10-03 12:22:05     Query Q43 Score: 0.95 (avg of 30 runs)
2026-10-03 12:22:05   [44/45] Processing Query Q48...
2026-10-03 12:24:03     Query Q48 Score: 1.00 (avg of 30 runs)
2026-10-03 12:24:03   [45/45] Processing Query Q49...
2026-10-03 12:26:09     Query Q49 Score: 0.75 (avg of 30 runs)
2026-10-03 12:26:10 Saved validation results to /opt/project/autoresearch/archive/run_20261003_093104/outputs/validation_results_iter2_20261003_122609.csv
2026-10-03 12:26:10 Validation run completed. Overall Mean Score: 0.8985
2026-10-03 12:26:10 Candidate Score: 0.8985 (Delta: +0.0010)
2026-10-03 12:26:10 >>> SUCCESS: Score improved! Saving new champion prompt.
2026-10-03 12:26:10 Iteration #2 logged successfully to experiments.json.
2026-10-03 12:26:10 
2026-10-03 12:26:10 =========================================
2026-10-03 12:26:10 STARTING ITERATION #3
2026-10-03 12:26:10 =========================================
2026-10-03 12:26:10 Current Champion Score: 0.8985
2026-10-03 12:26:10 Failing queries to fix: 20
2026-10-03 12:26:10 Calling Optimizer Agent to refine instructions...
2026-10-03 12:32:04 Starting validation run on 45 queries x30 runs...
2026-10-03 12:32:04   [1/45] Processing Query Q01...
2026-10-03 12:35:16     Query Q01 Score: 1.00 (avg of 30 runs)
2026-10-03 12:35:16   [2/45] Processing Query Q02...
2026-10-03 12:36:54     Query Q02 Score: 1.00 (avg of 30 runs)
2026-10-03 12:36:54   [3/45] Processing Query Q03...
2026-10-03 12:38:29     Query Q03 Score: 1.00 (avg of 30 runs)
2026-10-03 12:38:29   [4/45] Processing Query Q04...
2026-10-03 12:40:14     Query Q04 Score: 1.00 (avg of 30 runs)
2026-10-03 12:40:14   [5/45] Processing Query Q05...
2026-10-03 12:42:21     Query Q05 Score: 0.41 (avg of 30 runs)
2026-10-03 12:42:21   [6/45] Processing Query Q06...
2026-10-03 12:44:12     Query Q06 Score: 1.00 (avg of 30 runs)
2026-10-03 12:44:12   [7/45] Processing Query Q07...
2026-10-03 12:45:53     Query Q07 Score: 1.00 (avg of 30 runs)
2026-10-03 12:45:53   [8/45] Processing Query Q08...
2026-10-03 12:47:28     Query Q08 Score: 1.00 (avg of 30 runs)
2026-10-03 12:47:28   [9/45] Processing Query Q09...
2026-10-03 12:51:29     Query Q09 Score: 0.40 (avg of 30 runs)
2026-10-03 12:51:29   [10/45] Processing Query Q10...
2026-10-03 12:53:29     Query Q10 Score: 1.00 (avg of 30 runs)
2026-10-03 12:53:29   [11/45] Processing Query Q11...
2026-10-03 12:55:30     Query Q11 Score: 0.40 (avg of 30 runs)
2026-10-03 12:55:30   [12/45] Processing Query Q12...
2026-10-03 12:57:04     Query Q12 Score: 1.00 (avg of 30 runs)
2026-10-03 12:57:04   [13/45] Processing Query Q13...
2026-10-03 12:59:00     Query Q13 Score: 0.50 (avg of 30 runs)
2026-10-03 12:59:00   [14/45] Processing Query Q14...
2026-10-03 13:00:39     Query Q14 Score: 0.95 (avg of 30 runs)
2026-10-03 13:00:39   [15/45] Processing Query Q15...
2026-10-03 13:02:41     Query Q15 Score: 1.00 (avg of 30 runs)
2026-10-03 13:02:41   [16/45] Processing Query Q16...
2026-10-03 13:04:39     Query Q16 Score: 0.80 (avg of 30 runs)
2026-10-03 13:04:39   [17/45] Processing Query Q17...
2026-10-03 13:06:19     Query Q17 Score: 1.00 (avg of 30 runs)
2026-10-03 13:06:19   [18/45] Processing Query Q18...
2026-10-03 13:08:02     Query Q18 Score: 1.00 (avg of 30 runs)
2026-10-03 13:08:02   [19/45] Processing Query Q19...
2026-10-03 13:09:48     Query Q19 Score: 0.60 (avg of 30 runs)
2026-10-03 13:09:48   [20/45] Processing Query Q20...
2026-10-03 13:11:33     Query Q20 Score: 0.90 (avg of 30 runs)
2026-10-03 13:11:33   [21/45] Processing Query Q21...
2026-10-03 13:13:14     Query Q21 Score: 1.00 (avg of 30 runs)
2026-10-03 13:13:14   [22/45] Processing Query Q22...
2026-10-03 13:14:48     Query Q22 Score: 1.00 (avg of 30 runs)
2026-10-03 13:14:48   [23/45] Processing Query Q23...
2026-10-03 13:19:02     Query Q23 Score: 0.60 (avg of 30 runs)
2026-10-03 13:19:02   [24/45] Processing Query Q24...
2026-10-03 13:21:22     Query Q24 Score: 1.00 (avg of 30 runs)
2026-10-03 13:21:22   [25/45] Processing Query Q25...
2026-10-03 13:23:02     Query Q25 Score: 1.00 (avg of 30 runs)
2026-10-03 13:23:02   [26/45] Processing Query Q26...
2026-10-03 13:24:29     Query Q26 Score: 1.00 (avg of 30 runs)
2026-10-03 13:24:29   [27/45] Processing Query Q27...
2026-10-03 13:26:45     Query Q27 Score: 0.99 (avg of 30 runs)
2026-10-03 13:26:45   [28/45] Processing Query Q28...
2026-10-03 13:28:21     Query Q28 Score: 1.00 (avg of 30 runs)
2026-10-03 13:28:21   [29/45] Processing Query Q29...
2026-10-03 13:30:00     Query Q29 Score: 1.00 (avg of 30 runs)
2026-10-03 13:30:00   [30/45] Processing Query Q30...
2026-10-03 13:31:44     Query Q30 Score: 1.00 (avg of 30 runs)
2026-10-03 13:31:44   [31/45] Processing Query Q31...
2026-10-03 13:33:16     Query Q31 Score: 1.00 (avg of 30 runs)
2026-10-03 13:33:16   [32/45] Processing Query Q32...
2026-10-03 13:35:01     Query Q32 Score: 1.00 (avg of 30 runs)
2026-10-03 13:35:01   [33/45] Processing Query Q33...
2026-10-03 13:37:05     Query Q33 Score: 0.60 (avg of 30 runs)
2026-10-03 13:37:05   [34/45] Processing Query Q34...
2026-10-03 13:38:51     Query Q34 Score: 0.95 (avg of 30 runs)
2026-10-03 13:38:51   [35/45] Processing Query Q35...
2026-10-03 13:40:23     Query Q35 Score: 1.00 (avg of 30 runs)
2026-10-03 13:40:23   [36/45] Processing Query Q36...
2026-10-03 13:42:15     Query Q36 Score: 1.00 (avg of 30 runs)
2026-10-03 13:42:15   [37/45] Processing Query Q37...
2026-10-03 13:44:07     Query Q37 Score: 0.95 (avg of 30 runs)
2026-10-03 13:44:07   [38/45] Processing Query Q38...
2026-10-03 13:45:41     Query Q38 Score: 1.00 (avg of 30 runs)
2026-10-03 13:45:41   [39/45] Processing Query Q39...
2026-10-03 13:47:25     Query Q39 Score: 1.00 (avg of 30 runs)
2026-10-03 13:47:25   [40/45] Processing Query Q40...
2026-10-03 13:49:12     Query Q40 Score: 1.00 (avg of 30 runs)
2026-10-03 13:49:12   [41/45] Processing Query Q41...
2026-10-03 13:51:15     Query Q41 Score: 0.93 (avg of 30 runs)
2026-10-03 13:51:15   [42/45] Processing Query Q42...
2026-10-03 13:53:02     Query Q42 Score: 1.00 (avg of 30 runs)
2026-10-03 13:53:02   [43/45] Processing Query Q43...
2026-10-03 13:54:48     Query Q43 Score: 0.50 (avg of 30 runs)
2026-10-03 13:54:48   [44/45] Processing Query Q48...
2026-10-03 13:56:48     Query Q48 Score: 1.00 (avg of 30 runs)
2026-10-03 13:56:48   [45/45] Processing Query Q49...
2026-10-03 14:01:19     Query Q49 Score: 0.99 (avg of 30 runs)
2026-10-03 14:01:19 Saved validation results to /opt/project/autoresearch/archive/run_20261003_093104/outputs/validation_results_iter3_20261003_140119.csv
2026-10-03 14:01:19 Validation run completed. Overall Mean Score: 0.8993
2026-10-03 14:01:19 Candidate Score: 0.8993 (Delta: +0.0008)
2026-10-03 14:01:19 >>> SUCCESS: Score improved! Saving new champion prompt.
2026-10-03 14:01:19 Iteration #3 logged successfully to experiments.json.
2026-10-03 14:01:19 
2026-10-03 14:01:19 =========================================
2026-10-03 14:01:19 STARTING ITERATION #4
2026-10-03 14:01:19 =========================================
2026-10-03 14:01:19 Current Champion Score: 0.8993
2026-10-03 14:01:19 Failing queries to fix: 18
2026-10-03 14:01:19 Calling Optimizer Agent to refine instructions...
2026-10-03 14:07:04 Starting validation run on 45 queries x30 runs...
2026-10-03 14:07:04   [1/45] Processing Query Q01...
2026-10-03 14:10:17     Query Q01 Score: 1.00 (avg of 30 runs)
2026-10-03 14:10:17   [2/45] Processing Query Q02...
2026-10-03 14:11:53     Query Q02 Score: 1.00 (avg of 30 runs)
2026-10-03 14:11:53   [3/45] Processing Query Q03...
2026-10-03 14:13:29     Query Q03 Score: 1.00 (avg of 30 runs)
2026-10-03 14:13:29   [4/45] Processing Query Q04...
2026-10-03 14:15:15     Query Q04 Score: 1.00 (avg of 30 runs)
2026-10-03 14:15:15   [5/45] Processing Query Q05...
2026-10-03 14:17:19     Query Q05 Score: 0.80 (avg of 30 runs)
2026-10-03 14:17:19   [6/45] Processing Query Q06...
2026-10-03 14:19:07     Query Q06 Score: 1.00 (avg of 30 runs)
2026-10-03 14:19:07   [7/45] Processing Query Q07...
2026-10-03 14:20:48     Query Q07 Score: 1.00 (avg of 30 runs)
2026-10-03 14:20:48   [8/45] Processing Query Q08...
2026-10-03 14:22:21     Query Q08 Score: 1.00 (avg of 30 runs)
2026-10-03 14:22:21   [9/45] Processing Query Q09...
2026-10-03 14:25:59     Query Q09 Score: 0.40 (avg of 30 runs)
2026-10-03 14:25:59   [10/45] Processing Query Q10...
2026-10-03 14:27:52     Query Q10 Score: 1.00 (avg of 30 runs)
2026-10-03 14:27:52   [11/45] Processing Query Q11...
2026-10-03 14:29:55     Query Q11 Score: 0.40 (avg of 30 runs)
2026-10-03 14:29:55   [12/45] Processing Query Q12...
2026-10-03 14:31:29     Query Q12 Score: 1.00 (avg of 30 runs)
2026-10-03 14:31:29   [13/45] Processing Query Q13...
2026-10-03 14:33:29     Query Q13 Score: 0.40 (avg of 30 runs)
2026-10-03 14:33:29   [14/45] Processing Query Q14...
2026-10-03 14:35:08     Query Q14 Score: 1.00 (avg of 30 runs)
2026-10-03 14:35:08   [15/45] Processing Query Q15...
2026-10-03 14:37:11     Query Q15 Score: 1.00 (avg of 30 runs)
2026-10-03 14:37:11   [16/45] Processing Query Q16...
2026-10-03 14:39:10     Query Q16 Score: 0.80 (avg of 30 runs)
2026-10-03 14:39:10   [17/45] Processing Query Q17...
2026-10-03 14:40:51     Query Q17 Score: 1.00 (avg of 30 runs)
2026-10-03 14:40:51   [18/45] Processing Query Q18...
2026-10-03 14:42:38     Query Q18 Score: 1.00 (avg of 30 runs)
2026-10-03 14:42:38   [19/45] Processing Query Q19...
2026-10-03 14:44:30     Query Q19 Score: 0.60 (avg of 30 runs)
2026-10-03 14:44:30   [20/45] Processing Query Q20...
2026-10-03 14:46:20     Query Q20 Score: 1.00 (avg of 30 runs)
2026-10-03 14:46:20   [21/45] Processing Query Q21...
2026-10-03 14:48:04     Query Q21 Score: 1.00 (avg of 30 runs)
2026-10-03 14:48:04   [22/45] Processing Query Q22...
2026-10-03 14:49:39     Query Q22 Score: 1.00 (avg of 30 runs)
2026-10-03 14:49:39   [23/45] Processing Query Q23...
2026-10-03 14:55:46     Query Q23 Score: 0.89 (avg of 30 runs)
2026-10-03 14:55:46   [24/45] Processing Query Q24...
2026-10-03 14:57:21     Query Q24 Score: 1.00 (avg of 30 runs)
2026-10-03 14:57:21   [25/45] Processing Query Q25...
2026-10-03 14:58:59     Query Q25 Score: 1.00 (avg of 30 runs)
2026-10-03 14:58:59   [26/45] Processing Query Q26...
2026-10-03 15:00:26     Query Q26 Score: 1.00 (avg of 30 runs)
2026-10-03 15:00:26   [27/45] Processing Query Q27...
2026-10-03 15:02:50     Query Q27 Score: 1.00 (avg of 30 runs)
2026-10-03 15:02:50   [28/45] Processing Query Q28...
2026-10-03 15:04:24     Query Q28 Score: 1.00 (avg of 30 runs)
2026-10-03 15:04:24   [29/45] Processing Query Q29...
2026-10-03 15:05:59     Query Q29 Score: 1.00 (avg of 30 runs)
2026-10-03 15:05:59   [30/45] Processing Query Q30...
2026-10-03 15:07:47     Query Q30 Score: 1.00 (avg of 30 runs)
2026-10-03 15:07:47   [31/45] Processing Query Q31...
2026-10-03 15:09:20     Query Q31 Score: 1.00 (avg of 30 runs)
2026-10-03 15:09:20   [32/45] Processing Query Q32...
2026-10-03 15:11:14     Query Q32 Score: 1.00 (avg of 30 runs)
2026-10-03 15:11:14   [33/45] Processing Query Q33...
2026-10-03 15:13:20     Query Q33 Score: 0.60 (avg of 30 runs)
2026-10-03 15:13:20   [34/45] Processing Query Q34...
2026-10-03 15:15:03     Query Q34 Score: 1.00 (avg of 30 runs)
2026-10-03 15:15:03   [35/45] Processing Query Q35...
2026-10-03 15:16:34     Query Q35 Score: 1.00 (avg of 30 runs)
2026-10-03 15:16:34   [36/45] Processing Query Q36...
2026-10-03 15:18:31     Query Q36 Score: 0.95 (avg of 30 runs)
2026-10-03 15:18:31   [37/45] Processing Query Q37...
2026-10-03 15:20:25     Query Q37 Score: 0.95 (avg of 30 runs)
2026-10-03 15:20:25   [38/45] Processing Query Q38...
2026-10-03 15:22:03     Query Q38 Score: 1.00 (avg of 30 runs)
2026-10-03 15:22:03   [39/45] Processing Query Q39...
2026-10-03 15:23:45     Query Q39 Score: 1.00 (avg of 30 runs)
2026-10-03 15:23:45   [40/45] Processing Query Q40...
2026-10-03 15:25:28     Query Q40 Score: 1.00 (avg of 30 runs)
2026-10-03 15:25:28   [41/45] Processing Query Q41...
2026-10-03 15:27:27     Query Q41 Score: 0.50 (avg of 30 runs)
2026-10-03 15:27:27   [42/45] Processing Query Q42...
2026-10-03 15:29:06     Query Q42 Score: 0.70 (avg of 30 runs)
2026-10-03 15:29:06   [43/45] Processing Query Q43...
2026-10-03 15:30:46     Query Q43 Score: 1.00 (avg of 30 runs)
2026-10-03 15:30:46   [44/45] Processing Query Q48...
2026-10-03 15:32:52     Query Q48 Score: 0.95 (avg of 30 runs)
2026-10-03 15:32:52   [45/45] Processing Query Q49...
2026-10-03 15:34:58     Query Q49 Score: 0.85 (avg of 30 runs)
2026-10-03 15:34:58 Saved validation results to /opt/project/autoresearch/archive/run_20261003_093104/outputs/validation_results_iter4_20261003_153458.csv
2026-10-03 15:34:58 Validation run completed. Overall Mean Score: 0.9063
2026-10-03 15:34:58 Candidate Score: 0.9063 (Delta: +0.0070)
2026-10-03 15:34:58 >>> SUCCESS: Score improved! Saving new champion prompt.
2026-10-03 15:34:58 Iteration #4 logged successfully to experiments.json.
2026-10-03 15:34:58 
2026-10-03 15:34:58 =========================================
2026-10-03 15:34:58 STARTING ITERATION #5
2026-10-03 15:34:58 =========================================
2026-10-03 15:34:58 Current Champion Score: 0.9063
2026-10-03 15:34:58 Failing queries to fix: 16
2026-10-03 15:34:58 Calling Optimizer Agent to refine instructions...
2026-10-03 15:41:35 Starting validation run on 45 queries x30 runs...
2026-10-03 15:41:35   [1/45] Processing Query Q01...
2026-10-03 15:44:42     Query Q01 Score: 1.00 (avg of 30 runs)
2026-10-03 15:44:42   [2/45] Processing Query Q02...
2026-10-03 15:46:27     Query Q02 Score: 0.95 (avg of 30 runs)
2026-10-03 15:46:27   [3/45] Processing Query Q03...
2026-10-03 15:48:01     Query Q03 Score: 1.00 (avg of 30 runs)
2026-10-03 15:48:01   [4/45] Processing Query Q04...
2026-10-03 15:49:49     Query Q04 Score: 1.00 (avg of 30 runs)
2026-10-03 15:49:49   [5/45] Processing Query Q05...
2026-10-03 15:51:41     Query Q05 Score: 0.40 (avg of 30 runs)
2026-10-03 15:51:41   [6/45] Processing Query Q06...
2026-10-03 15:53:31     Query Q06 Score: 1.00 (avg of 30 runs)
2026-10-03 15:53:31   [7/45] Processing Query Q07...
2026-10-03 15:55:09     Query Q07 Score: 1.00 (avg of 30 runs)
2026-10-03 15:55:09   [8/45] Processing Query Q08...
2026-10-03 15:56:45     Query Q08 Score: 1.00 (avg of 30 runs)
2026-10-03 15:56:45   [9/45] Processing Query Q09...
2026-10-03 15:59:33     Query Q09 Score: 0.40 (avg of 30 runs)
2026-10-03 15:59:33   [10/45] Processing Query Q10...
2026-10-03 16:01:28     Query Q10 Score: 1.00 (avg of 30 runs)
2026-10-03 16:01:28   [11/45] Processing Query Q11...
2026-10-03 16:03:30     Query Q11 Score: 0.40 (avg of 30 runs)
2026-10-03 16:03:30   [12/45] Processing Query Q12...
2026-10-03 16:05:07     Query Q12 Score: 1.00 (avg of 30 runs)
2026-10-03 16:05:07   [13/45] Processing Query Q13...
2026-10-03 16:07:09     Query Q13 Score: 0.50 (avg of 30 runs)
2026-10-03 16:07:09   [14/45] Processing Query Q14...
2026-10-03 16:08:45     Query Q14 Score: 1.00 (avg of 30 runs)
2026-10-03 16:08:45   [15/45] Processing Query Q15...
2026-10-03 16:10:48     Query Q15 Score: 1.00 (avg of 30 runs)
2026-10-03 16:10:48   [16/45] Processing Query Q16...
2026-10-03 16:12:48     Query Q16 Score: 0.70 (avg of 30 runs)
2026-10-03 16:12:48   [17/45] Processing Query Q17...
2026-10-03 16:14:32     Query Q17 Score: 1.00 (avg of 30 runs)
2026-10-03 16:14:32   [18/45] Processing Query Q18...
2026-10-03 16:16:15     Query Q18 Score: 1.00 (avg of 30 runs)
2026-10-03 16:16:15   [19/45] Processing Query Q19...
2026-10-03 16:17:48     Query Q19 Score: 1.00 (avg of 30 runs)
2026-10-03 16:17:48   [20/45] Processing Query Q20...
2026-10-03 16:19:31     Query Q20 Score: 0.90 (avg of 30 runs)
2026-10-03 16:19:31   [21/45] Processing Query Q21...
2026-10-03 16:21:10     Query Q21 Score: 1.00 (avg of 30 runs)
2026-10-03 16:21:10   [22/45] Processing Query Q22...
2026-10-03 16:22:45     Query Q22 Score: 1.00 (avg of 30 runs)
2026-10-03 16:22:45   [23/45] Processing Query Q23...
2026-10-03 16:27:22     Query Q23 Score: 1.00 (avg of 30 runs)
2026-10-03 16:27:22   [24/45] Processing Query Q24...
2026-10-03 16:30:11     Query Q24 Score: 0.99 (avg of 30 runs)
2026-10-03 16:30:11   [25/45] Processing Query Q25...
2026-10-03 16:31:53     Query Q25 Score: 1.00 (avg of 30 runs)
2026-10-03 16:31:53   [26/45] Processing Query Q26...
2026-10-03 16:33:21     Query Q26 Score: 1.00 (avg of 30 runs)
2026-10-03 16:33:21   [27/45] Processing Query Q27...
2026-10-03 16:35:35     Query Q27 Score: 1.00 (avg of 30 runs)
2026-10-03 16:35:35   [28/45] Processing Query Q28...
2026-10-03 16:37:10     Query Q28 Score: 1.00 (avg of 30 runs)
2026-10-03 16:37:10   [29/45] Processing Query Q29...
2026-10-03 16:38:46     Query Q29 Score: 1.00 (avg of 30 runs)
2026-10-03 16:38:46   [30/45] Processing Query Q30...
2026-10-03 16:40:29     Query Q30 Score: 1.00 (avg of 30 runs)
2026-10-03 16:40:29   [31/45] Processing Query Q31...
2026-10-03 16:42:04     Query Q31 Score: 1.00 (avg of 30 runs)
2026-10-03 16:42:04   [32/45] Processing Query Q32...
2026-10-03 16:43:54     Query Q32 Score: 1.00 (avg of 30 runs)
2026-10-03 16:43:54   [33/45] Processing Query Q33...
2026-10-03 16:45:59     Query Q33 Score: 0.85 (avg of 30 runs)
2026-10-03 16:45:59   [34/45] Processing Query Q34...
2026-10-03 16:47:42     Query Q34 Score: 0.95 (avg of 30 runs)
2026-10-03 16:47:42   [35/45] Processing Query Q35...
2026-10-03 16:49:13     Query Q35 Score: 1.00 (avg of 30 runs)
2026-10-03 16:49:13   [36/45] Processing Query Q36...
2026-10-03 16:51:08     Query Q36 Score: 0.93 (avg of 30 runs)
2026-10-03 16:51:08   [37/45] Processing Query Q37...
2026-10-03 16:52:58     Query Q37 Score: 0.95 (avg of 30 runs)
2026-10-03 16:52:58   [38/45] Processing Query Q38...
2026-10-03 16:54:31     Query Q38 Score: 1.00 (avg of 30 runs)
2026-10-03 16:54:31   [39/45] Processing Query Q39...
2026-10-03 16:56:11     Query Q39 Score: 1.00 (avg of 30 runs)
2026-10-03 16:56:11   [40/45] Processing Query Q40...
2026-10-03 16:57:54     Query Q40 Score: 1.00 (avg of 30 runs)
2026-10-03 16:57:54   [41/45] Processing Query Q41...
2026-10-03 16:59:59     Query Q41 Score: 0.51 (avg of 30 runs)
2026-10-03 16:59:59   [42/45] Processing Query Q42...
2026-10-03 17:01:36     Query Q42 Score: 1.00 (avg of 30 runs)
2026-10-03 17:01:36   [43/45] Processing Query Q43...
2026-10-03 17:03:12     Query Q43 Score: 1.00 (avg of 30 runs)
2026-10-03 17:03:12   [44/45] Processing Query Q48...
2026-10-03 17:05:11     Query Q48 Score: 1.00 (avg of 30 runs)
2026-10-03 17:05:11   [45/45] Processing Query Q49...
2026-10-03 17:07:18     Query Q49 Score: 0.75 (avg of 30 runs)
2026-10-03 17:07:18 Saved validation results to /opt/project/autoresearch/archive/run_20261003_093104/outputs/validation_results_iter5_20261003_170718.csv
2026-10-03 17:07:18 Validation run completed. Overall Mean Score: 0.9152
2026-10-03 17:07:18 Candidate Score: 0.9152 (Delta: +0.0089)
2026-10-03 17:07:18 >>> SUCCESS: Score improved! Saving new champion prompt.
2026-10-03 17:07:18 Iteration #5 logged successfully to experiments.json.
2026-10-03 17:07:18 
2026-10-03 17:07:18 =========================================
2026-10-03 17:07:18 STARTING ITERATION #6
2026-10-03 17:07:18 =========================================
2026-10-03 17:07:18 Current Champion Score: 0.9152
2026-10-03 17:07:18 Failing queries to fix: 19
2026-10-03 17:07:18 Calling Optimizer Agent to refine instructions...
2026-10-03 17:13:18 Starting validation run on 45 queries x30 runs...
2026-10-03 17:13:18   [1/45] Processing Query Q01...
2026-10-03 17:16:35     Query Q01 Score: 1.00 (avg of 30 runs)
2026-10-03 17:16:35   [2/45] Processing Query Q02...
2026-10-03 17:18:25     Query Q02 Score: 0.42 (avg of 30 runs)
2026-10-03 17:18:25   [3/45] Processing Query Q03...
2026-10-03 17:20:03     Query Q03 Score: 1.00 (avg of 30 runs)
2026-10-03 17:20:03   [4/45] Processing Query Q04...
2026-10-03 17:21:54     Query Q04 Score: 1.00 (avg of 30 runs)
2026-10-03 17:21:54   [5/45] Processing Query Q05...
2026-10-03 17:23:51     Query Q05 Score: 0.40 (avg of 30 runs)
2026-10-03 17:23:51   [6/45] Processing Query Q06...
2026-10-03 17:29:48     Query Q06 Score: 0.41 (avg of 30 runs)
2026-10-03 17:29:48   [7/45] Processing Query Q07...
2026-10-03 17:31:25     Query Q07 Score: 1.00 (avg of 30 runs)
2026-10-03 17:31:25   [8/45] Processing Query Q08...
2026-10-03 17:33:01     Query Q08 Score: 1.00 (avg of 30 runs)
2026-10-03 17:33:01   [9/45] Processing Query Q09...
2026-10-03 17:37:31     Query Q09 Score: 0.50 (avg of 30 runs)
2026-10-03 17:37:31   [10/45] Processing Query Q10...
2026-10-03 17:39:29     Query Q10 Score: 1.00 (avg of 30 runs)
2026-10-03 17:39:29   [11/45] Processing Query Q11...
2026-10-03 17:41:33     Query Q11 Score: 0.49 (avg of 30 runs)
2026-10-03 17:41:33   [12/45] Processing Query Q12...
2026-10-03 17:43:08     Query Q12 Score: 1.00 (avg of 30 runs)
2026-10-03 17:43:08   [13/45] Processing Query Q13...
2026-10-03 17:45:12     Query Q13 Score: 0.50 (avg of 30 runs)
2026-10-03 17:45:12   [14/45] Processing Query Q14...
2026-10-03 17:46:50     Query Q14 Score: 1.00 (avg of 30 runs)
2026-10-03 17:46:50   [15/45] Processing Query Q15...
2026-10-03 17:48:50     Query Q15 Score: 0.95 (avg of 30 runs)
2026-10-03 17:48:50   [16/45] Processing Query Q16...
2026-10-03 17:50:49     Query Q16 Score: 0.80 (avg of 30 runs)
2026-10-03 17:50:49   [17/45] Processing Query Q17...
2026-10-03 17:52:33     Query Q17 Score: 1.00 (avg of 30 runs)
2026-10-03 17:52:33   [18/45] Processing Query Q18...
2026-10-03 17:54:16     Query Q18 Score: 1.00 (avg of 30 runs)
2026-10-03 17:54:16   [19/45] Processing Query Q19...
2026-10-03 17:55:51     Query Q19 Score: 1.00 (avg of 30 runs)
2026-10-03 17:55:51   [20/45] Processing Query Q20...
2026-10-03 17:57:36     Query Q20 Score: 0.90 (avg of 30 runs)
2026-10-03 17:57:36   [21/45] Processing Query Q21...
2026-10-03 17:59:19     Query Q21 Score: 1.00 (avg of 30 runs)
2026-10-03 17:59:19   [22/45] Processing Query Q22...
2026-10-03 18:00:56     Query Q22 Score: 1.00 (avg of 30 runs)
2026-10-03 18:00:56   [23/45] Processing Query Q23...
2026-10-03 18:07:07     Query Q23 Score: 0.52 (avg of 30 runs)
2026-10-03 18:07:07   [24/45] Processing Query Q24...
2026-10-03 18:09:27     Query Q24 Score: 1.00 (avg of 30 runs)
2026-10-03 18:09:27   [25/45] Processing Query Q25...
2026-10-03 18:11:09     Query Q25 Score: 1.00 (avg of 30 runs)
2026-10-03 18:11:09   [26/45] Processing Query Q26...
2026-10-03 18:12:37     Query Q26 Score: 1.00 (avg of 30 runs)
2026-10-03 18:12:37   [27/45] Processing Query Q27...
2026-10-03 18:15:02     Query Q27 Score: 0.61 (avg of 30 runs)
2026-10-03 18:15:02   [28/45] Processing Query Q28...
2026-10-03 18:16:37     Query Q28 Score: 1.00 (avg of 30 runs)
2026-10-03 18:16:37   [29/45] Processing Query Q29...
2026-10-03 18:18:15     Query Q29 Score: 1.00 (avg of 30 runs)
2026-10-03 18:18:15   [30/45] Processing Query Q30...
2026-10-03 18:20:07     Query Q30 Score: 1.00 (avg of 30 runs)
2026-10-03 18:20:07   [31/45] Processing Query Q31...
2026-10-03 18:21:41     Query Q31 Score: 1.00 (avg of 30 runs)
2026-10-03 18:21:41   [32/45] Processing Query Q32...
2026-10-03 18:23:32     Query Q32 Score: 1.00 (avg of 30 runs)
2026-10-03 18:23:32   [33/45] Processing Query Q33...
2026-10-03 18:25:29     Query Q33 Score: 1.00 (avg of 30 runs)
2026-10-03 18:25:29   [34/45] Processing Query Q34...
2026-10-03 18:27:12     Query Q34 Score: 0.95 (avg of 30 runs)
2026-10-03 18:27:12   [35/45] Processing Query Q35...
2026-10-03 18:28:42     Query Q35 Score: 1.00 (avg of 30 runs)
2026-10-03 18:28:42   [36/45] Processing Query Q36...
2026-10-03 18:30:27     Query Q36 Score: 0.52 (avg of 30 runs)
2026-10-03 18:30:27   [37/45] Processing Query Q37...
2026-10-03 18:32:32     Query Q37 Score: 0.76 (avg of 30 runs)
2026-10-03 18:32:32   [38/45] Processing Query Q38...
2026-10-03 18:34:08     Query Q38 Score: 1.00 (avg of 30 runs)
2026-10-03 18:34:08   [39/45] Processing Query Q39...
2026-10-03 18:35:50     Query Q39 Score: 1.00 (avg of 30 runs)
2026-10-03 18:35:50   [40/45] Processing Query Q40...
2026-10-03 18:37:38     Query Q40 Score: 1.00 (avg of 30 runs)
2026-10-03 18:37:38   [41/45] Processing Query Q41...
2026-10-03 18:39:41     Query Q41 Score: 0.51 (avg of 30 runs)
2026-10-03 18:39:41   [42/45] Processing Query Q42...
2026-10-03 18:41:19     Query Q42 Score: 0.70 (avg of 30 runs)
2026-10-03 18:41:19   [43/45] Processing Query Q43...
2026-10-03 18:42:59     Query Q43 Score: 1.00 (avg of 30 runs)
2026-10-03 18:42:59   [44/45] Processing Query Q48...
2026-10-03 18:44:59     Query Q48 Score: 1.00 (avg of 30 runs)
2026-10-03 18:44:59   [45/45] Processing Query Q49...
2026-10-03 18:47:09     Query Q49 Score: 0.60 (avg of 30 runs)
2026-10-03 18:47:09 Saved validation results to /opt/project/autoresearch/archive/run_20261003_093104/outputs/validation_results_iter6_20261003_184709.csv
2026-10-03 18:47:09 Validation run completed. Overall Mean Score: 0.8564
2026-10-03 18:47:09 Candidate Score: 0.8564 (Delta: -0.0588)
2026-10-03 18:47:09 >>> FAILURE: Score did not improve. Discarding changes.
2026-10-03 18:47:09 Iteration #6 logged successfully to experiments.json.
2026-10-03 18:47:09 
2026-10-03 18:47:09 =========================================
2026-10-03 18:47:09 STARTING ITERATION #7
2026-10-03 18:47:09 =========================================
2026-10-03 18:47:09 Current Champion Score: 0.9152
2026-10-03 18:47:09 Failing queries to fix: 19
2026-10-03 18:47:09 Calling Optimizer Agent to refine instructions...
2026-10-03 18:53:47 Starting validation run on 45 queries x30 runs...
2026-10-03 18:53:47   [1/45] Processing Query Q01...
2026-10-03 18:56:48     Query Q01 Score: 1.00 (avg of 30 runs)
2026-10-03 18:56:48   [2/45] Processing Query Q02...
2026-10-03 18:58:36     Query Q02 Score: 0.90 (avg of 30 runs)
2026-10-03 18:58:36   [3/45] Processing Query Q03...
2026-10-03 19:00:15     Query Q03 Score: 1.00 (avg of 30 runs)
2026-10-03 19:00:15   [4/45] Processing Query Q04...
2026-10-03 19:02:02     Query Q04 Score: 1.00 (avg of 30 runs)
2026-10-03 19:02:02   [5/45] Processing Query Q05...
2026-10-03 19:03:55     Query Q05 Score: 0.41 (avg of 30 runs)
2026-10-03 19:03:55   [6/45] Processing Query Q06...
2026-10-03 19:05:48     Query Q06 Score: 0.52 (avg of 30 runs)
2026-10-03 19:05:48   [7/45] Processing Query Q07...
2026-10-03 19:07:30     Query Q07 Score: 1.00 (avg of 30 runs)
2026-10-03 19:07:30   [8/45] Processing Query Q08...
2026-10-03 19:09:03     Query Q08 Score: 1.00 (avg of 30 runs)
2026-10-03 19:09:03   [9/45] Processing Query Q09...
2026-10-03 19:15:25     Query Q09 Score: 0.40 (avg of 30 runs)
2026-10-03 19:15:25   [10/45] Processing Query Q10...
2026-10-03 19:17:18     Query Q10 Score: 1.00 (avg of 30 runs)
2026-10-03 19:17:18   [11/45] Processing Query Q11...
2026-10-03 19:19:22     Query Q11 Score: 0.40 (avg of 30 runs)
2026-10-03 19:19:22   [12/45] Processing Query Q12...
2026-10-03 19:20:57     Query Q12 Score: 1.00 (avg of 30 runs)
2026-10-03 19:20:57   [13/45] Processing Query Q13...
2026-10-03 19:22:59     Query Q13 Score: 0.50 (avg of 30 runs)
2026-10-03 19:22:59   [14/45] Processing Query Q14...
2026-10-03 19:24:34     Query Q14 Score: 0.91 (avg of 30 runs)
2026-10-03 19:24:34   [15/45] Processing Query Q15...
2026-10-03 19:26:34     Query Q15 Score: 1.00 (avg of 30 runs)
2026-10-03 19:26:34   [16/45] Processing Query Q16...
2026-10-03 19:28:37     Query Q16 Score: 0.70 (avg of 30 runs)
2026-10-03 19:28:37   [17/45] Processing Query Q17...
2026-10-03 19:30:17     Query Q17 Score: 1.00 (avg of 30 runs)
2026-10-03 19:30:17   [18/45] Processing Query Q18...
2026-10-03 19:32:00     Query Q18 Score: 1.00 (avg of 30 runs)
2026-10-03 19:32:00   [19/45] Processing Query Q19...
2026-10-03 19:33:35     Query Q19 Score: 1.00 (avg of 30 runs)
2026-10-03 19:33:35   [20/45] Processing Query Q20...
2026-10-03 19:35:21     Query Q20 Score: 0.90 (avg of 30 runs)
2026-10-03 19:35:21   [21/45] Processing Query Q21...
2026-10-03 19:37:01     Query Q21 Score: 1.00 (avg of 30 runs)
2026-10-03 19:37:01   [22/45] Processing Query Q22...
2026-10-03 19:38:36     Query Q22 Score: 1.00 (avg of 30 runs)
2026-10-03 19:38:36   [23/45] Processing Query Q23...
2026-10-03 19:42:27     Query Q23 Score: 1.00 (avg of 30 runs)
2026-10-03 19:42:27   [24/45] Processing Query Q24...
2026-10-03 19:44:53     Query Q24 Score: 1.00 (avg of 30 runs)
2026-10-03 19:44:53   [25/45] Processing Query Q25...
2026-10-03 19:46:36     Query Q25 Score: 1.00 (avg of 30 runs)
2026-10-03 19:46:36   [26/45] Processing Query Q26...
2026-10-03 19:48:00     Query Q26 Score: 1.00 (avg of 30 runs)
2026-10-03 19:48:00   [27/45] Processing Query Q27...
2026-10-03 19:50:26     Query Q27 Score: 1.00 (avg of 30 runs)
2026-10-03 19:50:26   [28/45] Processing Query Q28...
2026-10-03 19:52:00     Query Q28 Score: 1.00 (avg of 30 runs)
2026-10-03 19:52:00   [29/45] Processing Query Q29...
2026-10-03 19:53:39     Query Q29 Score: 1.00 (avg of 30 runs)
2026-10-03 19:53:39   [30/45] Processing Query Q30...
2026-10-03 19:55:26     Query Q30 Score: 1.00 (avg of 30 runs)
2026-10-03 19:55:26   [31/45] Processing Query Q31...
2026-10-03 19:57:00     Query Q31 Score: 1.00 (avg of 30 runs)
2026-10-03 19:57:00   [32/45] Processing Query Q32...
2026-10-03 19:58:52     Query Q32 Score: 1.00 (avg of 30 runs)
2026-10-03 19:58:52   [33/45] Processing Query Q33...
2026-10-03 20:02:15     Query Q33 Score: 0.90 (avg of 30 runs)
2026-10-03 20:02:15   [34/45] Processing Query Q34...
2026-10-03 20:03:59     Query Q34 Score: 0.95 (avg of 30 runs)
2026-10-03 20:03:59   [35/45] Processing Query Q35...
2026-10-03 20:05:28     Query Q35 Score: 1.00 (avg of 30 runs)
2026-10-03 20:05:28   [36/45] Processing Query Q36...
2026-10-03 20:07:25     Query Q36 Score: 0.95 (avg of 30 runs)
2026-10-03 20:07:25   [37/45] Processing Query Q37...
2026-10-03 20:09:17     Query Q37 Score: 0.95 (avg of 30 runs)
2026-10-03 20:09:17   [38/45] Processing Query Q38...
2026-10-03 20:10:48     Query Q38 Score: 1.00 (avg of 30 runs)
2026-10-03 20:10:48   [39/45] Processing Query Q39...
2026-10-03 20:12:31     Query Q39 Score: 1.00 (avg of 30 runs)
2026-10-03 20:12:31   [40/45] Processing Query Q40...
2026-10-03 20:14:15     Query Q40 Score: 1.00 (avg of 30 runs)
2026-10-03 20:14:15   [41/45] Processing Query Q41...
2026-10-03 20:16:18     Query Q41 Score: 0.90 (avg of 30 runs)
2026-10-03 20:16:18   [42/45] Processing Query Q42...
2026-10-03 20:17:57     Query Q42 Score: 1.00 (avg of 30 runs)
2026-10-03 20:17:57   [43/45] Processing Query Q43...
2026-10-03 20:19:36     Query Q43 Score: 1.00 (avg of 30 runs)
2026-10-03 20:19:36   [44/45] Processing Query Q48...
2026-10-03 20:21:30     Query Q48 Score: 1.00 (avg of 30 runs)
2026-10-03 20:21:30   [45/45] Processing Query Q49...
2026-10-03 20:23:43     Query Q49 Score: 0.76 (avg of 30 runs)
2026-10-03 20:23:43 Saved validation results to /opt/project/autoresearch/archive/run_20261003_093104/outputs/validation_results_iter7_20261003_202343.csv
2026-10-03 20:23:43 Validation run completed. Overall Mean Score: 0.9120
2026-10-03 20:23:43 Candidate Score: 0.9120 (Delta: -0.0032)
2026-10-03 20:23:43 >>> FAILURE: Score did not improve. Discarding changes.
2026-10-03 20:23:43 Iteration #7 logged successfully to experiments.json.
2026-10-03 20:23:43 
2026-10-03 20:23:43 =========================================
2026-10-03 20:23:43 STARTING ITERATION #8
2026-10-03 20:23:43 =========================================
2026-10-03 20:23:43 Current Champion Score: 0.9152
2026-10-03 20:23:43 Failing queries to fix: 19
2026-10-03 20:23:43 Calling Optimizer Agent to refine instructions...
2026-10-03 20:30:37 Starting validation run on 45 queries x30 runs...
2026-10-03 20:30:37   [1/45] Processing Query Q01...
2026-10-03 20:33:47     Query Q01 Score: 1.00 (avg of 30 runs)
2026-10-03 20:33:47   [2/45] Processing Query Q02...
2026-10-03 20:35:22     Query Q02 Score: 1.00 (avg of 30 runs)
2026-10-03 20:35:22   [3/45] Processing Query Q03...
2026-10-03 20:36:57     Query Q03 Score: 1.00 (avg of 30 runs)
2026-10-03 20:36:57   [4/45] Processing Query Q04...
2026-10-03 20:38:44     Query Q04 Score: 1.00 (avg of 30 runs)
2026-10-03 20:38:44   [5/45] Processing Query Q05...
2026-10-03 20:40:51     Query Q05 Score: 0.30 (avg of 30 runs)
2026-10-03 20:40:51   [6/45] Processing Query Q06...
2026-10-03 20:42:36     Query Q06 Score: 0.50 (avg of 30 runs)
2026-10-03 20:42:36   [7/45] Processing Query Q07...
2026-10-03 20:44:15     Query Q07 Score: 1.00 (avg of 30 runs)
2026-10-03 20:44:15   [8/45] Processing Query Q08...
2026-10-03 20:45:51     Query Q08 Score: 1.00 (avg of 30 runs)
2026-10-03 20:45:51   [9/45] Processing Query Q09...
2026-10-03 20:48:33     Query Q09 Score: 0.50 (avg of 30 runs)
2026-10-03 20:48:33   [10/45] Processing Query Q10...
2026-10-03 20:50:29     Query Q10 Score: 1.00 (avg of 30 runs)
2026-10-03 20:50:29   [11/45] Processing Query Q11...
2026-10-03 20:52:33     Query Q11 Score: 0.40 (avg of 30 runs)
2026-10-03 20:52:33   [12/45] Processing Query Q12...
2026-10-03 20:54:09     Query Q12 Score: 1.00 (avg of 30 runs)
2026-10-03 20:54:09   [13/45] Processing Query Q13...
2026-10-03 20:56:12     Query Q13 Score: 0.50 (avg of 30 runs)
2026-10-03 20:56:12   [14/45] Processing Query Q14...
2026-10-03 20:57:50     Query Q14 Score: 1.00 (avg of 30 runs)
2026-10-03 20:57:50   [15/45] Processing Query Q15...
2026-10-03 20:59:47     Query Q15 Score: 1.00 (avg of 30 runs)
2026-10-03 20:59:47   [16/45] Processing Query Q16...
2026-10-03 21:01:49     Query Q16 Score: 1.00 (avg of 30 runs)
2026-10-03 21:01:49   [17/45] Processing Query Q17...
2026-10-03 21:03:33     Query Q17 Score: 1.00 (avg of 30 runs)
2026-10-03 21:03:33   [18/45] Processing Query Q18...
2026-10-03 21:05:14     Query Q18 Score: 1.00 (avg of 30 runs)
2026-10-03 21:05:14   [19/45] Processing Query Q19...
2026-10-03 21:06:48     Query Q19 Score: 1.00 (avg of 30 runs)
2026-10-03 21:06:48   [20/45] Processing Query Q20...
2026-10-03 21:08:31     Query Q20 Score: 0.90 (avg of 30 runs)
2026-10-03 21:08:31   [21/45] Processing Query Q21...
2026-10-03 21:10:11     Query Q21 Score: 1.00 (avg of 30 runs)
2026-10-03 21:10:11   [22/45] Processing Query Q22...
2026-10-03 21:11:46     Query Q22 Score: 1.00 (avg of 30 runs)
2026-10-03 21:11:46   [23/45] Processing Query Q23...
2026-10-03 21:17:57     Query Q23 Score: 0.51 (avg of 30 runs)
2026-10-03 21:17:57   [24/45] Processing Query Q24...
2026-10-03 21:20:21     Query Q24 Score: 0.70 (avg of 30 runs)
2026-10-03 21:20:21   [25/45] Processing Query Q25...
2026-10-03 21:22:00     Query Q25 Score: 1.00 (avg of 30 runs)
2026-10-03 21:22:00   [26/45] Processing Query Q26...
2026-10-03 21:23:26     Query Q26 Score: 1.00 (avg of 30 runs)
2026-10-03 21:23:26   [27/45] Processing Query Q27...
2026-10-03 21:25:40     Query Q27 Score: 0.61 (avg of 30 runs)
2026-10-03 21:25:40   [28/45] Processing Query Q28...
2026-10-03 21:27:14     Query Q28 Score: 1.00 (avg of 30 runs)
2026-10-03 21:27:14   [29/45] Processing Query Q29...
2026-10-03 21:28:51     Query Q29 Score: 1.00 (avg of 30 runs)
2026-10-03 21:28:51   [30/45] Processing Query Q30...
2026-10-03 21:30:38     Query Q30 Score: 1.00 (avg of 30 runs)
2026-10-03 21:30:38   [31/45] Processing Query Q31...
2026-10-03 21:32:13     Query Q31 Score: 1.00 (avg of 30 runs)
2026-10-03 21:32:13   [32/45] Processing Query Q32...
2026-10-03 21:34:04     Query Q32 Score: 1.00 (avg of 30 runs)
2026-10-03 21:34:04   [33/45] Processing Query Q33...
2026-10-03 21:36:05     Query Q33 Score: 1.00 (avg of 30 runs)
2026-10-03 21:36:05   [34/45] Processing Query Q34...
2026-10-03 21:37:48     Query Q34 Score: 0.95 (avg of 30 runs)
2026-10-03 21:37:48   [35/45] Processing Query Q35...
2026-10-03 21:39:19     Query Q35 Score: 1.00 (avg of 30 runs)
2026-10-03 21:39:19   [36/45] Processing Query Q36...
2026-10-03 21:41:16     Query Q36 Score: 0.95 (avg of 30 runs)
2026-10-03 21:41:16   [37/45] Processing Query Q37...
2026-10-03 21:43:06     Query Q37 Score: 0.95 (avg of 30 runs)
2026-10-03 21:43:06   [38/45] Processing Query Q38...
2026-10-03 21:44:39     Query Q38 Score: 1.00 (avg of 30 runs)
2026-10-03 21:44:39   [39/45] Processing Query Q39...
2026-10-03 21:46:23     Query Q39 Score: 1.00 (avg of 30 runs)
2026-10-03 21:46:23   [40/45] Processing Query Q40...
2026-10-03 21:48:04     Query Q40 Score: 1.00 (avg of 30 runs)
2026-10-03 21:48:04   [41/45] Processing Query Q41...
2026-10-03 21:50:07     Query Q41 Score: 0.80 (avg of 30 runs)
2026-10-03 21:50:07   [42/45] Processing Query Q42...
2026-10-03 21:51:46     Query Q42 Score: 1.00 (avg of 30 runs)
2026-10-03 21:51:46   [43/45] Processing Query Q43...
2026-10-03 21:53:26     Query Q43 Score: 1.00 (avg of 30 runs)
2026-10-03 21:53:26   [44/45] Processing Query Q48...
2026-10-03 21:55:24     Query Q48 Score: 0.90 (avg of 30 runs)
2026-10-03 21:55:24   [45/45] Processing Query Q49...
2026-10-03 21:57:31     Query Q49 Score: 0.75 (avg of 30 runs)
2026-10-03 21:57:31 Saved validation results to /opt/project/autoresearch/archive/run_20261003_093104/outputs/validation_results_iter8_20261003_215731.csv
2026-10-03 21:57:31 Validation run completed. Overall Mean Score: 0.8939
2026-10-03 21:57:31 Candidate Score: 0.8939 (Delta: -0.0213)
2026-10-03 21:57:31 >>> FAILURE: Score did not improve. Discarding changes.
2026-10-03 21:57:31 Iteration #8 logged successfully to experiments.json.
2026-10-03 21:57:31 
2026-10-03 21:57:31 =========================================
2026-10-03 21:57:31 STARTING ITERATION #9
2026-10-03 21:57:31 =========================================
2026-10-03 21:57:31 Current Champion Score: 0.9152
2026-10-03 21:57:31 Failing queries to fix: 19
2026-10-03 21:57:31 Calling Optimizer Agent to refine instructions...
2026-10-03 22:04:43 Starting validation run on 45 queries x30 runs...
2026-10-03 22:04:43   [1/45] Processing Query Q01...
2026-10-03 22:07:56     Query Q01 Score: 1.00 (avg of 30 runs)
2026-10-03 22:07:56   [2/45] Processing Query Q02...
2026-10-03 22:09:34     Query Q02 Score: 1.00 (avg of 30 runs)
2026-10-03 22:09:34   [3/45] Processing Query Q03...
2026-10-03 22:11:11     Query Q03 Score: 1.00 (avg of 30 runs)
2026-10-03 22:11:11   [4/45] Processing Query Q04...
2026-10-03 22:13:00     Query Q04 Score: 1.00 (avg of 30 runs)
2026-10-03 22:13:00   [5/45] Processing Query Q05...
2026-10-03 22:14:48     Query Q05 Score: 0.40 (avg of 30 runs)
2026-10-03 22:14:48   [6/45] Processing Query Q06...
2026-10-03 22:21:11     Query Q06 Score: 0.40 (avg of 30 runs)
2026-10-03 22:21:11   [7/45] Processing Query Q07...
2026-10-03 22:22:50     Query Q07 Score: 1.00 (avg of 30 runs)
2026-10-03 22:22:50   [8/45] Processing Query Q08...
2026-10-03 22:24:26     Query Q08 Score: 1.00 (avg of 30 runs)
2026-10-03 22:24:26   [9/45] Processing Query Q09...
2026-10-03 22:30:58     Query Q09 Score: 0.40 (avg of 30 runs)
2026-10-03 22:30:58   [10/45] Processing Query Q10...
2026-10-03 22:32:53     Query Q10 Score: 1.00 (avg of 30 runs)
2026-10-03 22:32:53   [11/45] Processing Query Q11...
2026-10-03 22:34:57     Query Q11 Score: 0.40 (avg of 30 runs)
2026-10-03 22:34:57   [12/45] Processing Query Q12...
2026-10-03 22:36:35     Query Q12 Score: 1.00 (avg of 30 runs)
2026-10-03 22:36:35   [13/45] Processing Query Q13...
2026-10-03 22:38:32     Query Q13 Score: 0.59 (avg of 30 runs)
2026-10-03 22:38:32   [14/45] Processing Query Q14...
2026-10-03 22:40:10     Query Q14 Score: 1.00 (avg of 30 runs)
2026-10-03 22:40:10   [15/45] Processing Query Q15...
2026-10-03 22:42:10     Query Q15 Score: 1.00 (avg of 30 runs)
2026-10-03 22:42:10   [16/45] Processing Query Q16...
2026-10-03 22:44:13     Query Q16 Score: 0.70 (avg of 30 runs)
2026-10-03 22:44:13   [17/45] Processing Query Q17...
2026-10-03 22:45:57     Query Q17 Score: 1.00 (avg of 30 runs)
2026-10-03 22:45:57   [18/45] Processing Query Q18...
2026-10-03 22:47:41     Query Q18 Score: 1.00 (avg of 30 runs)
2026-10-03 22:47:41   [19/45] Processing Query Q19...
2026-10-03 22:49:17     Query Q19 Score: 1.00 (avg of 30 runs)
2026-10-03 22:49:17   [20/45] Processing Query Q20...
2026-10-03 22:51:01     Query Q20 Score: 0.90 (avg of 30 runs)
2026-10-03 22:51:01   [21/45] Processing Query Q21...
2026-10-03 22:52:43     Query Q21 Score: 1.00 (avg of 30 runs)
2026-10-03 22:52:43   [22/45] Processing Query Q22...
2026-10-03 22:54:17     Query Q22 Score: 1.00 (avg of 30 runs)
2026-10-03 22:54:17   [23/45] Processing Query Q23...
2026-10-03 23:00:22     Query Q23 Score: 0.95 (avg of 30 runs)
2026-10-03 23:00:22   [24/45] Processing Query Q24...
2026-10-03 23:02:29     Query Q24 Score: 1.00 (avg of 30 runs)
2026-10-03 23:02:29   [25/45] Processing Query Q25...
2026-10-03 23:04:12     Query Q25 Score: 1.00 (avg of 30 runs)
2026-10-03 23:04:12   [26/45] Processing Query Q26...
2026-10-03 23:05:40     Query Q26 Score: 1.00 (avg of 30 runs)
2026-10-03 23:05:40   [27/45] Processing Query Q27...
2026-10-03 23:07:53     Query Q27 Score: 1.00 (avg of 30 runs)
2026-10-03 23:07:53   [28/45] Processing Query Q28...
2026-10-03 23:09:31     Query Q28 Score: 1.00 (avg of 30 runs)
2026-10-03 23:09:31   [29/45] Processing Query Q29...
2026-10-03 23:11:14     Query Q29 Score: 1.00 (avg of 30 runs)
2026-10-03 23:11:14   [30/45] Processing Query Q30...
2026-10-03 23:13:04     Query Q30 Score: 1.00 (avg of 30 runs)
2026-10-03 23:13:04   [31/45] Processing Query Q31...
2026-10-03 23:14:37     Query Q31 Score: 1.00 (avg of 30 runs)
2026-10-03 23:14:37   [32/45] Processing Query Q32...
2026-10-03 23:16:27     Query Q32 Score: 1.00 (avg of 30 runs)
2026-10-03 23:16:27   [33/45] Processing Query Q33...
2026-10-03 23:18:25     Query Q33 Score: 1.00 (avg of 30 runs)
2026-10-03 23:18:25   [34/45] Processing Query Q34...
2026-10-03 23:20:08     Query Q34 Score: 1.00 (avg of 30 runs)
2026-10-03 23:20:08   [35/45] Processing Query Q35...
2026-10-03 23:21:42     Query Q35 Score: 1.00 (avg of 30 runs)
2026-10-03 23:21:42   [36/45] Processing Query Q36...
2026-10-03 23:23:39     Query Q36 Score: 0.95 (avg of 30 runs)
2026-10-03 23:23:39   [37/45] Processing Query Q37...
2026-10-03 23:25:29     Query Q37 Score: 0.95 (avg of 30 runs)
2026-10-03 23:25:29   [38/45] Processing Query Q38...
2026-10-03 23:27:02     Query Q38 Score: 1.00 (avg of 30 runs)
2026-10-03 23:27:02   [39/45] Processing Query Q39...
2026-10-03 23:28:46     Query Q39 Score: 1.00 (avg of 30 runs)
2026-10-03 23:28:46   [40/45] Processing Query Q40...
2026-10-03 23:30:29     Query Q40 Score: 1.00 (avg of 30 runs)
2026-10-03 23:30:29   [41/45] Processing Query Q41...
2026-10-03 23:32:33     Query Q41 Score: 0.90 (avg of 30 runs)
2026-10-03 23:32:33   [42/45] Processing Query Q42...
2026-10-03 23:34:11     Query Q42 Score: 1.00 (avg of 30 runs)
2026-10-03 23:34:11   [43/45] Processing Query Q43...
2026-10-03 23:35:53     Query Q43 Score: 1.00 (avg of 30 runs)
2026-10-03 23:35:53   [44/45] Processing Query Q48...
2026-10-03 23:37:54     Query Q48 Score: 0.91 (avg of 30 runs)
2026-10-03 23:37:54   [45/45] Processing Query Q49...
2026-10-03 23:40:38     Query Q49 Score: 0.99 (avg of 30 runs)
2026-10-03 23:40:38 Saved validation results to /opt/project/autoresearch/archive/run_20261003_093104/outputs/validation_results_iter9_20261003_234038.csv
2026-10-03 23:40:38 Validation run completed. Overall Mean Score: 0.9208
2026-10-03 23:40:38 Candidate Score: 0.9208 (Delta: +0.0056)
2026-10-03 23:40:38 >>> SUCCESS: Score improved! Saving new champion prompt.
2026-10-03 23:40:38 Iteration #9 logged successfully to experiments.json.
2026-10-03 23:40:38 
2026-10-03 23:40:38 =========================================
2026-10-03 23:40:38 STARTING ITERATION #10
2026-10-03 23:40:38 =========================================
2026-10-03 23:40:38 Current Champion Score: 0.9208
2026-10-03 23:40:38 Failing queries to fix: 16
2026-10-03 23:40:38 Calling Optimizer Agent to refine instructions...
2026-10-03 23:46:58 Starting validation run on 45 queries x30 runs...
2026-10-03 23:46:58   [1/45] Processing Query Q01...
2026-10-03 23:50:05     Query Q01 Score: 1.00 (avg of 30 runs)
2026-10-03 23:50:05   [2/45] Processing Query Q02...
2026-10-03 23:51:43     Query Q02 Score: 1.00 (avg of 30 runs)
2026-10-03 23:51:43   [3/45] Processing Query Q03...
2026-10-03 23:53:21     Query Q03 Score: 1.00 (avg of 30 runs)
2026-10-03 23:53:21   [4/45] Processing Query Q04...
2026-10-03 23:55:10     Query Q04 Score: 1.00 (avg of 30 runs)
2026-10-03 23:55:10   [5/45] Processing Query Q05...
2026-10-03 23:58:46     Query Q05 Score: 0.74 (avg of 30 runs)
2026-10-03 23:58:46   [6/45] Processing Query Q06...
2026-10-04 00:01:54     Query Q06 Score: 0.76 (avg of 30 runs)
2026-10-04 00:01:54   [7/45] Processing Query Q07...
2026-10-04 00:03:33     Query Q07 Score: 1.00 (avg of 30 runs)
2026-10-04 00:03:33   [8/45] Processing Query Q08...
2026-10-04 00:05:12     Query Q08 Score: 1.00 (avg of 30 runs)
2026-10-04 00:05:12   [9/45] Processing Query Q09...
2026-10-04 00:08:27     Query Q09 Score: 0.40 (avg of 30 runs)
2026-10-04 00:08:27   [10/45] Processing Query Q10...
2026-10-04 00:10:28     Query Q10 Score: 1.00 (avg of 30 runs)
2026-10-04 00:10:28   [11/45] Processing Query Q11...
2026-10-04 00:12:34     Query Q11 Score: 0.40 (avg of 30 runs)
2026-10-04 00:12:34   [12/45] Processing Query Q12...
2026-10-04 00:14:10     Query Q12 Score: 1.00 (avg of 30 runs)
2026-10-04 00:14:10   [13/45] Processing Query Q13...
2026-10-04 00:16:12     Query Q13 Score: 0.50 (avg of 30 runs)
2026-10-04 00:16:12   [14/45] Processing Query Q14...
2026-10-04 00:17:54     Query Q14 Score: 0.85 (avg of 30 runs)
2026-10-04 00:17:54   [15/45] Processing Query Q15...
2026-10-04 00:20:00     Query Q15 Score: 1.00 (avg of 30 runs)
2026-10-04 00:20:00   [16/45] Processing Query Q16...
2026-10-04 00:22:01     Query Q16 Score: 0.80 (avg of 30 runs)
2026-10-04 00:22:01   [17/45] Processing Query Q17...
2026-10-04 00:23:48     Query Q17 Score: 1.00 (avg of 30 runs)
2026-10-04 00:23:48   [18/45] Processing Query Q18...
2026-10-04 00:25:33     Query Q18 Score: 1.00 (avg of 30 runs)
2026-10-04 00:25:33   [19/45] Processing Query Q19...
2026-10-04 00:27:12     Query Q19 Score: 1.00 (avg of 30 runs)
2026-10-04 00:27:12   [20/45] Processing Query Q20...
2026-10-04 00:29:03     Query Q20 Score: 0.95 (avg of 30 runs)
2026-10-04 00:29:03   [21/45] Processing Query Q21...
2026-10-04 00:30:51     Query Q21 Score: 1.00 (avg of 30 runs)
2026-10-04 00:30:51   [22/45] Processing Query Q22...
2026-10-04 00:32:30     Query Q22 Score: 1.00 (avg of 30 runs)
2026-10-04 00:32:30   [23/45] Processing Query Q23...
2026-10-04 00:38:51     Query Q23 Score: 0.61 (avg of 30 runs)
2026-10-04 00:38:51   [24/45] Processing Query Q24...
2026-10-04 00:41:07     Query Q24 Score: 1.00 (avg of 30 runs)
2026-10-04 00:41:07   [25/45] Processing Query Q25...
2026-10-04 00:42:51     Query Q25 Score: 1.00 (avg of 30 runs)
2026-10-04 00:42:51   [26/45] Processing Query Q26...
2026-10-04 00:44:23     Query Q26 Score: 1.00 (avg of 30 runs)
2026-10-04 00:44:23   [27/45] Processing Query Q27...
2026-10-04 00:46:36     Query Q27 Score: 0.61 (avg of 30 runs)
2026-10-04 00:46:36   [28/45] Processing Query Q28...
2026-10-04 00:48:14     Query Q28 Score: 1.00 (avg of 30 runs)
2026-10-04 00:48:14   [29/45] Processing Query Q29...
2026-10-04 00:49:56     Query Q29 Score: 1.00 (avg of 30 runs)
2026-10-04 00:49:56   [30/45] Processing Query Q30...
2026-10-04 00:51:49     Query Q30 Score: 1.00 (avg of 30 runs)
2026-10-04 00:51:49   [31/45] Processing Query Q31...
2026-10-04 00:53:26     Query Q31 Score: 1.00 (avg of 30 runs)
2026-10-04 00:53:26   [32/45] Processing Query Q32...
2026-10-04 00:55:21     Query Q32 Score: 1.00 (avg of 30 runs)
2026-10-04 00:55:21   [33/45] Processing Query Q33...
2026-10-04 00:57:28     Query Q33 Score: 0.59 (avg of 30 runs)
2026-10-04 00:57:28   [34/45] Processing Query Q34...
2026-10-04 00:59:13     Query Q34 Score: 1.00 (avg of 30 runs)
2026-10-04 00:59:13   [35/45] Processing Query Q35...
2026-10-04 01:00:44     Query Q35 Score: 1.00 (avg of 30 runs)
2026-10-04 01:00:44   [36/45] Processing Query Q36...
2026-10-04 01:02:38     Query Q36 Score: 0.95 (avg of 30 runs)
2026-10-04 01:02:38   [37/45] Processing Query Q37...
2026-10-04 01:04:33     Query Q37 Score: 1.00 (avg of 30 runs)
2026-10-04 01:04:33   [38/45] Processing Query Q38...
2026-10-04 01:06:06     Query Q38 Score: 1.00 (avg of 30 runs)
2026-10-04 01:06:06   [39/45] Processing Query Q39...
2026-10-04 01:07:51     Query Q39 Score: 1.00 (avg of 30 runs)
2026-10-04 01:07:51   [40/45] Processing Query Q40...
2026-10-04 01:09:35     Query Q40 Score: 1.00 (avg of 30 runs)
2026-10-04 01:09:35   [41/45] Processing Query Q41...
2026-10-04 01:11:40     Query Q41 Score: 0.50 (avg of 30 runs)
2026-10-04 01:11:40   [42/45] Processing Query Q42...
2026-10-04 01:13:20     Query Q42 Score: 1.00 (avg of 30 runs)
2026-10-04 01:13:20   [43/45] Processing Query Q43...
2026-10-04 01:15:06     Query Q43 Score: 0.50 (avg of 30 runs)
2026-10-04 01:15:06   [44/45] Processing Query Q48...
2026-10-04 01:17:01     Query Q48 Score: 1.00 (avg of 30 runs)
2026-10-04 01:17:01   [45/45] Processing Query Q49...
2026-10-04 01:23:20     Query Q49 Score: 0.79 (avg of 30 runs)
2026-10-04 01:23:20 Saved validation results to /opt/project/autoresearch/archive/run_20261003_093104/outputs/validation_results_iter10_20261004_012320.csv
2026-10-04 01:23:20 Validation run completed. Overall Mean Score: 0.8877
2026-10-04 01:23:20 Candidate Score: 0.8877 (Delta: -0.0331)
2026-10-04 01:23:20 >>> FAILURE: Score did not improve. Discarding changes.
2026-10-04 01:23:20 Iteration #10 logged successfully to experiments.json.
2026-10-04 01:23:20 
2026-10-04 01:23:20 =========================================
2026-10-04 01:23:20 STARTING ITERATION #11
2026-10-04 01:23:20 =========================================
2026-10-04 01:23:20 Current Champion Score: 0.9208
2026-10-04 01:23:20 Failing queries to fix: 16
2026-10-04 01:23:20 Calling Optimizer Agent to refine instructions...
2026-10-04 01:30:02 Starting validation run on 45 queries x30 runs...
2026-10-04 01:30:02   [1/45] Processing Query Q01...
2026-10-04 01:33:12     Query Q01 Score: 1.00 (avg of 30 runs)
2026-10-04 01:33:12   [2/45] Processing Query Q02...
2026-10-04 01:34:48     Query Q02 Score: 1.00 (avg of 30 runs)
2026-10-04 01:34:48   [3/45] Processing Query Q03...
2026-10-04 01:36:23     Query Q03 Score: 1.00 (avg of 30 runs)
2026-10-04 01:36:23   [4/45] Processing Query Q04...
2026-10-04 01:38:21     Query Q04 Score: 0.95 (avg of 30 runs)
2026-10-04 01:38:21   [5/45] Processing Query Q05...
2026-10-04 01:40:08     Query Q05 Score: 0.40 (avg of 30 runs)
2026-10-04 01:40:08   [6/45] Processing Query Q06...
2026-10-04 01:42:03     Query Q06 Score: 0.95 (avg of 30 runs)
2026-10-04 01:42:03   [7/45] Processing Query Q07...
2026-10-04 01:43:44     Query Q07 Score: 1.00 (avg of 30 runs)
2026-10-04 01:43:44   [8/45] Processing Query Q08...
2026-10-04 01:45:19     Query Q08 Score: 1.00 (avg of 30 runs)
2026-10-04 01:45:19   [9/45] Processing Query Q09...
2026-10-04 01:47:54     Query Q09 Score: 0.50 (avg of 30 runs)
2026-10-04 01:47:54   [10/45] Processing Query Q10...
2026-10-04 01:49:52     Query Q10 Score: 1.00 (avg of 30 runs)
2026-10-04 01:49:52   [11/45] Processing Query Q11...
2026-10-04 01:51:58     Query Q11 Score: 0.40 (avg of 30 runs)
2026-10-04 01:51:58   [12/45] Processing Query Q12...
2026-10-04 01:53:32     Query Q12 Score: 1.00 (avg of 30 runs)
2026-10-04 01:53:32   [13/45] Processing Query Q13...
2026-10-04 01:55:36     Query Q13 Score: 0.50 (avg of 30 runs)
2026-10-04 01:55:36   [14/45] Processing Query Q14...
2026-10-04 01:57:16     Query Q14 Score: 0.90 (avg of 30 runs)
2026-10-04 01:57:16   [15/45] Processing Query Q15...
2026-10-04 01:59:16     Query Q15 Score: 1.00 (avg of 30 runs)
2026-10-04 01:59:16   [16/45] Processing Query Q16...
2026-10-04 02:01:17     Query Q16 Score: 0.70 (avg of 30 runs)
2026-10-04 02:01:17   [17/45] Processing Query Q17...
2026-10-04 02:03:02     Query Q17 Score: 1.00 (avg of 30 runs)
2026-10-04 02:03:02   [18/45] Processing Query Q18...
2026-10-04 02:04:45     Query Q18 Score: 1.00 (avg of 30 runs)
2026-10-04 02:04:45   [19/45] Processing Query Q19...
2026-10-04 02:06:20     Query Q19 Score: 1.00 (avg of 30 runs)
2026-10-04 02:06:20   [20/45] Processing Query Q20...
2026-10-04 02:08:04     Query Q20 Score: 0.90 (avg of 30 runs)
2026-10-04 02:08:04   [21/45] Processing Query Q21...
2026-10-04 02:09:43     Query Q21 Score: 1.00 (avg of 30 runs)
2026-10-04 02:09:43   [22/45] Processing Query Q22...
2026-10-04 02:11:19     Query Q22 Score: 1.00 (avg of 30 runs)
2026-10-04 02:11:19   [23/45] Processing Query Q23...
2026-10-04 02:17:34     Query Q23 Score: 0.50 (avg of 30 runs)
2026-10-04 02:17:34   [24/45] Processing Query Q24...
2026-10-04 02:19:52     Query Q24 Score: 0.70 (avg of 30 runs)
2026-10-04 02:19:52   [25/45] Processing Query Q25...
2026-10-04 02:21:33     Query Q25 Score: 1.00 (avg of 30 runs)
2026-10-04 02:21:33   [26/45] Processing Query Q26...
2026-10-04 02:23:01     Query Q26 Score: 1.00 (avg of 30 runs)
2026-10-04 02:23:01   [27/45] Processing Query Q27...
2026-10-04 02:25:21     Query Q27 Score: 0.60 (avg of 30 runs)
2026-10-04 02:25:21   [28/45] Processing Query Q28...
2026-10-04 02:26:55     Query Q28 Score: 1.00 (avg of 30 runs)
2026-10-04 02:26:55   [29/45] Processing Query Q29...
2026-10-04 02:28:37     Query Q29 Score: 1.00 (avg of 30 runs)
2026-10-04 02:28:37   [30/45] Processing Query Q30...
2026-10-04 02:30:25     Query Q30 Score: 1.00 (avg of 30 runs)
2026-10-04 02:30:25   [31/45] Processing Query Q31...
2026-10-04 02:31:58     Query Q31 Score: 1.00 (avg of 30 runs)
2026-10-04 02:31:58   [32/45] Processing Query Q32...
2026-10-04 02:33:51     Query Q32 Score: 1.00 (avg of 30 runs)
2026-10-04 02:33:51   [33/45] Processing Query Q33...
2026-10-04 02:35:55     Query Q33 Score: 0.90 (avg of 30 runs)
2026-10-04 02:35:55   [34/45] Processing Query Q34...
2026-10-04 02:37:42     Query Q34 Score: 1.00 (avg of 30 runs)
2026-10-04 02:37:42   [35/45] Processing Query Q35...
2026-10-04 02:39:12     Query Q35 Score: 1.00 (avg of 30 runs)
2026-10-04 02:39:12   [36/45] Processing Query Q36...
2026-10-04 02:41:10     Query Q36 Score: 0.42 (avg of 30 runs)
2026-10-04 02:41:10   [37/45] Processing Query Q37...
2026-10-04 02:43:05     Query Q37 Score: 1.00 (avg of 30 runs)
2026-10-04 02:43:05   [38/45] Processing Query Q38...
2026-10-04 02:44:40     Query Q38 Score: 1.00 (avg of 30 runs)
2026-10-04 02:44:40   [39/45] Processing Query Q39...
2026-10-04 02:46:23     Query Q39 Score: 1.00 (avg of 30 runs)
2026-10-04 02:46:23   [40/45] Processing Query Q40...
2026-10-04 02:48:06     Query Q40 Score: 1.00 (avg of 30 runs)
2026-10-04 02:48:06   [41/45] Processing Query Q41...
2026-10-04 02:50:07     Query Q41 Score: 0.90 (avg of 30 runs)
2026-10-04 02:50:07   [42/45] Processing Query Q42...
2026-10-04 02:51:44     Query Q42 Score: 0.70 (avg of 30 runs)
2026-10-04 02:51:44   [43/45] Processing Query Q43...
2026-10-04 02:53:26     Query Q43 Score: 1.00 (avg of 30 runs)
2026-10-04 02:53:26   [44/45] Processing Query Q48...
2026-10-04 02:55:26     Query Q48 Score: 1.00 (avg of 30 runs)
2026-10-04 02:55:26   [45/45] Processing Query Q49...
2026-10-04 02:57:31     Query Q49 Score: 0.99 (avg of 30 runs)
2026-10-04 02:57:31 Saved validation results to /opt/project/autoresearch/archive/run_20261003_093104/outputs/validation_results_iter11_20261004_025731.csv
2026-10-04 02:57:31 Validation run completed. Overall Mean Score: 0.8868
2026-10-04 02:57:31 Candidate Score: 0.8868 (Delta: -0.0340)
2026-10-04 02:57:31 >>> FAILURE: Score did not improve. Discarding changes.
2026-10-04 02:57:31 Iteration #11 logged successfully to experiments.json.
2026-10-04 02:57:31 
2026-10-04 02:57:31 =========================================
2026-10-04 02:57:31 STARTING ITERATION #12
2026-10-04 02:57:31 =========================================
2026-10-04 02:57:31 Current Champion Score: 0.9208
2026-10-04 02:57:31 Failing queries to fix: 16
2026-10-04 02:57:31 Calling Optimizer Agent to refine instructions...
2026-10-04 03:04:21 Starting validation run on 45 queries x30 runs...
2026-10-04 03:04:21   [1/45] Processing Query Q01...
2026-10-04 03:07:25     Query Q01 Score: 1.00 (avg of 30 runs)
2026-10-04 03:07:25   [2/45] Processing Query Q02...
2026-10-04 03:09:01     Query Q02 Score: 1.00 (avg of 30 runs)
2026-10-04 03:09:01   [3/45] Processing Query Q03...
2026-10-04 03:10:37     Query Q03 Score: 1.00 (avg of 30 runs)
2026-10-04 03:10:37   [4/45] Processing Query Q04...
2026-10-04 03:12:24     Query Q04 Score: 1.00 (avg of 30 runs)
2026-10-04 03:12:24   [5/45] Processing Query Q05...
2026-10-04 03:15:59     Query Q05 Score: 0.95 (avg of 30 runs)
2026-10-04 03:15:59   [6/45] Processing Query Q06...
2026-10-04 03:17:54     Query Q06 Score: 0.95 (avg of 30 runs)
2026-10-04 03:17:54   [7/45] Processing Query Q07...
2026-10-04 03:19:34     Query Q07 Score: 1.00 (avg of 30 runs)
2026-10-04 03:19:34   [8/45] Processing Query Q08...
2026-10-04 03:21:10     Query Q08 Score: 1.00 (avg of 30 runs)
2026-10-04 03:21:10   [9/45] Processing Query Q09...
2026-10-04 03:25:44     Query Q09 Score: 0.49 (avg of 30 runs)
2026-10-04 03:25:44   [10/45] Processing Query Q10...
2026-10-04 03:27:38     Query Q10 Score: 1.00 (avg of 30 runs)
2026-10-04 03:27:38   [11/45] Processing Query Q11...
2026-10-04 03:29:42     Query Q11 Score: 0.40 (avg of 30 runs)
2026-10-04 03:29:42   [12/45] Processing Query Q12...
2026-10-04 03:31:17     Query Q12 Score: 1.00 (avg of 30 runs)
2026-10-04 03:31:17   [13/45] Processing Query Q13...
2026-10-04 03:33:02     Query Q13 Score: 1.00 (avg of 30 runs)
2026-10-04 03:33:02   [14/45] Processing Query Q14...
2026-10-04 03:34:43     Query Q14 Score: 0.95 (avg of 30 runs)
2026-10-04 03:34:43   [15/45] Processing Query Q15...
2026-10-04 03:36:44     Query Q15 Score: 1.00 (avg of 30 runs)
2026-10-04 03:36:44   [16/45] Processing Query Q16...
2026-10-04 03:38:42     Query Q16 Score: 0.80 (avg of 30 runs)
2026-10-04 03:38:42   [17/45] Processing Query Q17...
2026-10-04 03:40:25     Query Q17 Score: 1.00 (avg of 30 runs)
2026-10-04 03:40:25   [18/45] Processing Query Q18...
2026-10-04 03:42:07     Query Q18 Score: 1.00 (avg of 30 runs)
2026-10-04 03:42:07   [19/45] Processing Query Q19...
2026-10-04 03:43:42     Query Q19 Score: 1.00 (avg of 30 runs)
2026-10-04 03:43:42   [20/45] Processing Query Q20...
2026-10-04 03:45:28     Query Q20 Score: 0.90 (avg of 30 runs)
2026-10-04 03:45:28   [21/45] Processing Query Q21...
2026-10-04 03:47:09     Query Q21 Score: 1.00 (avg of 30 runs)
2026-10-04 03:47:09   [22/45] Processing Query Q22...
2026-10-04 03:48:43     Query Q22 Score: 1.00 (avg of 30 runs)
2026-10-04 03:48:43   [23/45] Processing Query Q23...
2026-10-04 03:54:55     Query Q23 Score: 0.51 (avg of 30 runs)
2026-10-04 03:54:55   [24/45] Processing Query Q24...
2026-10-04 03:57:04     Query Q24 Score: 1.00 (avg of 30 runs)
2026-10-04 03:57:04   [25/45] Processing Query Q25...
2026-10-04 03:58:46     Query Q25 Score: 1.00 (avg of 30 runs)
2026-10-04 03:58:46   [26/45] Processing Query Q26...
2026-10-04 04:00:14     Query Q26 Score: 1.00 (avg of 30 runs)
2026-10-04 04:00:14   [27/45] Processing Query Q27...
2026-10-04 04:02:34     Query Q27 Score: 0.99 (avg of 30 runs)
2026-10-04 04:02:34   [28/45] Processing Query Q28...
2026-10-04 04:04:10     Query Q28 Score: 1.00 (avg of 30 runs)
2026-10-04 04:04:10   [29/45] Processing Query Q29...
2026-10-04 04:05:52     Query Q29 Score: 1.00 (avg of 30 runs)
2026-10-04 04:05:52   [30/45] Processing Query Q30...
2026-10-04 04:07:38     Query Q30 Score: 1.00 (avg of 30 runs)
2026-10-04 04:07:38   [31/45] Processing Query Q31...
2026-10-04 04:09:13     Query Q31 Score: 1.00 (avg of 30 runs)
2026-10-04 04:09:13   [32/45] Processing Query Q32...
2026-10-04 04:11:07     Query Q32 Score: 1.00 (avg of 30 runs)
2026-10-04 04:11:07   [33/45] Processing Query Q33...
2026-10-04 04:13:01     Query Q33 Score: 1.00 (avg of 30 runs)
2026-10-04 04:13:01   [34/45] Processing Query Q34...
2026-10-04 04:14:42     Query Q34 Score: 0.95 (avg of 30 runs)
2026-10-04 04:14:42   [35/45] Processing Query Q35...
2026-10-04 04:16:15     Query Q35 Score: 1.00 (avg of 30 runs)
2026-10-04 04:16:15   [36/45] Processing Query Q36...
2026-10-04 04:18:19     Query Q36 Score: 0.61 (avg of 30 runs)
2026-10-04 04:18:19   [37/45] Processing Query Q37...
2026-10-04 04:20:10     Query Q37 Score: 0.95 (avg of 30 runs)
2026-10-04 04:20:10   [38/45] Processing Query Q38...
2026-10-04 04:21:43     Query Q38 Score: 1.00 (avg of 30 runs)
2026-10-04 04:21:43   [39/45] Processing Query Q39...
2026-10-04 04:23:29     Query Q39 Score: 1.00 (avg of 30 runs)
2026-10-04 04:23:29   [40/45] Processing Query Q40...
2026-10-04 04:25:11     Query Q40 Score: 1.00 (avg of 30 runs)
2026-10-04 04:25:11   [41/45] Processing Query Q41...
2026-10-04 04:27:17     Query Q41 Score: 0.51 (avg of 30 runs)
2026-10-04 04:27:17   [42/45] Processing Query Q42...
2026-10-04 04:28:58     Query Q42 Score: 0.90 (avg of 30 runs)
2026-10-04 04:28:58   [43/45] Processing Query Q43...
2026-10-04 04:30:48     Query Q43 Score: 1.00 (avg of 30 runs)
2026-10-04 04:30:48   [44/45] Processing Query Q48...
2026-10-04 04:32:54     Query Q48 Score: 0.90 (avg of 30 runs)
2026-10-04 04:32:54   [45/45] Processing Query Q49...
2026-10-04 04:35:12     Query Q49 Score: 0.71 (avg of 30 runs)
2026-10-04 04:35:12 Saved validation results to /opt/project/autoresearch/archive/run_20261003_093104/outputs/validation_results_iter12_20261004_043512.csv
2026-10-04 04:35:12 Validation run completed. Overall Mean Score: 0.9218
2026-10-04 04:35:12 Candidate Score: 0.9218 (Delta: +0.0010)
2026-10-04 04:35:12 >>> SUCCESS: Score improved! Saving new champion prompt.
2026-10-04 04:35:12 Iteration #12 logged successfully to experiments.json.
2026-10-04 04:35:12 
2026-10-04 04:35:12 =========================================
2026-10-04 04:35:12 STARTING ITERATION #13
2026-10-04 04:35:12 =========================================
2026-10-04 04:35:12 Current Champion Score: 0.9218
2026-10-04 04:35:12 Failing queries to fix: 17
2026-10-04 04:35:12 Calling Optimizer Agent to refine instructions...
2026-10-04 04:42:02 Starting validation run on 45 queries x30 runs...
2026-10-04 04:42:02   [1/45] Processing Query Q01...
2026-10-04 04:45:13     Query Q01 Score: 1.00 (avg of 30 runs)
2026-10-04 04:45:13   [2/45] Processing Query Q02...
2026-10-04 04:46:49     Query Q02 Score: 1.00 (avg of 30 runs)
2026-10-04 04:46:49   [3/45] Processing Query Q03...
2026-10-04 04:48:25     Query Q03 Score: 1.00 (avg of 30 runs)
2026-10-04 04:48:25   [4/45] Processing Query Q04...
2026-10-04 04:50:15     Query Q04 Score: 1.00 (avg of 30 runs)
2026-10-04 04:50:15   [5/45] Processing Query Q05...
2026-10-04 04:52:39     Query Q05 Score: 0.98 (avg of 30 runs)
2026-10-04 04:52:39   [6/45] Processing Query Q06...
2026-10-04 04:54:31     Query Q06 Score: 0.95 (avg of 30 runs)
2026-10-04 04:54:31   [7/45] Processing Query Q07...
2026-10-04 04:56:11     Query Q07 Score: 1.00 (avg of 30 runs)
2026-10-04 04:56:11   [8/45] Processing Query Q08...
2026-10-04 04:57:44     Query Q08 Score: 1.00 (avg of 30 runs)
2026-10-04 04:57:44   [9/45] Processing Query Q09...
2026-10-04 05:02:45     Query Q09 Score: 0.30 (avg of 30 runs)
2026-10-04 05:02:45   [10/45] Processing Query Q10...
2026-10-04 05:04:33     Query Q10 Score: 1.00 (avg of 30 runs)
2026-10-04 05:04:33   [11/45] Processing Query Q11...
2026-10-04 05:06:35     Query Q11 Score: 0.40 (avg of 30 runs)
2026-10-04 05:06:35   [12/45] Processing Query Q12...
2026-10-04 05:08:10     Query Q12 Score: 1.00 (avg of 30 runs)
2026-10-04 05:08:10   [13/45] Processing Query Q13...
2026-10-04 05:09:59     Query Q13 Score: 1.00 (avg of 30 runs)
2026-10-04 05:09:59   [14/45] Processing Query Q14...
2026-10-04 05:11:41     Query Q14 Score: 0.95 (avg of 30 runs)
2026-10-04 05:11:41   [15/45] Processing Query Q15...
2026-10-04 05:13:40     Query Q15 Score: 1.00 (avg of 30 runs)
2026-10-04 05:13:40   [16/45] Processing Query Q16...
2026-10-04 05:15:34     Query Q16 Score: 0.51 (avg of 30 runs)
2026-10-04 05:15:34   [17/45] Processing Query Q17...
2026-10-04 05:17:15     Query Q17 Score: 1.00 (avg of 30 runs)
2026-10-04 05:17:15   [18/45] Processing Query Q18...
2026-10-04 05:18:56     Query Q18 Score: 1.00 (avg of 30 runs)
2026-10-04 05:18:56   [19/45] Processing Query Q19...
2026-10-04 05:20:35     Query Q19 Score: 0.51 (avg of 30 runs)
2026-10-04 05:20:35   [20/45] Processing Query Q20...
2026-10-04 05:22:23     Query Q20 Score: 0.95 (avg of 30 runs)
2026-10-04 05:22:23   [21/45] Processing Query Q21...
2026-10-04 05:24:03     Query Q21 Score: 1.00 (avg of 30 runs)
2026-10-04 05:24:03   [22/45] Processing Query Q22...
2026-10-04 05:25:38     Query Q22 Score: 1.00 (avg of 30 runs)
2026-10-04 05:25:38   [23/45] Processing Query Q23...
2026-10-04 05:31:41     Query Q23 Score: 0.65 (avg of 30 runs)
2026-10-04 05:31:41   [24/45] Processing Query Q24...
2026-10-04 05:33:16     Query Q24 Score: 1.00 (avg of 30 runs)
2026-10-04 05:33:16   [25/45] Processing Query Q25...
2026-10-04 05:35:01     Query Q25 Score: 0.95 (avg of 30 runs)
2026-10-04 05:35:01   [26/45] Processing Query Q26...
2026-10-04 05:36:27     Query Q26 Score: 1.00 (avg of 30 runs)
2026-10-04 05:36:27   [27/45] Processing Query Q27...
2026-10-04 05:38:36     Query Q27 Score: 1.00 (avg of 30 runs)
2026-10-04 05:38:36   [28/45] Processing Query Q28...
2026-10-04 05:40:09     Query Q28 Score: 1.00 (avg of 30 runs)
2026-10-04 05:40:09   [29/45] Processing Query Q29...
2026-10-04 05:41:51     Query Q29 Score: 1.00 (avg of 30 runs)
2026-10-04 05:41:51   [30/45] Processing Query Q30...
2026-10-04 05:43:33     Query Q30 Score: 1.00 (avg of 30 runs)
2026-10-04 05:43:33   [31/45] Processing Query Q31...
2026-10-04 05:45:06     Query Q31 Score: 1.00 (avg of 30 runs)
2026-10-04 05:45:06   [32/45] Processing Query Q32...
2026-10-04 05:46:52     Query Q32 Score: 1.00 (avg of 30 runs)
2026-10-04 05:46:52   [33/45] Processing Query Q33...
2026-10-04 05:48:44     Query Q33 Score: 1.00 (avg of 30 runs)
2026-10-04 05:48:44   [34/45] Processing Query Q34...
2026-10-04 05:50:25     Query Q34 Score: 0.95 (avg of 30 runs)
2026-10-04 05:50:25   [35/45] Processing Query Q35...
2026-10-04 05:51:53     Query Q35 Score: 1.00 (avg of 30 runs)
2026-10-04 05:51:53   [36/45] Processing Query Q36...
2026-10-04 05:53:48     Query Q36 Score: 0.50 (avg of 30 runs)
2026-10-04 05:53:48   [37/45] Processing Query Q37...
2026-10-04 05:55:36     Query Q37 Score: 0.95 (avg of 30 runs)
2026-10-04 05:55:36   [38/45] Processing Query Q38...
2026-10-04 05:57:06     Query Q38 Score: 1.00 (avg of 30 runs)
2026-10-04 05:57:06   [39/45] Processing Query Q39...
2026-10-04 05:58:46     Query Q39 Score: 1.00 (avg of 30 runs)
2026-10-04 05:58:46   [40/45] Processing Query Q40...
2026-10-04 06:00:22     Query Q40 Score: 1.00 (avg of 30 runs)
2026-10-04 06:00:22   [41/45] Processing Query Q41...
2026-10-04 06:02:18     Query Q41 Score: 0.95 (avg of 30 runs)
2026-10-04 06:02:18   [42/45] Processing Query Q42...
2026-10-04 06:03:57     Query Q42 Score: 0.70 (avg of 30 runs)
2026-10-04 06:03:57   [43/45] Processing Query Q43...
2026-10-04 06:05:37     Query Q43 Score: 0.50 (avg of 30 runs)
2026-10-04 06:05:37   [44/45] Processing Query Q48...
2026-10-04 06:07:23     Query Q48 Score: 1.00 (avg of 30 runs)
2026-10-04 06:07:23   [45/45] Processing Query Q49...
2026-10-04 06:09:59     Query Q49 Score: 1.00 (avg of 30 runs)
2026-10-04 06:09:59 Saved validation results to /opt/project/autoresearch/archive/run_20261003_093104/outputs/validation_results_iter13_20261004_060959.csv
2026-10-04 06:09:59 Validation run completed. Overall Mean Score: 0.9042
2026-10-04 06:09:59 Candidate Score: 0.9042 (Delta: -0.0176)
2026-10-04 06:09:59 >>> FAILURE: Score did not improve. Discarding changes.
2026-10-04 06:09:59 Iteration #13 logged successfully to experiments.json.
2026-10-04 06:09:59 
2026-10-04 06:09:59 =========================================
2026-10-04 06:09:59 STARTING ITERATION #14
2026-10-04 06:09:59 =========================================
2026-10-04 06:09:59 Current Champion Score: 0.9218
2026-10-04 06:09:59 Failing queries to fix: 17
2026-10-04 06:09:59 Calling Optimizer Agent to refine instructions...
2026-10-04 06:16:57 Starting validation run on 45 queries x30 runs...
2026-10-04 06:16:57   [1/45] Processing Query Q01...
2026-10-04 06:20:08     Query Q01 Score: 1.00 (avg of 30 runs)
2026-10-04 06:20:08   [2/45] Processing Query Q02...
2026-10-04 06:21:42     Query Q02 Score: 1.00 (avg of 30 runs)
2026-10-04 06:21:42   [3/45] Processing Query Q03...
2026-10-04 06:23:16     Query Q03 Score: 1.00 (avg of 30 runs)
2026-10-04 06:23:16   [4/45] Processing Query Q04...
2026-10-04 06:25:07     Query Q04 Score: 1.00 (avg of 30 runs)
2026-10-04 06:25:07   [5/45] Processing Query Q05...
2026-10-04 06:28:56     Query Q05 Score: 0.84 (avg of 30 runs)
2026-10-04 06:28:56   [6/45] Processing Query Q06...
2026-10-04 06:30:51     Query Q06 Score: 0.95 (avg of 30 runs)
2026-10-04 06:30:51   [7/45] Processing Query Q07...
2026-10-04 06:32:32     Query Q07 Score: 1.00 (avg of 30 runs)
2026-10-04 06:32:32   [8/45] Processing Query Q08...
2026-10-04 06:34:09     Query Q08 Score: 1.00 (avg of 30 runs)
2026-10-04 06:34:09   [9/45] Processing Query Q09...
2026-10-04 06:36:09     Query Q09 Score: 1.00 (avg of 30 runs)
2026-10-04 06:36:09   [10/45] Processing Query Q10...
2026-10-04 06:38:04     Query Q10 Score: 1.00 (avg of 30 runs)
2026-10-04 06:38:04   [11/45] Processing Query Q11...
2026-10-04 06:40:08     Query Q11 Score: 0.40 (avg of 30 runs)
2026-10-04 06:40:08   [12/45] Processing Query Q12...
2026-10-04 06:41:48     Query Q12 Score: 1.00 (avg of 30 runs)
2026-10-04 06:41:48   [13/45] Processing Query Q13...
2026-10-04 06:43:45     Query Q13 Score: 0.40 (avg of 30 runs)
2026-10-04 06:43:45   [14/45] Processing Query Q14...
2026-10-04 06:45:23     Query Q14 Score: 0.91 (avg of 30 runs)
2026-10-04 06:45:23   [15/45] Processing Query Q15...
2026-10-04 06:47:23     Query Q15 Score: 1.00 (avg of 30 runs)
2026-10-04 06:47:23   [16/45] Processing Query Q16...
2026-10-04 06:49:26     Query Q16 Score: 0.70 (avg of 30 runs)
2026-10-04 06:49:26   [17/45] Processing Query Q17...
2026-10-04 06:51:15     Query Q17 Score: 1.00 (avg of 30 runs)
2026-10-04 06:51:15   [18/45] Processing Query Q18...
2026-10-04 06:53:00     Query Q18 Score: 1.00 (avg of 30 runs)
2026-10-04 06:53:00   [19/45] Processing Query Q19...
2026-10-04 06:54:33     Query Q19 Score: 1.00 (avg of 30 runs)
2026-10-04 06:54:33   [20/45] Processing Query Q20...
2026-10-04 06:56:24     Query Q20 Score: 0.51 (avg of 30 runs)
2026-10-04 06:56:24   [21/45] Processing Query Q21...
2026-10-04 06:58:04     Query Q21 Score: 1.00 (avg of 30 runs)
2026-10-04 06:58:04   [22/45] Processing Query Q22...
2026-10-04 06:59:39     Query Q22 Score: 1.00 (avg of 30 runs)
2026-10-04 06:59:39   [23/45] Processing Query Q23...
2026-10-04 07:05:46     Query Q23 Score: 0.60 (avg of 30 runs)
2026-10-04 07:05:46   [24/45] Processing Query Q24...
2026-10-04 07:07:20     Query Q24 Score: 1.00 (avg of 30 runs)
2026-10-04 07:07:20   [25/45] Processing Query Q25...
2026-10-04 07:09:07     Query Q25 Score: 0.95 (avg of 30 runs)
2026-10-04 07:09:07   [26/45] Processing Query Q26...
2026-10-04 07:10:32     Query Q26 Score: 1.00 (avg of 30 runs)
2026-10-04 07:10:32   [27/45] Processing Query Q27...
2026-10-04 07:12:06     Query Q27 Score: 1.00 (avg of 30 runs)
2026-10-04 07:12:06   [28/45] Processing Query Q28...
2026-10-04 07:13:41     Query Q28 Score: 1.00 (avg of 30 runs)
2026-10-04 07:13:41   [29/45] Processing Query Q29...
2026-10-04 07:15:20     Query Q29 Score: 1.00 (avg of 30 runs)
2026-10-04 07:15:20   [30/45] Processing Query Q30...
2026-10-04 07:17:05     Query Q30 Score: 1.00 (avg of 30 runs)
2026-10-04 07:17:05   [31/45] Processing Query Q31...
2026-10-04 07:18:37     Query Q31 Score: 1.00 (avg of 30 runs)
2026-10-04 07:18:37   [32/45] Processing Query Q32...
2026-10-04 07:20:27     Query Q32 Score: 0.71 (avg of 30 runs)
2026-10-04 07:20:27   [33/45] Processing Query Q33...
2026-10-04 07:22:25     Query Q33 Score: 1.00 (avg of 30 runs)
2026-10-04 07:22:25   [34/45] Processing Query Q34...
2026-10-04 07:24:10     Query Q34 Score: 0.95 (avg of 30 runs)
2026-10-04 07:24:10   [35/45] Processing Query Q35...
2026-10-04 07:25:39     Query Q35 Score: 1.00 (avg of 30 runs)
2026-10-04 07:25:39   [36/45] Processing Query Q36...
2026-10-04 07:27:42     Query Q36 Score: 0.95 (avg of 30 runs)
2026-10-04 07:27:42   [37/45] Processing Query Q37...
2026-10-04 07:29:39     Query Q37 Score: 0.74 (avg of 30 runs)
2026-10-04 07:29:39   [38/45] Processing Query Q38...
2026-10-04 07:31:18     Query Q38 Score: 1.00 (avg of 30 runs)
2026-10-04 07:31:18   [39/45] Processing Query Q39...
2026-10-04 07:33:05     Query Q39 Score: 1.00 (avg of 30 runs)
2026-10-04 07:33:05   [40/45] Processing Query Q40...
2026-10-04 07:34:48     Query Q40 Score: 1.00 (avg of 30 runs)
2026-10-04 07:34:48   [41/45] Processing Query Q41...
2026-10-04 07:36:55     Query Q41 Score: 0.42 (avg of 30 runs)
2026-10-04 07:36:55   [42/45] Processing Query Q42...
2026-10-04 07:38:39     Query Q42 Score: 0.90 (avg of 30 runs)
2026-10-04 07:38:39   [43/45] Processing Query Q43...
2026-10-04 07:40:26     Query Q43 Score: 0.50 (avg of 30 runs)
2026-10-04 07:40:26   [44/45] Processing Query Q48...
2026-10-04 07:42:29     Query Q48 Score: 0.85 (avg of 30 runs)
2026-10-04 07:42:29   [45/45] Processing Query Q49...
2026-10-04 07:44:45     Query Q49 Score: 0.76 (avg of 30 runs)
2026-10-04 07:44:45 Saved validation results to /opt/project/autoresearch/archive/run_20261003_093104/outputs/validation_results_iter14_20261004_074445.csv
2026-10-04 07:44:45 Validation run completed. Overall Mean Score: 0.8897
2026-10-04 07:44:45 Candidate Score: 0.8897 (Delta: -0.0321)
2026-10-04 07:44:45 >>> FAILURE: Score did not improve. Discarding changes.
2026-10-04 07:44:45 Iteration #14 logged successfully to experiments.json.
2026-10-04 07:44:45 
2026-10-04 07:44:45 =========================================
2026-10-04 07:44:45 STARTING ITERATION #15
2026-10-04 07:44:45 =========================================
2026-10-04 07:44:45 Current Champion Score: 0.9218
2026-10-04 07:44:45 Failing queries to fix: 17
2026-10-04 07:44:45 Calling Optimizer Agent to refine instructions...
2026-10-04 07:53:14 Starting validation run on 45 queries x30 runs...
2026-10-04 07:53:14   [1/45] Processing Query Q01...
2026-10-04 07:56:24     Query Q01 Score: 1.00 (avg of 30 runs)
2026-10-04 07:56:24   [2/45] Processing Query Q02...
2026-10-04 07:58:08     Query Q02 Score: 0.95 (avg of 30 runs)
2026-10-04 07:58:08   [3/45] Processing Query Q03...
2026-10-04 07:59:44     Query Q03 Score: 1.00 (avg of 30 runs)
2026-10-04 07:59:44   [4/45] Processing Query Q04...
2026-10-04 08:01:33     Query Q04 Score: 1.00 (avg of 30 runs)
2026-10-04 08:01:33   [5/45] Processing Query Q05...
2026-10-04 08:05:34     Query Q05 Score: 0.95 (avg of 30 runs)
2026-10-04 08:05:34   [6/45] Processing Query Q06...
2026-10-04 08:07:26     Query Q06 Score: 0.95 (avg of 30 runs)
2026-10-04 08:07:26   [7/45] Processing Query Q07...
2026-10-04 08:09:07     Query Q07 Score: 1.00 (avg of 30 runs)
2026-10-04 08:09:07   [8/45] Processing Query Q08...
2026-10-04 08:10:43     Query Q08 Score: 1.00 (avg of 30 runs)
2026-10-04 08:10:43   [9/45] Processing Query Q09...
2026-10-04 08:14:42     Query Q09 Score: 0.40 (avg of 30 runs)
2026-10-04 08:14:42   [10/45] Processing Query Q10...
2026-10-04 08:16:37     Query Q10 Score: 1.00 (avg of 30 runs)
2026-10-04 08:16:37   [11/45] Processing Query Q11...
2026-10-04 08:18:40     Query Q11 Score: 0.49 (avg of 30 runs)
2026-10-04 08:18:40   [12/45] Processing Query Q12...
2026-10-04 08:20:15     Query Q12 Score: 1.00 (avg of 30 runs)
2026-10-04 08:20:15   [13/45] Processing Query Q13...
2026-10-04 08:22:01     Query Q13 Score: 1.00 (avg of 30 runs)
2026-10-04 08:22:01   [14/45] Processing Query Q14...
2026-10-04 08:23:37     Query Q14 Score: 1.00 (avg of 30 runs)
2026-10-04 08:23:37   [15/45] Processing Query Q15...
2026-10-04 08:25:39     Query Q15 Score: 1.00 (avg of 30 runs)
2026-10-04 08:25:39   [16/45] Processing Query Q16...
2026-10-04 08:27:40     Query Q16 Score: 0.70 (avg of 30 runs)
2026-10-04 08:27:40   [17/45] Processing Query Q17...
2026-10-04 08:29:28     Query Q17 Score: 1.00 (avg of 30 runs)
2026-10-04 08:29:28   [18/45] Processing Query Q18...
2026-10-04 08:31:10     Query Q18 Score: 1.00 (avg of 30 runs)
2026-10-04 08:31:10   [19/45] Processing Query Q19...
2026-10-04 08:32:45     Query Q19 Score: 1.00 (avg of 30 runs)
2026-10-04 08:32:45   [20/45] Processing Query Q20...
2026-10-04 08:34:33     Query Q20 Score: 1.00 (avg of 30 runs)
2026-10-04 08:34:33   [21/45] Processing Query Q21...
2026-10-04 08:36:13     Query Q21 Score: 1.00 (avg of 30 runs)
2026-10-04 08:36:13   [22/45] Processing Query Q22...
2026-10-04 08:37:49     Query Q22 Score: 1.00 (avg of 30 runs)
2026-10-04 08:37:49   [23/45] Processing Query Q23...
2026-10-04 08:44:02     Query Q23 Score: 0.95 (avg of 30 runs)
2026-10-04 08:44:02   [24/45] Processing Query Q24...
2026-10-04 08:46:09     Query Q24 Score: 0.99 (avg of 30 runs)
2026-10-04 08:46:09   [25/45] Processing Query Q25...
2026-10-04 08:47:50     Query Q25 Score: 1.00 (avg of 30 runs)
2026-10-04 08:47:50   [26/45] Processing Query Q26...
2026-10-04 08:49:18     Query Q26 Score: 1.00 (avg of 30 runs)
2026-10-04 08:49:18   [27/45] Processing Query Q27...
2026-10-04 08:50:53     Query Q27 Score: 0.50 (avg of 30 runs)
2026-10-04 08:50:53   [28/45] Processing Query Q28...
2026-10-04 08:52:29     Query Q28 Score: 1.00 (avg of 30 runs)
2026-10-04 08:52:29   [29/45] Processing Query Q29...
2026-10-04 08:54:19     Query Q29 Score: 1.00 (avg of 30 runs)
2026-10-04 08:54:19   [30/45] Processing Query Q30...
2026-10-04 08:56:07     Query Q30 Score: 1.00 (avg of 30 runs)
2026-10-04 08:56:07   [31/45] Processing Query Q31...
2026-10-04 08:57:40     Query Q31 Score: 1.00 (avg of 30 runs)
2026-10-04 08:57:40   [32/45] Processing Query Q32...
2026-10-04 08:59:31     Query Q32 Score: 1.00 (avg of 30 runs)
2026-10-04 08:59:31   [33/45] Processing Query Q33...
2026-10-04 09:01:24     Query Q33 Score: 1.00 (avg of 30 runs)
2026-10-04 09:01:24   [34/45] Processing Query Q34...
2026-10-04 09:03:08     Query Q34 Score: 0.95 (avg of 30 runs)
2026-10-04 09:03:08   [35/45] Processing Query Q35...
2026-10-04 09:04:36     Query Q35 Score: 1.00 (avg of 30 runs)
2026-10-04 09:04:36   [36/45] Processing Query Q36...
2026-10-04 09:06:27     Query Q36 Score: 0.91 (avg of 30 runs)
2026-10-04 09:06:27   [37/45] Processing Query Q37...
2026-10-04 09:08:22     Query Q37 Score: 0.71 (avg of 30 runs)
2026-10-04 09:08:22   [38/45] Processing Query Q38...
2026-10-04 09:09:55     Query Q38 Score: 0.98 (avg of 30 runs)
2026-10-04 09:09:55   [39/45] Processing Query Q39...
2026-10-04 09:11:40     Query Q39 Score: 1.00 (avg of 30 runs)
2026-10-04 09:11:40   [40/45] Processing Query Q40...
2026-10-04 09:13:23     Query Q40 Score: 1.00 (avg of 30 runs)
2026-10-04 09:13:23   [41/45] Processing Query Q41...
2026-10-04 09:15:25     Query Q41 Score: 0.85 (avg of 30 runs)
2026-10-04 09:15:25   [42/45] Processing Query Q42...
2026-10-04 09:17:01     Query Q42 Score: 0.99 (avg of 30 runs)
2026-10-04 09:17:01   [43/45] Processing Query Q43...
2026-10-04 09:18:44     Query Q43 Score: 0.50 (avg of 30 runs)
2026-10-04 09:18:44   [44/45] Processing Query Q48...
2026-10-04 09:20:42     Query Q48 Score: 1.00 (avg of 30 runs)
2026-10-04 09:20:42   [45/45] Processing Query Q49...
2026-10-04 09:25:27     Query Q49 Score: 0.95 (avg of 30 runs)
2026-10-04 09:25:28 Saved validation results to /opt/project/autoresearch/archive/run_20261003_093104/outputs/validation_results_iter15_20261004_092527.csv
2026-10-04 09:25:28 Validation run completed. Overall Mean Score: 0.9270
2026-10-04 09:25:28 Candidate Score: 0.9270 (Delta: +0.0052)
2026-10-04 09:25:28 >>> SUCCESS: Score improved! Saving new champion prompt.
2026-10-04 09:25:28 Iteration #15 logged successfully to experiments.json.
2026-10-04 09:25:28 
2026-10-04 09:25:28 =========================================
2026-10-04 09:25:28 STARTING ITERATION #16
2026-10-04 09:25:28 =========================================
2026-10-04 09:25:28 Current Champion Score: 0.9270
2026-10-04 09:25:28 Failing queries to fix: 19
2026-10-04 09:25:28 Calling Optimizer Agent to refine instructions...
2026-10-04 09:32:39 Starting validation run on 45 queries x30 runs...
2026-10-04 09:32:39   [1/45] Processing Query Q01...
2026-10-04 09:35:48     Query Q01 Score: 1.00 (avg of 30 runs)
2026-10-04 09:35:48   [2/45] Processing Query Q02...
2026-10-04 09:37:31     Query Q02 Score: 0.95 (avg of 30 runs)
2026-10-04 09:37:31   [3/45] Processing Query Q03...
2026-10-04 09:39:08     Query Q03 Score: 1.00 (avg of 30 runs)
2026-10-04 09:39:08   [4/45] Processing Query Q04...
2026-10-04 09:40:57     Query Q04 Score: 1.00 (avg of 30 runs)
2026-10-04 09:40:57   [5/45] Processing Query Q05...
2026-10-04 09:43:04     Query Q05 Score: 0.81 (avg of 30 runs)
2026-10-04 09:43:04   [6/45] Processing Query Q06...
2026-10-04 09:44:56     Query Q06 Score: 0.95 (avg of 30 runs)
2026-10-04 09:44:56   [7/45] Processing Query Q07...
2026-10-04 09:46:37     Query Q07 Score: 1.00 (avg of 30 runs)
2026-10-04 09:46:37   [8/45] Processing Query Q08...
2026-10-04 09:48:12     Query Q08 Score: 1.00 (avg of 30 runs)
2026-10-04 09:48:12   [9/45] Processing Query Q09...
2026-10-04 09:52:32     Query Q09 Score: 0.40 (avg of 30 runs)
2026-10-04 09:52:32   [10/45] Processing Query Q10...
2026-10-04 09:54:27     Query Q10 Score: 1.00 (avg of 30 runs)
2026-10-04 09:54:27   [11/45] Processing Query Q11...
2026-10-04 09:56:31     Query Q11 Score: 0.40 (avg of 30 runs)
2026-10-04 09:56:31   [12/45] Processing Query Q12...
2026-10-04 09:58:09     Query Q12 Score: 1.00 (avg of 30 runs)
2026-10-04 09:58:09   [13/45] Processing Query Q13...
2026-10-04 10:00:03     Query Q13 Score: 0.98 (avg of 30 runs)
2026-10-04 10:00:03   [14/45] Processing Query Q14...
2026-10-04 10:01:36     Query Q14 Score: 1.00 (avg of 30 runs)
2026-10-04 10:01:36   [15/45] Processing Query Q15...
2026-10-04 10:03:36     Query Q15 Score: 1.00 (avg of 30 runs)
2026-10-04 10:03:36   [16/45] Processing Query Q16...
2026-10-04 10:05:38     Query Q16 Score: 0.70 (avg of 30 runs)
2026-10-04 10:05:38   [17/45] Processing Query Q17...
2026-10-04 10:07:23     Query Q17 Score: 1.00 (avg of 30 runs)
2026-10-04 10:07:23   [18/45] Processing Query Q18...
2026-10-04 10:09:10     Query Q18 Score: 1.00 (avg of 30 runs)
2026-10-04 10:09:10   [19/45] Processing Query Q19...
2026-10-04 10:10:48     Query Q19 Score: 0.60 (avg of 30 runs)
2026-10-04 10:10:48   [20/45] Processing Query Q20...
2026-10-04 10:12:36     Query Q20 Score: 1.00 (avg of 30 runs)
2026-10-04 10:12:36   [21/45] Processing Query Q21...
2026-10-04 10:14:21     Query Q21 Score: 1.00 (avg of 30 runs)
2026-10-04 10:14:21   [22/45] Processing Query Q22...
2026-10-04 10:15:57     Query Q22 Score: 1.00 (avg of 30 runs)
2026-10-04 10:15:57   [23/45] Processing Query Q23...
2026-10-04 10:22:05     Query Q23 Score: 0.50 (avg of 30 runs)
2026-10-04 10:22:05   [24/45] Processing Query Q24...
2026-10-04 10:23:41     Query Q24 Score: 1.00 (avg of 30 runs)
2026-10-04 10:23:41   [25/45] Processing Query Q25...
2026-10-04 10:25:21     Query Q25 Score: 1.00 (avg of 30 runs)
2026-10-04 10:25:21   [26/45] Processing Query Q26...
2026-10-04 10:26:47     Query Q26 Score: 1.00 (avg of 30 runs)
2026-10-04 10:26:47   [27/45] Processing Query Q27...
2026-10-04 10:28:25     Query Q27 Score: 1.00 (avg of 30 runs)
2026-10-04 10:28:25   [28/45] Processing Query Q28...
2026-10-04 10:30:02     Query Q28 Score: 1.00 (avg of 30 runs)
2026-10-04 10:30:02   [29/45] Processing Query Q29...
2026-10-04 10:31:56     Query Q29 Score: 1.00 (avg of 30 runs)
2026-10-04 10:31:56   [30/45] Processing Query Q30...
2026-10-04 10:33:51     Query Q30 Score: 1.00 (avg of 30 runs)
2026-10-04 10:33:51   [31/45] Processing Query Q31...
2026-10-04 10:35:24     Query Q31 Score: 1.00 (avg of 30 runs)
2026-10-04 10:35:24   [32/45] Processing Query Q32...
2026-10-04 10:37:15     Query Q32 Score: 1.00 (avg of 30 runs)
2026-10-04 10:37:15   [33/45] Processing Query Q33...
2026-10-04 10:39:12     Query Q33 Score: 1.00 (avg of 30 runs)
2026-10-04 10:39:12   [34/45] Processing Query Q34...
2026-10-04 10:40:55     Query Q34 Score: 0.95 (avg of 30 runs)
2026-10-04 10:40:55   [35/45] Processing Query Q35...
2026-10-04 10:42:23     Query Q35 Score: 1.00 (avg of 30 runs)
2026-10-04 10:42:23   [36/45] Processing Query Q36...
2026-10-04 10:44:26     Query Q36 Score: 0.61 (avg of 30 runs)
2026-10-04 10:44:26   [37/45] Processing Query Q37...
2026-10-04 10:46:16     Query Q37 Score: 1.00 (avg of 30 runs)
2026-10-04 10:46:16   [38/45] Processing Query Q38...
2026-10-04 10:47:50     Query Q38 Score: 1.00 (avg of 30 runs)
2026-10-04 10:47:50   [39/45] Processing Query Q39...
2026-10-04 10:49:33     Query Q39 Score: 1.00 (avg of 30 runs)
2026-10-04 10:49:33   [40/45] Processing Query Q40...
2026-10-04 10:51:12     Query Q40 Score: 1.00 (avg of 30 runs)
2026-10-04 10:51:12   [41/45] Processing Query Q41...
2026-10-04 10:53:09     Query Q41 Score: 0.90 (avg of 30 runs)
2026-10-04 10:53:09   [42/45] Processing Query Q42...
2026-10-04 10:54:47     Query Q42 Score: 1.00 (avg of 30 runs)
2026-10-04 10:54:47   [43/45] Processing Query Q43...
2026-10-04 10:56:32     Query Q43 Score: 0.50 (avg of 30 runs)
2026-10-04 10:56:32   [44/45] Processing Query Q48...
2026-10-04 10:58:29     Query Q48 Score: 1.00 (avg of 30 runs)
2026-10-04 10:58:29   [45/45] Processing Query Q49...
2026-10-04 11:01:17     Query Q49 Score: 1.00 (avg of 30 runs)
2026-10-04 11:01:17 Saved validation results to /opt/project/autoresearch/archive/run_20261003_093104/outputs/validation_results_iter16_20261004_110117.csv
2026-10-04 11:01:17 Validation run completed. Overall Mean Score: 0.9166
2026-10-04 11:01:17 Candidate Score: 0.9166 (Delta: -0.0104)
2026-10-04 11:01:17 >>> FAILURE: Score did not improve. Discarding changes.
2026-10-04 11:01:17 Iteration #16 logged successfully to experiments.json.
2026-10-04 11:01:17 
2026-10-04 11:01:17 =========================================
2026-10-04 11:01:17 STARTING ITERATION #17
2026-10-04 11:01:17 =========================================
2026-10-04 11:01:17 Current Champion Score: 0.9270
2026-10-04 11:01:17 Failing queries to fix: 19
2026-10-04 11:01:17 Calling Optimizer Agent to refine instructions...
2026-10-04 11:09:12 Starting validation run on 45 queries x30 runs...
2026-10-04 11:09:12   [1/45] Processing Query Q01...
2026-10-04 11:12:31     Query Q01 Score: 1.00 (avg of 30 runs)
2026-10-04 11:12:31   [2/45] Processing Query Q02...
2026-10-04 11:14:14     Query Q02 Score: 0.95 (avg of 30 runs)
2026-10-04 11:14:14   [3/45] Processing Query Q03...
2026-10-04 11:15:52     Query Q03 Score: 1.00 (avg of 30 runs)
2026-10-04 11:15:52   [4/45] Processing Query Q04...
2026-10-04 11:17:42     Query Q04 Score: 1.00 (avg of 30 runs)
2026-10-04 11:17:42   [5/45] Processing Query Q05...
2026-10-04 11:19:49     Query Q05 Score: 0.32 (avg of 30 runs)
2026-10-04 11:19:49   [6/45] Processing Query Q06...
2026-10-04 11:21:43     Query Q06 Score: 0.95 (avg of 30 runs)
2026-10-04 11:21:43   [7/45] Processing Query Q07...
2026-10-04 11:23:28     Query Q07 Score: 1.00 (avg of 30 runs)
2026-10-04 11:23:28   [8/45] Processing Query Q08...
2026-10-04 11:25:04     Query Q08 Score: 1.00 (avg of 30 runs)
2026-10-04 11:25:04   [9/45] Processing Query Q09...
2026-10-04 11:28:13     Query Q09 Score: 0.50 (avg of 30 runs)
2026-10-04 11:28:13   [10/45] Processing Query Q10...
2026-10-04 11:30:09     Query Q10 Score: 1.00 (avg of 30 runs)
2026-10-04 11:30:09   [11/45] Processing Query Q11...
2026-10-04 11:32:13     Query Q11 Score: 0.50 (avg of 30 runs)
2026-10-04 11:32:13   [12/45] Processing Query Q12...
2026-10-04 11:33:52     Query Q12 Score: 1.00 (avg of 30 runs)
2026-10-04 11:33:52   [13/45] Processing Query Q13...
2026-10-04 11:35:44     Query Q13 Score: 1.00 (avg of 30 runs)
2026-10-04 11:35:44   [14/45] Processing Query Q14...
2026-10-04 11:37:31     Query Q14 Score: 0.52 (avg of 30 runs)
2026-10-04 11:37:31   [15/45] Processing Query Q15...
2026-10-04 11:39:23     Query Q15 Score: 1.00 (avg of 30 runs)
2026-10-04 11:39:23   [16/45] Processing Query Q16...
2026-10-04 11:41:28     Query Q16 Score: 0.70 (avg of 30 runs)
2026-10-04 11:41:28   [17/45] Processing Query Q17...
2026-10-04 11:43:15     Query Q17 Score: 1.00 (avg of 30 runs)
2026-10-04 11:43:15   [18/45] Processing Query Q18...
2026-10-04 11:45:03     Query Q18 Score: 1.00 (avg of 30 runs)
2026-10-04 11:45:03   [19/45] Processing Query Q19...
2026-10-04 11:46:54     Query Q19 Score: 0.50 (avg of 30 runs)
2026-10-04 11:46:54   [20/45] Processing Query Q20...
2026-10-04 11:48:45     Query Q20 Score: 0.95 (avg of 30 runs)
2026-10-04 11:48:45   [21/45] Processing Query Q21...
2026-10-04 11:50:30     Query Q21 Score: 1.00 (avg of 30 runs)
2026-10-04 11:50:30   [22/45] Processing Query Q22...
2026-10-04 11:52:07     Query Q22 Score: 1.00 (avg of 30 runs)
2026-10-04 11:52:07   [23/45] Processing Query Q23...
2026-10-04 11:58:32     Query Q23 Score: 0.75 (avg of 30 runs)
2026-10-04 11:58:32   [24/45] Processing Query Q24...
2026-10-04 12:00:11     Query Q24 Score: 1.00 (avg of 30 runs)
2026-10-04 12:00:11   [25/45] Processing Query Q25...
2026-10-04 12:01:57     Query Q25 Score: 1.00 (avg of 30 runs)
2026-10-04 12:01:57   [26/45] Processing Query Q26...
2026-10-04 12:03:28     Query Q26 Score: 1.00 (avg of 30 runs)
2026-10-04 12:03:28   [27/45] Processing Query Q27...
2026-10-04 12:05:10     Query Q27 Score: 0.61 (avg of 30 runs)
2026-10-04 12:05:10   [28/45] Processing Query Q28...
2026-10-04 12:06:49     Query Q28 Score: 1.00 (avg of 30 runs)
2026-10-04 12:06:49   [29/45] Processing Query Q29...
2026-10-04 12:08:44     Query Q29 Score: 1.00 (avg of 30 runs)
2026-10-04 12:08:44   [30/45] Processing Query Q30...
2026-10-04 12:10:35     Query Q30 Score: 1.00 (avg of 30 runs)
2026-10-04 12:10:35   [31/45] Processing Query Q31...
2026-10-04 12:12:08     Query Q31 Score: 0.61 (avg of 30 runs)
2026-10-04 12:12:08   [32/45] Processing Query Q32...
2026-10-04 12:14:04     Query Q32 Score: 1.00 (avg of 30 runs)
2026-10-04 12:14:04   [33/45] Processing Query Q33...
2026-10-04 12:17:39     Query Q33 Score: 0.90 (avg of 30 runs)
2026-10-04 12:17:39   [34/45] Processing Query Q34...
2026-10-04 12:19:27     Query Q34 Score: 0.95 (avg of 30 runs)
2026-10-04 12:19:27   [35/45] Processing Query Q35...
2026-10-04 12:21:02     Query Q35 Score: 1.00 (avg of 30 runs)
2026-10-04 12:21:02   [36/45] Processing Query Q36...
2026-10-04 12:23:01     Query Q36 Score: 0.99 (avg of 30 runs)
2026-10-04 12:23:01   [37/45] Processing Query Q37...
2026-10-04 12:24:50     Query Q37 Score: 0.95 (avg of 30 runs)
2026-10-04 12:24:50   [38/45] Processing Query Q38...
2026-10-04 12:26:21     Query Q38 Score: 1.00 (avg of 30 runs)
2026-10-04 12:26:21   [39/45] Processing Query Q39...
2026-10-04 12:28:04     Query Q39 Score: 1.00 (avg of 30 runs)
2026-10-04 12:28:04   [40/45] Processing Query Q40...
2026-10-04 12:29:51     Query Q40 Score: 1.00 (avg of 30 runs)
2026-10-04 12:29:51   [41/45] Processing Query Q41...
2026-10-04 12:31:53     Query Q41 Score: 0.84 (avg of 30 runs)
2026-10-04 12:31:53   [42/45] Processing Query Q42...
2026-10-04 12:33:34     Query Q42 Score: 0.70 (avg of 30 runs)
2026-10-04 12:33:34   [43/45] Processing Query Q43...
2026-10-04 12:35:16     Query Q43 Score: 0.50 (avg of 30 runs)
2026-10-04 12:35:16   [44/45] Processing Query Q48...
2026-10-04 12:37:10     Query Q48 Score: 1.00 (avg of 30 runs)
2026-10-04 12:37:10   [45/45] Processing Query Q49...
2026-10-04 12:40:56     Query Q49 Score: 0.95 (avg of 30 runs)
2026-10-04 12:40:56 Saved validation results to /opt/project/autoresearch/archive/run_20261003_093104/outputs/validation_results_iter17_20261004_124056.csv
2026-10-04 12:40:56 Validation run completed. Overall Mean Score: 0.8810
2026-10-04 12:40:56 Candidate Score: 0.8810 (Delta: -0.0460)
2026-10-04 12:40:56 >>> FAILURE: Score did not improve. Discarding changes.
2026-10-04 12:40:56 Iteration #17 logged successfully to experiments.json.
2026-10-04 12:40:56 
2026-10-04 12:40:56 =========================================
2026-10-04 12:40:56 STARTING ITERATION #18
2026-10-04 12:40:56 =========================================
2026-10-04 12:40:56 Current Champion Score: 0.9270
2026-10-04 12:40:56 Failing queries to fix: 19
2026-10-04 12:40:56 Calling Optimizer Agent to refine instructions...
2026-10-04 12:48:20 Starting validation run on 45 queries x30 runs...
2026-10-04 12:48:20   [1/45] Processing Query Q01...
2026-10-04 12:51:28     Query Q01 Score: 1.00 (avg of 30 runs)
2026-10-04 12:51:28   [2/45] Processing Query Q02...
2026-10-04 12:53:12     Query Q02 Score: 0.90 (avg of 30 runs)
2026-10-04 12:53:12   [3/45] Processing Query Q03...
2026-10-04 12:54:51     Query Q03 Score: 1.00 (avg of 30 runs)
2026-10-04 12:54:51   [4/45] Processing Query Q04...
2026-10-04 12:56:44     Query Q04 Score: 1.00 (avg of 30 runs)
2026-10-04 12:56:44   [5/45] Processing Query Q05...
2026-10-04 12:58:31     Query Q05 Score: 0.50 (avg of 30 runs)
2026-10-04 12:58:31   [6/45] Processing Query Q06...
2026-10-04 13:00:20     Query Q06 Score: 1.00 (avg of 30 runs)
2026-10-04 13:00:20   [7/45] Processing Query Q07...
2026-10-04 13:02:02     Query Q07 Score: 1.00 (avg of 30 runs)
2026-10-04 13:02:02   [8/45] Processing Query Q08...
2026-10-04 13:03:38     Query Q08 Score: 1.00 (avg of 30 runs)
2026-10-04 13:03:38   [9/45] Processing Query Q09...
2026-10-04 13:07:15     Query Q09 Score: 0.50 (avg of 30 runs)
2026-10-04 13:07:15   [10/45] Processing Query Q10...
2026-10-04 13:09:09     Query Q10 Score: 1.00 (avg of 30 runs)
2026-10-04 13:09:09   [11/45] Processing Query Q11...
2026-10-04 13:11:16     Query Q11 Score: 0.40 (avg of 30 runs)
2026-10-04 13:11:16   [12/45] Processing Query Q12...
2026-10-04 13:12:51     Query Q12 Score: 1.00 (avg of 30 runs)
2026-10-04 13:12:51   [13/45] Processing Query Q13...
2026-10-04 13:14:48     Query Q13 Score: 0.50 (avg of 30 runs)
2026-10-04 13:14:48   [14/45] Processing Query Q14...
2026-10-04 13:16:24     Query Q14 Score: 0.91 (avg of 30 runs)
2026-10-04 13:16:24   [15/45] Processing Query Q15...
2026-10-04 13:18:29     Query Q15 Score: 1.00 (avg of 30 runs)
2026-10-04 13:18:29   [16/45] Processing Query Q16...
2026-10-04 13:20:34     Query Q16 Score: 0.70 (avg of 30 runs)
2026-10-04 13:20:34   [17/45] Processing Query Q17...
2026-10-04 13:22:19     Query Q17 Score: 1.00 (avg of 30 runs)
2026-10-04 13:22:19   [18/45] Processing Query Q18...
2026-10-04 13:24:02     Query Q18 Score: 1.00 (avg of 30 runs)
2026-10-04 13:24:02   [19/45] Processing Query Q19...
2026-10-04 13:25:39     Query Q19 Score: 0.60 (avg of 30 runs)
2026-10-04 13:25:39   [20/45] Processing Query Q20...
2026-10-04 13:27:26     Query Q20 Score: 1.00 (avg of 30 runs)
2026-10-04 13:27:26   [21/45] Processing Query Q21...
2026-10-04 13:29:09     Query Q21 Score: 1.00 (avg of 30 runs)
2026-10-04 13:29:09   [22/45] Processing Query Q22...
2026-10-04 13:30:46     Query Q22 Score: 1.00 (avg of 30 runs)
2026-10-04 13:30:46   [23/45] Processing Query Q23...
2026-10-04 13:37:02     Query Q23 Score: 0.52 (avg of 30 runs)
2026-10-04 13:37:02   [24/45] Processing Query Q24...
2026-10-04 13:38:38     Query Q24 Score: 1.00 (avg of 30 runs)
2026-10-04 13:38:38   [25/45] Processing Query Q25...
2026-10-04 13:40:18     Query Q25 Score: 1.00 (avg of 30 runs)
2026-10-04 13:40:18   [26/45] Processing Query Q26...
2026-10-04 13:41:47     Query Q26 Score: 1.00 (avg of 30 runs)
2026-10-04 13:41:47   [27/45] Processing Query Q27...
2026-10-04 13:43:21     Query Q27 Score: 1.00 (avg of 30 runs)
2026-10-04 13:43:21   [28/45] Processing Query Q28...
2026-10-04 13:44:55     Query Q28 Score: 1.00 (avg of 30 runs)
2026-10-04 13:44:55   [29/45] Processing Query Q29...
2026-10-04 13:46:46     Query Q29 Score: 1.00 (avg of 30 runs)
2026-10-04 13:46:46   [30/45] Processing Query Q30...
2026-10-04 13:48:39     Query Q30 Score: 1.00 (avg of 30 runs)
2026-10-04 13:48:39   [31/45] Processing Query Q31...
2026-10-04 13:50:26     Query Q31 Score: 0.95 (avg of 30 runs)
2026-10-04 13:50:26   [32/45] Processing Query Q32...
2026-10-04 13:52:21     Query Q32 Score: 0.95 (avg of 30 runs)
2026-10-04 13:52:21   [33/45] Processing Query Q33...
2026-10-04 13:54:20     Query Q33 Score: 1.00 (avg of 30 runs)
2026-10-04 13:54:20   [34/45] Processing Query Q34...
2026-10-04 13:56:10     Query Q34 Score: 1.00 (avg of 30 runs)
2026-10-04 13:56:10   [35/45] Processing Query Q35...
2026-10-04 13:57:41     Query Q35 Score: 1.00 (avg of 30 runs)
2026-10-04 13:57:41   [36/45] Processing Query Q36...
2026-10-04 13:59:39     Query Q36 Score: 0.95 (avg of 30 runs)
2026-10-04 13:59:39   [37/45] Processing Query Q37...
2026-10-04 14:01:35     Query Q37 Score: 0.95 (avg of 30 runs)
2026-10-04 14:01:35   [38/45] Processing Query Q38...
2026-10-04 14:03:12     Query Q38 Score: 1.00 (avg of 30 runs)
2026-10-04 14:03:12   [39/45] Processing Query Q39...
2026-10-04 14:04:57     Query Q39 Score: 1.00 (avg of 30 runs)
2026-10-04 14:04:57   [40/45] Processing Query Q40...
2026-10-04 14:06:41     Query Q40 Score: 1.00 (avg of 30 runs)
2026-10-04 14:06:41   [41/45] Processing Query Q41...
2026-10-04 14:09:10     Query Q41 Score: 0.95 (avg of 30 runs)
2026-10-04 14:09:10   [42/45] Processing Query Q42...
2026-10-04 14:10:51     Query Q42 Score: 0.71 (avg of 30 runs)
2026-10-04 14:10:51   [43/45] Processing Query Q43...
2026-10-04 14:12:31     Query Q43 Score: 1.00 (avg of 30 runs)
2026-10-04 14:12:31   [44/45] Processing Query Q48...
2026-10-04 14:14:34     Query Q48 Score: 0.90 (avg of 30 runs)
2026-10-04 14:14:34   [45/45] Processing Query Q49...
2026-10-04 14:18:07     Query Q49 Score: 1.00 (avg of 30 runs)
2026-10-04 14:18:07 Saved validation results to /opt/project/autoresearch/archive/run_20261003_093104/outputs/validation_results_iter18_20261004_141807.csv
2026-10-04 14:18:07 Validation run completed. Overall Mean Score: 0.9086
2026-10-04 14:18:07 Candidate Score: 0.9086 (Delta: -0.0185)
2026-10-04 14:18:07 >>> FAILURE: Score did not improve. Discarding changes.
2026-10-04 14:18:07 Iteration #18 logged successfully to experiments.json.
2026-10-04 14:18:07 
2026-10-04 14:18:07 =========================================
2026-10-04 14:18:07 STARTING ITERATION #19
2026-10-04 14:18:07 =========================================
2026-10-04 14:18:07 Current Champion Score: 0.9270
2026-10-04 14:18:07 Failing queries to fix: 19
2026-10-04 14:18:07 Calling Optimizer Agent to refine instructions...
2026-10-04 14:26:54 Starting validation run on 45 queries x30 runs...
2026-10-04 14:26:54   [1/45] Processing Query Q01...
2026-10-04 14:30:04     Query Q01 Score: 1.00 (avg of 30 runs)
2026-10-04 14:30:04   [2/45] Processing Query Q02...
2026-10-04 14:31:48     Query Q02 Score: 0.95 (avg of 30 runs)
2026-10-04 14:31:48   [3/45] Processing Query Q03...
2026-10-04 14:33:25     Query Q03 Score: 1.00 (avg of 30 runs)
2026-10-04 14:33:25   [4/45] Processing Query Q04...
2026-10-04 14:35:14     Query Q04 Score: 1.00 (avg of 30 runs)
2026-10-04 14:35:14   [5/45] Processing Query Q05...
2026-10-04 14:37:16     Query Q05 Score: 0.40 (avg of 30 runs)
2026-10-04 14:37:16   [6/45] Processing Query Q06...
2026-10-04 14:39:04     Query Q06 Score: 1.00 (avg of 30 runs)
2026-10-04 14:39:04   [7/45] Processing Query Q07...
2026-10-04 14:40:46     Query Q07 Score: 1.00 (avg of 30 runs)
2026-10-04 14:40:46   [8/45] Processing Query Q08...
2026-10-04 14:42:21     Query Q08 Score: 1.00 (avg of 30 runs)
2026-10-04 14:42:21   [9/45] Processing Query Q09...
2026-10-04 14:46:33     Query Q09 Score: 0.50 (avg of 30 runs)
2026-10-04 14:46:33   [10/45] Processing Query Q10...
2026-10-04 14:48:27     Query Q10 Score: 1.00 (avg of 30 runs)
2026-10-04 14:48:27   [11/45] Processing Query Q11...
2026-10-04 14:50:30     Query Q11 Score: 0.49 (avg of 30 runs)
2026-10-04 14:50:30   [12/45] Processing Query Q12...
2026-10-04 14:52:07     Query Q12 Score: 1.00 (avg of 30 runs)
2026-10-04 14:52:07   [13/45] Processing Query Q13...
2026-10-04 14:54:02     Query Q13 Score: 0.50 (avg of 30 runs)
2026-10-04 14:54:02   [14/45] Processing Query Q14...
2026-10-04 14:55:38     Query Q14 Score: 1.00 (avg of 30 runs)
2026-10-04 14:55:38   [15/45] Processing Query Q15...
2026-10-04 14:57:36     Query Q15 Score: 1.00 (avg of 30 runs)
2026-10-04 14:57:36   [16/45] Processing Query Q16...
2026-10-04 14:59:33     Query Q16 Score: 0.80 (avg of 30 runs)
2026-10-04 14:59:33   [17/45] Processing Query Q17...
2026-10-04 15:01:16     Query Q17 Score: 1.00 (avg of 30 runs)
2026-10-04 15:01:16   [18/45] Processing Query Q18...
2026-10-04 15:02:57     Query Q18 Score: 1.00 (avg of 30 runs)
2026-10-04 15:02:57   [19/45] Processing Query Q19...
2026-10-04 15:04:35     Query Q19 Score: 0.60 (avg of 30 runs)
2026-10-04 15:04:35   [20/45] Processing Query Q20...
2026-10-04 15:06:19     Query Q20 Score: 0.95 (avg of 30 runs)
2026-10-04 15:06:19   [21/45] Processing Query Q21...
2026-10-04 15:08:00     Query Q21 Score: 1.00 (avg of 30 runs)
2026-10-04 15:08:00   [22/45] Processing Query Q22...
2026-10-04 15:09:34     Query Q22 Score: 1.00 (avg of 30 runs)
2026-10-04 15:09:34   [23/45] Processing Query Q23...
2026-10-04 15:14:07     Query Q23 Score: 0.95 (avg of 30 runs)
2026-10-04 15:14:07   [24/45] Processing Query Q24...
2026-10-04 15:15:43     Query Q24 Score: 1.00 (avg of 30 runs)
2026-10-04 15:15:43   [25/45] Processing Query Q25...
2026-10-04 15:17:22     Query Q25 Score: 1.00 (avg of 30 runs)
2026-10-04 15:17:22   [26/45] Processing Query Q26...
2026-10-04 15:18:48     Query Q26 Score: 1.00 (avg of 30 runs)
2026-10-04 15:18:48   [27/45] Processing Query Q27...
2026-10-04 15:20:23     Query Q27 Score: 1.00 (avg of 30 runs)
2026-10-04 15:20:23   [28/45] Processing Query Q28...
2026-10-04 15:21:56     Query Q28 Score: 1.00 (avg of 30 runs)
2026-10-04 15:21:56   [29/45] Processing Query Q29...
2026-10-04 15:23:41     Query Q29 Score: 1.00 (avg of 30 runs)
2026-10-04 15:23:41   [30/45] Processing Query Q30...
2026-10-04 15:25:25     Query Q30 Score: 1.00 (avg of 30 runs)
2026-10-04 15:25:25   [31/45] Processing Query Q31...
2026-10-04 15:26:59     Query Q31 Score: 1.00 (avg of 30 runs)
2026-10-04 15:26:59   [32/45] Processing Query Q32...
2026-10-04 15:28:50     Query Q32 Score: 1.00 (avg of 30 runs)
2026-10-04 15:28:50   [33/45] Processing Query Q33...
2026-10-04 15:30:44     Query Q33 Score: 1.00 (avg of 30 runs)
2026-10-04 15:30:44   [34/45] Processing Query Q34...
2026-10-04 15:32:26     Query Q34 Score: 0.95 (avg of 30 runs)
2026-10-04 15:32:26   [35/45] Processing Query Q35...
2026-10-04 15:33:56     Query Q35 Score: 1.00 (avg of 30 runs)
2026-10-04 15:33:56   [36/45] Processing Query Q36...
2026-10-04 15:36:05     Query Q36 Score: 0.62 (avg of 30 runs)
2026-10-04 15:36:05   [37/45] Processing Query Q37...
2026-10-04 15:37:56     Query Q37 Score: 1.00 (avg of 30 runs)
2026-10-04 15:37:56   [38/45] Processing Query Q38...
2026-10-04 15:39:31     Query Q38 Score: 1.00 (avg of 30 runs)
2026-10-04 15:39:31   [39/45] Processing Query Q39...
2026-10-04 15:41:13     Query Q39 Score: 1.00 (avg of 30 runs)
2026-10-04 15:41:13   [40/45] Processing Query Q40...
2026-10-04 15:42:53     Query Q40 Score: 1.00 (avg of 30 runs)
2026-10-04 15:42:53   [41/45] Processing Query Q41...
2026-10-04 15:45:00     Query Q41 Score: 0.42 (avg of 30 runs)
2026-10-04 15:45:00   [42/45] Processing Query Q42...
2026-10-04 15:46:36     Query Q42 Score: 0.70 (avg of 30 runs)
2026-10-04 15:46:36   [43/45] Processing Query Q43...
2026-10-04 15:48:15     Query Q43 Score: 1.00 (avg of 30 runs)
2026-10-04 15:48:15   [44/45] Processing Query Q48...
2026-10-04 15:52:15     Query Q48 Score: 0.95 (avg of 30 runs)
2026-10-04 15:52:15   [45/45] Processing Query Q49...
2026-10-04 15:54:59     Query Q49 Score: 1.00 (avg of 30 runs)
2026-10-04 15:54:59 Saved validation results to /opt/project/autoresearch/archive/run_20261003_093104/outputs/validation_results_iter19_20261004_155459.csv
2026-10-04 15:54:59 Validation run completed. Overall Mean Score: 0.9064
2026-10-04 15:54:59 Candidate Score: 0.9064 (Delta: -0.0206)
2026-10-04 15:54:59 >>> FAILURE: Score did not improve. Discarding changes.
2026-10-04 15:54:59 Iteration #19 logged successfully to experiments.json.
2026-10-04 15:54:59 
2026-10-04 15:54:59 =========================================
2026-10-04 15:54:59 STARTING ITERATION #20
2026-10-04 15:54:59 =========================================
2026-10-04 15:54:59 Current Champion Score: 0.9270
2026-10-04 15:54:59 Failing queries to fix: 19
2026-10-04 15:54:59 Calling Optimizer Agent to refine instructions...
2026-10-04 16:05:12 Starting validation run on 45 queries x30 runs...
2026-10-04 16:05:12   [1/45] Processing Query Q01...
2026-10-04 16:08:26     Query Q01 Score: 1.00 (avg of 30 runs)
2026-10-04 16:08:26   [2/45] Processing Query Q02...
2026-10-04 16:10:08     Query Q02 Score: 0.95 (avg of 30 runs)
2026-10-04 16:10:08   [3/45] Processing Query Q03...
2026-10-04 16:11:45     Query Q03 Score: 1.00 (avg of 30 runs)
2026-10-04 16:11:45   [4/45] Processing Query Q04...
2026-10-04 16:13:36     Query Q04 Score: 1.00 (avg of 30 runs)
2026-10-04 16:13:36   [5/45] Processing Query Q05...
2026-10-04 16:16:05     Query Q05 Score: 0.95 (avg of 30 runs)
2026-10-04 16:16:05   [6/45] Processing Query Q06...
2026-10-04 16:17:59     Query Q06 Score: 1.00 (avg of 30 runs)
2026-10-04 16:17:59   [7/45] Processing Query Q07...
2026-10-04 16:19:40     Query Q07 Score: 1.00 (avg of 30 runs)
2026-10-04 16:19:40   [8/45] Processing Query Q08...
2026-10-04 16:21:16     Query Q08 Score: 1.00 (avg of 30 runs)
2026-10-04 16:21:16   [9/45] Processing Query Q09...
2026-10-04 16:24:01     Query Q09 Score: 0.50 (avg of 30 runs)
2026-10-04 16:24:01   [10/45] Processing Query Q10...
2026-10-04 16:25:53     Query Q10 Score: 1.00 (avg of 30 runs)
2026-10-04 16:25:53   [11/45] Processing Query Q11...
2026-10-04 16:27:55     Query Q11 Score: 0.40 (avg of 30 runs)
2026-10-04 16:27:55   [12/45] Processing Query Q12...
2026-10-04 16:29:31     Query Q12 Score: 1.00 (avg of 30 runs)
2026-10-04 16:29:31   [13/45] Processing Query Q13...
2026-10-04 16:31:27     Query Q13 Score: 0.40 (avg of 30 runs)
2026-10-04 16:31:27   [14/45] Processing Query Q14...
2026-10-04 16:33:08     Query Q14 Score: 0.90 (avg of 30 runs)
2026-10-04 16:33:08   [15/45] Processing Query Q15...
2026-10-04 16:35:04     Query Q15 Score: 0.95 (avg of 30 runs)
2026-10-04 16:35:04   [16/45] Processing Query Q16...
2026-10-04 16:37:02     Query Q16 Score: 0.80 (avg of 30 runs)
2026-10-04 16:37:02   [17/45] Processing Query Q17...
2026-10-04 16:38:45     Query Q17 Score: 1.00 (avg of 30 runs)
2026-10-04 16:38:45   [18/45] Processing Query Q18...
2026-10-04 16:40:26     Query Q18 Score: 1.00 (avg of 30 runs)
2026-10-04 16:40:26   [19/45] Processing Query Q19...
2026-10-04 16:42:05     Query Q19 Score: 0.60 (avg of 30 runs)
2026-10-04 16:42:05   [20/45] Processing Query Q20...
2026-10-04 16:43:53     Query Q20 Score: 1.00 (avg of 30 runs)
2026-10-04 16:43:53   [21/45] Processing Query Q21...
2026-10-04 16:45:36     Query Q21 Score: 1.00 (avg of 30 runs)
2026-10-04 16:45:36   [22/45] Processing Query Q22...
2026-10-04 16:47:12     Query Q22 Score: 1.00 (avg of 30 runs)
2026-10-04 16:47:12   [23/45] Processing Query Q23...
2026-10-04 16:53:24     Query Q23 Score: 0.52 (avg of 30 runs)
2026-10-04 16:53:24   [24/45] Processing Query Q24...
2026-10-04 16:55:00     Query Q24 Score: 1.00 (avg of 30 runs)
2026-10-04 16:55:00   [25/45] Processing Query Q25...
2026-10-04 16:56:42     Query Q25 Score: 1.00 (avg of 30 runs)
2026-10-04 16:56:42   [26/45] Processing Query Q26...
2026-10-04 16:58:08     Query Q26 Score: 1.00 (avg of 30 runs)
2026-10-04 16:58:08   [27/45] Processing Query Q27...
2026-10-04 16:59:44     Query Q27 Score: 1.00 (avg of 30 runs)
2026-10-04 16:59:44   [28/45] Processing Query Q28...
2026-10-04 17:01:21     Query Q28 Score: 1.00 (avg of 30 runs)
2026-10-04 17:01:21   [29/45] Processing Query Q29...
2026-10-04 17:03:13     Query Q29 Score: 1.00 (avg of 30 runs)
2026-10-04 17:03:13   [30/45] Processing Query Q30...
2026-10-04 17:04:59     Query Q30 Score: 1.00 (avg of 30 runs)
2026-10-04 17:04:59   [31/45] Processing Query Q31...
2026-10-04 17:06:33     Query Q31 Score: 1.00 (avg of 30 runs)
2026-10-04 17:06:33   [32/45] Processing Query Q32...
2026-10-04 17:08:26     Query Q32 Score: 1.00 (avg of 30 runs)
2026-10-04 17:08:26   [33/45] Processing Query Q33...
2026-10-04 17:10:19     Query Q33 Score: 1.00 (avg of 30 runs)
2026-10-04 17:10:19   [34/45] Processing Query Q34...
2026-10-04 17:12:02     Query Q34 Score: 0.95 (avg of 30 runs)
2026-10-04 17:12:02   [35/45] Processing Query Q35...
2026-10-04 17:13:33     Query Q35 Score: 1.00 (avg of 30 runs)
2026-10-04 17:13:33   [36/45] Processing Query Q36...
2026-10-04 17:15:34     Query Q36 Score: 0.60 (avg of 30 runs)
2026-10-04 17:15:34   [37/45] Processing Query Q37...
2026-10-04 17:17:25     Query Q37 Score: 0.95 (avg of 30 runs)
2026-10-04 17:17:25   [38/45] Processing Query Q38...
2026-10-04 17:18:56     Query Q38 Score: 1.00 (avg of 30 runs)
2026-10-04 17:18:56   [39/45] Processing Query Q39...
2026-10-04 17:20:36     Query Q39 Score: 1.00 (avg of 30 runs)
2026-10-04 17:20:36   [40/45] Processing Query Q40...
2026-10-04 17:22:18     Query Q40 Score: 1.00 (avg of 30 runs)
2026-10-04 17:22:18   [41/45] Processing Query Q41...
2026-10-04 17:24:15     Query Q41 Score: 0.52 (avg of 30 runs)
2026-10-04 17:24:15   [42/45] Processing Query Q42...
2026-10-04 17:25:53     Query Q42 Score: 0.70 (avg of 30 runs)
2026-10-04 17:25:53   [43/45] Processing Query Q43...
2026-10-04 17:27:34     Query Q43 Score: 0.50 (avg of 30 runs)
2026-10-04 17:27:34   [44/45] Processing Query Q48...
2026-10-04 17:29:28     Query Q48 Score: 0.95 (avg of 30 runs)
2026-10-04 17:29:28   [45/45] Processing Query Q49...
2026-10-04 17:31:34     Query Q49 Score: 0.75 (avg of 30 runs)
2026-10-04 17:31:34 Saved validation results to /opt/project/autoresearch/archive/run_20261003_093104/outputs/validation_results_iter20_20261004_173134.csv
2026-10-04 17:31:34 Validation run completed. Overall Mean Score: 0.8860
2026-10-04 17:31:34 Candidate Score: 0.8860 (Delta: -0.0411)
2026-10-04 17:31:34 >>> FAILURE: Score did not improve. Discarding changes.
2026-10-04 17:31:34 Iteration #20 logged successfully to experiments.json.
2026-10-04 17:31:34 
2026-10-04 17:31:34 =========================================
2026-10-04 17:31:34 STARTING ITERATION #21
2026-10-04 17:31:34 =========================================
2026-10-04 17:31:34 Current Champion Score: 0.9270
2026-10-04 17:31:34 Failing queries to fix: 19
2026-10-04 17:31:34 Calling Optimizer Agent to refine instructions...
2026-10-04 17:39:18 Starting validation run on 45 queries x30 runs...
2026-10-04 17:39:18   [1/45] Processing Query Q01...
2026-10-04 17:42:24     Query Q01 Score: 1.00 (avg of 30 runs)
2026-10-04 17:42:24   [2/45] Processing Query Q02...
2026-10-04 17:44:10     Query Q02 Score: 0.95 (avg of 30 runs)
2026-10-04 17:44:10   [3/45] Processing Query Q03...
2026-10-04 17:45:47     Query Q03 Score: 1.00 (avg of 30 runs)
2026-10-04 17:45:47   [4/45] Processing Query Q04...
2026-10-04 17:47:35     Query Q04 Score: 1.00 (avg of 30 runs)
2026-10-04 17:47:35   [5/45] Processing Query Q05...
2026-10-04 17:49:33     Query Q05 Score: 0.40 (avg of 30 runs)
2026-10-04 17:49:33   [6/45] Processing Query Q06...
2026-10-04 17:51:24     Query Q06 Score: 1.00 (avg of 30 runs)
2026-10-04 17:51:24   [7/45] Processing Query Q07...
2026-10-04 17:53:06     Query Q07 Score: 1.00 (avg of 30 runs)
2026-10-04 17:53:06   [8/45] Processing Query Q08...
2026-10-04 17:54:42     Query Q08 Score: 1.00 (avg of 30 runs)
2026-10-04 17:54:42   [9/45] Processing Query Q09...
2026-10-04 17:56:40     Query Q09 Score: 1.00 (avg of 30 runs)
2026-10-04 17:56:40   [10/45] Processing Query Q10...
2026-10-04 17:58:35     Query Q10 Score: 1.00 (avg of 30 runs)
2026-10-04 17:58:35   [11/45] Processing Query Q11...
2026-10-04 18:00:42     Query Q11 Score: 0.40 (avg of 30 runs)
2026-10-04 18:00:42   [12/45] Processing Query Q12...
2026-10-04 18:02:18     Query Q12 Score: 1.00 (avg of 30 runs)
2026-10-04 18:02:18   [13/45] Processing Query Q13...
2026-10-04 18:04:11     Query Q13 Score: 1.00 (avg of 30 runs)
2026-10-04 18:04:11   [14/45] Processing Query Q14...
2026-10-04 18:05:46     Query Q14 Score: 1.00 (avg of 30 runs)
2026-10-04 18:05:46   [15/45] Processing Query Q15...
2026-10-04 18:07:45     Query Q15 Score: 1.00 (avg of 30 runs)
2026-10-04 18:07:45   [16/45] Processing Query Q16...
2026-10-04 18:09:43     Query Q16 Score: 0.80 (avg of 30 runs)
2026-10-04 18:09:43   [17/45] Processing Query Q17...
2026-10-04 18:11:27     Query Q17 Score: 1.00 (avg of 30 runs)
2026-10-04 18:11:27   [18/45] Processing Query Q18...
2026-10-04 18:13:10     Query Q18 Score: 1.00 (avg of 30 runs)
2026-10-04 18:13:10   [19/45] Processing Query Q19...
2026-10-04 18:14:48     Query Q19 Score: 0.60 (avg of 30 runs)
2026-10-04 18:14:48   [20/45] Processing Query Q20...
2026-10-04 18:16:34     Query Q20 Score: 0.95 (avg of 30 runs)
2026-10-04 18:16:34   [21/45] Processing Query Q21...
2026-10-04 18:18:14     Query Q21 Score: 1.00 (avg of 30 runs)
2026-10-04 18:18:14   [22/45] Processing Query Q22...
2026-10-04 18:19:48     Query Q22 Score: 1.00 (avg of 30 runs)
2026-10-04 18:19:48   [23/45] Processing Query Q23...
2026-10-04 18:26:02     Query Q23 Score: 1.00 (avg of 30 runs)
2026-10-04 18:26:02   [24/45] Processing Query Q24...
2026-10-04 18:27:38     Query Q24 Score: 1.00 (avg of 30 runs)
2026-10-04 18:27:38   [25/45] Processing Query Q25...
2026-10-04 18:29:17     Query Q25 Score: 1.00 (avg of 30 runs)
2026-10-04 18:29:17   [26/45] Processing Query Q26...
2026-10-04 18:30:44     Query Q26 Score: 1.00 (avg of 30 runs)
2026-10-04 18:30:44   [27/45] Processing Query Q27...
2026-10-04 18:32:20     Query Q27 Score: 0.99 (avg of 30 runs)
2026-10-04 18:32:20   [28/45] Processing Query Q28...
2026-10-04 18:33:56     Query Q28 Score: 1.00 (avg of 30 runs)
2026-10-04 18:33:56   [29/45] Processing Query Q29...
2026-10-04 18:35:50     Query Q29 Score: 1.00 (avg of 30 runs)
2026-10-04 18:35:50   [30/45] Processing Query Q30...
2026-10-04 18:37:42     Query Q30 Score: 1.00 (avg of 30 runs)
2026-10-04 18:37:42   [31/45] Processing Query Q31...
2026-10-04 18:39:17     Query Q31 Score: 1.00 (avg of 30 runs)
2026-10-04 18:39:17   [32/45] Processing Query Q32...
2026-10-04 18:41:09     Query Q32 Score: 1.00 (avg of 30 runs)
2026-10-04 18:41:09   [33/45] Processing Query Q33...
2026-10-04 18:43:02     Query Q33 Score: 1.00 (avg of 30 runs)
2026-10-04 18:43:02   [34/45] Processing Query Q34...
2026-10-04 18:44:47     Query Q34 Score: 1.00 (avg of 30 runs)
2026-10-04 18:44:47   [35/45] Processing Query Q35...
2026-10-04 18:46:18     Query Q35 Score: 1.00 (avg of 30 runs)
2026-10-04 18:46:18   [36/45] Processing Query Q36...
2026-10-04 18:48:17     Query Q36 Score: 0.60 (avg of 30 runs)
2026-10-04 18:48:17   [37/45] Processing Query Q37...
2026-10-04 18:50:08     Query Q37 Score: 0.95 (avg of 30 runs)
2026-10-04 18:50:08   [38/45] Processing Query Q38...
2026-10-04 18:51:39     Query Q38 Score: 1.00 (avg of 30 runs)
2026-10-04 18:51:39   [39/45] Processing Query Q39...
2026-10-04 18:53:22     Query Q39 Score: 1.00 (avg of 30 runs)
2026-10-04 18:53:22   [40/45] Processing Query Q40...
2026-10-04 18:55:01     Query Q40 Score: 1.00 (avg of 30 runs)
2026-10-04 18:55:01   [41/45] Processing Query Q41...
2026-10-04 18:56:58     Query Q41 Score: 0.41 (avg of 30 runs)
2026-10-04 18:56:58   [42/45] Processing Query Q42...
2026-10-04 18:58:51     Query Q42 Score: 0.90 (avg of 30 runs)
2026-10-04 18:58:51   [43/45] Processing Query Q43...
2026-10-04 19:00:29     Query Q43 Score: 1.00 (avg of 30 runs)
2026-10-04 19:00:29   [44/45] Processing Query Q48...
2026-10-04 19:02:21     Query Q48 Score: 0.95 (avg of 30 runs)
2026-10-04 19:02:21   [45/45] Processing Query Q49...
2026-10-04 19:07:07     Query Q49 Score: 0.99 (avg of 30 runs)
2026-10-04 19:07:07 Saved validation results to /opt/project/autoresearch/archive/run_20261003_093104/outputs/validation_results_iter21_20261004_190707.csv
2026-10-04 19:07:07 Validation run completed. Overall Mean Score: 0.9308
2026-10-04 19:07:07 Candidate Score: 0.9308 (Delta: +0.0037)
2026-10-04 19:07:07 >>> SUCCESS: Score improved! Saving new champion prompt.
2026-10-04 19:07:07 Iteration #21 logged successfully to experiments.json.
2026-10-04 19:07:07 
2026-10-04 19:07:07 =========================================
2026-10-04 19:07:07 STARTING ITERATION #22
2026-10-04 19:07:07 =========================================
2026-10-04 19:07:07 Current Champion Score: 0.9308
2026-10-04 19:07:07 Failing queries to fix: 14
2026-10-04 19:07:07 Calling Optimizer Agent to refine instructions...
2026-10-04 19:14:06 Starting validation run on 45 queries x30 runs...
2026-10-04 19:14:06   [1/45] Processing Query Q01...
2026-10-04 19:17:12     Query Q01 Score: 1.00 (avg of 30 runs)
2026-10-04 19:17:12   [2/45] Processing Query Q02...
2026-10-04 19:18:56     Query Q02 Score: 0.95 (avg of 30 runs)
2026-10-04 19:18:56   [3/45] Processing Query Q03...
2026-10-04 19:20:32     Query Q03 Score: 1.00 (avg of 30 runs)
2026-10-04 19:20:32   [4/45] Processing Query Q04...
2026-10-04 19:22:21     Query Q04 Score: 1.00 (avg of 30 runs)
2026-10-04 19:22:21   [5/45] Processing Query Q05...
2026-10-04 19:24:24     Query Q05 Score: 0.41 (avg of 30 runs)
2026-10-04 19:24:24   [6/45] Processing Query Q06...
2026-10-04 19:26:14     Query Q06 Score: 1.00 (avg of 30 runs)
2026-10-04 19:26:14   [7/45] Processing Query Q07...
2026-10-04 19:27:58     Query Q07 Score: 1.00 (avg of 30 runs)
2026-10-04 19:27:58   [8/45] Processing Query Q08...
2026-10-04 19:29:35     Query Q08 Score: 1.00 (avg of 30 runs)
2026-10-04 19:29:35   [9/45] Processing Query Q09...
2026-10-04 19:31:29     Query Q09 Score: 1.00 (avg of 30 runs)
2026-10-04 19:31:29   [10/45] Processing Query Q10...
2026-10-04 19:33:25     Query Q10 Score: 1.00 (avg of 30 runs)
2026-10-04 19:33:25   [11/45] Processing Query Q11...
2026-10-04 19:35:39     Query Q11 Score: 0.20 (avg of 30 runs)
2026-10-04 19:35:39   [12/45] Processing Query Q12...
2026-10-04 19:37:16     Query Q12 Score: 1.00 (avg of 30 runs)
2026-10-04 19:37:16   [13/45] Processing Query Q13...
2026-10-04 19:39:12     Query Q13 Score: 0.50 (avg of 30 runs)
2026-10-04 19:39:12   [14/45] Processing Query Q14...
2026-10-04 19:40:48     Query Q14 Score: 0.91 (avg of 30 runs)
2026-10-04 19:40:48   [15/45] Processing Query Q15...
2026-10-04 19:42:44     Query Q15 Score: 1.00 (avg of 30 runs)
2026-10-04 19:42:44   [16/45] Processing Query Q16...
2026-10-04 19:44:45     Query Q16 Score: 0.70 (avg of 30 runs)
2026-10-04 19:44:45   [17/45] Processing Query Q17...
2026-10-04 19:46:31     Query Q17 Score: 1.00 (avg of 30 runs)
2026-10-04 19:46:31   [18/45] Processing Query Q18...
2026-10-04 19:48:13     Query Q18 Score: 1.00 (avg of 30 runs)
2026-10-04 19:48:13   [19/45] Processing Query Q19...
2026-10-04 19:49:45     Query Q19 Score: 1.00 (avg of 30 runs)
2026-10-04 19:49:45   [20/45] Processing Query Q20...
2026-10-04 19:51:29     Query Q20 Score: 0.95 (avg of 30 runs)
2026-10-04 19:51:29   [21/45] Processing Query Q21...
2026-10-04 19:53:08     Query Q21 Score: 1.00 (avg of 30 runs)
2026-10-04 19:53:08   [22/45] Processing Query Q22...
2026-10-04 19:54:42     Query Q22 Score: 1.00 (avg of 30 runs)
2026-10-04 19:54:42   [23/45] Processing Query Q23...
2026-10-04 19:59:01     Query Q23 Score: 0.52 (avg of 30 runs)
2026-10-04 19:59:01   [24/45] Processing Query Q24...
2026-10-04 20:00:38     Query Q24 Score: 1.00 (avg of 30 runs)
2026-10-04 20:00:38   [25/45] Processing Query Q25...
2026-10-04 20:02:18     Query Q25 Score: 1.00 (avg of 30 runs)
2026-10-04 20:02:18   [26/45] Processing Query Q26...
2026-10-04 20:03:47     Query Q26 Score: 1.00 (avg of 30 runs)
2026-10-04 20:03:47   [27/45] Processing Query Q27...
2026-10-04 20:05:23     Query Q27 Score: 1.00 (avg of 30 runs)
2026-10-04 20:05:23   [28/45] Processing Query Q28...
2026-10-04 20:07:00     Query Q28 Score: 1.00 (avg of 30 runs)
2026-10-04 20:07:00   [29/45] Processing Query Q29...
2026-10-04 20:08:51     Query Q29 Score: 1.00 (avg of 30 runs)
2026-10-04 20:08:51   [30/45] Processing Query Q30...
2026-10-04 20:10:35     Query Q30 Score: 1.00 (avg of 30 runs)
2026-10-04 20:10:35   [31/45] Processing Query Q31...
2026-10-04 20:12:10     Query Q31 Score: 1.00 (avg of 30 runs)
2026-10-04 20:12:10   [32/45] Processing Query Q32...
2026-10-04 20:14:01     Query Q32 Score: 1.00 (avg of 30 runs)
2026-10-04 20:14:01   [33/45] Processing Query Q33...
2026-10-04 20:15:55     Query Q33 Score: 1.00 (avg of 30 runs)
2026-10-04 20:15:55   [34/45] Processing Query Q34...
2026-10-04 20:17:36     Query Q34 Score: 0.95 (avg of 30 runs)
2026-10-04 20:17:36   [35/45] Processing Query Q35...
2026-10-04 20:19:07     Query Q35 Score: 1.00 (avg of 30 runs)
2026-10-04 20:19:07   [36/45] Processing Query Q36...
2026-10-04 20:21:05     Query Q36 Score: 0.95 (avg of 30 runs)
2026-10-04 20:21:05   [37/45] Processing Query Q37...
2026-10-04 20:22:58     Query Q37 Score: 1.00 (avg of 30 runs)
2026-10-04 20:22:58   [38/45] Processing Query Q38...
2026-10-04 20:24:34     Query Q38 Score: 1.00 (avg of 30 runs)
2026-10-04 20:24:34   [39/45] Processing Query Q39...
2026-10-04 20:26:24     Query Q39 Score: 1.00 (avg of 30 runs)
2026-10-04 20:26:24   [40/45] Processing Query Q40...
2026-10-04 20:28:07     Query Q40 Score: 1.00 (avg of 30 runs)
2026-10-04 20:28:07   [41/45] Processing Query Q41...
2026-10-04 20:30:09     Query Q41 Score: 0.50 (avg of 30 runs)
2026-10-04 20:30:09   [42/45] Processing Query Q42...
2026-10-04 20:31:59     Query Q42 Score: 0.90 (avg of 30 runs)
2026-10-04 20:31:59   [43/45] Processing Query Q43...
2026-10-04 20:33:39     Query Q43 Score: 1.00 (avg of 30 runs)
2026-10-04 20:33:39   [44/45] Processing Query Q48...
2026-10-04 20:35:44     Query Q48 Score: 0.93 (avg of 30 runs)
2026-10-04 20:35:44   [45/45] Processing Query Q49...
2026-10-04 20:38:02     Query Q49 Score: 0.93 (avg of 30 runs)
2026-10-04 20:38:02 Saved validation results to /opt/project/autoresearch/archive/run_20261003_093104/outputs/validation_results_iter22_20261004_203802.csv
2026-10-04 20:38:02 Validation run completed. Overall Mean Score: 0.9180
2026-10-04 20:38:02 Candidate Score: 0.9180 (Delta: -0.0128)
2026-10-04 20:38:02 >>> FAILURE: Score did not improve. Discarding changes.
2026-10-04 20:38:02 Iteration #22 logged successfully to experiments.json.
2026-10-04 20:38:02 
2026-10-04 20:38:02 =========================================
2026-10-04 20:38:02 STARTING ITERATION #23
2026-10-04 20:38:02 =========================================
2026-10-04 20:38:02 Current Champion Score: 0.9308
2026-10-04 20:38:02 Failing queries to fix: 14
2026-10-04 20:38:02 Calling Optimizer Agent to refine instructions...
2026-10-04 20:45:31 Starting validation run on 45 queries x30 runs...
2026-10-04 20:45:31   [1/45] Processing Query Q01...
2026-10-04 20:48:34     Query Q01 Score: 1.00 (avg of 30 runs)
2026-10-04 20:48:34   [2/45] Processing Query Q02...
2026-10-04 20:50:11     Query Q02 Score: 1.00 (avg of 30 runs)
2026-10-04 20:50:11   [3/45] Processing Query Q03...
2026-10-04 20:51:46     Query Q03 Score: 1.00 (avg of 30 runs)
2026-10-04 20:51:46   [4/45] Processing Query Q04...
2026-10-04 20:53:38     Query Q04 Score: 1.00 (avg of 30 runs)
2026-10-04 20:53:38   [5/45] Processing Query Q05...
2026-10-04 20:55:28     Query Q05 Score: 0.40 (avg of 30 runs)
2026-10-04 20:55:28   [6/45] Processing Query Q06...
2026-10-04 20:57:22     Query Q06 Score: 1.00 (avg of 30 runs)
2026-10-04 20:57:22   [7/45] Processing Query Q07...
2026-10-04 20:59:06     Query Q07 Score: 1.00 (avg of 30 runs)
2026-10-04 20:59:06   [8/45] Processing Query Q08...
2026-10-04 21:00:44     Query Q08 Score: 1.00 (avg of 30 runs)
2026-10-04 21:00:44   [9/45] Processing Query Q09...
2026-10-04 21:02:35     Query Q09 Score: 1.00 (avg of 30 runs)
2026-10-04 21:02:35   [10/45] Processing Query Q10...
2026-10-04 21:04:30     Query Q10 Score: 1.00 (avg of 30 runs)
2026-10-04 21:04:30   [11/45] Processing Query Q11...
2026-10-04 21:06:39     Query Q11 Score: 0.30 (avg of 30 runs)
2026-10-04 21:06:39   [12/45] Processing Query Q12...
2026-10-04 21:08:15     Query Q12 Score: 1.00 (avg of 30 runs)
2026-10-04 21:08:15   [13/45] Processing Query Q13...
2026-10-04 21:10:12     Query Q13 Score: 0.52 (avg of 30 runs)
2026-10-04 21:10:12   [14/45] Processing Query Q14...
2026-10-04 21:11:48     Query Q14 Score: 1.00 (avg of 30 runs)
2026-10-04 21:11:48   [15/45] Processing Query Q15...
2026-10-04 21:13:41     Query Q15 Score: 1.00 (avg of 30 runs)
2026-10-04 21:13:41   [16/45] Processing Query Q16...
2026-10-04 21:15:43     Query Q16 Score: 0.70 (avg of 30 runs)
2026-10-04 21:15:43   [17/45] Processing Query Q17...
2026-10-04 21:17:26     Query Q17 Score: 1.00 (avg of 30 runs)
2026-10-04 21:17:26   [18/45] Processing Query Q18...
2026-10-04 21:19:07     Query Q18 Score: 1.00 (avg of 30 runs)
2026-10-04 21:19:07   [19/45] Processing Query Q19...
2026-10-04 21:20:40     Query Q19 Score: 1.00 (avg of 30 runs)
2026-10-04 21:20:40   [20/45] Processing Query Q20...
2026-10-04 21:22:26     Query Q20 Score: 1.00 (avg of 30 runs)
2026-10-04 21:22:26   [21/45] Processing Query Q21...
2026-10-04 21:24:04     Query Q21 Score: 1.00 (avg of 30 runs)
2026-10-04 21:24:04   [22/45] Processing Query Q22...
2026-10-04 21:25:39     Query Q22 Score: 1.00 (avg of 30 runs)
2026-10-04 21:25:39   [23/45] Processing Query Q23...
2026-10-04 21:30:53     Query Q23 Score: 0.75 (avg of 30 runs)
2026-10-04 21:30:53   [24/45] Processing Query Q24...
2026-10-04 21:32:29     Query Q24 Score: 1.00 (avg of 30 runs)
2026-10-04 21:32:29   [25/45] Processing Query Q25...
2026-10-04 21:34:11     Query Q25 Score: 1.00 (avg of 30 runs)
2026-10-04 21:34:11   [26/45] Processing Query Q26...
2026-10-04 21:35:37     Query Q26 Score: 1.00 (avg of 30 runs)
2026-10-04 21:35:37   [27/45] Processing Query Q27...
2026-10-04 21:37:14     Query Q27 Score: 1.00 (avg of 30 runs)
2026-10-04 21:37:14   [28/45] Processing Query Q28...
2026-10-04 21:38:51     Query Q28 Score: 1.00 (avg of 30 runs)
2026-10-04 21:38:51   [29/45] Processing Query Q29...
2026-10-04 21:40:44     Query Q29 Score: 1.00 (avg of 30 runs)
2026-10-04 21:40:44   [30/45] Processing Query Q30...
2026-10-04 21:42:36     Query Q30 Score: 1.00 (avg of 30 runs)
2026-10-04 21:42:36   [31/45] Processing Query Q31...
2026-10-04 21:44:10     Query Q31 Score: 1.00 (avg of 30 runs)
2026-10-04 21:44:10   [32/45] Processing Query Q32...
2026-10-04 21:46:02     Query Q32 Score: 1.00 (avg of 30 runs)
2026-10-04 21:46:02   [33/45] Processing Query Q33...
2026-10-04 21:48:03     Query Q33 Score: 0.52 (avg of 30 runs)
2026-10-04 21:48:03   [34/45] Processing Query Q34...
2026-10-04 21:49:47     Query Q34 Score: 1.00 (avg of 30 runs)
2026-10-04 21:49:47   [35/45] Processing Query Q35...
2026-10-04 21:51:17     Query Q35 Score: 1.00 (avg of 30 runs)
2026-10-04 21:51:17   [36/45] Processing Query Q36...
2026-10-04 21:53:07     Query Q36 Score: 0.95 (avg of 30 runs)
2026-10-04 21:53:07   [37/45] Processing Query Q37...
2026-10-04 21:55:00     Query Q37 Score: 0.99 (avg of 30 runs)
2026-10-04 21:55:00   [38/45] Processing Query Q38...
2026-10-04 21:56:42     Query Q38 Score: 0.85 (avg of 30 runs)
2026-10-04 21:56:42   [39/45] Processing Query Q39...
2026-10-04 21:58:33     Query Q39 Score: 1.00 (avg of 30 runs)
2026-10-04 21:58:33   [40/45] Processing Query Q40...
2026-10-04 22:00:20     Query Q40 Score: 1.00 (avg of 30 runs)
2026-10-04 22:00:20   [41/45] Processing Query Q41...
2026-10-04 22:02:25     Query Q41 Score: 0.84 (avg of 30 runs)
2026-10-04 22:02:25   [42/45] Processing Query Q42...
2026-10-04 22:04:24     Query Q42 Score: 0.98 (avg of 30 runs)
2026-10-04 22:04:24   [43/45] Processing Query Q43...
2026-10-04 22:06:11     Query Q43 Score: 0.50 (avg of 30 runs)
2026-10-04 22:06:11   [44/45] Processing Query Q48...
2026-10-04 22:08:19     Query Q48 Score: 0.99 (avg of 30 runs)
2026-10-04 22:08:19   [45/45] Processing Query Q49...
2026-10-04 22:11:46     Query Q49 Score: 1.00 (avg of 30 runs)
2026-10-04 22:11:46 Saved validation results to /opt/project/autoresearch/archive/run_20261003_093104/outputs/validation_results_iter23_20261004_221146.csv
2026-10-04 22:11:46 Validation run completed. Overall Mean Score: 0.9175
2026-10-04 22:11:46 Candidate Score: 0.9175 (Delta: -0.0133)
2026-10-04 22:11:46 >>> FAILURE: Score did not improve. Discarding changes.
2026-10-04 22:11:46 Iteration #23 logged successfully to experiments.json.
2026-10-04 22:11:46 
2026-10-04 22:11:46 =========================================
2026-10-04 22:11:46 STARTING ITERATION #24
2026-10-04 22:11:46 =========================================
2026-10-04 22:11:46 Current Champion Score: 0.9308
2026-10-04 22:11:46 Failing queries to fix: 14
2026-10-04 22:11:46 Calling Optimizer Agent to refine instructions...
2026-10-04 22:20:45 Starting validation run on 45 queries x30 runs...
2026-10-04 22:20:45   [1/45] Processing Query Q01...
2026-10-04 22:23:47     Query Q01 Score: 1.00 (avg of 30 runs)
2026-10-04 22:23:47   [2/45] Processing Query Q02...
2026-10-04 22:25:23     Query Q02 Score: 1.00 (avg of 30 runs)
2026-10-04 22:25:23   [3/45] Processing Query Q03...
2026-10-04 22:26:58     Query Q03 Score: 1.00 (avg of 30 runs)
2026-10-04 22:26:58   [4/45] Processing Query Q04...
2026-10-04 22:28:44     Query Q04 Score: 1.00 (avg of 30 runs)
2026-10-04 22:28:44   [5/45] Processing Query Q05...
2026-10-04 22:30:51     Query Q05 Score: 0.40 (avg of 30 runs)
2026-10-04 22:30:51   [6/45] Processing Query Q06...
2026-10-04 22:32:36     Query Q06 Score: 1.00 (avg of 30 runs)
2026-10-04 22:32:36   [7/45] Processing Query Q07...
2026-10-04 22:34:14     Query Q07 Score: 1.00 (avg of 30 runs)
2026-10-04 22:34:14   [8/45] Processing Query Q08...
2026-10-04 22:35:51     Query Q08 Score: 1.00 (avg of 30 runs)
2026-10-04 22:35:51   [9/45] Processing Query Q09...
2026-10-04 22:40:21     Query Q09 Score: 0.30 (avg of 30 runs)
2026-10-04 22:40:21   [10/45] Processing Query Q10...
2026-10-04 22:42:11     Query Q10 Score: 1.00 (avg of 30 runs)
2026-10-04 22:42:11   [11/45] Processing Query Q11...
2026-10-04 22:48:27     Query Q11 Score: 0.49 (avg of 30 runs)
2026-10-04 22:48:27   [12/45] Processing Query Q12...
2026-10-04 22:50:01     Query Q12 Score: 1.00 (avg of 30 runs)
2026-10-04 22:50:01   [13/45] Processing Query Q13...
2026-10-04 22:52:03     Query Q13 Score: 0.39 (avg of 30 runs)
2026-10-04 22:52:03   [14/45] Processing Query Q14...
2026-10-04 22:53:39     Query Q14 Score: 1.00 (avg of 30 runs)
2026-10-04 22:53:39   [15/45] Processing Query Q15...
2026-10-04 22:55:38     Query Q15 Score: 1.00 (avg of 30 runs)
2026-10-04 22:55:38   [16/45] Processing Query Q16...
2026-10-04 22:57:40     Query Q16 Score: 0.70 (avg of 30 runs)
2026-10-04 22:57:40   [17/45] Processing Query Q17...
2026-10-04 22:59:23     Query Q17 Score: 1.00 (avg of 30 runs)
2026-10-04 22:59:23   [18/45] Processing Query Q18...
2026-10-04 23:01:04     Query Q18 Score: 1.00 (avg of 30 runs)
2026-10-04 23:01:04   [19/45] Processing Query Q19...
2026-10-04 23:02:38     Query Q19 Score: 1.00 (avg of 30 runs)
2026-10-04 23:02:38   [20/45] Processing Query Q20...
2026-10-04 23:04:29     Query Q20 Score: 0.95 (avg of 30 runs)
2026-10-04 23:04:29   [21/45] Processing Query Q21...
2026-10-04 23:06:09     Query Q21 Score: 1.00 (avg of 30 runs)
2026-10-04 23:06:09   [22/45] Processing Query Q22...
2026-10-04 23:07:45     Query Q22 Score: 1.00 (avg of 30 runs)
2026-10-04 23:07:45   [23/45] Processing Query Q23...
2026-10-04 23:14:00     Query Q23 Score: 0.94 (avg of 30 runs)
2026-10-04 23:14:00   [24/45] Processing Query Q24...
2026-10-04 23:15:33     Query Q24 Score: 1.00 (avg of 30 runs)
2026-10-04 23:15:33   [25/45] Processing Query Q25...
2026-10-04 23:17:13     Query Q25 Score: 1.00 (avg of 30 runs)
2026-10-04 23:17:13   [26/45] Processing Query Q26...
2026-10-04 23:18:39     Query Q26 Score: 1.00 (avg of 30 runs)
2026-10-04 23:18:39   [27/45] Processing Query Q27...
2026-10-04 23:20:15     Query Q27 Score: 1.00 (avg of 30 runs)
2026-10-04 23:20:15   [28/45] Processing Query Q28...
2026-10-04 23:21:47     Query Q28 Score: 1.00 (avg of 30 runs)
2026-10-04 23:21:47   [29/45] Processing Query Q29...
2026-10-04 23:23:39     Query Q29 Score: 1.00 (avg of 30 runs)
2026-10-04 23:23:39   [30/45] Processing Query Q30...
2026-10-04 23:25:21     Query Q30 Score: 1.00 (avg of 30 runs)
2026-10-04 23:25:21   [31/45] Processing Query Q31...
2026-10-04 23:26:52     Query Q31 Score: 0.61 (avg of 30 runs)
2026-10-04 23:26:52   [32/45] Processing Query Q32...
2026-10-04 23:28:41     Query Q32 Score: 1.00 (avg of 30 runs)
2026-10-04 23:28:41   [33/45] Processing Query Q33...
2026-10-04 23:30:32     Query Q33 Score: 1.00 (avg of 30 runs)
2026-10-04 23:30:32   [34/45] Processing Query Q34...
2026-10-04 23:32:12     Query Q34 Score: 1.00 (avg of 30 runs)
2026-10-04 23:32:12   [35/45] Processing Query Q35...
2026-10-04 23:33:40     Query Q35 Score: 1.00 (avg of 30 runs)
2026-10-04 23:33:40   [36/45] Processing Query Q36...
2026-10-04 23:35:37     Query Q36 Score: 0.66 (avg of 30 runs)
2026-10-04 23:35:37   [37/45] Processing Query Q37...
2026-10-04 23:37:25     Query Q37 Score: 0.95 (avg of 30 runs)
2026-10-04 23:37:25   [38/45] Processing Query Q38...
2026-10-04 23:38:56     Query Q38 Score: 1.00 (avg of 30 runs)
2026-10-04 23:38:56   [39/45] Processing Query Q39...
2026-10-04 23:40:38     Query Q39 Score: 1.00 (avg of 30 runs)
2026-10-04 23:40:38   [40/45] Processing Query Q40...
2026-10-04 23:42:20     Query Q40 Score: 1.00 (avg of 30 runs)
2026-10-04 23:42:20   [41/45] Processing Query Q41...
2026-10-04 23:44:20     Query Q41 Score: 0.90 (avg of 30 runs)
2026-10-04 23:44:20   [42/45] Processing Query Q42...
2026-10-04 23:45:58     Query Q42 Score: 1.00 (avg of 30 runs)
2026-10-04 23:45:58   [43/45] Processing Query Q43...
2026-10-04 23:47:36     Query Q43 Score: 1.00 (avg of 30 runs)
2026-10-04 23:47:36   [44/45] Processing Query Q48...
2026-10-04 23:49:37     Query Q48 Score: 0.90 (avg of 30 runs)
2026-10-04 23:49:37   [45/45] Processing Query Q49...
2026-10-04 23:54:47     Query Q49 Score: 0.95 (avg of 30 runs)
2026-10-04 23:54:47 Saved validation results to /opt/project/autoresearch/archive/run_20261003_093104/outputs/validation_results_iter24_20261004_235447.csv
2026-10-04 23:54:47 Validation run completed. Overall Mean Score: 0.9142
2026-10-04 23:54:47 Candidate Score: 0.9142 (Delta: -0.0166)
2026-10-04 23:54:47 >>> FAILURE: Score did not improve. Discarding changes.
2026-10-04 23:54:47 Iteration #24 logged successfully to experiments.json.
2026-10-04 23:54:47 
2026-10-04 23:54:47 =========================================
2026-10-04 23:54:47 STARTING ITERATION #25
2026-10-04 23:54:47 =========================================
2026-10-04 23:54:47 Current Champion Score: 0.9308
2026-10-04 23:54:47 Failing queries to fix: 14
2026-10-04 23:54:47 Calling Optimizer Agent to refine instructions...
2026-10-05 00:03:39 Starting validation run on 45 queries x30 runs...
2026-10-05 00:03:39   [1/45] Processing Query Q01...
2026-10-05 00:06:46     Query Q01 Score: 1.00 (avg of 30 runs)
2026-10-05 00:06:46   [2/45] Processing Query Q02...
2026-10-05 00:08:34     Query Q02 Score: 0.95 (avg of 30 runs)
2026-10-05 00:08:34   [3/45] Processing Query Q03...
2026-10-05 00:10:12     Query Q03 Score: 1.00 (avg of 30 runs)
2026-10-05 00:10:12   [4/45] Processing Query Q04...
2026-10-05 00:12:00     Query Q04 Score: 1.00 (avg of 30 runs)
2026-10-05 00:12:00   [5/45] Processing Query Q05...
2026-10-05 00:13:57     Query Q05 Score: 0.41 (avg of 30 runs)
2026-10-05 00:13:57   [6/45] Processing Query Q06...
2026-10-05 00:15:48     Query Q06 Score: 1.00 (avg of 30 runs)
2026-10-05 00:15:48   [7/45] Processing Query Q07...
2026-10-05 00:17:29     Query Q07 Score: 1.00 (avg of 30 runs)
2026-10-05 00:17:29   [8/45] Processing Query Q08...
2026-10-05 00:19:04     Query Q08 Score: 1.00 (avg of 30 runs)
2026-10-05 00:19:04   [9/45] Processing Query Q09...
2026-10-05 00:20:56     Query Q09 Score: 0.95 (avg of 30 runs)
2026-10-05 00:20:56   [10/45] Processing Query Q10...
2026-10-05 00:22:49     Query Q10 Score: 1.00 (avg of 30 runs)
2026-10-05 00:22:49   [11/45] Processing Query Q11...
2026-10-05 00:25:01     Query Q11 Score: 0.30 (avg of 30 runs)
2026-10-05 00:25:01   [12/45] Processing Query Q12...
2026-10-05 00:26:37     Query Q12 Score: 1.00 (avg of 30 runs)
2026-10-05 00:26:37   [13/45] Processing Query Q13...
2026-10-05 00:28:28     Query Q13 Score: 0.50 (avg of 30 runs)
2026-10-05 00:28:28   [14/45] Processing Query Q14...
2026-10-05 00:30:04     Query Q14 Score: 1.00 (avg of 30 runs)
2026-10-05 00:30:04   [15/45] Processing Query Q15...
2026-10-05 00:32:02     Query Q15 Score: 1.00 (avg of 30 runs)
2026-10-05 00:32:02   [16/45] Processing Query Q16...
2026-10-05 00:34:00     Query Q16 Score: 1.00 (avg of 30 runs)
2026-10-05 00:34:00   [17/45] Processing Query Q17...
2026-10-05 00:35:41     Query Q17 Score: 1.00 (avg of 30 runs)
2026-10-05 00:35:41   [18/45] Processing Query Q18...
2026-10-05 00:37:22     Query Q18 Score: 1.00 (avg of 30 runs)
2026-10-05 00:37:22   [19/45] Processing Query Q19...
2026-10-05 00:38:58     Query Q19 Score: 1.00 (avg of 30 runs)
2026-10-05 00:38:58   [20/45] Processing Query Q20...
2026-10-05 00:40:49     Query Q20 Score: 0.95 (avg of 30 runs)
2026-10-05 00:40:49   [21/45] Processing Query Q21...
2026-10-05 00:42:27     Query Q21 Score: 1.00 (avg of 30 runs)
2026-10-05 00:42:27   [22/45] Processing Query Q22...
2026-10-05 00:44:01     Query Q22 Score: 1.00 (avg of 30 runs)
2026-10-05 00:44:01   [23/45] Processing Query Q23...
2026-10-05 00:50:24     Query Q23 Score: 0.50 (avg of 30 runs)
2026-10-05 00:50:24   [24/45] Processing Query Q24...
2026-10-05 00:51:59     Query Q24 Score: 1.00 (avg of 30 runs)
2026-10-05 00:51:59   [25/45] Processing Query Q25...
2026-10-05 00:53:41     Query Q25 Score: 1.00 (avg of 30 runs)
2026-10-05 00:53:41   [26/45] Processing Query Q26...
2026-10-05 00:55:08     Query Q26 Score: 1.00 (avg of 30 runs)
2026-10-05 00:55:08   [27/45] Processing Query Q27...
2026-10-05 00:56:45     Query Q27 Score: 1.00 (avg of 30 runs)
2026-10-05 00:56:45   [28/45] Processing Query Q28...
2026-10-05 00:58:19     Query Q28 Score: 1.00 (avg of 30 runs)
2026-10-05 00:58:19   [29/45] Processing Query Q29...
2026-10-05 01:00:09     Query Q29 Score: 1.00 (avg of 30 runs)
2026-10-05 01:00:09   [30/45] Processing Query Q30...
2026-10-05 01:02:00     Query Q30 Score: 1.00 (avg of 30 runs)
2026-10-05 01:02:00   [31/45] Processing Query Q31...
2026-10-05 01:03:33     Query Q31 Score: 1.00 (avg of 30 runs)
2026-10-05 01:03:33   [32/45] Processing Query Q32...
2026-10-05 01:05:25     Query Q32 Score: 1.00 (avg of 30 runs)
2026-10-05 01:05:25   [33/45] Processing Query Q33...
2026-10-05 01:07:22     Query Q33 Score: 1.00 (avg of 30 runs)
2026-10-05 01:07:22   [34/45] Processing Query Q34...
2026-10-05 01:09:06     Query Q34 Score: 1.00 (avg of 30 runs)
2026-10-05 01:09:06   [35/45] Processing Query Q35...
2026-10-05 01:10:37     Query Q35 Score: 1.00 (avg of 30 runs)
2026-10-05 01:10:37   [36/45] Processing Query Q36...
2026-10-05 01:12:41     Query Q36 Score: 0.85 (avg of 30 runs)
2026-10-05 01:12:41   [37/45] Processing Query Q37...
2026-10-05 01:14:34     Query Q37 Score: 0.95 (avg of 30 runs)
2026-10-05 01:14:34   [38/45] Processing Query Q38...
2026-10-05 01:16:17     Query Q38 Score: 0.85 (avg of 30 runs)
2026-10-05 01:16:17   [39/45] Processing Query Q39...
2026-10-05 01:17:57     Query Q39 Score: 1.00 (avg of 30 runs)
2026-10-05 01:17:57   [40/45] Processing Query Q40...
2026-10-05 01:19:36     Query Q40 Score: 1.00 (avg of 30 runs)
2026-10-05 01:19:36   [41/45] Processing Query Q41...
2026-10-05 01:21:32     Query Q41 Score: 0.50 (avg of 30 runs)
2026-10-05 01:21:32   [42/45] Processing Query Q42...
2026-10-05 01:23:12     Query Q42 Score: 0.61 (avg of 30 runs)
2026-10-05 01:23:12   [43/45] Processing Query Q43...
2026-10-05 01:24:49     Query Q43 Score: 1.00 (avg of 30 runs)
2026-10-05 01:24:49   [44/45] Processing Query Q48...
2026-10-05 01:26:46     Query Q48 Score: 0.95 (avg of 30 runs)
2026-10-05 01:26:46   [45/45] Processing Query Q49...
2026-10-05 01:29:43     Query Q49 Score: 0.68 (avg of 30 runs)
2026-10-05 01:29:43 Saved validation results to /opt/project/autoresearch/archive/run_20261003_093104/outputs/validation_results_iter25_20261005_012943.csv
2026-10-05 01:29:43 Validation run completed. Overall Mean Score: 0.9102
2026-10-05 01:29:43 Candidate Score: 0.9102 (Delta: -0.0206)
2026-10-05 01:29:43 >>> FAILURE: Score did not improve. Discarding changes.
2026-10-05 01:29:43 Iteration #25 logged successfully to experiments.json.
2026-10-05 01:29:43 
2026-10-05 01:29:43 =========================================
2026-10-05 01:29:43 STARTING ITERATION #26
2026-10-05 01:29:43 =========================================
2026-10-05 01:29:43 Current Champion Score: 0.9308
2026-10-05 01:29:43 Failing queries to fix: 14
2026-10-05 01:29:43 Calling Optimizer Agent to refine instructions...
2026-10-05 01:37:40 Starting validation run on 45 queries x30 runs...
2026-10-05 01:37:40   [1/45] Processing Query Q01...
2026-10-05 01:40:46     Query Q01 Score: 1.00 (avg of 30 runs)
2026-10-05 01:40:46   [2/45] Processing Query Q02...
2026-10-05 01:42:22     Query Q02 Score: 1.00 (avg of 30 runs)
2026-10-05 01:42:22   [3/45] Processing Query Q03...
2026-10-05 01:43:59     Query Q03 Score: 1.00 (avg of 30 runs)
2026-10-05 01:43:59   [4/45] Processing Query Q04...
2026-10-05 01:45:47     Query Q04 Score: 1.00 (avg of 30 runs)
2026-10-05 01:45:47   [5/45] Processing Query Q05...
2026-10-05 01:47:41     Query Q05 Score: 0.40 (avg of 30 runs)
2026-10-05 01:47:41   [6/45] Processing Query Q06...
2026-10-05 01:49:33     Query Q06 Score: 1.00 (avg of 30 runs)
2026-10-05 01:49:33   [7/45] Processing Query Q07...
2026-10-05 01:51:13     Query Q07 Score: 1.00 (avg of 30 runs)
2026-10-05 01:51:13   [8/45] Processing Query Q08...
2026-10-05 01:52:51     Query Q08 Score: 1.00 (avg of 30 runs)
2026-10-05 01:52:51   [9/45] Processing Query Q09...
2026-10-05 01:54:49     Query Q09 Score: 0.95 (avg of 30 runs)
2026-10-05 01:54:49   [10/45] Processing Query Q10...
2026-10-05 01:56:42     Query Q10 Score: 1.00 (avg of 30 runs)
2026-10-05 01:56:42   [11/45] Processing Query Q11...
2026-10-05 01:58:56     Query Q11 Score: 0.30 (avg of 30 runs)
2026-10-05 01:58:56   [12/45] Processing Query Q12...
2026-10-05 02:00:31     Query Q12 Score: 1.00 (avg of 30 runs)
2026-10-05 02:00:31   [13/45] Processing Query Q13...
2026-10-05 02:02:25     Query Q13 Score: 0.50 (avg of 30 runs)
2026-10-05 02:02:25   [14/45] Processing Query Q14...
2026-10-05 02:04:03     Query Q14 Score: 0.85 (avg of 30 runs)
2026-10-05 02:04:03   [15/45] Processing Query Q15...
2026-10-05 02:06:06     Query Q15 Score: 1.00 (avg of 30 runs)
2026-10-05 02:06:06   [16/45] Processing Query Q16...
2026-10-05 02:08:05     Query Q16 Score: 0.80 (avg of 30 runs)
2026-10-05 02:08:05   [17/45] Processing Query Q17...
2026-10-05 02:09:46     Query Q17 Score: 1.00 (avg of 30 runs)
2026-10-05 02:09:46   [18/45] Processing Query Q18...
2026-10-05 02:11:29     Query Q18 Score: 1.00 (avg of 30 runs)
2026-10-05 02:11:29   [19/45] Processing Query Q19...
2026-10-05 02:13:12     Query Q19 Score: 0.60 (avg of 30 runs)
2026-10-05 02:13:12   [20/45] Processing Query Q20...
2026-10-05 02:15:00     Query Q20 Score: 0.95 (avg of 30 runs)
2026-10-05 02:15:00   [21/45] Processing Query Q21...
2026-10-05 02:16:42     Query Q21 Score: 1.00 (avg of 30 runs)
2026-10-05 02:16:42   [22/45] Processing Query Q22...
2026-10-05 02:18:18     Query Q22 Score: 1.00 (avg of 30 runs)
2026-10-05 02:18:18   [23/45] Processing Query Q23...
2026-10-05 02:24:35     Query Q23 Score: 0.61 (avg of 30 runs)
2026-10-05 02:24:35   [24/45] Processing Query Q24...
2026-10-05 02:26:10     Query Q24 Score: 1.00 (avg of 30 runs)
2026-10-05 02:26:10   [25/45] Processing Query Q25...
2026-10-05 02:27:51     Query Q25 Score: 1.00 (avg of 30 runs)
2026-10-05 02:27:51   [26/45] Processing Query Q26...
2026-10-05 02:29:19     Query Q26 Score: 1.00 (avg of 30 runs)
2026-10-05 02:29:19   [27/45] Processing Query Q27...
2026-10-05 02:30:56     Query Q27 Score: 0.61 (avg of 30 runs)
2026-10-05 02:30:56   [28/45] Processing Query Q28...
2026-10-05 02:32:32     Query Q28 Score: 1.00 (avg of 30 runs)
2026-10-05 02:32:32   [29/45] Processing Query Q29...
2026-10-05 02:34:22     Query Q29 Score: 1.00 (avg of 30 runs)
2026-10-05 02:34:22   [30/45] Processing Query Q30...
2026-10-05 02:36:10     Query Q30 Score: 1.00 (avg of 30 runs)
2026-10-05 02:36:10   [31/45] Processing Query Q31...
2026-10-05 02:37:44     Query Q31 Score: 1.00 (avg of 30 runs)
2026-10-05 02:37:44   [32/45] Processing Query Q32...
2026-10-05 02:39:33     Query Q32 Score: 1.00 (avg of 30 runs)
2026-10-05 02:39:33   [33/45] Processing Query Q33...
2026-10-05 02:41:24     Query Q33 Score: 1.00 (avg of 30 runs)
2026-10-05 02:41:24   [34/45] Processing Query Q34...
2026-10-05 02:43:10     Query Q34 Score: 1.00 (avg of 30 runs)
2026-10-05 02:43:10   [35/45] Processing Query Q35...
2026-10-05 02:44:38     Query Q35 Score: 1.00 (avg of 30 runs)
2026-10-05 02:44:38   [36/45] Processing Query Q36...
2026-10-05 02:46:32     Query Q36 Score: 0.95 (avg of 30 runs)
2026-10-05 02:46:32   [37/45] Processing Query Q37...
2026-10-05 02:48:21     Query Q37 Score: 1.00 (avg of 30 runs)
2026-10-05 02:48:21   [38/45] Processing Query Q38...
2026-10-05 02:50:08     Query Q38 Score: 0.90 (avg of 30 runs)
2026-10-05 02:50:08   [39/45] Processing Query Q39...
2026-10-05 02:51:50     Query Q39 Score: 1.00 (avg of 30 runs)
2026-10-05 02:51:50   [40/45] Processing Query Q40...
2026-10-05 02:53:32     Query Q40 Score: 1.00 (avg of 30 runs)
2026-10-05 02:53:32   [41/45] Processing Query Q41...
2026-10-05 02:55:37     Query Q41 Score: 0.80 (avg of 30 runs)
2026-10-05 02:55:37   [42/45] Processing Query Q42...
2026-10-05 02:57:26     Query Q42 Score: 0.90 (avg of 30 runs)
2026-10-05 02:57:26   [43/45] Processing Query Q43...
2026-10-05 02:59:04     Query Q43 Score: 1.00 (avg of 30 runs)
2026-10-05 02:59:04   [44/45] Processing Query Q48...
2026-10-05 03:01:02     Query Q48 Score: 0.95 (avg of 30 runs)
2026-10-05 03:01:02   [45/45] Processing Query Q49...
2026-10-05 03:03:15     Query Q49 Score: 0.76 (avg of 30 runs)
2026-10-05 03:03:15 Saved validation results to /opt/project/autoresearch/archive/run_20261003_093104/outputs/validation_results_iter26_20261005_030315.csv
2026-10-05 03:03:15 Validation run completed. Overall Mean Score: 0.9075
2026-10-05 03:03:15 Candidate Score: 0.9075 (Delta: -0.0233)
2026-10-05 03:03:15 >>> FAILURE: Score did not improve. Discarding changes.
2026-10-05 03:03:15 Iteration #26 logged successfully to experiments.json.
2026-10-05 03:03:15 
2026-10-05 03:03:15 =========================================
2026-10-05 03:03:15 STARTING ITERATION #27
2026-10-05 03:03:15 =========================================
2026-10-05 03:03:15 Current Champion Score: 0.9308
2026-10-05 03:03:15 Failing queries to fix: 14
2026-10-05 03:03:15 Calling Optimizer Agent to refine instructions...
2026-10-05 03:12:36 Starting validation run on 45 queries x30 runs...
2026-10-05 03:12:36   [1/45] Processing Query Q01...
2026-10-05 03:15:46     Query Q01 Score: 1.00 (avg of 30 runs)
2026-10-05 03:15:46   [2/45] Processing Query Q02...
2026-10-05 03:17:23     Query Q02 Score: 1.00 (avg of 30 runs)
2026-10-05 03:17:23   [3/45] Processing Query Q03...
2026-10-05 03:19:01     Query Q03 Score: 1.00 (avg of 30 runs)
2026-10-05 03:19:01   [4/45] Processing Query Q04...
2026-10-05 03:20:47     Query Q04 Score: 1.00 (avg of 30 runs)
2026-10-05 03:20:47   [5/45] Processing Query Q05...
2026-10-05 03:22:58     Query Q05 Score: 0.40 (avg of 30 runs)
2026-10-05 03:22:58   [6/45] Processing Query Q06...
2026-10-05 03:24:47     Query Q06 Score: 1.00 (avg of 30 runs)
2026-10-05 03:24:47   [7/45] Processing Query Q07...
2026-10-05 03:26:29     Query Q07 Score: 1.00 (avg of 30 runs)
2026-10-05 03:26:29   [8/45] Processing Query Q08...
2026-10-05 03:28:06     Query Q08 Score: 1.00 (avg of 30 runs)
2026-10-05 03:28:06   [9/45] Processing Query Q09...
2026-10-05 03:29:56     Query Q09 Score: 1.00 (avg of 30 runs)
2026-10-05 03:29:56   [10/45] Processing Query Q10...
2026-10-05 03:31:55     Query Q10 Score: 1.00 (avg of 30 runs)
2026-10-05 03:31:55   [11/45] Processing Query Q11...
2026-10-05 03:34:06     Query Q11 Score: 0.39 (avg of 30 runs)
2026-10-05 03:34:06   [12/45] Processing Query Q12...
2026-10-05 03:35:41     Query Q12 Score: 1.00 (avg of 30 runs)
2026-10-05 03:35:41   [13/45] Processing Query Q13...
2026-10-05 03:37:37     Query Q13 Score: 0.50 (avg of 30 runs)
2026-10-05 03:37:37   [14/45] Processing Query Q14...
2026-10-05 03:39:16     Query Q14 Score: 1.00 (avg of 30 runs)
2026-10-05 03:39:16   [15/45] Processing Query Q15...
2026-10-05 03:41:12     Query Q15 Score: 1.00 (avg of 30 runs)
2026-10-05 03:41:12   [16/45] Processing Query Q16...
2026-10-05 03:43:12     Query Q16 Score: 0.80 (avg of 30 runs)
2026-10-05 03:43:12   [17/45] Processing Query Q17...
2026-10-05 03:44:56     Query Q17 Score: 1.00 (avg of 30 runs)
2026-10-05 03:44:56   [18/45] Processing Query Q18...
2026-10-05 03:46:37     Query Q18 Score: 1.00 (avg of 30 runs)
2026-10-05 03:46:37   [19/45] Processing Query Q19...
2026-10-05 03:48:20     Query Q19 Score: 0.60 (avg of 30 runs)
2026-10-05 03:48:20   [20/45] Processing Query Q20...
2026-10-05 03:50:08     Query Q20 Score: 0.95 (avg of 30 runs)
2026-10-05 03:50:08   [21/45] Processing Query Q21...
2026-10-05 03:51:48     Query Q21 Score: 1.00 (avg of 30 runs)
2026-10-05 03:51:48   [22/45] Processing Query Q22...
2026-10-05 03:53:25     Query Q22 Score: 1.00 (avg of 30 runs)
2026-10-05 03:53:25   [23/45] Processing Query Q23...
2026-10-05 03:59:34     Query Q23 Score: 0.99 (avg of 30 runs)
2026-10-05 03:59:34   [24/45] Processing Query Q24...
2026-10-05 04:01:10     Query Q24 Score: 1.00 (avg of 30 runs)
2026-10-05 04:01:10   [25/45] Processing Query Q25...
2026-10-05 04:02:51     Query Q25 Score: 1.00 (avg of 30 runs)
2026-10-05 04:02:51   [26/45] Processing Query Q26...
2026-10-05 04:04:18     Query Q26 Score: 1.00 (avg of 30 runs)
2026-10-05 04:04:18   [27/45] Processing Query Q27...
2026-10-05 04:05:57     Query Q27 Score: 0.51 (avg of 30 runs)
2026-10-05 04:05:57   [28/45] Processing Query Q28...
2026-10-05 04:07:30     Query Q28 Score: 1.00 (avg of 30 runs)
2026-10-05 04:07:30   [29/45] Processing Query Q29...
2026-10-05 04:09:16     Query Q29 Score: 1.00 (avg of 30 runs)
2026-10-05 04:09:16   [30/45] Processing Query Q30...
2026-10-05 04:11:00     Query Q30 Score: 1.00 (avg of 30 runs)
2026-10-05 04:11:00   [31/45] Processing Query Q31...
2026-10-05 04:12:34     Query Q31 Score: 1.00 (avg of 30 runs)
2026-10-05 04:12:34   [32/45] Processing Query Q32...
2026-10-05 04:14:23     Query Q32 Score: 1.00 (avg of 30 runs)
2026-10-05 04:14:23   [33/45] Processing Query Q33...
2026-10-05 04:16:17     Query Q33 Score: 1.00 (avg of 30 runs)
2026-10-05 04:16:17   [34/45] Processing Query Q34...
2026-10-05 04:17:59     Query Q34 Score: 0.95 (avg of 30 runs)
2026-10-05 04:17:59   [35/45] Processing Query Q35...
2026-10-05 04:19:28     Query Q35 Score: 1.00 (avg of 30 runs)
2026-10-05 04:19:28   [36/45] Processing Query Q36...
2026-10-05 04:22:38     Query Q36 Score: 1.00 (avg of 30 runs)
2026-10-05 04:22:38   [37/45] Processing Query Q37...
2026-10-05 04:24:24     Query Q37 Score: 0.95 (avg of 30 runs)
2026-10-05 04:24:24   [38/45] Processing Query Q38...
2026-10-05 04:25:56     Query Q38 Score: 1.00 (avg of 30 runs)
2026-10-05 04:25:56   [39/45] Processing Query Q39...
2026-10-05 04:27:35     Query Q39 Score: 1.00 (avg of 30 runs)
2026-10-05 04:27:35   [40/45] Processing Query Q40...
2026-10-05 04:29:18     Query Q40 Score: 1.00 (avg of 30 runs)
2026-10-05 04:29:18   [41/45] Processing Query Q41...
2026-10-05 04:31:13     Query Q41 Score: 0.50 (avg of 30 runs)
2026-10-05 04:31:13   [42/45] Processing Query Q42...
2026-10-05 04:32:46     Query Q42 Score: 1.00 (avg of 30 runs)
2026-10-05 04:32:46   [43/45] Processing Query Q43...
2026-10-05 04:34:23     Query Q43 Score: 1.00 (avg of 30 runs)
2026-10-05 04:34:23   [44/45] Processing Query Q48...
2026-10-05 04:36:18     Query Q48 Score: 1.00 (avg of 30 runs)
2026-10-05 04:36:18   [45/45] Processing Query Q49...
2026-10-05 04:38:25     Query Q49 Score: 0.75 (avg of 30 runs)
2026-10-05 04:38:25 Saved validation results to /opt/project/autoresearch/archive/run_20261003_093104/outputs/validation_results_iter27_20261005_043825.csv
2026-10-05 04:38:25 Validation run completed. Overall Mean Score: 0.9175
2026-10-05 04:38:25 Candidate Score: 0.9175 (Delta: -0.0133)
2026-10-05 04:38:25 >>> FAILURE: Score did not improve. Discarding changes.
2026-10-05 04:38:25 Iteration #27 logged successfully to experiments.json.
2026-10-05 04:38:25 
2026-10-05 04:38:25 =========================================
2026-10-05 04:38:25 STARTING ITERATION #28
2026-10-05 04:38:25 =========================================
2026-10-05 04:38:25 Current Champion Score: 0.9308
2026-10-05 04:38:25 Failing queries to fix: 14
2026-10-05 04:38:25 Calling Optimizer Agent to refine instructions...
2026-10-05 04:47:07 Starting validation run on 45 queries x30 runs...
2026-10-05 04:47:07   [1/45] Processing Query Q01...
2026-10-05 04:50:15     Query Q01 Score: 1.00 (avg of 30 runs)
2026-10-05 04:50:15   [2/45] Processing Query Q02...
2026-10-05 04:52:01     Query Q02 Score: 0.90 (avg of 30 runs)
2026-10-05 04:52:01   [3/45] Processing Query Q03...
2026-10-05 04:53:37     Query Q03 Score: 1.00 (avg of 30 runs)
2026-10-05 04:53:37   [4/45] Processing Query Q04...
2026-10-05 04:55:26     Query Q04 Score: 1.00 (avg of 30 runs)
2026-10-05 04:55:26   [5/45] Processing Query Q05...
2026-10-05 04:57:19     Query Q05 Score: 0.40 (avg of 30 runs)
2026-10-05 04:57:19   [6/45] Processing Query Q06...
2026-10-05 04:59:11     Query Q06 Score: 0.95 (avg of 30 runs)
2026-10-05 04:59:11   [7/45] Processing Query Q07...
2026-10-05 05:00:49     Query Q07 Score: 1.00 (avg of 30 runs)
2026-10-05 05:00:49   [8/45] Processing Query Q08...
2026-10-05 05:02:27     Query Q08 Score: 1.00 (avg of 30 runs)
2026-10-05 05:02:27   [9/45] Processing Query Q09...
2026-10-05 05:04:16     Query Q09 Score: 1.00 (avg of 30 runs)
2026-10-05 05:04:16   [10/45] Processing Query Q10...
2026-10-05 05:06:06     Query Q10 Score: 1.00 (avg of 30 runs)
2026-10-05 05:06:06   [11/45] Processing Query Q11...
2026-10-05 05:08:13     Query Q11 Score: 0.20 (avg of 30 runs)
2026-10-05 05:08:13   [12/45] Processing Query Q12...
2026-10-05 05:09:47     Query Q12 Score: 1.00 (avg of 30 runs)
2026-10-05 05:09:47   [13/45] Processing Query Q13...
2026-10-05 05:11:39     Query Q13 Score: 0.50 (avg of 30 runs)
2026-10-05 05:11:39   [14/45] Processing Query Q14...
2026-10-05 05:13:14     Query Q14 Score: 0.85 (avg of 30 runs)
2026-10-05 05:13:14   [15/45] Processing Query Q15...
2026-10-05 05:15:16     Query Q15 Score: 0.95 (avg of 30 runs)
2026-10-05 05:15:16   [16/45] Processing Query Q16...
2026-10-05 05:17:14     Query Q16 Score: 0.80 (avg of 30 runs)
2026-10-05 05:17:14   [17/45] Processing Query Q17...
2026-10-05 05:18:55     Query Q17 Score: 1.00 (avg of 30 runs)
2026-10-05 05:18:55   [18/45] Processing Query Q18...
2026-10-05 05:20:37     Query Q18 Score: 1.00 (avg of 30 runs)
2026-10-05 05:20:37   [19/45] Processing Query Q19...
2026-10-05 05:22:12     Query Q19 Score: 1.00 (avg of 30 runs)
2026-10-05 05:22:12   [20/45] Processing Query Q20...
2026-10-05 05:24:00     Query Q20 Score: 0.95 (avg of 30 runs)
2026-10-05 05:24:00   [21/45] Processing Query Q21...
2026-10-05 05:25:39     Query Q21 Score: 1.00 (avg of 30 runs)
2026-10-05 05:25:39   [22/45] Processing Query Q22...
2026-10-05 05:27:13     Query Q22 Score: 1.00 (avg of 30 runs)
2026-10-05 05:27:13   [23/45] Processing Query Q23...
2026-10-05 05:31:49     Query Q23 Score: 1.00 (avg of 30 runs)
2026-10-05 05:31:49   [24/45] Processing Query Q24...
2026-10-05 05:33:25     Query Q24 Score: 1.00 (avg of 30 runs)
2026-10-05 05:33:25   [25/45] Processing Query Q25...
2026-10-05 05:35:07     Query Q25 Score: 1.00 (avg of 30 runs)
2026-10-05 05:35:07   [26/45] Processing Query Q26...
2026-10-05 05:36:36     Query Q26 Score: 1.00 (avg of 30 runs)
2026-10-05 05:36:36   [27/45] Processing Query Q27...
2026-10-05 05:38:11     Query Q27 Score: 1.00 (avg of 30 runs)
2026-10-05 05:38:11   [28/45] Processing Query Q28...
2026-10-05 05:39:46     Query Q28 Score: 0.42 (avg of 30 runs)
2026-10-05 05:39:46   [29/45] Processing Query Q29...
2026-10-05 05:41:40     Query Q29 Score: 1.00 (avg of 30 runs)
2026-10-05 05:41:40   [30/45] Processing Query Q30...
2026-10-05 05:43:31     Query Q30 Score: 1.00 (avg of 30 runs)
2026-10-05 05:43:31   [31/45] Processing Query Q31...
2026-10-05 05:45:06     Query Q31 Score: 1.00 (avg of 30 runs)
2026-10-05 05:45:06   [32/45] Processing Query Q32...
2026-10-05 05:46:58     Query Q32 Score: 1.00 (avg of 30 runs)
2026-10-05 05:46:58   [33/45] Processing Query Q33...
2026-10-05 05:48:55     Query Q33 Score: 1.00 (avg of 30 runs)
2026-10-05 05:48:55   [34/45] Processing Query Q34...
2026-10-05 05:50:35     Query Q34 Score: 0.95 (avg of 30 runs)
2026-10-05 05:50:35   [35/45] Processing Query Q35...
2026-10-05 05:52:07     Query Q35 Score: 1.00 (avg of 30 runs)
2026-10-05 05:52:07   [36/45] Processing Query Q36...
2026-10-05 05:54:03     Query Q36 Score: 1.00 (avg of 30 runs)
2026-10-05 05:54:03   [37/45] Processing Query Q37...
2026-10-05 05:55:55     Query Q37 Score: 0.95 (avg of 30 runs)
2026-10-05 05:55:55   [38/45] Processing Query Q38...
2026-10-05 05:57:36     Query Q38 Score: 0.85 (avg of 30 runs)
2026-10-05 05:57:36   [39/45] Processing Query Q39...
2026-10-05 05:59:19     Query Q39 Score: 1.00 (avg of 30 runs)
2026-10-05 05:59:19   [40/45] Processing Query Q40...
2026-10-05 06:01:03     Query Q40 Score: 1.00 (avg of 30 runs)
2026-10-05 06:01:03   [41/45] Processing Query Q41...
2026-10-05 06:03:11     Query Q41 Score: 0.40 (avg of 30 runs)
2026-10-05 06:03:11   [42/45] Processing Query Q42...
2026-10-05 06:05:02     Query Q42 Score: 0.90 (avg of 30 runs)
2026-10-05 06:05:02   [43/45] Processing Query Q43...
2026-10-05 06:06:40     Query Q43 Score: 1.00 (avg of 30 runs)
2026-10-05 06:06:40   [44/45] Processing Query Q48...
2026-10-05 06:08:43     Query Q48 Score: 0.95 (avg of 30 runs)
2026-10-05 06:08:43   [45/45] Processing Query Q49...
2026-10-05 06:13:00     Query Q49 Score: 0.95 (avg of 30 runs)
2026-10-05 06:13:00 Saved validation results to /opt/project/autoresearch/archive/run_20261003_093104/outputs/validation_results_iter28_20261005_061300.csv
2026-10-05 06:13:00 Validation run completed. Overall Mean Score: 0.9084
2026-10-05 06:13:00 Candidate Score: 0.9084 (Delta: -0.0224)
2026-10-05 06:13:00 >>> FAILURE: Score did not improve. Discarding changes.
2026-10-05 06:13:00 Iteration #28 logged successfully to experiments.json.
2026-10-05 06:13:00 
2026-10-05 06:13:00 =========================================
2026-10-05 06:13:00 STARTING ITERATION #29
2026-10-05 06:13:00 =========================================
2026-10-05 06:13:00 Current Champion Score: 0.9308
2026-10-05 06:13:00 Failing queries to fix: 14
2026-10-05 06:13:00 Calling Optimizer Agent to refine instructions...
2026-10-05 06:21:48 Starting validation run on 45 queries x30 runs...
2026-10-05 06:21:48   [1/45] Processing Query Q01...
2026-10-05 06:24:56     Query Q01 Score: 1.00 (avg of 30 runs)
2026-10-05 06:24:56   [2/45] Processing Query Q02...
2026-10-05 06:26:40     Query Q02 Score: 0.95 (avg of 30 runs)
2026-10-05 06:26:40   [3/45] Processing Query Q03...
2026-10-05 06:28:18     Query Q03 Score: 1.00 (avg of 30 runs)
2026-10-05 06:28:18   [4/45] Processing Query Q04...
2026-10-05 06:30:11     Query Q04 Score: 1.00 (avg of 30 runs)
2026-10-05 06:30:11   [5/45] Processing Query Q05...
2026-10-05 06:32:13     Query Q05 Score: 0.40 (avg of 30 runs)
2026-10-05 06:32:13   [6/45] Processing Query Q06...
2026-10-05 06:34:05     Query Q06 Score: 1.00 (avg of 30 runs)
2026-10-05 06:34:05   [7/45] Processing Query Q07...
2026-10-05 06:35:46     Query Q07 Score: 1.00 (avg of 30 runs)
2026-10-05 06:35:46   [8/45] Processing Query Q08...
2026-10-05 06:37:24     Query Q08 Score: 1.00 (avg of 30 runs)
2026-10-05 06:37:24   [9/45] Processing Query Q09...
2026-10-05 06:40:39     Query Q09 Score: 0.50 (avg of 30 runs)
2026-10-05 06:40:39   [10/45] Processing Query Q10...
2026-10-05 06:42:36     Query Q10 Score: 1.00 (avg of 30 runs)
2026-10-05 06:42:36   [11/45] Processing Query Q11...
2026-10-05 06:47:15     Query Q11 Score: 0.40 (avg of 30 runs)
2026-10-05 06:47:15   [12/45] Processing Query Q12...
2026-10-05 06:48:53     Query Q12 Score: 1.00 (avg of 30 runs)
2026-10-05 06:48:53   [13/45] Processing Query Q13...
2026-10-05 06:50:52     Query Q13 Score: 0.50 (avg of 30 runs)
2026-10-05 06:50:52   [14/45] Processing Query Q14...
2026-10-05 06:52:30     Query Q14 Score: 0.85 (avg of 30 runs)
2026-10-05 06:52:30   [15/45] Processing Query Q15...
2026-10-05 06:54:30     Query Q15 Score: 1.00 (avg of 30 runs)
2026-10-05 06:54:30   [16/45] Processing Query Q16...
2026-10-05 06:56:28     Query Q16 Score: 0.80 (avg of 30 runs)
2026-10-05 06:56:28   [17/45] Processing Query Q17...
2026-10-05 06:58:08     Query Q17 Score: 1.00 (avg of 30 runs)
2026-10-05 06:58:08   [18/45] Processing Query Q18...
2026-10-05 06:59:50     Query Q18 Score: 1.00 (avg of 30 runs)
2026-10-05 06:59:50   [19/45] Processing Query Q19...
2026-10-05 07:01:31     Query Q19 Score: 0.60 (avg of 30 runs)
2026-10-05 07:01:31   [20/45] Processing Query Q20...
2026-10-05 07:03:15     Query Q20 Score: 0.95 (avg of 30 runs)
2026-10-05 07:03:15   [21/45] Processing Query Q21...
2026-10-05 07:04:58     Query Q21 Score: 1.00 (avg of 30 runs)
2026-10-05 07:04:58   [22/45] Processing Query Q22...
2026-10-05 07:06:34     Query Q22 Score: 1.00 (avg of 30 runs)
2026-10-05 07:06:34   [23/45] Processing Query Q23...
2026-10-05 07:12:44     Query Q23 Score: 0.50 (avg of 30 runs)
2026-10-05 07:12:44   [24/45] Processing Query Q24...
2026-10-05 07:14:18     Query Q24 Score: 1.00 (avg of 30 runs)
2026-10-05 07:14:18   [25/45] Processing Query Q25...
2026-10-05 07:15:59     Query Q25 Score: 1.00 (avg of 30 runs)
2026-10-05 07:15:59   [26/45] Processing Query Q26...
2026-10-05 07:17:26     Query Q26 Score: 1.00 (avg of 30 runs)
2026-10-05 07:17:26   [27/45] Processing Query Q27...
2026-10-05 07:19:02     Query Q27 Score: 0.51 (avg of 30 runs)
2026-10-05 07:19:02   [28/45] Processing Query Q28...
2026-10-05 07:20:33     Query Q28 Score: 1.00 (avg of 30 runs)
2026-10-05 07:20:33   [29/45] Processing Query Q29...
2026-10-05 07:22:20     Query Q29 Score: 1.00 (avg of 30 runs)
2026-10-05 07:22:20   [30/45] Processing Query Q30...
2026-10-05 07:24:08     Query Q30 Score: 1.00 (avg of 30 runs)
2026-10-05 07:24:08   [31/45] Processing Query Q31...
2026-10-05 07:25:42     Query Q31 Score: 1.00 (avg of 30 runs)
2026-10-05 07:25:42   [32/45] Processing Query Q32...
2026-10-05 07:27:31     Query Q32 Score: 1.00 (avg of 30 runs)
2026-10-05 07:27:31   [33/45] Processing Query Q33...
2026-10-05 07:29:22     Query Q33 Score: 1.00 (avg of 30 runs)
2026-10-05 07:29:22   [34/45] Processing Query Q34...
2026-10-05 07:31:07     Query Q34 Score: 0.95 (avg of 30 runs)
2026-10-05 07:31:07   [35/45] Processing Query Q35...
2026-10-05 07:32:34     Query Q35 Score: 1.00 (avg of 30 runs)
2026-10-05 07:32:34   [36/45] Processing Query Q36...
2026-10-05 07:34:31     Query Q36 Score: 0.95 (avg of 30 runs)
2026-10-05 07:34:31   [37/45] Processing Query Q37...
2026-10-05 07:36:23     Query Q37 Score: 1.00 (avg of 30 runs)
2026-10-05 07:36:23   [38/45] Processing Query Q38...
2026-10-05 07:37:57     Query Q38 Score: 1.00 (avg of 30 runs)
2026-10-05 07:37:57   [39/45] Processing Query Q39...
2026-10-05 07:39:40     Query Q39 Score: 1.00 (avg of 30 runs)
2026-10-05 07:39:40   [40/45] Processing Query Q40...
2026-10-05 07:41:28     Query Q40 Score: 1.00 (avg of 30 runs)
2026-10-05 07:41:28   [41/45] Processing Query Q41...
2026-10-05 07:43:28     Query Q41 Score: 0.95 (avg of 30 runs)
2026-10-05 07:43:28   [42/45] Processing Query Q42...
2026-10-05 07:45:08     Query Q42 Score: 0.70 (avg of 30 runs)
2026-10-05 07:45:08   [43/45] Processing Query Q43...
2026-10-05 07:46:46     Query Q43 Score: 1.00 (avg of 30 runs)
2026-10-05 07:46:46   [44/45] Processing Query Q48...
2026-10-05 07:48:47     Query Q48 Score: 0.95 (avg of 30 runs)
2026-10-05 07:48:47   [45/45] Processing Query Q49...
2026-10-05 07:54:14     Query Q49 Score: 0.52 (avg of 30 runs)
2026-10-05 07:54:14 Saved validation results to /opt/project/autoresearch/archive/run_20261003_093104/outputs/validation_results_iter29_20261005_075414.csv
2026-10-05 07:54:14 Validation run completed. Overall Mean Score: 0.8882
2026-10-05 07:54:14 Candidate Score: 0.8882 (Delta: -0.0426)
2026-10-05 07:54:14 >>> FAILURE: Score did not improve. Discarding changes.
2026-10-05 07:54:14 Iteration #29 logged successfully to experiments.json.
2026-10-05 07:54:14 
2026-10-05 07:54:14 =========================================
2026-10-05 07:54:14 STARTING ITERATION #30
2026-10-05 07:54:14 =========================================
2026-10-05 07:54:14 Current Champion Score: 0.9308
2026-10-05 07:54:14 Failing queries to fix: 14
2026-10-05 07:54:14 Calling Optimizer Agent to refine instructions...
2026-10-05 08:04:14 Starting validation run on 45 queries x30 runs...
2026-10-05 08:04:14   [1/45] Processing Query Q01...
2026-10-05 08:07:22     Query Q01 Score: 1.00 (avg of 30 runs)
2026-10-05 08:07:22   [2/45] Processing Query Q02...
2026-10-05 08:09:06     Query Q02 Score: 0.95 (avg of 30 runs)
2026-10-05 08:09:06   [3/45] Processing Query Q03...
2026-10-05 08:10:41     Query Q03 Score: 1.00 (avg of 30 runs)
2026-10-05 08:10:41   [4/45] Processing Query Q04...
2026-10-05 08:12:29     Query Q04 Score: 1.00 (avg of 30 runs)
2026-10-05 08:12:29   [5/45] Processing Query Q05...
2026-10-05 08:14:16     Query Q05 Score: 0.40 (avg of 30 runs)
2026-10-05 08:14:16   [6/45] Processing Query Q06...
2026-10-05 08:16:04     Query Q06 Score: 1.00 (avg of 30 runs)
2026-10-05 08:16:04   [7/45] Processing Query Q07...
2026-10-05 08:17:45     Query Q07 Score: 1.00 (avg of 30 runs)
2026-10-05 08:17:45   [8/45] Processing Query Q08...
2026-10-05 08:19:22     Query Q08 Score: 1.00 (avg of 30 runs)
2026-10-05 08:19:22   [9/45] Processing Query Q09...
2026-10-05 08:23:17     Query Q09 Score: 0.50 (avg of 30 runs)
2026-10-05 08:23:17   [10/45] Processing Query Q10...
2026-10-05 08:25:11     Query Q10 Score: 1.00 (avg of 30 runs)
2026-10-05 08:25:11   [11/45] Processing Query Q11...
2026-10-05 08:27:34     Query Q11 Score: 0.40 (avg of 30 runs)
2026-10-05 08:27:34   [12/45] Processing Query Q12...
2026-10-05 08:29:13     Query Q12 Score: 1.00 (avg of 30 runs)
2026-10-05 08:29:13   [13/45] Processing Query Q13...
2026-10-05 08:31:06     Query Q13 Score: 0.40 (avg of 30 runs)
2026-10-05 08:31:06   [14/45] Processing Query Q14...
2026-10-05 08:32:44     Query Q14 Score: 0.85 (avg of 30 runs)
2026-10-05 08:32:44   [15/45] Processing Query Q15...
2026-10-05 08:34:51     Query Q15 Score: 1.00 (avg of 30 runs)
2026-10-05 08:34:51   [16/45] Processing Query Q16...
2026-10-05 08:36:55     Query Q16 Score: 0.71 (avg of 30 runs)
2026-10-05 08:36:55   [17/45] Processing Query Q17...
2026-10-05 08:38:38     Query Q17 Score: 1.00 (avg of 30 runs)
2026-10-05 08:38:38   [18/45] Processing Query Q18...
2026-10-05 08:40:25     Query Q18 Score: 1.00 (avg of 30 runs)
2026-10-05 08:40:25   [19/45] Processing Query Q19...
2026-10-05 08:41:58     Query Q19 Score: 1.00 (avg of 30 runs)
2026-10-05 08:41:58   [20/45] Processing Query Q20...
2026-10-05 08:43:43     Query Q20 Score: 0.95 (avg of 30 runs)
2026-10-05 08:43:43   [21/45] Processing Query Q21...
2026-10-05 08:45:22     Query Q21 Score: 1.00 (avg of 30 runs)
2026-10-05 08:45:22   [22/45] Processing Query Q22...
2026-10-05 08:46:56     Query Q22 Score: 1.00 (avg of 30 runs)
2026-10-05 08:46:56   [23/45] Processing Query Q23...
2026-10-05 08:53:11     Query Q23 Score: 0.52 (avg of 30 runs)
2026-10-05 08:53:11   [24/45] Processing Query Q24...
2026-10-05 08:54:46     Query Q24 Score: 1.00 (avg of 30 runs)
2026-10-05 08:54:46   [25/45] Processing Query Q25...
2026-10-05 08:56:25     Query Q25 Score: 1.00 (avg of 30 runs)
2026-10-05 08:56:25   [26/45] Processing Query Q26...
2026-10-05 08:57:50     Query Q26 Score: 1.00 (avg of 30 runs)
2026-10-05 08:57:50   [27/45] Processing Query Q27...
2026-10-05 08:59:23     Query Q27 Score: 1.00 (avg of 30 runs)
2026-10-05 08:59:23   [28/45] Processing Query Q28...
2026-10-05 09:00:55     Query Q28 Score: 1.00 (avg of 30 runs)
2026-10-05 09:00:55   [29/45] Processing Query Q29...
2026-10-05 09:02:40     Query Q29 Score: 1.00 (avg of 30 runs)
2026-10-05 09:02:40   [30/45] Processing Query Q30...
2026-10-05 09:04:21     Query Q30 Score: 1.00 (avg of 30 runs)
2026-10-05 09:04:21   [31/45] Processing Query Q31...
2026-10-05 09:05:57     Query Q31 Score: 1.00 (avg of 30 runs)
2026-10-05 09:05:57   [32/45] Processing Query Q32...
2026-10-05 09:07:44     Query Q32 Score: 1.00 (avg of 30 runs)
2026-10-05 09:07:44   [33/45] Processing Query Q33...
2026-10-05 09:09:35     Query Q33 Score: 1.00 (avg of 30 runs)
2026-10-05 09:09:35   [34/45] Processing Query Q34...
2026-10-05 09:11:18     Query Q34 Score: 0.95 (avg of 30 runs)
2026-10-05 09:11:18   [35/45] Processing Query Q35...
2026-10-05 09:12:46     Query Q35 Score: 1.00 (avg of 30 runs)
2026-10-05 09:12:46   [36/45] Processing Query Q36...
2026-10-05 09:14:44     Query Q36 Score: 0.84 (avg of 30 runs)
2026-10-05 09:14:44   [37/45] Processing Query Q37...
2026-10-05 09:16:31     Query Q37 Score: 0.95 (avg of 30 runs)
2026-10-05 09:16:31   [38/45] Processing Query Q38...
2026-10-05 09:18:06     Query Q38 Score: 0.85 (avg of 30 runs)
2026-10-05 09:18:06   [39/45] Processing Query Q39...
2026-10-05 09:19:43     Query Q39 Score: 1.00 (avg of 30 runs)
2026-10-05 09:19:43   [40/45] Processing Query Q40...
2026-10-05 09:21:26     Query Q40 Score: 1.00 (avg of 30 runs)
2026-10-05 09:21:26   [41/45] Processing Query Q41...
2026-10-05 09:23:29     Query Q41 Score: 0.84 (avg of 30 runs)
2026-10-05 09:23:29   [42/45] Processing Query Q42...
2026-10-05 09:25:07     Query Q42 Score: 0.70 (avg of 30 runs)
2026-10-05 09:25:07   [43/45] Processing Query Q43...
2026-10-05 09:26:41     Query Q43 Score: 1.00 (avg of 30 runs)
2026-10-05 09:26:41   [44/45] Processing Query Q48...
2026-10-05 09:28:30     Query Q48 Score: 1.00 (avg of 30 runs)
2026-10-05 09:28:30   [45/45] Processing Query Q49...
2026-10-05 09:34:52     Query Q49 Score: 0.50 (avg of 30 runs)
2026-10-05 09:34:52 Saved validation results to /opt/project/autoresearch/archive/run_20261003_093104/outputs/validation_results_iter30_20261005_093452.csv
2026-10-05 09:34:52 Validation run completed. Overall Mean Score: 0.8957
2026-10-05 09:34:52 Candidate Score: 0.8957 (Delta: -0.0351)
2026-10-05 09:34:52 >>> FAILURE: Score did not improve. Discarding changes.
2026-10-05 09:34:52 Iteration #30 logged successfully to experiments.json.
2026-10-05 09:34:52 Reached maximum configured iterations (30). Stopping optimization.
2026-10-05 09:34:52 
2026-10-05 09:34:52 Optimization process completed.
2026-10-05 09:34:52 Best prompt found at iteration #21 with Score: 0.9308
2026-10-05 09:49:28 Archived previous run files to: /opt/project/autoresearch/archive/run_20261003_093104