2026-06-18 13:41:53 Archived previous run files to: /home/virtualuser/model_evaluation/autoresearch/archive/run_20260618_134153
2026-06-18 13:41:53 Initializing autoresearch loop. Evaluating baseline prompt...
2026-06-18 13:41:53 Starting validation run on 45 queries...
2026-06-18 13:41:53   [1/45] Processing Query Q01...
2026-06-18 13:42:06     Query Q01 Score: 1.00
2026-06-18 13:42:06   [2/45] Processing Query Q02...
2026-06-18 13:42:13     Query Q02 Score: 0.60
2026-06-18 13:42:13   [3/45] Processing Query Q03...
2026-06-18 13:42:18     Query Q03 Score: 1.00
2026-06-18 13:42:18   [4/45] Processing Query Q04...
2026-06-18 13:42:24     Query Q04 Score: 1.00
2026-06-18 13:42:24   [5/45] Processing Query Q05...
2026-06-18 13:42:30     Query Q05 Score: 0.40
2026-06-18 13:42:30   [6/45] Processing Query Q06...
2026-06-18 13:42:44     Query Q06 Score: 0.50
2026-06-18 13:42:44   [7/45] Processing Query Q07...
2026-06-18 13:42:50     Query Q07 Score: 1.00
2026-06-18 13:42:50   [8/45] Processing Query Q08...
2026-06-18 13:42:55     Query Q08 Score: 1.00
2026-06-18 13:42:55   [9/45] Processing Query Q09...
2026-06-18 13:43:01     Query Q09 Score: 0.50
2026-06-18 13:43:01   [10/45] Processing Query Q10...
2026-06-18 13:43:06     Query Q10 Score: 1.00
2026-06-18 13:43:06   [11/45] Processing Query Q11...
2026-06-18 13:43:14     Query Q11 Score: 0.50
2026-06-18 13:43:14   [12/45] Processing Query Q12...
2026-06-18 13:43:19     Query Q12 Score: 1.00
2026-06-18 13:43:19   [13/45] Processing Query Q13...
2026-06-18 13:43:25     Query Q13 Score: 0.40
2026-06-18 13:43:25   [14/45] Processing Query Q14...
2026-06-18 13:43:30     Query Q14 Score: 0.50
2026-06-18 13:43:30   [15/45] Processing Query Q15...
2026-06-18 13:43:40     Query Q15 Score: 1.00
2026-06-18 13:43:40   [16/45] Processing Query Q16...
2026-06-18 13:43:46     Query Q16 Score: 0.50
2026-06-18 13:43:46   [17/45] Processing Query Q17...
2026-06-18 13:43:51     Query Q17 Score: 1.00
2026-06-18 13:43:51   [18/45] Processing Query Q18...
2026-06-18 13:43:56     Query Q18 Score: 1.00
2026-06-18 13:43:56   [19/45] Processing Query Q19...
2026-06-18 13:44:01     Query Q19 Score: 0.95
2026-06-18 13:44:01   [20/45] Processing Query Q20...
2026-06-18 13:44:06     Query Q20 Score: 1.00
2026-06-18 13:44:06   [21/45] Processing Query Q21...
2026-06-18 13:44:11     Query Q21 Score: 1.00
2026-06-18 13:44:11   [22/45] Processing Query Q22...
2026-06-18 13:44:17     Query Q22 Score: 0.95
2026-06-18 13:44:17   [23/45] Processing Query Q23...
2026-06-18 13:44:24     Query Q23 Score: 1.00
2026-06-18 13:44:24   [24/45] Processing Query Q24...
2026-06-18 13:44:29     Query Q24 Score: 0.90
2026-06-18 13:44:29   [25/45] Processing Query Q25...
2026-06-18 13:44:34     Query Q25 Score: 1.00
2026-06-18 13:44:34   [26/45] Processing Query Q26...
2026-06-18 13:44:38     Query Q26 Score: 1.00
2026-06-18 13:44:38   [27/45] Processing Query Q27...
2026-06-18 13:44:43     Query Q27 Score: 1.00
2026-06-18 13:44:43   [28/45] Processing Query Q28...
2026-06-18 13:44:48     Query Q28 Score: 1.00
2026-06-18 13:44:48   [29/45] Processing Query Q29...
2026-06-18 13:44:53     Query Q29 Score: 0.60
2026-06-18 13:44:53   [30/45] Processing Query Q30...
2026-06-18 13:44:59     Query Q30 Score: 1.00
2026-06-18 13:44:59   [31/45] Processing Query Q31...
2026-06-18 13:45:04     Query Q31 Score: 1.00
2026-06-18 13:45:04   [32/45] Processing Query Q32...
2026-06-18 13:45:11     Query Q32 Score: 1.00
2026-06-18 13:45:11   [33/45] Processing Query Q33...
2026-06-18 13:45:17     Query Q33 Score: 0.90
2026-06-18 13:45:17   [34/45] Processing Query Q34...
2026-06-18 13:45:22     Query Q34 Score: 1.00
2026-06-18 13:45:22   [35/45] Processing Query Q35...
2026-06-18 13:45:27     Query Q35 Score: 1.00
2026-06-18 13:45:27   [36/45] Processing Query Q36...
2026-06-18 13:45:33     Query Q36 Score: 0.75
2026-06-18 13:45:33   [37/45] Processing Query Q37...
2026-06-18 13:45:38     Query Q37 Score: 0.75
2026-06-18 13:45:38   [38/45] Processing Query Q38...
2026-06-18 13:45:48     Query Q38 Score: 1.00
2026-06-18 13:45:48   [39/45] Processing Query Q39...
2026-06-18 13:45:53     Query Q39 Score: 1.00
2026-06-18 13:45:53   [40/45] Processing Query Q40...
2026-06-18 13:45:58     Query Q40 Score: 1.00
2026-06-18 13:45:58   [41/45] Processing Query Q41...
2026-06-18 13:46:04     Query Q41 Score: 0.90
2026-06-18 13:46:04   [42/45] Processing Query Q42...
2026-06-18 13:46:09     Query Q42 Score: 1.00
2026-06-18 13:46:09   [43/45] Processing Query Q43...
2026-06-18 13:46:15     Query Q43 Score: 0.90
2026-06-18 13:46:15   [44/45] Processing Query Q48...
2026-06-18 13:46:21     Query Q48 Score: 0.95
2026-06-18 13:46:21   [45/45] Processing Query Q49...
2026-06-18 13:46:29     Query Q49 Score: 0.60
2026-06-18 13:46:29 Saved validation results to /home/virtualuser/model_evaluation/autoresearch/archive/run_20260618_134153/outputs/validation_results_iter1_20260618_134629.csv
2026-06-18 13:46:29 Validation run completed. Overall Mean Score: 0.8678
2026-06-18 13:46:29 Baseline established. Score: 0.8678. Logs written to experiments.json.
2026-06-18 13:46:29 
2026-06-18 13:46:29 Entering optimization loop...
2026-06-18 13:46:29 
2026-06-18 13:46:29 =========================================
2026-06-18 13:46:29 STARTING ITERATION #2
2026-06-18 13:46:29 =========================================
2026-06-18 13:46:29 Current Champion Score: 0.8678
2026-06-18 13:46:29 Failing queries to fix: 19
2026-06-18 13:46:29 Calling Optimizer Agent to refine instructions...
2026-06-18 13:48:15 Starting validation run on 45 queries...
2026-06-18 13:48:15   [1/45] Processing Query Q01...
2026-06-18 13:48:20     Query Q01 Score: 1.00
2026-06-18 13:48:20   [2/45] Processing Query Q02...
2026-06-18 13:48:26     Query Q02 Score: 0.85
2026-06-18 13:48:26   [3/45] Processing Query Q03...
2026-06-18 13:48:31     Query Q03 Score: 1.00
2026-06-18 13:48:31   [4/45] Processing Query Q04...
2026-06-18 13:48:37     Query Q04 Score: 1.00
2026-06-18 13:48:37   [5/45] Processing Query Q05...
2026-06-18 13:48:43     Query Q05 Score: 0.40
2026-06-18 13:48:43   [6/45] Processing Query Q06...
2026-06-18 13:48:53     Query Q06 Score: 1.00
2026-06-18 13:48:53   [7/45] Processing Query Q07...
2026-06-18 13:48:58     Query Q07 Score: 1.00
2026-06-18 13:48:58   [8/45] Processing Query Q08...
2026-06-18 13:49:03     Query Q08 Score: 1.00
2026-06-18 13:49:03   [9/45] Processing Query Q09...
2026-06-18 13:49:12     Query Q09 Score: 0.40
2026-06-18 13:49:12   [10/45] Processing Query Q10...
2026-06-18 13:49:18     Query Q10 Score: 1.00
2026-06-18 13:49:18   [11/45] Processing Query Q11...
2026-06-18 13:49:25     Query Q11 Score: 0.40
2026-06-18 13:49:25   [12/45] Processing Query Q12...
2026-06-18 13:49:30     Query Q12 Score: 1.00
2026-06-18 13:49:30   [13/45] Processing Query Q13...
2026-06-18 13:49:36     Query Q13 Score: 0.40
2026-06-18 13:49:36   [14/45] Processing Query Q14...
2026-06-18 13:49:41     Query Q14 Score: 0.85
2026-06-18 13:49:41   [15/45] Processing Query Q15...
2026-06-18 13:49:47     Query Q15 Score: 1.00
2026-06-18 13:49:47   [16/45] Processing Query Q16...
2026-06-18 13:49:53     Query Q16 Score: 0.75
2026-06-18 13:49:53   [17/45] Processing Query Q17...
2026-06-18 13:49:58     Query Q17 Score: 1.00
2026-06-18 13:49:58   [18/45] Processing Query Q18...
2026-06-18 13:50:03     Query Q18 Score: 1.00
2026-06-18 13:50:03   [19/45] Processing Query Q19...
2026-06-18 13:50:07     Query Q19 Score: 0.95
2026-06-18 13:50:07   [20/45] Processing Query Q20...
2026-06-18 13:50:13     Query Q20 Score: 1.00
2026-06-18 13:50:13   [21/45] Processing Query Q21...
2026-06-18 13:50:18     Query Q21 Score: 1.00
2026-06-18 13:50:18   [22/45] Processing Query Q22...
2026-06-18 13:50:22     Query Q22 Score: 0.95
2026-06-18 13:50:22   [23/45] Processing Query Q23...
2026-06-18 13:50:28     Query Q23 Score: 1.00
2026-06-18 13:50:28   [24/45] Processing Query Q24...
2026-06-18 13:50:33     Query Q24 Score: 0.90
2026-06-18 13:50:33   [25/45] Processing Query Q25...
2026-06-18 13:50:38     Query Q25 Score: 1.00
2026-06-18 13:50:38   [26/45] Processing Query Q26...
2026-06-18 13:50:43     Query Q26 Score: 1.00
2026-06-18 13:50:43   [27/45] Processing Query Q27...
2026-06-18 13:50:48     Query Q27 Score: 0.95
2026-06-18 13:50:48   [28/45] Processing Query Q28...
2026-06-18 13:50:52     Query Q28 Score: 1.00
2026-06-18 13:50:52   [29/45] Processing Query Q29...
2026-06-18 13:50:58     Query Q29 Score: 1.00
2026-06-18 13:50:58   [30/45] Processing Query Q30...
2026-06-18 13:51:03     Query Q30 Score: 1.00
2026-06-18 13:51:03   [31/45] Processing Query Q31...
2026-06-18 13:51:08     Query Q31 Score: 1.00
2026-06-18 13:51:08   [32/45] Processing Query Q32...
2026-06-18 13:51:14     Query Q32 Score: 1.00
2026-06-18 13:51:14   [33/45] Processing Query Q33...
2026-06-18 13:51:20     Query Q33 Score: 1.00
2026-06-18 13:51:20   [34/45] Processing Query Q34...
2026-06-18 13:51:26     Query Q34 Score: 1.00
2026-06-18 13:51:26   [35/45] Processing Query Q35...
2026-06-18 13:51:30     Query Q35 Score: 1.00
2026-06-18 13:51:30   [36/45] Processing Query Q36...
2026-06-18 13:51:35     Query Q36 Score: 1.00
2026-06-18 13:51:35   [37/45] Processing Query Q37...
2026-06-18 13:51:41     Query Q37 Score: 0.50
2026-06-18 13:51:41   [38/45] Processing Query Q38...
2026-06-18 13:51:47     Query Q38 Score: 1.00
2026-06-18 13:51:47   [39/45] Processing Query Q39...
2026-06-18 13:51:52     Query Q39 Score: 1.00
2026-06-18 13:51:52   [40/45] Processing Query Q40...
2026-06-18 13:51:57     Query Q40 Score: 1.00
2026-06-18 13:51:57   [41/45] Processing Query Q41...
2026-06-18 13:52:03     Query Q41 Score: 0.90
2026-06-18 13:52:03   [42/45] Processing Query Q42...
2026-06-18 13:52:08     Query Q42 Score: 0.95
2026-06-18 13:52:08   [43/45] Processing Query Q43...
2026-06-18 13:52:13     Query Q43 Score: 1.00
2026-06-18 13:52:13   [44/45] Processing Query Q48...
2026-06-18 13:52:19     Query Q48 Score: 0.85
2026-06-18 13:52:19   [45/45] Processing Query Q49...
2026-06-18 13:52:27     Query Q49 Score: 0.50
2026-06-18 13:52:27 Saved validation results to /home/virtualuser/model_evaluation/autoresearch/archive/run_20260618_134153/outputs/validation_results_iter2_20260618_135227.csv
2026-06-18 13:52:27 Validation run completed. Overall Mean Score: 0.9000
2026-06-18 13:52:27 Candidate Score: 0.9000 (Delta: +0.0322)
2026-06-18 13:52:27 >>> SUCCESS: Score improved! Saving new champion prompt.
2026-06-18 13:52:27 Iteration #2 logged successfully to experiments.json.
2026-06-18 13:52:27 
2026-06-18 13:52:27 =========================================
2026-06-18 13:52:27 STARTING ITERATION #3
2026-06-18 13:52:27 =========================================
2026-06-18 13:52:27 Current Champion Score: 0.9000
2026-06-18 13:52:27 Failing queries to fix: 16
2026-06-18 13:52:27 Calling Optimizer Agent to refine instructions...
2026-06-18 13:54:20 Starting validation run on 45 queries...
2026-06-18 13:54:20   [1/45] Processing Query Q01...
2026-06-18 13:54:25     Query Q01 Score: 1.00
2026-06-18 13:54:25   [2/45] Processing Query Q02...
2026-06-18 13:54:30     Query Q02 Score: 1.00
2026-06-18 13:54:30   [3/45] Processing Query Q03...
2026-06-18 13:54:35     Query Q03 Score: 1.00
2026-06-18 13:54:35   [4/45] Processing Query Q04...
2026-06-18 13:54:41     Query Q04 Score: 1.00
2026-06-18 13:54:41   [5/45] Processing Query Q05...
2026-06-18 13:54:49     Query Q05 Score: 0.30
2026-06-18 13:54:49   [6/45] Processing Query Q06...
2026-06-18 13:55:01     Query Q06 Score: 1.00
2026-06-18 13:55:01   [7/45] Processing Query Q07...
2026-06-18 13:55:06     Query Q07 Score: 1.00
2026-06-18 13:55:06   [8/45] Processing Query Q08...
2026-06-18 13:55:11     Query Q08 Score: 1.00
2026-06-18 13:55:11   [9/45] Processing Query Q09...
2026-06-18 13:55:25     Query Q09 Score: 0.50
2026-06-18 13:55:25   [10/45] Processing Query Q10...
2026-06-18 13:55:30     Query Q10 Score: 1.00
2026-06-18 13:55:30   [11/45] Processing Query Q11...
2026-06-18 13:55:39     Query Q11 Score: 0.85
2026-06-18 13:55:39   [12/45] Processing Query Q12...
2026-06-18 13:55:43     Query Q12 Score: 1.00
2026-06-18 13:55:43   [13/45] Processing Query Q13...
2026-06-18 13:55:50     Query Q13 Score: 0.40
2026-06-18 13:55:50   [14/45] Processing Query Q14...
2026-06-18 13:55:55     Query Q14 Score: 0.50
2026-06-18 13:55:55   [15/45] Processing Query Q15...
2026-06-18 13:56:01     Query Q15 Score: 0.95
2026-06-18 13:56:01   [16/45] Processing Query Q16...
2026-06-18 13:56:06     Query Q16 Score: 0.50
2026-06-18 13:56:06   [17/45] Processing Query Q17...
2026-06-18 13:56:12     Query Q17 Score: 1.00
2026-06-18 13:56:12   [18/45] Processing Query Q18...
2026-06-18 13:56:17     Query Q18 Score: 1.00
2026-06-18 13:56:17   [19/45] Processing Query Q19...
2026-06-18 13:56:22     Query Q19 Score: 0.50
2026-06-18 13:56:22   [20/45] Processing Query Q20...
2026-06-18 13:56:27     Query Q20 Score: 1.00
2026-06-18 13:56:27   [21/45] Processing Query Q21...
2026-06-18 13:56:32     Query Q21 Score: 1.00
2026-06-18 13:56:32   [22/45] Processing Query Q22...
2026-06-18 13:56:37     Query Q22 Score: 0.95
2026-06-18 13:56:37   [23/45] Processing Query Q23...
2026-06-18 13:56:55     Query Q23 Score: 0.40
2026-06-18 13:56:55   [24/45] Processing Query Q24...
2026-06-18 13:56:59     Query Q24 Score: 1.00
2026-06-18 13:56:59   [25/45] Processing Query Q25...
2026-06-18 13:57:04     Query Q25 Score: 1.00
2026-06-18 13:57:04   [26/45] Processing Query Q26...
2026-06-18 13:57:08     Query Q26 Score: 1.00
2026-06-18 13:57:08   [27/45] Processing Query Q27...
2026-06-18 13:57:13     Query Q27 Score: 1.00
2026-06-18 13:57:13   [28/45] Processing Query Q28...
2026-06-18 13:57:18     Query Q28 Score: 1.00
2026-06-18 13:57:18   [29/45] Processing Query Q29...
2026-06-18 13:57:23     Query Q29 Score: 1.00
2026-06-18 13:57:23   [30/45] Processing Query Q30...
2026-06-18 13:57:29     Query Q30 Score: 1.00
2026-06-18 13:57:29   [31/45] Processing Query Q31...
2026-06-18 13:57:34     Query Q31 Score: 1.00
2026-06-18 13:57:34   [32/45] Processing Query Q32...
2026-06-18 13:57:40     Query Q32 Score: 1.00
2026-06-18 13:57:40   [33/45] Processing Query Q33...
2026-06-18 13:57:46     Query Q33 Score: 0.90
2026-06-18 13:57:46   [34/45] Processing Query Q34...
2026-06-18 13:57:51     Query Q34 Score: 1.00
2026-06-18 13:57:51   [35/45] Processing Query Q35...
2026-06-18 13:57:55     Query Q35 Score: 1.00
2026-06-18 13:57:55   [36/45] Processing Query Q36...
2026-06-18 13:58:00     Query Q36 Score: 1.00
2026-06-18 13:58:00   [37/45] Processing Query Q37...
2026-06-18 13:58:05     Query Q37 Score: 1.00
2026-06-18 13:58:05   [38/45] Processing Query Q38...
2026-06-18 13:58:13     Query Q38 Score: 0.75
2026-06-18 13:58:13   [39/45] Processing Query Q39...
2026-06-18 13:58:18     Query Q39 Score: 1.00
2026-06-18 13:58:18   [40/45] Processing Query Q40...
2026-06-18 13:58:22     Query Q40 Score: 1.00
2026-06-18 13:58:22   [41/45] Processing Query Q41...
2026-06-18 13:58:28     Query Q41 Score: 0.90
2026-06-18 13:58:28   [42/45] Processing Query Q42...
2026-06-18 13:58:33     Query Q42 Score: 0.95
2026-06-18 13:58:33   [43/45] Processing Query Q43...
2026-06-18 13:58:39     Query Q43 Score: 1.00
2026-06-18 13:58:39   [44/45] Processing Query Q48...
2026-06-18 13:58:45     Query Q48 Score: 0.85
2026-06-18 13:58:45   [45/45] Processing Query Q49...
2026-06-18 13:58:58     Query Q49 Score: 1.00
2026-06-18 13:58:58 Saved validation results to /home/virtualuser/model_evaluation/autoresearch/archive/run_20260618_134153/outputs/validation_results_iter3_20260618_135858.csv
2026-06-18 13:58:58 Validation run completed. Overall Mean Score: 0.8933
2026-06-18 13:58:58 Candidate Score: 0.8933 (Delta: -0.0067)
2026-06-18 13:58:58 >>> FAILURE: Score did not improve. Discarding changes.
2026-06-18 13:58:58 Iteration #3 logged successfully to experiments.json.
2026-06-18 13:58:58 
2026-06-18 13:58:58 =========================================
2026-06-18 13:58:58 STARTING ITERATION #4
2026-06-18 13:58:58 =========================================
2026-06-18 13:58:58 Current Champion Score: 0.9000
2026-06-18 13:58:58 Failing queries to fix: 16
2026-06-18 13:58:58 Calling Optimizer Agent to refine instructions...
2026-06-18 14:00:44 Starting validation run on 45 queries...
2026-06-18 14:00:44   [1/45] Processing Query Q01...
2026-06-18 14:00:49     Query Q01 Score: 1.00
2026-06-18 14:00:49   [2/45] Processing Query Q02...
2026-06-18 14:00:54     Query Q02 Score: 0.60
2026-06-18 14:00:54   [3/45] Processing Query Q03...
2026-06-18 14:00:59     Query Q03 Score: 1.00
2026-06-18 14:00:59   [4/45] Processing Query Q04...
2026-06-18 14:01:05     Query Q04 Score: 1.00
2026-06-18 14:01:05   [5/45] Processing Query Q05...
2026-06-18 14:01:11     Query Q05 Score: 0.50
2026-06-18 14:01:11   [6/45] Processing Query Q06...
2026-06-18 14:01:20     Query Q06 Score: 1.00
2026-06-18 14:01:20   [7/45] Processing Query Q07...
2026-06-18 14:01:25     Query Q07 Score: 1.00
2026-06-18 14:01:25   [8/45] Processing Query Q08...
2026-06-18 14:01:30     Query Q08 Score: 1.00
2026-06-18 14:01:30   [9/45] Processing Query Q09...
2026-06-18 14:01:37     Query Q09 Score: 0.60
2026-06-18 14:01:37   [10/45] Processing Query Q10...
2026-06-18 14:01:42     Query Q10 Score: 1.00
2026-06-18 14:01:42   [11/45] Processing Query Q11...
2026-06-18 14:01:49     Query Q11 Score: 0.40
2026-06-18 14:01:49   [12/45] Processing Query Q12...
2026-06-18 14:01:54     Query Q12 Score: 1.00
2026-06-18 14:01:54   [13/45] Processing Query Q13...
2026-06-18 14:02:00     Query Q13 Score: 0.40
2026-06-18 14:02:00   [14/45] Processing Query Q14...
2026-06-18 14:02:05     Query Q14 Score: 0.85
2026-06-18 14:02:05   [15/45] Processing Query Q15...
2026-06-18 14:02:11     Query Q15 Score: 1.00
2026-06-18 14:02:11   [16/45] Processing Query Q16...
2026-06-18 14:02:16     Query Q16 Score: 0.75
2026-06-18 14:02:16   [17/45] Processing Query Q17...
2026-06-18 14:02:21     Query Q17 Score: 1.00
2026-06-18 14:02:21   [18/45] Processing Query Q18...
2026-06-18 14:02:27     Query Q18 Score: 1.00
2026-06-18 14:02:27   [19/45] Processing Query Q19...
2026-06-18 14:02:31     Query Q19 Score: 0.95
2026-06-18 14:02:31   [20/45] Processing Query Q20...
2026-06-18 14:02:36     Query Q20 Score: 1.00
2026-06-18 14:02:36   [21/45] Processing Query Q21...
2026-06-18 14:02:41     Query Q21 Score: 1.00
2026-06-18 14:02:41   [22/45] Processing Query Q22...
2026-06-18 14:02:46     Query Q22 Score: 0.95
2026-06-18 14:02:46   [23/45] Processing Query Q23...
2026-06-18 14:03:01     Query Q23 Score: 0.50
2026-06-18 14:03:01   [24/45] Processing Query Q24...
2026-06-18 14:03:06     Query Q24 Score: 0.90
2026-06-18 14:03:06   [25/45] Processing Query Q25...
2026-06-18 14:03:11     Query Q25 Score: 1.00
2026-06-18 14:03:11   [26/45] Processing Query Q26...
2026-06-18 14:03:16     Query Q26 Score: 1.00
2026-06-18 14:03:16   [27/45] Processing Query Q27...
2026-06-18 14:03:20     Query Q27 Score: 1.00
2026-06-18 14:03:20   [28/45] Processing Query Q28...
2026-06-18 14:03:25     Query Q28 Score: 1.00
2026-06-18 14:03:25   [29/45] Processing Query Q29...
2026-06-18 14:03:29     Query Q29 Score: 0.50
2026-06-18 14:03:29   [30/45] Processing Query Q30...
2026-06-18 14:03:35     Query Q30 Score: 1.00
2026-06-18 14:03:35   [31/45] Processing Query Q31...
2026-06-18 14:03:40     Query Q31 Score: 1.00
2026-06-18 14:03:40   [32/45] Processing Query Q32...
2026-06-18 14:03:46     Query Q32 Score: 1.00
2026-06-18 14:03:46   [33/45] Processing Query Q33...
2026-06-18 14:03:52     Query Q33 Score: 0.90
2026-06-18 14:03:52   [34/45] Processing Query Q34...
2026-06-18 14:03:57     Query Q34 Score: 1.00
2026-06-18 14:03:57   [35/45] Processing Query Q35...
2026-06-18 14:04:01     Query Q35 Score: 1.00
2026-06-18 14:04:01   [36/45] Processing Query Q36...
2026-06-18 14:04:07     Query Q36 Score: 1.00
2026-06-18 14:04:07   [37/45] Processing Query Q37...
2026-06-18 14:04:12     Query Q37 Score: 0.50
2026-06-18 14:04:12   [38/45] Processing Query Q38...
2026-06-18 14:04:26     Query Q38 Score: 0.85
2026-06-18 14:04:26   [39/45] Processing Query Q39...
2026-06-18 14:04:31     Query Q39 Score: 1.00
2026-06-18 14:04:31   [40/45] Processing Query Q40...
2026-06-18 14:04:35     Query Q40 Score: 1.00
2026-06-18 14:04:35   [41/45] Processing Query Q41...
2026-06-18 14:04:41     Query Q41 Score: 0.90
2026-06-18 14:04:41   [42/45] Processing Query Q42...
2026-06-18 14:04:46     Query Q42 Score: 0.95
2026-06-18 14:04:46   [43/45] Processing Query Q43...
2026-06-18 14:04:51     Query Q43 Score: 1.00
2026-06-18 14:04:51   [44/45] Processing Query Q48...
2026-06-18 14:04:57     Query Q48 Score: 1.00
2026-06-18 14:04:57   [45/45] Processing Query Q49...
2026-06-18 14:05:17     Query Q49 Score: 0.85
2026-06-18 14:05:17 Saved validation results to /home/virtualuser/model_evaluation/autoresearch/archive/run_20260618_134153/outputs/validation_results_iter4_20260618_140517.csv
2026-06-18 14:05:17 Validation run completed. Overall Mean Score: 0.8856
2026-06-18 14:05:17 Candidate Score: 0.8856 (Delta: -0.0144)
2026-06-18 14:05:17 >>> FAILURE: Score did not improve. Discarding changes.
2026-06-18 14:05:17 Iteration #4 logged successfully to experiments.json.
2026-06-18 14:05:17 
2026-06-18 14:05:17 =========================================
2026-06-18 14:05:17 STARTING ITERATION #5
2026-06-18 14:05:17 =========================================
2026-06-18 14:05:17 Current Champion Score: 0.9000
2026-06-18 14:05:17 Failing queries to fix: 16
2026-06-18 14:05:17 Calling Optimizer Agent to refine instructions...
2026-06-18 14:07:10 Starting validation run on 45 queries...
2026-06-18 14:07:10   [1/45] Processing Query Q01...
2026-06-18 14:07:15     Query Q01 Score: 1.00
2026-06-18 14:07:15   [2/45] Processing Query Q02...
2026-06-18 14:07:21     Query Q02 Score: 0.85
2026-06-18 14:07:21   [3/45] Processing Query Q03...
2026-06-18 14:07:26     Query Q03 Score: 1.00
2026-06-18 14:07:26   [4/45] Processing Query Q04...
2026-06-18 14:07:31     Query Q04 Score: 1.00
2026-06-18 14:07:31   [5/45] Processing Query Q05...
2026-06-18 14:07:38     Query Q05 Score: 0.40
2026-06-18 14:07:38   [6/45] Processing Query Q06...
2026-06-18 14:07:44     Query Q06 Score: 0.40
2026-06-18 14:07:44   [7/45] Processing Query Q07...
2026-06-18 14:07:50     Query Q07 Score: 1.00
2026-06-18 14:07:50   [8/45] Processing Query Q08...
2026-06-18 14:07:55     Query Q08 Score: 1.00
2026-06-18 14:07:55   [9/45] Processing Query Q09...
2026-06-18 14:08:04     Query Q09 Score: 0.50
2026-06-18 14:08:04   [10/45] Processing Query Q10...
2026-06-18 14:08:09     Query Q10 Score: 1.00
2026-06-18 14:08:09   [11/45] Processing Query Q11...
2026-06-18 14:08:17     Query Q11 Score: 0.40
2026-06-18 14:08:17   [12/45] Processing Query Q12...
2026-06-18 14:08:21     Query Q12 Score: 1.00
2026-06-18 14:08:21   [13/45] Processing Query Q13...
2026-06-18 14:08:27     Query Q13 Score: 0.95
2026-06-18 14:08:27   [14/45] Processing Query Q14...
2026-06-18 14:08:32     Query Q14 Score: 0.50
2026-06-18 14:08:32   [15/45] Processing Query Q15...
2026-06-18 14:08:38     Query Q15 Score: 1.00
2026-06-18 14:08:38   [16/45] Processing Query Q16...
2026-06-18 14:08:44     Query Q16 Score: 0.75
2026-06-18 14:08:44   [17/45] Processing Query Q17...
2026-06-18 14:08:49     Query Q17 Score: 1.00
2026-06-18 14:08:49   [18/45] Processing Query Q18...
2026-06-18 14:08:54     Query Q18 Score: 1.00
2026-06-18 14:08:54   [19/45] Processing Query Q19...
2026-06-18 14:08:59     Query Q19 Score: 0.95
2026-06-18 14:08:59   [20/45] Processing Query Q20...
2026-06-18 14:09:04     Query Q20 Score: 1.00
2026-06-18 14:09:04   [21/45] Processing Query Q21...
2026-06-18 14:09:09     Query Q21 Score: 1.00
2026-06-18 14:09:09   [22/45] Processing Query Q22...
2026-06-18 14:09:14     Query Q22 Score: 0.95
2026-06-18 14:09:14   [23/45] Processing Query Q23...
2026-06-18 14:09:20     Query Q23 Score: 1.00
2026-06-18 14:09:20   [24/45] Processing Query Q24...
2026-06-18 14:09:25     Query Q24 Score: 1.00
2026-06-18 14:09:25   [25/45] Processing Query Q25...
2026-06-18 14:09:30     Query Q25 Score: 0.95
2026-06-18 14:09:30   [26/45] Processing Query Q26...
2026-06-18 14:09:34     Query Q26 Score: 1.00
2026-06-18 14:09:34   [27/45] Processing Query Q27...
2026-06-18 14:09:39     Query Q27 Score: 1.00
2026-06-18 14:09:39   [28/45] Processing Query Q28...
2026-06-18 14:09:44     Query Q28 Score: 1.00
2026-06-18 14:09:44   [29/45] Processing Query Q29...
2026-06-18 14:09:48     Query Q29 Score: 0.50
2026-06-18 14:09:48   [30/45] Processing Query Q30...
2026-06-18 14:09:54     Query Q30 Score: 1.00
2026-06-18 14:09:54   [31/45] Processing Query Q31...
2026-06-18 14:09:59     Query Q31 Score: 1.00
2026-06-18 14:09:59   [32/45] Processing Query Q32...
2026-06-18 14:10:05     Query Q32 Score: 1.00
2026-06-18 14:10:05   [33/45] Processing Query Q33...
2026-06-18 14:10:11     Query Q33 Score: 0.50
2026-06-18 14:10:11   [34/45] Processing Query Q34...
2026-06-18 14:10:16     Query Q34 Score: 1.00
2026-06-18 14:10:16   [35/45] Processing Query Q35...
2026-06-18 14:10:20     Query Q35 Score: 1.00
2026-06-18 14:10:20   [36/45] Processing Query Q36...
2026-06-18 14:10:26     Query Q36 Score: 0.75
2026-06-18 14:10:26   [37/45] Processing Query Q37...
2026-06-18 14:10:32     Query Q37 Score: 0.75
2026-06-18 14:10:32   [38/45] Processing Query Q38...
2026-06-18 14:10:37     Query Q38 Score: 0.50
2026-06-18 14:10:37   [39/45] Processing Query Q39...
2026-06-18 14:10:42     Query Q39 Score: 1.00
2026-06-18 14:10:42   [40/45] Processing Query Q40...
2026-06-18 14:10:47     Query Q40 Score: 1.00
2026-06-18 14:10:47   [41/45] Processing Query Q41...
2026-06-18 14:10:52     Query Q41 Score: 0.90
2026-06-18 14:10:52   [42/45] Processing Query Q42...
2026-06-18 14:10:58     Query Q42 Score: 0.95
2026-06-18 14:10:58   [43/45] Processing Query Q43...
2026-06-18 14:11:03     Query Q43 Score: 1.00
2026-06-18 14:11:03   [44/45] Processing Query Q48...
2026-06-18 14:11:15     Query Q48 Score: 1.00
2026-06-18 14:11:15   [45/45] Processing Query Q49...
2026-06-18 14:11:22     Query Q49 Score: 0.75
2026-06-18 14:11:22 Saved validation results to /home/virtualuser/model_evaluation/autoresearch/archive/run_20260618_134153/outputs/validation_results_iter5_20260618_141122.csv
2026-06-18 14:11:22 Validation run completed. Overall Mean Score: 0.8711
2026-06-18 14:11:22 Candidate Score: 0.8711 (Delta: -0.0289)
2026-06-18 14:11:22 >>> FAILURE: Score did not improve. Discarding changes.
2026-06-18 14:11:22 Iteration #5 logged successfully to experiments.json.
2026-06-18 14:11:22 
2026-06-18 14:11:22 =========================================
2026-06-18 14:11:22 STARTING ITERATION #6
2026-06-18 14:11:22 =========================================
2026-06-18 14:11:22 Current Champion Score: 0.9000
2026-06-18 14:11:22 Failing queries to fix: 16
2026-06-18 14:11:22 Calling Optimizer Agent to refine instructions...
2026-06-18 14:13:25 Starting validation run on 45 queries...
2026-06-18 14:13:25   [1/45] Processing Query Q01...
2026-06-18 14:13:30     Query Q01 Score: 1.00
2026-06-18 14:13:30   [2/45] Processing Query Q02...
2026-06-18 14:13:35     Query Q02 Score: 0.85
2026-06-18 14:13:35   [3/45] Processing Query Q03...
2026-06-18 14:13:41     Query Q03 Score: 1.00
2026-06-18 14:13:41   [4/45] Processing Query Q04...
2026-06-18 14:13:46     Query Q04 Score: 1.00
2026-06-18 14:13:46   [5/45] Processing Query Q05...
2026-06-18 14:13:53     Query Q05 Score: 0.40
2026-06-18 14:13:53   [6/45] Processing Query Q06...
2026-06-18 14:13:59     Query Q06 Score: 0.60
2026-06-18 14:13:59   [7/45] Processing Query Q07...
2026-06-18 14:14:04     Query Q07 Score: 1.00
2026-06-18 14:14:04   [8/45] Processing Query Q08...
2026-06-18 14:14:09     Query Q08 Score: 1.00
2026-06-18 14:14:09   [9/45] Processing Query Q09...
2026-06-18 14:14:18     Query Q09 Score: 1.00
2026-06-18 14:14:18   [10/45] Processing Query Q10...
2026-06-18 14:14:24     Query Q10 Score: 1.00
2026-06-18 14:14:24   [11/45] Processing Query Q11...
2026-06-18 14:14:41     Query Q11 Score: 0.20
2026-06-18 14:14:41   [12/45] Processing Query Q12...
2026-06-18 14:14:46     Query Q12 Score: 1.00
2026-06-18 14:14:46   [13/45] Processing Query Q13...
2026-06-18 14:14:52     Query Q13 Score: 0.75
2026-06-18 14:14:52   [14/45] Processing Query Q14...
2026-06-18 14:14:56     Query Q14 Score: 0.85
2026-06-18 14:14:56   [15/45] Processing Query Q15...
2026-06-18 14:15:03     Query Q15 Score: 0.95
2026-06-18 14:15:03   [16/45] Processing Query Q16...
2026-06-18 14:15:08     Query Q16 Score: 0.75
2026-06-18 14:15:08   [17/45] Processing Query Q17...
2026-06-18 14:15:13     Query Q17 Score: 1.00
2026-06-18 14:15:13   [18/45] Processing Query Q18...
2026-06-18 14:15:18     Query Q18 Score: 1.00
2026-06-18 14:15:18   [19/45] Processing Query Q19...
2026-06-18 14:15:23     Query Q19 Score: 0.95
2026-06-18 14:15:23   [20/45] Processing Query Q20...
2026-06-18 14:15:29     Query Q20 Score: 1.00
2026-06-18 14:15:29   [21/45] Processing Query Q21...
2026-06-18 14:15:34     Query Q21 Score: 1.00
2026-06-18 14:15:34   [22/45] Processing Query Q22...
2026-06-18 14:15:39     Query Q22 Score: 0.95
2026-06-18 14:15:39   [23/45] Processing Query Q23...
2026-06-18 14:16:00     Query Q23 Score: 0.50
2026-06-18 14:16:00   [24/45] Processing Query Q24...
2026-06-18 14:16:05     Query Q24 Score: 0.90
2026-06-18 14:16:05   [25/45] Processing Query Q25...
2026-06-18 14:16:10     Query Q25 Score: 1.00
2026-06-18 14:16:10   [26/45] Processing Query Q26...
2026-06-18 14:16:14     Query Q26 Score: 1.00
2026-06-18 14:16:14   [27/45] Processing Query Q27...
2026-06-18 14:16:19     Query Q27 Score: 1.00
2026-06-18 14:16:19   [28/45] Processing Query Q28...
2026-06-18 14:16:24     Query Q28 Score: 1.00
2026-06-18 14:16:24   [29/45] Processing Query Q29...
2026-06-18 14:16:29     Query Q29 Score: 1.00
2026-06-18 14:16:29   [30/45] Processing Query Q30...
2026-06-18 14:16:35     Query Q30 Score: 1.00
2026-06-18 14:16:35   [31/45] Processing Query Q31...
2026-06-18 14:16:39     Query Q31 Score: 1.00
2026-06-18 14:16:39   [32/45] Processing Query Q32...
2026-06-18 14:16:46     Query Q32 Score: 1.00
2026-06-18 14:16:46   [33/45] Processing Query Q33...
2026-06-18 14:16:58     Query Q33 Score: 1.00
2026-06-18 14:16:58   [34/45] Processing Query Q34...
2026-06-18 14:17:03     Query Q34 Score: 1.00
2026-06-18 14:17:03   [35/45] Processing Query Q35...
2026-06-18 14:17:07     Query Q35 Score: 1.00
2026-06-18 14:17:07   [36/45] Processing Query Q36...
2026-06-18 14:17:13     Query Q36 Score: 1.00
2026-06-18 14:17:13   [37/45] Processing Query Q37...
2026-06-18 14:17:18     Query Q37 Score: 1.00
2026-06-18 14:17:18   [38/45] Processing Query Q38...
2026-06-18 14:17:26     Query Q38 Score: 1.00
2026-06-18 14:17:26   [39/45] Processing Query Q39...
2026-06-18 14:17:30     Query Q39 Score: 1.00
2026-06-18 14:17:30   [40/45] Processing Query Q40...
2026-06-18 14:17:35     Query Q40 Score: 1.00
2026-06-18 14:17:35   [41/45] Processing Query Q41...
2026-06-18 14:17:41     Query Q41 Score: 0.90
2026-06-18 14:17:41   [42/45] Processing Query Q42...
2026-06-18 14:17:47     Query Q42 Score: 0.95
2026-06-18 14:17:47   [43/45] Processing Query Q43...
2026-06-18 14:17:52     Query Q43 Score: 1.00
2026-06-18 14:17:52   [44/45] Processing Query Q48...
2026-06-18 14:17:58     Query Q48 Score: 0.85
2026-06-18 14:17:58   [45/45] Processing Query Q49...
2026-06-18 14:18:09     Query Q49 Score: 1.00
2026-06-18 14:18:09 Saved validation results to /home/virtualuser/model_evaluation/autoresearch/archive/run_20260618_134153/outputs/validation_results_iter6_20260618_141809.csv
2026-06-18 14:18:09 Validation run completed. Overall Mean Score: 0.9189
2026-06-18 14:18:09 Candidate Score: 0.9189 (Delta: +0.0189)
2026-06-18 14:18:09 >>> SUCCESS: Score improved! Saving new champion prompt.
2026-06-18 14:18:09 Iteration #6 logged successfully to experiments.json.
2026-06-18 14:18:09 
2026-06-18 14:18:09 =========================================
2026-06-18 14:18:09 STARTING ITERATION #7
2026-06-18 14:18:09 =========================================
2026-06-18 14:18:09 Current Champion Score: 0.9189
2026-06-18 14:18:09 Failing queries to fix: 15
2026-06-18 14:18:09 Calling Optimizer Agent to refine instructions...
2026-06-18 14:19:59 Starting validation run on 45 queries...
2026-06-18 14:19:59   [1/45] Processing Query Q01...
2026-06-18 14:20:04     Query Q01 Score: 1.00
2026-06-18 14:20:04   [2/45] Processing Query Q02...
2026-06-18 14:20:10     Query Q02 Score: 0.85
2026-06-18 14:20:10   [3/45] Processing Query Q03...
2026-06-18 14:20:15     Query Q03 Score: 1.00
2026-06-18 14:20:15   [4/45] Processing Query Q04...
2026-06-18 14:20:22     Query Q04 Score: 1.00
2026-06-18 14:20:22   [5/45] Processing Query Q05...
2026-06-18 14:20:29     Query Q05 Score: 0.40
2026-06-18 14:20:29   [6/45] Processing Query Q06...
2026-06-18 14:20:35     Query Q06 Score: 0.60
2026-06-18 14:20:35   [7/45] Processing Query Q07...
2026-06-18 14:20:41     Query Q07 Score: 1.00
2026-06-18 14:20:41   [8/45] Processing Query Q08...
2026-06-18 14:20:46     Query Q08 Score: 1.00
2026-06-18 14:20:46   [9/45] Processing Query Q09...
2026-06-18 14:20:55     Query Q09 Score: 0.40
2026-06-18 14:20:55   [10/45] Processing Query Q10...
2026-06-18 14:21:01     Query Q10 Score: 1.00
2026-06-18 14:21:01   [11/45] Processing Query Q11...
2026-06-18 14:21:08     Query Q11 Score: 0.30
2026-06-18 14:21:08   [12/45] Processing Query Q12...
2026-06-18 14:21:13     Query Q12 Score: 1.00
2026-06-18 14:21:13   [13/45] Processing Query Q13...
2026-06-18 14:21:24     Query Q13 Score: 1.00
2026-06-18 14:21:24   [14/45] Processing Query Q14...
2026-06-18 14:21:29     Query Q14 Score: 0.50
2026-06-18 14:21:29   [15/45] Processing Query Q15...
2026-06-18 14:21:35     Query Q15 Score: 0.95
2026-06-18 14:21:35   [16/45] Processing Query Q16...
2026-06-18 14:21:41     Query Q16 Score: 0.75
2026-06-18 14:21:41   [17/45] Processing Query Q17...
2026-06-18 14:21:46     Query Q17 Score: 1.00
2026-06-18 14:21:46   [18/45] Processing Query Q18...
2026-06-18 14:21:51     Query Q18 Score: 1.00
2026-06-18 14:21:51   [19/45] Processing Query Q19...
2026-06-18 14:21:56     Query Q19 Score: 0.95
2026-06-18 14:21:56   [20/45] Processing Query Q20...
2026-06-18 14:22:01     Query Q20 Score: 1.00
2026-06-18 14:22:01   [21/45] Processing Query Q21...
2026-06-18 14:22:06     Query Q21 Score: 1.00
2026-06-18 14:22:06   [22/45] Processing Query Q22...
2026-06-18 14:22:11     Query Q22 Score: 0.95
2026-06-18 14:22:11   [23/45] Processing Query Q23...
2026-06-18 14:22:28     Query Q23 Score: 0.50
2026-06-18 14:22:28   [24/45] Processing Query Q24...
2026-06-18 14:22:34     Query Q24 Score: 0.90
2026-06-18 14:22:34   [25/45] Processing Query Q25...
2026-06-18 14:22:39     Query Q25 Score: 1.00
2026-06-18 14:22:39   [26/45] Processing Query Q26...
2026-06-18 14:22:43     Query Q26 Score: 1.00
2026-06-18 14:22:43   [27/45] Processing Query Q27...
2026-06-18 14:22:48     Query Q27 Score: 1.00
2026-06-18 14:22:48   [28/45] Processing Query Q28...
2026-06-18 14:22:53     Query Q28 Score: 1.00
2026-06-18 14:22:53   [29/45] Processing Query Q29...
2026-06-18 14:22:58     Query Q29 Score: 0.60
2026-06-18 14:22:58   [30/45] Processing Query Q30...
2026-06-18 14:23:03     Query Q30 Score: 1.00
2026-06-18 14:23:03   [31/45] Processing Query Q31...
2026-06-18 14:23:08     Query Q31 Score: 1.00
2026-06-18 14:23:08   [32/45] Processing Query Q32...
2026-06-18 14:23:14     Query Q32 Score: 1.00
2026-06-18 14:23:14   [33/45] Processing Query Q33...
2026-06-18 14:23:28     Query Q33 Score: 1.00
2026-06-18 14:23:28   [34/45] Processing Query Q34...
2026-06-18 14:23:33     Query Q34 Score: 1.00
2026-06-18 14:23:33   [35/45] Processing Query Q35...
2026-06-18 14:23:37     Query Q35 Score: 1.00
2026-06-18 14:23:37   [36/45] Processing Query Q36...
2026-06-18 14:23:42     Query Q36 Score: 0.95
2026-06-18 14:23:42   [37/45] Processing Query Q37...
2026-06-18 14:23:47     Query Q37 Score: 1.00
2026-06-18 14:23:47   [38/45] Processing Query Q38...
2026-06-18 14:23:58     Query Q38 Score: 1.00
2026-06-18 14:23:58   [39/45] Processing Query Q39...
2026-06-18 14:24:03     Query Q39 Score: 1.00
2026-06-18 14:24:03   [40/45] Processing Query Q40...
2026-06-18 14:24:08     Query Q40 Score: 1.00
2026-06-18 14:24:08   [41/45] Processing Query Q41...
2026-06-18 14:24:14     Query Q41 Score: 0.90
2026-06-18 14:24:14   [42/45] Processing Query Q42...
2026-06-18 14:24:19     Query Q42 Score: 0.95
2026-06-18 14:24:19   [43/45] Processing Query Q43...
2026-06-18 14:24:24     Query Q43 Score: 1.00
2026-06-18 14:24:24   [44/45] Processing Query Q48...
2026-06-18 14:24:30     Query Q48 Score: 0.95
2026-06-18 14:24:30   [45/45] Processing Query Q49...
2026-06-18 14:24:42     Query Q49 Score: 1.00
2026-06-18 14:24:42 Saved validation results to /home/virtualuser/model_evaluation/autoresearch/archive/run_20260618_134153/outputs/validation_results_iter7_20260618_142442.csv
2026-06-18 14:24:42 Validation run completed. Overall Mean Score: 0.8978
2026-06-18 14:24:42 Candidate Score: 0.8978 (Delta: -0.0211)
2026-06-18 14:24:42 >>> FAILURE: Score did not improve. Discarding changes.
2026-06-18 14:24:42 Iteration #7 logged successfully to experiments.json.
2026-06-18 14:24:42 
2026-06-18 14:24:42 =========================================
2026-06-18 14:24:42 STARTING ITERATION #8
2026-06-18 14:24:42 =========================================
2026-06-18 14:24:42 Current Champion Score: 0.9189
2026-06-18 14:24:42 Failing queries to fix: 15
2026-06-18 14:24:42 Calling Optimizer Agent to refine instructions...
2026-06-18 14:26:40 Starting validation run on 45 queries...
2026-06-18 14:26:40   [1/45] Processing Query Q01...
2026-06-18 14:26:45     Query Q01 Score: 1.00
2026-06-18 14:26:45   [2/45] Processing Query Q02...
2026-06-18 14:26:51     Query Q02 Score: 0.75
2026-06-18 14:26:51   [3/45] Processing Query Q03...
2026-06-18 14:26:56     Query Q03 Score: 1.00
2026-06-18 14:26:56   [4/45] Processing Query Q04...
2026-06-18 14:27:01     Query Q04 Score: 1.00
2026-06-18 14:27:01   [5/45] Processing Query Q05...
2026-06-18 14:27:07     Query Q05 Score: 0.30
2026-06-18 14:27:07   [6/45] Processing Query Q06...
2026-06-18 14:27:13     Query Q06 Score: 0.30
2026-06-18 14:27:13   [7/45] Processing Query Q07...
2026-06-18 14:27:18     Query Q07 Score: 1.00
2026-06-18 14:27:18   [8/45] Processing Query Q08...
2026-06-18 14:27:23     Query Q08 Score: 1.00
2026-06-18 14:27:23   [9/45] Processing Query Q09...
2026-06-18 14:27:32     Query Q09 Score: 0.40
2026-06-18 14:27:32   [10/45] Processing Query Q10...
2026-06-18 14:27:38     Query Q10 Score: 1.00
2026-06-18 14:27:38   [11/45] Processing Query Q11...
2026-06-18 14:27:45     Query Q11 Score: 0.30
2026-06-18 14:27:45   [12/45] Processing Query Q12...
2026-06-18 14:27:50     Query Q12 Score: 1.00
2026-06-18 14:27:50   [13/45] Processing Query Q13...
2026-06-18 14:27:55     Query Q13 Score: 0.50
2026-06-18 14:27:55   [14/45] Processing Query Q14...
2026-06-18 14:28:00     Query Q14 Score: 0.85
2026-06-18 14:28:00   [15/45] Processing Query Q15...
2026-06-18 14:28:07     Query Q15 Score: 0.95
2026-06-18 14:28:07   [16/45] Processing Query Q16...
2026-06-18 14:28:12     Query Q16 Score: 0.75
2026-06-18 14:28:12   [17/45] Processing Query Q17...
2026-06-18 14:28:17     Query Q17 Score: 1.00
2026-06-18 14:28:17   [18/45] Processing Query Q18...
2026-06-18 14:28:22     Query Q18 Score: 1.00
2026-06-18 14:28:22   [19/45] Processing Query Q19...
2026-06-18 14:28:27     Query Q19 Score: 0.50
2026-06-18 14:28:27   [20/45] Processing Query Q20...
2026-06-18 14:28:33     Query Q20 Score: 1.00
2026-06-18 14:28:33   [21/45] Processing Query Q21...
2026-06-18 14:28:38     Query Q21 Score: 1.00
2026-06-18 14:28:38   [22/45] Processing Query Q22...
2026-06-18 14:28:42     Query Q22 Score: 0.95
2026-06-18 14:28:42   [23/45] Processing Query Q23...
2026-06-18 14:29:05     Query Q23 Score: 1.00
2026-06-18 14:29:05   [24/45] Processing Query Q24...
2026-06-18 14:29:09     Query Q24 Score: 1.00
2026-06-18 14:29:09   [25/45] Processing Query Q25...
2026-06-18 14:29:14     Query Q25 Score: 1.00
2026-06-18 14:29:14   [26/45] Processing Query Q26...
2026-06-18 14:29:18     Query Q26 Score: 1.00
2026-06-18 14:29:18   [27/45] Processing Query Q27...
2026-06-18 14:29:23     Query Q27 Score: 1.00
2026-06-18 14:29:23   [28/45] Processing Query Q28...
2026-06-18 14:29:27     Query Q28 Score: 1.00
2026-06-18 14:29:27   [29/45] Processing Query Q29...
2026-06-18 14:29:33     Query Q29 Score: 1.00
2026-06-18 14:29:33   [30/45] Processing Query Q30...
2026-06-18 14:29:39     Query Q30 Score: 1.00
2026-06-18 14:29:39   [31/45] Processing Query Q31...
2026-06-18 14:29:43     Query Q31 Score: 1.00
2026-06-18 14:29:43   [32/45] Processing Query Q32...
2026-06-18 14:29:49     Query Q32 Score: 1.00
2026-06-18 14:29:49   [33/45] Processing Query Q33...
2026-06-18 14:29:55     Query Q33 Score: 1.00
2026-06-18 14:29:55   [34/45] Processing Query Q34...
2026-06-18 14:30:00     Query Q34 Score: 1.00
2026-06-18 14:30:00   [35/45] Processing Query Q35...
2026-06-18 14:30:04     Query Q35 Score: 1.00
2026-06-18 14:30:04   [36/45] Processing Query Q36...
2026-06-18 14:30:10     Query Q36 Score: 0.75
2026-06-18 14:30:10   [37/45] Processing Query Q37...
2026-06-18 14:30:15     Query Q37 Score: 1.00
2026-06-18 14:30:15   [38/45] Processing Query Q38...
2026-06-18 14:30:23     Query Q38 Score: 1.00
2026-06-18 14:30:23   [39/45] Processing Query Q39...
2026-06-18 14:30:28     Query Q39 Score: 1.00
2026-06-18 14:30:28   [40/45] Processing Query Q40...
2026-06-18 14:30:33     Query Q40 Score: 1.00
2026-06-18 14:30:33   [41/45] Processing Query Q41...
2026-06-18 14:30:38     Query Q41 Score: 0.90
2026-06-18 14:30:38   [42/45] Processing Query Q42...
2026-06-18 14:30:44     Query Q42 Score: 0.95
2026-06-18 14:30:44   [43/45] Processing Query Q43...
2026-06-18 14:30:49     Query Q43 Score: 1.00
2026-06-18 14:30:49   [44/45] Processing Query Q48...
2026-06-18 14:30:55     Query Q48 Score: 0.85
2026-06-18 14:30:55   [45/45] Processing Query Q49...
2026-06-18 14:31:02     Query Q49 Score: 0.65
2026-06-18 14:31:02 Saved validation results to /home/virtualuser/model_evaluation/autoresearch/archive/run_20260618_134153/outputs/validation_results_iter8_20260618_143102.csv
2026-06-18 14:31:02 Validation run completed. Overall Mean Score: 0.8811
2026-06-18 14:31:02 Candidate Score: 0.8811 (Delta: -0.0378)
2026-06-18 14:31:02 >>> FAILURE: Score did not improve. Discarding changes.
2026-06-18 14:31:02 Iteration #8 logged successfully to experiments.json.
2026-06-18 14:31:02 
2026-06-18 14:31:02 =========================================
2026-06-18 14:31:02 STARTING ITERATION #9
2026-06-18 14:31:02 =========================================
2026-06-18 14:31:02 Current Champion Score: 0.9189
2026-06-18 14:31:02 Failing queries to fix: 15
2026-06-18 14:31:02 Calling Optimizer Agent to refine instructions...
2026-06-18 14:33:07 Starting validation run on 45 queries...
2026-06-18 14:33:07   [1/45] Processing Query Q01...
2026-06-18 14:33:13     Query Q01 Score: 1.00
2026-06-18 14:33:13   [2/45] Processing Query Q02...
2026-06-18 14:33:19     Query Q02 Score: 0.85
2026-06-18 14:33:19   [3/45] Processing Query Q03...
2026-06-18 14:33:24     Query Q03 Score: 1.00
2026-06-18 14:33:24   [4/45] Processing Query Q04...
2026-06-18 14:33:29     Query Q04 Score: 0.65
2026-06-18 14:33:29   [5/45] Processing Query Q05...
2026-06-18 14:33:35     Query Q05 Score: 0.40
2026-06-18 14:33:35   [6/45] Processing Query Q06...
2026-06-18 14:33:44     Query Q06 Score: 1.00
2026-06-18 14:33:44   [7/45] Processing Query Q07...
2026-06-18 14:33:49     Query Q07 Score: 1.00
2026-06-18 14:33:49   [8/45] Processing Query Q08...
2026-06-18 14:33:54     Query Q08 Score: 1.00
2026-06-18 14:33:54   [9/45] Processing Query Q09...
2026-06-18 14:34:06     Query Q09 Score: 1.00
2026-06-18 14:34:06   [10/45] Processing Query Q10...
2026-06-18 14:34:12     Query Q10 Score: 1.00
2026-06-18 14:34:12   [11/45] Processing Query Q11...
2026-06-18 14:34:19     Query Q11 Score: 0.30
2026-06-18 14:34:19   [12/45] Processing Query Q12...
2026-06-18 14:34:24     Query Q12 Score: 1.00
2026-06-18 14:34:24   [13/45] Processing Query Q13...
2026-06-18 14:34:29     Query Q13 Score: 1.00
2026-06-18 14:34:29   [14/45] Processing Query Q14...
2026-06-18 14:34:34     Query Q14 Score: 0.85
2026-06-18 14:34:34   [15/45] Processing Query Q15...
2026-06-18 14:34:43     Query Q15 Score: 1.00
2026-06-18 14:34:43   [16/45] Processing Query Q16...
2026-06-18 14:34:49     Query Q16 Score: 0.75
2026-06-18 14:34:49   [17/45] Processing Query Q17...
2026-06-18 14:34:54     Query Q17 Score: 1.00
2026-06-18 14:34:54   [18/45] Processing Query Q18...
2026-06-18 14:34:59     Query Q18 Score: 1.00
2026-06-18 14:34:59   [19/45] Processing Query Q19...
2026-06-18 14:35:04     Query Q19 Score: 0.60
2026-06-18 14:35:04   [20/45] Processing Query Q20...
2026-06-18 14:35:09     Query Q20 Score: 0.95
2026-06-18 14:35:09   [21/45] Processing Query Q21...
2026-06-18 14:35:14     Query Q21 Score: 1.00
2026-06-18 14:35:14   [22/45] Processing Query Q22...
2026-06-18 14:35:19     Query Q22 Score: 0.95
2026-06-18 14:35:19   [23/45] Processing Query Q23...
2026-06-18 14:35:38     Query Q23 Score: 1.00
2026-06-18 14:35:38   [24/45] Processing Query Q24...
2026-06-18 14:35:43     Query Q24 Score: 1.00
2026-06-18 14:35:43   [25/45] Processing Query Q25...
2026-06-18 14:35:48     Query Q25 Score: 1.00
2026-06-18 14:35:48   [26/45] Processing Query Q26...
2026-06-18 14:35:52     Query Q26 Score: 1.00
2026-06-18 14:35:52   [27/45] Processing Query Q27...
2026-06-18 14:35:56     Query Q27 Score: 1.00
2026-06-18 14:35:56   [28/45] Processing Query Q28...
2026-06-18 14:36:01     Query Q28 Score: 1.00
2026-06-18 14:36:01   [29/45] Processing Query Q29...
2026-06-18 14:36:06     Query Q29 Score: 0.60
2026-06-18 14:36:06   [30/45] Processing Query Q30...
2026-06-18 14:36:12     Query Q30 Score: 1.00
2026-06-18 14:36:12   [31/45] Processing Query Q31...
2026-06-18 14:36:16     Query Q31 Score: 1.00
2026-06-18 14:36:16   [32/45] Processing Query Q32...
2026-06-18 14:36:22     Query Q32 Score: 1.00
2026-06-18 14:36:22   [33/45] Processing Query Q33...
2026-06-18 14:36:28     Query Q33 Score: 1.00
2026-06-18 14:36:28   [34/45] Processing Query Q34...
2026-06-18 14:36:33     Query Q34 Score: 1.00
2026-06-18 14:36:33   [35/45] Processing Query Q35...
2026-06-18 14:36:38     Query Q35 Score: 0.95
2026-06-18 14:36:38   [36/45] Processing Query Q36...
2026-06-18 14:36:43     Query Q36 Score: 0.95
2026-06-18 14:36:43   [37/45] Processing Query Q37...
2026-06-18 14:36:48     Query Q37 Score: 1.00
2026-06-18 14:36:48   [38/45] Processing Query Q38...
2026-06-18 14:36:56     Query Q38 Score: 1.00
2026-06-18 14:36:56   [39/45] Processing Query Q39...
2026-06-18 14:37:01     Query Q39 Score: 1.00
2026-06-18 14:37:01   [40/45] Processing Query Q40...
2026-06-18 14:37:07     Query Q40 Score: 0.95
2026-06-18 14:37:07   [41/45] Processing Query Q41...
2026-06-18 14:37:13     Query Q41 Score: 0.95
2026-06-18 14:37:13   [42/45] Processing Query Q42...
2026-06-18 14:37:19     Query Q42 Score: 0.95
2026-06-18 14:37:19   [43/45] Processing Query Q43...
2026-06-18 14:37:24     Query Q43 Score: 1.00
2026-06-18 14:37:24   [44/45] Processing Query Q48...
2026-06-18 14:37:30     Query Q48 Score: 0.85
2026-06-18 14:37:30   [45/45] Processing Query Q49...
2026-06-18 14:37:37     Query Q49 Score: 0.65
2026-06-18 14:37:37 Saved validation results to /home/virtualuser/model_evaluation/autoresearch/archive/run_20260618_134153/outputs/validation_results_iter9_20260618_143737.csv
2026-06-18 14:37:37 Validation run completed. Overall Mean Score: 0.9144
2026-06-18 14:37:37 Candidate Score: 0.9144 (Delta: -0.0044)
2026-06-18 14:37:37 >>> FAILURE: Score did not improve. Discarding changes.
2026-06-18 14:37:37 Iteration #9 logged successfully to experiments.json.
2026-06-18 14:37:37 
2026-06-18 14:37:37 =========================================
2026-06-18 14:37:37 STARTING ITERATION #10
2026-06-18 14:37:37 =========================================
2026-06-18 14:37:37 Current Champion Score: 0.9189
2026-06-18 14:37:37 Failing queries to fix: 15
2026-06-18 14:37:37 Calling Optimizer Agent to refine instructions...
2026-06-18 14:39:32 Starting validation run on 45 queries...
2026-06-18 14:39:32   [1/45] Processing Query Q01...
2026-06-18 14:39:37     Query Q01 Score: 1.00
2026-06-18 14:39:37   [2/45] Processing Query Q02...
2026-06-18 14:39:43     Query Q02 Score: 0.65
2026-06-18 14:39:43   [3/45] Processing Query Q03...
2026-06-18 14:39:48     Query Q03 Score: 1.00
2026-06-18 14:39:48   [4/45] Processing Query Q04...
2026-06-18 14:39:54     Query Q04 Score: 1.00
2026-06-18 14:39:54   [5/45] Processing Query Q05...
2026-06-18 14:40:01     Query Q05 Score: 0.40
2026-06-18 14:40:01   [6/45] Processing Query Q06...
2026-06-18 14:40:10     Query Q06 Score: 0.50
2026-06-18 14:40:10   [7/45] Processing Query Q07...
2026-06-18 14:40:15     Query Q07 Score: 1.00
2026-06-18 14:40:15   [8/45] Processing Query Q08...
2026-06-18 14:40:20     Query Q08 Score: 1.00
2026-06-18 14:40:20   [9/45] Processing Query Q09...
2026-06-18 14:40:26     Query Q09 Score: 0.40
2026-06-18 14:40:26   [10/45] Processing Query Q10...
2026-06-18 14:40:32     Query Q10 Score: 1.00
2026-06-18 14:40:32   [11/45] Processing Query Q11...
2026-06-18 14:40:39     Query Q11 Score: 0.30
2026-06-18 14:40:39   [12/45] Processing Query Q12...
2026-06-18 14:40:44     Query Q12 Score: 1.00
2026-06-18 14:40:44   [13/45] Processing Query Q13...
2026-06-18 14:40:50     Query Q13 Score: 0.95
2026-06-18 14:40:50   [14/45] Processing Query Q14...
2026-06-18 14:40:54     Query Q14 Score: 0.50
2026-06-18 14:40:54   [15/45] Processing Query Q15...
2026-06-18 14:41:01     Query Q15 Score: 0.95
2026-06-18 14:41:01   [16/45] Processing Query Q16...
2026-06-18 14:41:07     Query Q16 Score: 0.75
2026-06-18 14:41:07   [17/45] Processing Query Q17...
2026-06-18 14:41:11     Query Q17 Score: 1.00
2026-06-18 14:41:11   [18/45] Processing Query Q18...
2026-06-18 14:41:16     Query Q18 Score: 1.00
2026-06-18 14:41:16   [19/45] Processing Query Q19...
2026-06-18 14:41:21     Query Q19 Score: 0.95
2026-06-18 14:41:21   [20/45] Processing Query Q20...
2026-06-18 14:41:27     Query Q20 Score: 0.85
2026-06-18 14:41:27   [21/45] Processing Query Q21...
2026-06-18 14:41:32     Query Q21 Score: 1.00
2026-06-18 14:41:32   [22/45] Processing Query Q22...
2026-06-18 14:41:37     Query Q22 Score: 0.95
2026-06-18 14:41:37   [23/45] Processing Query Q23...
2026-06-18 14:41:58     Query Q23 Score: 1.00
2026-06-18 14:41:58   [24/45] Processing Query Q24...
2026-06-18 14:42:03     Query Q24 Score: 1.00
2026-06-18 14:42:03   [25/45] Processing Query Q25...
2026-06-18 14:42:08     Query Q25 Score: 1.00
2026-06-18 14:42:08   [26/45] Processing Query Q26...
2026-06-18 14:42:12     Query Q26 Score: 1.00
2026-06-18 14:42:12   [27/45] Processing Query Q27...
2026-06-18 14:42:16     Query Q27 Score: 1.00
2026-06-18 14:42:16   [28/45] Processing Query Q28...
2026-06-18 14:42:21     Query Q28 Score: 1.00
2026-06-18 14:42:21   [29/45] Processing Query Q29...
2026-06-18 14:42:26     Query Q29 Score: 0.60
2026-06-18 14:42:26   [30/45] Processing Query Q30...
2026-06-18 14:42:32     Query Q30 Score: 1.00
2026-06-18 14:42:32   [31/45] Processing Query Q31...
2026-06-18 14:42:37     Query Q31 Score: 1.00
2026-06-18 14:42:37   [32/45] Processing Query Q32...
2026-06-18 14:42:43     Query Q32 Score: 1.00
2026-06-18 14:42:43   [33/45] Processing Query Q33...
2026-06-18 14:42:49     Query Q33 Score: 1.00
2026-06-18 14:42:49   [34/45] Processing Query Q34...
2026-06-18 14:42:54     Query Q34 Score: 1.00
2026-06-18 14:42:54   [35/45] Processing Query Q35...
2026-06-18 14:42:58     Query Q35 Score: 1.00
2026-06-18 14:42:58   [36/45] Processing Query Q36...
2026-06-18 14:43:04     Query Q36 Score: 0.60
2026-06-18 14:43:04   [37/45] Processing Query Q37...
2026-06-18 14:43:09     Query Q37 Score: 1.00
2026-06-18 14:43:09   [38/45] Processing Query Q38...
2026-06-18 14:43:22     Query Q38 Score: 1.00
2026-06-18 14:43:22   [39/45] Processing Query Q39...
2026-06-18 14:43:27     Query Q39 Score: 1.00
2026-06-18 14:43:27   [40/45] Processing Query Q40...
2026-06-18 14:43:31     Query Q40 Score: 1.00
2026-06-18 14:43:31   [41/45] Processing Query Q41...
2026-06-18 14:43:37     Query Q41 Score: 0.90
2026-06-18 14:43:37   [42/45] Processing Query Q42...
2026-06-18 14:43:42     Query Q42 Score: 1.00
2026-06-18 14:43:42   [43/45] Processing Query Q43...
2026-06-18 14:43:47     Query Q43 Score: 1.00
2026-06-18 14:43:47   [44/45] Processing Query Q48...
2026-06-18 14:43:53     Query Q48 Score: 0.85
2026-06-18 14:43:53   [45/45] Processing Query Q49...
2026-06-18 14:44:00     Query Q49 Score: 0.75
2026-06-18 14:44:00 Saved validation results to /home/virtualuser/model_evaluation/autoresearch/archive/run_20260618_134153/outputs/validation_results_iter10_20260618_144400.csv
2026-06-18 14:44:00 Validation run completed. Overall Mean Score: 0.8856
2026-06-18 14:44:00 Candidate Score: 0.8856 (Delta: -0.0333)
2026-06-18 14:44:00 >>> FAILURE: Score did not improve. Discarding changes.
2026-06-18 14:44:00 Iteration #10 logged successfully to experiments.json.
2026-06-18 14:44:00 
2026-06-18 14:44:00 =========================================
2026-06-18 14:44:00 STARTING ITERATION #11
2026-06-18 14:44:00 =========================================
2026-06-18 14:44:00 Current Champion Score: 0.9189
2026-06-18 14:44:00 Failing queries to fix: 15
2026-06-18 14:44:00 Calling Optimizer Agent to refine instructions...
2026-06-18 14:46:10 Starting validation run on 45 queries...
2026-06-18 14:46:10   [1/45] Processing Query Q01...
2026-06-18 14:46:15     Query Q01 Score: 1.00
2026-06-18 14:46:15   [2/45] Processing Query Q02...
2026-06-18 14:46:21     Query Q02 Score: 0.85
2026-06-18 14:46:21   [3/45] Processing Query Q03...
2026-06-18 14:46:26     Query Q03 Score: 1.00
2026-06-18 14:46:26   [4/45] Processing Query Q04...
2026-06-18 14:46:31     Query Q04 Score: 1.00
2026-06-18 14:46:31   [5/45] Processing Query Q05...
2026-06-18 14:46:37     Query Q05 Score: 0.40
2026-06-18 14:46:37   [6/45] Processing Query Q06...
2026-06-18 14:46:43     Query Q06 Score: 1.00
2026-06-18 14:46:43   [7/45] Processing Query Q07...
2026-06-18 14:46:48     Query Q07 Score: 1.00
2026-06-18 14:46:48   [8/45] Processing Query Q08...
2026-06-18 14:46:53     Query Q08 Score: 1.00
2026-06-18 14:46:53   [9/45] Processing Query Q09...
2026-06-18 14:46:59     Query Q09 Score: 0.60
2026-06-18 14:46:59   [10/45] Processing Query Q10...
2026-06-18 14:47:05     Query Q10 Score: 1.00
2026-06-18 14:47:05   [11/45] Processing Query Q11...
2026-06-18 14:47:13     Query Q11 Score: 0.40
2026-06-18 14:47:13   [12/45] Processing Query Q12...
2026-06-18 14:47:18     Query Q12 Score: 1.00
2026-06-18 14:47:18   [13/45] Processing Query Q13...
2026-06-18 14:47:23     Query Q13 Score: 0.85
2026-06-18 14:47:23   [14/45] Processing Query Q14...
2026-06-18 14:47:28     Query Q14 Score: 0.50
2026-06-18 14:47:28   [15/45] Processing Query Q15...
2026-06-18 14:47:34     Query Q15 Score: 0.95
2026-06-18 14:47:34   [16/45] Processing Query Q16...
2026-06-18 14:47:40     Query Q16 Score: 0.75
2026-06-18 14:47:40   [17/45] Processing Query Q17...
2026-06-18 14:47:45     Query Q17 Score: 1.00
2026-06-18 14:47:45   [18/45] Processing Query Q18...
2026-06-18 14:47:50     Query Q18 Score: 1.00
2026-06-18 14:47:50   [19/45] Processing Query Q19...
2026-06-18 14:47:55     Query Q19 Score: 0.95
2026-06-18 14:47:55   [20/45] Processing Query Q20...
2026-06-18 14:48:01     Query Q20 Score: 0.75
2026-06-18 14:48:01   [21/45] Processing Query Q21...
2026-06-18 14:48:06     Query Q21 Score: 1.00
2026-06-18 14:48:06   [22/45] Processing Query Q22...
2026-06-18 14:48:11     Query Q22 Score: 0.95
2026-06-18 14:48:11   [23/45] Processing Query Q23...
2026-06-18 14:48:20     Query Q23 Score: 0.95
2026-06-18 14:48:20   [24/45] Processing Query Q24...
2026-06-18 14:48:25     Query Q24 Score: 1.00
2026-06-18 14:48:25   [25/45] Processing Query Q25...
2026-06-18 14:48:30     Query Q25 Score: 1.00
2026-06-18 14:48:30   [26/45] Processing Query Q26...
2026-06-18 14:48:34     Query Q26 Score: 1.00
2026-06-18 14:48:34   [27/45] Processing Query Q27...
2026-06-18 14:48:38     Query Q27 Score: 1.00
2026-06-18 14:48:38   [28/45] Processing Query Q28...
2026-06-18 14:48:42     Query Q28 Score: 1.00
2026-06-18 14:48:42   [29/45] Processing Query Q29...
2026-06-18 14:48:48     Query Q29 Score: 1.00
2026-06-18 14:48:48   [30/45] Processing Query Q30...
2026-06-18 14:48:54     Query Q30 Score: 1.00
2026-06-18 14:48:54   [31/45] Processing Query Q31...
2026-06-18 14:48:58     Query Q31 Score: 1.00
2026-06-18 14:48:58   [32/45] Processing Query Q32...
2026-06-18 14:49:04     Query Q32 Score: 1.00
2026-06-18 14:49:04   [33/45] Processing Query Q33...
2026-06-18 14:49:10     Query Q33 Score: 1.00
2026-06-18 14:49:10   [34/45] Processing Query Q34...
2026-06-18 14:49:15     Query Q34 Score: 1.00
2026-06-18 14:49:15   [35/45] Processing Query Q35...
2026-06-18 14:49:19     Query Q35 Score: 1.00
2026-06-18 14:49:19   [36/45] Processing Query Q36...
2026-06-18 14:49:25     Query Q36 Score: 0.95
2026-06-18 14:49:25   [37/45] Processing Query Q37...
2026-06-18 14:49:30     Query Q37 Score: 1.00
2026-06-18 14:49:30   [38/45] Processing Query Q38...
2026-06-18 14:49:39     Query Q38 Score: 1.00
2026-06-18 14:49:39   [39/45] Processing Query Q39...
2026-06-18 14:49:44     Query Q39 Score: 1.00
2026-06-18 14:49:44   [40/45] Processing Query Q40...
2026-06-18 14:49:49     Query Q40 Score: 0.95
2026-06-18 14:49:49   [41/45] Processing Query Q41...
2026-06-18 14:49:54     Query Q41 Score: 0.95
2026-06-18 14:49:54   [42/45] Processing Query Q42...
2026-06-18 14:49:59     Query Q42 Score: 0.95
2026-06-18 14:49:59   [43/45] Processing Query Q43...
2026-06-18 14:50:04     Query Q43 Score: 1.00
2026-06-18 14:50:04   [44/45] Processing Query Q48...
2026-06-18 14:50:21     Query Q48 Score: 0.95
2026-06-18 14:50:21   [45/45] Processing Query Q49...
2026-06-18 14:50:28     Query Q49 Score: 0.75
2026-06-18 14:50:28 Saved validation results to /home/virtualuser/model_evaluation/autoresearch/archive/run_20260618_134153/outputs/validation_results_iter11_20260618_145028.csv
2026-06-18 14:50:28 Validation run completed. Overall Mean Score: 0.9200
2026-06-18 14:50:28 Candidate Score: 0.9200 (Delta: +0.0011)
2026-06-18 14:50:28 >>> SUCCESS: Score improved! Saving new champion prompt.
2026-06-18 14:50:28 Iteration #11 logged successfully to experiments.json.
2026-06-18 14:50:28 
2026-06-18 14:50:28 =========================================
2026-06-18 14:50:28 STARTING ITERATION #12
2026-06-18 14:50:28 =========================================
2026-06-18 14:50:28 Current Champion Score: 0.9200
2026-06-18 14:50:28 Failing queries to fix: 18
2026-06-18 14:50:28 Calling Optimizer Agent to refine instructions...
2026-06-18 14:52:26 Starting validation run on 45 queries...
2026-06-18 14:52:26   [1/45] Processing Query Q01...
2026-06-18 14:52:31     Query Q01 Score: 1.00
2026-06-18 14:52:31   [2/45] Processing Query Q02...
2026-06-18 14:52:37     Query Q02 Score: 0.75
2026-06-18 14:52:37   [3/45] Processing Query Q03...
2026-06-18 14:52:42     Query Q03 Score: 1.00
2026-06-18 14:52:42   [4/45] Processing Query Q04...
2026-06-18 14:52:47     Query Q04 Score: 1.00
2026-06-18 14:52:47   [5/45] Processing Query Q05...
2026-06-18 14:52:53     Query Q05 Score: 0.30
2026-06-18 14:52:53   [6/45] Processing Query Q06...
2026-06-18 14:52:59     Query Q06 Score: 1.00
2026-06-18 14:52:59   [7/45] Processing Query Q07...
2026-06-18 14:53:04     Query Q07 Score: 1.00
2026-06-18 14:53:04   [8/45] Processing Query Q08...
2026-06-18 14:53:09     Query Q08 Score: 1.00
2026-06-18 14:53:09   [9/45] Processing Query Q09...
2026-06-18 14:53:18     Query Q09 Score: 0.40
2026-06-18 14:53:18   [10/45] Processing Query Q10...
2026-06-18 14:53:24     Query Q10 Score: 1.00
2026-06-18 14:53:24   [11/45] Processing Query Q11...
2026-06-18 14:53:32     Query Q11 Score: 0.40
2026-06-18 14:53:32   [12/45] Processing Query Q12...
2026-06-18 14:53:36     Query Q12 Score: 1.00
2026-06-18 14:53:36   [13/45] Processing Query Q13...
2026-06-18 14:53:42     Query Q13 Score: 1.00
2026-06-18 14:53:42   [14/45] Processing Query Q14...
2026-06-18 14:53:46     Query Q14 Score: 0.85
2026-06-18 14:53:46   [15/45] Processing Query Q15...
2026-06-18 14:53:52     Query Q15 Score: 1.00
2026-06-18 14:53:52   [16/45] Processing Query Q16...
2026-06-18 14:53:58     Query Q16 Score: 0.75
2026-06-18 14:53:58   [17/45] Processing Query Q17...
2026-06-18 14:54:03     Query Q17 Score: 1.00
2026-06-18 14:54:03   [18/45] Processing Query Q18...
2026-06-18 14:54:08     Query Q18 Score: 1.00
2026-06-18 14:54:08   [19/45] Processing Query Q19...
2026-06-18 14:54:13     Query Q19 Score: 0.95
2026-06-18 14:54:13   [20/45] Processing Query Q20...
2026-06-18 14:54:18     Query Q20 Score: 0.95
2026-06-18 14:54:18   [21/45] Processing Query Q21...
2026-06-18 14:54:23     Query Q21 Score: 1.00
2026-06-18 14:54:23   [22/45] Processing Query Q22...
2026-06-18 14:54:28     Query Q22 Score: 0.95
2026-06-18 14:54:28   [23/45] Processing Query Q23...
2026-06-18 14:54:43     Query Q23 Score: 1.00
2026-06-18 14:54:43   [24/45] Processing Query Q24...
2026-06-18 14:54:47     Query Q24 Score: 1.00
2026-06-18 14:54:47   [25/45] Processing Query Q25...
2026-06-18 14:54:52     Query Q25 Score: 1.00
2026-06-18 14:54:52   [26/45] Processing Query Q26...
2026-06-18 14:54:57     Query Q26 Score: 1.00
2026-06-18 14:54:57   [27/45] Processing Query Q27...
2026-06-18 14:55:01     Query Q27 Score: 1.00
2026-06-18 14:55:01   [28/45] Processing Query Q28...
2026-06-18 14:55:05     Query Q28 Score: 1.00
2026-06-18 14:55:05   [29/45] Processing Query Q29...
2026-06-18 14:55:11     Query Q29 Score: 0.60
2026-06-18 14:55:11   [30/45] Processing Query Q30...
2026-06-18 14:55:17     Query Q30 Score: 1.00
2026-06-18 14:55:17   [31/45] Processing Query Q31...
2026-06-18 14:55:21     Query Q31 Score: 1.00
2026-06-18 14:55:21   [32/45] Processing Query Q32...
2026-06-18 14:55:27     Query Q32 Score: 1.00
2026-06-18 14:55:27   [33/45] Processing Query Q33...
2026-06-18 14:55:37     Query Q33 Score: 1.00
2026-06-18 14:55:37   [34/45] Processing Query Q34...
2026-06-18 14:55:42     Query Q34 Score: 1.00
2026-06-18 14:55:42   [35/45] Processing Query Q35...
2026-06-18 14:55:46     Query Q35 Score: 1.00
2026-06-18 14:55:46   [36/45] Processing Query Q36...
2026-06-18 14:55:57     Query Q36 Score: 0.95
2026-06-18 14:55:57   [37/45] Processing Query Q37...
2026-06-18 14:56:03     Query Q37 Score: 1.00
2026-06-18 14:56:03   [38/45] Processing Query Q38...
2026-06-18 14:56:17     Query Q38 Score: 0.70
2026-06-18 14:56:17   [39/45] Processing Query Q39...
2026-06-18 14:56:22     Query Q39 Score: 1.00
2026-06-18 14:56:22   [40/45] Processing Query Q40...
2026-06-18 14:56:27     Query Q40 Score: 1.00
2026-06-18 14:56:27   [41/45] Processing Query Q41...
2026-06-18 14:56:33     Query Q41 Score: 0.90
2026-06-18 14:56:33   [42/45] Processing Query Q42...
2026-06-18 14:56:38     Query Q42 Score: 1.00
2026-06-18 14:56:38   [43/45] Processing Query Q43...
2026-06-18 14:56:42     Query Q43 Score: 1.00
2026-06-18 14:56:42   [44/45] Processing Query Q48...
2026-06-18 14:56:49     Query Q48 Score: 0.90
2026-06-18 14:56:49   [45/45] Processing Query Q49...
2026-06-18 14:56:56     Query Q49 Score: 0.65
2026-06-18 14:56:56 Saved validation results to /home/virtualuser/model_evaluation/autoresearch/archive/run_20260618_134153/outputs/validation_results_iter12_20260618_145656.csv
2026-06-18 14:56:56 Validation run completed. Overall Mean Score: 0.9111
2026-06-18 14:56:56 Candidate Score: 0.9111 (Delta: -0.0089)
2026-06-18 14:56:56 >>> FAILURE: Score did not improve. Discarding changes.
2026-06-18 14:56:56 Iteration #12 logged successfully to experiments.json.
2026-06-18 14:56:56 
2026-06-18 14:56:56 =========================================
2026-06-18 14:56:56 STARTING ITERATION #13
2026-06-18 14:56:56 =========================================
2026-06-18 14:56:56 Current Champion Score: 0.9200
2026-06-18 14:56:56 Failing queries to fix: 18
2026-06-18 14:56:56 Calling Optimizer Agent to refine instructions...
2026-06-18 14:58:51 Starting validation run on 45 queries...
2026-06-18 14:58:51   [1/45] Processing Query Q01...
2026-06-18 14:58:56     Query Q01 Score: 1.00
2026-06-18 14:58:56   [2/45] Processing Query Q02...
2026-06-18 14:59:02     Query Q02 Score: 0.75
2026-06-18 14:59:02   [3/45] Processing Query Q03...
2026-06-18 14:59:08     Query Q03 Score: 1.00
2026-06-18 14:59:08   [4/45] Processing Query Q04...
2026-06-18 14:59:13     Query Q04 Score: 1.00
2026-06-18 14:59:13   [5/45] Processing Query Q05...
2026-06-18 14:59:19     Query Q05 Score: 0.30
2026-06-18 14:59:19   [6/45] Processing Query Q06...
2026-06-18 14:59:25     Query Q06 Score: 1.00
2026-06-18 14:59:25   [7/45] Processing Query Q07...
2026-06-18 14:59:30     Query Q07 Score: 1.00
2026-06-18 14:59:30   [8/45] Processing Query Q08...
2026-06-18 14:59:35     Query Q08 Score: 1.00
2026-06-18 14:59:35   [9/45] Processing Query Q09...
2026-06-18 14:59:47     Query Q09 Score: 0.40
2026-06-18 14:59:47   [10/45] Processing Query Q10...
2026-06-18 14:59:52     Query Q10 Score: 1.00
2026-06-18 14:59:52   [11/45] Processing Query Q11...
2026-06-18 15:00:01     Query Q11 Score: 0.20
2026-06-18 15:00:01   [12/45] Processing Query Q12...
2026-06-18 15:00:06     Query Q12 Score: 1.00
2026-06-18 15:00:06   [13/45] Processing Query Q13...
2026-06-18 15:00:12     Query Q13 Score: 0.40
2026-06-18 15:00:12   [14/45] Processing Query Q14...
2026-06-18 15:00:17     Query Q14 Score: 0.50
2026-06-18 15:00:17   [15/45] Processing Query Q15...
2026-06-18 15:00:23     Query Q15 Score: 0.95
2026-06-18 15:00:23   [16/45] Processing Query Q16...
2026-06-18 15:00:29     Query Q16 Score: 0.75
2026-06-18 15:00:29   [17/45] Processing Query Q17...
2026-06-18 15:00:34     Query Q17 Score: 1.00
2026-06-18 15:00:34   [18/45] Processing Query Q18...
2026-06-18 15:00:39     Query Q18 Score: 1.00
2026-06-18 15:00:39   [19/45] Processing Query Q19...
2026-06-18 15:00:44     Query Q19 Score: 0.85
2026-06-18 15:00:44   [20/45] Processing Query Q20...
2026-06-18 15:00:50     Query Q20 Score: 0.95
2026-06-18 15:00:50   [21/45] Processing Query Q21...
2026-06-18 15:00:55     Query Q21 Score: 1.00
2026-06-18 15:00:55   [22/45] Processing Query Q22...
2026-06-18 15:00:59     Query Q22 Score: 0.95
2026-06-18 15:00:59   [23/45] Processing Query Q23...
2026-06-18 15:01:22     Query Q23 Score: 0.65
2026-06-18 15:01:22   [24/45] Processing Query Q24...
2026-06-18 15:01:27     Query Q24 Score: 1.00
2026-06-18 15:01:27   [25/45] Processing Query Q25...
2026-06-18 15:01:32     Query Q25 Score: 1.00
2026-06-18 15:01:32   [26/45] Processing Query Q26...
2026-06-18 15:01:36     Query Q26 Score: 1.00
2026-06-18 15:01:36   [27/45] Processing Query Q27...
2026-06-18 15:01:40     Query Q27 Score: 1.00
2026-06-18 15:01:40   [28/45] Processing Query Q28...
2026-06-18 15:01:45     Query Q28 Score: 1.00
2026-06-18 15:01:45   [29/45] Processing Query Q29...
2026-06-18 15:01:50     Query Q29 Score: 1.00
2026-06-18 15:01:50   [30/45] Processing Query Q30...
2026-06-18 15:01:56     Query Q30 Score: 1.00
2026-06-18 15:01:56   [31/45] Processing Query Q31...
2026-06-18 15:02:01     Query Q31 Score: 1.00
2026-06-18 15:02:01   [32/45] Processing Query Q32...
2026-06-18 15:02:07     Query Q32 Score: 1.00
2026-06-18 15:02:07   [33/45] Processing Query Q33...
2026-06-18 15:02:13     Query Q33 Score: 0.90
2026-06-18 15:02:13   [34/45] Processing Query Q34...
2026-06-18 15:02:18     Query Q34 Score: 1.00
2026-06-18 15:02:18   [35/45] Processing Query Q35...
2026-06-18 15:02:21     Query Q35 Score: 1.00
2026-06-18 15:02:21   [36/45] Processing Query Q36...
2026-06-18 15:02:27     Query Q36 Score: 0.95
2026-06-18 15:02:27   [37/45] Processing Query Q37...
2026-06-18 15:02:32     Query Q37 Score: 1.00
2026-06-18 15:02:32   [38/45] Processing Query Q38...
2026-06-18 15:02:38     Query Q38 Score: 1.00
2026-06-18 15:02:38   [39/45] Processing Query Q39...
2026-06-18 15:02:43     Query Q39 Score: 1.00
2026-06-18 15:02:43   [40/45] Processing Query Q40...
2026-06-18 15:02:48     Query Q40 Score: 1.00
2026-06-18 15:02:48   [41/45] Processing Query Q41...
2026-06-18 15:02:54     Query Q41 Score: 0.90
2026-06-18 15:02:54   [42/45] Processing Query Q42...
2026-06-18 15:02:59     Query Q42 Score: 0.95
2026-06-18 15:02:59   [43/45] Processing Query Q43...
2026-06-18 15:03:06     Query Q43 Score: 1.00
2026-06-18 15:03:06   [44/45] Processing Query Q48...
2026-06-18 15:03:12     Query Q48 Score: 0.85
2026-06-18 15:03:12   [45/45] Processing Query Q49...
2026-06-18 15:03:19     Query Q49 Score: 1.00
2026-06-18 15:03:19 Saved validation results to /home/virtualuser/model_evaluation/autoresearch/archive/run_20260618_134153/outputs/validation_results_iter13_20260618_150319.csv
2026-06-18 15:03:19 Validation run completed. Overall Mean Score: 0.8933
2026-06-18 15:03:19 Candidate Score: 0.8933 (Delta: -0.0267)
2026-06-18 15:03:19 >>> FAILURE: Score did not improve. Discarding changes.
2026-06-18 15:03:19 Iteration #13 logged successfully to experiments.json.
2026-06-18 15:03:19 
2026-06-18 15:03:19 =========================================
2026-06-18 15:03:19 STARTING ITERATION #14
2026-06-18 15:03:19 =========================================
2026-06-18 15:03:19 Current Champion Score: 0.9200
2026-06-18 15:03:19 Failing queries to fix: 18
2026-06-18 15:03:19 Calling Optimizer Agent to refine instructions...
2026-06-18 15:05:31 Starting validation run on 45 queries...
2026-06-18 15:05:31   [1/45] Processing Query Q01...
2026-06-18 15:05:36     Query Q01 Score: 1.00
2026-06-18 15:05:36   [2/45] Processing Query Q02...
2026-06-18 15:05:42     Query Q02 Score: 0.85
2026-06-18 15:05:42   [3/45] Processing Query Q03...
2026-06-18 15:05:47     Query Q03 Score: 1.00
2026-06-18 15:05:47   [4/45] Processing Query Q04...
2026-06-18 15:05:52     Query Q04 Score: 1.00
2026-06-18 15:05:52   [5/45] Processing Query Q05...
2026-06-18 15:05:59     Query Q05 Score: 0.40
2026-06-18 15:05:59   [6/45] Processing Query Q06...
2026-06-18 15:06:04     Query Q06 Score: 1.00
2026-06-18 15:06:04   [7/45] Processing Query Q07...
2026-06-18 15:06:09     Query Q07 Score: 1.00
2026-06-18 15:06:09   [8/45] Processing Query Q08...
2026-06-18 15:06:14     Query Q08 Score: 1.00
2026-06-18 15:06:14   [9/45] Processing Query Q09...
2026-06-18 15:06:24     Query Q09 Score: 1.00
2026-06-18 15:06:24   [10/45] Processing Query Q10...
2026-06-18 15:06:29     Query Q10 Score: 1.00
2026-06-18 15:06:29   [11/45] Processing Query Q11...
2026-06-18 15:06:37     Query Q11 Score: 0.40
2026-06-18 15:06:37   [12/45] Processing Query Q12...
2026-06-18 15:06:42     Query Q12 Score: 1.00
2026-06-18 15:06:42   [13/45] Processing Query Q13...
2026-06-18 15:06:47     Query Q13 Score: 1.00
2026-06-18 15:06:47   [14/45] Processing Query Q14...
2026-06-18 15:06:52     Query Q14 Score: 0.50
2026-06-18 15:06:52   [15/45] Processing Query Q15...
2026-06-18 15:07:01     Query Q15 Score: 1.00
2026-06-18 15:07:01   [16/45] Processing Query Q16...
2026-06-18 15:07:07     Query Q16 Score: 0.75
2026-06-18 15:07:07   [17/45] Processing Query Q17...
2026-06-18 15:07:12     Query Q17 Score: 0.75
2026-06-18 15:07:12   [18/45] Processing Query Q18...
2026-06-18 15:07:17     Query Q18 Score: 1.00
2026-06-18 15:07:17   [19/45] Processing Query Q19...
2026-06-18 15:07:22     Query Q19 Score: 0.95
2026-06-18 15:07:22   [20/45] Processing Query Q20...
2026-06-18 15:07:28     Query Q20 Score: 0.85
2026-06-18 15:07:28   [21/45] Processing Query Q21...
2026-06-18 15:07:33     Query Q21 Score: 1.00
2026-06-18 15:07:33   [22/45] Processing Query Q22...
2026-06-18 15:07:38     Query Q22 Score: 0.95
2026-06-18 15:07:38   [23/45] Processing Query Q23...
2026-06-18 15:07:44     Query Q23 Score: 0.85
2026-06-18 15:07:44   [24/45] Processing Query Q24...
2026-06-18 15:07:48     Query Q24 Score: 1.00
2026-06-18 15:07:48   [25/45] Processing Query Q25...
2026-06-18 15:07:53     Query Q25 Score: 1.00
2026-06-18 15:07:53   [26/45] Processing Query Q26...
2026-06-18 15:07:58     Query Q26 Score: 1.00
2026-06-18 15:07:58   [27/45] Processing Query Q27...
2026-06-18 15:08:02     Query Q27 Score: 1.00
2026-06-18 15:08:02   [28/45] Processing Query Q28...
2026-06-18 15:08:07     Query Q28 Score: 1.00
2026-06-18 15:08:07   [29/45] Processing Query Q29...
2026-06-18 15:08:12     Query Q29 Score: 0.60
2026-06-18 15:08:12   [30/45] Processing Query Q30...
2026-06-18 15:08:17     Query Q30 Score: 1.00
2026-06-18 15:08:17   [31/45] Processing Query Q31...
2026-06-18 15:08:22     Query Q31 Score: 1.00
2026-06-18 15:08:22   [32/45] Processing Query Q32...
2026-06-18 15:08:28     Query Q32 Score: 1.00
2026-06-18 15:08:28   [33/45] Processing Query Q33...
2026-06-18 15:08:34     Query Q33 Score: 1.00
2026-06-18 15:08:34   [34/45] Processing Query Q34...
2026-06-18 15:08:39     Query Q34 Score: 1.00
2026-06-18 15:08:39   [35/45] Processing Query Q35...
2026-06-18 15:08:43     Query Q35 Score: 1.00
2026-06-18 15:08:43   [36/45] Processing Query Q36...
2026-06-18 15:08:48     Query Q36 Score: 0.95
2026-06-18 15:08:48   [37/45] Processing Query Q37...
2026-06-18 15:08:53     Query Q37 Score: 1.00
2026-06-18 15:08:53   [38/45] Processing Query Q38...
2026-06-18 15:08:58     Query Q38 Score: 0.70
2026-06-18 15:08:58   [39/45] Processing Query Q39...
2026-06-18 15:09:03     Query Q39 Score: 1.00
2026-06-18 15:09:03   [40/45] Processing Query Q40...
2026-06-18 15:09:08     Query Q40 Score: 1.00
2026-06-18 15:09:08   [41/45] Processing Query Q41...
2026-06-18 15:09:14     Query Q41 Score: 0.90
2026-06-18 15:09:14   [42/45] Processing Query Q42...
2026-06-18 15:09:19     Query Q42 Score: 1.00
2026-06-18 15:09:19   [43/45] Processing Query Q43...
2026-06-18 15:09:24     Query Q43 Score: 1.00
2026-06-18 15:09:24   [44/45] Processing Query Q48...
2026-06-18 15:09:30     Query Q48 Score: 0.85
2026-06-18 15:09:30   [45/45] Processing Query Q49...
2026-06-18 15:09:38     Query Q49 Score: 0.50
2026-06-18 15:09:38 Saved validation results to /home/virtualuser/model_evaluation/autoresearch/archive/run_20260618_134153/outputs/validation_results_iter14_20260618_150938.csv
2026-06-18 15:09:38 Validation run completed. Overall Mean Score: 0.9056
2026-06-18 15:09:38 Candidate Score: 0.9056 (Delta: -0.0144)
2026-06-18 15:09:38 >>> FAILURE: Score did not improve. Discarding changes.
2026-06-18 15:09:38 Iteration #14 logged successfully to experiments.json.
2026-06-18 15:09:38 
2026-06-18 15:09:38 =========================================
2026-06-18 15:09:38 STARTING ITERATION #15
2026-06-18 15:09:38 =========================================
2026-06-18 15:09:38 Current Champion Score: 0.9200
2026-06-18 15:09:38 Failing queries to fix: 18
2026-06-18 15:09:38 Calling Optimizer Agent to refine instructions...
2026-06-18 15:11:58 Starting validation run on 45 queries...
2026-06-18 15:11:58   [1/45] Processing Query Q01...
2026-06-18 15:12:03     Query Q01 Score: 1.00
2026-06-18 15:12:03   [2/45] Processing Query Q02...
2026-06-18 15:12:09     Query Q02 Score: 0.85
2026-06-18 15:12:09   [3/45] Processing Query Q03...
2026-06-18 15:12:14     Query Q03 Score: 1.00
2026-06-18 15:12:14   [4/45] Processing Query Q04...
2026-06-18 15:12:20     Query Q04 Score: 0.50
2026-06-18 15:12:20   [5/45] Processing Query Q05...
2026-06-18 15:12:26     Query Q05 Score: 0.40
2026-06-18 15:12:26   [6/45] Processing Query Q06...
2026-06-18 15:12:32     Query Q06 Score: 1.00
2026-06-18 15:12:32   [7/45] Processing Query Q07...
2026-06-18 15:12:37     Query Q07 Score: 1.00
2026-06-18 15:12:37   [8/45] Processing Query Q08...
2026-06-18 15:12:42     Query Q08 Score: 1.00
2026-06-18 15:12:42   [9/45] Processing Query Q09...
2026-06-18 15:12:51     Query Q09 Score: 0.40
2026-06-18 15:12:51   [10/45] Processing Query Q10...
2026-06-18 15:12:57     Query Q10 Score: 1.00
2026-06-18 15:12:57   [11/45] Processing Query Q11...
2026-06-18 15:13:04     Query Q11 Score: 0.40
2026-06-18 15:13:04   [12/45] Processing Query Q12...
2026-06-18 15:13:09     Query Q12 Score: 1.00
2026-06-18 15:13:09   [13/45] Processing Query Q13...
2026-06-18 15:13:15     Query Q13 Score: 0.50
2026-06-18 15:13:15   [14/45] Processing Query Q14...
2026-06-18 15:13:20     Query Q14 Score: 0.50
2026-06-18 15:13:20   [15/45] Processing Query Q15...
2026-06-18 15:13:26     Query Q15 Score: 0.95
2026-06-18 15:13:26   [16/45] Processing Query Q16...
2026-06-18 15:13:32     Query Q16 Score: 1.00
2026-06-18 15:13:32   [17/45] Processing Query Q17...
2026-06-18 15:13:37     Query Q17 Score: 0.50
2026-06-18 15:13:37   [18/45] Processing Query Q18...
2026-06-18 15:13:42     Query Q18 Score: 1.00
2026-06-18 15:13:42   [19/45] Processing Query Q19...
2026-06-18 15:13:48     Query Q19 Score: 0.50
2026-06-18 15:13:48   [20/45] Processing Query Q20...
2026-06-18 15:13:54     Query Q20 Score: 0.85
2026-06-18 15:13:54   [21/45] Processing Query Q21...
2026-06-18 15:13:59     Query Q21 Score: 1.00
2026-06-18 15:13:59   [22/45] Processing Query Q22...
2026-06-18 15:14:04     Query Q22 Score: 0.95
2026-06-18 15:14:04   [23/45] Processing Query Q23...
2026-06-18 15:14:13     Query Q23 Score: 1.00
2026-06-18 15:14:13   [24/45] Processing Query Q24...
2026-06-18 15:14:18     Query Q24 Score: 0.90
2026-06-18 15:14:18   [25/45] Processing Query Q25...
2026-06-18 15:14:23     Query Q25 Score: 1.00
2026-06-18 15:14:23   [26/45] Processing Query Q26...
2026-06-18 15:14:27     Query Q26 Score: 1.00
2026-06-18 15:14:27   [27/45] Processing Query Q27...
2026-06-18 15:14:32     Query Q27 Score: 0.60
2026-06-18 15:14:32   [28/45] Processing Query Q28...
2026-06-18 15:14:37     Query Q28 Score: 1.00
2026-06-18 15:14:37   [29/45] Processing Query Q29...
2026-06-18 15:14:43     Query Q29 Score: 1.00
2026-06-18 15:14:43   [30/45] Processing Query Q30...
2026-06-18 15:14:48     Query Q30 Score: 1.00
2026-06-18 15:14:48   [31/45] Processing Query Q31...
2026-06-18 15:14:53     Query Q31 Score: 1.00
2026-06-18 15:14:53   [32/45] Processing Query Q32...
2026-06-18 15:14:59     Query Q32 Score: 1.00
2026-06-18 15:14:59   [33/45] Processing Query Q33...
2026-06-18 15:15:05     Query Q33 Score: 0.90
2026-06-18 15:15:05   [34/45] Processing Query Q34...
2026-06-18 15:15:10     Query Q34 Score: 1.00
2026-06-18 15:15:10   [35/45] Processing Query Q35...
2026-06-18 15:15:14     Query Q35 Score: 1.00
2026-06-18 15:15:14   [36/45] Processing Query Q36...
2026-06-18 15:15:20     Query Q36 Score: 0.75
2026-06-18 15:15:20   [37/45] Processing Query Q37...
2026-06-18 15:15:25     Query Q37 Score: 1.00
2026-06-18 15:15:25   [38/45] Processing Query Q38...
2026-06-18 15:15:33     Query Q38 Score: 1.00
2026-06-18 15:15:33   [39/45] Processing Query Q39...
2026-06-18 15:15:38     Query Q39 Score: 1.00
2026-06-18 15:15:38   [40/45] Processing Query Q40...
2026-06-18 15:15:43     Query Q40 Score: 1.00
2026-06-18 15:15:43   [41/45] Processing Query Q41...
2026-06-18 15:15:49     Query Q41 Score: 0.90
2026-06-18 15:15:49   [42/45] Processing Query Q42...
2026-06-18 15:15:54     Query Q42 Score: 1.00
2026-06-18 15:15:54   [43/45] Processing Query Q43...
2026-06-18 15:15:59     Query Q43 Score: 0.75
2026-06-18 15:15:59   [44/45] Processing Query Q48...
2026-06-18 15:16:08     Query Q48 Score: 1.00
2026-06-18 15:16:08   [45/45] Processing Query Q49...
2026-06-18 15:16:15     Query Q49 Score: 0.50
2026-06-18 15:16:15 Saved validation results to /home/virtualuser/model_evaluation/autoresearch/archive/run_20260618_134153/outputs/validation_results_iter15_20260618_151615.csv
2026-06-18 15:16:15 Validation run completed. Overall Mean Score: 0.8578
2026-06-18 15:16:15 Candidate Score: 0.8578 (Delta: -0.0622)
2026-06-18 15:16:15 >>> FAILURE: Score did not improve. Discarding changes.
2026-06-18 15:16:15 Iteration #15 logged successfully to experiments.json.
2026-06-18 15:16:15 
2026-06-18 15:16:15 =========================================
2026-06-18 15:16:15 STARTING ITERATION #16
2026-06-18 15:16:15 =========================================
2026-06-18 15:16:15 Current Champion Score: 0.9200
2026-06-18 15:16:15 Failing queries to fix: 18
2026-06-18 15:16:15 Calling Optimizer Agent to refine instructions...
2026-06-18 15:18:31 Starting validation run on 45 queries...
2026-06-18 15:18:31   [1/45] Processing Query Q01...
2026-06-18 15:18:36     Query Q01 Score: 1.00
2026-06-18 15:18:36   [2/45] Processing Query Q02...
2026-06-18 15:18:42     Query Q02 Score: 0.95
2026-06-18 15:18:42   [3/45] Processing Query Q03...
2026-06-18 15:18:47     Query Q03 Score: 1.00
2026-06-18 15:18:47   [4/45] Processing Query Q04...
2026-06-18 15:18:53     Query Q04 Score: 1.00
2026-06-18 15:18:53   [5/45] Processing Query Q05...
2026-06-18 15:19:00     Query Q05 Score: 0.40
2026-06-18 15:19:00   [6/45] Processing Query Q06...
2026-06-18 15:19:06     Query Q06 Score: 0.95
2026-06-18 15:19:06   [7/45] Processing Query Q07...
2026-06-18 15:19:11     Query Q07 Score: 1.00
2026-06-18 15:19:11   [8/45] Processing Query Q08...
2026-06-18 15:19:16     Query Q08 Score: 1.00
2026-06-18 15:19:16   [9/45] Processing Query Q09...
2026-06-18 15:19:25     Query Q09 Score: 0.40
2026-06-18 15:19:25   [10/45] Processing Query Q10...
2026-06-18 15:19:31     Query Q10 Score: 1.00
2026-06-18 15:19:31   [11/45] Processing Query Q11...
2026-06-18 15:19:40     Query Q11 Score: 0.40
2026-06-18 15:19:40   [12/45] Processing Query Q12...
2026-06-18 15:19:44     Query Q12 Score: 1.00
2026-06-18 15:19:44   [13/45] Processing Query Q13...
2026-06-18 15:19:50     Query Q13 Score: 0.40
2026-06-18 15:19:50   [14/45] Processing Query Q14...
2026-06-18 15:19:55     Query Q14 Score: 0.85
2026-06-18 15:19:55   [15/45] Processing Query Q15...
2026-06-18 15:20:01     Query Q15 Score: 1.00
2026-06-18 15:20:01   [16/45] Processing Query Q16...
2026-06-18 15:20:07     Query Q16 Score: 0.50
2026-06-18 15:20:07   [17/45] Processing Query Q17...
2026-06-18 15:20:12     Query Q17 Score: 1.00
2026-06-18 15:20:12   [18/45] Processing Query Q18...
2026-06-18 15:20:17     Query Q18 Score: 1.00
2026-06-18 15:20:17   [19/45] Processing Query Q19...
2026-06-18 15:20:23     Query Q19 Score: 0.60
2026-06-18 15:20:23   [20/45] Processing Query Q20...
2026-06-18 15:20:29     Query Q20 Score: 0.75
2026-06-18 15:20:29   [21/45] Processing Query Q21...
2026-06-18 15:20:34     Query Q21 Score: 1.00
2026-06-18 15:20:34   [22/45] Processing Query Q22...
2026-06-18 15:20:39     Query Q22 Score: 1.00
2026-06-18 15:20:39   [23/45] Processing Query Q23...
2026-06-18 15:21:04     Query Q23 Score: 0.95
2026-06-18 15:21:04   [24/45] Processing Query Q24...
2026-06-18 15:21:09     Query Q24 Score: 0.50
2026-06-18 15:21:09   [25/45] Processing Query Q25...
2026-06-18 15:21:14     Query Q25 Score: 1.00
2026-06-18 15:21:14   [26/45] Processing Query Q26...
2026-06-18 15:21:19     Query Q26 Score: 1.00
2026-06-18 15:21:19   [27/45] Processing Query Q27...
2026-06-18 15:21:23     Query Q27 Score: 0.60
2026-06-18 15:21:23   [28/45] Processing Query Q28...
2026-06-18 15:21:28     Query Q28 Score: 1.00
2026-06-18 15:21:28   [29/45] Processing Query Q29...
2026-06-18 15:21:33     Query Q29 Score: 1.00
2026-06-18 15:21:33   [30/45] Processing Query Q30...
2026-06-18 15:21:38     Query Q30 Score: 1.00
2026-06-18 15:21:38   [31/45] Processing Query Q31...
2026-06-18 15:21:43     Query Q31 Score: 1.00
2026-06-18 15:21:43   [32/45] Processing Query Q32...
2026-06-18 15:21:49     Query Q32 Score: 1.00
2026-06-18 15:21:49   [33/45] Processing Query Q33...
2026-06-18 15:21:55     Query Q33 Score: 0.90
2026-06-18 15:21:55   [34/45] Processing Query Q34...
2026-06-18 15:22:00     Query Q34 Score: 0.95
2026-06-18 15:22:00   [35/45] Processing Query Q35...
2026-06-18 15:22:04     Query Q35 Score: 1.00
2026-06-18 15:22:04   [36/45] Processing Query Q36...
2026-06-18 15:22:10     Query Q36 Score: 0.75
2026-06-18 15:22:10   [37/45] Processing Query Q37...
2026-06-18 15:22:15     Query Q37 Score: 1.00
2026-06-18 15:22:15   [38/45] Processing Query Q38...
2026-06-18 15:22:25     Query Q38 Score: 1.00
2026-06-18 15:22:25   [39/45] Processing Query Q39...
2026-06-18 15:22:30     Query Q39 Score: 1.00
2026-06-18 15:22:30   [40/45] Processing Query Q40...
2026-06-18 15:22:35     Query Q40 Score: 1.00
2026-06-18 15:22:35   [41/45] Processing Query Q41...
2026-06-18 15:22:41     Query Q41 Score: 0.90
2026-06-18 15:22:41   [42/45] Processing Query Q42...
2026-06-18 15:22:46     Query Q42 Score: 1.00
2026-06-18 15:22:46   [43/45] Processing Query Q43...
2026-06-18 15:22:51     Query Q43 Score: 1.00
2026-06-18 15:22:51   [44/45] Processing Query Q48...
2026-06-18 15:22:57     Query Q48 Score: 0.90
2026-06-18 15:22:57   [45/45] Processing Query Q49...
2026-06-18 15:23:04     Query Q49 Score: 0.65
2026-06-18 15:23:04 Saved validation results to /home/virtualuser/model_evaluation/autoresearch/archive/run_20260618_134153/outputs/validation_results_iter16_20260618_152304.csv
2026-06-18 15:23:04 Validation run completed. Overall Mean Score: 0.8733
2026-06-18 15:23:04 Candidate Score: 0.8733 (Delta: -0.0467)
2026-06-18 15:23:04 >>> FAILURE: Score did not improve. Discarding changes.
2026-06-18 15:23:04 Iteration #16 logged successfully to experiments.json.
2026-06-18 15:23:04 
2026-06-18 15:23:04 =========================================
2026-06-18 15:23:04 STARTING ITERATION #17
2026-06-18 15:23:04 =========================================
2026-06-18 15:23:04 Current Champion Score: 0.9200
2026-06-18 15:23:04 Failing queries to fix: 18
2026-06-18 15:23:04 Calling Optimizer Agent to refine instructions...
2026-06-18 15:25:19 Starting validation run on 45 queries...
2026-06-18 15:25:19   [1/45] Processing Query Q01...
2026-06-18 15:25:24     Query Q01 Score: 1.00
2026-06-18 15:25:24   [2/45] Processing Query Q02...
2026-06-18 15:25:30     Query Q02 Score: 0.85
2026-06-18 15:25:30   [3/45] Processing Query Q03...
2026-06-18 15:25:35     Query Q03 Score: 1.00
2026-06-18 15:25:35   [4/45] Processing Query Q04...
2026-06-18 15:25:41     Query Q04 Score: 0.50
2026-06-18 15:25:41   [5/45] Processing Query Q05...
2026-06-18 15:25:48     Query Q05 Score: 0.30
2026-06-18 15:25:48   [6/45] Processing Query Q06...
2026-06-18 15:25:53     Query Q06 Score: 1.00
2026-06-18 15:25:53   [7/45] Processing Query Q07...
2026-06-18 15:25:59     Query Q07 Score: 1.00
2026-06-18 15:25:59   [8/45] Processing Query Q08...
2026-06-18 15:26:04     Query Q08 Score: 1.00
2026-06-18 15:26:04   [9/45] Processing Query Q09...
2026-06-18 15:26:16     Query Q09 Score: 0.50
2026-06-18 15:26:16   [10/45] Processing Query Q10...
2026-06-18 15:26:22     Query Q10 Score: 1.00
2026-06-18 15:26:22   [11/45] Processing Query Q11...
2026-06-18 15:26:29     Query Q11 Score: 0.40
2026-06-18 15:26:29   [12/45] Processing Query Q12...
2026-06-18 15:26:34     Query Q12 Score: 1.00
2026-06-18 15:26:34   [13/45] Processing Query Q13...
2026-06-18 15:26:40     Query Q13 Score: 0.50
2026-06-18 15:26:40   [14/45] Processing Query Q14...
2026-06-18 15:26:45     Query Q14 Score: 0.50
2026-06-18 15:26:45   [15/45] Processing Query Q15...
2026-06-18 15:26:51     Query Q15 Score: 0.95
2026-06-18 15:26:51   [16/45] Processing Query Q16...
2026-06-18 15:26:56     Query Q16 Score: 0.75
2026-06-18 15:26:56   [17/45] Processing Query Q17...
2026-06-18 15:27:01     Query Q17 Score: 1.00
2026-06-18 15:27:01   [18/45] Processing Query Q18...
2026-06-18 15:27:06     Query Q18 Score: 1.00
2026-06-18 15:27:06   [19/45] Processing Query Q19...
2026-06-18 15:27:30     Query Q19 Score: 0.50
2026-06-18 15:27:30   [20/45] Processing Query Q20...
2026-06-18 15:27:37     Query Q20 Score: 0.85
2026-06-18 15:27:37   [21/45] Processing Query Q21...
2026-06-18 15:27:41     Query Q21 Score: 1.00
2026-06-18 15:27:41   [22/45] Processing Query Q22...
2026-06-18 15:27:46     Query Q22 Score: 0.95
2026-06-18 15:27:46   [23/45] Processing Query Q23...
2026-06-18 15:28:00     Query Q23 Score: 0.95
2026-06-18 15:28:00   [24/45] Processing Query Q24...
2026-06-18 15:28:04     Query Q24 Score: 1.00
2026-06-18 15:28:04   [25/45] Processing Query Q25...
2026-06-18 15:28:10     Query Q25 Score: 1.00
2026-06-18 15:28:10   [26/45] Processing Query Q26...
2026-06-18 15:28:14     Query Q26 Score: 1.00
2026-06-18 15:28:14   [27/45] Processing Query Q27...
2026-06-18 15:28:18     Query Q27 Score: 1.00
2026-06-18 15:28:18   [28/45] Processing Query Q28...
2026-06-18 15:28:23     Query Q28 Score: 1.00
2026-06-18 15:28:23   [29/45] Processing Query Q29...
2026-06-18 15:28:28     Query Q29 Score: 0.50
2026-06-18 15:28:28   [30/45] Processing Query Q30...
2026-06-18 15:28:33     Query Q30 Score: 1.00
2026-06-18 15:28:33   [31/45] Processing Query Q31...
2026-06-18 15:28:38     Query Q31 Score: 1.00
2026-06-18 15:28:38   [32/45] Processing Query Q32...
2026-06-18 15:28:44     Query Q32 Score: 1.00
2026-06-18 15:28:44   [33/45] Processing Query Q33...
2026-06-18 15:28:50     Query Q33 Score: 1.00
2026-06-18 15:28:50   [34/45] Processing Query Q34...
2026-06-18 15:28:55     Query Q34 Score: 1.00
2026-06-18 15:28:55   [35/45] Processing Query Q35...
2026-06-18 15:28:59     Query Q35 Score: 1.00
2026-06-18 15:28:59   [36/45] Processing Query Q36...
2026-06-18 15:29:04     Query Q36 Score: 1.00
2026-06-18 15:29:04   [37/45] Processing Query Q37...
2026-06-18 15:29:09     Query Q37 Score: 1.00
2026-06-18 15:29:09   [38/45] Processing Query Q38...
2026-06-18 15:29:20     Query Q38 Score: 1.00
2026-06-18 15:29:20   [39/45] Processing Query Q39...
2026-06-18 15:29:25     Query Q39 Score: 1.00
2026-06-18 15:29:25   [40/45] Processing Query Q40...
2026-06-18 15:29:29     Query Q40 Score: 1.00
2026-06-18 15:29:29   [41/45] Processing Query Q41...
2026-06-18 15:29:35     Query Q41 Score: 0.90
2026-06-18 15:29:35   [42/45] Processing Query Q42...
2026-06-18 15:29:40     Query Q42 Score: 1.00
2026-06-18 15:29:40   [43/45] Processing Query Q43...
2026-06-18 15:29:45     Query Q43 Score: 1.00
2026-06-18 15:29:45   [44/45] Processing Query Q48...
2026-06-18 15:29:58     Query Q48 Score: 1.00
2026-06-18 15:29:58   [45/45] Processing Query Q49...
2026-06-18 15:30:07     Query Q49 Score: 0.40
2026-06-18 15:30:07 Saved validation results to /home/virtualuser/model_evaluation/autoresearch/archive/run_20260618_134153/outputs/validation_results_iter17_20260618_153007.csv
2026-06-18 15:30:07 Validation run completed. Overall Mean Score: 0.8733
2026-06-18 15:30:07 Candidate Score: 0.8733 (Delta: -0.0467)
2026-06-18 15:30:07 >>> FAILURE: Score did not improve. Discarding changes.
2026-06-18 15:30:07 Iteration #17 logged successfully to experiments.json.
2026-06-18 15:30:07 
2026-06-18 15:30:07 =========================================
2026-06-18 15:30:07 STARTING ITERATION #18
2026-06-18 15:30:07 =========================================
2026-06-18 15:30:07 Current Champion Score: 0.9200
2026-06-18 15:30:07 Failing queries to fix: 18
2026-06-18 15:30:07 Calling Optimizer Agent to refine instructions...
2026-06-18 15:32:28 Starting validation run on 45 queries...
2026-06-18 15:32:28   [1/45] Processing Query Q01...
2026-06-18 15:32:33     Query Q01 Score: 1.00
2026-06-18 15:32:33   [2/45] Processing Query Q02...
2026-06-18 15:32:39     Query Q02 Score: 0.95
2026-06-18 15:32:39   [3/45] Processing Query Q03...
2026-06-18 15:32:44     Query Q03 Score: 1.00
2026-06-18 15:32:44   [4/45] Processing Query Q04...
2026-06-18 15:32:49     Query Q04 Score: 1.00
2026-06-18 15:32:49   [5/45] Processing Query Q05...
2026-06-18 15:32:56     Query Q05 Score: 0.40
2026-06-18 15:32:56   [6/45] Processing Query Q06...
2026-06-18 15:33:01     Query Q06 Score: 1.00
2026-06-18 15:33:01   [7/45] Processing Query Q07...
2026-06-18 15:33:06     Query Q07 Score: 1.00
2026-06-18 15:33:06   [8/45] Processing Query Q08...
2026-06-18 15:33:11     Query Q08 Score: 1.00
2026-06-18 15:33:11   [9/45] Processing Query Q09...
2026-06-18 15:33:21     Query Q09 Score: 0.40
2026-06-18 15:33:21   [10/45] Processing Query Q10...
2026-06-18 15:33:26     Query Q10 Score: 1.00
2026-06-18 15:33:26   [11/45] Processing Query Q11...
2026-06-18 15:33:36     Query Q11 Score: 0.20
2026-06-18 15:33:36   [12/45] Processing Query Q12...
2026-06-18 15:33:40     Query Q12 Score: 1.00
2026-06-18 15:33:40   [13/45] Processing Query Q13...
2026-06-18 15:33:47     Query Q13 Score: 0.40
2026-06-18 15:33:47   [14/45] Processing Query Q14...
2026-06-18 15:33:51     Query Q14 Score: 0.85
2026-06-18 15:33:51   [15/45] Processing Query Q15...
2026-06-18 15:33:58     Query Q15 Score: 0.95
2026-06-18 15:33:58   [16/45] Processing Query Q16...
2026-06-18 15:34:03     Query Q16 Score: 0.70
2026-06-18 15:34:03   [17/45] Processing Query Q17...
2026-06-18 15:34:08     Query Q17 Score: 1.00
2026-06-18 15:34:08   [18/45] Processing Query Q18...
2026-06-18 15:34:13     Query Q18 Score: 1.00
2026-06-18 15:34:13   [19/45] Processing Query Q19...
2026-06-18 15:34:18     Query Q19 Score: 0.95
2026-06-18 15:34:18   [20/45] Processing Query Q20...
2026-06-18 15:34:23     Query Q20 Score: 1.00
2026-06-18 15:34:23   [21/45] Processing Query Q21...
2026-06-18 15:34:28     Query Q21 Score: 1.00
2026-06-18 15:34:28   [22/45] Processing Query Q22...
2026-06-18 15:34:33     Query Q22 Score: 0.95
2026-06-18 15:34:33   [23/45] Processing Query Q23...
2026-06-18 15:35:02     Query Q23 Score: 0.50
2026-06-18 15:35:02   [24/45] Processing Query Q24...
2026-06-18 15:35:07     Query Q24 Score: 0.90
2026-06-18 15:35:07   [25/45] Processing Query Q25...
2026-06-18 15:35:12     Query Q25 Score: 1.00
2026-06-18 15:35:12   [26/45] Processing Query Q26...
2026-06-18 15:35:16     Query Q26 Score: 1.00
2026-06-18 15:35:16   [27/45] Processing Query Q27...
2026-06-18 15:35:21     Query Q27 Score: 0.60
2026-06-18 15:35:21   [28/45] Processing Query Q28...
2026-06-18 15:35:25     Query Q28 Score: 1.00
2026-06-18 15:35:25   [29/45] Processing Query Q29...
2026-06-18 15:35:30     Query Q29 Score: 0.50
2026-06-18 15:35:30   [30/45] Processing Query Q30...
2026-06-18 15:35:36     Query Q30 Score: 1.00
2026-06-18 15:35:36   [31/45] Processing Query Q31...
2026-06-18 15:35:41     Query Q31 Score: 1.00
2026-06-18 15:35:41   [32/45] Processing Query Q32...
2026-06-18 15:35:47     Query Q32 Score: 1.00
2026-06-18 15:35:47   [33/45] Processing Query Q33...
2026-06-18 15:35:53     Query Q33 Score: 0.90
2026-06-18 15:35:53   [34/45] Processing Query Q34...
2026-06-18 15:35:58     Query Q34 Score: 1.00
2026-06-18 15:35:58   [35/45] Processing Query Q35...
2026-06-18 15:36:02     Query Q35 Score: 1.00
2026-06-18 15:36:02   [36/45] Processing Query Q36...
2026-06-18 15:36:07     Query Q36 Score: 0.75
2026-06-18 15:36:07   [37/45] Processing Query Q37...
2026-06-18 15:36:13     Query Q37 Score: 0.95
2026-06-18 15:36:13   [38/45] Processing Query Q38...
2026-06-18 15:36:22     Query Q38 Score: 1.00
2026-06-18 15:36:22   [39/45] Processing Query Q39...
2026-06-18 15:36:27     Query Q39 Score: 1.00
2026-06-18 15:36:27   [40/45] Processing Query Q40...
2026-06-18 15:36:32     Query Q40 Score: 1.00
2026-06-18 15:36:32   [41/45] Processing Query Q41...
2026-06-18 15:36:38     Query Q41 Score: 0.90
2026-06-18 15:36:38   [42/45] Processing Query Q42...
2026-06-18 15:36:43     Query Q42 Score: 1.00
2026-06-18 15:36:43   [43/45] Processing Query Q43...
2026-06-18 15:36:48     Query Q43 Score: 0.70
2026-06-18 15:36:48   [44/45] Processing Query Q48...
2026-06-18 15:37:01     Query Q48 Score: 1.00
2026-06-18 15:37:01   [45/45] Processing Query Q49...
2026-06-18 15:37:30     Query Q49 Score: 0.30
2026-06-18 15:37:30 Saved validation results to /home/virtualuser/model_evaluation/autoresearch/archive/run_20260618_134153/outputs/validation_results_iter18_20260618_153730.csv
2026-06-18 15:37:30 Validation run completed. Overall Mean Score: 0.8611
2026-06-18 15:37:30 Candidate Score: 0.8611 (Delta: -0.0589)
2026-06-18 15:37:30 >>> FAILURE: Score did not improve. Discarding changes.
2026-06-18 15:37:30 Iteration #18 logged successfully to experiments.json.
2026-06-18 15:37:30 
2026-06-18 15:37:30 =========================================
2026-06-18 15:37:30 STARTING ITERATION #19
2026-06-18 15:37:30 =========================================
2026-06-18 15:37:30 Current Champion Score: 0.9200
2026-06-18 15:37:30 Failing queries to fix: 18
2026-06-18 15:37:30 Calling Optimizer Agent to refine instructions...
2026-06-18 15:40:07 Starting validation run on 45 queries...
2026-06-18 15:40:07   [1/45] Processing Query Q01...
2026-06-18 15:40:12     Query Q01 Score: 1.00
2026-06-18 15:40:12   [2/45] Processing Query Q02...
2026-06-18 15:40:18     Query Q02 Score: 0.85
2026-06-18 15:40:18   [3/45] Processing Query Q03...
2026-06-18 15:40:23     Query Q03 Score: 1.00
2026-06-18 15:40:23   [4/45] Processing Query Q04...
2026-06-18 15:40:29     Query Q04 Score: 1.00
2026-06-18 15:40:29   [5/45] Processing Query Q05...
2026-06-18 15:40:36     Query Q05 Score: 0.40
2026-06-18 15:40:36   [6/45] Processing Query Q06...
2026-06-18 15:40:41     Query Q06 Score: 1.00
2026-06-18 15:40:41   [7/45] Processing Query Q07...
2026-06-18 15:40:46     Query Q07 Score: 1.00
2026-06-18 15:40:46   [8/45] Processing Query Q08...
2026-06-18 15:40:51     Query Q08 Score: 1.00
2026-06-18 15:40:51   [9/45] Processing Query Q09...
2026-06-18 15:41:00     Query Q09 Score: 1.00
2026-06-18 15:41:00   [10/45] Processing Query Q10...
2026-06-18 15:41:06     Query Q10 Score: 1.00
2026-06-18 15:41:06   [11/45] Processing Query Q11...
2026-06-18 15:41:13     Query Q11 Score: 0.40
2026-06-18 15:41:13   [12/45] Processing Query Q12...
2026-06-18 15:41:18     Query Q12 Score: 1.00
2026-06-18 15:41:18   [13/45] Processing Query Q13...
2026-06-18 15:41:24     Query Q13 Score: 0.70
2026-06-18 15:41:24   [14/45] Processing Query Q14...
2026-06-18 15:41:29     Query Q14 Score: 0.50
2026-06-18 15:41:29   [15/45] Processing Query Q15...
2026-06-18 15:41:35     Query Q15 Score: 0.95
2026-06-18 15:41:35   [16/45] Processing Query Q16...
2026-06-18 15:41:41     Query Q16 Score: 0.75
2026-06-18 15:41:41   [17/45] Processing Query Q17...
2026-06-18 15:41:46     Query Q17 Score: 1.00
2026-06-18 15:41:46   [18/45] Processing Query Q18...
2026-06-18 15:41:51     Query Q18 Score: 1.00
2026-06-18 15:41:51   [19/45] Processing Query Q19...
2026-06-18 15:41:56     Query Q19 Score: 0.85
2026-06-18 15:41:56   [20/45] Processing Query Q20...
2026-06-18 15:42:02     Query Q20 Score: 1.00
2026-06-18 15:42:02   [21/45] Processing Query Q21...
2026-06-18 15:42:07     Query Q21 Score: 1.00
2026-06-18 15:42:07   [22/45] Processing Query Q22...
2026-06-18 15:42:12     Query Q22 Score: 0.95
2026-06-18 15:42:12   [23/45] Processing Query Q23...
2026-06-18 15:42:34     Query Q23 Score: 1.00
2026-06-18 15:42:34   [24/45] Processing Query Q24...
2026-06-18 15:42:39     Query Q24 Score: 0.90
2026-06-18 15:42:39   [25/45] Processing Query Q25...
2026-06-18 15:42:44     Query Q25 Score: 1.00
2026-06-18 15:42:44   [26/45] Processing Query Q26...
2026-06-18 15:42:49     Query Q26 Score: 1.00
2026-06-18 15:42:49   [27/45] Processing Query Q27...
2026-06-18 15:42:53     Query Q27 Score: 1.00
2026-06-18 15:42:53   [28/45] Processing Query Q28...
2026-06-18 15:42:58     Query Q28 Score: 1.00
2026-06-18 15:42:58   [29/45] Processing Query Q29...
2026-06-18 15:43:03     Query Q29 Score: 0.50
2026-06-18 15:43:03   [30/45] Processing Query Q30...
2026-06-18 15:43:09     Query Q30 Score: 1.00
2026-06-18 15:43:09   [31/45] Processing Query Q31...
2026-06-18 15:43:13     Query Q31 Score: 1.00
2026-06-18 15:43:13   [32/45] Processing Query Q32...
2026-06-18 15:43:19     Query Q32 Score: 1.00
2026-06-18 15:43:19   [33/45] Processing Query Q33...
2026-06-18 15:43:40     Query Q33 Score: 1.00
2026-06-18 15:43:40   [34/45] Processing Query Q34...
2026-06-18 15:43:45     Query Q34 Score: 1.00
2026-06-18 15:43:45   [35/45] Processing Query Q35...
2026-06-18 15:43:49     Query Q35 Score: 1.00
2026-06-18 15:43:49   [36/45] Processing Query Q36...
2026-06-18 15:43:54     Query Q36 Score: 0.95
2026-06-18 15:43:54   [37/45] Processing Query Q37...
2026-06-18 15:44:00     Query Q37 Score: 1.00
2026-06-18 15:44:00   [38/45] Processing Query Q38...
2026-06-18 15:44:10     Query Q38 Score: 1.00
2026-06-18 15:44:10   [39/45] Processing Query Q39...
2026-06-18 15:44:14     Query Q39 Score: 1.00
2026-06-18 15:44:14   [40/45] Processing Query Q40...
2026-06-18 15:44:19     Query Q40 Score: 1.00
2026-06-18 15:44:19   [41/45] Processing Query Q41...
2026-06-18 15:44:25     Query Q41 Score: 0.90
2026-06-18 15:44:25   [42/45] Processing Query Q42...
2026-06-18 15:44:30     Query Q42 Score: 1.00
2026-06-18 15:44:30   [43/45] Processing Query Q43...
2026-06-18 15:44:35     Query Q43 Score: 1.00
2026-06-18 15:44:35   [44/45] Processing Query Q48...
2026-06-18 15:44:41     Query Q48 Score: 0.85
2026-06-18 15:44:41   [45/45] Processing Query Q49...
2026-06-18 15:44:48     Query Q49 Score: 0.60
2026-06-18 15:44:48 Saved validation results to /home/virtualuser/model_evaluation/autoresearch/archive/run_20260618_134153/outputs/validation_results_iter19_20260618_154448.csv
2026-06-18 15:44:48 Validation run completed. Overall Mean Score: 0.9122
2026-06-18 15:44:48 Candidate Score: 0.9122 (Delta: -0.0078)
2026-06-18 15:44:48 >>> FAILURE: Score did not improve. Discarding changes.
2026-06-18 15:44:48 Iteration #19 logged successfully to experiments.json.
2026-06-18 15:44:48 
2026-06-18 15:44:48 =========================================
2026-06-18 15:44:48 STARTING ITERATION #20
2026-06-18 15:44:48 =========================================
2026-06-18 15:44:48 Current Champion Score: 0.9200
2026-06-18 15:44:48 Failing queries to fix: 18
2026-06-18 15:44:48 Calling Optimizer Agent to refine instructions...
2026-06-18 15:47:06 Starting validation run on 45 queries...
2026-06-18 15:47:06   [1/45] Processing Query Q01...
2026-06-18 15:47:11     Query Q01 Score: 1.00
2026-06-18 15:47:11   [2/45] Processing Query Q02...
2026-06-18 15:47:17     Query Q02 Score: 0.85
2026-06-18 15:47:17   [3/45] Processing Query Q03...
2026-06-18 15:47:22     Query Q03 Score: 1.00
2026-06-18 15:47:22   [4/45] Processing Query Q04...
2026-06-18 15:47:28     Query Q04 Score: 1.00
2026-06-18 15:47:28   [5/45] Processing Query Q05...
2026-06-18 15:47:34     Query Q05 Score: 0.40
2026-06-18 15:47:34   [6/45] Processing Query Q06...
2026-06-18 15:47:40     Query Q06 Score: 0.95
2026-06-18 15:47:40   [7/45] Processing Query Q07...
2026-06-18 15:47:46     Query Q07 Score: 1.00
2026-06-18 15:47:46   [8/45] Processing Query Q08...
2026-06-18 15:47:51     Query Q08 Score: 1.00
2026-06-18 15:47:51   [9/45] Processing Query Q09...
2026-06-18 15:47:56     Query Q09 Score: 0.50
2026-06-18 15:47:56   [10/45] Processing Query Q10...
2026-06-18 15:48:02     Query Q10 Score: 1.00
2026-06-18 15:48:02   [11/45] Processing Query Q11...
2026-06-18 15:48:32     Query Q11 Score: 0.30
2026-06-18 15:48:32   [12/45] Processing Query Q12...
2026-06-18 15:48:37     Query Q12 Score: 1.00
2026-06-18 15:48:37   [13/45] Processing Query Q13...
2026-06-18 15:48:42     Query Q13 Score: 0.40
2026-06-18 15:48:42   [14/45] Processing Query Q14...
2026-06-18 15:48:47     Query Q14 Score: 0.50
2026-06-18 15:48:47   [15/45] Processing Query Q15...
2026-06-18 15:48:53     Query Q15 Score: 0.95
2026-06-18 15:48:53   [16/45] Processing Query Q16...
2026-06-18 15:48:59     Query Q16 Score: 0.75
2026-06-18 15:48:59   [17/45] Processing Query Q17...
2026-06-18 15:49:04     Query Q17 Score: 1.00
2026-06-18 15:49:04   [18/45] Processing Query Q18...
2026-06-18 15:49:09     Query Q18 Score: 1.00
2026-06-18 15:49:09   [19/45] Processing Query Q19...
2026-06-18 15:49:14     Query Q19 Score: 0.95
2026-06-18 15:49:14   [20/45] Processing Query Q20...
2026-06-18 15:49:20     Query Q20 Score: 0.85
2026-06-18 15:49:20   [21/45] Processing Query Q21...
2026-06-18 15:49:25     Query Q21 Score: 1.00
2026-06-18 15:49:25   [22/45] Processing Query Q22...
2026-06-18 15:49:30     Query Q22 Score: 0.95
2026-06-18 15:49:30   [23/45] Processing Query Q23...
2026-06-18 15:49:45     Query Q23 Score: 1.00
2026-06-18 15:49:45   [24/45] Processing Query Q24...
2026-06-18 15:49:50     Query Q24 Score: 0.90
2026-06-18 15:49:50   [25/45] Processing Query Q25...
2026-06-18 15:49:55     Query Q25 Score: 1.00
2026-06-18 15:49:55   [26/45] Processing Query Q26...
2026-06-18 15:50:00     Query Q26 Score: 1.00
2026-06-18 15:50:00   [27/45] Processing Query Q27...
2026-06-18 15:50:05     Query Q27 Score: 0.60
2026-06-18 15:50:05   [28/45] Processing Query Q28...
2026-06-18 15:50:09     Query Q28 Score: 1.00
2026-06-18 15:50:09   [29/45] Processing Query Q29...
2026-06-18 15:50:15     Query Q29 Score: 1.00
2026-06-18 15:50:15   [30/45] Processing Query Q30...
2026-06-18 15:50:20     Query Q30 Score: 1.00
2026-06-18 15:50:20   [31/45] Processing Query Q31...
2026-06-18 15:50:25     Query Q31 Score: 1.00
2026-06-18 15:50:25   [32/45] Processing Query Q32...
2026-06-18 15:50:31     Query Q32 Score: 1.00
2026-06-18 15:50:31   [33/45] Processing Query Q33...
2026-06-18 15:50:37     Query Q33 Score: 1.00
2026-06-18 15:50:37   [34/45] Processing Query Q34...
2026-06-18 15:50:42     Query Q34 Score: 1.00
2026-06-18 15:50:42   [35/45] Processing Query Q35...
2026-06-18 15:50:46     Query Q35 Score: 1.00
2026-06-18 15:50:46   [36/45] Processing Query Q36...
2026-06-18 15:50:51     Query Q36 Score: 0.95
2026-06-18 15:50:51   [37/45] Processing Query Q37...
2026-06-18 15:50:56     Query Q37 Score: 1.00
2026-06-18 15:50:56   [38/45] Processing Query Q38...
2026-06-18 15:51:04     Query Q38 Score: 1.00
2026-06-18 15:51:04   [39/45] Processing Query Q39...
2026-06-18 15:51:08     Query Q39 Score: 1.00
2026-06-18 15:51:08   [40/45] Processing Query Q40...
2026-06-18 15:51:13     Query Q40 Score: 1.00
2026-06-18 15:51:13   [41/45] Processing Query Q41...
2026-06-18 15:51:19     Query Q41 Score: 0.90
2026-06-18 15:51:19   [42/45] Processing Query Q42...
2026-06-18 15:51:24     Query Q42 Score: 0.95
2026-06-18 15:51:24   [43/45] Processing Query Q43...
2026-06-18 15:51:29     Query Q43 Score: 0.70
2026-06-18 15:51:29   [44/45] Processing Query Q48...
2026-06-18 15:51:44     Query Q48 Score: 0.95
2026-06-18 15:51:44   [45/45] Processing Query Q49...
2026-06-18 15:51:51     Query Q49 Score: 0.65
2026-06-18 15:51:51 Saved validation results to /home/virtualuser/model_evaluation/autoresearch/archive/run_20260618_134153/outputs/validation_results_iter20_20260618_155151.csv
2026-06-18 15:51:51 Validation run completed. Overall Mean Score: 0.8878
2026-06-18 15:51:51 Candidate Score: 0.8878 (Delta: -0.0322)
2026-06-18 15:51:51 >>> FAILURE: Score did not improve. Discarding changes.
2026-06-18 15:51:51 Iteration #20 logged successfully to experiments.json.
2026-06-18 15:51:51 
2026-06-18 15:51:51 =========================================
2026-06-18 15:51:51 STARTING ITERATION #21
2026-06-18 15:51:51 =========================================
2026-06-18 15:51:51 Current Champion Score: 0.9200
2026-06-18 15:51:51 Failing queries to fix: 18
2026-06-18 15:51:51 Calling Optimizer Agent to refine instructions...
2026-06-18 15:54:09 Starting validation run on 45 queries...
2026-06-18 15:54:09   [1/45] Processing Query Q01...
2026-06-18 15:54:14     Query Q01 Score: 1.00
2026-06-18 15:54:14   [2/45] Processing Query Q02...
2026-06-18 15:54:20     Query Q02 Score: 0.95
2026-06-18 15:54:20   [3/45] Processing Query Q03...
2026-06-18 15:54:25     Query Q03 Score: 1.00
2026-06-18 15:54:25   [4/45] Processing Query Q04...
2026-06-18 15:54:30     Query Q04 Score: 1.00
2026-06-18 15:54:30   [5/45] Processing Query Q05...
2026-06-18 15:54:36     Query Q05 Score: 0.30
2026-06-18 15:54:36   [6/45] Processing Query Q06...
2026-06-18 15:54:42     Query Q06 Score: 1.00
2026-06-18 15:54:42   [7/45] Processing Query Q07...
2026-06-18 15:54:47     Query Q07 Score: 1.00
2026-06-18 15:54:47   [8/45] Processing Query Q08...
2026-06-18 15:54:52     Query Q08 Score: 1.00
2026-06-18 15:54:52   [9/45] Processing Query Q09...
2026-06-18 15:55:01     Query Q09 Score: 1.00
2026-06-18 15:55:01   [10/45] Processing Query Q10...
2026-06-18 15:55:07     Query Q10 Score: 1.00
2026-06-18 15:55:07   [11/45] Processing Query Q11...
2026-06-18 15:55:17     Query Q11 Score: 0.30
2026-06-18 15:55:17   [12/45] Processing Query Q12...
2026-06-18 15:55:22     Query Q12 Score: 1.00
2026-06-18 15:55:22   [13/45] Processing Query Q13...
2026-06-18 15:55:27     Query Q13 Score: 0.95
2026-06-18 15:55:27   [14/45] Processing Query Q14...
2026-06-18 15:55:32     Query Q14 Score: 0.85
2026-06-18 15:55:32   [15/45] Processing Query Q15...
2026-06-18 15:55:38     Query Q15 Score: 0.95
2026-06-18 15:55:38   [16/45] Processing Query Q16...
2026-06-18 15:55:44     Query Q16 Score: 0.75
2026-06-18 15:55:44   [17/45] Processing Query Q17...
2026-06-18 15:55:49     Query Q17 Score: 1.00
2026-06-18 15:55:49   [18/45] Processing Query Q18...
2026-06-18 15:55:54     Query Q18 Score: 1.00
2026-06-18 15:55:54   [19/45] Processing Query Q19...
2026-06-18 15:55:59     Query Q19 Score: 0.95
2026-06-18 15:55:59   [20/45] Processing Query Q20...
2026-06-18 15:56:04     Query Q20 Score: 1.00
2026-06-18 15:56:04   [21/45] Processing Query Q21...
2026-06-18 15:56:09     Query Q21 Score: 1.00
2026-06-18 15:56:09   [22/45] Processing Query Q22...
2026-06-18 15:56:14     Query Q22 Score: 0.95
2026-06-18 15:56:14   [23/45] Processing Query Q23...
2026-06-18 15:56:41     Query Q23 Score: 0.40
2026-06-18 15:56:41   [24/45] Processing Query Q24...
2026-06-18 15:56:46     Query Q24 Score: 0.90
2026-06-18 15:56:46   [25/45] Processing Query Q25...
2026-06-18 15:56:51     Query Q25 Score: 1.00
2026-06-18 15:56:51   [26/45] Processing Query Q26...
2026-06-18 15:56:55     Query Q26 Score: 1.00
2026-06-18 15:56:55   [27/45] Processing Query Q27...
2026-06-18 15:57:00     Query Q27 Score: 0.60
2026-06-18 15:57:00   [28/45] Processing Query Q28...
2026-06-18 15:57:14     Query Q28 Score: 0.75
2026-06-18 15:57:14   [29/45] Processing Query Q29...
2026-06-18 15:57:19     Query Q29 Score: 0.70
2026-06-18 15:57:19   [30/45] Processing Query Q30...
2026-06-18 15:57:24     Query Q30 Score: 1.00
2026-06-18 15:57:24   [31/45] Processing Query Q31...
2026-06-18 15:57:29     Query Q31 Score: 1.00
2026-06-18 15:57:29   [32/45] Processing Query Q32...
2026-06-18 15:57:35     Query Q32 Score: 1.00
2026-06-18 15:57:35   [33/45] Processing Query Q33...
2026-06-18 15:57:41     Query Q33 Score: 0.90
2026-06-18 15:57:41   [34/45] Processing Query Q34...
2026-06-18 15:57:46     Query Q34 Score: 1.00
2026-06-18 15:57:46   [35/45] Processing Query Q35...
2026-06-18 15:57:50     Query Q35 Score: 1.00
2026-06-18 15:57:50   [36/45] Processing Query Q36...
2026-06-18 15:57:56     Query Q36 Score: 0.95
2026-06-18 15:57:56   [37/45] Processing Query Q37...
2026-06-18 15:58:01     Query Q37 Score: 1.00
2026-06-18 15:58:01   [38/45] Processing Query Q38...
2026-06-18 15:58:13     Query Q38 Score: 1.00
2026-06-18 15:58:13   [39/45] Processing Query Q39...
2026-06-18 15:58:18     Query Q39 Score: 1.00
2026-06-18 15:58:18   [40/45] Processing Query Q40...
2026-06-18 15:58:23     Query Q40 Score: 1.00
2026-06-18 15:58:23   [41/45] Processing Query Q41...
2026-06-18 15:58:28     Query Q41 Score: 0.90
2026-06-18 15:58:28   [42/45] Processing Query Q42...
2026-06-18 15:58:34     Query Q42 Score: 0.95
2026-06-18 15:58:34   [43/45] Processing Query Q43...
2026-06-18 15:58:39     Query Q43 Score: 1.00
2026-06-18 15:58:39   [44/45] Processing Query Q48...
2026-06-18 15:58:55     Query Q48 Score: 1.00
2026-06-18 15:58:55   [45/45] Processing Query Q49...
2026-06-18 15:59:02     Query Q49 Score: 0.75
2026-06-18 15:59:02 Saved validation results to /home/virtualuser/model_evaluation/autoresearch/archive/run_20260618_134153/outputs/validation_results_iter21_20260618_155902.csv
2026-06-18 15:59:02 Validation run completed. Overall Mean Score: 0.9056
2026-06-18 15:59:02 Candidate Score: 0.9056 (Delta: -0.0144)
2026-06-18 15:59:02 >>> FAILURE: Score did not improve. Discarding changes.
2026-06-18 15:59:02 Iteration #21 logged successfully to experiments.json.
2026-06-18 15:59:02 
2026-06-18 15:59:02 =========================================
2026-06-18 15:59:02 STARTING ITERATION #22
2026-06-18 15:59:02 =========================================
2026-06-18 15:59:02 Current Champion Score: 0.9200
2026-06-18 15:59:02 Failing queries to fix: 18
2026-06-18 15:59:02 Calling Optimizer Agent to refine instructions...
2026-06-18 16:01:18 Starting validation run on 45 queries...
2026-06-18 16:01:18   [1/45] Processing Query Q01...
2026-06-18 16:01:23     Query Q01 Score: 1.00
2026-06-18 16:01:23   [2/45] Processing Query Q02...
2026-06-18 16:01:29     Query Q02 Score: 0.95
2026-06-18 16:01:29   [3/45] Processing Query Q03...
2026-06-18 16:01:34     Query Q03 Score: 1.00
2026-06-18 16:01:34   [4/45] Processing Query Q04...
2026-06-18 16:01:40     Query Q04 Score: 1.00
2026-06-18 16:01:40   [5/45] Processing Query Q05...
2026-06-18 16:01:47     Query Q05 Score: 0.30
2026-06-18 16:01:47   [6/45] Processing Query Q06...
2026-06-18 16:01:52     Query Q06 Score: 1.00
2026-06-18 16:01:52   [7/45] Processing Query Q07...
2026-06-18 16:01:57     Query Q07 Score: 1.00
2026-06-18 16:01:57   [8/45] Processing Query Q08...
2026-06-18 16:02:02     Query Q08 Score: 1.00
2026-06-18 16:02:02   [9/45] Processing Query Q09...
2026-06-18 16:02:09     Query Q09 Score: 0.40
2026-06-18 16:02:09   [10/45] Processing Query Q10...
2026-06-18 16:02:15     Query Q10 Score: 1.00
2026-06-18 16:02:15   [11/45] Processing Query Q11...
2026-06-18 16:02:22     Query Q11 Score: 0.40
2026-06-18 16:02:22   [12/45] Processing Query Q12...
2026-06-18 16:02:27     Query Q12 Score: 1.00
2026-06-18 16:02:27   [13/45] Processing Query Q13...
2026-06-18 16:02:32     Query Q13 Score: 0.95
2026-06-18 16:02:32   [14/45] Processing Query Q14...
2026-06-18 16:02:37     Query Q14 Score: 0.50
2026-06-18 16:02:37   [15/45] Processing Query Q15...
2026-06-18 16:02:44     Query Q15 Score: 0.95
2026-06-18 16:02:44   [16/45] Processing Query Q16...
2026-06-18 16:02:50     Query Q16 Score: 0.75
2026-06-18 16:02:50   [17/45] Processing Query Q17...
2026-06-18 16:02:55     Query Q17 Score: 1.00
2026-06-18 16:02:55   [18/45] Processing Query Q18...
2026-06-18 16:03:00     Query Q18 Score: 1.00
2026-06-18 16:03:00   [19/45] Processing Query Q19...
2026-06-18 16:03:14     Query Q19 Score: 0.50
2026-06-18 16:03:14   [20/45] Processing Query Q20...
2026-06-18 16:03:21     Query Q20 Score: 0.75
2026-06-18 16:03:21   [21/45] Processing Query Q21...
2026-06-18 16:03:26     Query Q21 Score: 1.00
2026-06-18 16:03:26   [22/45] Processing Query Q22...
2026-06-18 16:03:31     Query Q22 Score: 0.95
2026-06-18 16:03:31   [23/45] Processing Query Q23...
2026-06-18 16:03:59     Query Q23 Score: 0.30
2026-06-18 16:03:59   [24/45] Processing Query Q24...
2026-06-18 16:04:04     Query Q24 Score: 0.90
2026-06-18 16:04:04   [25/45] Processing Query Q25...
2026-06-18 16:04:09     Query Q25 Score: 1.00
2026-06-18 16:04:09   [26/45] Processing Query Q26...
2026-06-18 16:04:13     Query Q26 Score: 1.00
2026-06-18 16:04:13   [27/45] Processing Query Q27...
2026-06-18 16:04:18     Query Q27 Score: 0.50
2026-06-18 16:04:18   [28/45] Processing Query Q28...
2026-06-18 16:04:22     Query Q28 Score: 1.00
2026-06-18 16:04:22   [29/45] Processing Query Q29...
2026-06-18 16:04:28     Query Q29 Score: 1.00
2026-06-18 16:04:28   [30/45] Processing Query Q30...
2026-06-18 16:04:34     Query Q30 Score: 1.00
2026-06-18 16:04:34   [31/45] Processing Query Q31...
2026-06-18 16:04:38     Query Q31 Score: 1.00
2026-06-18 16:04:38   [32/45] Processing Query Q32...
2026-06-18 16:04:44     Query Q32 Score: 1.00
2026-06-18 16:04:44   [33/45] Processing Query Q33...
2026-06-18 16:04:50     Query Q33 Score: 0.75
2026-06-18 16:04:50   [34/45] Processing Query Q34...
2026-06-18 16:04:55     Query Q34 Score: 1.00
2026-06-18 16:04:55   [35/45] Processing Query Q35...
2026-06-18 16:04:59     Query Q35 Score: 1.00
2026-06-18 16:04:59   [36/45] Processing Query Q36...
2026-06-18 16:05:05     Query Q36 Score: 1.00
2026-06-18 16:05:05   [37/45] Processing Query Q37...
2026-06-18 16:05:10     Query Q37 Score: 1.00
2026-06-18 16:05:10   [38/45] Processing Query Q38...
2026-06-18 16:05:20     Query Q38 Score: 1.00
2026-06-18 16:05:20   [39/45] Processing Query Q39...
2026-06-18 16:05:25     Query Q39 Score: 1.00
2026-06-18 16:05:25   [40/45] Processing Query Q40...
2026-06-18 16:05:30     Query Q40 Score: 1.00
2026-06-18 16:05:30   [41/45] Processing Query Q41...
2026-06-18 16:05:36     Query Q41 Score: 0.90
2026-06-18 16:05:36   [42/45] Processing Query Q42...
2026-06-18 16:05:41     Query Q42 Score: 1.00
2026-06-18 16:05:41   [43/45] Processing Query Q43...
2026-06-18 16:05:46     Query Q43 Score: 0.70
2026-06-18 16:05:46   [44/45] Processing Query Q48...
2026-06-18 16:05:58     Query Q48 Score: 1.00
2026-06-18 16:05:58   [45/45] Processing Query Q49...
2026-06-18 16:06:05     Query Q49 Score: 0.75
2026-06-18 16:06:05 Saved validation results to /home/virtualuser/model_evaluation/autoresearch/archive/run_20260618_134153/outputs/validation_results_iter22_20260618_160605.csv
2026-06-18 16:06:05 Validation run completed. Overall Mean Score: 0.8711
2026-06-18 16:06:05 Candidate Score: 0.8711 (Delta: -0.0489)
2026-06-18 16:06:05 >>> FAILURE: Score did not improve. Discarding changes.
2026-06-18 16:06:05 Iteration #22 logged successfully to experiments.json.
2026-06-18 16:06:05 
2026-06-18 16:06:05 =========================================
2026-06-18 16:06:05 STARTING ITERATION #23
2026-06-18 16:06:05 =========================================
2026-06-18 16:06:05 Current Champion Score: 0.9200
2026-06-18 16:06:05 Failing queries to fix: 18
2026-06-18 16:06:05 Calling Optimizer Agent to refine instructions...
2026-06-18 16:08:24 Starting validation run on 45 queries...
2026-06-18 16:08:24   [1/45] Processing Query Q01...
2026-06-18 16:08:29     Query Q01 Score: 1.00
2026-06-18 16:08:29   [2/45] Processing Query Q02...
2026-06-18 16:08:35     Query Q02 Score: 0.95
2026-06-18 16:08:35   [3/45] Processing Query Q03...
2026-06-18 16:08:40     Query Q03 Score: 1.00
2026-06-18 16:08:40   [4/45] Processing Query Q04...
2026-06-18 16:08:46     Query Q04 Score: 0.50
2026-06-18 16:08:46   [5/45] Processing Query Q05...
2026-06-18 16:08:53     Query Q05 Score: 0.40
2026-06-18 16:08:53   [6/45] Processing Query Q06...
2026-06-18 16:08:58     Query Q06 Score: 1.00
2026-06-18 16:08:58   [7/45] Processing Query Q07...
2026-06-18 16:09:04     Query Q07 Score: 1.00
2026-06-18 16:09:04   [8/45] Processing Query Q08...
2026-06-18 16:09:09     Query Q08 Score: 1.00
2026-06-18 16:09:09   [9/45] Processing Query Q09...
2026-06-18 16:09:19     Query Q09 Score: 0.40
2026-06-18 16:09:19   [10/45] Processing Query Q10...
2026-06-18 16:09:25     Query Q10 Score: 1.00
2026-06-18 16:09:25   [11/45] Processing Query Q11...
2026-06-18 16:09:35     Query Q11 Score: 0.30
2026-06-18 16:09:35   [12/45] Processing Query Q12...
2026-06-18 16:09:40     Query Q12 Score: 1.00
2026-06-18 16:09:40   [13/45] Processing Query Q13...
2026-06-18 16:09:45     Query Q13 Score: 0.40
2026-06-18 16:09:45   [14/45] Processing Query Q14...
2026-06-18 16:09:50     Query Q14 Score: 0.50
2026-06-18 16:09:50   [15/45] Processing Query Q15...
2026-06-18 16:09:56     Query Q15 Score: 1.00
2026-06-18 16:09:56   [16/45] Processing Query Q16...
2026-06-18 16:10:02     Query Q16 Score: 0.50
2026-06-18 16:10:02   [17/45] Processing Query Q17...
2026-06-18 16:10:07     Query Q17 Score: 1.00
2026-06-18 16:10:07   [18/45] Processing Query Q18...
2026-06-18 16:10:12     Query Q18 Score: 1.00
2026-06-18 16:10:12   [19/45] Processing Query Q19...
2026-06-18 16:10:17     Query Q19 Score: 0.95
2026-06-18 16:10:17   [20/45] Processing Query Q20...
2026-06-18 16:10:22     Query Q20 Score: 1.00
2026-06-18 16:10:22   [21/45] Processing Query Q21...
2026-06-18 16:10:27     Query Q21 Score: 1.00
2026-06-18 16:10:27   [22/45] Processing Query Q22...
2026-06-18 16:10:32     Query Q22 Score: 0.95
2026-06-18 16:10:32   [23/45] Processing Query Q23...
2026-06-18 16:10:51     Query Q23 Score: 0.50
2026-06-18 16:10:51   [24/45] Processing Query Q24...
2026-06-18 16:10:57     Query Q24 Score: 0.90
2026-06-18 16:10:57   [25/45] Processing Query Q25...
2026-06-18 16:11:02     Query Q25 Score: 1.00
2026-06-18 16:11:02   [26/45] Processing Query Q26...
2026-06-18 16:11:06     Query Q26 Score: 1.00
2026-06-18 16:11:06   [27/45] Processing Query Q27...
2026-06-18 16:11:11     Query Q27 Score: 0.60
2026-06-18 16:11:11   [28/45] Processing Query Q28...
2026-06-18 16:11:15     Query Q28 Score: 1.00
2026-06-18 16:11:15   [29/45] Processing Query Q29...
2026-06-18 16:11:20     Query Q29 Score: 0.50
2026-06-18 16:11:20   [30/45] Processing Query Q30...
2026-06-18 16:11:26     Query Q30 Score: 1.00
2026-06-18 16:11:26   [31/45] Processing Query Q31...
2026-06-18 16:11:31     Query Q31 Score: 1.00
2026-06-18 16:11:31   [32/45] Processing Query Q32...
2026-06-18 16:11:37     Query Q32 Score: 1.00
2026-06-18 16:11:37   [33/45] Processing Query Q33...
2026-06-18 16:11:43     Query Q33 Score: 0.90
2026-06-18 16:11:43   [34/45] Processing Query Q34...
2026-06-18 16:11:48     Query Q34 Score: 1.00
2026-06-18 16:11:48   [35/45] Processing Query Q35...
2026-06-18 16:11:52     Query Q35 Score: 1.00
2026-06-18 16:11:52   [36/45] Processing Query Q36...
2026-06-18 16:11:57     Query Q36 Score: 0.95
2026-06-18 16:11:57   [37/45] Processing Query Q37...
2026-06-18 16:12:03     Query Q37 Score: 0.95
2026-06-18 16:12:03   [38/45] Processing Query Q38...
2026-06-18 16:12:12     Query Q38 Score: 1.00
2026-06-18 16:12:12   [39/45] Processing Query Q39...
2026-06-18 16:12:17     Query Q39 Score: 1.00
2026-06-18 16:12:17   [40/45] Processing Query Q40...
2026-06-18 16:12:21     Query Q40 Score: 1.00
2026-06-18 16:12:21   [41/45] Processing Query Q41...
2026-06-18 16:12:27     Query Q41 Score: 0.90
2026-06-18 16:12:27   [42/45] Processing Query Q42...
2026-06-18 16:12:32     Query Q42 Score: 1.00
2026-06-18 16:12:32   [43/45] Processing Query Q43...
2026-06-18 16:12:37     Query Q43 Score: 1.00
2026-06-18 16:12:37   [44/45] Processing Query Q48...
2026-06-18 16:12:43     Query Q48 Score: 0.85
2026-06-18 16:12:43   [45/45] Processing Query Q49...
2026-06-18 16:12:50     Query Q49 Score: 0.85
2026-06-18 16:12:50 Saved validation results to /home/virtualuser/model_evaluation/autoresearch/archive/run_20260618_134153/outputs/validation_results_iter23_20260618_161250.csv
2026-06-18 16:12:50 Validation run completed. Overall Mean Score: 0.8611
2026-06-18 16:12:50 Candidate Score: 0.8611 (Delta: -0.0589)
2026-06-18 16:12:50 >>> FAILURE: Score did not improve. Discarding changes.
2026-06-18 16:12:50 Iteration #23 logged successfully to experiments.json.
2026-06-18 16:12:50 
2026-06-18 16:12:50 =========================================
2026-06-18 16:12:50 STARTING ITERATION #24
2026-06-18 16:12:50 =========================================
2026-06-18 16:12:50 Current Champion Score: 0.9200
2026-06-18 16:12:50 Failing queries to fix: 18
2026-06-18 16:12:50 Calling Optimizer Agent to refine instructions...
2026-06-18 16:15:11 Starting validation run on 45 queries...
2026-06-18 16:15:11   [1/45] Processing Query Q01...
2026-06-18 16:15:16     Query Q01 Score: 1.00
2026-06-18 16:15:16   [2/45] Processing Query Q02...
2026-06-18 16:15:22     Query Q02 Score: 0.75
2026-06-18 16:15:22   [3/45] Processing Query Q03...
2026-06-18 16:15:27     Query Q03 Score: 1.00
2026-06-18 16:15:27   [4/45] Processing Query Q04...
2026-06-18 16:15:32     Query Q04 Score: 1.00
2026-06-18 16:15:32   [5/45] Processing Query Q05...
2026-06-18 16:15:38     Query Q05 Score: 0.30
2026-06-18 16:15:38   [6/45] Processing Query Q06...
2026-06-18 16:15:44     Query Q06 Score: 0.95
2026-06-18 16:15:44   [7/45] Processing Query Q07...
2026-06-18 16:15:49     Query Q07 Score: 1.00
2026-06-18 16:15:49   [8/45] Processing Query Q08...
2026-06-18 16:15:54     Query Q08 Score: 1.00
2026-06-18 16:15:54   [9/45] Processing Query Q09...
2026-06-18 16:16:06     Query Q09 Score: 1.00
2026-06-18 16:16:06   [10/45] Processing Query Q10...
2026-06-18 16:16:11     Query Q10 Score: 1.00
2026-06-18 16:16:11   [11/45] Processing Query Q11...
2026-06-18 16:16:20     Query Q11 Score: 0.30
2026-06-18 16:16:20   [12/45] Processing Query Q12...
2026-06-18 16:16:24     Query Q12 Score: 1.00
2026-06-18 16:16:24   [13/45] Processing Query Q13...
2026-06-18 16:16:30     Query Q13 Score: 0.95
2026-06-18 16:16:30   [14/45] Processing Query Q14...
2026-06-18 16:16:35     Query Q14 Score: 0.85
2026-06-18 16:16:35   [15/45] Processing Query Q15...
2026-06-18 16:16:44     Query Q15 Score: 1.00
2026-06-18 16:16:44   [16/45] Processing Query Q16...
2026-06-18 16:16:49     Query Q16 Score: 0.75
2026-06-18 16:16:49   [17/45] Processing Query Q17...
2026-06-18 16:16:54     Query Q17 Score: 1.00
2026-06-18 16:16:54   [18/45] Processing Query Q18...
2026-06-18 16:16:59     Query Q18 Score: 1.00
2026-06-18 16:16:59   [19/45] Processing Query Q19...
2026-06-18 16:17:04     Query Q19 Score: 0.95
2026-06-18 16:17:04   [20/45] Processing Query Q20...
2026-06-18 16:17:11     Query Q20 Score: 0.85
2026-06-18 16:17:11   [21/45] Processing Query Q21...
2026-06-18 16:17:16     Query Q21 Score: 1.00
2026-06-18 16:17:16   [22/45] Processing Query Q22...
2026-06-18 16:17:21     Query Q22 Score: 0.95
2026-06-18 16:17:21   [23/45] Processing Query Q23...
2026-06-18 16:17:45     Query Q23 Score: 1.00
2026-06-18 16:17:45   [24/45] Processing Query Q24...
2026-06-18 16:17:50     Query Q24 Score: 0.90
2026-06-18 16:17:50   [25/45] Processing Query Q25...
2026-06-18 16:17:55     Query Q25 Score: 1.00
2026-06-18 16:17:55   [26/45] Processing Query Q26...
2026-06-18 16:18:00     Query Q26 Score: 1.00
2026-06-18 16:18:00   [27/45] Processing Query Q27...
2026-06-18 16:18:04     Query Q27 Score: 0.60
2026-06-18 16:18:04   [28/45] Processing Query Q28...
2026-06-18 16:18:09     Query Q28 Score: 1.00
2026-06-18 16:18:09   [29/45] Processing Query Q29...
2026-06-18 16:18:14     Query Q29 Score: 0.50
2026-06-18 16:18:14   [30/45] Processing Query Q30...
2026-06-18 16:18:20     Query Q30 Score: 1.00
2026-06-18 16:18:20   [31/45] Processing Query Q31...
2026-06-18 16:18:24     Query Q31 Score: 1.00
2026-06-18 16:18:24   [32/45] Processing Query Q32...
2026-06-18 16:18:31     Query Q32 Score: 1.00
2026-06-18 16:18:31   [33/45] Processing Query Q33...
2026-06-18 16:18:36     Query Q33 Score: 1.00
2026-06-18 16:18:36   [34/45] Processing Query Q34...
2026-06-18 16:18:41     Query Q34 Score: 1.00
2026-06-18 16:18:41   [35/45] Processing Query Q35...
2026-06-18 16:18:46     Query Q35 Score: 1.00
2026-06-18 16:18:46   [36/45] Processing Query Q36...
2026-06-18 16:18:51     Query Q36 Score: 0.95
2026-06-18 16:18:51   [37/45] Processing Query Q37...
2026-06-18 16:18:56     Query Q37 Score: 1.00
2026-06-18 16:18:56   [38/45] Processing Query Q38...
2026-06-18 16:19:08     Query Q38 Score: 1.00
2026-06-18 16:19:08   [39/45] Processing Query Q39...
2026-06-18 16:19:13     Query Q39 Score: 1.00
2026-06-18 16:19:13   [40/45] Processing Query Q40...
2026-06-18 16:19:18     Query Q40 Score: 1.00
2026-06-18 16:19:18   [41/45] Processing Query Q41...
2026-06-18 16:19:23     Query Q41 Score: 0.90
2026-06-18 16:19:23   [42/45] Processing Query Q42...
2026-06-18 16:19:28     Query Q42 Score: 0.95
2026-06-18 16:19:28   [43/45] Processing Query Q43...
2026-06-18 16:19:33     Query Q43 Score: 1.00
2026-06-18 16:19:33   [44/45] Processing Query Q48...
2026-06-18 16:19:51     Query Q48 Score: 1.00
2026-06-18 16:19:51   [45/45] Processing Query Q49...
2026-06-18 16:19:58     Query Q49 Score: 0.75
2026-06-18 16:19:58 Saved validation results to /home/virtualuser/model_evaluation/autoresearch/archive/run_20260618_134153/outputs/validation_results_iter24_20260618_161958.csv
2026-06-18 16:19:58 Validation run completed. Overall Mean Score: 0.9144
2026-06-18 16:19:58 Candidate Score: 0.9144 (Delta: -0.0056)
2026-06-18 16:19:58 >>> FAILURE: Score did not improve. Discarding changes.
2026-06-18 16:19:58 Iteration #24 logged successfully to experiments.json.
2026-06-18 16:19:58 
2026-06-18 16:19:58 =========================================
2026-06-18 16:19:58 STARTING ITERATION #25
2026-06-18 16:19:58 =========================================
2026-06-18 16:19:58 Current Champion Score: 0.9200
2026-06-18 16:19:58 Failing queries to fix: 18
2026-06-18 16:19:58 Calling Optimizer Agent to refine instructions...
2026-06-18 16:22:22 Starting validation run on 45 queries...
2026-06-18 16:22:22   [1/45] Processing Query Q01...
2026-06-18 16:22:27     Query Q01 Score: 1.00
2026-06-18 16:22:27   [2/45] Processing Query Q02...
2026-06-18 16:22:33     Query Q02 Score: 0.85
2026-06-18 16:22:33   [3/45] Processing Query Q03...
2026-06-18 16:22:38     Query Q03 Score: 1.00
2026-06-18 16:22:38   [4/45] Processing Query Q04...
2026-06-18 16:22:43     Query Q04 Score: 1.00
2026-06-18 16:22:43   [5/45] Processing Query Q05...
2026-06-18 16:22:49     Query Q05 Score: 0.30
2026-06-18 16:22:49   [6/45] Processing Query Q06...
2026-06-18 16:22:55     Query Q06 Score: 0.95
2026-06-18 16:22:55   [7/45] Processing Query Q07...
2026-06-18 16:23:00     Query Q07 Score: 1.00
2026-06-18 16:23:00   [8/45] Processing Query Q08...
2026-06-18 16:23:05     Query Q08 Score: 1.00
2026-06-18 16:23:05   [9/45] Processing Query Q09...
2026-06-18 16:23:20     Query Q09 Score: 0.40
2026-06-18 16:23:20   [10/45] Processing Query Q10...
2026-06-18 16:23:26     Query Q10 Score: 1.00
2026-06-18 16:23:26   [11/45] Processing Query Q11...
2026-06-18 16:23:33     Query Q11 Score: 0.40
2026-06-18 16:23:33   [12/45] Processing Query Q12...
2026-06-18 16:23:38     Query Q12 Score: 1.00
2026-06-18 16:23:38   [13/45] Processing Query Q13...
2026-06-18 16:23:44     Query Q13 Score: 0.95
2026-06-18 16:23:44   [14/45] Processing Query Q14...
2026-06-18 16:23:48     Query Q14 Score: 0.85
2026-06-18 16:23:48   [15/45] Processing Query Q15...
2026-06-18 16:23:55     Query Q15 Score: 0.95
2026-06-18 16:23:55   [16/45] Processing Query Q16...
2026-06-18 16:24:00     Query Q16 Score: 0.75
2026-06-18 16:24:00   [17/45] Processing Query Q17...
2026-06-18 16:24:05     Query Q17 Score: 1.00
2026-06-18 16:24:05   [18/45] Processing Query Q18...
2026-06-18 16:24:10     Query Q18 Score: 1.00
2026-06-18 16:24:10   [19/45] Processing Query Q19...
2026-06-18 16:24:30     Query Q19 Score: 0.85
2026-06-18 16:24:30   [20/45] Processing Query Q20...
2026-06-18 16:24:35     Query Q20 Score: 0.95
2026-06-18 16:24:35   [21/45] Processing Query Q21...
2026-06-18 16:24:41     Query Q21 Score: 1.00
2026-06-18 16:24:41   [22/45] Processing Query Q22...
2026-06-18 16:24:45     Query Q22 Score: 0.95
2026-06-18 16:24:45   [23/45] Processing Query Q23...
2026-06-18 16:25:02     Query Q23 Score: 0.50
2026-06-18 16:25:02   [24/45] Processing Query Q24...
2026-06-18 16:25:07     Query Q24 Score: 1.00
2026-06-18 16:25:07   [25/45] Processing Query Q25...
2026-06-18 16:25:12     Query Q25 Score: 1.00
2026-06-18 16:25:12   [26/45] Processing Query Q26...
2026-06-18 16:25:16     Query Q26 Score: 1.00
2026-06-18 16:25:16   [27/45] Processing Query Q27...
2026-06-18 16:25:21     Query Q27 Score: 0.95
2026-06-18 16:25:21   [28/45] Processing Query Q28...
2026-06-18 16:25:25     Query Q28 Score: 1.00
2026-06-18 16:25:25   [29/45] Processing Query Q29...
2026-06-18 16:25:30     Query Q29 Score: 0.50
2026-06-18 16:25:30   [30/45] Processing Query Q30...
2026-06-18 16:25:36     Query Q30 Score: 1.00
2026-06-18 16:25:36   [31/45] Processing Query Q31...
2026-06-18 16:25:40     Query Q31 Score: 1.00
2026-06-18 16:25:40   [32/45] Processing Query Q32...
2026-06-18 16:25:46     Query Q32 Score: 1.00
2026-06-18 16:25:46   [33/45] Processing Query Q33...
2026-06-18 16:25:52     Query Q33 Score: 1.00
2026-06-18 16:25:52   [34/45] Processing Query Q34...
2026-06-18 16:25:57     Query Q34 Score: 1.00
2026-06-18 16:25:57   [35/45] Processing Query Q35...
2026-06-18 16:26:01     Query Q35 Score: 1.00
2026-06-18 16:26:01   [36/45] Processing Query Q36...
2026-06-18 16:26:06     Query Q36 Score: 0.95
2026-06-18 16:26:06   [37/45] Processing Query Q37...
2026-06-18 16:26:11     Query Q37 Score: 1.00
2026-06-18 16:26:11   [38/45] Processing Query Q38...
2026-06-18 16:26:28     Query Q38 Score: 1.00
2026-06-18 16:26:28   [39/45] Processing Query Q39...
2026-06-18 16:26:33     Query Q39 Score: 1.00
2026-06-18 16:26:33   [40/45] Processing Query Q40...
2026-06-18 16:26:38     Query Q40 Score: 1.00
2026-06-18 16:26:38   [41/45] Processing Query Q41...
2026-06-18 16:26:43     Query Q41 Score: 0.90
2026-06-18 16:26:43   [42/45] Processing Query Q42...
2026-06-18 16:26:48     Query Q42 Score: 1.00
2026-06-18 16:26:48   [43/45] Processing Query Q43...
2026-06-18 16:26:53     Query Q43 Score: 1.00
2026-06-18 16:26:53   [44/45] Processing Query Q48...
2026-06-18 16:27:00     Query Q48 Score: 0.85
2026-06-18 16:27:00   [45/45] Processing Query Q49...
2026-06-18 16:27:07     Query Q49 Score: 1.00
2026-06-18 16:27:07 Saved validation results to /home/virtualuser/model_evaluation/autoresearch/archive/run_20260618_134153/outputs/validation_results_iter25_20260618_162707.csv
2026-06-18 16:27:07 Validation run completed. Overall Mean Score: 0.9067
2026-06-18 16:27:07 Candidate Score: 0.9067 (Delta: -0.0133)
2026-06-18 16:27:07 >>> FAILURE: Score did not improve. Discarding changes.
2026-06-18 16:27:07 Iteration #25 logged successfully to experiments.json.
2026-06-18 16:27:07 
2026-06-18 16:27:07 =========================================
2026-06-18 16:27:07 STARTING ITERATION #26
2026-06-18 16:27:07 =========================================
2026-06-18 16:27:07 Current Champion Score: 0.9200
2026-06-18 16:27:07 Failing queries to fix: 18
2026-06-18 16:27:07 Calling Optimizer Agent to refine instructions...
2026-06-18 16:29:27 Starting validation run on 45 queries...
2026-06-18 16:29:27   [1/45] Processing Query Q01...
2026-06-18 16:29:32     Query Q01 Score: 1.00
2026-06-18 16:29:32   [2/45] Processing Query Q02...
2026-06-18 16:29:37     Query Q02 Score: 0.85
2026-06-18 16:29:37   [3/45] Processing Query Q03...
2026-06-18 16:29:43     Query Q03 Score: 1.00
2026-06-18 16:29:43   [4/45] Processing Query Q04...
2026-06-18 16:29:48     Query Q04 Score: 1.00
2026-06-18 16:29:48   [5/45] Processing Query Q05...
2026-06-18 16:29:55     Query Q05 Score: 0.40
2026-06-18 16:29:55   [6/45] Processing Query Q06...
2026-06-18 16:30:01     Query Q06 Score: 1.00
2026-06-18 16:30:01   [7/45] Processing Query Q07...
2026-06-18 16:30:06     Query Q07 Score: 1.00
2026-06-18 16:30:06   [8/45] Processing Query Q08...
2026-06-18 16:30:11     Query Q08 Score: 1.00
2026-06-18 16:30:11   [9/45] Processing Query Q09...
2026-06-18 16:30:16     Query Q09 Score: 1.00
2026-06-18 16:30:16   [10/45] Processing Query Q10...
2026-06-18 16:30:22     Query Q10 Score: 1.00
2026-06-18 16:30:22   [11/45] Processing Query Q11...
2026-06-18 16:30:30     Query Q11 Score: 0.60
2026-06-18 16:30:30   [12/45] Processing Query Q12...
2026-06-18 16:30:34     Query Q12 Score: 1.00
2026-06-18 16:30:34   [13/45] Processing Query Q13...
2026-06-18 16:30:40     Query Q13 Score: 0.40
2026-06-18 16:30:40   [14/45] Processing Query Q14...
2026-06-18 16:30:45     Query Q14 Score: 0.85
2026-06-18 16:30:45   [15/45] Processing Query Q15...
2026-06-18 16:30:51     Query Q15 Score: 0.95
2026-06-18 16:30:51   [16/45] Processing Query Q16...
2026-06-18 16:30:57     Query Q16 Score: 0.75
2026-06-18 16:30:57   [17/45] Processing Query Q17...
2026-06-18 16:31:01     Query Q17 Score: 1.00
2026-06-18 16:31:01   [18/45] Processing Query Q18...
2026-06-18 16:31:07     Query Q18 Score: 1.00
2026-06-18 16:31:07   [19/45] Processing Query Q19...
2026-06-18 16:31:12     Query Q19 Score: 0.60
2026-06-18 16:31:12   [20/45] Processing Query Q20...
2026-06-18 16:31:17     Query Q20 Score: 1.00
2026-06-18 16:31:17   [21/45] Processing Query Q21...
2026-06-18 16:31:22     Query Q21 Score: 1.00
2026-06-18 16:31:22   [22/45] Processing Query Q22...
2026-06-18 16:31:27     Query Q22 Score: 0.95
2026-06-18 16:31:27   [23/45] Processing Query Q23...
2026-06-18 16:31:43     Query Q23 Score: 0.85
2026-06-18 16:31:43   [24/45] Processing Query Q24...
2026-06-18 16:31:48     Query Q24 Score: 0.90
2026-06-18 16:31:48   [25/45] Processing Query Q25...
2026-06-18 16:31:53     Query Q25 Score: 1.00
2026-06-18 16:31:53   [26/45] Processing Query Q26...
2026-06-18 16:31:57     Query Q26 Score: 1.00
2026-06-18 16:31:57   [27/45] Processing Query Q27...
2026-06-18 16:32:02     Query Q27 Score: 1.00
2026-06-18 16:32:02   [28/45] Processing Query Q28...
2026-06-18 16:32:06     Query Q28 Score: 1.00
2026-06-18 16:32:06   [29/45] Processing Query Q29...
2026-06-18 16:32:11     Query Q29 Score: 0.50
2026-06-18 16:32:11   [30/45] Processing Query Q30...
2026-06-18 16:32:17     Query Q30 Score: 1.00
2026-06-18 16:32:17   [31/45] Processing Query Q31...
2026-06-18 16:32:22     Query Q31 Score: 1.00
2026-06-18 16:32:22   [32/45] Processing Query Q32...
2026-06-18 16:32:28     Query Q32 Score: 1.00
2026-06-18 16:32:28   [33/45] Processing Query Q33...
2026-06-18 16:32:33     Query Q33 Score: 1.00
2026-06-18 16:32:33   [34/45] Processing Query Q34...
2026-06-18 16:32:38     Query Q34 Score: 1.00
2026-06-18 16:32:38   [35/45] Processing Query Q35...
2026-06-18 16:32:42     Query Q35 Score: 1.00
2026-06-18 16:32:42   [36/45] Processing Query Q36...
2026-06-18 16:32:59     Query Q36 Score: 0.50
2026-06-18 16:32:59   [37/45] Processing Query Q37...
2026-06-18 16:33:04     Query Q37 Score: 0.95
2026-06-18 16:33:04   [38/45] Processing Query Q38...
2026-06-18 16:33:15     Query Q38 Score: 1.00
2026-06-18 16:33:15   [39/45] Processing Query Q39...
2026-06-18 16:33:19     Query Q39 Score: 1.00
2026-06-18 16:33:19   [40/45] Processing Query Q40...
2026-06-18 16:33:24     Query Q40 Score: 1.00
2026-06-18 16:33:24   [41/45] Processing Query Q41...
2026-06-18 16:33:30     Query Q41 Score: 0.90
2026-06-18 16:33:30   [42/45] Processing Query Q42...
2026-06-18 16:33:35     Query Q42 Score: 0.95
2026-06-18 16:33:35   [43/45] Processing Query Q43...
2026-06-18 16:33:40     Query Q43 Score: 1.00
2026-06-18 16:33:40   [44/45] Processing Query Q48...
2026-06-18 16:33:46     Query Q48 Score: 0.85
2026-06-18 16:33:46   [45/45] Processing Query Q49...
2026-06-18 16:33:53     Query Q49 Score: 0.75
2026-06-18 16:33:53 Saved validation results to /home/virtualuser/model_evaluation/autoresearch/archive/run_20260618_134153/outputs/validation_results_iter26_20260618_163353.csv
2026-06-18 16:33:53 Validation run completed. Overall Mean Score: 0.9000
2026-06-18 16:33:53 Candidate Score: 0.9000 (Delta: -0.0200)
2026-06-18 16:33:53 >>> FAILURE: Score did not improve. Discarding changes.
2026-06-18 16:33:53 Iteration #26 logged successfully to experiments.json.
2026-06-18 16:33:53 
2026-06-18 16:33:53 =========================================
2026-06-18 16:33:53 STARTING ITERATION #27
2026-06-18 16:33:53 =========================================
2026-06-18 16:33:53 Current Champion Score: 0.9200
2026-06-18 16:33:53 Failing queries to fix: 18
2026-06-18 16:33:53 Calling Optimizer Agent to refine instructions...
2026-06-18 16:36:14 Starting validation run on 45 queries...
2026-06-18 16:36:14   [1/45] Processing Query Q01...
2026-06-18 16:36:19     Query Q01 Score: 1.00
2026-06-18 16:36:19   [2/45] Processing Query Q02...
2026-06-18 16:36:25     Query Q02 Score: 0.85
2026-06-18 16:36:25   [3/45] Processing Query Q03...
2026-06-18 16:36:30     Query Q03 Score: 1.00
2026-06-18 16:36:30   [4/45] Processing Query Q04...
2026-06-18 16:36:35     Query Q04 Score: 1.00
2026-06-18 16:36:35   [5/45] Processing Query Q05...
2026-06-18 16:36:41     Query Q05 Score: 0.40
2026-06-18 16:36:41   [6/45] Processing Query Q06...
2026-06-18 16:36:47     Query Q06 Score: 0.85
2026-06-18 16:36:47   [7/45] Processing Query Q07...
2026-06-18 16:36:52     Query Q07 Score: 1.00
2026-06-18 16:36:52   [8/45] Processing Query Q08...
2026-06-18 16:36:58     Query Q08 Score: 1.00
2026-06-18 16:36:58   [9/45] Processing Query Q09...
2026-06-18 16:37:04     Query Q09 Score: 0.40
2026-06-18 16:37:04   [10/45] Processing Query Q10...
2026-06-18 16:37:09     Query Q10 Score: 1.00
2026-06-18 16:37:09   [11/45] Processing Query Q11...
2026-06-18 16:37:17     Query Q11 Score: 0.60
2026-06-18 16:37:17   [12/45] Processing Query Q12...
2026-06-18 16:37:22     Query Q12 Score: 1.00
2026-06-18 16:37:22   [13/45] Processing Query Q13...
2026-06-18 16:37:28     Query Q13 Score: 0.20
2026-06-18 16:37:28   [14/45] Processing Query Q14...
2026-06-18 16:37:32     Query Q14 Score: 0.50
2026-06-18 16:37:32   [15/45] Processing Query Q15...
2026-06-18 16:37:39     Query Q15 Score: 0.95
2026-06-18 16:37:39   [16/45] Processing Query Q16...
2026-06-18 16:37:44     Query Q16 Score: 0.75
2026-06-18 16:37:44   [17/45] Processing Query Q17...
2026-06-18 16:37:49     Query Q17 Score: 1.00
2026-06-18 16:37:49   [18/45] Processing Query Q18...
2026-06-18 16:37:54     Query Q18 Score: 1.00
2026-06-18 16:37:54   [19/45] Processing Query Q19...
2026-06-18 16:38:00     Query Q19 Score: 0.90
2026-06-18 16:38:00   [20/45] Processing Query Q20...
2026-06-18 16:38:05     Query Q20 Score: 1.00
2026-06-18 16:38:05   [21/45] Processing Query Q21...
2026-06-18 16:38:10     Query Q21 Score: 1.00
2026-06-18 16:38:10   [22/45] Processing Query Q22...
2026-06-18 16:38:15     Query Q22 Score: 0.95
2026-06-18 16:38:15   [23/45] Processing Query Q23...
2026-06-18 16:38:38     Query Q23 Score: 0.50
2026-06-18 16:38:38   [24/45] Processing Query Q24...
2026-06-18 16:38:43     Query Q24 Score: 0.90
2026-06-18 16:38:43   [25/45] Processing Query Q25...
2026-06-18 16:38:49     Query Q25 Score: 1.00
2026-06-18 16:38:49   [26/45] Processing Query Q26...
2026-06-18 16:38:53     Query Q26 Score: 1.00
2026-06-18 16:38:53   [27/45] Processing Query Q27...
2026-06-18 16:39:01     Query Q27 Score: 1.00
2026-06-18 16:39:01   [28/45] Processing Query Q28...
2026-06-18 16:39:05     Query Q28 Score: 1.00
2026-06-18 16:39:05   [29/45] Processing Query Q29...
2026-06-18 16:39:11     Query Q29 Score: 0.50
2026-06-18 16:39:11   [30/45] Processing Query Q30...
2026-06-18 16:39:16     Query Q30 Score: 1.00
2026-06-18 16:39:16   [31/45] Processing Query Q31...
2026-06-18 16:39:21     Query Q31 Score: 1.00
2026-06-18 16:39:21   [32/45] Processing Query Q32...
2026-06-18 16:39:27     Query Q32 Score: 1.00
2026-06-18 16:39:27   [33/45] Processing Query Q33...
2026-06-18 16:39:33     Query Q33 Score: 0.90
2026-06-18 16:39:33   [34/45] Processing Query Q34...
2026-06-18 16:39:38     Query Q34 Score: 1.00
2026-06-18 16:39:38   [35/45] Processing Query Q35...
2026-06-18 16:39:42     Query Q35 Score: 1.00
2026-06-18 16:39:42   [36/45] Processing Query Q36...
2026-06-18 16:39:48     Query Q36 Score: 0.95
2026-06-18 16:39:48   [37/45] Processing Query Q37...
2026-06-18 16:39:54     Query Q37 Score: 0.95
2026-06-18 16:39:54   [38/45] Processing Query Q38...
2026-06-18 16:40:03     Query Q38 Score: 1.00
2026-06-18 16:40:03   [39/45] Processing Query Q39...
2026-06-18 16:40:08     Query Q39 Score: 1.00
2026-06-18 16:40:08   [40/45] Processing Query Q40...
2026-06-18 16:40:13     Query Q40 Score: 1.00
2026-06-18 16:40:13   [41/45] Processing Query Q41...
2026-06-18 16:40:19     Query Q41 Score: 0.90
2026-06-18 16:40:19   [42/45] Processing Query Q42...
2026-06-18 16:40:24     Query Q42 Score: 1.00
2026-06-18 16:40:24   [43/45] Processing Query Q43...
2026-06-18 16:40:29     Query Q43 Score: 1.00
2026-06-18 16:40:29   [44/45] Processing Query Q48...
2026-06-18 16:40:41     Query Q48 Score: 1.00
2026-06-18 16:40:41   [45/45] Processing Query Q49...
2026-06-18 16:40:49     Query Q49 Score: 0.50
2026-06-18 16:40:49 Saved validation results to /home/virtualuser/model_evaluation/autoresearch/archive/run_20260618_134153/outputs/validation_results_iter27_20260618_164049.csv
2026-06-18 16:40:49 Validation run completed. Overall Mean Score: 0.8767
2026-06-18 16:40:49 Candidate Score: 0.8767 (Delta: -0.0433)
2026-06-18 16:40:49 >>> FAILURE: Score did not improve. Discarding changes.
2026-06-18 16:40:49 Iteration #27 logged successfully to experiments.json.
2026-06-18 16:40:49 
2026-06-18 16:40:49 =========================================
2026-06-18 16:40:49 STARTING ITERATION #28
2026-06-18 16:40:49 =========================================
2026-06-18 16:40:49 Current Champion Score: 0.9200
2026-06-18 16:40:49 Failing queries to fix: 18
2026-06-18 16:40:49 Calling Optimizer Agent to refine instructions...
2026-06-18 16:43:02 Starting validation run on 45 queries...
2026-06-18 16:43:02   [1/45] Processing Query Q01...
2026-06-18 16:43:07     Query Q01 Score: 1.00
2026-06-18 16:43:07   [2/45] Processing Query Q02...
2026-06-18 16:43:13     Query Q02 Score: 0.95
2026-06-18 16:43:13   [3/45] Processing Query Q03...
2026-06-18 16:43:18     Query Q03 Score: 1.00
2026-06-18 16:43:18   [4/45] Processing Query Q04...
2026-06-18 16:43:24     Query Q04 Score: 1.00
2026-06-18 16:43:24   [5/45] Processing Query Q05...
2026-06-18 16:43:30     Query Q05 Score: 0.30
2026-06-18 16:43:30   [6/45] Processing Query Q06...
2026-06-18 16:43:36     Query Q06 Score: 0.50
2026-06-18 16:43:36   [7/45] Processing Query Q07...
2026-06-18 16:43:41     Query Q07 Score: 1.00
2026-06-18 16:43:41   [8/45] Processing Query Q08...
2026-06-18 16:43:46     Query Q08 Score: 1.00
2026-06-18 16:43:46   [9/45] Processing Query Q09...
2026-06-18 16:43:55     Query Q09 Score: 0.50
2026-06-18 16:43:55   [10/45] Processing Query Q10...
2026-06-18 16:44:00     Query Q10 Score: 1.00
2026-06-18 16:44:00   [11/45] Processing Query Q11...
2026-06-18 16:44:16     Query Q11 Score: 0.30
2026-06-18 16:44:16   [12/45] Processing Query Q12...
2026-06-18 16:44:21     Query Q12 Score: 1.00
2026-06-18 16:44:21   [13/45] Processing Query Q13...
2026-06-18 16:44:27     Query Q13 Score: 0.30
2026-06-18 16:44:27   [14/45] Processing Query Q14...
2026-06-18 16:44:32     Query Q14 Score: 0.50
2026-06-18 16:44:32   [15/45] Processing Query Q15...
2026-06-18 16:44:38     Query Q15 Score: 0.95
2026-06-18 16:44:38   [16/45] Processing Query Q16...
2026-06-18 16:44:44     Query Q16 Score: 0.75
2026-06-18 16:44:44   [17/45] Processing Query Q17...
2026-06-18 16:44:49     Query Q17 Score: 0.95
2026-06-18 16:44:49   [18/45] Processing Query Q18...
2026-06-18 16:44:54     Query Q18 Score: 0.85
2026-06-18 16:44:54   [19/45] Processing Query Q19...
2026-06-18 16:44:59     Query Q19 Score: 0.95
2026-06-18 16:44:59   [20/45] Processing Query Q20...
2026-06-18 16:45:04     Query Q20 Score: 1.00
2026-06-18 16:45:04   [21/45] Processing Query Q21...
2026-06-18 16:45:20     Query Q21 Score: 0.75
2026-06-18 16:45:20   [22/45] Processing Query Q22...
2026-06-18 16:45:25     Query Q22 Score: 0.95
2026-06-18 16:45:25   [23/45] Processing Query Q23...
2026-06-18 16:45:46     Query Q23 Score: 1.00
2026-06-18 16:45:46   [24/45] Processing Query Q24...
2026-06-18 16:45:51     Query Q24 Score: 0.90
2026-06-18 16:45:51   [25/45] Processing Query Q25...
2026-06-18 16:45:56     Query Q25 Score: 1.00
2026-06-18 16:45:56   [26/45] Processing Query Q26...
2026-06-18 16:46:00     Query Q26 Score: 1.00
2026-06-18 16:46:00   [27/45] Processing Query Q27...
2026-06-18 16:46:05     Query Q27 Score: 0.60
2026-06-18 16:46:05   [28/45] Processing Query Q28...
2026-06-18 16:46:10     Query Q28 Score: 1.00
2026-06-18 16:46:10   [29/45] Processing Query Q29...
2026-06-18 16:46:15     Query Q29 Score: 1.00
2026-06-18 16:46:15   [30/45] Processing Query Q30...
2026-06-18 16:46:21     Query Q30 Score: 1.00
2026-06-18 16:46:21   [31/45] Processing Query Q31...
2026-06-18 16:46:26     Query Q31 Score: 1.00
2026-06-18 16:46:26   [32/45] Processing Query Q32...
2026-06-18 16:46:32     Query Q32 Score: 1.00
2026-06-18 16:46:32   [33/45] Processing Query Q33...
2026-06-18 16:46:38     Query Q33 Score: 1.00
2026-06-18 16:46:38   [34/45] Processing Query Q34...
2026-06-18 16:46:43     Query Q34 Score: 1.00
2026-06-18 16:46:43   [35/45] Processing Query Q35...
2026-06-18 16:46:46     Query Q35 Score: 1.00
2026-06-18 16:46:46   [36/45] Processing Query Q36...
2026-06-18 16:46:52     Query Q36 Score: 0.95
2026-06-18 16:46:52   [37/45] Processing Query Q37...
2026-06-18 16:46:57     Query Q37 Score: 0.95
2026-06-18 16:46:57   [38/45] Processing Query Q38...
2026-06-18 16:47:05     Query Q38 Score: 1.00
2026-06-18 16:47:05   [39/45] Processing Query Q39...
2026-06-18 16:47:09     Query Q39 Score: 1.00
2026-06-18 16:47:09   [40/45] Processing Query Q40...
2026-06-18 16:47:14     Query Q40 Score: 1.00
2026-06-18 16:47:14   [41/45] Processing Query Q41...
2026-06-18 16:47:20     Query Q41 Score: 0.90
2026-06-18 16:47:20   [42/45] Processing Query Q42...
2026-06-18 16:47:25     Query Q42 Score: 0.85
2026-06-18 16:47:25   [43/45] Processing Query Q43...
2026-06-18 16:47:30     Query Q43 Score: 0.50
2026-06-18 16:47:30   [44/45] Processing Query Q48...
2026-06-18 16:47:36     Query Q48 Score: 0.85
2026-06-18 16:47:36   [45/45] Processing Query Q49...
2026-06-18 16:47:44     Query Q49 Score: 0.40
2026-06-18 16:47:44 Saved validation results to /home/virtualuser/model_evaluation/autoresearch/archive/run_20260618_134153/outputs/validation_results_iter28_20260618_164744.csv
2026-06-18 16:47:44 Validation run completed. Overall Mean Score: 0.8533
2026-06-18 16:47:44 Candidate Score: 0.8533 (Delta: -0.0667)
2026-06-18 16:47:44 >>> FAILURE: Score did not improve. Discarding changes.
2026-06-18 16:47:44 Iteration #28 logged successfully to experiments.json.
2026-06-18 16:47:44 
2026-06-18 16:47:44 =========================================
2026-06-18 16:47:44 STARTING ITERATION #29
2026-06-18 16:47:44 =========================================
2026-06-18 16:47:44 Current Champion Score: 0.9200
2026-06-18 16:47:44 Failing queries to fix: 18
2026-06-18 16:47:44 Calling Optimizer Agent to refine instructions...
2026-06-18 16:50:05 Starting validation run on 45 queries...
2026-06-18 16:50:05   [1/45] Processing Query Q01...
2026-06-18 16:50:11     Query Q01 Score: 1.00
2026-06-18 16:50:11   [2/45] Processing Query Q02...
2026-06-18 16:50:16     Query Q02 Score: 0.85
2026-06-18 16:50:16   [3/45] Processing Query Q03...
2026-06-18 16:50:21     Query Q03 Score: 1.00
2026-06-18 16:50:21   [4/45] Processing Query Q04...
2026-06-18 16:50:27     Query Q04 Score: 1.00
2026-06-18 16:50:27   [5/45] Processing Query Q05...
2026-06-18 16:50:34     Query Q05 Score: 0.30
2026-06-18 16:50:34   [6/45] Processing Query Q06...
2026-06-18 16:50:39     Query Q06 Score: 1.00
2026-06-18 16:50:39   [7/45] Processing Query Q07...
2026-06-18 16:50:44     Query Q07 Score: 1.00
2026-06-18 16:50:44   [8/45] Processing Query Q08...
2026-06-18 16:50:49     Query Q08 Score: 1.00
2026-06-18 16:50:49   [9/45] Processing Query Q09...
2026-06-18 16:50:59     Query Q09 Score: 0.40
2026-06-18 16:50:59   [10/45] Processing Query Q10...
2026-06-18 16:51:04     Query Q10 Score: 1.00
2026-06-18 16:51:04   [11/45] Processing Query Q11...
2026-06-18 16:51:12     Query Q11 Score: 0.30
2026-06-18 16:51:12   [12/45] Processing Query Q12...
2026-06-18 16:51:16     Query Q12 Score: 1.00
2026-06-18 16:51:16   [13/45] Processing Query Q13...
2026-06-18 16:51:22     Query Q13 Score: 1.00
2026-06-18 16:51:22   [14/45] Processing Query Q14...
2026-06-18 16:51:26     Query Q14 Score: 0.50
2026-06-18 16:51:26   [15/45] Processing Query Q15...
2026-06-18 16:51:33     Query Q15 Score: 0.95
2026-06-18 16:51:33   [16/45] Processing Query Q16...
2026-06-18 16:51:38     Query Q16 Score: 0.75
2026-06-18 16:51:38   [17/45] Processing Query Q17...
2026-06-18 16:51:43     Query Q17 Score: 1.00
2026-06-18 16:51:43   [18/45] Processing Query Q18...
2026-06-18 16:51:48     Query Q18 Score: 1.00
2026-06-18 16:51:48   [19/45] Processing Query Q19...
2026-06-18 16:51:53     Query Q19 Score: 0.95
2026-06-18 16:51:53   [20/45] Processing Query Q20...
2026-06-18 16:51:58     Query Q20 Score: 0.95
2026-06-18 16:51:58   [21/45] Processing Query Q21...
2026-06-18 16:52:03     Query Q21 Score: 1.00
2026-06-18 16:52:03   [22/45] Processing Query Q22...
2026-06-18 16:52:08     Query Q22 Score: 0.95
2026-06-18 16:52:08   [23/45] Processing Query Q23...
2026-06-18 16:52:30     Query Q23 Score: 0.30
2026-06-18 16:52:30   [24/45] Processing Query Q24...
2026-06-18 16:52:35     Query Q24 Score: 0.90
2026-06-18 16:52:35   [25/45] Processing Query Q25...
2026-06-18 16:52:40     Query Q25 Score: 1.00
2026-06-18 16:52:40   [26/45] Processing Query Q26...
2026-06-18 16:52:44     Query Q26 Score: 1.00
2026-06-18 16:52:44   [27/45] Processing Query Q27...
2026-06-18 16:52:49     Query Q27 Score: 0.60
2026-06-18 16:52:49   [28/45] Processing Query Q28...
2026-06-18 16:52:53     Query Q28 Score: 1.00
2026-06-18 16:52:53   [29/45] Processing Query Q29...
2026-06-18 16:52:59     Query Q29 Score: 1.00
2026-06-18 16:52:59   [30/45] Processing Query Q30...
2026-06-18 16:53:04     Query Q30 Score: 1.00
2026-06-18 16:53:04   [31/45] Processing Query Q31...
2026-06-18 16:53:09     Query Q31 Score: 1.00
2026-06-18 16:53:09   [32/45] Processing Query Q32...
2026-06-18 16:53:15     Query Q32 Score: 1.00
2026-06-18 16:53:15   [33/45] Processing Query Q33...
2026-06-18 16:53:21     Query Q33 Score: 1.00
2026-06-18 16:53:21   [34/45] Processing Query Q34...
2026-06-18 16:53:26     Query Q34 Score: 1.00
2026-06-18 16:53:26   [35/45] Processing Query Q35...
2026-06-18 16:53:30     Query Q35 Score: 1.00
2026-06-18 16:53:30   [36/45] Processing Query Q36...
2026-06-18 16:53:35     Query Q36 Score: 0.95
2026-06-18 16:53:35   [37/45] Processing Query Q37...
2026-06-18 16:53:41     Query Q37 Score: 0.95
2026-06-18 16:53:41   [38/45] Processing Query Q38...
2026-06-18 16:53:50     Query Q38 Score: 1.00
2026-06-18 16:53:50   [39/45] Processing Query Q39...
2026-06-18 16:53:54     Query Q39 Score: 1.00
2026-06-18 16:53:54   [40/45] Processing Query Q40...
2026-06-18 16:53:59     Query Q40 Score: 1.00
2026-06-18 16:53:59   [41/45] Processing Query Q41...
2026-06-18 16:54:05     Query Q41 Score: 0.90
2026-06-18 16:54:05   [42/45] Processing Query Q42...
2026-06-18 16:54:10     Query Q42 Score: 0.95
2026-06-18 16:54:10   [43/45] Processing Query Q43...
2026-06-18 16:54:15     Query Q43 Score: 0.70
2026-06-18 16:54:15   [44/45] Processing Query Q48...
2026-06-18 16:54:21     Query Q48 Score: 1.00
2026-06-18 16:54:21   [45/45] Processing Query Q49...
2026-06-18 16:54:27     Query Q49 Score: 0.75
2026-06-18 16:54:27 Saved validation results to /home/virtualuser/model_evaluation/autoresearch/archive/run_20260618_134153/outputs/validation_results_iter29_20260618_165427.csv
2026-06-18 16:54:27 Validation run completed. Overall Mean Score: 0.8867
2026-06-18 16:54:27 Candidate Score: 0.8867 (Delta: -0.0333)
2026-06-18 16:54:27 >>> FAILURE: Score did not improve. Discarding changes.
2026-06-18 16:54:27 Iteration #29 logged successfully to experiments.json.
2026-06-18 16:54:27 
2026-06-18 16:54:27 =========================================
2026-06-18 16:54:27 STARTING ITERATION #30
2026-06-18 16:54:27 =========================================
2026-06-18 16:54:27 Current Champion Score: 0.9200
2026-06-18 16:54:27 Failing queries to fix: 18
2026-06-18 16:54:27 Calling Optimizer Agent to refine instructions...
2026-06-18 16:56:50 Starting validation run on 45 queries...
2026-06-18 16:56:50   [1/45] Processing Query Q01...
2026-06-18 16:56:55     Query Q01 Score: 1.00
2026-06-18 16:56:55   [2/45] Processing Query Q02...
2026-06-18 16:57:01     Query Q02 Score: 0.85
2026-06-18 16:57:01   [3/45] Processing Query Q03...
2026-06-18 16:57:06     Query Q03 Score: 1.00
2026-06-18 16:57:06   [4/45] Processing Query Q04...
2026-06-18 16:57:11     Query Q04 Score: 1.00
2026-06-18 16:57:11   [5/45] Processing Query Q05...
2026-06-18 16:57:18     Query Q05 Score: 0.40
2026-06-18 16:57:18   [6/45] Processing Query Q06...
2026-06-18 16:57:23     Query Q06 Score: 1.00
2026-06-18 16:57:23   [7/45] Processing Query Q07...
2026-06-18 16:57:28     Query Q07 Score: 1.00
2026-06-18 16:57:28   [8/45] Processing Query Q08...
2026-06-18 16:57:33     Query Q08 Score: 1.00
2026-06-18 16:57:33   [9/45] Processing Query Q09...
2026-06-18 16:57:40     Query Q09 Score: 0.60
2026-06-18 16:57:40   [10/45] Processing Query Q10...
2026-06-18 16:57:45     Query Q10 Score: 1.00
2026-06-18 16:57:45   [11/45] Processing Query Q11...
2026-06-18 16:57:53     Query Q11 Score: 0.40
2026-06-18 16:57:53   [12/45] Processing Query Q12...
2026-06-18 16:57:58     Query Q12 Score: 1.00
2026-06-18 16:57:58   [13/45] Processing Query Q13...
2026-06-18 16:58:04     Query Q13 Score: 0.50
2026-06-18 16:58:04   [14/45] Processing Query Q14...
2026-06-18 16:58:08     Query Q14 Score: 0.50
2026-06-18 16:58:08   [15/45] Processing Query Q15...
2026-06-18 16:58:15     Query Q15 Score: 0.95
2026-06-18 16:58:15   [16/45] Processing Query Q16...
2026-06-18 16:58:20     Query Q16 Score: 0.75
2026-06-18 16:58:20   [17/45] Processing Query Q17...
2026-06-18 16:58:25     Query Q17 Score: 1.00
2026-06-18 16:58:25   [18/45] Processing Query Q18...
2026-06-18 16:58:30     Query Q18 Score: 1.00
2026-06-18 16:58:30   [19/45] Processing Query Q19...
2026-06-18 16:58:35     Query Q19 Score: 0.50
2026-06-18 16:58:35   [20/45] Processing Query Q20...
2026-06-18 16:58:41     Query Q20 Score: 0.85
2026-06-18 16:58:41   [21/45] Processing Query Q21...
2026-06-18 16:58:46     Query Q21 Score: 1.00
2026-06-18 16:58:46   [22/45] Processing Query Q22...
2026-06-18 16:58:51     Query Q22 Score: 0.95
2026-06-18 16:58:51   [23/45] Processing Query Q23...
2026-06-18 16:59:20     Query Q23 Score: 0.95
2026-06-18 16:59:20   [24/45] Processing Query Q24...
2026-06-18 16:59:24     Query Q24 Score: 0.50
2026-06-18 16:59:24   [25/45] Processing Query Q25...
2026-06-18 16:59:29     Query Q25 Score: 1.00
2026-06-18 16:59:29   [26/45] Processing Query Q26...
2026-06-18 16:59:33     Query Q26 Score: 1.00
2026-06-18 16:59:33   [27/45] Processing Query Q27...
2026-06-18 16:59:38     Query Q27 Score: 0.60
2026-06-18 16:59:38   [28/45] Processing Query Q28...
2026-06-18 16:59:43     Query Q28 Score: 1.00
2026-06-18 16:59:43   [29/45] Processing Query Q29...
2026-06-18 16:59:47     Query Q29 Score: 0.50
2026-06-18 16:59:47   [30/45] Processing Query Q30...
2026-06-18 16:59:53     Query Q30 Score: 1.00
2026-06-18 16:59:53   [31/45] Processing Query Q31...
2026-06-18 16:59:58     Query Q31 Score: 1.00
2026-06-18 16:59:58   [32/45] Processing Query Q32...
2026-06-18 17:00:04     Query Q32 Score: 1.00
2026-06-18 17:00:04   [33/45] Processing Query Q33...
2026-06-18 17:00:16     Query Q33 Score: 1.00
2026-06-18 17:00:16   [34/45] Processing Query Q34...
2026-06-18 17:00:21     Query Q34 Score: 1.00
2026-06-18 17:00:21   [35/45] Processing Query Q35...
2026-06-18 17:00:25     Query Q35 Score: 1.00
2026-06-18 17:00:25   [36/45] Processing Query Q36...
2026-06-18 17:00:31     Query Q36 Score: 0.95
2026-06-18 17:00:31   [37/45] Processing Query Q37...
2026-06-18 17:00:36     Query Q37 Score: 1.00
2026-06-18 17:00:36   [38/45] Processing Query Q38...
2026-06-18 17:00:47     Query Q38 Score: 1.00
2026-06-18 17:00:47   [39/45] Processing Query Q39...
2026-06-18 17:00:51     Query Q39 Score: 1.00
2026-06-18 17:00:51   [40/45] Processing Query Q40...
2026-06-18 17:00:56     Query Q40 Score: 1.00
2026-06-18 17:00:56   [41/45] Processing Query Q41...
2026-06-18 17:01:02     Query Q41 Score: 0.90
2026-06-18 17:01:02   [42/45] Processing Query Q42...
2026-06-18 17:01:07     Query Q42 Score: 0.95
2026-06-18 17:01:07   [43/45] Processing Query Q43...
2026-06-18 17:01:12     Query Q43 Score: 1.00
2026-06-18 17:01:12   [44/45] Processing Query Q48...
2026-06-18 17:01:19     Query Q48 Score: 0.85
2026-06-18 17:01:19   [45/45] Processing Query Q49...
2026-06-18 17:01:27     Query Q49 Score: 0.75
2026-06-18 17:01:27 Saved validation results to /home/virtualuser/model_evaluation/autoresearch/archive/run_20260618_134153/outputs/validation_results_iter30_20260618_170127.csv
2026-06-18 17:01:27 Validation run completed. Overall Mean Score: 0.8711
2026-06-18 17:01:27 Candidate Score: 0.8711 (Delta: -0.0489)
2026-06-18 17:01:27 >>> FAILURE: Score did not improve. Discarding changes.
2026-06-18 17:01:27 Iteration #30 logged successfully to experiments.json.
2026-06-18 17:01:27 
2026-06-18 17:01:27 =========================================
2026-06-18 17:01:27 STARTING ITERATION #31
2026-06-18 17:01:27 =========================================
2026-06-18 17:01:27 Current Champion Score: 0.9200
2026-06-18 17:01:27 Failing queries to fix: 18
2026-06-18 17:01:27 Calling Optimizer Agent to refine instructions...
2026-06-18 17:03:39 Starting validation run on 45 queries...
2026-06-18 17:03:39   [1/45] Processing Query Q01...
2026-06-18 17:03:44     Query Q01 Score: 1.00
2026-06-18 17:03:44   [2/45] Processing Query Q02...
2026-06-18 17:03:49     Query Q02 Score: 0.85
2026-06-18 17:03:49   [3/45] Processing Query Q03...
2026-06-18 17:03:54     Query Q03 Score: 1.00
2026-06-18 17:03:54   [4/45] Processing Query Q04...
2026-06-18 17:04:00     Query Q04 Score: 1.00
2026-06-18 17:04:00   [5/45] Processing Query Q05...
2026-06-18 17:04:06     Query Q05 Score: 0.30
2026-06-18 17:04:06   [6/45] Processing Query Q06...
2026-06-18 17:04:11     Query Q06 Score: 1.00
2026-06-18 17:04:11   [7/45] Processing Query Q07...
2026-06-18 17:04:16     Query Q07 Score: 1.00
2026-06-18 17:04:16   [8/45] Processing Query Q08...
2026-06-18 17:04:21     Query Q08 Score: 1.00
2026-06-18 17:04:21   [9/45] Processing Query Q09...
2026-06-18 17:04:30     Query Q09 Score: 0.40
2026-06-18 17:04:30   [10/45] Processing Query Q10...
2026-06-18 17:04:36     Query Q10 Score: 1.00
2026-06-18 17:04:36   [11/45] Processing Query Q11...
2026-06-18 17:04:43     Query Q11 Score: 0.30
2026-06-18 17:04:43   [12/45] Processing Query Q12...
2026-06-18 17:04:47     Query Q12 Score: 1.00
2026-06-18 17:04:47   [13/45] Processing Query Q13...
2026-06-18 17:04:53     Query Q13 Score: 0.95
2026-06-18 17:04:53   [14/45] Processing Query Q14...
2026-06-18 17:04:58     Query Q14 Score: 0.50
2026-06-18 17:04:58   [15/45] Processing Query Q15...
2026-06-18 17:05:04     Query Q15 Score: 1.00
2026-06-18 17:05:04   [16/45] Processing Query Q16...
2026-06-18 17:05:10     Query Q16 Score: 0.50
2026-06-18 17:05:10   [17/45] Processing Query Q17...
2026-06-18 17:05:14     Query Q17 Score: 1.00
2026-06-18 17:05:14   [18/45] Processing Query Q18...
2026-06-18 17:05:19     Query Q18 Score: 1.00
2026-06-18 17:05:19   [19/45] Processing Query Q19...
2026-06-18 17:05:24     Query Q19 Score: 0.95
2026-06-18 17:05:24   [20/45] Processing Query Q20...
2026-06-18 17:05:29     Query Q20 Score: 0.95
2026-06-18 17:05:29   [21/45] Processing Query Q21...
2026-06-18 17:05:34     Query Q21 Score: 1.00
2026-06-18 17:05:34   [22/45] Processing Query Q22...
2026-06-18 17:05:39     Query Q22 Score: 0.95
2026-06-18 17:05:39   [23/45] Processing Query Q23...
2026-06-18 17:06:08     Query Q23 Score: 1.00
2026-06-18 17:06:08   [24/45] Processing Query Q24...
2026-06-18 17:06:13     Query Q24 Score: 0.90
2026-06-18 17:06:13   [25/45] Processing Query Q25...
2026-06-18 17:06:18     Query Q25 Score: 1.00
2026-06-18 17:06:18   [26/45] Processing Query Q26...
2026-06-18 17:06:22     Query Q26 Score: 1.00
2026-06-18 17:06:22   [27/45] Processing Query Q27...
2026-06-18 17:06:27     Query Q27 Score: 0.60
2026-06-18 17:06:27   [28/45] Processing Query Q28...
2026-06-18 17:06:31     Query Q28 Score: 1.00
2026-06-18 17:06:31   [29/45] Processing Query Q29...
2026-06-18 17:06:36     Query Q29 Score: 0.50
2026-06-18 17:06:36   [30/45] Processing Query Q30...
2026-06-18 17:06:41     Query Q30 Score: 1.00
2026-06-18 17:06:41   [31/45] Processing Query Q31...
2026-06-18 17:06:46     Query Q31 Score: 1.00
2026-06-18 17:06:46   [32/45] Processing Query Q32...
2026-06-18 17:06:52     Query Q32 Score: 1.00
2026-06-18 17:06:52   [33/45] Processing Query Q33...
2026-06-18 17:06:58     Query Q33 Score: 0.90
2026-06-18 17:06:58   [34/45] Processing Query Q34...
2026-06-18 17:07:03     Query Q34 Score: 1.00
2026-06-18 17:07:03   [35/45] Processing Query Q35...
2026-06-18 17:07:06     Query Q35 Score: 1.00
2026-06-18 17:07:06   [36/45] Processing Query Q36...
2026-06-18 17:07:12     Query Q36 Score: 1.00
2026-06-18 17:07:12   [37/45] Processing Query Q37...
2026-06-18 17:07:17     Query Q37 Score: 0.50
2026-06-18 17:07:17   [38/45] Processing Query Q38...
2026-06-18 17:07:22     Query Q38 Score: 0.60
2026-06-18 17:07:22   [39/45] Processing Query Q39...
2026-06-18 17:07:27     Query Q39 Score: 1.00
2026-06-18 17:07:27   [40/45] Processing Query Q40...
2026-06-18 17:07:32     Query Q40 Score: 1.00
2026-06-18 17:07:32   [41/45] Processing Query Q41...
2026-06-18 17:07:37     Query Q41 Score: 0.90
2026-06-18 17:07:37   [42/45] Processing Query Q42...
2026-06-18 17:07:42     Query Q42 Score: 0.95
2026-06-18 17:07:42   [43/45] Processing Query Q43...
2026-06-18 17:07:47     Query Q43 Score: 0.50
2026-06-18 17:07:47   [44/45] Processing Query Q48...
2026-06-18 17:07:54     Query Q48 Score: 0.85
2026-06-18 17:07:54   [45/45] Processing Query Q49...
2026-06-18 17:08:01     Query Q49 Score: 0.30
2026-06-18 17:08:01 Saved validation results to /home/virtualuser/model_evaluation/autoresearch/archive/run_20260618_134153/outputs/validation_results_iter31_20260618_170801.csv
2026-06-18 17:08:01 Validation run completed. Overall Mean Score: 0.8478
2026-06-18 17:08:01 Candidate Score: 0.8478 (Delta: -0.0722)
2026-06-18 17:08:01 >>> FAILURE: Score did not improve. Discarding changes.
2026-06-18 17:08:01 Iteration #31 logged successfully to experiments.json.
2026-06-18 17:08:01 
2026-06-18 17:08:01 =========================================
2026-06-18 17:08:01 STARTING ITERATION #32
2026-06-18 17:08:01 =========================================
2026-06-18 17:08:01 Current Champion Score: 0.9200
2026-06-18 17:08:01 Failing queries to fix: 18
2026-06-18 17:08:01 Calling Optimizer Agent to refine instructions...
2026-06-18 17:10:25 Starting validation run on 45 queries...
2026-06-18 17:10:25   [1/45] Processing Query Q01...
2026-06-18 17:10:30     Query Q01 Score: 1.00
2026-06-18 17:10:30   [2/45] Processing Query Q02...
2026-06-18 17:10:35     Query Q02 Score: 0.75
2026-06-18 17:10:35   [3/45] Processing Query Q03...
2026-06-18 17:10:40     Query Q03 Score: 1.00
2026-06-18 17:10:40   [4/45] Processing Query Q04...
2026-06-18 17:10:46     Query Q04 Score: 1.00
2026-06-18 17:10:46   [5/45] Processing Query Q05...
2026-06-18 17:10:52     Query Q05 Score: 0.40
2026-06-18 17:10:52   [6/45] Processing Query Q06...
2026-06-18 17:10:59     Query Q06 Score: 0.50
2026-06-18 17:10:59   [7/45] Processing Query Q07...
2026-06-18 17:11:04     Query Q07 Score: 1.00
2026-06-18 17:11:04   [8/45] Processing Query Q08...
2026-06-18 17:11:09     Query Q08 Score: 1.00
2026-06-18 17:11:09   [9/45] Processing Query Q09...
2026-06-18 17:11:18     Query Q09 Score: 1.00
2026-06-18 17:11:18   [10/45] Processing Query Q10...
2026-06-18 17:11:24     Query Q10 Score: 1.00
2026-06-18 17:11:24   [11/45] Processing Query Q11...
2026-06-18 17:11:31     Query Q11 Score: 0.40
2026-06-18 17:11:31   [12/45] Processing Query Q12...
2026-06-18 17:11:36     Query Q12 Score: 1.00
2026-06-18 17:11:36   [13/45] Processing Query Q13...
2026-06-18 17:11:41     Query Q13 Score: 0.95
2026-06-18 17:11:41   [14/45] Processing Query Q14...
2026-06-18 17:11:46     Query Q14 Score: 0.85
2026-06-18 17:11:46   [15/45] Processing Query Q15...
2026-06-18 17:11:52     Query Q15 Score: 0.95
2026-06-18 17:11:52   [16/45] Processing Query Q16...
2026-06-18 17:12:01     Query Q16 Score: 1.00
2026-06-18 17:12:01   [17/45] Processing Query Q17...
2026-06-18 17:12:06     Query Q17 Score: 1.00
2026-06-18 17:12:06   [18/45] Processing Query Q18...
2026-06-18 17:12:11     Query Q18 Score: 1.00
2026-06-18 17:12:11   [19/45] Processing Query Q19...
2026-06-18 17:12:16     Query Q19 Score: 0.95
2026-06-18 17:12:16   [20/45] Processing Query Q20...
2026-06-18 17:12:21     Query Q20 Score: 0.95
2026-06-18 17:12:21   [21/45] Processing Query Q21...
2026-06-18 17:12:26     Query Q21 Score: 1.00
2026-06-18 17:12:26   [22/45] Processing Query Q22...
2026-06-18 17:12:31     Query Q22 Score: 0.95
2026-06-18 17:12:31   [23/45] Processing Query Q23...
2026-06-18 17:13:00     Query Q23 Score: 0.40
2026-06-18 17:13:00   [24/45] Processing Query Q24...
2026-06-18 17:13:05     Query Q24 Score: 0.90
2026-06-18 17:13:05   [25/45] Processing Query Q25...
2026-06-18 17:13:09     Query Q25 Score: 1.00
2026-06-18 17:13:09   [26/45] Processing Query Q26...
2026-06-18 17:13:14     Query Q26 Score: 1.00
2026-06-18 17:13:14   [27/45] Processing Query Q27...
2026-06-18 17:13:18     Query Q27 Score: 0.60
2026-06-18 17:13:18   [28/45] Processing Query Q28...
2026-06-18 17:13:23     Query Q28 Score: 1.00
2026-06-18 17:13:23   [29/45] Processing Query Q29...
2026-06-18 17:13:28     Query Q29 Score: 0.50
2026-06-18 17:13:28   [30/45] Processing Query Q30...
2026-06-18 17:13:33     Query Q30 Score: 1.00
2026-06-18 17:13:33   [31/45] Processing Query Q31...
2026-06-18 17:13:38     Query Q31 Score: 1.00
2026-06-18 17:13:38   [32/45] Processing Query Q32...
2026-06-18 17:13:44     Query Q32 Score: 1.00
2026-06-18 17:13:44   [33/45] Processing Query Q33...
2026-06-18 17:13:50     Query Q33 Score: 1.00
2026-06-18 17:13:50   [34/45] Processing Query Q34...
2026-06-18 17:13:55     Query Q34 Score: 1.00
2026-06-18 17:13:55   [35/45] Processing Query Q35...
2026-06-18 17:13:59     Query Q35 Score: 1.00
2026-06-18 17:13:59   [36/45] Processing Query Q36...
2026-06-18 17:14:04     Query Q36 Score: 0.95
2026-06-18 17:14:04   [37/45] Processing Query Q37...
2026-06-18 17:14:09     Query Q37 Score: 1.00
2026-06-18 17:14:09   [38/45] Processing Query Q38...
2026-06-18 17:14:17     Query Q38 Score: 1.00
2026-06-18 17:14:17   [39/45] Processing Query Q39...
2026-06-18 17:14:22     Query Q39 Score: 1.00
2026-06-18 17:14:22   [40/45] Processing Query Q40...
2026-06-18 17:14:27     Query Q40 Score: 1.00
2026-06-18 17:14:27   [41/45] Processing Query Q41...
2026-06-18 17:14:33     Query Q41 Score: 0.90
2026-06-18 17:14:33   [42/45] Processing Query Q42...
2026-06-18 17:14:38     Query Q42 Score: 0.95
2026-06-18 17:14:38   [43/45] Processing Query Q43...
2026-06-18 17:14:45     Query Q43 Score: 1.00
2026-06-18 17:14:45   [44/45] Processing Query Q48...
2026-06-18 17:14:51     Query Q48 Score: 0.85
2026-06-18 17:14:51   [45/45] Processing Query Q49...
2026-06-18 17:14:57     Query Q49 Score: 0.65
2026-06-18 17:14:57 Saved validation results to /home/virtualuser/model_evaluation/autoresearch/archive/run_20260618_134153/outputs/validation_results_iter32_20260618_171457.csv
2026-06-18 17:14:57 Validation run completed. Overall Mean Score: 0.8967
2026-06-18 17:14:57 Candidate Score: 0.8967 (Delta: -0.0233)
2026-06-18 17:14:57 >>> FAILURE: Score did not improve. Discarding changes.
2026-06-18 17:14:57 Iteration #32 logged successfully to experiments.json.
2026-06-18 17:14:57 
2026-06-18 17:14:57 =========================================
2026-06-18 17:14:57 STARTING ITERATION #33
2026-06-18 17:14:57 =========================================
2026-06-18 17:14:57 Current Champion Score: 0.9200
2026-06-18 17:14:57 Failing queries to fix: 18
2026-06-18 17:14:57 Calling Optimizer Agent to refine instructions...
2026-06-18 17:17:15 Starting validation run on 45 queries...
2026-06-18 17:17:15   [1/45] Processing Query Q01...
2026-06-18 17:17:21     Query Q01 Score: 1.00
2026-06-18 17:17:21   [2/45] Processing Query Q02...
2026-06-18 17:17:26     Query Q02 Score: 0.85
2026-06-18 17:17:26   [3/45] Processing Query Q03...
2026-06-18 17:17:31     Query Q03 Score: 1.00
2026-06-18 17:17:31   [4/45] Processing Query Q04...
2026-06-18 17:17:37     Query Q04 Score: 1.00
2026-06-18 17:17:37   [5/45] Processing Query Q05...
2026-06-18 17:17:42     Query Q05 Score: 0.30
2026-06-18 17:17:42   [6/45] Processing Query Q06...
2026-06-18 17:17:48     Query Q06 Score: 1.00
2026-06-18 17:17:48   [7/45] Processing Query Q07...
2026-06-18 17:17:54     Query Q07 Score: 1.00
2026-06-18 17:17:54   [8/45] Processing Query Q08...
2026-06-18 17:17:59     Query Q08 Score: 1.00
2026-06-18 17:17:59   [9/45] Processing Query Q09...
2026-06-18 17:18:07     Query Q09 Score: 0.40
2026-06-18 17:18:07   [10/45] Processing Query Q10...
2026-06-18 17:18:13     Query Q10 Score: 1.00
2026-06-18 17:18:13   [11/45] Processing Query Q11...
2026-06-18 17:18:21     Query Q11 Score: 0.60
2026-06-18 17:18:21   [12/45] Processing Query Q12...
2026-06-18 17:18:25     Query Q12 Score: 1.00
2026-06-18 17:18:25   [13/45] Processing Query Q13...
2026-06-18 17:18:32     Query Q13 Score: 0.40
2026-06-18 17:18:32   [14/45] Processing Query Q14...
2026-06-18 17:18:36     Query Q14 Score: 0.85
2026-06-18 17:18:36   [15/45] Processing Query Q15...
2026-06-18 17:18:42     Query Q15 Score: 0.95
2026-06-18 17:18:42   [16/45] Processing Query Q16...
2026-06-18 17:18:48     Query Q16 Score: 0.75
2026-06-18 17:18:48   [17/45] Processing Query Q17...
2026-06-18 17:18:53     Query Q17 Score: 1.00
2026-06-18 17:18:53   [18/45] Processing Query Q18...
2026-06-18 17:18:58     Query Q18 Score: 1.00
2026-06-18 17:18:58   [19/45] Processing Query Q19...
2026-06-18 17:19:02     Query Q19 Score: 0.95
2026-06-18 17:19:02   [20/45] Processing Query Q20...
2026-06-18 17:19:09     Query Q20 Score: 0.85
2026-06-18 17:19:09   [21/45] Processing Query Q21...
2026-06-18 17:19:13     Query Q21 Score: 1.00
2026-06-18 17:19:13   [22/45] Processing Query Q22...
2026-06-18 17:19:18     Query Q22 Score: 1.00
2026-06-18 17:19:18   [23/45] Processing Query Q23...
2026-06-18 17:19:47     Query Q23 Score: 1.00
2026-06-18 17:19:47   [24/45] Processing Query Q24...
2026-06-18 17:19:52     Query Q24 Score: 0.90
2026-06-18 17:19:52   [25/45] Processing Query Q25...
2026-06-18 17:19:57     Query Q25 Score: 1.00
2026-06-18 17:19:57   [26/45] Processing Query Q26...
2026-06-18 17:20:01     Query Q26 Score: 1.00
2026-06-18 17:20:01   [27/45] Processing Query Q27...
2026-06-18 17:20:06     Query Q27 Score: 0.60
2026-06-18 17:20:06   [28/45] Processing Query Q28...
2026-06-18 17:20:11     Query Q28 Score: 1.00
2026-06-18 17:20:11   [29/45] Processing Query Q29...
2026-06-18 17:20:16     Query Q29 Score: 0.50
2026-06-18 17:20:16   [30/45] Processing Query Q30...
2026-06-18 17:20:21     Query Q30 Score: 1.00
2026-06-18 17:20:21   [31/45] Processing Query Q31...
2026-06-18 17:20:26     Query Q31 Score: 1.00
2026-06-18 17:20:26   [32/45] Processing Query Q32...
2026-06-18 17:20:32     Query Q32 Score: 1.00
2026-06-18 17:20:32   [33/45] Processing Query Q33...
2026-06-18 17:20:38     Query Q33 Score: 1.00
2026-06-18 17:20:38   [34/45] Processing Query Q34...
2026-06-18 17:20:43     Query Q34 Score: 1.00
2026-06-18 17:20:43   [35/45] Processing Query Q35...
2026-06-18 17:20:46     Query Q35 Score: 1.00
2026-06-18 17:20:46   [36/45] Processing Query Q36...
2026-06-18 17:20:52     Query Q36 Score: 0.95
2026-06-18 17:20:52   [37/45] Processing Query Q37...
2026-06-18 17:20:57     Query Q37 Score: 0.50
2026-06-18 17:20:57   [38/45] Processing Query Q38...
2026-06-18 17:21:04     Query Q38 Score: 1.00
2026-06-18 17:21:04   [39/45] Processing Query Q39...
2026-06-18 17:21:09     Query Q39 Score: 1.00
2026-06-18 17:21:09   [40/45] Processing Query Q40...
2026-06-18 17:21:14     Query Q40 Score: 1.00
2026-06-18 17:21:14   [41/45] Processing Query Q41...
2026-06-18 17:21:19     Query Q41 Score: 0.90
2026-06-18 17:21:19   [42/45] Processing Query Q42...
2026-06-18 17:21:24     Query Q42 Score: 0.95
2026-06-18 17:21:24   [43/45] Processing Query Q43...
2026-06-18 17:21:29     Query Q43 Score: 1.00
2026-06-18 17:21:29   [44/45] Processing Query Q48...
2026-06-18 17:21:38     Query Q48 Score: 1.00
2026-06-18 17:21:38   [45/45] Processing Query Q49...
2026-06-18 17:21:54     Query Q49 Score: 0.60
2026-06-18 17:21:54 Saved validation results to /home/virtualuser/model_evaluation/autoresearch/archive/run_20260618_134153/outputs/validation_results_iter33_20260618_172154.csv
2026-06-18 17:21:54 Validation run completed. Overall Mean Score: 0.8844
2026-06-18 17:21:54 Candidate Score: 0.8844 (Delta: -0.0356)
2026-06-18 17:21:54 >>> FAILURE: Score did not improve. Discarding changes.
2026-06-18 17:21:54 Iteration #33 logged successfully to experiments.json.
2026-06-18 17:21:54 
2026-06-18 17:21:54 =========================================
2026-06-18 17:21:54 STARTING ITERATION #34
2026-06-18 17:21:54 =========================================
2026-06-18 17:21:54 Current Champion Score: 0.9200
2026-06-18 17:21:54 Failing queries to fix: 18
2026-06-18 17:21:54 Calling Optimizer Agent to refine instructions...
2026-06-18 17:24:20 Starting validation run on 45 queries...
2026-06-18 17:24:20   [1/45] Processing Query Q01...
2026-06-18 17:24:25     Query Q01 Score: 1.00
2026-06-18 17:24:25   [2/45] Processing Query Q02...
2026-06-18 17:24:31     Query Q02 Score: 0.85
2026-06-18 17:24:31   [3/45] Processing Query Q03...
2026-06-18 17:24:36     Query Q03 Score: 1.00
2026-06-18 17:24:36   [4/45] Processing Query Q04...
2026-06-18 17:24:42     Query Q04 Score: 1.00
2026-06-18 17:24:42   [5/45] Processing Query Q05...
2026-06-18 17:24:48     Query Q05 Score: 0.40
2026-06-18 17:24:48   [6/45] Processing Query Q06...
2026-06-18 17:24:56     Query Q06 Score: 1.00
2026-06-18 17:24:56   [7/45] Processing Query Q07...
2026-06-18 17:25:01     Query Q07 Score: 1.00
2026-06-18 17:25:01   [8/45] Processing Query Q08...
2026-06-18 17:25:06     Query Q08 Score: 1.00
2026-06-18 17:25:06   [9/45] Processing Query Q09...
2026-06-18 17:25:16     Query Q09 Score: 1.00
2026-06-18 17:25:16   [10/45] Processing Query Q10...
2026-06-18 17:25:22     Query Q10 Score: 1.00
2026-06-18 17:25:22   [11/45] Processing Query Q11...
2026-06-18 17:25:31     Query Q11 Score: 0.20
2026-06-18 17:25:31   [12/45] Processing Query Q12...
2026-06-18 17:25:35     Query Q12 Score: 1.00
2026-06-18 17:25:35   [13/45] Processing Query Q13...
2026-06-18 17:25:41     Query Q13 Score: 0.50
2026-06-18 17:25:41   [14/45] Processing Query Q14...
2026-06-18 17:25:45     Query Q14 Score: 0.50
2026-06-18 17:25:45   [15/45] Processing Query Q15...
2026-06-18 17:25:52     Query Q15 Score: 0.95
2026-06-18 17:25:52   [16/45] Processing Query Q16...
2026-06-18 17:26:07     Query Q16 Score: 1.00
2026-06-18 17:26:07   [17/45] Processing Query Q17...
2026-06-18 17:26:12     Query Q17 Score: 1.00
2026-06-18 17:26:12   [18/45] Processing Query Q18...
2026-06-18 17:26:17     Query Q18 Score: 1.00
2026-06-18 17:26:17   [19/45] Processing Query Q19...
2026-06-18 17:26:22     Query Q19 Score: 0.95
2026-06-18 17:26:22   [20/45] Processing Query Q20...
2026-06-18 17:26:27     Query Q20 Score: 1.00
2026-06-18 17:26:27   [21/45] Processing Query Q21...
2026-06-18 17:26:32     Query Q21 Score: 1.00
2026-06-18 17:26:32   [22/45] Processing Query Q22...
2026-06-18 17:26:37     Query Q22 Score: 0.95
2026-06-18 17:26:37   [23/45] Processing Query Q23...
2026-06-18 17:27:00     Query Q23 Score: 0.30
2026-06-18 17:27:00   [24/45] Processing Query Q24...
2026-06-18 17:27:04     Query Q24 Score: 1.00
2026-06-18 17:27:04   [25/45] Processing Query Q25...
2026-06-18 17:27:09     Query Q25 Score: 1.00
2026-06-18 17:27:09   [26/45] Processing Query Q26...
2026-06-18 17:27:14     Query Q26 Score: 1.00
2026-06-18 17:27:14   [27/45] Processing Query Q27...
2026-06-18 17:27:18     Query Q27 Score: 1.00
2026-06-18 17:27:18   [28/45] Processing Query Q28...
2026-06-18 17:27:22     Query Q28 Score: 1.00
2026-06-18 17:27:22   [29/45] Processing Query Q29...
2026-06-18 17:27:27     Query Q29 Score: 0.50
2026-06-18 17:27:27   [30/45] Processing Query Q30...
2026-06-18 17:27:33     Query Q30 Score: 1.00
2026-06-18 17:27:33   [31/45] Processing Query Q31...
2026-06-18 17:27:38     Query Q31 Score: 1.00
2026-06-18 17:27:38   [32/45] Processing Query Q32...
2026-06-18 17:27:44     Query Q32 Score: 1.00
2026-06-18 17:27:44   [33/45] Processing Query Q33...
2026-06-18 17:27:50     Query Q33 Score: 1.00
2026-06-18 17:27:50   [34/45] Processing Query Q34...
2026-06-18 17:27:55     Query Q34 Score: 1.00
2026-06-18 17:27:55   [35/45] Processing Query Q35...
2026-06-18 17:27:58     Query Q35 Score: 1.00
2026-06-18 17:27:58   [36/45] Processing Query Q36...
2026-06-18 17:28:04     Query Q36 Score: 0.95
2026-06-18 17:28:04   [37/45] Processing Query Q37...
2026-06-18 17:28:09     Query Q37 Score: 1.00
2026-06-18 17:28:09   [38/45] Processing Query Q38...
2026-06-18 17:28:18     Query Q38 Score: 1.00
2026-06-18 17:28:18   [39/45] Processing Query Q39...
2026-06-18 17:28:23     Query Q39 Score: 1.00
2026-06-18 17:28:23   [40/45] Processing Query Q40...
2026-06-18 17:28:28     Query Q40 Score: 1.00
2026-06-18 17:28:28   [41/45] Processing Query Q41...
2026-06-18 17:28:34     Query Q41 Score: 0.90
2026-06-18 17:28:34   [42/45] Processing Query Q42...
2026-06-18 17:28:39     Query Q42 Score: 0.95
2026-06-18 17:28:39   [43/45] Processing Query Q43...
2026-06-18 17:28:44     Query Q43 Score: 1.00
2026-06-18 17:28:44   [44/45] Processing Query Q48...
2026-06-18 17:28:49     Query Q48 Score: 0.85
2026-06-18 17:28:49   [45/45] Processing Query Q49...
2026-06-18 17:28:56     Query Q49 Score: 0.75
2026-06-18 17:28:56 Saved validation results to /home/virtualuser/model_evaluation/autoresearch/archive/run_20260618_134153/outputs/validation_results_iter34_20260618_172856.csv
2026-06-18 17:28:56 Validation run completed. Overall Mean Score: 0.9000
2026-06-18 17:28:56 Candidate Score: 0.9000 (Delta: -0.0200)
2026-06-18 17:28:56 >>> FAILURE: Score did not improve. Discarding changes.
2026-06-18 17:28:56 Iteration #34 logged successfully to experiments.json.
2026-06-18 17:28:56 
2026-06-18 17:28:56 =========================================
2026-06-18 17:28:56 STARTING ITERATION #35
2026-06-18 17:28:56 =========================================
2026-06-18 17:28:56 Current Champion Score: 0.9200
2026-06-18 17:28:56 Failing queries to fix: 18
2026-06-18 17:28:56 Calling Optimizer Agent to refine instructions...
2026-06-18 17:31:18 Starting validation run on 45 queries...
2026-06-18 17:31:18   [1/45] Processing Query Q01...
2026-06-18 17:31:24     Query Q01 Score: 1.00
2026-06-18 17:31:24   [2/45] Processing Query Q02...
2026-06-18 17:31:29     Query Q02 Score: 0.75
2026-06-18 17:31:29   [3/45] Processing Query Q03...
2026-06-18 17:31:34     Query Q03 Score: 1.00
2026-06-18 17:31:34   [4/45] Processing Query Q04...
2026-06-18 17:31:40     Query Q04 Score: 1.00
2026-06-18 17:31:40   [5/45] Processing Query Q05...
2026-06-18 17:31:46     Query Q05 Score: 0.65
2026-06-18 17:31:46   [6/45] Processing Query Q06...
2026-06-18 17:31:52     Query Q06 Score: 0.95
2026-06-18 17:31:52   [7/45] Processing Query Q07...
2026-06-18 17:31:57     Query Q07 Score: 1.00
2026-06-18 17:31:57   [8/45] Processing Query Q08...
2026-06-18 17:32:02     Query Q08 Score: 1.00
2026-06-18 17:32:02   [9/45] Processing Query Q09...
2026-06-18 17:32:11     Query Q09 Score: 1.00
2026-06-18 17:32:11   [10/45] Processing Query Q10...
2026-06-18 17:32:17     Query Q10 Score: 1.00
2026-06-18 17:32:17   [11/45] Processing Query Q11...
2026-06-18 17:32:24     Query Q11 Score: 0.60
2026-06-18 17:32:24   [12/45] Processing Query Q12...
2026-06-18 17:32:29     Query Q12 Score: 1.00
2026-06-18 17:32:29   [13/45] Processing Query Q13...
2026-06-18 17:32:35     Query Q13 Score: 0.50
2026-06-18 17:32:35   [14/45] Processing Query Q14...
2026-06-18 17:32:39     Query Q14 Score: 0.50
2026-06-18 17:32:39   [15/45] Processing Query Q15...
2026-06-18 17:32:46     Query Q15 Score: 0.95
2026-06-18 17:32:46   [16/45] Processing Query Q16...
2026-06-18 17:32:51     Query Q16 Score: 0.75
2026-06-18 17:32:51   [17/45] Processing Query Q17...
2026-06-18 17:32:56     Query Q17 Score: 1.00
2026-06-18 17:32:56   [18/45] Processing Query Q18...
2026-06-18 17:33:01     Query Q18 Score: 1.00
2026-06-18 17:33:01   [19/45] Processing Query Q19...
2026-06-18 17:33:07     Query Q19 Score: 0.60
2026-06-18 17:33:07   [20/45] Processing Query Q20...
2026-06-18 17:33:12     Query Q20 Score: 1.00
2026-06-18 17:33:12   [21/45] Processing Query Q21...
2026-06-18 17:33:17     Query Q21 Score: 1.00
2026-06-18 17:33:17   [22/45] Processing Query Q22...
2026-06-18 17:33:21     Query Q22 Score: 0.95
2026-06-18 17:33:21   [23/45] Processing Query Q23...
2026-06-18 17:33:47     Query Q23 Score: 1.00
2026-06-18 17:33:47   [24/45] Processing Query Q24...
2026-06-18 17:33:52     Query Q24 Score: 0.90
2026-06-18 17:33:52   [25/45] Processing Query Q25...
2026-06-18 17:33:57     Query Q25 Score: 1.00
2026-06-18 17:33:57   [26/45] Processing Query Q26...
2026-06-18 17:34:02     Query Q26 Score: 1.00
2026-06-18 17:34:02   [27/45] Processing Query Q27...
2026-06-18 17:34:07     Query Q27 Score: 0.50
2026-06-18 17:34:07   [28/45] Processing Query Q28...
2026-06-18 17:34:11     Query Q28 Score: 1.00
2026-06-18 17:34:11   [29/45] Processing Query Q29...
2026-06-18 17:34:16     Query Q29 Score: 0.50
2026-06-18 17:34:16   [30/45] Processing Query Q30...
2026-06-18 17:34:22     Query Q30 Score: 1.00
2026-06-18 17:34:22   [31/45] Processing Query Q31...
2026-06-18 17:34:27     Query Q31 Score: 1.00
2026-06-18 17:34:27   [32/45] Processing Query Q32...
2026-06-18 17:34:33     Query Q32 Score: 1.00
2026-06-18 17:34:33   [33/45] Processing Query Q33...
2026-06-18 17:34:38     Query Q33 Score: 1.00
2026-06-18 17:34:38   [34/45] Processing Query Q34...
2026-06-18 17:34:43     Query Q34 Score: 1.00
2026-06-18 17:34:43   [35/45] Processing Query Q35...
2026-06-18 17:34:47     Query Q35 Score: 1.00
2026-06-18 17:34:47   [36/45] Processing Query Q36...
2026-06-18 17:34:53     Query Q36 Score: 0.95
2026-06-18 17:34:53   [37/45] Processing Query Q37...
2026-06-18 17:34:58     Query Q37 Score: 1.00
2026-06-18 17:34:58   [38/45] Processing Query Q38...
2026-06-18 17:35:09     Query Q38 Score: 0.60
2026-06-18 17:35:09   [39/45] Processing Query Q39...
2026-06-18 17:35:13     Query Q39 Score: 1.00
2026-06-18 17:35:13   [40/45] Processing Query Q40...
2026-06-18 17:35:18     Query Q40 Score: 1.00
2026-06-18 17:35:18   [41/45] Processing Query Q41...
2026-06-18 17:35:24     Query Q41 Score: 0.90
2026-06-18 17:35:24   [42/45] Processing Query Q42...
2026-06-18 17:35:29     Query Q42 Score: 0.95
2026-06-18 17:35:29   [43/45] Processing Query Q43...
2026-06-18 17:35:34     Query Q43 Score: 1.00
2026-06-18 17:35:34   [44/45] Processing Query Q48...
2026-06-18 17:35:46     Query Q48 Score: 1.00
2026-06-18 17:35:46   [45/45] Processing Query Q49...
2026-06-18 17:35:57     Query Q49 Score: 1.00
2026-06-18 17:35:57 Saved validation results to /home/virtualuser/model_evaluation/autoresearch/archive/run_20260618_134153/outputs/validation_results_iter35_20260618_173557.csv
2026-06-18 17:35:57 Validation run completed. Overall Mean Score: 0.9000
2026-06-18 17:35:57 Candidate Score: 0.9000 (Delta: -0.0200)
2026-06-18 17:35:57 >>> FAILURE: Score did not improve. Discarding changes.
2026-06-18 17:35:57 Iteration #35 logged successfully to experiments.json.
2026-06-18 17:35:57 
2026-06-18 17:35:57 =========================================
2026-06-18 17:35:57 STARTING ITERATION #36
2026-06-18 17:35:57 =========================================
2026-06-18 17:35:57 Current Champion Score: 0.9200
2026-06-18 17:35:57 Failing queries to fix: 18
2026-06-18 17:35:57 Calling Optimizer Agent to refine instructions...
2026-06-18 17:38:22 Starting validation run on 45 queries...
2026-06-18 17:38:22   [1/45] Processing Query Q01...
2026-06-18 17:38:27     Query Q01 Score: 1.00
2026-06-18 17:38:27   [2/45] Processing Query Q02...
2026-06-18 17:38:33     Query Q02 Score: 0.95
2026-06-18 17:38:33   [3/45] Processing Query Q03...
2026-06-18 17:38:38     Query Q03 Score: 1.00
2026-06-18 17:38:38   [4/45] Processing Query Q04...
2026-06-18 17:38:43     Query Q04 Score: 1.00
2026-06-18 17:38:43   [5/45] Processing Query Q05...
2026-06-18 17:38:50     Query Q05 Score: 0.40
2026-06-18 17:38:50   [6/45] Processing Query Q06...
2026-06-18 17:38:55     Query Q06 Score: 1.00
2026-06-18 17:38:55   [7/45] Processing Query Q07...
2026-06-18 17:39:00     Query Q07 Score: 1.00
2026-06-18 17:39:00   [8/45] Processing Query Q08...
2026-06-18 17:39:05     Query Q08 Score: 1.00
2026-06-18 17:39:05   [9/45] Processing Query Q09...
2026-06-18 17:39:14     Query Q09 Score: 1.00
2026-06-18 17:39:14   [10/45] Processing Query Q10...
2026-06-18 17:39:20     Query Q10 Score: 1.00
2026-06-18 17:39:20   [11/45] Processing Query Q11...
2026-06-18 17:39:28     Query Q11 Score: 0.70
2026-06-18 17:39:28   [12/45] Processing Query Q12...
2026-06-18 17:39:33     Query Q12 Score: 1.00
2026-06-18 17:39:33   [13/45] Processing Query Q13...
2026-06-18 17:39:38     Query Q13 Score: 0.95
2026-06-18 17:39:38   [14/45] Processing Query Q14...
2026-06-18 17:39:43     Query Q14 Score: 0.85
2026-06-18 17:39:43   [15/45] Processing Query Q15...
2026-06-18 17:39:49     Query Q15 Score: 1.00
2026-06-18 17:39:49   [16/45] Processing Query Q16...
2026-06-18 17:39:55     Query Q16 Score: 0.75
2026-06-18 17:39:55   [17/45] Processing Query Q17...
2026-06-18 17:40:00     Query Q17 Score: 1.00
2026-06-18 17:40:00   [18/45] Processing Query Q18...
2026-06-18 17:40:05     Query Q18 Score: 1.00
2026-06-18 17:40:05   [19/45] Processing Query Q19...
2026-06-18 17:40:11     Query Q19 Score: 0.75
2026-06-18 17:40:11   [20/45] Processing Query Q20...
2026-06-18 17:40:16     Query Q20 Score: 1.00
2026-06-18 17:40:16   [21/45] Processing Query Q21...
2026-06-18 17:40:20     Query Q21 Score: 1.00
2026-06-18 17:40:20   [22/45] Processing Query Q22...
2026-06-18 17:40:25     Query Q22 Score: 0.95
2026-06-18 17:40:25   [23/45] Processing Query Q23...
2026-06-18 17:40:38     Query Q23 Score: 1.00
2026-06-18 17:40:38   [24/45] Processing Query Q24...
2026-06-18 17:40:43     Query Q24 Score: 0.90
2026-06-18 17:40:43   [25/45] Processing Query Q25...
2026-06-18 17:40:48     Query Q25 Score: 0.95
2026-06-18 17:40:48   [26/45] Processing Query Q26...
2026-06-18 17:40:52     Query Q26 Score: 1.00
2026-06-18 17:40:52   [27/45] Processing Query Q27...
2026-06-18 17:40:57     Query Q27 Score: 0.60
2026-06-18 17:40:57   [28/45] Processing Query Q28...
2026-06-18 17:41:01     Query Q28 Score: 1.00
2026-06-18 17:41:01   [29/45] Processing Query Q29...
2026-06-18 17:41:06     Query Q29 Score: 0.50
2026-06-18 17:41:06   [30/45] Processing Query Q30...
2026-06-18 17:41:12     Query Q30 Score: 1.00
2026-06-18 17:41:12   [31/45] Processing Query Q31...
2026-06-18 17:41:17     Query Q31 Score: 1.00
2026-06-18 17:41:17   [32/45] Processing Query Q32...
2026-06-18 17:41:23     Query Q32 Score: 1.00
2026-06-18 17:41:23   [33/45] Processing Query Q33...
2026-06-18 17:41:35     Query Q33 Score: 1.00
2026-06-18 17:41:35   [34/45] Processing Query Q34...
2026-06-18 17:41:40     Query Q34 Score: 1.00
2026-06-18 17:41:40   [35/45] Processing Query Q35...
2026-06-18 17:41:44     Query Q35 Score: 1.00
2026-06-18 17:41:44   [36/45] Processing Query Q36...
2026-06-18 17:41:49     Query Q36 Score: 0.75
2026-06-18 17:41:49   [37/45] Processing Query Q37...
2026-06-18 17:41:54     Query Q37 Score: 1.00
2026-06-18 17:41:54   [38/45] Processing Query Q38...
2026-06-18 17:42:03     Query Q38 Score: 1.00
2026-06-18 17:42:03   [39/45] Processing Query Q39...
2026-06-18 17:42:08     Query Q39 Score: 1.00
2026-06-18 17:42:08   [40/45] Processing Query Q40...
2026-06-18 17:42:13     Query Q40 Score: 1.00
2026-06-18 17:42:13   [41/45] Processing Query Q41...
2026-06-18 17:42:18     Query Q41 Score: 0.90
2026-06-18 17:42:18   [42/45] Processing Query Q42...
2026-06-18 17:42:23     Query Q42 Score: 1.00
2026-06-18 17:42:23   [43/45] Processing Query Q43...
2026-06-18 17:42:30     Query Q43 Score: 1.00
2026-06-18 17:42:30   [44/45] Processing Query Q48...
2026-06-18 17:42:36     Query Q48 Score: 0.85
2026-06-18 17:42:36   [45/45] Processing Query Q49...
2026-06-18 17:42:43     Query Q49 Score: 0.60
2026-06-18 17:42:43 Saved validation results to /home/virtualuser/model_evaluation/autoresearch/archive/run_20260618_134153/outputs/validation_results_iter36_20260618_174243.csv
2026-06-18 17:42:43 Validation run completed. Overall Mean Score: 0.9189
2026-06-18 17:42:43 Candidate Score: 0.9189 (Delta: -0.0011)
2026-06-18 17:42:43 >>> FAILURE: Score did not improve. Discarding changes.
2026-06-18 17:42:43 Iteration #36 logged successfully to experiments.json.
2026-06-18 17:42:43 
2026-06-18 17:42:43 =========================================
2026-06-18 17:42:43 STARTING ITERATION #37
2026-06-18 17:42:43 =========================================
2026-06-18 17:42:43 Current Champion Score: 0.9200
2026-06-18 17:42:43 Failing queries to fix: 18
2026-06-18 17:42:43 Calling Optimizer Agent to refine instructions...
2026-06-18 17:45:24 Starting validation run on 45 queries...
2026-06-18 17:45:24   [1/45] Processing Query Q01...
2026-06-18 17:45:29     Query Q01 Score: 1.00
2026-06-18 17:45:29   [2/45] Processing Query Q02...
2026-06-18 17:45:35     Query Q02 Score: 0.85
2026-06-18 17:45:35   [3/45] Processing Query Q03...
2026-06-18 17:45:40     Query Q03 Score: 1.00
2026-06-18 17:45:40   [4/45] Processing Query Q04...
2026-06-18 17:45:45     Query Q04 Score: 1.00
2026-06-18 17:45:45   [5/45] Processing Query Q05...
2026-06-18 17:45:51     Query Q05 Score: 0.30
2026-06-18 17:45:51   [6/45] Processing Query Q06...
2026-06-18 17:45:57     Query Q06 Score: 1.00
2026-06-18 17:45:57   [7/45] Processing Query Q07...
2026-06-18 17:46:02     Query Q07 Score: 1.00
2026-06-18 17:46:02   [8/45] Processing Query Q08...
2026-06-18 17:46:07     Query Q08 Score: 1.00
2026-06-18 17:46:07   [9/45] Processing Query Q09...
2026-06-18 17:46:16     Query Q09 Score: 0.40
2026-06-18 17:46:16   [10/45] Processing Query Q10...
2026-06-18 17:46:22     Query Q10 Score: 1.00
2026-06-18 17:46:22   [11/45] Processing Query Q11...
2026-06-18 17:46:51     Query Q11 Score: 0.20
2026-06-18 17:46:51   [12/45] Processing Query Q12...
2026-06-18 17:46:56     Query Q12 Score: 1.00
2026-06-18 17:46:56   [13/45] Processing Query Q13...
2026-06-18 17:47:01     Query Q13 Score: 0.95
2026-06-18 17:47:01   [14/45] Processing Query Q14...
2026-06-18 17:47:05     Query Q14 Score: 0.85
2026-06-18 17:47:05   [15/45] Processing Query Q15...
2026-06-18 17:47:12     Query Q15 Score: 0.95
2026-06-18 17:47:12   [16/45] Processing Query Q16...
2026-06-18 17:47:17     Query Q16 Score: 0.75
2026-06-18 17:47:17   [17/45] Processing Query Q17...
2026-06-18 17:47:22     Query Q17 Score: 1.00
2026-06-18 17:47:22   [18/45] Processing Query Q18...
2026-06-18 17:47:27     Query Q18 Score: 1.00
2026-06-18 17:47:27   [19/45] Processing Query Q19...
2026-06-18 17:47:32     Query Q19 Score: 0.95
2026-06-18 17:47:32   [20/45] Processing Query Q20...
2026-06-18 17:47:38     Query Q20 Score: 1.00
2026-06-18 17:47:38   [21/45] Processing Query Q21...
2026-06-18 17:47:42     Query Q21 Score: 1.00
2026-06-18 17:47:42   [22/45] Processing Query Q22...
2026-06-18 17:47:47     Query Q22 Score: 0.95
2026-06-18 17:47:47   [23/45] Processing Query Q23...
2026-06-18 17:48:08     Query Q23 Score: 0.50
2026-06-18 17:48:08   [24/45] Processing Query Q24...
2026-06-18 17:48:12     Query Q24 Score: 0.50
2026-06-18 17:48:12   [25/45] Processing Query Q25...
2026-06-18 17:48:17     Query Q25 Score: 1.00
2026-06-18 17:48:17   [26/45] Processing Query Q26...
2026-06-18 17:48:22     Query Q26 Score: 1.00
2026-06-18 17:48:22   [27/45] Processing Query Q27...
2026-06-18 17:48:26     Query Q27 Score: 0.60
2026-06-18 17:48:26   [28/45] Processing Query Q28...
2026-06-18 17:48:31     Query Q28 Score: 1.00
2026-06-18 17:48:31   [29/45] Processing Query Q29...
2026-06-18 17:48:36     Query Q29 Score: 0.50
2026-06-18 17:48:36   [30/45] Processing Query Q30...
2026-06-18 17:48:41     Query Q30 Score: 1.00
2026-06-18 17:48:41   [31/45] Processing Query Q31...
2026-06-18 17:48:46     Query Q31 Score: 1.00
2026-06-18 17:48:46   [32/45] Processing Query Q32...
2026-06-18 17:48:52     Query Q32 Score: 1.00
2026-06-18 17:48:52   [33/45] Processing Query Q33...
2026-06-18 17:49:02     Query Q33 Score: 1.00
2026-06-18 17:49:02   [34/45] Processing Query Q34...
2026-06-18 17:49:07     Query Q34 Score: 1.00
2026-06-18 17:49:07   [35/45] Processing Query Q35...
2026-06-18 17:49:12     Query Q35 Score: 0.85
2026-06-18 17:49:12   [36/45] Processing Query Q36...
2026-06-18 17:49:18     Query Q36 Score: 0.95
2026-06-18 17:49:18   [37/45] Processing Query Q37...
2026-06-18 17:49:23     Query Q37 Score: 1.00
2026-06-18 17:49:23   [38/45] Processing Query Q38...
2026-06-18 17:49:32     Query Q38 Score: 1.00
2026-06-18 17:49:32   [39/45] Processing Query Q39...
2026-06-18 17:49:37     Query Q39 Score: 1.00
2026-06-18 17:49:37   [40/45] Processing Query Q40...
2026-06-18 17:49:42     Query Q40 Score: 1.00
2026-06-18 17:49:42   [41/45] Processing Query Q41...
2026-06-18 17:49:48     Query Q41 Score: 0.90
2026-06-18 17:49:48   [42/45] Processing Query Q42...
2026-06-18 17:49:53     Query Q42 Score: 0.95
2026-06-18 17:49:53   [43/45] Processing Query Q43...
2026-06-18 17:49:58     Query Q43 Score: 1.00
2026-06-18 17:49:58   [44/45] Processing Query Q48...
2026-06-18 17:50:04     Query Q48 Score: 0.85
2026-06-18 17:50:04   [45/45] Processing Query Q49...
2026-06-18 17:50:10     Query Q49 Score: 0.75
2026-06-18 17:50:11 Saved validation results to /home/virtualuser/model_evaluation/autoresearch/archive/run_20260618_134153/outputs/validation_results_iter37_20260618_175010.csv
2026-06-18 17:50:11 Validation run completed. Overall Mean Score: 0.8778
2026-06-18 17:50:11 Candidate Score: 0.8778 (Delta: -0.0422)
2026-06-18 17:50:11 >>> FAILURE: Score did not improve. Discarding changes.
2026-06-18 17:50:11 Iteration #37 logged successfully to experiments.json.
2026-06-18 17:50:11 Graceful stop flagged via '/home/virtualuser/model_evaluation/autoresearch/stop.txt' file. Exiting loop cleanly.
2026-06-18 17:50:11 
2026-06-18 17:50:11 Optimization process completed.
2026-06-18 17:50:11 Best prompt found at iteration #11 with Score: 0.9200
2026-06-18 17:50:33 Resuming optimization loop from iteration #38.
2026-06-18 17:50:33 Current champion established at iteration #11 with Score: 0.9200
2026-06-18 17:50:33 
2026-06-18 17:50:33 Entering optimization loop...
2026-06-18 17:50:33 
2026-06-18 17:50:33 =========================================
2026-06-18 17:50:33 STARTING ITERATION #38
2026-06-18 17:50:33 =========================================
2026-06-18 17:50:33 Current Champion Score: 0.9200
2026-06-18 17:50:33 Failing queries to fix: 18
2026-06-18 17:50:33 Calling Optimizer Agent to refine instructions...
2026-06-18 17:51:46 Starting validation run on 45 queries...
2026-06-18 17:51:46   [1/45] Processing Query Q01...
2026-06-18 17:51:52     Query Q01 Score: 1.00
2026-06-18 17:51:52   [2/45] Processing Query Q02...
2026-06-18 17:51:57     Query Q02 Score: 0.85
2026-06-18 17:51:57   [3/45] Processing Query Q03...
2026-06-18 17:52:02     Query Q03 Score: 1.00
2026-06-18 17:52:02   [4/45] Processing Query Q04...
2026-06-18 17:52:08     Query Q04 Score: 1.00
2026-06-18 17:52:08   [5/45] Processing Query Q05...
2026-06-18 17:52:14     Query Q05 Score: 0.30
2026-06-18 17:52:14   [6/45] Processing Query Q06...
2026-06-18 17:52:20     Query Q06 Score: 1.00
2026-06-18 17:52:20   [7/45] Processing Query Q07...
2026-06-18 17:52:25     Query Q07 Score: 1.00
2026-06-18 17:52:25   [8/45] Processing Query Q08...
2026-06-18 17:52:30     Query Q08 Score: 1.00
2026-06-18 17:52:30   [9/45] Processing Query Q09...
2026-06-18 17:52:39     Query Q09 Score: 1.00
2026-06-18 17:52:39   [10/45] Processing Query Q10...
2026-06-18 17:52:45     Query Q10 Score: 0.95
2026-06-18 17:52:45   [11/45] Processing Query Q11...
2026-06-18 17:52:53     Query Q11 Score: 0.40
2026-06-18 17:52:53   [12/45] Processing Query Q12...
2026-06-18 17:52:58     Query Q12 Score: 1.00
2026-06-18 17:52:58   [13/45] Processing Query Q13...
2026-06-18 17:53:03     Query Q13 Score: 1.00
2026-06-18 17:53:03   [14/45] Processing Query Q14...
2026-06-18 17:53:07     Query Q14 Score: 0.40
2026-06-18 17:53:07   [15/45] Processing Query Q15...
2026-06-18 17:53:14     Query Q15 Score: 1.00
2026-06-18 17:53:14   [16/45] Processing Query Q16...
2026-06-18 17:53:19     Query Q16 Score: 0.50
2026-06-18 17:53:19   [17/45] Processing Query Q17...
2026-06-18 17:53:24     Query Q17 Score: 1.00
2026-06-18 17:53:24   [18/45] Processing Query Q18...
2026-06-18 17:53:29     Query Q18 Score: 1.00
2026-06-18 17:53:29   [19/45] Processing Query Q19...
2026-06-18 17:53:34     Query Q19 Score: 0.95
2026-06-18 17:53:34   [20/45] Processing Query Q20...
2026-06-18 17:53:41     Query Q20 Score: 0.85
2026-06-18 17:53:41   [21/45] Processing Query Q21...
2026-06-18 17:53:45     Query Q21 Score: 1.00
2026-06-18 17:53:45   [22/45] Processing Query Q22...
2026-06-18 17:53:50     Query Q22 Score: 0.95
2026-06-18 17:53:50   [23/45] Processing Query Q23...
2026-06-18 17:54:06     Query Q23 Score: 1.00
2026-06-18 17:54:06   [24/45] Processing Query Q24...
2026-06-18 17:54:11     Query Q24 Score: 1.00
2026-06-18 17:54:11   [25/45] Processing Query Q25...
2026-06-18 17:54:16     Query Q25 Score: 1.00
2026-06-18 17:54:16   [26/45] Processing Query Q26...
2026-06-18 17:54:20     Query Q26 Score: 1.00
2026-06-18 17:54:20   [27/45] Processing Query Q27...
2026-06-18 17:54:25     Query Q27 Score: 1.00
2026-06-18 17:54:25   [28/45] Processing Query Q28...
2026-06-18 17:54:29     Query Q28 Score: 1.00
2026-06-18 17:54:29   [29/45] Processing Query Q29...
2026-06-18 17:54:35     Query Q29 Score: 1.00
2026-06-18 17:54:35   [30/45] Processing Query Q30...
2026-06-18 17:54:40     Query Q30 Score: 1.00
2026-06-18 17:54:40   [31/45] Processing Query Q31...
2026-06-18 17:54:45     Query Q31 Score: 1.00
2026-06-18 17:54:45   [32/45] Processing Query Q32...
2026-06-18 17:54:51     Query Q32 Score: 1.00
2026-06-18 17:54:51   [33/45] Processing Query Q33...
2026-06-18 17:55:00     Query Q33 Score: 1.00
2026-06-18 17:55:00   [34/45] Processing Query Q34...
2026-06-18 17:55:05     Query Q34 Score: 1.00
2026-06-18 17:55:05   [35/45] Processing Query Q35...
2026-06-18 17:55:09     Query Q35 Score: 1.00
2026-06-18 17:55:09   [36/45] Processing Query Q36...
2026-06-18 17:55:15     Query Q36 Score: 1.00
2026-06-18 17:55:15   [37/45] Processing Query Q37...
2026-06-18 17:55:20     Query Q37 Score: 0.95
2026-06-18 17:55:20   [38/45] Processing Query Q38...
2026-06-18 17:55:27     Query Q38 Score: 1.00
2026-06-18 17:55:27   [39/45] Processing Query Q39...
2026-06-18 17:55:31     Query Q39 Score: 1.00
2026-06-18 17:55:31   [40/45] Processing Query Q40...
2026-06-18 17:55:36     Query Q40 Score: 1.00
2026-06-18 17:55:36   [41/45] Processing Query Q41...
2026-06-18 17:55:42     Query Q41 Score: 0.90
2026-06-18 17:55:42   [42/45] Processing Query Q42...
2026-06-18 17:55:46     Query Q42 Score: 1.00
2026-06-18 17:55:46   [43/45] Processing Query Q43...
2026-06-18 17:55:51     Query Q43 Score: 1.00
2026-06-18 17:55:51   [44/45] Processing Query Q48...
2026-06-18 17:56:10     Query Q48 Score: 1.00
2026-06-18 17:56:10   [45/45] Processing Query Q49...
2026-06-18 17:56:18     Query Q49 Score: 0.40
2026-06-18 17:56:18 Saved validation results to /home/virtualuser/model_evaluation/autoresearch/archive/run_20260618_134629/outputs/validation_results_iter38_20260618_175618.csv
2026-06-18 17:56:18 Validation run completed. Overall Mean Score: 0.9200
2026-06-18 17:56:18 Candidate Score: 0.9200 (Delta: +0.0000)
2026-06-18 17:56:18 >>> FAILURE: Score did not improve. Discarding changes.
2026-06-18 17:56:18 Iteration #38 logged successfully to experiments.json.
2026-06-18 17:56:18 
2026-06-18 17:56:18 =========================================
2026-06-18 17:56:18 STARTING ITERATION #39
2026-06-18 17:56:18 =========================================
2026-06-18 17:56:18 Current Champion Score: 0.9200
2026-06-18 17:56:18 Failing queries to fix: 18
2026-06-18 17:56:18 Calling Optimizer Agent to refine instructions...
2026-06-18 17:56:55 Starting validation run on 45 queries...
2026-06-18 17:56:55   [1/45] Processing Query Q01...
2026-06-18 17:57:01     Query Q01 Score: 1.00
2026-06-18 17:57:01   [2/45] Processing Query Q02...
2026-06-18 17:57:06     Query Q02 Score: 0.50
2026-06-18 17:57:06   [3/45] Processing Query Q03...
2026-06-18 17:57:12     Query Q03 Score: 1.00
2026-06-18 17:57:12   [4/45] Processing Query Q04...
2026-06-18 17:57:17     Query Q04 Score: 1.00
2026-06-18 17:57:17   [5/45] Processing Query Q05...
2026-06-18 17:57:24     Query Q05 Score: 0.40
2026-06-18 17:57:24   [6/45] Processing Query Q06...
2026-06-18 17:57:30     Query Q06 Score: 1.00
2026-06-18 17:57:30   [7/45] Processing Query Q07...
2026-06-18 17:57:35     Query Q07 Score: 1.00
2026-06-18 17:57:35   [8/45] Processing Query Q08...
2026-06-18 17:57:40     Query Q08 Score: 1.00
2026-06-18 17:57:40   [9/45] Processing Query Q09...
2026-06-18 17:57:48     Query Q09 Score: 0.50
2026-06-18 17:57:48   [10/45] Processing Query Q10...
2026-06-18 17:57:54     Query Q10 Score: 1.00
2026-06-18 17:57:54   [11/45] Processing Query Q11...
2026-06-18 17:58:01     Query Q11 Score: 0.60
2026-06-18 17:58:01   [12/45] Processing Query Q12...
2026-06-18 17:58:06     Query Q12 Score: 1.00
2026-06-18 17:58:06   [13/45] Processing Query Q13...
2026-06-18 17:58:12     Query Q13 Score: 1.00
2026-06-18 17:58:12   [14/45] Processing Query Q14...
2026-06-18 17:58:16     Query Q14 Score: 0.85
2026-06-18 17:58:16   [15/45] Processing Query Q15...
2026-06-18 17:58:22     Query Q15 Score: 1.00
2026-06-18 17:58:22   [16/45] Processing Query Q16...
2026-06-18 17:58:28     Query Q16 Score: 0.75
2026-06-18 17:58:28   [17/45] Processing Query Q17...
2026-06-18 17:58:33     Query Q17 Score: 1.00
2026-06-18 17:58:33   [18/45] Processing Query Q18...
2026-06-18 17:58:38     Query Q18 Score: 1.00
2026-06-18 17:58:38   [19/45] Processing Query Q19...
2026-06-18 17:58:43     Query Q19 Score: 0.75
2026-06-18 17:58:43   [20/45] Processing Query Q20...
2026-06-18 17:58:48     Query Q20 Score: 0.95
2026-06-18 17:58:48   [21/45] Processing Query Q21...
2026-06-18 17:58:53     Query Q21 Score: 1.00
2026-06-18 17:58:53   [22/45] Processing Query Q22...
2026-06-18 17:58:58     Query Q22 Score: 0.95
2026-06-18 17:58:58   [23/45] Processing Query Q23...
2026-06-18 17:59:27     Query Q23 Score: 1.00
2026-06-18 17:59:27   [24/45] Processing Query Q24...
2026-06-18 17:59:32     Query Q24 Score: 1.00
2026-06-18 17:59:32   [25/45] Processing Query Q25...
2026-06-18 17:59:37     Query Q25 Score: 1.00
2026-06-18 17:59:37   [26/45] Processing Query Q26...
2026-06-18 17:59:41     Query Q26 Score: 1.00
2026-06-18 17:59:41   [27/45] Processing Query Q27...
2026-06-18 17:59:46     Query Q27 Score: 1.00
2026-06-18 17:59:46   [28/45] Processing Query Q28...
2026-06-18 17:59:50     Query Q28 Score: 1.00
2026-06-18 17:59:50   [29/45] Processing Query Q29...
2026-06-18 17:59:56     Query Q29 Score: 1.00
2026-06-18 17:59:56   [30/45] Processing Query Q30...
2026-06-18 18:00:01     Query Q30 Score: 1.00
2026-06-18 18:00:01   [31/45] Processing Query Q31...
2026-06-18 18:00:06     Query Q31 Score: 1.00
2026-06-18 18:00:06   [32/45] Processing Query Q32...
2026-06-18 18:00:12     Query Q32 Score: 1.00
2026-06-18 18:00:12   [33/45] Processing Query Q33...
2026-06-18 18:00:18     Query Q33 Score: 1.00
2026-06-18 18:00:18   [34/45] Processing Query Q34...
2026-06-18 18:00:23     Query Q34 Score: 1.00
2026-06-18 18:00:23   [35/45] Processing Query Q35...
2026-06-18 18:00:26     Query Q35 Score: 1.00
2026-06-18 18:00:26   [36/45] Processing Query Q36...
2026-06-18 18:00:34     Query Q36 Score: 0.95
2026-06-18 18:00:34   [37/45] Processing Query Q37...
2026-06-18 18:00:40     Query Q37 Score: 1.00
2026-06-18 18:00:40   [38/45] Processing Query Q38...
2026-06-18 18:00:47     Query Q38 Score: 1.00
2026-06-18 18:00:47   [39/45] Processing Query Q39...
2026-06-18 18:00:52     Query Q39 Score: 1.00
2026-06-18 18:00:52   [40/45] Processing Query Q40...
2026-06-18 18:00:57     Query Q40 Score: 1.00
2026-06-18 18:00:57   [41/45] Processing Query Q41...
2026-06-18 18:01:03     Query Q41 Score: 0.90
2026-06-18 18:01:03   [42/45] Processing Query Q42...
2026-06-18 18:01:08     Query Q42 Score: 0.95
2026-06-18 18:01:08   [43/45] Processing Query Q43...
2026-06-18 18:01:13     Query Q43 Score: 1.00
2026-06-18 18:01:13   [44/45] Processing Query Q48...
2026-06-18 18:01:33     Query Q48 Score: 1.00
2026-06-18 18:01:33   [45/45] Processing Query Q49...
2026-06-18 18:01:40     Query Q49 Score: 0.75
2026-06-18 18:01:40 Saved validation results to /home/virtualuser/model_evaluation/autoresearch/archive/run_20260618_134629/outputs/validation_results_iter39_20260618_180140.csv
2026-06-18 18:01:40 Validation run completed. Overall Mean Score: 0.9289
2026-06-18 18:01:40 Candidate Score: 0.9289 (Delta: +0.0089)
2026-06-18 18:01:40 >>> SUCCESS: Score improved! Saving new champion prompt.
2026-06-18 18:01:40 Iteration #39 logged successfully to experiments.json.
2026-06-18 18:01:40 
2026-06-18 18:01:40 =========================================
2026-06-18 18:01:40 STARTING ITERATION #40
2026-06-18 18:01:40 =========================================
2026-06-18 18:01:40 Current Champion Score: 0.9289
2026-06-18 18:01:40 Failing queries to fix: 13
2026-06-18 18:01:40 Calling Optimizer Agent to refine instructions...
2026-06-18 18:02:22 Starting validation run on 45 queries...
2026-06-18 18:02:22   [1/45] Processing Query Q01...
2026-06-18 18:02:28     Query Q01 Score: 1.00
2026-06-18 18:02:28   [2/45] Processing Query Q02...
2026-06-18 18:02:33     Query Q02 Score: 0.85
2026-06-18 18:02:33   [3/45] Processing Query Q03...
2026-06-18 18:02:39     Query Q03 Score: 1.00
2026-06-18 18:02:39   [4/45] Processing Query Q04...
2026-06-18 18:02:44     Query Q04 Score: 1.00
2026-06-18 18:02:44   [5/45] Processing Query Q05...
2026-06-18 18:02:51     Query Q05 Score: 0.40
2026-06-18 18:02:51   [6/45] Processing Query Q06...
2026-06-18 18:02:56     Query Q06 Score: 1.00
2026-06-18 18:02:56   [7/45] Processing Query Q07...
2026-06-18 18:03:02     Query Q07 Score: 1.00
2026-06-18 18:03:02   [8/45] Processing Query Q08...
2026-06-18 18:03:06     Query Q08 Score: 1.00
2026-06-18 18:03:06   [9/45] Processing Query Q09...
2026-06-18 18:03:21     Query Q09 Score: 0.40
2026-06-18 18:03:21   [10/45] Processing Query Q10...
2026-06-18 18:03:26     Query Q10 Score: 1.00
2026-06-18 18:03:26   [11/45] Processing Query Q11...
2026-06-18 18:03:33     Query Q11 Score: 0.40
2026-06-18 18:03:33   [12/45] Processing Query Q12...
2026-06-18 18:03:38     Query Q12 Score: 1.00
2026-06-18 18:03:38   [13/45] Processing Query Q13...
2026-06-18 18:03:44     Query Q13 Score: 0.95
2026-06-18 18:03:44   [14/45] Processing Query Q14...
2026-06-18 18:03:48     Query Q14 Score: 0.85
2026-06-18 18:03:48   [15/45] Processing Query Q15...
2026-06-18 18:03:55     Query Q15 Score: 1.00
2026-06-18 18:03:55   [16/45] Processing Query Q16...
2026-06-18 18:04:00     Query Q16 Score: 0.75
2026-06-18 18:04:00   [17/45] Processing Query Q17...
2026-06-18 18:04:05     Query Q17 Score: 1.00
2026-06-18 18:04:05   [18/45] Processing Query Q18...
2026-06-18 18:04:10     Query Q18 Score: 1.00
2026-06-18 18:04:10   [19/45] Processing Query Q19...
2026-06-18 18:04:15     Query Q19 Score: 0.95
2026-06-18 18:04:15   [20/45] Processing Query Q20...
2026-06-18 18:04:20     Query Q20 Score: 0.90
2026-06-18 18:04:20   [21/45] Processing Query Q21...
2026-06-18 18:04:25     Query Q21 Score: 1.00
2026-06-18 18:04:25   [22/45] Processing Query Q22...
2026-06-18 18:04:30     Query Q22 Score: 0.95
2026-06-18 18:04:30   [23/45] Processing Query Q23...
2026-06-18 18:04:44     Query Q23 Score: 0.50
2026-06-18 18:04:44   [24/45] Processing Query Q24...
2026-06-18 18:04:48     Query Q24 Score: 1.00
2026-06-18 18:04:48   [25/45] Processing Query Q25...
2026-06-18 18:04:53     Query Q25 Score: 1.00
2026-06-18 18:04:53   [26/45] Processing Query Q26...
2026-06-18 18:04:57     Query Q26 Score: 1.00
2026-06-18 18:04:57   [27/45] Processing Query Q27...
2026-06-18 18:05:02     Query Q27 Score: 1.00
2026-06-18 18:05:02   [28/45] Processing Query Q28...
2026-06-18 18:05:06     Query Q28 Score: 1.00
2026-06-18 18:05:06   [29/45] Processing Query Q29...
2026-06-18 18:05:11     Query Q29 Score: 0.60
2026-06-18 18:05:11   [30/45] Processing Query Q30...
2026-06-18 18:05:17     Query Q30 Score: 1.00
2026-06-18 18:05:17   [31/45] Processing Query Q31...
2026-06-18 18:05:22     Query Q31 Score: 1.00
2026-06-18 18:05:22   [32/45] Processing Query Q32...
2026-06-18 18:05:28     Query Q32 Score: 1.00
2026-06-18 18:05:28   [33/45] Processing Query Q33...
2026-06-18 18:05:38     Query Q33 Score: 1.00
2026-06-18 18:05:38   [34/45] Processing Query Q34...
2026-06-18 18:05:43     Query Q34 Score: 0.95
2026-06-18 18:05:43   [35/45] Processing Query Q35...
2026-06-18 18:05:47     Query Q35 Score: 1.00
2026-06-18 18:05:47   [36/45] Processing Query Q36...
2026-06-18 18:05:55     Query Q36 Score: 0.95
2026-06-18 18:05:55   [37/45] Processing Query Q37...
2026-06-18 18:06:01     Query Q37 Score: 1.00
2026-06-18 18:06:01   [38/45] Processing Query Q38...
2026-06-18 18:06:06     Query Q38 Score: 0.70
2026-06-18 18:06:06   [39/45] Processing Query Q39...
2026-06-18 18:06:10     Query Q39 Score: 1.00
2026-06-18 18:06:10   [40/45] Processing Query Q40...
2026-06-18 18:06:15     Query Q40 Score: 1.00
2026-06-18 18:06:15   [41/45] Processing Query Q41...
2026-06-18 18:06:21     Query Q41 Score: 0.90
2026-06-18 18:06:21   [42/45] Processing Query Q42...
2026-06-18 18:06:26     Query Q42 Score: 0.95
2026-06-18 18:06:26   [43/45] Processing Query Q43...
2026-06-18 18:06:32     Query Q43 Score: 1.00
2026-06-18 18:06:32   [44/45] Processing Query Q48...
2026-06-18 18:06:38     Query Q48 Score: 0.85
2026-06-18 18:06:38   [45/45] Processing Query Q49...
2026-06-18 18:06:45     Query Q49 Score: 0.65
2026-06-18 18:06:45 Saved validation results to /home/virtualuser/model_evaluation/autoresearch/archive/run_20260618_134629/outputs/validation_results_iter40_20260618_180645.csv
2026-06-18 18:06:45 Validation run completed. Overall Mean Score: 0.8989
2026-06-18 18:06:45 Candidate Score: 0.8989 (Delta: -0.0300)
2026-06-18 18:06:45 >>> FAILURE: Score did not improve. Discarding changes.
2026-06-18 18:06:45 Iteration #40 logged successfully to experiments.json.
2026-06-18 18:06:45 
2026-06-18 18:06:45 =========================================
2026-06-18 18:06:45 STARTING ITERATION #41
2026-06-18 18:06:45 =========================================
2026-06-18 18:06:45 Current Champion Score: 0.9289
2026-06-18 18:06:45 Failing queries to fix: 13
2026-06-18 18:06:45 Calling Optimizer Agent to refine instructions...
2026-06-18 18:07:45 Starting validation run on 45 queries...
2026-06-18 18:07:45   [1/45] Processing Query Q01...
2026-06-18 18:07:51     Query Q01 Score: 1.00
2026-06-18 18:07:51   [2/45] Processing Query Q02...
2026-06-18 18:07:57     Query Q02 Score: 0.65
2026-06-18 18:07:57   [3/45] Processing Query Q03...
2026-06-18 18:08:02     Query Q03 Score: 1.00
2026-06-18 18:08:02   [4/45] Processing Query Q04...
2026-06-18 18:08:07     Query Q04 Score: 1.00
2026-06-18 18:08:07   [5/45] Processing Query Q05...
2026-06-18 18:08:14     Query Q05 Score: 0.30
2026-06-18 18:08:14   [6/45] Processing Query Q06...
2026-06-18 18:08:20     Query Q06 Score: 1.00
2026-06-18 18:08:20   [7/45] Processing Query Q07...
2026-06-18 18:08:25     Query Q07 Score: 1.00
2026-06-18 18:08:25   [8/45] Processing Query Q08...
2026-06-18 18:08:30     Query Q08 Score: 1.00
2026-06-18 18:08:30   [9/45] Processing Query Q09...
2026-06-18 18:08:45     Query Q09 Score: 1.00
2026-06-18 18:08:45   [10/45] Processing Query Q10...
2026-06-18 18:08:51     Query Q10 Score: 1.00
2026-06-18 18:08:51   [11/45] Processing Query Q11...
2026-06-18 18:08:58     Query Q11 Score: 0.40
2026-06-18 18:08:58   [12/45] Processing Query Q12...
2026-06-18 18:09:03     Query Q12 Score: 1.00
2026-06-18 18:09:03   [13/45] Processing Query Q13...
2026-06-18 18:09:10     Query Q13 Score: 0.40
2026-06-18 18:09:10   [14/45] Processing Query Q14...
2026-06-18 18:09:15     Query Q14 Score: 0.85
2026-06-18 18:09:15   [15/45] Processing Query Q15...
2026-06-18 18:09:21     Query Q15 Score: 1.00
2026-06-18 18:09:21   [16/45] Processing Query Q16...
2026-06-18 18:09:35     Query Q16 Score: 1.00
2026-06-18 18:09:35   [17/45] Processing Query Q17...
2026-06-18 18:09:40     Query Q17 Score: 1.00
2026-06-18 18:09:40   [18/45] Processing Query Q18...
2026-06-18 18:09:45     Query Q18 Score: 1.00
2026-06-18 18:09:45   [19/45] Processing Query Q19...
2026-06-18 18:09:50     Query Q19 Score: 0.85
2026-06-18 18:09:50   [20/45] Processing Query Q20...
2026-06-18 18:09:55     Query Q20 Score: 0.90
2026-06-18 18:09:55   [21/45] Processing Query Q21...
2026-06-18 18:10:00     Query Q21 Score: 1.00
2026-06-18 18:10:00   [22/45] Processing Query Q22...
2026-06-18 18:10:05     Query Q22 Score: 0.95
2026-06-18 18:10:05   [23/45] Processing Query Q23...
2026-06-18 18:10:15     Query Q23 Score: 1.00
2026-06-18 18:10:15   [24/45] Processing Query Q24...
2026-06-18 18:10:19     Query Q24 Score: 1.00
2026-06-18 18:10:19   [25/45] Processing Query Q25...
2026-06-18 18:10:25     Query Q25 Score: 1.00
2026-06-18 18:10:25   [26/45] Processing Query Q26...
2026-06-18 18:10:29     Query Q26 Score: 1.00
2026-06-18 18:10:29   [27/45] Processing Query Q27...
2026-06-18 18:10:34     Query Q27 Score: 1.00
2026-06-18 18:10:34   [28/45] Processing Query Q28...
2026-06-18 18:10:41     Query Q28 Score: 1.00
2026-06-18 18:10:41   [29/45] Processing Query Q29...
2026-06-18 18:10:46     Query Q29 Score: 0.65
2026-06-18 18:10:46   [30/45] Processing Query Q30...
2026-06-18 18:10:52     Query Q30 Score: 1.00
2026-06-18 18:10:52   [31/45] Processing Query Q31...
2026-06-18 18:10:57     Query Q31 Score: 1.00
2026-06-18 18:10:57   [32/45] Processing Query Q32...
2026-06-18 18:11:03     Query Q32 Score: 1.00
2026-06-18 18:11:03   [33/45] Processing Query Q33...
2026-06-18 18:11:09     Query Q33 Score: 0.50
2026-06-18 18:11:09   [34/45] Processing Query Q34...
2026-06-18 18:11:14     Query Q34 Score: 1.00
2026-06-18 18:11:14   [35/45] Processing Query Q35...
2026-06-18 18:11:17     Query Q35 Score: 1.00
2026-06-18 18:11:17   [36/45] Processing Query Q36...
2026-06-18 18:11:23     Query Q36 Score: 1.00
2026-06-18 18:11:23   [37/45] Processing Query Q37...
2026-06-18 18:11:28     Query Q37 Score: 1.00
2026-06-18 18:11:28   [38/45] Processing Query Q38...
2026-06-18 18:11:39     Query Q38 Score: 0.85
2026-06-18 18:11:39   [39/45] Processing Query Q39...
2026-06-18 18:11:44     Query Q39 Score: 1.00
2026-06-18 18:11:44   [40/45] Processing Query Q40...
2026-06-18 18:11:49     Query Q40 Score: 1.00
2026-06-18 18:11:49   [41/45] Processing Query Q41...
2026-06-18 18:11:54     Query Q41 Score: 0.90
2026-06-18 18:11:54   [42/45] Processing Query Q42...
2026-06-18 18:12:00     Query Q42 Score: 0.95
2026-06-18 18:12:00   [43/45] Processing Query Q43...
2026-06-18 18:12:05     Query Q43 Score: 1.00
2026-06-18 18:12:05   [44/45] Processing Query Q48...
2026-06-18 18:12:11     Query Q48 Score: 0.85
2026-06-18 18:12:11   [45/45] Processing Query Q49...
2026-06-18 18:12:18     Query Q49 Score: 0.60
2026-06-18 18:12:18 Saved validation results to /home/virtualuser/model_evaluation/autoresearch/archive/run_20260618_134629/outputs/validation_results_iter41_20260618_181218.csv
2026-06-18 18:12:18 Validation run completed. Overall Mean Score: 0.9022
2026-06-18 18:12:18 Candidate Score: 0.9022 (Delta: -0.0267)
2026-06-18 18:12:18 >>> FAILURE: Score did not improve. Discarding changes.
2026-06-18 18:12:18 Iteration #41 logged successfully to experiments.json.
2026-06-18 18:12:18 
2026-06-18 18:12:18 =========================================
2026-06-18 18:12:18 STARTING ITERATION #42
2026-06-18 18:12:18 =========================================
2026-06-18 18:12:18 Current Champion Score: 0.9289
2026-06-18 18:12:18 Failing queries to fix: 13
2026-06-18 18:12:18 Calling Optimizer Agent to refine instructions...
2026-06-18 18:13:01 Starting validation run on 45 queries...
2026-06-18 18:13:01   [1/45] Processing Query Q01...
2026-06-18 18:13:07     Query Q01 Score: 1.00
2026-06-18 18:13:07   [2/45] Processing Query Q02...
2026-06-18 18:13:12     Query Q02 Score: 0.85
2026-06-18 18:13:12   [3/45] Processing Query Q03...
2026-06-18 18:13:18     Query Q03 Score: 1.00
2026-06-18 18:13:18   [4/45] Processing Query Q04...
2026-06-18 18:13:23     Query Q04 Score: 1.00
2026-06-18 18:13:23   [5/45] Processing Query Q05...
2026-06-18 18:13:29     Query Q05 Score: 0.30
2026-06-18 18:13:29   [6/45] Processing Query Q06...
2026-06-18 18:13:35     Query Q06 Score: 1.00
2026-06-18 18:13:35   [7/45] Processing Query Q07...
2026-06-18 18:13:40     Query Q07 Score: 1.00
2026-06-18 18:13:40   [8/45] Processing Query Q08...
2026-06-18 18:13:45     Query Q08 Score: 1.00
2026-06-18 18:13:45   [9/45] Processing Query Q09...
2026-06-18 18:13:54     Query Q09 Score: 0.40
2026-06-18 18:13:54   [10/45] Processing Query Q10...
2026-06-18 18:14:00     Query Q10 Score: 1.00
2026-06-18 18:14:00   [11/45] Processing Query Q11...
2026-06-18 18:14:07     Query Q11 Score: 0.30
2026-06-18 18:14:07   [12/45] Processing Query Q12...
2026-06-18 18:14:12     Query Q12 Score: 1.00
2026-06-18 18:14:12   [13/45] Processing Query Q13...
2026-06-18 18:14:17     Query Q13 Score: 0.95
2026-06-18 18:14:17   [14/45] Processing Query Q14...
2026-06-18 18:14:22     Query Q14 Score: 0.85
2026-06-18 18:14:22   [15/45] Processing Query Q15...
2026-06-18 18:14:28     Query Q15 Score: 1.00
2026-06-18 18:14:28   [16/45] Processing Query Q16...
2026-06-18 18:14:33     Query Q16 Score: 0.75
2026-06-18 18:14:33   [17/45] Processing Query Q17...
2026-06-18 18:14:39     Query Q17 Score: 1.00
2026-06-18 18:14:39   [18/45] Processing Query Q18...
2026-06-18 18:14:44     Query Q18 Score: 1.00
2026-06-18 18:14:44   [19/45] Processing Query Q19...
2026-06-18 18:14:50     Query Q19 Score: 0.75
2026-06-18 18:14:50   [20/45] Processing Query Q20...
2026-06-18 18:14:55     Query Q20 Score: 1.00
2026-06-18 18:14:55   [21/45] Processing Query Q21...
2026-06-18 18:15:00     Query Q21 Score: 1.00
2026-06-18 18:15:00   [22/45] Processing Query Q22...
2026-06-18 18:15:05     Query Q22 Score: 0.95
2026-06-18 18:15:05   [23/45] Processing Query Q23...
2026-06-18 18:15:11     Query Q23 Score: 1.00
2026-06-18 18:15:11   [24/45] Processing Query Q24...
2026-06-18 18:15:16     Query Q24 Score: 0.90
2026-06-18 18:15:16   [25/45] Processing Query Q25...
2026-06-18 18:15:21     Query Q25 Score: 1.00
2026-06-18 18:15:21   [26/45] Processing Query Q26...
2026-06-18 18:15:25     Query Q26 Score: 1.00
2026-06-18 18:15:25   [27/45] Processing Query Q27...
2026-06-18 18:15:30     Query Q27 Score: 1.00
2026-06-18 18:15:30   [28/45] Processing Query Q28...
2026-06-18 18:15:34     Query Q28 Score: 1.00
2026-06-18 18:15:34   [29/45] Processing Query Q29...
2026-06-18 18:15:39     Query Q29 Score: 0.60
2026-06-18 18:15:39   [30/45] Processing Query Q30...
2026-06-18 18:15:45     Query Q30 Score: 1.00
2026-06-18 18:15:45   [31/45] Processing Query Q31...
2026-06-18 18:15:50     Query Q31 Score: 1.00
2026-06-18 18:15:50   [32/45] Processing Query Q32...
2026-06-18 18:15:56     Query Q32 Score: 1.00
2026-06-18 18:15:56   [33/45] Processing Query Q33...
2026-06-18 18:16:11     Query Q33 Score: 1.00
2026-06-18 18:16:11   [34/45] Processing Query Q34...
2026-06-18 18:16:16     Query Q34 Score: 1.00
2026-06-18 18:16:16   [35/45] Processing Query Q35...
2026-06-18 18:16:20     Query Q35 Score: 1.00
2026-06-18 18:16:20   [36/45] Processing Query Q36...
2026-06-18 18:16:28     Query Q36 Score: 0.95
2026-06-18 18:16:28   [37/45] Processing Query Q37...
2026-06-18 18:16:33     Query Q37 Score: 0.50
2026-06-18 18:16:33   [38/45] Processing Query Q38...
2026-06-18 18:16:41     Query Q38 Score: 1.00
2026-06-18 18:16:41   [39/45] Processing Query Q39...
2026-06-18 18:16:46     Query Q39 Score: 1.00
2026-06-18 18:16:46   [40/45] Processing Query Q40...
2026-06-18 18:16:52     Query Q40 Score: 1.00
2026-06-18 18:16:52   [41/45] Processing Query Q41...
2026-06-18 18:16:58     Query Q41 Score: 0.60
2026-06-18 18:16:58   [42/45] Processing Query Q42...
2026-06-18 18:17:03     Query Q42 Score: 1.00
2026-06-18 18:17:03   [43/45] Processing Query Q43...
2026-06-18 18:17:08     Query Q43 Score: 1.00
2026-06-18 18:17:08   [44/45] Processing Query Q48...
2026-06-18 18:17:14     Query Q48 Score: 0.90
2026-06-18 18:17:14   [45/45] Processing Query Q49...
2026-06-18 18:17:21     Query Q49 Score: 0.65
2026-06-18 18:17:21 Saved validation results to /home/virtualuser/model_evaluation/autoresearch/archive/run_20260618_134629/outputs/validation_results_iter42_20260618_181721.csv
2026-06-18 18:17:21 Validation run completed. Overall Mean Score: 0.8933
2026-06-18 18:17:21 Candidate Score: 0.8933 (Delta: -0.0356)
2026-06-18 18:17:21 >>> FAILURE: Score did not improve. Discarding changes.
2026-06-18 18:17:21 Iteration #42 logged successfully to experiments.json.
2026-06-18 18:17:21 
2026-06-18 18:17:21 =========================================
2026-06-18 18:17:21 STARTING ITERATION #43
2026-06-18 18:17:21 =========================================
2026-06-18 18:17:21 Current Champion Score: 0.9289
2026-06-18 18:17:21 Failing queries to fix: 13
2026-06-18 18:17:21 Calling Optimizer Agent to refine instructions...
2026-06-18 18:18:05 Starting validation run on 45 queries...
2026-06-18 18:18:05   [1/45] Processing Query Q01...
2026-06-18 18:18:11     Query Q01 Score: 1.00
2026-06-18 18:18:11   [2/45] Processing Query Q02...
2026-06-18 18:18:16     Query Q02 Score: 0.85
2026-06-18 18:18:16   [3/45] Processing Query Q03...
2026-06-18 18:18:22     Query Q03 Score: 1.00
2026-06-18 18:18:22   [4/45] Processing Query Q04...
2026-06-18 18:18:28     Query Q04 Score: 1.00
2026-06-18 18:18:28   [5/45] Processing Query Q05...
2026-06-18 18:18:34     Query Q05 Score: 0.40
2026-06-18 18:18:34   [6/45] Processing Query Q06...
2026-06-18 18:18:40     Query Q06 Score: 1.00
2026-06-18 18:18:40   [7/45] Processing Query Q07...
2026-06-18 18:18:45     Query Q07 Score: 1.00
2026-06-18 18:18:45   [8/45] Processing Query Q08...
2026-06-18 18:18:50     Query Q08 Score: 1.00
2026-06-18 18:18:50   [9/45] Processing Query Q09...
2026-06-18 18:19:00     Query Q09 Score: 1.00
2026-06-18 18:19:00   [10/45] Processing Query Q10...
2026-06-18 18:19:05     Query Q10 Score: 1.00
2026-06-18 18:19:05   [11/45] Processing Query Q11...
2026-06-18 18:19:13     Query Q11 Score: 0.40
2026-06-18 18:19:13   [12/45] Processing Query Q12...
2026-06-18 18:19:17     Query Q12 Score: 1.00
2026-06-18 18:19:17   [13/45] Processing Query Q13...
2026-06-18 18:19:24     Query Q13 Score: 0.40
2026-06-18 18:19:24   [14/45] Processing Query Q14...
2026-06-18 18:19:28     Query Q14 Score: 0.85
2026-06-18 18:19:28   [15/45] Processing Query Q15...
2026-06-18 18:19:35     Query Q15 Score: 1.00
2026-06-18 18:19:35   [16/45] Processing Query Q16...
2026-06-18 18:19:40     Query Q16 Score: 0.75
2026-06-18 18:19:40   [17/45] Processing Query Q17...
2026-06-18 18:19:45     Query Q17 Score: 1.00
2026-06-18 18:19:45   [18/45] Processing Query Q18...
2026-06-18 18:19:50     Query Q18 Score: 1.00
2026-06-18 18:19:50   [19/45] Processing Query Q19...
2026-06-18 18:19:56     Query Q19 Score: 0.85
2026-06-18 18:19:56   [20/45] Processing Query Q20...
2026-06-18 18:20:01     Query Q20 Score: 1.00
2026-06-18 18:20:01   [21/45] Processing Query Q21...
2026-06-18 18:20:06     Query Q21 Score: 1.00
2026-06-18 18:20:06   [22/45] Processing Query Q22...
2026-06-18 18:20:11     Query Q22 Score: 0.95
2026-06-18 18:20:11   [23/45] Processing Query Q23...
2026-06-18 18:20:30     Query Q23 Score: 0.50
2026-06-18 18:20:30   [24/45] Processing Query Q24...
2026-06-18 18:20:35     Query Q24 Score: 1.00
2026-06-18 18:20:35   [25/45] Processing Query Q25...
2026-06-18 18:20:40     Query Q25 Score: 0.95
2026-06-18 18:20:40   [26/45] Processing Query Q26...
2026-06-18 18:20:44     Query Q26 Score: 1.00
2026-06-18 18:20:44   [27/45] Processing Query Q27...
2026-06-18 18:20:49     Query Q27 Score: 1.00
2026-06-18 18:20:49   [28/45] Processing Query Q28...
2026-06-18 18:20:53     Query Q28 Score: 1.00
2026-06-18 18:20:53   [29/45] Processing Query Q29...
2026-06-18 18:20:59     Query Q29 Score: 0.60
2026-06-18 18:20:59   [30/45] Processing Query Q30...
2026-06-18 18:21:04     Query Q30 Score: 1.00
2026-06-18 18:21:04   [31/45] Processing Query Q31...
2026-06-18 18:21:09     Query Q31 Score: 1.00
2026-06-18 18:21:09   [32/45] Processing Query Q32...
2026-06-18 18:21:15     Query Q32 Score: 1.00
2026-06-18 18:21:15   [33/45] Processing Query Q33...
2026-06-18 18:21:21     Query Q33 Score: 1.00
2026-06-18 18:21:21   [34/45] Processing Query Q34...
2026-06-18 18:21:26     Query Q34 Score: 1.00
2026-06-18 18:21:26   [35/45] Processing Query Q35...
2026-06-18 18:21:30     Query Q35 Score: 1.00
2026-06-18 18:21:30   [36/45] Processing Query Q36...
2026-06-18 18:21:35     Query Q36 Score: 1.00
2026-06-18 18:21:35   [37/45] Processing Query Q37...
2026-06-18 18:21:40     Query Q37 Score: 1.00
2026-06-18 18:21:40   [38/45] Processing Query Q38...
2026-06-18 18:21:45     Query Q38 Score: 0.70
2026-06-18 18:21:45   [39/45] Processing Query Q39...
2026-06-18 18:21:50     Query Q39 Score: 0.95
2026-06-18 18:21:50   [40/45] Processing Query Q40...
2026-06-18 18:21:55     Query Q40 Score: 1.00
2026-06-18 18:21:55   [41/45] Processing Query Q41...
2026-06-18 18:22:01     Query Q41 Score: 0.90
2026-06-18 18:22:01   [42/45] Processing Query Q42...
2026-06-18 18:22:06     Query Q42 Score: 0.95
2026-06-18 18:22:06   [43/45] Processing Query Q43...
2026-06-18 18:22:11     Query Q43 Score: 1.00
2026-06-18 18:22:11   [44/45] Processing Query Q48...
2026-06-18 18:22:17     Query Q48 Score: 0.90
2026-06-18 18:22:17   [45/45] Processing Query Q49...
2026-06-18 18:22:24     Query Q49 Score: 0.65
2026-06-18 18:22:24 Saved validation results to /home/virtualuser/model_evaluation/autoresearch/archive/run_20260618_134629/outputs/validation_results_iter43_20260618_182224.csv
2026-06-18 18:22:24 Validation run completed. Overall Mean Score: 0.9011
2026-06-18 18:22:24 Candidate Score: 0.9011 (Delta: -0.0278)
2026-06-18 18:22:24 >>> FAILURE: Score did not improve. Discarding changes.
2026-06-18 18:22:24 Iteration #43 logged successfully to experiments.json.
2026-06-18 18:22:24 
2026-06-18 18:22:24 =========================================
2026-06-18 18:22:24 STARTING ITERATION #44
2026-06-18 18:22:24 =========================================
2026-06-18 18:22:24 Current Champion Score: 0.9289
2026-06-18 18:22:24 Failing queries to fix: 13
2026-06-18 18:22:24 Calling Optimizer Agent to refine instructions...
2026-06-18 18:22:59 Starting validation run on 45 queries...
2026-06-18 18:22:59   [1/45] Processing Query Q01...
2026-06-18 18:23:05     Query Q01 Score: 1.00
2026-06-18 18:23:05   [2/45] Processing Query Q02...
2026-06-18 18:23:10     Query Q02 Score: 0.85
2026-06-18 18:23:10   [3/45] Processing Query Q03...
2026-06-18 18:23:16     Query Q03 Score: 1.00
2026-06-18 18:23:16   [4/45] Processing Query Q04...
2026-06-18 18:23:21     Query Q04 Score: 1.00
2026-06-18 18:23:21   [5/45] Processing Query Q05...
2026-06-18 18:23:27     Query Q05 Score: 0.40
2026-06-18 18:23:27   [6/45] Processing Query Q06...
2026-06-18 18:23:36     Query Q06 Score: 1.00
2026-06-18 18:23:36   [7/45] Processing Query Q07...
2026-06-18 18:23:41     Query Q07 Score: 1.00
2026-06-18 18:23:41   [8/45] Processing Query Q08...
2026-06-18 18:23:46     Query Q08 Score: 1.00
2026-06-18 18:23:46   [9/45] Processing Query Q09...
2026-06-18 18:23:55     Query Q09 Score: 1.00
2026-06-18 18:23:55   [10/45] Processing Query Q10...
2026-06-18 18:24:00     Query Q10 Score: 1.00
2026-06-18 18:24:00   [11/45] Processing Query Q11...
2026-06-18 18:24:13     Query Q11 Score: 0.40
2026-06-18 18:24:13   [12/45] Processing Query Q12...
2026-06-18 18:24:18     Query Q12 Score: 1.00
2026-06-18 18:24:18   [13/45] Processing Query Q13...
2026-06-18 18:24:24     Query Q13 Score: 0.40
2026-06-18 18:24:24   [14/45] Processing Query Q14...
2026-06-18 18:24:29     Query Q14 Score: 0.85
2026-06-18 18:24:29   [15/45] Processing Query Q15...
2026-06-18 18:24:35     Query Q15 Score: 1.00
2026-06-18 18:24:35   [16/45] Processing Query Q16...
2026-06-18 18:24:41     Query Q16 Score: 1.00
2026-06-18 18:24:41   [17/45] Processing Query Q17...
2026-06-18 18:24:46     Query Q17 Score: 1.00
2026-06-18 18:24:46   [18/45] Processing Query Q18...
2026-06-18 18:24:51     Query Q18 Score: 1.00
2026-06-18 18:24:51   [19/45] Processing Query Q19...
2026-06-18 18:24:57     Query Q19 Score: 0.50
2026-06-18 18:24:57   [20/45] Processing Query Q20...
2026-06-18 18:25:02     Query Q20 Score: 0.90
2026-06-18 18:25:02   [21/45] Processing Query Q21...
2026-06-18 18:25:07     Query Q21 Score: 1.00
2026-06-18 18:25:07   [22/45] Processing Query Q22...
2026-06-18 18:25:12     Query Q22 Score: 1.00
2026-06-18 18:25:12   [23/45] Processing Query Q23...
2026-06-18 18:25:31     Query Q23 Score: 0.50
2026-06-18 18:25:31   [24/45] Processing Query Q24...
2026-06-18 18:25:35     Query Q24 Score: 1.00
2026-06-18 18:25:35   [25/45] Processing Query Q25...
2026-06-18 18:25:41     Query Q25 Score: 1.00
2026-06-18 18:25:41   [26/45] Processing Query Q26...
2026-06-18 18:25:45     Query Q26 Score: 1.00
2026-06-18 18:25:45   [27/45] Processing Query Q27...
2026-06-18 18:25:53     Query Q27 Score: 1.00
2026-06-18 18:25:53   [28/45] Processing Query Q28...
2026-06-18 18:25:57     Query Q28 Score: 1.00
2026-06-18 18:25:57   [29/45] Processing Query Q29...
2026-06-18 18:26:03     Query Q29 Score: 1.00
2026-06-18 18:26:03   [30/45] Processing Query Q30...
2026-06-18 18:26:09     Query Q30 Score: 1.00
2026-06-18 18:26:09   [31/45] Processing Query Q31...
2026-06-18 18:26:13     Query Q31 Score: 1.00
2026-06-18 18:26:13   [32/45] Processing Query Q32...
2026-06-18 18:26:19     Query Q32 Score: 1.00
2026-06-18 18:26:19   [33/45] Processing Query Q33...
2026-06-18 18:26:31     Query Q33 Score: 0.85
2026-06-18 18:26:31   [34/45] Processing Query Q34...
2026-06-18 18:26:36     Query Q34 Score: 1.00
2026-06-18 18:26:36   [35/45] Processing Query Q35...
2026-06-18 18:26:40     Query Q35 Score: 1.00
2026-06-18 18:26:40   [36/45] Processing Query Q36...
2026-06-18 18:26:45     Query Q36 Score: 1.00
2026-06-18 18:26:45   [37/45] Processing Query Q37...
2026-06-18 18:26:52     Query Q37 Score: 0.30
2026-06-18 18:26:52   [38/45] Processing Query Q38...
2026-06-18 18:26:59     Query Q38 Score: 1.00
2026-06-18 18:26:59   [39/45] Processing Query Q39...
2026-06-18 18:27:03     Query Q39 Score: 0.95
2026-06-18 18:27:03   [40/45] Processing Query Q40...
2026-06-18 18:27:09     Query Q40 Score: 1.00
2026-06-18 18:27:09   [41/45] Processing Query Q41...
2026-06-18 18:27:15     Query Q41 Score: 0.60
2026-06-18 18:27:15   [42/45] Processing Query Q42...
2026-06-18 18:27:20     Query Q42 Score: 1.00
2026-06-18 18:27:20   [43/45] Processing Query Q43...
2026-06-18 18:27:25     Query Q43 Score: 1.00
2026-06-18 18:27:25   [44/45] Processing Query Q48...
2026-06-18 18:27:31     Query Q48 Score: 0.90
2026-06-18 18:27:31   [45/45] Processing Query Q49...
2026-06-18 18:27:39     Query Q49 Score: 0.40
2026-06-18 18:27:39 Saved validation results to /home/virtualuser/model_evaluation/autoresearch/archive/run_20260618_134629/outputs/validation_results_iter44_20260618_182739.csv
2026-06-18 18:27:39 Validation run completed. Overall Mean Score: 0.8844
2026-06-18 18:27:39 Candidate Score: 0.8844 (Delta: -0.0444)
2026-06-18 18:27:39 >>> FAILURE: Score did not improve. Discarding changes.
2026-06-18 18:27:39 Iteration #44 logged successfully to experiments.json.
2026-06-18 18:27:39 
2026-06-18 18:27:39 =========================================
2026-06-18 18:27:39 STARTING ITERATION #45
2026-06-18 18:27:39 =========================================
2026-06-18 18:27:39 Current Champion Score: 0.9289
2026-06-18 18:27:39 Failing queries to fix: 13
2026-06-18 18:27:39 Calling Optimizer Agent to refine instructions...
2026-06-18 18:28:20 Starting validation run on 45 queries...
2026-06-18 18:28:20   [1/45] Processing Query Q01...
2026-06-18 18:28:25     Query Q01 Score: 1.00
2026-06-18 18:28:25   [2/45] Processing Query Q02...
2026-06-18 18:28:31     Query Q02 Score: 0.85
2026-06-18 18:28:31   [3/45] Processing Query Q03...
2026-06-18 18:28:36     Query Q03 Score: 1.00
2026-06-18 18:28:36   [4/45] Processing Query Q04...
2026-06-18 18:28:42     Query Q04 Score: 1.00
2026-06-18 18:28:42   [5/45] Processing Query Q05...
2026-06-18 18:28:48     Query Q05 Score: 0.40
2026-06-18 18:28:48   [6/45] Processing Query Q06...
2026-06-18 18:28:54     Query Q06 Score: 1.00
2026-06-18 18:28:54   [7/45] Processing Query Q07...
2026-06-18 18:28:59     Query Q07 Score: 1.00
2026-06-18 18:28:59   [8/45] Processing Query Q08...
2026-06-18 18:29:04     Query Q08 Score: 1.00
2026-06-18 18:29:04   [9/45] Processing Query Q09...
2026-06-18 18:29:12     Query Q09 Score: 0.50
2026-06-18 18:29:12   [10/45] Processing Query Q10...
2026-06-18 18:29:19     Query Q10 Score: 1.00
2026-06-18 18:29:19   [11/45] Processing Query Q11...
2026-06-18 18:29:27     Query Q11 Score: 0.90
2026-06-18 18:29:27   [12/45] Processing Query Q12...
2026-06-18 18:29:32     Query Q12 Score: 1.00
2026-06-18 18:29:32   [13/45] Processing Query Q13...
2026-06-18 18:29:37     Query Q13 Score: 0.50
2026-06-18 18:29:37   [14/45] Processing Query Q14...
2026-06-18 18:29:42     Query Q14 Score: 0.85
2026-06-18 18:29:42   [15/45] Processing Query Q15...
2026-06-18 18:29:48     Query Q15 Score: 1.00
2026-06-18 18:29:48   [16/45] Processing Query Q16...
2026-06-18 18:29:53     Query Q16 Score: 0.75
2026-06-18 18:29:53   [17/45] Processing Query Q17...
2026-06-18 18:29:58     Query Q17 Score: 1.00
2026-06-18 18:29:58   [18/45] Processing Query Q18...
2026-06-18 18:30:03     Query Q18 Score: 1.00
2026-06-18 18:30:03   [19/45] Processing Query Q19...
2026-06-18 18:30:08     Query Q19 Score: 0.95
2026-06-18 18:30:08   [20/45] Processing Query Q20...
2026-06-18 18:30:13     Query Q20 Score: 0.90
2026-06-18 18:30:13   [21/45] Processing Query Q21...
2026-06-18 18:30:18     Query Q21 Score: 1.00
2026-06-18 18:30:18   [22/45] Processing Query Q22...
2026-06-18 18:30:22     Query Q22 Score: 0.95
2026-06-18 18:30:22   [23/45] Processing Query Q23...
2026-06-18 18:30:38     Query Q23 Score: 0.75
2026-06-18 18:30:38   [24/45] Processing Query Q24...
2026-06-18 18:30:42     Query Q24 Score: 1.00
2026-06-18 18:30:42   [25/45] Processing Query Q25...
2026-06-18 18:30:48     Query Q25 Score: 0.95
2026-06-18 18:30:48   [26/45] Processing Query Q26...
2026-06-18 18:30:52     Query Q26 Score: 1.00
2026-06-18 18:30:52   [27/45] Processing Query Q27...
2026-06-18 18:30:56     Query Q27 Score: 0.95
2026-06-18 18:30:56   [28/45] Processing Query Q28...
2026-06-18 18:31:01     Query Q28 Score: 1.00
2026-06-18 18:31:01   [29/45] Processing Query Q29...
2026-06-18 18:31:06     Query Q29 Score: 0.60
2026-06-18 18:31:06   [30/45] Processing Query Q30...
2026-06-18 18:31:12     Query Q30 Score: 1.00
2026-06-18 18:31:12   [31/45] Processing Query Q31...
2026-06-18 18:31:16     Query Q31 Score: 1.00
2026-06-18 18:31:16   [32/45] Processing Query Q32...
2026-06-18 18:31:22     Query Q32 Score: 1.00
2026-06-18 18:31:22   [33/45] Processing Query Q33...
2026-06-18 18:31:28     Query Q33 Score: 0.90
2026-06-18 18:31:28   [34/45] Processing Query Q34...
2026-06-18 18:31:33     Query Q34 Score: 1.00
2026-06-18 18:31:33   [35/45] Processing Query Q35...
2026-06-18 18:31:37     Query Q35 Score: 1.00
2026-06-18 18:31:37   [36/45] Processing Query Q36...
2026-06-18 18:31:42     Query Q36 Score: 1.00
2026-06-18 18:31:42   [37/45] Processing Query Q37...
2026-06-18 18:31:48     Query Q37 Score: 0.50
2026-06-18 18:31:48   [38/45] Processing Query Q38...
2026-06-18 18:31:55     Query Q38 Score: 1.00
2026-06-18 18:31:55   [39/45] Processing Query Q39...
2026-06-18 18:32:00     Query Q39 Score: 1.00
2026-06-18 18:32:00   [40/45] Processing Query Q40...
2026-06-18 18:32:05     Query Q40 Score: 1.00
2026-06-18 18:32:05   [41/45] Processing Query Q41...
2026-06-18 18:32:10     Query Q41 Score: 0.90
2026-06-18 18:32:10   [42/45] Processing Query Q42...
2026-06-18 18:32:15     Query Q42 Score: 0.95
2026-06-18 18:32:15   [43/45] Processing Query Q43...
2026-06-18 18:32:21     Query Q43 Score: 1.00
2026-06-18 18:32:21   [44/45] Processing Query Q48...
2026-06-18 18:32:41     Query Q48 Score: 0.75
2026-06-18 18:32:41   [45/45] Processing Query Q49...
2026-06-18 18:32:48     Query Q49 Score: 0.65
2026-06-18 18:32:48 Saved validation results to /home/virtualuser/model_evaluation/autoresearch/archive/run_20260618_134629/outputs/validation_results_iter45_20260618_183248.csv
2026-06-18 18:32:48 Validation run completed. Overall Mean Score: 0.8989
2026-06-18 18:32:48 Candidate Score: 0.8989 (Delta: -0.0300)
2026-06-18 18:32:48 >>> FAILURE: Score did not improve. Discarding changes.
2026-06-18 18:32:48 Iteration #45 logged successfully to experiments.json.
2026-06-18 18:32:48 
2026-06-18 18:32:48 =========================================
2026-06-18 18:32:48 STARTING ITERATION #46
2026-06-18 18:32:48 =========================================
2026-06-18 18:32:48 Current Champion Score: 0.9289
2026-06-18 18:32:48 Failing queries to fix: 13
2026-06-18 18:32:48 Calling Optimizer Agent to refine instructions...
2026-06-18 18:33:34 Starting validation run on 45 queries...
2026-06-18 18:33:34   [1/45] Processing Query Q01...
2026-06-18 18:33:38     Query Q01 Score: 1.00
2026-06-18 18:33:38   [2/45] Processing Query Q02...
2026-06-18 18:33:44     Query Q02 Score: 1.00
2026-06-18 18:33:44   [3/45] Processing Query Q03...
2026-06-18 18:33:49     Query Q03 Score: 1.00
2026-06-18 18:33:49   [4/45] Processing Query Q04...
2026-06-18 18:33:55     Query Q04 Score: 1.00
2026-06-18 18:33:55   [5/45] Processing Query Q05...
2026-06-18 18:34:01     Query Q05 Score: 0.30
2026-06-18 18:34:01   [6/45] Processing Query Q06...
2026-06-18 18:34:06     Query Q06 Score: 1.00
2026-06-18 18:34:06   [7/45] Processing Query Q07...
2026-06-18 18:34:11     Query Q07 Score: 1.00
2026-06-18 18:34:11   [8/45] Processing Query Q08...
2026-06-18 18:34:16     Query Q08 Score: 1.00
2026-06-18 18:34:16   [9/45] Processing Query Q09...
2026-06-18 18:34:27     Query Q09 Score: 0.95
2026-06-18 18:34:27   [10/45] Processing Query Q10...
2026-06-18 18:34:32     Query Q10 Score: 1.00
2026-06-18 18:34:32   [11/45] Processing Query Q11...
2026-06-18 18:34:40     Query Q11 Score: 0.75
2026-06-18 18:34:40   [12/45] Processing Query Q12...
2026-06-18 18:34:45     Query Q12 Score: 1.00
2026-06-18 18:34:45   [13/45] Processing Query Q13...
2026-06-18 18:34:50     Query Q13 Score: 1.00
2026-06-18 18:34:50   [14/45] Processing Query Q14...
2026-06-18 18:34:54     Query Q14 Score: 0.85
2026-06-18 18:34:54   [15/45] Processing Query Q15...
2026-06-18 18:35:00     Query Q15 Score: 1.00
2026-06-18 18:35:00   [16/45] Processing Query Q16...
2026-06-18 18:35:06     Query Q16 Score: 0.75
2026-06-18 18:35:06   [17/45] Processing Query Q17...
2026-06-18 18:35:11     Query Q17 Score: 1.00
2026-06-18 18:35:11   [18/45] Processing Query Q18...
2026-06-18 18:35:16     Query Q18 Score: 1.00
2026-06-18 18:35:16   [19/45] Processing Query Q19...
2026-06-18 18:35:21     Query Q19 Score: 0.95
2026-06-18 18:35:21   [20/45] Processing Query Q20...
2026-06-18 18:35:26     Query Q20 Score: 1.00
2026-06-18 18:35:26   [21/45] Processing Query Q21...
2026-06-18 18:35:31     Query Q21 Score: 1.00
2026-06-18 18:35:31   [22/45] Processing Query Q22...
2026-06-18 18:35:35     Query Q22 Score: 0.95
2026-06-18 18:35:35   [23/45] Processing Query Q23...
2026-06-18 18:35:48     Query Q23 Score: 1.00
2026-06-18 18:35:48   [24/45] Processing Query Q24...
2026-06-18 18:35:52     Query Q24 Score: 1.00
2026-06-18 18:35:52   [25/45] Processing Query Q25...
2026-06-18 18:35:58     Query Q25 Score: 0.95
2026-06-18 18:35:58   [26/45] Processing Query Q26...
2026-06-18 18:36:02     Query Q26 Score: 1.00
2026-06-18 18:36:02   [27/45] Processing Query Q27...
2026-06-18 18:36:13     Query Q27 Score: 0.60
2026-06-18 18:36:13   [28/45] Processing Query Q28...
2026-06-18 18:36:17     Query Q28 Score: 1.00
2026-06-18 18:36:17   [29/45] Processing Query Q29...
2026-06-18 18:36:22     Query Q29 Score: 0.60
2026-06-18 18:36:22   [30/45] Processing Query Q30...
2026-06-18 18:36:28     Query Q30 Score: 1.00
2026-06-18 18:36:28   [31/45] Processing Query Q31...
2026-06-18 18:36:33     Query Q31 Score: 1.00
2026-06-18 18:36:33   [32/45] Processing Query Q32...
2026-06-18 18:36:39     Query Q32 Score: 1.00
2026-06-18 18:36:39   [33/45] Processing Query Q33...
2026-06-18 18:36:49     Query Q33 Score: 0.75
2026-06-18 18:36:49   [34/45] Processing Query Q34...
2026-06-18 18:36:54     Query Q34 Score: 0.95
2026-06-18 18:36:54   [35/45] Processing Query Q35...
2026-06-18 18:37:00     Query Q35 Score: 1.00
2026-06-18 18:37:00   [36/45] Processing Query Q36...
2026-06-18 18:37:05     Query Q36 Score: 1.00
2026-06-18 18:37:05   [37/45] Processing Query Q37...
2026-06-18 18:37:11     Query Q37 Score: 0.40
2026-06-18 18:37:11   [38/45] Processing Query Q38...
2026-06-18 18:37:21     Query Q38 Score: 1.00
2026-06-18 18:37:21   [39/45] Processing Query Q39...
2026-06-18 18:37:26     Query Q39 Score: 1.00
2026-06-18 18:37:26   [40/45] Processing Query Q40...
2026-06-18 18:37:31     Query Q40 Score: 1.00
2026-06-18 18:37:31   [41/45] Processing Query Q41...
2026-06-18 18:37:37     Query Q41 Score: 0.90
2026-06-18 18:37:37   [42/45] Processing Query Q42...
2026-06-18 18:37:42     Query Q42 Score: 0.95
2026-06-18 18:37:42   [43/45] Processing Query Q43...
2026-06-18 18:37:47     Query Q43 Score: 1.00
2026-06-18 18:37:47   [44/45] Processing Query Q48...
2026-06-18 18:38:01     Query Q48 Score: 0.40
2026-06-18 18:38:01   [45/45] Processing Query Q49...
2026-06-18 18:38:08     Query Q49 Score: 0.75
2026-06-18 18:38:08 Saved validation results to /home/virtualuser/model_evaluation/autoresearch/archive/run_20260618_134629/outputs/validation_results_iter46_20260618_183808.csv
2026-06-18 18:38:08 Validation run completed. Overall Mean Score: 0.9056
2026-06-18 18:38:08 Candidate Score: 0.9056 (Delta: -0.0233)
2026-06-18 18:38:08 >>> FAILURE: Score did not improve. Discarding changes.
2026-06-18 18:38:08 Iteration #46 logged successfully to experiments.json.
2026-06-18 18:38:08 
2026-06-18 18:38:08 =========================================
2026-06-18 18:38:08 STARTING ITERATION #47
2026-06-18 18:38:08 =========================================
2026-06-18 18:38:08 Current Champion Score: 0.9289
2026-06-18 18:38:08 Failing queries to fix: 13
2026-06-18 18:38:08 Calling Optimizer Agent to refine instructions...
2026-06-18 18:39:05 Starting validation run on 45 queries...
2026-06-18 18:39:05   [1/45] Processing Query Q01...
2026-06-18 18:39:10     Query Q01 Score: 1.00
2026-06-18 18:39:10   [2/45] Processing Query Q02...
2026-06-18 18:39:15     Query Q02 Score: 0.85
2026-06-18 18:39:15   [3/45] Processing Query Q03...
2026-06-18 18:39:21     Query Q03 Score: 1.00
2026-06-18 18:39:21   [4/45] Processing Query Q04...
2026-06-18 18:39:26     Query Q04 Score: 1.00
2026-06-18 18:39:26   [5/45] Processing Query Q05...
2026-06-18 18:39:33     Query Q05 Score: 0.40
2026-06-18 18:39:33   [6/45] Processing Query Q06...
2026-06-18 18:39:39     Query Q06 Score: 1.00
2026-06-18 18:39:39   [7/45] Processing Query Q07...
2026-06-18 18:39:44     Query Q07 Score: 1.00
2026-06-18 18:39:44   [8/45] Processing Query Q08...
2026-06-18 18:39:49     Query Q08 Score: 1.00
2026-06-18 18:39:49   [9/45] Processing Query Q09...
2026-06-18 18:39:55     Query Q09 Score: 1.00
2026-06-18 18:39:55   [10/45] Processing Query Q10...
2026-06-18 18:40:00     Query Q10 Score: 1.00
2026-06-18 18:40:00   [11/45] Processing Query Q11...
2026-06-18 18:40:08     Query Q11 Score: 0.40
2026-06-18 18:40:08   [12/45] Processing Query Q12...
2026-06-18 18:40:13     Query Q12 Score: 1.00
2026-06-18 18:40:13   [13/45] Processing Query Q13...
2026-06-18 18:40:19     Query Q13 Score: 0.50
2026-06-18 18:40:19   [14/45] Processing Query Q14...
2026-06-18 18:40:23     Query Q14 Score: 0.85
2026-06-18 18:40:23   [15/45] Processing Query Q15...
2026-06-18 18:40:32     Query Q15 Score: 1.00
2026-06-18 18:40:32   [16/45] Processing Query Q16...
2026-06-18 18:40:38     Query Q16 Score: 0.75
2026-06-18 18:40:38   [17/45] Processing Query Q17...
2026-06-18 18:40:43     Query Q17 Score: 1.00
2026-06-18 18:40:43   [18/45] Processing Query Q18...
2026-06-18 18:40:49     Query Q18 Score: 1.00
2026-06-18 18:40:49   [19/45] Processing Query Q19...
2026-06-18 18:40:58     Query Q19 Score: 0.95
2026-06-18 18:40:58   [20/45] Processing Query Q20...
2026-06-18 18:41:03     Query Q20 Score: 0.90
2026-06-18 18:41:03   [21/45] Processing Query Q21...
2026-06-18 18:41:08     Query Q21 Score: 1.00
2026-06-18 18:41:08   [22/45] Processing Query Q22...
2026-06-18 18:41:12     Query Q22 Score: 0.95
2026-06-18 18:41:12   [23/45] Processing Query Q23...
2026-06-18 18:41:35     Query Q23 Score: 0.40
2026-06-18 18:41:35   [24/45] Processing Query Q24...
2026-06-18 18:41:40     Query Q24 Score: 1.00
2026-06-18 18:41:40   [25/45] Processing Query Q25...
2026-06-18 18:41:45     Query Q25 Score: 1.00
2026-06-18 18:41:45   [26/45] Processing Query Q26...
2026-06-18 18:41:49     Query Q26 Score: 1.00
2026-06-18 18:41:49   [27/45] Processing Query Q27...
2026-06-18 18:41:54     Query Q27 Score: 1.00
2026-06-18 18:41:54   [28/45] Processing Query Q28...
2026-06-18 18:41:58     Query Q28 Score: 1.00
2026-06-18 18:41:58   [29/45] Processing Query Q29...
2026-06-18 18:42:03     Query Q29 Score: 0.50
2026-06-18 18:42:03   [30/45] Processing Query Q30...
2026-06-18 18:42:09     Query Q30 Score: 1.00
2026-06-18 18:42:09   [31/45] Processing Query Q31...
2026-06-18 18:42:14     Query Q31 Score: 1.00
2026-06-18 18:42:14   [32/45] Processing Query Q32...
2026-06-18 18:42:20     Query Q32 Score: 1.00
2026-06-18 18:42:20   [33/45] Processing Query Q33...
2026-06-18 18:42:26     Query Q33 Score: 0.90
2026-06-18 18:42:26   [34/45] Processing Query Q34...
2026-06-18 18:42:31     Query Q34 Score: 1.00
2026-06-18 18:42:31   [35/45] Processing Query Q35...
2026-06-18 18:42:35     Query Q35 Score: 1.00
2026-06-18 18:42:35   [36/45] Processing Query Q36...
2026-06-18 18:42:40     Query Q36 Score: 1.00
2026-06-18 18:42:40   [37/45] Processing Query Q37...
2026-06-18 18:42:47     Query Q37 Score: 1.00
2026-06-18 18:42:47   [38/45] Processing Query Q38...
2026-06-18 18:42:54     Query Q38 Score: 1.00
2026-06-18 18:42:54   [39/45] Processing Query Q39...
2026-06-18 18:42:59     Query Q39 Score: 1.00
2026-06-18 18:42:59   [40/45] Processing Query Q40...
2026-06-18 18:43:04     Query Q40 Score: 1.00
2026-06-18 18:43:04   [41/45] Processing Query Q41...
2026-06-18 18:43:10     Query Q41 Score: 0.50
2026-06-18 18:43:10   [42/45] Processing Query Q42...
2026-06-18 18:43:15     Query Q42 Score: 1.00
2026-06-18 18:43:15   [43/45] Processing Query Q43...
2026-06-18 18:43:20     Query Q43 Score: 1.00
2026-06-18 18:43:20   [44/45] Processing Query Q48...
2026-06-18 18:43:41     Query Q48 Score: 0.75
2026-06-18 18:43:41   [45/45] Processing Query Q49...
2026-06-18 18:43:48     Query Q49 Score: 0.40
2026-06-18 18:43:48 Saved validation results to /home/virtualuser/model_evaluation/autoresearch/archive/run_20260618_134629/outputs/validation_results_iter47_20260618_184348.csv
2026-06-18 18:43:48 Validation run completed. Overall Mean Score: 0.8889
2026-06-18 18:43:48 Candidate Score: 0.8889 (Delta: -0.0400)
2026-06-18 18:43:48 >>> FAILURE: Score did not improve. Discarding changes.
2026-06-18 18:43:48 Iteration #47 logged successfully to experiments.json.
2026-06-18 18:43:48 
2026-06-18 18:43:48 =========================================
2026-06-18 18:43:48 STARTING ITERATION #48
2026-06-18 18:43:48 =========================================
2026-06-18 18:43:48 Current Champion Score: 0.9289
2026-06-18 18:43:48 Failing queries to fix: 13
2026-06-18 18:43:48 Calling Optimizer Agent to refine instructions...
2026-06-18 18:44:27 Starting validation run on 45 queries...
2026-06-18 18:44:27   [1/45] Processing Query Q01...
2026-06-18 18:44:33     Query Q01 Score: 1.00
2026-06-18 18:44:33   [2/45] Processing Query Q02...
2026-06-18 18:44:38     Query Q02 Score: 0.85
2026-06-18 18:44:38   [3/45] Processing Query Q03...
2026-06-18 18:44:44     Query Q03 Score: 1.00
2026-06-18 18:44:44   [4/45] Processing Query Q04...
2026-06-18 18:44:50     Query Q04 Score: 1.00
2026-06-18 18:44:50   [5/45] Processing Query Q05...
2026-06-18 18:44:56     Query Q05 Score: 0.40
2026-06-18 18:44:56   [6/45] Processing Query Q06...
2026-06-18 18:45:02     Query Q06 Score: 1.00
2026-06-18 18:45:02   [7/45] Processing Query Q07...
2026-06-18 18:45:07     Query Q07 Score: 1.00
2026-06-18 18:45:07   [8/45] Processing Query Q08...
2026-06-18 18:45:12     Query Q08 Score: 1.00
2026-06-18 18:45:12   [9/45] Processing Query Q09...
2026-06-18 18:45:21     Query Q09 Score: 0.40
2026-06-18 18:45:21   [10/45] Processing Query Q10...
2026-06-18 18:45:27     Query Q10 Score: 1.00
2026-06-18 18:45:27   [11/45] Processing Query Q11...
2026-06-18 18:45:35     Query Q11 Score: 0.85
2026-06-18 18:45:35   [12/45] Processing Query Q12...
2026-06-18 18:45:40     Query Q12 Score: 1.00
2026-06-18 18:45:40   [13/45] Processing Query Q13...
2026-06-18 18:45:45     Query Q13 Score: 1.00
2026-06-18 18:45:45   [14/45] Processing Query Q14...
2026-06-18 18:45:50     Query Q14 Score: 0.85
2026-06-18 18:45:50   [15/45] Processing Query Q15...
2026-06-18 18:45:56     Query Q15 Score: 0.95
2026-06-18 18:45:56   [16/45] Processing Query Q16...
2026-06-18 18:46:02     Query Q16 Score: 0.75
2026-06-18 18:46:02   [17/45] Processing Query Q17...
2026-06-18 18:46:07     Query Q17 Score: 1.00
2026-06-18 18:46:07   [18/45] Processing Query Q18...
2026-06-18 18:46:12     Query Q18 Score: 1.00
2026-06-18 18:46:12   [19/45] Processing Query Q19...
2026-06-18 18:46:17     Query Q19 Score: 0.95
2026-06-18 18:46:17   [20/45] Processing Query Q20...
2026-06-18 18:46:22     Query Q20 Score: 0.90
2026-06-18 18:46:22   [21/45] Processing Query Q21...
2026-06-18 18:46:27     Query Q21 Score: 1.00
2026-06-18 18:46:27   [22/45] Processing Query Q22...
2026-06-18 18:46:32     Query Q22 Score: 0.95
2026-06-18 18:46:32   [23/45] Processing Query Q23...
2026-06-18 18:46:51     Query Q23 Score: 1.00
2026-06-18 18:46:51   [24/45] Processing Query Q24...
2026-06-18 18:46:55     Query Q24 Score: 1.00
2026-06-18 18:46:55   [25/45] Processing Query Q25...
2026-06-18 18:47:01     Query Q25 Score: 0.95
2026-06-18 18:47:01   [26/45] Processing Query Q26...
2026-06-18 18:47:05     Query Q26 Score: 1.00
2026-06-18 18:47:05   [27/45] Processing Query Q27...
2026-06-18 18:47:10     Query Q27 Score: 0.50
2026-06-18 18:47:10   [28/45] Processing Query Q28...
2026-06-18 18:47:15     Query Q28 Score: 1.00
2026-06-18 18:47:15   [29/45] Processing Query Q29...
2026-06-18 18:47:20     Query Q29 Score: 0.60
2026-06-18 18:47:20   [30/45] Processing Query Q30...
2026-06-18 18:47:26     Query Q30 Score: 1.00
2026-06-18 18:47:26   [31/45] Processing Query Q31...
2026-06-18 18:47:30     Query Q31 Score: 1.00
2026-06-18 18:47:30   [32/45] Processing Query Q32...
2026-06-18 18:47:37     Query Q32 Score: 1.00
2026-06-18 18:47:37   [33/45] Processing Query Q33...
2026-06-18 18:47:43     Query Q33 Score: 0.90
2026-06-18 18:47:43   [34/45] Processing Query Q34...
2026-06-18 18:47:48     Query Q34 Score: 1.00
2026-06-18 18:47:48   [35/45] Processing Query Q35...
2026-06-18 18:47:52     Query Q35 Score: 1.00
2026-06-18 18:47:52   [36/45] Processing Query Q36...
2026-06-18 18:48:00     Query Q36 Score: 0.95
2026-06-18 18:48:00   [37/45] Processing Query Q37...
2026-06-18 18:48:06     Query Q37 Score: 0.95
2026-06-18 18:48:06   [38/45] Processing Query Q38...
2026-06-18 18:48:13     Query Q38 Score: 1.00
2026-06-18 18:48:13   [39/45] Processing Query Q39...
2026-06-18 18:48:18     Query Q39 Score: 0.95
2026-06-18 18:48:18   [40/45] Processing Query Q40...
2026-06-18 18:48:23     Query Q40 Score: 1.00
2026-06-18 18:48:23   [41/45] Processing Query Q41...
2026-06-18 18:48:29     Query Q41 Score: 0.95
2026-06-18 18:48:29   [42/45] Processing Query Q42...
2026-06-18 18:48:34     Query Q42 Score: 0.95
2026-06-18 18:48:34   [43/45] Processing Query Q43...
2026-06-18 18:48:39     Query Q43 Score: 1.00
2026-06-18 18:48:39   [44/45] Processing Query Q48...
2026-06-18 18:48:45     Query Q48 Score: 0.90
2026-06-18 18:48:45   [45/45] Processing Query Q49...
2026-06-18 18:48:52     Query Q49 Score: 0.65
2026-06-18 18:48:52 Saved validation results to /home/virtualuser/model_evaluation/autoresearch/archive/run_20260618_134629/outputs/validation_results_iter48_20260618_184852.csv
2026-06-18 18:48:52 Validation run completed. Overall Mean Score: 0.9133
2026-06-18 18:48:52 Candidate Score: 0.9133 (Delta: -0.0156)
2026-06-18 18:48:52 >>> FAILURE: Score did not improve. Discarding changes.
2026-06-18 18:48:52 Iteration #48 logged successfully to experiments.json.
2026-06-18 18:48:52 
2026-06-18 18:48:52 =========================================
2026-06-18 18:48:52 STARTING ITERATION #49
2026-06-18 18:48:52 =========================================
2026-06-18 18:48:52 Current Champion Score: 0.9289
2026-06-18 18:48:52 Failing queries to fix: 13
2026-06-18 18:48:52 Calling Optimizer Agent to refine instructions...
2026-06-18 18:49:31 Starting validation run on 45 queries...
2026-06-18 18:49:31   [1/45] Processing Query Q01...
2026-06-18 18:49:37     Query Q01 Score: 1.00
2026-06-18 18:49:37   [2/45] Processing Query Q02...
2026-06-18 18:49:43     Query Q02 Score: 0.85
2026-06-18 18:49:43   [3/45] Processing Query Q03...
2026-06-18 18:49:48     Query Q03 Score: 1.00
2026-06-18 18:49:48   [4/45] Processing Query Q04...
2026-06-18 18:49:54     Query Q04 Score: 0.75
2026-06-18 18:49:54   [5/45] Processing Query Q05...
2026-06-18 18:50:00     Query Q05 Score: 0.20
2026-06-18 18:50:00   [6/45] Processing Query Q06...
2026-06-18 18:50:06     Query Q06 Score: 1.00
2026-06-18 18:50:06   [7/45] Processing Query Q07...
2026-06-18 18:50:11     Query Q07 Score: 1.00
2026-06-18 18:50:11   [8/45] Processing Query Q08...
2026-06-18 18:50:16     Query Q08 Score: 1.00
2026-06-18 18:50:16   [9/45] Processing Query Q09...
2026-06-18 18:50:22     Query Q09 Score: 1.00
2026-06-18 18:50:22   [10/45] Processing Query Q10...
2026-06-18 18:50:28     Query Q10 Score: 1.00
2026-06-18 18:50:28   [11/45] Processing Query Q11...
2026-06-18 18:50:36     Query Q11 Score: 0.50
2026-06-18 18:50:36   [12/45] Processing Query Q12...
2026-06-18 18:50:41     Query Q12 Score: 1.00
2026-06-18 18:50:41   [13/45] Processing Query Q13...
2026-06-18 18:50:46     Query Q13 Score: 0.40
2026-06-18 18:50:46   [14/45] Processing Query Q14...
2026-06-18 18:50:51     Query Q14 Score: 0.85
2026-06-18 18:50:51   [15/45] Processing Query Q15...
2026-06-18 18:50:57     Query Q15 Score: 0.50
2026-06-18 18:50:57   [16/45] Processing Query Q16...
2026-06-18 18:51:03     Query Q16 Score: 0.75
2026-06-18 18:51:03   [17/45] Processing Query Q17...
2026-06-18 18:51:08     Query Q17 Score: 1.00
2026-06-18 18:51:08   [18/45] Processing Query Q18...
2026-06-18 18:51:13     Query Q18 Score: 1.00
2026-06-18 18:51:13   [19/45] Processing Query Q19...
2026-06-18 18:51:19     Query Q19 Score: 0.50
2026-06-18 18:51:19   [20/45] Processing Query Q20...
2026-06-18 18:51:24     Query Q20 Score: 0.90
2026-06-18 18:51:24   [21/45] Processing Query Q21...
2026-06-18 18:51:29     Query Q21 Score: 1.00
2026-06-18 18:51:29   [22/45] Processing Query Q22...
2026-06-18 18:51:34     Query Q22 Score: 1.00
2026-06-18 18:51:34   [23/45] Processing Query Q23...
2026-06-18 18:51:40     Query Q23 Score: 1.00
2026-06-18 18:51:40   [24/45] Processing Query Q24...
2026-06-18 18:51:44     Query Q24 Score: 1.00
2026-06-18 18:51:44   [25/45] Processing Query Q25...
2026-06-18 18:51:50     Query Q25 Score: 1.00
2026-06-18 18:51:50   [26/45] Processing Query Q26...
2026-06-18 18:51:54     Query Q26 Score: 1.00
2026-06-18 18:51:54   [27/45] Processing Query Q27...
2026-06-18 18:51:58     Query Q27 Score: 1.00
2026-06-18 18:51:58   [28/45] Processing Query Q28...
2026-06-18 18:52:03     Query Q28 Score: 1.00
2026-06-18 18:52:03   [29/45] Processing Query Q29...
2026-06-18 18:52:07     Query Q29 Score: 0.50
2026-06-18 18:52:07   [30/45] Processing Query Q30...
2026-06-18 18:52:13     Query Q30 Score: 1.00
2026-06-18 18:52:13   [31/45] Processing Query Q31...
2026-06-18 18:52:18     Query Q31 Score: 1.00
2026-06-18 18:52:18   [32/45] Processing Query Q32...
2026-06-18 18:52:24     Query Q32 Score: 1.00
2026-06-18 18:52:24   [33/45] Processing Query Q33...
2026-06-18 18:52:30     Query Q33 Score: 0.90
2026-06-18 18:52:30   [34/45] Processing Query Q34...
2026-06-18 18:52:35     Query Q34 Score: 1.00
2026-06-18 18:52:35   [35/45] Processing Query Q35...
2026-06-18 18:52:38     Query Q35 Score: 1.00
2026-06-18 18:52:38   [36/45] Processing Query Q36...
2026-06-18 18:52:44     Query Q36 Score: 1.00
2026-06-18 18:52:44   [37/45] Processing Query Q37...
2026-06-18 18:52:50     Query Q37 Score: 0.50
2026-06-18 18:52:50   [38/45] Processing Query Q38...
2026-06-18 18:52:58     Query Q38 Score: 1.00
2026-06-18 18:52:58   [39/45] Processing Query Q39...
2026-06-18 18:53:03     Query Q39 Score: 0.95
2026-06-18 18:53:03   [40/45] Processing Query Q40...
2026-06-18 18:53:08     Query Q40 Score: 1.00
2026-06-18 18:53:08   [41/45] Processing Query Q41...
2026-06-18 18:53:15     Query Q41 Score: 0.60
2026-06-18 18:53:15   [42/45] Processing Query Q42...
2026-06-18 18:53:19     Query Q42 Score: 1.00
2026-06-18 18:53:19   [43/45] Processing Query Q43...
2026-06-18 18:53:25     Query Q43 Score: 1.00
2026-06-18 18:53:25   [44/45] Processing Query Q48...
2026-06-18 18:53:35     Query Q48 Score: 0.75
2026-06-18 18:53:35   [45/45] Processing Query Q49...
2026-06-18 18:53:42     Query Q49 Score: 0.40
2026-06-18 18:53:42 Saved validation results to /home/virtualuser/model_evaluation/autoresearch/archive/run_20260618_134629/outputs/validation_results_iter49_20260618_185342.csv
2026-06-18 18:53:42 Validation run completed. Overall Mean Score: 0.8622
2026-06-18 18:53:42 Candidate Score: 0.8622 (Delta: -0.0667)
2026-06-18 18:53:42 >>> FAILURE: Score did not improve. Discarding changes.
2026-06-18 18:53:42 Iteration #49 logged successfully to experiments.json.
2026-06-18 18:53:42 
2026-06-18 18:53:42 =========================================
2026-06-18 18:53:42 STARTING ITERATION #50
2026-06-18 18:53:42 =========================================
2026-06-18 18:53:42 Current Champion Score: 0.9289
2026-06-18 18:53:42 Failing queries to fix: 13
2026-06-18 18:53:42 Calling Optimizer Agent to refine instructions...
2026-06-18 18:54:29 Starting validation run on 45 queries...
2026-06-18 18:54:29   [1/45] Processing Query Q01...
2026-06-18 18:54:34     Query Q01 Score: 1.00
2026-06-18 18:54:34   [2/45] Processing Query Q02...
2026-06-18 18:54:40     Query Q02 Score: 0.85
2026-06-18 18:54:40   [3/45] Processing Query Q03...
2026-06-18 18:54:45     Query Q03 Score: 1.00
2026-06-18 18:54:45   [4/45] Processing Query Q04...
2026-06-18 18:54:51     Query Q04 Score: 1.00
2026-06-18 18:54:51   [5/45] Processing Query Q05...
2026-06-18 18:54:57     Query Q05 Score: 0.30
2026-06-18 18:54:57   [6/45] Processing Query Q06...
2026-06-18 18:55:03     Query Q06 Score: 0.85
2026-06-18 18:55:03   [7/45] Processing Query Q07...
2026-06-18 18:55:08     Query Q07 Score: 1.00
2026-06-18 18:55:08   [8/45] Processing Query Q08...
2026-06-18 18:55:13     Query Q08 Score: 1.00
2026-06-18 18:55:13   [9/45] Processing Query Q09...
2026-06-18 18:55:18     Query Q09 Score: 1.00
2026-06-18 18:55:18   [10/45] Processing Query Q10...
2026-06-18 18:55:24     Query Q10 Score: 1.00
2026-06-18 18:55:24   [11/45] Processing Query Q11...
2026-06-18 18:55:33     Query Q11 Score: 0.40
2026-06-18 18:55:33   [12/45] Processing Query Q12...
2026-06-18 18:55:38     Query Q12 Score: 1.00
2026-06-18 18:55:38   [13/45] Processing Query Q13...
2026-06-18 18:55:44     Query Q13 Score: 1.00
2026-06-18 18:55:44   [14/45] Processing Query Q14...
2026-06-18 18:55:49     Query Q14 Score: 0.85
2026-06-18 18:55:49   [15/45] Processing Query Q15...
2026-06-18 18:55:55     Query Q15 Score: 1.00
2026-06-18 18:55:55   [16/45] Processing Query Q16...
2026-06-18 18:56:01     Query Q16 Score: 0.75
2026-06-18 18:56:01   [17/45] Processing Query Q17...
2026-06-18 18:56:06     Query Q17 Score: 1.00
2026-06-18 18:56:06   [18/45] Processing Query Q18...
2026-06-18 18:56:12     Query Q18 Score: 1.00
2026-06-18 18:56:12   [19/45] Processing Query Q19...
2026-06-18 18:56:16     Query Q19 Score: 0.95
2026-06-18 18:56:16   [20/45] Processing Query Q20...
2026-06-18 18:56:21     Query Q20 Score: 0.90
2026-06-18 18:56:21   [21/45] Processing Query Q21...
2026-06-18 18:56:26     Query Q21 Score: 1.00
2026-06-18 18:56:26   [22/45] Processing Query Q22...
2026-06-18 18:56:31     Query Q22 Score: 0.95
2026-06-18 18:56:31   [23/45] Processing Query Q23...
2026-06-18 18:56:37     Query Q23 Score: 0.50
2026-06-18 18:56:37   [24/45] Processing Query Q24...
2026-06-18 18:56:42     Query Q24 Score: 1.00
2026-06-18 18:56:42   [25/45] Processing Query Q25...
2026-06-18 18:56:47     Query Q25 Score: 0.95
2026-06-18 18:56:47   [26/45] Processing Query Q26...
2026-06-18 18:56:51     Query Q26 Score: 1.00
2026-06-18 18:56:51   [27/45] Processing Query Q27...
2026-06-18 18:56:56     Query Q27 Score: 1.00
2026-06-18 18:56:56   [28/45] Processing Query Q28...
2026-06-18 18:57:00     Query Q28 Score: 1.00
2026-06-18 18:57:00   [29/45] Processing Query Q29...
2026-06-18 18:57:06     Query Q29 Score: 0.60
2026-06-18 18:57:06   [30/45] Processing Query Q30...
2026-06-18 18:57:11     Query Q30 Score: 1.00
2026-06-18 18:57:11   [31/45] Processing Query Q31...
2026-06-18 18:57:16     Query Q31 Score: 1.00
2026-06-18 18:57:16   [32/45] Processing Query Q32...
2026-06-18 18:57:22     Query Q32 Score: 1.00
2026-06-18 18:57:22   [33/45] Processing Query Q33...
2026-06-18 18:57:34     Query Q33 Score: 0.85
2026-06-18 18:57:34   [34/45] Processing Query Q34...
2026-06-18 18:57:39     Query Q34 Score: 0.95
2026-06-18 18:57:39   [35/45] Processing Query Q35...
2026-06-18 18:57:43     Query Q35 Score: 0.95
2026-06-18 18:57:43   [36/45] Processing Query Q36...
2026-06-18 18:57:48     Query Q36 Score: 1.00
2026-06-18 18:57:48   [37/45] Processing Query Q37...
2026-06-18 18:57:54     Query Q37 Score: 1.00
2026-06-18 18:57:54   [38/45] Processing Query Q38...
2026-06-18 18:58:01     Query Q38 Score: 1.00
2026-06-18 18:58:01   [39/45] Processing Query Q39...
2026-06-18 18:58:06     Query Q39 Score: 1.00
2026-06-18 18:58:06   [40/45] Processing Query Q40...
2026-06-18 18:58:11     Query Q40 Score: 1.00
2026-06-18 18:58:11   [41/45] Processing Query Q41...
2026-06-18 18:58:17     Query Q41 Score: 0.90
2026-06-18 18:58:17   [42/45] Processing Query Q42...
2026-06-18 18:58:22     Query Q42 Score: 0.95
2026-06-18 18:58:22   [43/45] Processing Query Q43...
2026-06-18 18:58:27     Query Q43 Score: 1.00
2026-06-18 18:58:27   [44/45] Processing Query Q48...
2026-06-18 18:58:33     Query Q48 Score: 0.90
2026-06-18 18:58:33   [45/45] Processing Query Q49...
2026-06-18 18:58:40     Query Q49 Score: 0.65
2026-06-18 18:58:40 Saved validation results to /home/virtualuser/model_evaluation/autoresearch/archive/run_20260618_134629/outputs/validation_results_iter50_20260618_185840.csv
2026-06-18 18:58:40 Validation run completed. Overall Mean Score: 0.9111
2026-06-18 18:58:40 Candidate Score: 0.9111 (Delta: -0.0178)
2026-06-18 18:58:40 >>> FAILURE: Score did not improve. Discarding changes.
2026-06-18 18:58:40 Iteration #50 logged successfully to experiments.json.
2026-06-18 18:58:40 
2026-06-18 18:58:40 =========================================
2026-06-18 18:58:40 STARTING ITERATION #51
2026-06-18 18:58:40 =========================================
2026-06-18 18:58:40 Current Champion Score: 0.9289
2026-06-18 18:58:40 Failing queries to fix: 13
2026-06-18 18:58:40 Calling Optimizer Agent to refine instructions...
2026-06-18 18:59:35 Starting validation run on 45 queries...
2026-06-18 18:59:35   [1/45] Processing Query Q01...
2026-06-18 18:59:40     Query Q01 Score: 1.00
2026-06-18 18:59:40   [2/45] Processing Query Q02...
2026-06-18 18:59:46     Query Q02 Score: 0.85
2026-06-18 18:59:46   [3/45] Processing Query Q03...
2026-06-18 18:59:51     Query Q03 Score: 1.00
2026-06-18 18:59:51   [4/45] Processing Query Q04...
2026-06-18 18:59:57     Query Q04 Score: 1.00
2026-06-18 18:59:57   [5/45] Processing Query Q05...
2026-06-18 19:00:02     Query Q05 Score: 0.40
2026-06-18 19:00:02   [6/45] Processing Query Q06...
2026-06-18 19:00:08     Query Q06 Score: 1.00
2026-06-18 19:00:08   [7/45] Processing Query Q07...
2026-06-18 19:00:13     Query Q07 Score: 1.00
2026-06-18 19:00:13   [8/45] Processing Query Q08...
2026-06-18 19:00:18     Query Q08 Score: 1.00
2026-06-18 19:00:18   [9/45] Processing Query Q09...
2026-06-18 19:00:24     Query Q09 Score: 1.00
2026-06-18 19:00:24   [10/45] Processing Query Q10...
2026-06-18 19:00:30     Query Q10 Score: 1.00
2026-06-18 19:00:30   [11/45] Processing Query Q11...
2026-06-18 19:00:37     Query Q11 Score: 0.40
2026-06-18 19:00:37   [12/45] Processing Query Q12...
2026-06-18 19:00:42     Query Q12 Score: 1.00
2026-06-18 19:00:42   [13/45] Processing Query Q13...
2026-06-18 19:00:47     Query Q13 Score: 1.00
2026-06-18 19:00:47   [14/45] Processing Query Q14...
2026-06-18 19:00:51     Query Q14 Score: 0.85
2026-06-18 19:00:51   [15/45] Processing Query Q15...
2026-06-18 19:00:57     Query Q15 Score: 1.00
2026-06-18 19:00:57   [16/45] Processing Query Q16...
2026-06-18 19:01:04     Query Q16 Score: 1.00
2026-06-18 19:01:04   [17/45] Processing Query Q17...
2026-06-18 19:01:08     Query Q17 Score: 1.00
2026-06-18 19:01:08   [18/45] Processing Query Q18...
2026-06-18 19:01:13     Query Q18 Score: 1.00
2026-06-18 19:01:13   [19/45] Processing Query Q19...
2026-06-18 19:01:18     Query Q19 Score: 0.95
2026-06-18 19:01:18   [20/45] Processing Query Q20...
2026-06-18 19:01:23     Query Q20 Score: 0.90
2026-06-18 19:01:23   [21/45] Processing Query Q21...
2026-06-18 19:01:28     Query Q21 Score: 1.00
2026-06-18 19:01:28   [22/45] Processing Query Q22...
2026-06-18 19:01:33     Query Q22 Score: 0.95
2026-06-18 19:01:33   [23/45] Processing Query Q23...
2026-06-18 19:01:39     Query Q23 Score: 1.00
2026-06-18 19:01:39   [24/45] Processing Query Q24...
2026-06-18 19:01:44     Query Q24 Score: 1.00
2026-06-18 19:01:44   [25/45] Processing Query Q25...
2026-06-18 19:01:49     Query Q25 Score: 1.00
2026-06-18 19:01:49   [26/45] Processing Query Q26...
2026-06-18 19:01:53     Query Q26 Score: 1.00
2026-06-18 19:01:53   [27/45] Processing Query Q27...
2026-06-18 19:01:58     Query Q27 Score: 1.00
2026-06-18 19:01:58   [28/45] Processing Query Q28...
2026-06-18 19:02:02     Query Q28 Score: 1.00
2026-06-18 19:02:02   [29/45] Processing Query Q29...
2026-06-18 19:02:07     Query Q29 Score: 0.60
2026-06-18 19:02:07   [30/45] Processing Query Q30...
2026-06-18 19:02:13     Query Q30 Score: 1.00
2026-06-18 19:02:13   [31/45] Processing Query Q31...
2026-06-18 19:02:18     Query Q31 Score: 1.00
2026-06-18 19:02:18   [32/45] Processing Query Q32...
2026-06-18 19:02:24     Query Q32 Score: 1.00
2026-06-18 19:02:24   [33/45] Processing Query Q33...
2026-06-18 19:02:36     Query Q33 Score: 1.00
2026-06-18 19:02:36   [34/45] Processing Query Q34...
2026-06-18 19:02:41     Query Q34 Score: 1.00
2026-06-18 19:02:41   [35/45] Processing Query Q35...
2026-06-18 19:02:45     Query Q35 Score: 1.00
2026-06-18 19:02:45   [36/45] Processing Query Q36...
2026-06-18 19:02:51     Query Q36 Score: 1.00
2026-06-18 19:02:51   [37/45] Processing Query Q37...
2026-06-18 19:02:57     Query Q37 Score: 0.40
2026-06-18 19:02:57   [38/45] Processing Query Q38...
2026-06-18 19:03:05     Query Q38 Score: 1.00
2026-06-18 19:03:05   [39/45] Processing Query Q39...
2026-06-18 19:03:10     Query Q39 Score: 1.00
2026-06-18 19:03:10   [40/45] Processing Query Q40...
2026-06-18 19:03:15     Query Q40 Score: 1.00
2026-06-18 19:03:15   [41/45] Processing Query Q41...
2026-06-18 19:03:22     Query Q41 Score: 0.60
2026-06-18 19:03:22   [42/45] Processing Query Q42...
2026-06-18 19:03:27     Query Q42 Score: 0.95
2026-06-18 19:03:27   [43/45] Processing Query Q43...
2026-06-18 19:03:33     Query Q43 Score: 1.00
2026-06-18 19:03:33   [44/45] Processing Query Q48...
2026-06-18 19:03:46     Query Q48 Score: 1.00
2026-06-18 19:03:46   [45/45] Processing Query Q49...
2026-06-18 19:03:53     Query Q49 Score: 0.75
2026-06-18 19:03:53 Saved validation results to /home/virtualuser/model_evaluation/autoresearch/archive/run_20260618_134629/outputs/validation_results_iter51_20260618_190353.csv
2026-06-18 19:03:53 Validation run completed. Overall Mean Score: 0.9244
2026-06-18 19:03:53 Candidate Score: 0.9244 (Delta: -0.0044)
2026-06-18 19:03:53 >>> FAILURE: Score did not improve. Discarding changes.
2026-06-18 19:03:53 Iteration #51 logged successfully to experiments.json.
2026-06-18 19:03:53 
2026-06-18 19:03:53 =========================================
2026-06-18 19:03:53 STARTING ITERATION #52
2026-06-18 19:03:53 =========================================
2026-06-18 19:03:53 Current Champion Score: 0.9289
2026-06-18 19:03:53 Failing queries to fix: 13
2026-06-18 19:03:53 Calling Optimizer Agent to refine instructions...
2026-06-18 19:04:31 Starting validation run on 45 queries...
2026-06-18 19:04:31   [1/45] Processing Query Q01...
2026-06-18 19:04:36     Query Q01 Score: 1.00
2026-06-18 19:04:36   [2/45] Processing Query Q02...
2026-06-18 19:04:41     Query Q02 Score: 1.00
2026-06-18 19:04:41   [3/45] Processing Query Q03...
2026-06-18 19:04:47     Query Q03 Score: 1.00
2026-06-18 19:04:47   [4/45] Processing Query Q04...
2026-06-18 19:04:52     Query Q04 Score: 1.00
2026-06-18 19:04:52   [5/45] Processing Query Q05...
2026-06-18 19:04:58     Query Q05 Score: 0.30
2026-06-18 19:04:58   [6/45] Processing Query Q06...
2026-06-18 19:05:04     Query Q06 Score: 1.00
2026-06-18 19:05:04   [7/45] Processing Query Q07...
2026-06-18 19:05:09     Query Q07 Score: 1.00
2026-06-18 19:05:09   [8/45] Processing Query Q08...
2026-06-18 19:05:14     Query Q08 Score: 1.00
2026-06-18 19:05:14   [9/45] Processing Query Q09...
2026-06-18 19:05:23     Query Q09 Score: 0.40
2026-06-18 19:05:23   [10/45] Processing Query Q10...
2026-06-18 19:05:29     Query Q10 Score: 1.00
2026-06-18 19:05:29   [11/45] Processing Query Q11...
2026-06-18 19:05:36     Query Q11 Score: 0.40
2026-06-18 19:05:36   [12/45] Processing Query Q12...
2026-06-18 19:05:41     Query Q12 Score: 1.00
2026-06-18 19:05:41   [13/45] Processing Query Q13...
2026-06-18 19:05:47     Query Q13 Score: 0.40
2026-06-18 19:05:47   [14/45] Processing Query Q14...
2026-06-18 19:05:52     Query Q14 Score: 0.85
2026-06-18 19:05:52   [15/45] Processing Query Q15...
2026-06-18 19:05:58     Query Q15 Score: 1.00
2026-06-18 19:05:58   [16/45] Processing Query Q16...
2026-06-18 19:06:04     Query Q16 Score: 0.75
2026-06-18 19:06:04   [17/45] Processing Query Q17...
2026-06-18 19:06:09     Query Q17 Score: 1.00
2026-06-18 19:06:09   [18/45] Processing Query Q18...
2026-06-18 19:06:14     Query Q18 Score: 1.00
2026-06-18 19:06:14   [19/45] Processing Query Q19...
2026-06-18 19:06:18     Query Q19 Score: 0.95
2026-06-18 19:06:18   [20/45] Processing Query Q20...
2026-06-18 19:06:23     Query Q20 Score: 0.90
2026-06-18 19:06:23   [21/45] Processing Query Q21...
2026-06-18 19:06:28     Query Q21 Score: 1.00
2026-06-18 19:06:28   [22/45] Processing Query Q22...
2026-06-18 19:06:33     Query Q22 Score: 0.95
2026-06-18 19:06:33   [23/45] Processing Query Q23...
2026-06-18 19:06:50     Query Q23 Score: 1.00
2026-06-18 19:06:50   [24/45] Processing Query Q24...
2026-06-18 19:06:54     Query Q24 Score: 1.00
2026-06-18 19:06:54   [25/45] Processing Query Q25...
2026-06-18 19:07:00     Query Q25 Score: 0.95
2026-06-18 19:07:00   [26/45] Processing Query Q26...
2026-06-18 19:07:04     Query Q26 Score: 1.00
2026-06-18 19:07:04   [27/45] Processing Query Q27...
2026-06-18 19:07:08     Query Q27 Score: 1.00
2026-06-18 19:07:08   [28/45] Processing Query Q28...
2026-06-18 19:07:13     Query Q28 Score: 1.00
2026-06-18 19:07:13   [29/45] Processing Query Q29...
2026-06-18 19:07:18     Query Q29 Score: 0.60
2026-06-18 19:07:18   [30/45] Processing Query Q30...
2026-06-18 19:07:23     Query Q30 Score: 1.00
2026-06-18 19:07:23   [31/45] Processing Query Q31...
2026-06-18 19:07:28     Query Q31 Score: 1.00
2026-06-18 19:07:28   [32/45] Processing Query Q32...
2026-06-18 19:07:34     Query Q32 Score: 1.00
2026-06-18 19:07:34   [33/45] Processing Query Q33...
2026-06-18 19:07:40     Query Q33 Score: 1.00
2026-06-18 19:07:40   [34/45] Processing Query Q34...
2026-06-18 19:07:45     Query Q34 Score: 1.00
2026-06-18 19:07:45   [35/45] Processing Query Q35...
2026-06-18 19:07:49     Query Q35 Score: 1.00
2026-06-18 19:07:49   [36/45] Processing Query Q36...
2026-06-18 19:07:55     Query Q36 Score: 0.95
2026-06-18 19:07:55   [37/45] Processing Query Q37...
2026-06-18 19:08:01     Query Q37 Score: 1.00
2026-06-18 19:08:01   [38/45] Processing Query Q38...
2026-06-18 19:08:07     Query Q38 Score: 1.00
2026-06-18 19:08:07   [39/45] Processing Query Q39...
2026-06-18 19:08:12     Query Q39 Score: 0.95
2026-06-18 19:08:12   [40/45] Processing Query Q40...
2026-06-18 19:08:17     Query Q40 Score: 1.00
2026-06-18 19:08:17   [41/45] Processing Query Q41...
2026-06-18 19:08:24     Query Q41 Score: 0.85
2026-06-18 19:08:24   [42/45] Processing Query Q42...
2026-06-18 19:08:29     Query Q42 Score: 0.95
2026-06-18 19:08:29   [43/45] Processing Query Q43...
2026-06-18 19:08:34     Query Q43 Score: 1.00
2026-06-18 19:08:34   [44/45] Processing Query Q48...
2026-06-18 19:08:40     Query Q48 Score: 1.00
2026-06-18 19:08:40   [45/45] Processing Query Q49...
2026-06-18 19:08:47     Query Q49 Score: 0.65
2026-06-18 19:08:47 Saved validation results to /home/virtualuser/model_evaluation/autoresearch/archive/run_20260618_134629/outputs/validation_results_iter52_20260618_190847.csv
2026-06-18 19:08:47 Validation run completed. Overall Mean Score: 0.9067
2026-06-18 19:08:47 Candidate Score: 0.9067 (Delta: -0.0222)
2026-06-18 19:08:47 >>> FAILURE: Score did not improve. Discarding changes.
2026-06-18 19:08:47 Iteration #52 logged successfully to experiments.json.
2026-06-18 19:08:47 
2026-06-18 19:08:47 =========================================
2026-06-18 19:08:47 STARTING ITERATION #53
2026-06-18 19:08:47 =========================================
2026-06-18 19:08:47 Current Champion Score: 0.9289
2026-06-18 19:08:47 Failing queries to fix: 13
2026-06-18 19:08:47 Calling Optimizer Agent to refine instructions...
2026-06-18 19:09:44 Starting validation run on 45 queries...
2026-06-18 19:09:44   [1/45] Processing Query Q01...
2026-06-18 19:09:50     Query Q01 Score: 1.00
2026-06-18 19:09:50   [2/45] Processing Query Q02...
2026-06-18 19:09:55     Query Q02 Score: 0.85
2026-06-18 19:09:55   [3/45] Processing Query Q03...
2026-06-18 19:10:00     Query Q03 Score: 1.00
2026-06-18 19:10:00   [4/45] Processing Query Q04...
2026-06-18 19:10:06     Query Q04 Score: 1.00
2026-06-18 19:10:06   [5/45] Processing Query Q05...
2026-06-18 19:10:12     Query Q05 Score: 0.40
2026-06-18 19:10:12   [6/45] Processing Query Q06...
2026-06-18 19:10:18     Query Q06 Score: 0.85
2026-06-18 19:10:18   [7/45] Processing Query Q07...
2026-06-18 19:10:23     Query Q07 Score: 1.00
2026-06-18 19:10:23   [8/45] Processing Query Q08...
2026-06-18 19:10:28     Query Q08 Score: 1.00
2026-06-18 19:10:28   [9/45] Processing Query Q09...
2026-06-18 19:10:34     Query Q09 Score: 1.00
2026-06-18 19:10:34   [10/45] Processing Query Q10...
2026-06-18 19:10:39     Query Q10 Score: 1.00
2026-06-18 19:10:39   [11/45] Processing Query Q11...
2026-06-18 19:10:49     Query Q11 Score: 0.20
2026-06-18 19:10:49   [12/45] Processing Query Q12...
2026-06-18 19:10:54     Query Q12 Score: 1.00
2026-06-18 19:10:54   [13/45] Processing Query Q13...
2026-06-18 19:11:06     Query Q13 Score: 0.40
2026-06-18 19:11:06   [14/45] Processing Query Q14...
2026-06-18 19:11:11     Query Q14 Score: 0.85
2026-06-18 19:11:11   [15/45] Processing Query Q15...
2026-06-18 19:11:17     Query Q15 Score: 1.00
2026-06-18 19:11:17   [16/45] Processing Query Q16...
2026-06-18 19:11:23     Query Q16 Score: 0.75
2026-06-18 19:11:23   [17/45] Processing Query Q17...
2026-06-18 19:11:27     Query Q17 Score: 1.00
2026-06-18 19:11:27   [18/45] Processing Query Q18...
2026-06-18 19:11:32     Query Q18 Score: 1.00
2026-06-18 19:11:32   [19/45] Processing Query Q19...
2026-06-18 19:11:37     Query Q19 Score: 0.95
2026-06-18 19:11:37   [20/45] Processing Query Q20...
2026-06-18 19:11:42     Query Q20 Score: 0.90
2026-06-18 19:11:42   [21/45] Processing Query Q21...
2026-06-18 19:11:47     Query Q21 Score: 1.00
2026-06-18 19:11:47   [22/45] Processing Query Q22...
2026-06-18 19:11:51     Query Q22 Score: 0.95
2026-06-18 19:11:51   [23/45] Processing Query Q23...
2026-06-18 19:12:10     Query Q23 Score: 0.95
2026-06-18 19:12:10   [24/45] Processing Query Q24...
2026-06-18 19:12:14     Query Q24 Score: 1.00
2026-06-18 19:12:14   [25/45] Processing Query Q25...
2026-06-18 19:12:19     Query Q25 Score: 0.95
2026-06-18 19:12:19   [26/45] Processing Query Q26...
2026-06-18 19:12:24     Query Q26 Score: 1.00
2026-06-18 19:12:24   [27/45] Processing Query Q27...
2026-06-18 19:12:28     Query Q27 Score: 1.00
2026-06-18 19:12:28   [28/45] Processing Query Q28...
2026-06-18 19:12:32     Query Q28 Score: 1.00
2026-06-18 19:12:32   [29/45] Processing Query Q29...
2026-06-18 19:12:37     Query Q29 Score: 0.60
2026-06-18 19:12:37   [30/45] Processing Query Q30...
2026-06-18 19:12:43     Query Q30 Score: 1.00
2026-06-18 19:12:43   [31/45] Processing Query Q31...
2026-06-18 19:12:48     Query Q31 Score: 1.00
2026-06-18 19:12:48   [32/45] Processing Query Q32...
2026-06-18 19:12:54     Query Q32 Score: 1.00
2026-06-18 19:12:54   [33/45] Processing Query Q33...
2026-06-18 19:13:00     Query Q33 Score: 0.85
2026-06-18 19:13:00   [34/45] Processing Query Q34...
2026-06-18 19:13:05     Query Q34 Score: 1.00
2026-06-18 19:13:05   [35/45] Processing Query Q35...
2026-06-18 19:13:09     Query Q35 Score: 1.00
2026-06-18 19:13:09   [36/45] Processing Query Q36...
2026-06-18 19:13:14     Query Q36 Score: 1.00
2026-06-18 19:13:14   [37/45] Processing Query Q37...
2026-06-18 19:13:20     Query Q37 Score: 1.00
2026-06-18 19:13:20   [38/45] Processing Query Q38...
2026-06-18 19:13:28     Query Q38 Score: 1.00
2026-06-18 19:13:28   [39/45] Processing Query Q39...
2026-06-18 19:13:32     Query Q39 Score: 1.00
2026-06-18 19:13:32   [40/45] Processing Query Q40...
2026-06-18 19:13:37     Query Q40 Score: 1.00
2026-06-18 19:13:37   [41/45] Processing Query Q41...
2026-06-18 19:13:43     Query Q41 Score: 0.90
2026-06-18 19:13:43   [42/45] Processing Query Q42...
2026-06-18 19:13:48     Query Q42 Score: 0.95
2026-06-18 19:13:48   [43/45] Processing Query Q43...
2026-06-18 19:13:53     Query Q43 Score: 1.00
2026-06-18 19:13:53   [44/45] Processing Query Q48...
2026-06-18 19:14:13     Query Q48 Score: 1.00
2026-06-18 19:14:13   [45/45] Processing Query Q49...
2026-06-18 19:14:21     Query Q49 Score: 0.60
2026-06-18 19:14:21 Saved validation results to /home/virtualuser/model_evaluation/autoresearch/archive/run_20260618_134629/outputs/validation_results_iter53_20260618_191421.csv
2026-06-18 19:14:21 Validation run completed. Overall Mean Score: 0.9089
2026-06-18 19:14:21 Candidate Score: 0.9089 (Delta: -0.0200)
2026-06-18 19:14:21 >>> FAILURE: Score did not improve. Discarding changes.
2026-06-18 19:14:21 Iteration #53 logged successfully to experiments.json.
2026-06-18 19:14:21 
2026-06-18 19:14:21 =========================================
2026-06-18 19:14:21 STARTING ITERATION #54
2026-06-18 19:14:21 =========================================
2026-06-18 19:14:21 Current Champion Score: 0.9289
2026-06-18 19:14:21 Failing queries to fix: 13
2026-06-18 19:14:21 Calling Optimizer Agent to refine instructions...
2026-06-18 19:14:57 Starting validation run on 45 queries...
2026-06-18 19:14:57   [1/45] Processing Query Q01...
2026-06-18 19:15:02     Query Q01 Score: 1.00
2026-06-18 19:15:02   [2/45] Processing Query Q02...
2026-06-18 19:15:07     Query Q02 Score: 1.00
2026-06-18 19:15:07   [3/45] Processing Query Q03...
2026-06-18 19:15:13     Query Q03 Score: 1.00
2026-06-18 19:15:13   [4/45] Processing Query Q04...
2026-06-18 19:15:18     Query Q04 Score: 1.00
2026-06-18 19:15:18   [5/45] Processing Query Q05...
2026-06-18 19:15:24     Query Q05 Score: 0.40
2026-06-18 19:15:24   [6/45] Processing Query Q06...
2026-06-18 19:15:30     Query Q06 Score: 1.00
2026-06-18 19:15:30   [7/45] Processing Query Q07...
2026-06-18 19:15:35     Query Q07 Score: 1.00
2026-06-18 19:15:35   [8/45] Processing Query Q08...
2026-06-18 19:15:40     Query Q08 Score: 1.00
2026-06-18 19:15:40   [9/45] Processing Query Q09...
2026-06-18 19:15:46     Query Q09 Score: 1.00
2026-06-18 19:15:46   [10/45] Processing Query Q10...
2026-06-18 19:15:51     Query Q10 Score: 1.00
2026-06-18 19:15:51   [11/45] Processing Query Q11...
2026-06-18 19:16:00     Query Q11 Score: 0.30
2026-06-18 19:16:00   [12/45] Processing Query Q12...
2026-06-18 19:16:05     Query Q12 Score: 1.00
2026-06-18 19:16:05   [13/45] Processing Query Q13...
2026-06-18 19:16:10     Query Q13 Score: 1.00
2026-06-18 19:16:10   [14/45] Processing Query Q14...
2026-06-18 19:16:15     Query Q14 Score: 0.85
2026-06-18 19:16:15   [15/45] Processing Query Q15...
2026-06-18 19:16:21     Query Q15 Score: 1.00
2026-06-18 19:16:21   [16/45] Processing Query Q16...
2026-06-18 19:16:27     Query Q16 Score: 0.75
2026-06-18 19:16:27   [17/45] Processing Query Q17...
2026-06-18 19:16:32     Query Q17 Score: 1.00
2026-06-18 19:16:32   [18/45] Processing Query Q18...
2026-06-18 19:16:37     Query Q18 Score: 1.00
2026-06-18 19:16:37   [19/45] Processing Query Q19...
2026-06-18 19:16:42     Query Q19 Score: 0.85
2026-06-18 19:16:42   [20/45] Processing Query Q20...
2026-06-18 19:16:47     Query Q20 Score: 0.90
2026-06-18 19:16:47   [21/45] Processing Query Q21...
2026-06-18 19:16:52     Query Q21 Score: 1.00
2026-06-18 19:16:52   [22/45] Processing Query Q22...
2026-06-18 19:16:56     Query Q22 Score: 0.95
2026-06-18 19:16:56   [23/45] Processing Query Q23...
2026-06-18 19:17:02     Query Q23 Score: 0.85
2026-06-18 19:17:02   [24/45] Processing Query Q24...
2026-06-18 19:17:07     Query Q24 Score: 1.00
2026-06-18 19:17:07   [25/45] Processing Query Q25...
2026-06-18 19:17:12     Query Q25 Score: 1.00
2026-06-18 19:17:12   [26/45] Processing Query Q26...
2026-06-18 19:17:17     Query Q26 Score: 1.00
2026-06-18 19:17:17   [27/45] Processing Query Q27...
2026-06-18 19:17:21     Query Q27 Score: 1.00
2026-06-18 19:17:21   [28/45] Processing Query Q28...
2026-06-18 19:17:26     Query Q28 Score: 1.00
2026-06-18 19:17:26   [29/45] Processing Query Q29...
2026-06-18 19:17:31     Query Q29 Score: 0.60
2026-06-18 19:17:31   [30/45] Processing Query Q30...
2026-06-18 19:17:37     Query Q30 Score: 1.00
2026-06-18 19:17:37   [31/45] Processing Query Q31...
2026-06-18 19:17:41     Query Q31 Score: 1.00
2026-06-18 19:17:41   [32/45] Processing Query Q32...
2026-06-18 19:17:47     Query Q32 Score: 1.00
2026-06-18 19:17:47   [33/45] Processing Query Q33...
2026-06-18 19:17:53     Query Q33 Score: 0.85
2026-06-18 19:17:53   [34/45] Processing Query Q34...
2026-06-18 19:17:58     Query Q34 Score: 1.00
2026-06-18 19:17:58   [35/45] Processing Query Q35...
2026-06-18 19:18:02     Query Q35 Score: 0.85
2026-06-18 19:18:02   [36/45] Processing Query Q36...
2026-06-18 19:18:08     Query Q36 Score: 1.00
2026-06-18 19:18:08   [37/45] Processing Query Q37...
2026-06-18 19:18:14     Query Q37 Score: 0.75
2026-06-18 19:18:14   [38/45] Processing Query Q38...
2026-06-18 19:18:20     Query Q38 Score: 1.00
2026-06-18 19:18:20   [39/45] Processing Query Q39...
2026-06-18 19:18:25     Query Q39 Score: 1.00
2026-06-18 19:18:25   [40/45] Processing Query Q40...
2026-06-18 19:18:30     Query Q40 Score: 1.00
2026-06-18 19:18:30   [41/45] Processing Query Q41...
2026-06-18 19:18:36     Query Q41 Score: 0.50
2026-06-18 19:18:36   [42/45] Processing Query Q42...
2026-06-18 19:18:41     Query Q42 Score: 1.00
2026-06-18 19:18:41   [43/45] Processing Query Q43...
2026-06-18 19:18:46     Query Q43 Score: 1.00
2026-06-18 19:18:46   [44/45] Processing Query Q48...
2026-06-18 19:18:53     Query Q48 Score: 0.60
2026-06-18 19:18:53   [45/45] Processing Query Q49...
2026-06-18 19:19:00     Query Q49 Score: 0.50
2026-06-18 19:19:00 Saved validation results to /home/virtualuser/model_evaluation/autoresearch/archive/run_20260618_134629/outputs/validation_results_iter54_20260618_191900.csv
2026-06-18 19:19:00 Validation run completed. Overall Mean Score: 0.9000
2026-06-18 19:19:00 Candidate Score: 0.9000 (Delta: -0.0289)
2026-06-18 19:19:00 >>> FAILURE: Score did not improve. Discarding changes.
2026-06-18 19:19:00 Iteration #54 logged successfully to experiments.json.
2026-06-18 19:19:00 
2026-06-18 19:19:00 =========================================
2026-06-18 19:19:00 STARTING ITERATION #55
2026-06-18 19:19:00 =========================================
2026-06-18 19:19:00 Current Champion Score: 0.9289
2026-06-18 19:19:00 Failing queries to fix: 13
2026-06-18 19:19:00 Calling Optimizer Agent to refine instructions...
2026-06-18 19:19:55 Starting validation run on 45 queries...
2026-06-18 19:19:55   [1/45] Processing Query Q01...
2026-06-18 19:20:01     Query Q01 Score: 1.00
2026-06-18 19:20:01   [2/45] Processing Query Q02...
2026-06-18 19:20:06     Query Q02 Score: 0.60
2026-06-18 19:20:06   [3/45] Processing Query Q03...
2026-06-18 19:20:11     Query Q03 Score: 1.00
2026-06-18 19:20:11   [4/45] Processing Query Q04...
2026-06-18 19:20:17     Query Q04 Score: 1.00
2026-06-18 19:20:17   [5/45] Processing Query Q05...
2026-06-18 19:20:23     Query Q05 Score: 0.30
2026-06-18 19:20:23   [6/45] Processing Query Q06...
2026-06-18 19:20:28     Query Q06 Score: 1.00
2026-06-18 19:20:28   [7/45] Processing Query Q07...
2026-06-18 19:20:34     Query Q07 Score: 1.00
2026-06-18 19:20:34   [8/45] Processing Query Q08...
2026-06-18 19:20:38     Query Q08 Score: 1.00
2026-06-18 19:20:38   [9/45] Processing Query Q09...
2026-06-18 19:20:44     Query Q09 Score: 1.00
2026-06-18 19:20:44   [10/45] Processing Query Q10...
2026-06-18 19:20:50     Query Q10 Score: 1.00
2026-06-18 19:20:50   [11/45] Processing Query Q11...
2026-06-18 19:20:57     Query Q11 Score: 0.50
2026-06-18 19:20:57   [12/45] Processing Query Q12...
2026-06-18 19:21:02     Query Q12 Score: 1.00
2026-06-18 19:21:02   [13/45] Processing Query Q13...
2026-06-18 19:21:08     Query Q13 Score: 0.50
2026-06-18 19:21:08   [14/45] Processing Query Q14...
2026-06-18 19:21:13     Query Q14 Score: 0.85
2026-06-18 19:21:13   [15/45] Processing Query Q15...
2026-06-18 19:21:19     Query Q15 Score: 1.00
2026-06-18 19:21:19   [16/45] Processing Query Q16...
2026-06-18 19:21:26     Query Q16 Score: 1.00
2026-06-18 19:21:26   [17/45] Processing Query Q17...
2026-06-18 19:21:31     Query Q17 Score: 0.85
2026-06-18 19:21:31   [18/45] Processing Query Q18...
2026-06-18 19:21:36     Query Q18 Score: 1.00
2026-06-18 19:21:36   [19/45] Processing Query Q19...
2026-06-18 19:21:41     Query Q19 Score: 0.95
2026-06-18 19:21:41   [20/45] Processing Query Q20...
2026-06-18 19:21:46     Query Q20 Score: 0.90
2026-06-18 19:21:46   [21/45] Processing Query Q21...
2026-06-18 19:21:51     Query Q21 Score: 1.00
2026-06-18 19:21:51   [22/45] Processing Query Q22...
2026-06-18 19:21:56     Query Q22 Score: 1.00
2026-06-18 19:21:56   [23/45] Processing Query Q23...
2026-06-18 19:22:02     Query Q23 Score: 0.75
2026-06-18 19:22:02   [24/45] Processing Query Q24...
2026-06-18 19:22:07     Query Q24 Score: 1.00
2026-06-18 19:22:07   [25/45] Processing Query Q25...
2026-06-18 19:22:12     Query Q25 Score: 1.00
2026-06-18 19:22:12   [26/45] Processing Query Q26...
2026-06-18 19:22:17     Query Q26 Score: 1.00
2026-06-18 19:22:17   [27/45] Processing Query Q27...
2026-06-18 19:22:21     Query Q27 Score: 1.00
2026-06-18 19:22:21   [28/45] Processing Query Q28...
2026-06-18 19:22:26     Query Q28 Score: 1.00
2026-06-18 19:22:26   [29/45] Processing Query Q29...
2026-06-18 19:22:31     Query Q29 Score: 0.60
2026-06-18 19:22:31   [30/45] Processing Query Q30...
2026-06-18 19:22:36     Query Q30 Score: 1.00
2026-06-18 19:22:36   [31/45] Processing Query Q31...
2026-06-18 19:22:41     Query Q31 Score: 1.00
2026-06-18 19:22:41   [32/45] Processing Query Q32...
2026-06-18 19:22:47     Query Q32 Score: 1.00
2026-06-18 19:22:47   [33/45] Processing Query Q33...
2026-06-18 19:22:53     Query Q33 Score: 0.85
2026-06-18 19:22:53   [34/45] Processing Query Q34...
2026-06-18 19:22:59     Query Q34 Score: 1.00
2026-06-18 19:22:59   [35/45] Processing Query Q35...
2026-06-18 19:23:03     Query Q35 Score: 0.95
2026-06-18 19:23:03   [36/45] Processing Query Q36...
2026-06-18 19:23:08     Query Q36 Score: 1.00
2026-06-18 19:23:08   [37/45] Processing Query Q37...
2026-06-18 19:23:14     Query Q37 Score: 0.75
2026-06-18 19:23:14   [38/45] Processing Query Q38...
2026-06-18 19:23:21     Query Q38 Score: 1.00
2026-06-18 19:23:21   [39/45] Processing Query Q39...
2026-06-18 19:23:26     Query Q39 Score: 0.95
2026-06-18 19:23:26   [40/45] Processing Query Q40...
2026-06-18 19:23:31     Query Q40 Score: 1.00
2026-06-18 19:23:31   [41/45] Processing Query Q41...
2026-06-18 19:23:38     Query Q41 Score: 0.85
2026-06-18 19:23:38   [42/45] Processing Query Q42...
2026-06-18 19:23:43     Query Q42 Score: 0.95
2026-06-18 19:23:43   [43/45] Processing Query Q43...
2026-06-18 19:23:48     Query Q43 Score: 1.00
2026-06-18 19:23:48   [44/45] Processing Query Q48...
2026-06-18 19:23:54     Query Q48 Score: 1.00
2026-06-18 19:23:54   [45/45] Processing Query Q49...
2026-06-18 19:24:02     Query Q49 Score: 0.50
2026-06-18 19:24:02 Saved validation results to /home/virtualuser/model_evaluation/autoresearch/archive/run_20260618_134629/outputs/validation_results_iter55_20260618_192402.csv
2026-06-18 19:24:02 Validation run completed. Overall Mean Score: 0.9022
2026-06-18 19:24:02 Candidate Score: 0.9022 (Delta: -0.0267)
2026-06-18 19:24:02 >>> FAILURE: Score did not improve. Discarding changes.
2026-06-18 19:24:02 Iteration #55 logged successfully to experiments.json.
2026-06-18 19:24:02 
2026-06-18 19:24:02 =========================================
2026-06-18 19:24:02 STARTING ITERATION #56
2026-06-18 19:24:02 =========================================
2026-06-18 19:24:02 Current Champion Score: 0.9289
2026-06-18 19:24:02 Failing queries to fix: 13
2026-06-18 19:24:02 Calling Optimizer Agent to refine instructions...
2026-06-18 19:24:44 Starting validation run on 45 queries...
2026-06-18 19:24:44   [1/45] Processing Query Q01...
2026-06-18 19:24:50     Query Q01 Score: 1.00
2026-06-18 19:24:50   [2/45] Processing Query Q02...
2026-06-18 19:24:55     Query Q02 Score: 1.00
2026-06-18 19:24:55   [3/45] Processing Query Q03...
2026-06-18 19:25:00     Query Q03 Score: 1.00
2026-06-18 19:25:00   [4/45] Processing Query Q04...
2026-06-18 19:25:06     Query Q04 Score: 1.00
2026-06-18 19:25:06   [5/45] Processing Query Q05...
2026-06-18 19:25:12     Query Q05 Score: 0.40
2026-06-18 19:25:12   [6/45] Processing Query Q06...
2026-06-18 19:25:17     Query Q06 Score: 1.00
2026-06-18 19:25:17   [7/45] Processing Query Q07...
2026-06-18 19:25:22     Query Q07 Score: 1.00
2026-06-18 19:25:22   [8/45] Processing Query Q08...
2026-06-18 19:25:27     Query Q08 Score: 1.00
2026-06-18 19:25:27   [9/45] Processing Query Q09...
2026-06-18 19:25:33     Query Q09 Score: 1.00
2026-06-18 19:25:33   [10/45] Processing Query Q10...
2026-06-18 19:25:39     Query Q10 Score: 1.00
2026-06-18 19:25:39   [11/45] Processing Query Q11...
2026-06-18 19:25:48     Query Q11 Score: 0.30
2026-06-18 19:25:48   [12/45] Processing Query Q12...
2026-06-18 19:25:53     Query Q12 Score: 1.00
2026-06-18 19:25:53   [13/45] Processing Query Q13...
2026-06-18 19:25:58     Query Q13 Score: 1.00
2026-06-18 19:25:58   [14/45] Processing Query Q14...
2026-06-18 19:26:03     Query Q14 Score: 0.75
2026-06-18 19:26:03   [15/45] Processing Query Q15...
2026-06-18 19:26:12     Query Q15 Score: 1.00
2026-06-18 19:26:12   [16/45] Processing Query Q16...
2026-06-18 19:26:18     Query Q16 Score: 0.75
2026-06-18 19:26:18   [17/45] Processing Query Q17...
2026-06-18 19:26:23     Query Q17 Score: 1.00
2026-06-18 19:26:23   [18/45] Processing Query Q18...
2026-06-18 19:26:28     Query Q18 Score: 1.00
2026-06-18 19:26:28   [19/45] Processing Query Q19...
2026-06-18 19:26:33     Query Q19 Score: 0.85
2026-06-18 19:26:33   [20/45] Processing Query Q20...
2026-06-18 19:26:38     Query Q20 Score: 1.00
2026-06-18 19:26:38   [21/45] Processing Query Q21...
2026-06-18 19:26:43     Query Q21 Score: 1.00
2026-06-18 19:26:43   [22/45] Processing Query Q22...
2026-06-18 19:26:48     Query Q22 Score: 1.00
2026-06-18 19:26:48   [23/45] Processing Query Q23...
2026-06-18 19:26:54     Query Q23 Score: 1.00
2026-06-18 19:26:54   [24/45] Processing Query Q24...
2026-06-18 19:26:59     Query Q24 Score: 1.00
2026-06-18 19:26:59   [25/45] Processing Query Q25...
2026-06-18 19:27:04     Query Q25 Score: 0.50
2026-06-18 19:27:04   [26/45] Processing Query Q26...
2026-06-18 19:27:08     Query Q26 Score: 1.00
2026-06-18 19:27:08   [27/45] Processing Query Q27...
2026-06-18 19:27:13     Query Q27 Score: 1.00
2026-06-18 19:27:13   [28/45] Processing Query Q28...
2026-06-18 19:27:17     Query Q28 Score: 1.00
2026-06-18 19:27:17   [29/45] Processing Query Q29...
2026-06-18 19:27:23     Query Q29 Score: 0.60
2026-06-18 19:27:23   [30/45] Processing Query Q30...
2026-06-18 19:27:28     Query Q30 Score: 1.00
2026-06-18 19:27:28   [31/45] Processing Query Q31...
2026-06-18 19:27:33     Query Q31 Score: 1.00
2026-06-18 19:27:33   [32/45] Processing Query Q32...
2026-06-18 19:27:39     Query Q32 Score: 1.00
2026-06-18 19:27:39   [33/45] Processing Query Q33...
2026-06-18 19:27:45     Query Q33 Score: 0.85
2026-06-18 19:27:45   [34/45] Processing Query Q34...
2026-06-18 19:27:50     Query Q34 Score: 1.00
2026-06-18 19:27:50   [35/45] Processing Query Q35...
2026-06-18 19:27:54     Query Q35 Score: 1.00
2026-06-18 19:27:54   [36/45] Processing Query Q36...
2026-06-18 19:28:00     Query Q36 Score: 1.00
2026-06-18 19:28:00   [37/45] Processing Query Q37...
2026-06-18 19:28:05     Query Q37 Score: 0.75
2026-06-18 19:28:05   [38/45] Processing Query Q38...
2026-06-18 19:28:12     Query Q38 Score: 1.00
2026-06-18 19:28:12   [39/45] Processing Query Q39...
2026-06-18 19:28:16     Query Q39 Score: 0.95
2026-06-18 19:28:16   [40/45] Processing Query Q40...
2026-06-18 19:28:22     Query Q40 Score: 1.00
2026-06-18 19:28:22   [41/45] Processing Query Q41...
2026-06-18 19:28:28     Query Q41 Score: 0.60
2026-06-18 19:28:28   [42/45] Processing Query Q42...
2026-06-18 19:28:33     Query Q42 Score: 0.95
2026-06-18 19:28:33   [43/45] Processing Query Q43...
2026-06-18 19:28:38     Query Q43 Score: 1.00
2026-06-18 19:28:38   [44/45] Processing Query Q48...
2026-06-18 19:28:51     Query Q48 Score: 1.00
2026-06-18 19:28:51   [45/45] Processing Query Q49...
2026-06-18 19:28:59     Query Q49 Score: 0.75
2026-06-18 19:28:59 Saved validation results to /home/virtualuser/model_evaluation/autoresearch/archive/run_20260618_134629/outputs/validation_results_iter56_20260618_192859.csv
2026-06-18 19:28:59 Validation run completed. Overall Mean Score: 0.9111
2026-06-18 19:28:59 Candidate Score: 0.9111 (Delta: -0.0178)
2026-06-18 19:28:59 >>> FAILURE: Score did not improve. Discarding changes.
2026-06-18 19:28:59 Iteration #56 logged successfully to experiments.json.
2026-06-18 19:28:59 
2026-06-18 19:28:59 =========================================
2026-06-18 19:28:59 STARTING ITERATION #57
2026-06-18 19:28:59 =========================================
2026-06-18 19:28:59 Current Champion Score: 0.9289
2026-06-18 19:28:59 Failing queries to fix: 13
2026-06-18 19:28:59 Calling Optimizer Agent to refine instructions...
2026-06-18 19:29:49 Starting validation run on 45 queries...
2026-06-18 19:29:49   [1/45] Processing Query Q01...
2026-06-18 19:29:54     Query Q01 Score: 1.00
2026-06-18 19:29:54   [2/45] Processing Query Q02...
2026-06-18 19:30:00     Query Q02 Score: 1.00
2026-06-18 19:30:00   [3/45] Processing Query Q03...
2026-06-18 19:30:05     Query Q03 Score: 1.00
2026-06-18 19:30:05   [4/45] Processing Query Q04...
2026-06-18 19:30:11     Query Q04 Score: 1.00
2026-06-18 19:30:11   [5/45] Processing Query Q05...
2026-06-18 19:30:17     Query Q05 Score: 0.30
2026-06-18 19:30:17   [6/45] Processing Query Q06...
2026-06-18 19:30:22     Query Q06 Score: 0.95
2026-06-18 19:30:22   [7/45] Processing Query Q07...
2026-06-18 19:30:27     Query Q07 Score: 1.00
2026-06-18 19:30:27   [8/45] Processing Query Q08...
2026-06-18 19:30:32     Query Q08 Score: 1.00
2026-06-18 19:30:32   [9/45] Processing Query Q09...
2026-06-18 19:30:38     Query Q09 Score: 1.00
2026-06-18 19:30:38   [10/45] Processing Query Q10...
2026-06-18 19:30:44     Query Q10 Score: 1.00
2026-06-18 19:30:44   [11/45] Processing Query Q11...
2026-06-18 19:30:53     Query Q11 Score: 0.30
2026-06-18 19:30:53   [12/45] Processing Query Q12...
2026-06-18 19:30:58     Query Q12 Score: 1.00
2026-06-18 19:30:58   [13/45] Processing Query Q13...
2026-06-18 19:31:03     Query Q13 Score: 1.00
2026-06-18 19:31:03   [14/45] Processing Query Q14...
2026-06-18 19:31:08     Query Q14 Score: 0.85
2026-06-18 19:31:08   [15/45] Processing Query Q15...
2026-06-18 19:31:14     Query Q15 Score: 1.00
2026-06-18 19:31:14   [16/45] Processing Query Q16...
2026-06-18 19:31:19     Query Q16 Score: 0.75
2026-06-18 19:31:19   [17/45] Processing Query Q17...
2026-06-18 19:31:24     Query Q17 Score: 0.85
2026-06-18 19:31:24   [18/45] Processing Query Q18...
2026-06-18 19:31:30     Query Q18 Score: 1.00
2026-06-18 19:31:30   [19/45] Processing Query Q19...
2026-06-18 19:31:37     Query Q19 Score: 0.90
2026-06-18 19:31:37   [20/45] Processing Query Q20...
2026-06-18 19:31:42     Query Q20 Score: 0.95
2026-06-18 19:31:42   [21/45] Processing Query Q21...
2026-06-18 19:31:47     Query Q21 Score: 1.00
2026-06-18 19:31:47   [22/45] Processing Query Q22...
2026-06-18 19:31:52     Query Q22 Score: 0.95
2026-06-18 19:31:52   [23/45] Processing Query Q23...
2026-06-18 19:32:20     Query Q23 Score: 1.00
2026-06-18 19:32:20   [24/45] Processing Query Q24...
2026-06-18 19:32:25     Query Q24 Score: 1.00
2026-06-18 19:32:25   [25/45] Processing Query Q25...
2026-06-18 19:32:30     Query Q25 Score: 1.00
2026-06-18 19:32:30   [26/45] Processing Query Q26...
2026-06-18 19:32:35     Query Q26 Score: 1.00
2026-06-18 19:32:35   [27/45] Processing Query Q27...
2026-06-18 19:32:39     Query Q27 Score: 1.00
2026-06-18 19:32:39   [28/45] Processing Query Q28...
2026-06-18 19:32:43     Query Q28 Score: 1.00
2026-06-18 19:32:43   [29/45] Processing Query Q29...
2026-06-18 19:32:48     Query Q29 Score: 0.60
2026-06-18 19:32:48   [30/45] Processing Query Q30...
2026-06-18 19:32:54     Query Q30 Score: 1.00
2026-06-18 19:32:54   [31/45] Processing Query Q31...
2026-06-18 19:32:59     Query Q31 Score: 1.00
2026-06-18 19:32:59   [32/45] Processing Query Q32...
2026-06-18 19:33:05     Query Q32 Score: 1.00
2026-06-18 19:33:05   [33/45] Processing Query Q33...
2026-06-18 19:33:11     Query Q33 Score: 0.90
2026-06-18 19:33:11   [34/45] Processing Query Q34...
2026-06-18 19:33:15     Query Q34 Score: 1.00
2026-06-18 19:33:15   [35/45] Processing Query Q35...
2026-06-18 19:33:19     Query Q35 Score: 1.00
2026-06-18 19:33:19   [36/45] Processing Query Q36...
2026-06-18 19:33:25     Query Q36 Score: 1.00
2026-06-18 19:33:25   [37/45] Processing Query Q37...
2026-06-18 19:33:31     Query Q37 Score: 0.95
2026-06-18 19:33:31   [38/45] Processing Query Q38...
2026-06-18 19:33:36     Query Q38 Score: 0.50
2026-06-18 19:33:36   [39/45] Processing Query Q39...
2026-06-18 19:33:41     Query Q39 Score: 1.00
2026-06-18 19:33:41   [40/45] Processing Query Q40...
2026-06-18 19:33:46     Query Q40 Score: 1.00
2026-06-18 19:33:46   [41/45] Processing Query Q41...
2026-06-18 19:33:52     Query Q41 Score: 0.85
2026-06-18 19:33:52   [42/45] Processing Query Q42...
2026-06-18 19:33:57     Query Q42 Score: 0.95
2026-06-18 19:33:57   [43/45] Processing Query Q43...
2026-06-18 19:34:02     Query Q43 Score: 0.70
2026-06-18 19:34:02   [44/45] Processing Query Q48...
2026-06-18 19:34:31     Query Q48 Score: 0.75
2026-06-18 19:34:31   [45/45] Processing Query Q49...
2026-06-18 19:34:39     Query Q49 Score: 0.70
2026-06-18 19:34:39 Saved validation results to /home/virtualuser/model_evaluation/autoresearch/archive/run_20260618_134629/outputs/validation_results_iter57_20260618_193439.csv
2026-06-18 19:34:39 Validation run completed. Overall Mean Score: 0.9044
2026-06-18 19:34:39 Candidate Score: 0.9044 (Delta: -0.0244)
2026-06-18 19:34:39 >>> FAILURE: Score did not improve. Discarding changes.
2026-06-18 19:34:39 Iteration #57 logged successfully to experiments.json.
2026-06-18 19:34:39 
2026-06-18 19:34:39 =========================================
2026-06-18 19:34:39 STARTING ITERATION #58
2026-06-18 19:34:39 =========================================
2026-06-18 19:34:39 Current Champion Score: 0.9289
2026-06-18 19:34:39 Failing queries to fix: 13
2026-06-18 19:34:39 Calling Optimizer Agent to refine instructions...
2026-06-18 19:35:16 Starting validation run on 45 queries...
2026-06-18 19:35:16   [1/45] Processing Query Q01...
2026-06-18 19:35:21     Query Q01 Score: 1.00
2026-06-18 19:35:21   [2/45] Processing Query Q02...
2026-06-18 19:35:27     Query Q02 Score: 1.00
2026-06-18 19:35:27   [3/45] Processing Query Q03...
2026-06-18 19:35:32     Query Q03 Score: 1.00
2026-06-18 19:35:32   [4/45] Processing Query Q04...
2026-06-18 19:35:39     Query Q04 Score: 0.50
2026-06-18 19:35:39   [5/45] Processing Query Q05...
2026-06-18 19:35:45     Query Q05 Score: 0.30
2026-06-18 19:35:45   [6/45] Processing Query Q06...
2026-06-18 19:35:51     Query Q06 Score: 0.40
2026-06-18 19:35:51   [7/45] Processing Query Q07...
2026-06-18 19:35:56     Query Q07 Score: 1.00
2026-06-18 19:35:56   [8/45] Processing Query Q08...
2026-06-18 19:36:01     Query Q08 Score: 1.00
2026-06-18 19:36:01   [9/45] Processing Query Q09...
2026-06-18 19:36:09     Query Q09 Score: 0.50
2026-06-18 19:36:09   [10/45] Processing Query Q10...
2026-06-18 19:36:14     Query Q10 Score: 1.00
2026-06-18 19:36:14   [11/45] Processing Query Q11...
2026-06-18 19:36:24     Query Q11 Score: 0.30
2026-06-18 19:36:24   [12/45] Processing Query Q12...
2026-06-18 19:36:29     Query Q12 Score: 1.00
2026-06-18 19:36:29   [13/45] Processing Query Q13...
2026-06-18 19:36:35     Query Q13 Score: 0.20
2026-06-18 19:36:35   [14/45] Processing Query Q14...
2026-06-18 19:36:40     Query Q14 Score: 0.50
2026-06-18 19:36:40   [15/45] Processing Query Q15...
2026-06-18 19:36:46     Query Q15 Score: 1.00
2026-06-18 19:36:46   [16/45] Processing Query Q16...
2026-06-18 19:36:52     Query Q16 Score: 0.50
2026-06-18 19:36:52   [17/45] Processing Query Q17...
2026-06-18 19:36:57     Query Q17 Score: 1.00
2026-06-18 19:36:57   [18/45] Processing Query Q18...
2026-06-18 19:37:02     Query Q18 Score: 1.00
2026-06-18 19:37:02   [19/45] Processing Query Q19...
2026-06-18 19:37:07     Query Q19 Score: 0.95
2026-06-18 19:37:07   [20/45] Processing Query Q20...
2026-06-18 19:37:12     Query Q20 Score: 0.90
2026-06-18 19:37:12   [21/45] Processing Query Q21...
2026-06-18 19:37:17     Query Q21 Score: 1.00
2026-06-18 19:37:17   [22/45] Processing Query Q22...
2026-06-18 19:37:22     Query Q22 Score: 1.00
2026-06-18 19:37:22   [23/45] Processing Query Q23...
2026-06-18 19:37:28     Query Q23 Score: 1.00
2026-06-18 19:37:28   [24/45] Processing Query Q24...
2026-06-18 19:37:32     Query Q24 Score: 1.00
2026-06-18 19:37:32   [25/45] Processing Query Q25...
2026-06-18 19:37:38     Query Q25 Score: 1.00
2026-06-18 19:37:38   [26/45] Processing Query Q26...
2026-06-18 19:37:42     Query Q26 Score: 1.00
2026-06-18 19:37:42   [27/45] Processing Query Q27...
2026-06-18 19:37:52     Query Q27 Score: 1.00
2026-06-18 19:37:52   [28/45] Processing Query Q28...
2026-06-18 19:37:56     Query Q28 Score: 1.00
2026-06-18 19:37:56   [29/45] Processing Query Q29...
2026-06-18 19:38:02     Query Q29 Score: 1.00
2026-06-18 19:38:02   [30/45] Processing Query Q30...
2026-06-18 19:38:07     Query Q30 Score: 1.00
2026-06-18 19:38:07   [31/45] Processing Query Q31...
2026-06-18 19:38:12     Query Q31 Score: 1.00
2026-06-18 19:38:12   [32/45] Processing Query Q32...
2026-06-18 19:38:18     Query Q32 Score: 1.00
2026-06-18 19:38:18   [33/45] Processing Query Q33...
2026-06-18 19:38:28     Query Q33 Score: 0.75
2026-06-18 19:38:28   [34/45] Processing Query Q34...
2026-06-18 19:38:33     Query Q34 Score: 0.95
2026-06-18 19:38:33   [35/45] Processing Query Q35...
2026-06-18 19:38:37     Query Q35 Score: 1.00
2026-06-18 19:38:37   [36/45] Processing Query Q36...
2026-06-18 19:38:42     Query Q36 Score: 1.00
2026-06-18 19:38:42   [37/45] Processing Query Q37...
2026-06-18 19:38:48     Query Q37 Score: 0.85
2026-06-18 19:38:48   [38/45] Processing Query Q38...
2026-06-18 19:38:55     Query Q38 Score: 1.00
2026-06-18 19:38:55   [39/45] Processing Query Q39...
2026-06-18 19:38:59     Query Q39 Score: 1.00
2026-06-18 19:38:59   [40/45] Processing Query Q40...
2026-06-18 19:39:04     Query Q40 Score: 1.00
2026-06-18 19:39:04   [41/45] Processing Query Q41...
2026-06-18 19:39:10     Query Q41 Score: 0.90
2026-06-18 19:39:10   [42/45] Processing Query Q42...
2026-06-18 19:39:15     Query Q42 Score: 1.00
2026-06-18 19:39:15   [43/45] Processing Query Q43...
2026-06-18 19:39:20     Query Q43 Score: 0.90
2026-06-18 19:39:20   [44/45] Processing Query Q48...
2026-06-18 19:39:27     Query Q48 Score: 1.00
2026-06-18 19:39:27   [45/45] Processing Query Q49...
2026-06-18 19:39:33     Query Q49 Score: 0.50
2026-06-18 19:39:33 Saved validation results to /home/virtualuser/model_evaluation/autoresearch/archive/run_20260618_134629/outputs/validation_results_iter58_20260618_193933.csv
2026-06-18 19:39:33 Validation run completed. Overall Mean Score: 0.8644
2026-06-18 19:39:33 Candidate Score: 0.8644 (Delta: -0.0644)
2026-06-18 19:39:33 >>> FAILURE: Score did not improve. Discarding changes.
2026-06-18 19:39:33 Iteration #58 logged successfully to experiments.json.
2026-06-18 19:39:33 
2026-06-18 19:39:33 =========================================
2026-06-18 19:39:33 STARTING ITERATION #59
2026-06-18 19:39:33 =========================================
2026-06-18 19:39:33 Current Champion Score: 0.9289
2026-06-18 19:39:33 Failing queries to fix: 13
2026-06-18 19:39:33 Calling Optimizer Agent to refine instructions...
2026-06-18 19:40:13 Starting validation run on 45 queries...
2026-06-18 19:40:13   [1/45] Processing Query Q01...
2026-06-18 19:40:18     Query Q01 Score: 1.00
2026-06-18 19:40:18   [2/45] Processing Query Q02...
2026-06-18 19:40:23     Query Q02 Score: 1.00
2026-06-18 19:40:23   [3/45] Processing Query Q03...
2026-06-18 19:40:28     Query Q03 Score: 1.00
2026-06-18 19:40:28   [4/45] Processing Query Q04...
2026-06-18 19:40:34     Query Q04 Score: 1.00
2026-06-18 19:40:34   [5/45] Processing Query Q05...
2026-06-18 19:40:39     Query Q05 Score: 0.40
2026-06-18 19:40:39   [6/45] Processing Query Q06...
2026-06-18 19:40:45     Query Q06 Score: 0.95
2026-06-18 19:40:45   [7/45] Processing Query Q07...
2026-06-18 19:40:50     Query Q07 Score: 1.00
2026-06-18 19:40:50   [8/45] Processing Query Q08...
2026-06-18 19:40:55     Query Q08 Score: 1.00
2026-06-18 19:40:55   [9/45] Processing Query Q09...
2026-06-18 19:41:01     Query Q09 Score: 1.00
2026-06-18 19:41:01   [10/45] Processing Query Q10...
2026-06-18 19:41:07     Query Q10 Score: 1.00
2026-06-18 19:41:07   [11/45] Processing Query Q11...
2026-06-18 19:41:14     Query Q11 Score: 0.40
2026-06-18 19:41:14   [12/45] Processing Query Q12...
2026-06-18 19:41:19     Query Q12 Score: 1.00
2026-06-18 19:41:19   [13/45] Processing Query Q13...
2026-06-18 19:41:24     Query Q13 Score: 1.00
2026-06-18 19:41:24   [14/45] Processing Query Q14...
2026-06-18 19:41:29     Query Q14 Score: 0.50
2026-06-18 19:41:29   [15/45] Processing Query Q15...
2026-06-18 19:41:35     Query Q15 Score: 0.95
2026-06-18 19:41:35   [16/45] Processing Query Q16...
2026-06-18 19:41:42     Query Q16 Score: 1.00
2026-06-18 19:41:42   [17/45] Processing Query Q17...
2026-06-18 19:41:46     Query Q17 Score: 1.00
2026-06-18 19:41:46   [18/45] Processing Query Q18...
2026-06-18 19:41:51     Query Q18 Score: 1.00
2026-06-18 19:41:51   [19/45] Processing Query Q19...
2026-06-18 19:41:56     Query Q19 Score: 0.95
2026-06-18 19:41:56   [20/45] Processing Query Q20...
2026-06-18 19:42:01     Query Q20 Score: 0.90
2026-06-18 19:42:01   [21/45] Processing Query Q21...
2026-06-18 19:42:06     Query Q21 Score: 1.00
2026-06-18 19:42:06   [22/45] Processing Query Q22...
2026-06-18 19:42:11     Query Q22 Score: 0.95
2026-06-18 19:42:11   [23/45] Processing Query Q23...
2026-06-18 19:42:17     Query Q23 Score: 1.00
2026-06-18 19:42:17   [24/45] Processing Query Q24...
2026-06-18 19:42:21     Query Q24 Score: 1.00
2026-06-18 19:42:21   [25/45] Processing Query Q25...
2026-06-18 19:42:26     Query Q25 Score: 0.95
2026-06-18 19:42:26   [26/45] Processing Query Q26...
2026-06-18 19:42:31     Query Q26 Score: 1.00
2026-06-18 19:42:31   [27/45] Processing Query Q27...
2026-06-18 19:42:35     Query Q27 Score: 0.95
2026-06-18 19:42:35   [28/45] Processing Query Q28...
2026-06-18 19:42:40     Query Q28 Score: 1.00
2026-06-18 19:42:40   [29/45] Processing Query Q29...
2026-06-18 19:42:45     Query Q29 Score: 0.60
2026-06-18 19:42:45   [30/45] Processing Query Q30...
2026-06-18 19:42:51     Query Q30 Score: 1.00
2026-06-18 19:42:51   [31/45] Processing Query Q31...
2026-06-18 19:42:56     Query Q31 Score: 1.00
2026-06-18 19:42:56   [32/45] Processing Query Q32...
2026-06-18 19:43:02     Query Q32 Score: 1.00
2026-06-18 19:43:02   [33/45] Processing Query Q33...
2026-06-18 19:43:08     Query Q33 Score: 0.90
2026-06-18 19:43:08   [34/45] Processing Query Q34...
2026-06-18 19:43:12     Query Q34 Score: 1.00
2026-06-18 19:43:12   [35/45] Processing Query Q35...
2026-06-18 19:43:16     Query Q35 Score: 1.00
2026-06-18 19:43:16   [36/45] Processing Query Q36...
2026-06-18 19:43:22     Query Q36 Score: 1.00
2026-06-18 19:43:22   [37/45] Processing Query Q37...
2026-06-18 19:43:27     Query Q37 Score: 0.60
2026-06-18 19:43:27   [38/45] Processing Query Q38...
2026-06-18 19:43:34     Query Q38 Score: 1.00
2026-06-18 19:43:34   [39/45] Processing Query Q39...
2026-06-18 19:43:39     Query Q39 Score: 1.00
2026-06-18 19:43:39   [40/45] Processing Query Q40...
2026-06-18 19:43:44     Query Q40 Score: 1.00
2026-06-18 19:43:44   [41/45] Processing Query Q41...
2026-06-18 19:43:49     Query Q41 Score: 0.90
2026-06-18 19:43:49   [42/45] Processing Query Q42...
2026-06-18 19:43:54     Query Q42 Score: 0.95
2026-06-18 19:43:54   [43/45] Processing Query Q43...
2026-06-18 19:44:00     Query Q43 Score: 1.00
2026-06-18 19:44:00   [44/45] Processing Query Q48...
2026-06-18 19:44:06     Query Q48 Score: 0.75
2026-06-18 19:44:06   [45/45] Processing Query Q49...
2026-06-18 19:44:13     Query Q49 Score: 0.75
2026-06-18 19:44:13 Saved validation results to /home/virtualuser/model_evaluation/autoresearch/archive/run_20260618_134629/outputs/validation_results_iter59_20260618_194413.csv
2026-06-18 19:44:13 Validation run completed. Overall Mean Score: 0.9189
2026-06-18 19:44:13 Candidate Score: 0.9189 (Delta: -0.0100)
2026-06-18 19:44:13 >>> FAILURE: Score did not improve. Discarding changes.
2026-06-18 19:44:13 Iteration #59 logged successfully to experiments.json.
2026-06-18 19:44:13 
2026-06-18 19:44:13 =========================================
2026-06-18 19:44:13 STARTING ITERATION #60
2026-06-18 19:44:13 =========================================
2026-06-18 19:44:13 Current Champion Score: 0.9289
2026-06-18 19:44:13 Failing queries to fix: 13
2026-06-18 19:44:13 Calling Optimizer Agent to refine instructions...
2026-06-18 19:44:54 Starting validation run on 45 queries...
2026-06-18 19:44:54   [1/45] Processing Query Q01...
2026-06-18 19:44:59     Query Q01 Score: 1.00
2026-06-18 19:44:59   [2/45] Processing Query Q02...
2026-06-18 19:45:04     Query Q02 Score: 1.00
2026-06-18 19:45:04   [3/45] Processing Query Q03...
2026-06-18 19:45:10     Query Q03 Score: 1.00
2026-06-18 19:45:10   [4/45] Processing Query Q04...
2026-06-18 19:45:15     Query Q04 Score: 1.00
2026-06-18 19:45:15   [5/45] Processing Query Q05...
2026-06-18 19:45:22     Query Q05 Score: 0.40
2026-06-18 19:45:22   [6/45] Processing Query Q06...
2026-06-18 19:45:27     Query Q06 Score: 0.90
2026-06-18 19:45:27   [7/45] Processing Query Q07...
2026-06-18 19:45:32     Query Q07 Score: 1.00
2026-06-18 19:45:32   [8/45] Processing Query Q08...
2026-06-18 19:45:37     Query Q08 Score: 1.00
2026-06-18 19:45:37   [9/45] Processing Query Q09...
2026-06-18 19:45:46     Query Q09 Score: 0.50
2026-06-18 19:45:46   [10/45] Processing Query Q10...
2026-06-18 19:45:51     Query Q10 Score: 1.00
2026-06-18 19:45:51   [11/45] Processing Query Q11...
2026-06-18 19:46:10     Query Q11 Score: 0.50
2026-06-18 19:46:10   [12/45] Processing Query Q12...
2026-06-18 19:46:16     Query Q12 Score: 1.00
2026-06-18 19:46:16   [13/45] Processing Query Q13...
2026-06-18 19:46:21     Query Q13 Score: 1.00
2026-06-18 19:46:21   [14/45] Processing Query Q14...
2026-06-18 19:46:26     Query Q14 Score: 0.50
2026-06-18 19:46:26   [15/45] Processing Query Q15...
2026-06-18 19:46:32     Query Q15 Score: 1.00
2026-06-18 19:46:32   [16/45] Processing Query Q16...
2026-06-18 19:46:37     Query Q16 Score: 0.75
2026-06-18 19:46:37   [17/45] Processing Query Q17...
2026-06-18 19:46:42     Query Q17 Score: 1.00
2026-06-18 19:46:42   [18/45] Processing Query Q18...
2026-06-18 19:46:47     Query Q18 Score: 1.00
2026-06-18 19:46:47   [19/45] Processing Query Q19...
2026-06-18 19:46:52     Query Q19 Score: 0.50
2026-06-18 19:46:52   [20/45] Processing Query Q20...
2026-06-18 19:46:57     Query Q20 Score: 0.90
2026-06-18 19:46:57   [21/45] Processing Query Q21...
2026-06-18 19:47:02     Query Q21 Score: 1.00
2026-06-18 19:47:02   [22/45] Processing Query Q22...
2026-06-18 19:47:07     Query Q22 Score: 1.00
2026-06-18 19:47:07   [23/45] Processing Query Q23...
2026-06-18 19:47:20     Query Q23 Score: 1.00
2026-06-18 19:47:20   [24/45] Processing Query Q24...
2026-06-18 19:47:25     Query Q24 Score: 1.00
2026-06-18 19:47:25   [25/45] Processing Query Q25...
2026-06-18 19:47:30     Query Q25 Score: 0.95
2026-06-18 19:47:30   [26/45] Processing Query Q26...
2026-06-18 19:47:35     Query Q26 Score: 1.00
2026-06-18 19:47:35   [27/45] Processing Query Q27...
2026-06-18 19:47:39     Query Q27 Score: 1.00
2026-06-18 19:47:39   [28/45] Processing Query Q28...
2026-06-18 19:47:44     Query Q28 Score: 1.00
2026-06-18 19:47:44   [29/45] Processing Query Q29...
2026-06-18 19:47:49     Query Q29 Score: 0.60
2026-06-18 19:47:49   [30/45] Processing Query Q30...
2026-06-18 19:47:54     Query Q30 Score: 1.00
2026-06-18 19:47:54   [31/45] Processing Query Q31...
2026-06-18 19:47:59     Query Q31 Score: 1.00
2026-06-18 19:47:59   [32/45] Processing Query Q32...
2026-06-18 19:48:05     Query Q32 Score: 1.00
2026-06-18 19:48:05   [33/45] Processing Query Q33...
2026-06-18 19:48:11     Query Q33 Score: 0.90
2026-06-18 19:48:11   [34/45] Processing Query Q34...
2026-06-18 19:48:16     Query Q34 Score: 1.00
2026-06-18 19:48:16   [35/45] Processing Query Q35...
2026-06-18 19:48:20     Query Q35 Score: 1.00
2026-06-18 19:48:20   [36/45] Processing Query Q36...
2026-06-18 19:48:26     Query Q36 Score: 1.00
2026-06-18 19:48:26   [37/45] Processing Query Q37...
2026-06-18 19:48:32     Query Q37 Score: 0.95
2026-06-18 19:48:32   [38/45] Processing Query Q38...
2026-06-18 19:48:39     Query Q38 Score: 1.00
2026-06-18 19:48:39   [39/45] Processing Query Q39...
2026-06-18 19:48:43     Query Q39 Score: 1.00
2026-06-18 19:48:43   [40/45] Processing Query Q40...
2026-06-18 19:48:48     Query Q40 Score: 1.00
2026-06-18 19:48:48   [41/45] Processing Query Q41...
2026-06-18 19:48:55     Query Q41 Score: 0.90
2026-06-18 19:48:55   [42/45] Processing Query Q42...
2026-06-18 19:49:00     Query Q42 Score: 0.95
2026-06-18 19:49:00   [43/45] Processing Query Q43...
2026-06-18 19:49:04     Query Q43 Score: 1.00
2026-06-18 19:49:04   [44/45] Processing Query Q48...
2026-06-18 19:49:11     Query Q48 Score: 0.75
2026-06-18 19:49:11   [45/45] Processing Query Q49...
2026-06-18 19:49:19     Query Q49 Score: 0.40
2026-06-18 19:49:19 Saved validation results to /home/virtualuser/model_evaluation/autoresearch/archive/run_20260618_134629/outputs/validation_results_iter60_20260618_194919.csv
2026-06-18 19:49:19 Validation run completed. Overall Mean Score: 0.8967
2026-06-18 19:49:19 Candidate Score: 0.8967 (Delta: -0.0322)
2026-06-18 19:49:19 >>> FAILURE: Score did not improve. Discarding changes.
2026-06-18 19:49:19 Iteration #60 logged successfully to experiments.json.
2026-06-18 19:49:19 
2026-06-18 19:49:19 =========================================
2026-06-18 19:49:19 STARTING ITERATION #61
2026-06-18 19:49:19 =========================================
2026-06-18 19:49:19 Current Champion Score: 0.9289
2026-06-18 19:49:19 Failing queries to fix: 13
2026-06-18 19:49:19 Calling Optimizer Agent to refine instructions...
2026-06-18 19:49:58 Starting validation run on 45 queries...
2026-06-18 19:49:58   [1/45] Processing Query Q01...
2026-06-18 19:50:04     Query Q01 Score: 1.00
2026-06-18 19:50:04   [2/45] Processing Query Q02...
2026-06-18 19:50:09     Query Q02 Score: 0.95
2026-06-18 19:50:09   [3/45] Processing Query Q03...
2026-06-18 19:50:14     Query Q03 Score: 1.00
2026-06-18 19:50:14   [4/45] Processing Query Q04...
2026-06-18 19:50:20     Query Q04 Score: 1.00
2026-06-18 19:50:20   [5/45] Processing Query Q05...
2026-06-18 19:50:26     Query Q05 Score: 0.40
2026-06-18 19:50:26   [6/45] Processing Query Q06...
2026-06-18 19:50:31     Query Q06 Score: 0.95
2026-06-18 19:50:31   [7/45] Processing Query Q07...
2026-06-18 19:50:36     Query Q07 Score: 1.00
2026-06-18 19:50:36   [8/45] Processing Query Q08...
2026-06-18 19:50:41     Query Q08 Score: 1.00
2026-06-18 19:50:41   [9/45] Processing Query Q09...
2026-06-18 19:50:51     Query Q09 Score: 0.40
2026-06-18 19:50:51   [10/45] Processing Query Q10...
2026-06-18 19:50:57     Query Q10 Score: 1.00
2026-06-18 19:50:57   [11/45] Processing Query Q11...
2026-06-18 19:51:05     Query Q11 Score: 0.40
2026-06-18 19:51:05   [12/45] Processing Query Q12...
2026-06-18 19:51:09     Query Q12 Score: 1.00
2026-06-18 19:51:09   [13/45] Processing Query Q13...
2026-06-18 19:51:14     Query Q13 Score: 1.00
2026-06-18 19:51:14   [14/45] Processing Query Q14...
2026-06-18 19:51:19     Query Q14 Score: 0.50
2026-06-18 19:51:19   [15/45] Processing Query Q15...
2026-06-18 19:51:25     Query Q15 Score: 1.00
2026-06-18 19:51:25   [16/45] Processing Query Q16...
2026-06-18 19:51:32     Query Q16 Score: 1.00
2026-06-18 19:51:32   [17/45] Processing Query Q17...
2026-06-18 19:51:37     Query Q17 Score: 0.95
2026-06-18 19:51:37   [18/45] Processing Query Q18...
2026-06-18 19:51:42     Query Q18 Score: 0.75
2026-06-18 19:51:42   [19/45] Processing Query Q19...
2026-06-18 19:52:11     Query Q19 Score: 0.20
2026-06-18 19:52:11   [20/45] Processing Query Q20...
2026-06-18 19:52:16     Query Q20 Score: 0.95
2026-06-18 19:52:16   [21/45] Processing Query Q21...
2026-06-18 19:52:21     Query Q21 Score: 1.00
2026-06-18 19:52:21   [22/45] Processing Query Q22...
2026-06-18 19:52:26     Query Q22 Score: 0.95
2026-06-18 19:52:26   [23/45] Processing Query Q23...
2026-06-18 19:52:32     Query Q23 Score: 1.00
2026-06-18 19:52:32   [24/45] Processing Query Q24...
2026-06-18 19:52:36     Query Q24 Score: 1.00
2026-06-18 19:52:36   [25/45] Processing Query Q25...
2026-06-18 19:52:42     Query Q25 Score: 0.95
2026-06-18 19:52:42   [26/45] Processing Query Q26...
2026-06-18 19:52:46     Query Q26 Score: 1.00
2026-06-18 19:52:46   [27/45] Processing Query Q27...
2026-06-18 19:52:55     Query Q27 Score: 1.00
2026-06-18 19:52:55   [28/45] Processing Query Q28...
2026-06-18 19:52:59     Query Q28 Score: 1.00
2026-06-18 19:52:59   [29/45] Processing Query Q29...
2026-06-18 19:53:04     Query Q29 Score: 0.60
2026-06-18 19:53:04   [30/45] Processing Query Q30...
2026-06-18 19:53:10     Query Q30 Score: 1.00
2026-06-18 19:53:10   [31/45] Processing Query Q31...
2026-06-18 19:53:14     Query Q31 Score: 1.00
2026-06-18 19:53:14   [32/45] Processing Query Q32...
2026-06-18 19:53:21     Query Q32 Score: 1.00
2026-06-18 19:53:21   [33/45] Processing Query Q33...
2026-06-18 19:53:28     Query Q33 Score: 0.40
2026-06-18 19:53:28   [34/45] Processing Query Q34...
2026-06-18 19:53:33     Query Q34 Score: 1.00
2026-06-18 19:53:33   [35/45] Processing Query Q35...
2026-06-18 19:53:37     Query Q35 Score: 1.00
2026-06-18 19:53:37   [36/45] Processing Query Q36...
2026-06-18 19:53:43     Query Q36 Score: 1.00
2026-06-18 19:53:43   [37/45] Processing Query Q37...
2026-06-18 19:53:49     Query Q37 Score: 0.95
2026-06-18 19:53:49   [38/45] Processing Query Q38...
2026-06-18 19:53:55     Query Q38 Score: 1.00
2026-06-18 19:53:55   [39/45] Processing Query Q39...
2026-06-18 19:54:00     Query Q39 Score: 0.95
2026-06-18 19:54:00   [40/45] Processing Query Q40...
2026-06-18 19:54:05     Query Q40 Score: 1.00
2026-06-18 19:54:05   [41/45] Processing Query Q41...
2026-06-18 19:54:11     Query Q41 Score: 0.90
2026-06-18 19:54:11   [42/45] Processing Query Q42...
2026-06-18 19:54:16     Query Q42 Score: 0.95
2026-06-18 19:54:16   [43/45] Processing Query Q43...
2026-06-18 19:54:21     Query Q43 Score: 1.00
2026-06-18 19:54:21   [44/45] Processing Query Q48...
2026-06-18 19:54:37     Query Q48 Score: 1.00
2026-06-18 19:54:37   [45/45] Processing Query Q49...
2026-06-18 19:54:45     Query Q49 Score: 0.65
2026-06-18 19:54:45 Saved validation results to /home/virtualuser/model_evaluation/autoresearch/archive/run_20260618_134629/outputs/validation_results_iter61_20260618_195445.csv
2026-06-18 19:54:45 Validation run completed. Overall Mean Score: 0.8833
2026-06-18 19:54:45 Candidate Score: 0.8833 (Delta: -0.0456)
2026-06-18 19:54:45 >>> FAILURE: Score did not improve. Discarding changes.
2026-06-18 19:54:45 Iteration #61 logged successfully to experiments.json.
2026-06-18 19:54:45 
2026-06-18 19:54:45 =========================================
2026-06-18 19:54:45 STARTING ITERATION #62
2026-06-18 19:54:45 =========================================
2026-06-18 19:54:45 Current Champion Score: 0.9289
2026-06-18 19:54:45 Failing queries to fix: 13
2026-06-18 19:54:45 Calling Optimizer Agent to refine instructions...
2026-06-18 19:55:34 Starting validation run on 45 queries...
2026-06-18 19:55:34   [1/45] Processing Query Q01...
2026-06-18 19:55:40     Query Q01 Score: 1.00
2026-06-18 19:55:40   [2/45] Processing Query Q02...
2026-06-18 19:55:45     Query Q02 Score: 1.00
2026-06-18 19:55:45   [3/45] Processing Query Q03...
2026-06-18 19:55:50     Query Q03 Score: 1.00
2026-06-18 19:55:50   [4/45] Processing Query Q04...
2026-06-18 19:55:56     Query Q04 Score: 1.00
2026-06-18 19:55:56   [5/45] Processing Query Q05...
2026-06-18 19:56:01     Query Q05 Score: 0.30
2026-06-18 19:56:01   [6/45] Processing Query Q06...
2026-06-18 19:56:07     Query Q06 Score: 0.95
2026-06-18 19:56:07   [7/45] Processing Query Q07...
2026-06-18 19:56:12     Query Q07 Score: 1.00
2026-06-18 19:56:12   [8/45] Processing Query Q08...
2026-06-18 19:56:17     Query Q08 Score: 1.00
2026-06-18 19:56:17   [9/45] Processing Query Q09...
2026-06-18 19:56:23     Query Q09 Score: 1.00
2026-06-18 19:56:23   [10/45] Processing Query Q10...
2026-06-18 19:56:28     Query Q10 Score: 1.00
2026-06-18 19:56:28   [11/45] Processing Query Q11...
2026-06-18 19:56:37     Query Q11 Score: 0.30
2026-06-18 19:56:37   [12/45] Processing Query Q12...
2026-06-18 19:56:41     Query Q12 Score: 1.00
2026-06-18 19:56:41   [13/45] Processing Query Q13...
2026-06-18 19:56:47     Query Q13 Score: 0.60
2026-06-18 19:56:47   [14/45] Processing Query Q14...
2026-06-18 19:56:52     Query Q14 Score: 0.85
2026-06-18 19:56:52   [15/45] Processing Query Q15...
2026-06-18 19:56:58     Query Q15 Score: 1.00
2026-06-18 19:56:58   [16/45] Processing Query Q16...
2026-06-18 19:57:07     Query Q16 Score: 1.00
2026-06-18 19:57:07   [17/45] Processing Query Q17...
2026-06-18 19:57:12     Query Q17 Score: 1.00
2026-06-18 19:57:12   [18/45] Processing Query Q18...
2026-06-18 19:57:17     Query Q18 Score: 1.00
2026-06-18 19:57:17   [19/45] Processing Query Q19...
2026-06-18 19:57:22     Query Q19 Score: 0.95
2026-06-18 19:57:22   [20/45] Processing Query Q20...
2026-06-18 19:57:27     Query Q20 Score: 0.95
2026-06-18 19:57:27   [21/45] Processing Query Q21...
2026-06-18 19:57:32     Query Q21 Score: 1.00
2026-06-18 19:57:32   [22/45] Processing Query Q22...
2026-06-18 19:57:37     Query Q22 Score: 0.95
2026-06-18 19:57:37   [23/45] Processing Query Q23...
2026-06-18 19:57:43     Query Q23 Score: 0.95
2026-06-18 19:57:43   [24/45] Processing Query Q24...
2026-06-18 19:57:47     Query Q24 Score: 1.00
2026-06-18 19:57:47   [25/45] Processing Query Q25...
2026-06-18 19:57:53     Query Q25 Score: 0.95
2026-06-18 19:57:53   [26/45] Processing Query Q26...
2026-06-18 19:57:57     Query Q26 Score: 1.00
2026-06-18 19:57:57   [27/45] Processing Query Q27...
2026-06-18 19:58:01     Query Q27 Score: 1.00
2026-06-18 19:58:01   [28/45] Processing Query Q28...
2026-06-18 19:58:06     Query Q28 Score: 1.00
2026-06-18 19:58:06   [29/45] Processing Query Q29...
2026-06-18 19:58:11     Query Q29 Score: 0.65
2026-06-18 19:58:11   [30/45] Processing Query Q30...
2026-06-18 19:58:16     Query Q30 Score: 1.00
2026-06-18 19:58:16   [31/45] Processing Query Q31...
2026-06-18 19:58:21     Query Q31 Score: 1.00
2026-06-18 19:58:21   [32/45] Processing Query Q32...
2026-06-18 19:58:27     Query Q32 Score: 1.00
2026-06-18 19:58:27   [33/45] Processing Query Q33...
2026-06-18 19:58:33     Query Q33 Score: 0.90
2026-06-18 19:58:33   [34/45] Processing Query Q34...
2026-06-18 19:58:38     Query Q34 Score: 1.00
2026-06-18 19:58:38   [35/45] Processing Query Q35...
2026-06-18 19:58:42     Query Q35 Score: 1.00
2026-06-18 19:58:42   [36/45] Processing Query Q36...
2026-06-18 19:58:47     Query Q36 Score: 1.00
2026-06-18 19:58:47   [37/45] Processing Query Q37...
2026-06-18 19:58:53     Query Q37 Score: 0.95
2026-06-18 19:58:53   [38/45] Processing Query Q38...
2026-06-18 19:59:01     Query Q38 Score: 1.00
2026-06-18 19:59:01   [39/45] Processing Query Q39...
2026-06-18 19:59:06     Query Q39 Score: 1.00
2026-06-18 19:59:06   [40/45] Processing Query Q40...
2026-06-18 19:59:11     Query Q40 Score: 1.00
2026-06-18 19:59:11   [41/45] Processing Query Q41...
2026-06-18 19:59:16     Query Q41 Score: 0.95
2026-06-18 19:59:16   [42/45] Processing Query Q42...
2026-06-18 19:59:21     Query Q42 Score: 1.00
2026-06-18 19:59:21   [43/45] Processing Query Q43...
2026-06-18 19:59:26     Query Q43 Score: 1.00
2026-06-18 19:59:26   [44/45] Processing Query Q48...
2026-06-18 19:59:32     Query Q48 Score: 0.85
2026-06-18 19:59:32   [45/45] Processing Query Q49...
2026-06-18 19:59:39     Query Q49 Score: 0.50
2026-06-18 19:59:39 Saved validation results to /home/virtualuser/model_evaluation/autoresearch/archive/run_20260618_134629/outputs/validation_results_iter62_20260618_195939.csv
2026-06-18 19:59:39 Validation run completed. Overall Mean Score: 0.9233
2026-06-18 19:59:39 Candidate Score: 0.9233 (Delta: -0.0056)
2026-06-18 19:59:39 >>> FAILURE: Score did not improve. Discarding changes.
2026-06-18 19:59:39 Iteration #62 logged successfully to experiments.json.
2026-06-18 19:59:39 
2026-06-18 19:59:39 =========================================
2026-06-18 19:59:39 STARTING ITERATION #63
2026-06-18 19:59:39 =========================================
2026-06-18 19:59:39 Current Champion Score: 0.9289
2026-06-18 19:59:39 Failing queries to fix: 13
2026-06-18 19:59:39 Calling Optimizer Agent to refine instructions...
2026-06-18 20:00:18 Starting validation run on 45 queries...
2026-06-18 20:00:18   [1/45] Processing Query Q01...
2026-06-18 20:00:23     Query Q01 Score: 1.00
2026-06-18 20:00:23   [2/45] Processing Query Q02...
2026-06-18 20:00:28     Query Q02 Score: 1.00
2026-06-18 20:00:28   [3/45] Processing Query Q03...
2026-06-18 20:00:33     Query Q03 Score: 1.00
2026-06-18 20:00:33   [4/45] Processing Query Q04...
2026-06-18 20:00:39     Query Q04 Score: 1.00
2026-06-18 20:00:39   [5/45] Processing Query Q05...
2026-06-18 20:00:44     Query Q05 Score: 0.30
2026-06-18 20:00:44   [6/45] Processing Query Q06...
2026-06-18 20:00:50     Query Q06 Score: 0.95
2026-06-18 20:00:50   [7/45] Processing Query Q07...
2026-06-18 20:00:55     Query Q07 Score: 1.00
2026-06-18 20:00:55   [8/45] Processing Query Q08...
2026-06-18 20:01:00     Query Q08 Score: 1.00
2026-06-18 20:01:00   [9/45] Processing Query Q09...
2026-06-18 20:01:06     Query Q09 Score: 1.00
2026-06-18 20:01:06   [10/45] Processing Query Q10...
2026-06-18 20:01:12     Query Q10 Score: 1.00
2026-06-18 20:01:12   [11/45] Processing Query Q11...
2026-06-18 20:01:19     Query Q11 Score: 0.95
2026-06-18 20:01:19   [12/45] Processing Query Q12...
2026-06-18 20:01:24     Query Q12 Score: 1.00
2026-06-18 20:01:24   [13/45] Processing Query Q13...
2026-06-18 20:01:30     Query Q13 Score: 1.00
2026-06-18 20:01:30   [14/45] Processing Query Q14...
2026-06-18 20:01:35     Query Q14 Score: 0.50
2026-06-18 20:01:35   [15/45] Processing Query Q15...
2026-06-18 20:01:41     Query Q15 Score: 1.00
2026-06-18 20:01:41   [16/45] Processing Query Q16...
2026-06-18 20:01:47     Query Q16 Score: 0.75
2026-06-18 20:01:47   [17/45] Processing Query Q17...
2026-06-18 20:01:52     Query Q17 Score: 1.00
2026-06-18 20:01:52   [18/45] Processing Query Q18...
2026-06-18 20:01:57     Query Q18 Score: 1.00
2026-06-18 20:01:57   [19/45] Processing Query Q19...
2026-06-18 20:02:02     Query Q19 Score: 0.40
2026-06-18 20:02:02   [20/45] Processing Query Q20...
2026-06-18 20:02:07     Query Q20 Score: 0.95
2026-06-18 20:02:07   [21/45] Processing Query Q21...
2026-06-18 20:02:12     Query Q21 Score: 1.00
2026-06-18 20:02:12   [22/45] Processing Query Q22...
2026-06-18 20:02:17     Query Q22 Score: 0.95
2026-06-18 20:02:17   [23/45] Processing Query Q23...
2026-06-18 20:02:28     Query Q23 Score: 1.00
2026-06-18 20:02:28   [24/45] Processing Query Q24...
2026-06-18 20:02:32     Query Q24 Score: 1.00
2026-06-18 20:02:32   [25/45] Processing Query Q25...
2026-06-18 20:02:38     Query Q25 Score: 0.95
2026-06-18 20:02:38   [26/45] Processing Query Q26...
2026-06-18 20:02:42     Query Q26 Score: 1.00
2026-06-18 20:02:42   [27/45] Processing Query Q27...
2026-06-18 20:02:46     Query Q27 Score: 1.00
2026-06-18 20:02:46   [28/45] Processing Query Q28...
2026-06-18 20:02:51     Query Q28 Score: 1.00
2026-06-18 20:02:51   [29/45] Processing Query Q29...
2026-06-18 20:02:55     Query Q29 Score: 0.50
2026-06-18 20:02:55   [30/45] Processing Query Q30...
2026-06-18 20:03:01     Query Q30 Score: 1.00
2026-06-18 20:03:01   [31/45] Processing Query Q31...
2026-06-18 20:03:06     Query Q31 Score: 1.00
2026-06-18 20:03:06   [32/45] Processing Query Q32...
2026-06-18 20:03:12     Query Q32 Score: 1.00
2026-06-18 20:03:12   [33/45] Processing Query Q33...
2026-06-18 20:03:18     Query Q33 Score: 0.90
2026-06-18 20:03:18   [34/45] Processing Query Q34...
2026-06-18 20:03:22     Query Q34 Score: 1.00
2026-06-18 20:03:22   [35/45] Processing Query Q35...
2026-06-18 20:03:26     Query Q35 Score: 1.00
2026-06-18 20:03:26   [36/45] Processing Query Q36...
2026-06-18 20:03:31     Query Q36 Score: 1.00
2026-06-18 20:03:31   [37/45] Processing Query Q37...
2026-06-18 20:03:38     Query Q37 Score: 0.70
2026-06-18 20:03:38   [38/45] Processing Query Q38...
2026-06-18 20:03:46     Query Q38 Score: 1.00
2026-06-18 20:03:46   [39/45] Processing Query Q39...
2026-06-18 20:03:50     Query Q39 Score: 0.95
2026-06-18 20:03:50   [40/45] Processing Query Q40...
2026-06-18 20:03:55     Query Q40 Score: 1.00
2026-06-18 20:03:55   [41/45] Processing Query Q41...
2026-06-18 20:04:01     Query Q41 Score: 0.50
2026-06-18 20:04:01   [42/45] Processing Query Q42...
2026-06-18 20:04:07     Query Q42 Score: 0.95
2026-06-18 20:04:07   [43/45] Processing Query Q43...
2026-06-18 20:04:11     Query Q43 Score: 1.00
2026-06-18 20:04:11   [44/45] Processing Query Q48...
2026-06-18 20:04:29     Query Q48 Score: 0.40
2026-06-18 20:04:29   [45/45] Processing Query Q49...
2026-06-18 20:04:37     Query Q49 Score: 0.50
2026-06-18 20:04:37 Saved validation results to /home/virtualuser/model_evaluation/autoresearch/archive/run_20260618_134629/outputs/validation_results_iter63_20260618_200437.csv
2026-06-18 20:04:37 Validation run completed. Overall Mean Score: 0.8911
2026-06-18 20:04:37 Candidate Score: 0.8911 (Delta: -0.0378)
2026-06-18 20:04:37 >>> FAILURE: Score did not improve. Discarding changes.
2026-06-18 20:04:37 Iteration #63 logged successfully to experiments.json.
2026-06-18 20:04:37 
2026-06-18 20:04:37 =========================================
2026-06-18 20:04:37 STARTING ITERATION #64
2026-06-18 20:04:37 =========================================
2026-06-18 20:04:37 Current Champion Score: 0.9289
2026-06-18 20:04:37 Failing queries to fix: 13
2026-06-18 20:04:37 Calling Optimizer Agent to refine instructions...
2026-06-18 20:05:11 Starting validation run on 45 queries...
2026-06-18 20:05:11   [1/45] Processing Query Q01...
2026-06-18 20:05:16     Query Q01 Score: 1.00
2026-06-18 20:05:16   [2/45] Processing Query Q02...
2026-06-18 20:05:21     Query Q02 Score: 1.00
2026-06-18 20:05:21   [3/45] Processing Query Q03...
2026-06-18 20:05:27     Query Q03 Score: 1.00
2026-06-18 20:05:27   [4/45] Processing Query Q04...
2026-06-18 20:05:32     Query Q04 Score: 1.00
2026-06-18 20:05:32   [5/45] Processing Query Q05...
2026-06-18 20:05:38     Query Q05 Score: 0.40
2026-06-18 20:05:38   [6/45] Processing Query Q06...
2026-06-18 20:05:44     Query Q06 Score: 0.90
2026-06-18 20:05:44   [7/45] Processing Query Q07...
2026-06-18 20:05:49     Query Q07 Score: 1.00
2026-06-18 20:05:49   [8/45] Processing Query Q08...
2026-06-18 20:05:54     Query Q08 Score: 1.00
2026-06-18 20:05:54   [9/45] Processing Query Q09...
2026-06-18 20:06:00     Query Q09 Score: 1.00
2026-06-18 20:06:00   [10/45] Processing Query Q10...
2026-06-18 20:06:05     Query Q10 Score: 1.00
2026-06-18 20:06:05   [11/45] Processing Query Q11...
2026-06-18 20:06:12     Query Q11 Score: 0.60
2026-06-18 20:06:12   [12/45] Processing Query Q12...
2026-06-18 20:06:17     Query Q12 Score: 1.00
2026-06-18 20:06:17   [13/45] Processing Query Q13...
2026-06-18 20:06:23     Query Q13 Score: 1.00
2026-06-18 20:06:23   [14/45] Processing Query Q14...
2026-06-18 20:06:27     Query Q14 Score: 0.85
2026-06-18 20:06:27   [15/45] Processing Query Q15...
2026-06-18 20:06:33     Query Q15 Score: 1.00
2026-06-18 20:06:33   [16/45] Processing Query Q16...
2026-06-18 20:06:50     Query Q16 Score: 1.00
2026-06-18 20:06:50   [17/45] Processing Query Q17...
2026-06-18 20:06:55     Query Q17 Score: 1.00
2026-06-18 20:06:55   [18/45] Processing Query Q18...
2026-06-18 20:07:00     Query Q18 Score: 1.00
2026-06-18 20:07:00   [19/45] Processing Query Q19...
2026-06-18 20:07:05     Query Q19 Score: 0.95
2026-06-18 20:07:05   [20/45] Processing Query Q20...
2026-06-18 20:07:10     Query Q20 Score: 0.95
2026-06-18 20:07:10   [21/45] Processing Query Q21...
2026-06-18 20:07:15     Query Q21 Score: 1.00
2026-06-18 20:07:15   [22/45] Processing Query Q22...
2026-06-18 20:07:20     Query Q22 Score: 0.95
2026-06-18 20:07:20   [23/45] Processing Query Q23...
2026-06-18 20:07:26     Query Q23 Score: 0.50
2026-06-18 20:07:26   [24/45] Processing Query Q24...
2026-06-18 20:07:30     Query Q24 Score: 1.00
2026-06-18 20:07:30   [25/45] Processing Query Q25...
2026-06-18 20:07:36     Query Q25 Score: 1.00
2026-06-18 20:07:36   [26/45] Processing Query Q26...
2026-06-18 20:07:40     Query Q26 Score: 1.00
2026-06-18 20:07:40   [27/45] Processing Query Q27...
2026-06-18 20:07:44     Query Q27 Score: 1.00
2026-06-18 20:07:44   [28/45] Processing Query Q28...
2026-06-18 20:07:49     Query Q28 Score: 1.00
2026-06-18 20:07:49   [29/45] Processing Query Q29...
2026-06-18 20:07:54     Query Q29 Score: 0.60
2026-06-18 20:07:54   [30/45] Processing Query Q30...
2026-06-18 20:07:59     Query Q30 Score: 1.00
2026-06-18 20:07:59   [31/45] Processing Query Q31...
2026-06-18 20:08:04     Query Q31 Score: 1.00
2026-06-18 20:08:04   [32/45] Processing Query Q32...
2026-06-18 20:08:10     Query Q32 Score: 1.00
2026-06-18 20:08:10   [33/45] Processing Query Q33...
2026-06-18 20:08:16     Query Q33 Score: 0.90
2026-06-18 20:08:16   [34/45] Processing Query Q34...
2026-06-18 20:08:21     Query Q34 Score: 1.00
2026-06-18 20:08:21   [35/45] Processing Query Q35...
2026-06-18 20:08:25     Query Q35 Score: 1.00
2026-06-18 20:08:25   [36/45] Processing Query Q36...
2026-06-18 20:08:30     Query Q36 Score: 1.00
2026-06-18 20:08:30   [37/45] Processing Query Q37...
2026-06-18 20:08:36     Query Q37 Score: 0.95
2026-06-18 20:08:36   [38/45] Processing Query Q38...
2026-06-18 20:08:44     Query Q38 Score: 1.00
2026-06-18 20:08:44   [39/45] Processing Query Q39...
2026-06-18 20:08:49     Query Q39 Score: 1.00
2026-06-18 20:08:49   [40/45] Processing Query Q40...
2026-06-18 20:08:54     Query Q40 Score: 1.00
2026-06-18 20:08:54   [41/45] Processing Query Q41...
2026-06-18 20:09:00     Query Q41 Score: 0.90
2026-06-18 20:09:00   [42/45] Processing Query Q42...
2026-06-18 20:09:05     Query Q42 Score: 0.95
2026-06-18 20:09:05   [43/45] Processing Query Q43...
2026-06-18 20:09:11     Query Q43 Score: 1.00
2026-06-18 20:09:11   [44/45] Processing Query Q48...
2026-06-18 20:09:31     Query Q48 Score: 1.00
2026-06-18 20:09:31   [45/45] Processing Query Q49...
2026-06-18 20:09:38     Query Q49 Score: 0.60
2026-06-18 20:09:38 Saved validation results to /home/virtualuser/model_evaluation/autoresearch/archive/run_20260618_134629/outputs/validation_results_iter64_20260618_200938.csv
2026-06-18 20:09:38 Validation run completed. Overall Mean Score: 0.9333
2026-06-18 20:09:38 Candidate Score: 0.9333 (Delta: +0.0044)
2026-06-18 20:09:38 >>> SUCCESS: Score improved! Saving new champion prompt.
2026-06-18 20:09:38 Iteration #64 logged successfully to experiments.json.
2026-06-18 20:09:38 
2026-06-18 20:09:38 =========================================
2026-06-18 20:09:38 STARTING ITERATION #65
2026-06-18 20:09:38 =========================================
2026-06-18 20:09:38 Current Champion Score: 0.9333
2026-06-18 20:09:38 Failing queries to fix: 14
2026-06-18 20:09:38 Calling Optimizer Agent to refine instructions...
2026-06-18 20:10:22 Starting validation run on 45 queries...
2026-06-18 20:10:22   [1/45] Processing Query Q01...
2026-06-18 20:10:27     Query Q01 Score: 1.00
2026-06-18 20:10:27   [2/45] Processing Query Q02...
2026-06-18 20:10:32     Query Q02 Score: 0.85
2026-06-18 20:10:32   [3/45] Processing Query Q03...
2026-06-18 20:10:38     Query Q03 Score: 1.00
2026-06-18 20:10:38   [4/45] Processing Query Q04...
2026-06-18 20:10:44     Query Q04 Score: 0.50
2026-06-18 20:10:44   [5/45] Processing Query Q05...
2026-06-18 20:10:50     Query Q05 Score: 0.50
2026-06-18 20:10:50   [6/45] Processing Query Q06...
2026-06-18 20:10:56     Query Q06 Score: 1.00
2026-06-18 20:10:56   [7/45] Processing Query Q07...
2026-06-18 20:11:01     Query Q07 Score: 1.00
2026-06-18 20:11:01   [8/45] Processing Query Q08...
2026-06-18 20:11:06     Query Q08 Score: 1.00
2026-06-18 20:11:06   [9/45] Processing Query Q09...
2026-06-18 20:11:12     Query Q09 Score: 1.00
2026-06-18 20:11:12   [10/45] Processing Query Q10...
2026-06-18 20:11:18     Query Q10 Score: 1.00
2026-06-18 20:11:18   [11/45] Processing Query Q11...
2026-06-18 20:11:26     Query Q11 Score: 0.40
2026-06-18 20:11:26   [12/45] Processing Query Q12...
2026-06-18 20:11:30     Query Q12 Score: 1.00
2026-06-18 20:11:30   [13/45] Processing Query Q13...
2026-06-18 20:11:43     Query Q13 Score: 0.40
2026-06-18 20:11:43   [14/45] Processing Query Q14...
2026-06-18 20:11:47     Query Q14 Score: 0.85
2026-06-18 20:11:47   [15/45] Processing Query Q15...
2026-06-18 20:11:54     Query Q15 Score: 1.00
2026-06-18 20:11:54   [16/45] Processing Query Q16...
2026-06-18 20:11:59     Query Q16 Score: 0.70
2026-06-18 20:11:59   [17/45] Processing Query Q17...
2026-06-18 20:12:04     Query Q17 Score: 0.50
2026-06-18 20:12:04   [18/45] Processing Query Q18...
2026-06-18 20:12:09     Query Q18 Score: 1.00
2026-06-18 20:12:09   [19/45] Processing Query Q19...
2026-06-18 20:12:14     Query Q19 Score: 0.95
2026-06-18 20:12:14   [20/45] Processing Query Q20...
2026-06-18 20:12:19     Query Q20 Score: 0.90
2026-06-18 20:12:19   [21/45] Processing Query Q21...
2026-06-18 20:12:23     Query Q21 Score: 1.00
2026-06-18 20:12:23   [22/45] Processing Query Q22...
2026-06-18 20:12:28     Query Q22 Score: 0.95
2026-06-18 20:12:28   [23/45] Processing Query Q23...
2026-06-18 20:12:34     Query Q23 Score: 0.75
2026-06-18 20:12:34   [24/45] Processing Query Q24...
2026-06-18 20:12:38     Query Q24 Score: 1.00
2026-06-18 20:12:38   [25/45] Processing Query Q25...
2026-06-18 20:12:43     Query Q25 Score: 1.00
2026-06-18 20:12:43   [26/45] Processing Query Q26...
2026-06-18 20:12:48     Query Q26 Score: 1.00
2026-06-18 20:12:48   [27/45] Processing Query Q27...
2026-06-18 20:12:52     Query Q27 Score: 1.00
2026-06-18 20:12:52   [28/45] Processing Query Q28...
2026-06-18 20:12:57     Query Q28 Score: 1.00
2026-06-18 20:12:57   [29/45] Processing Query Q29...
2026-06-18 20:13:02     Query Q29 Score: 0.60
2026-06-18 20:13:02   [30/45] Processing Query Q30...
2026-06-18 20:13:07     Query Q30 Score: 1.00
2026-06-18 20:13:07   [31/45] Processing Query Q31...
2026-06-18 20:13:12     Query Q31 Score: 1.00
2026-06-18 20:13:12   [32/45] Processing Query Q32...
2026-06-18 20:13:21     Query Q32 Score: 1.00
2026-06-18 20:13:21   [33/45] Processing Query Q33...
2026-06-18 20:13:29     Query Q33 Score: 0.85
2026-06-18 20:13:29   [34/45] Processing Query Q34...
2026-06-18 20:13:34     Query Q34 Score: 1.00
2026-06-18 20:13:34   [35/45] Processing Query Q35...
2026-06-18 20:13:38     Query Q35 Score: 1.00
2026-06-18 20:13:38   [36/45] Processing Query Q36...
2026-06-18 20:13:58     Query Q36 Score: 0.40
2026-06-18 20:13:58   [37/45] Processing Query Q37...
2026-06-18 20:14:03     Query Q37 Score: 0.75
2026-06-18 20:14:03   [38/45] Processing Query Q38...
2026-06-18 20:14:12     Query Q38 Score: 1.00
2026-06-18 20:14:12   [39/45] Processing Query Q39...
2026-06-18 20:14:17     Query Q39 Score: 1.00
2026-06-18 20:14:17   [40/45] Processing Query Q40...
2026-06-18 20:14:21     Query Q40 Score: 1.00
2026-06-18 20:14:21   [41/45] Processing Query Q41...
2026-06-18 20:14:27     Query Q41 Score: 0.90
2026-06-18 20:14:27   [42/45] Processing Query Q42...
2026-06-18 20:14:32     Query Q42 Score: 0.95
2026-06-18 20:14:32   [43/45] Processing Query Q43...
2026-06-18 20:14:37     Query Q43 Score: 1.00
2026-06-18 20:14:37   [44/45] Processing Query Q48...
2026-06-18 20:14:44     Query Q48 Score: 0.85
2026-06-18 20:14:44   [45/45] Processing Query Q49...
2026-06-18 20:14:51     Query Q49 Score: 0.90
2026-06-18 20:14:51 Saved validation results to /home/virtualuser/model_evaluation/autoresearch/archive/run_20260618_134629/outputs/validation_results_iter65_20260618_201451.csv
2026-06-18 20:14:51 Validation run completed. Overall Mean Score: 0.8767
2026-06-18 20:14:51 Candidate Score: 0.8767 (Delta: -0.0567)
2026-06-18 20:14:51 >>> FAILURE: Score did not improve. Discarding changes.
2026-06-18 20:14:51 Iteration #65 logged successfully to experiments.json.
2026-06-18 20:14:51 
2026-06-18 20:14:51 =========================================
2026-06-18 20:14:51 STARTING ITERATION #66
2026-06-18 20:14:51 =========================================
2026-06-18 20:14:51 Current Champion Score: 0.9333
2026-06-18 20:14:51 Failing queries to fix: 14
2026-06-18 20:14:51 Calling Optimizer Agent to refine instructions...
2026-06-18 20:15:33 Starting validation run on 45 queries...
2026-06-18 20:15:33   [1/45] Processing Query Q01...
2026-06-18 20:15:38     Query Q01 Score: 1.00
2026-06-18 20:15:38   [2/45] Processing Query Q02...
2026-06-18 20:15:43     Query Q02 Score: 1.00
2026-06-18 20:15:43   [3/45] Processing Query Q03...
2026-06-18 20:15:49     Query Q03 Score: 1.00
2026-06-18 20:15:49   [4/45] Processing Query Q04...
2026-06-18 20:15:54     Query Q04 Score: 1.00
2026-06-18 20:15:54   [5/45] Processing Query Q05...
2026-06-18 20:16:00     Query Q05 Score: 0.60
2026-06-18 20:16:00   [6/45] Processing Query Q06...
2026-06-18 20:16:05     Query Q06 Score: 1.00
2026-06-18 20:16:05   [7/45] Processing Query Q07...
2026-06-18 20:16:10     Query Q07 Score: 1.00
2026-06-18 20:16:10   [8/45] Processing Query Q08...
2026-06-18 20:16:15     Query Q08 Score: 1.00
2026-06-18 20:16:15   [9/45] Processing Query Q09...
2026-06-18 20:16:25     Query Q09 Score: 0.95
2026-06-18 20:16:25   [10/45] Processing Query Q10...
2026-06-18 20:16:30     Query Q10 Score: 1.00
2026-06-18 20:16:30   [11/45] Processing Query Q11...
2026-06-18 20:16:40     Query Q11 Score: 0.20
2026-06-18 20:16:40   [12/45] Processing Query Q12...
2026-06-18 20:16:45     Query Q12 Score: 1.00
2026-06-18 20:16:45   [13/45] Processing Query Q13...
2026-06-18 20:16:58     Query Q13 Score: 0.30
2026-06-18 20:16:58   [14/45] Processing Query Q14...
2026-06-18 20:17:03     Query Q14 Score: 0.85
2026-06-18 20:17:03   [15/45] Processing Query Q15...
2026-06-18 20:17:09     Query Q15 Score: 1.00
2026-06-18 20:17:09   [16/45] Processing Query Q16...
2026-06-18 20:17:15     Query Q16 Score: 0.75
2026-06-18 20:17:15   [17/45] Processing Query Q17...
2026-06-18 20:17:20     Query Q17 Score: 1.00
2026-06-18 20:17:20   [18/45] Processing Query Q18...
2026-06-18 20:17:25     Query Q18 Score: 1.00
2026-06-18 20:17:25   [19/45] Processing Query Q19...
2026-06-18 20:17:30     Query Q19 Score: 0.95
2026-06-18 20:17:30   [20/45] Processing Query Q20...
2026-06-18 20:17:35     Query Q20 Score: 0.95
2026-06-18 20:17:35   [21/45] Processing Query Q21...
2026-06-18 20:17:40     Query Q21 Score: 1.00
2026-06-18 20:17:40   [22/45] Processing Query Q22...
2026-06-18 20:17:45     Query Q22 Score: 0.95
2026-06-18 20:17:45   [23/45] Processing Query Q23...
2026-06-18 20:17:51     Query Q23 Score: 0.50
2026-06-18 20:17:51   [24/45] Processing Query Q24...
2026-06-18 20:17:55     Query Q24 Score: 1.00
2026-06-18 20:17:55   [25/45] Processing Query Q25...
2026-06-18 20:18:01     Query Q25 Score: 1.00
2026-06-18 20:18:01   [26/45] Processing Query Q26...
2026-06-18 20:18:05     Query Q26 Score: 1.00
2026-06-18 20:18:05   [27/45] Processing Query Q27...
2026-06-18 20:18:10     Query Q27 Score: 0.50
2026-06-18 20:18:10   [28/45] Processing Query Q28...
2026-06-18 20:18:14     Query Q28 Score: 1.00
2026-06-18 20:18:14   [29/45] Processing Query Q29...
2026-06-18 20:18:20     Query Q29 Score: 1.00
2026-06-18 20:18:20   [30/45] Processing Query Q30...
2026-06-18 20:18:26     Query Q30 Score: 1.00
2026-06-18 20:18:26   [31/45] Processing Query Q31...
2026-06-18 20:18:31     Query Q31 Score: 1.00
2026-06-18 20:18:31   [32/45] Processing Query Q32...
2026-06-18 20:18:40     Query Q32 Score: 1.00
2026-06-18 20:18:40   [33/45] Processing Query Q33...
2026-06-18 20:18:51     Query Q33 Score: 0.75
2026-06-18 20:18:51   [34/45] Processing Query Q34...
2026-06-18 20:18:56     Query Q34 Score: 1.00
2026-06-18 20:18:56   [35/45] Processing Query Q35...
2026-06-18 20:19:00     Query Q35 Score: 1.00
2026-06-18 20:19:00   [36/45] Processing Query Q36...
2026-06-18 20:19:08     Query Q36 Score: 1.00
2026-06-18 20:19:08   [37/45] Processing Query Q37...
2026-06-18 20:19:14     Query Q37 Score: 0.75
2026-06-18 20:19:14   [38/45] Processing Query Q38...
2026-06-18 20:19:18     Query Q38 Score: 0.70
2026-06-18 20:19:18   [39/45] Processing Query Q39...
2026-06-18 20:19:23     Query Q39 Score: 0.95
2026-06-18 20:19:23   [40/45] Processing Query Q40...
2026-06-18 20:19:28     Query Q40 Score: 1.00
2026-06-18 20:19:28   [41/45] Processing Query Q41...
2026-06-18 20:19:35     Query Q41 Score: 0.85
2026-06-18 20:19:35   [42/45] Processing Query Q42...
2026-06-18 20:19:40     Query Q42 Score: 1.00
2026-06-18 20:19:40   [43/45] Processing Query Q43...
2026-06-18 20:19:45     Query Q43 Score: 1.00
2026-06-18 20:19:45   [44/45] Processing Query Q48...
2026-06-18 20:19:52     Query Q48 Score: 0.60
2026-06-18 20:19:52   [45/45] Processing Query Q49...
2026-06-18 20:19:58     Query Q49 Score: 0.95
2026-06-18 20:19:58 Saved validation results to /home/virtualuser/model_evaluation/autoresearch/archive/run_20260618_134629/outputs/validation_results_iter66_20260618_201958.csv
2026-06-18 20:19:58 Validation run completed. Overall Mean Score: 0.8900
2026-06-18 20:19:58 Candidate Score: 0.8900 (Delta: -0.0433)
2026-06-18 20:19:58 >>> FAILURE: Score did not improve. Discarding changes.
2026-06-18 20:19:58 Iteration #66 logged successfully to experiments.json.
2026-06-18 20:19:58 
2026-06-18 20:19:58 =========================================
2026-06-18 20:19:58 STARTING ITERATION #67
2026-06-18 20:19:58 =========================================
2026-06-18 20:19:58 Current Champion Score: 0.9333
2026-06-18 20:19:58 Failing queries to fix: 14
2026-06-18 20:19:58 Calling Optimizer Agent to refine instructions...
2026-06-18 20:20:34 Starting validation run on 45 queries...
2026-06-18 20:20:34   [1/45] Processing Query Q01...
2026-06-18 20:20:39     Query Q01 Score: 1.00
2026-06-18 20:20:39   [2/45] Processing Query Q02...
2026-06-18 20:20:45     Query Q02 Score: 1.00
2026-06-18 20:20:45   [3/45] Processing Query Q03...
2026-06-18 20:20:50     Query Q03 Score: 1.00
2026-06-18 20:20:50   [4/45] Processing Query Q04...
2026-06-18 20:20:55     Query Q04 Score: 1.00
2026-06-18 20:20:55   [5/45] Processing Query Q05...
2026-06-18 20:21:01     Query Q05 Score: 0.30
2026-06-18 20:21:01   [6/45] Processing Query Q06...
2026-06-18 20:21:07     Query Q06 Score: 1.00
2026-06-18 20:21:07   [7/45] Processing Query Q07...
2026-06-18 20:21:12     Query Q07 Score: 1.00
2026-06-18 20:21:12   [8/45] Processing Query Q08...
2026-06-18 20:21:17     Query Q08 Score: 1.00
2026-06-18 20:21:17   [9/45] Processing Query Q09...
2026-06-18 20:21:29     Query Q09 Score: 0.40
2026-06-18 20:21:29   [10/45] Processing Query Q10...
2026-06-18 20:21:35     Query Q10 Score: 1.00
2026-06-18 20:21:35   [11/45] Processing Query Q11...
2026-06-18 20:21:42     Query Q11 Score: 0.65
2026-06-18 20:21:42   [12/45] Processing Query Q12...
2026-06-18 20:21:47     Query Q12 Score: 1.00
2026-06-18 20:21:47   [13/45] Processing Query Q13...
2026-06-18 20:21:52     Query Q13 Score: 1.00
2026-06-18 20:21:52   [14/45] Processing Query Q14...
2026-06-18 20:21:57     Query Q14 Score: 0.85
2026-06-18 20:21:57   [15/45] Processing Query Q15...
2026-06-18 20:22:03     Query Q15 Score: 1.00
2026-06-18 20:22:03   [16/45] Processing Query Q16...
2026-06-18 20:22:09     Query Q16 Score: 0.75
2026-06-18 20:22:09   [17/45] Processing Query Q17...
2026-06-18 20:22:14     Query Q17 Score: 0.85
2026-06-18 20:22:14   [18/45] Processing Query Q18...
2026-06-18 20:22:19     Query Q18 Score: 1.00
2026-06-18 20:22:19   [19/45] Processing Query Q19...
2026-06-18 20:22:24     Query Q19 Score: 0.95
2026-06-18 20:22:24   [20/45] Processing Query Q20...
2026-06-18 20:22:29     Query Q20 Score: 0.90
2026-06-18 20:22:29   [21/45] Processing Query Q21...
2026-06-18 20:22:34     Query Q21 Score: 1.00
2026-06-18 20:22:34   [22/45] Processing Query Q22...
2026-06-18 20:22:39     Query Q22 Score: 0.95
2026-06-18 20:22:39   [23/45] Processing Query Q23...
2026-06-18 20:22:45     Query Q23 Score: 0.50
2026-06-18 20:22:45   [24/45] Processing Query Q24...
2026-06-18 20:22:49     Query Q24 Score: 1.00
2026-06-18 20:22:49   [25/45] Processing Query Q25...
2026-06-18 20:22:54     Query Q25 Score: 0.95
2026-06-18 20:22:54   [26/45] Processing Query Q26...
2026-06-18 20:22:59     Query Q26 Score: 1.00
2026-06-18 20:22:59   [27/45] Processing Query Q27...
2026-06-18 20:23:03     Query Q27 Score: 1.00
2026-06-18 20:23:03   [28/45] Processing Query Q28...
2026-06-18 20:23:07     Query Q28 Score: 1.00
2026-06-18 20:23:07   [29/45] Processing Query Q29...
2026-06-18 20:23:12     Query Q29 Score: 0.60
2026-06-18 20:23:12   [30/45] Processing Query Q30...
2026-06-18 20:23:18     Query Q30 Score: 1.00
2026-06-18 20:23:18   [31/45] Processing Query Q31...
2026-06-18 20:23:22     Query Q31 Score: 1.00
2026-06-18 20:23:22   [32/45] Processing Query Q32...
2026-06-18 20:23:28     Query Q32 Score: 1.00
2026-06-18 20:23:28   [33/45] Processing Query Q33...
2026-06-18 20:23:36     Query Q33 Score: 0.85
2026-06-18 20:23:36   [34/45] Processing Query Q34...
2026-06-18 20:23:41     Query Q34 Score: 1.00
2026-06-18 20:23:41   [35/45] Processing Query Q35...
2026-06-18 20:23:45     Query Q35 Score: 1.00
2026-06-18 20:23:45   [36/45] Processing Query Q36...
2026-06-18 20:23:51     Query Q36 Score: 1.00
2026-06-18 20:23:51   [37/45] Processing Query Q37...
2026-06-18 20:23:57     Query Q37 Score: 0.60
2026-06-18 20:23:57   [38/45] Processing Query Q38...
2026-06-18 20:24:06     Query Q38 Score: 1.00
2026-06-18 20:24:06   [39/45] Processing Query Q39...
2026-06-18 20:24:10     Query Q39 Score: 1.00
2026-06-18 20:24:10   [40/45] Processing Query Q40...
2026-06-18 20:24:16     Query Q40 Score: 1.00
2026-06-18 20:24:16   [41/45] Processing Query Q41...
2026-06-18 20:24:22     Query Q41 Score: 0.85
2026-06-18 20:24:22   [42/45] Processing Query Q42...
2026-06-18 20:24:27     Query Q42 Score: 1.00
2026-06-18 20:24:27   [43/45] Processing Query Q43...
2026-06-18 20:24:32     Query Q43 Score: 1.00
2026-06-18 20:24:32   [44/45] Processing Query Q48...
2026-06-18 20:24:38     Query Q48 Score: 1.00
2026-06-18 20:24:38   [45/45] Processing Query Q49...
2026-06-18 20:24:45     Query Q49 Score: 0.95
2026-06-18 20:24:45 Saved validation results to /home/virtualuser/model_evaluation/autoresearch/archive/run_20260618_134629/outputs/validation_results_iter67_20260618_202445.csv
2026-06-18 20:24:45 Validation run completed. Overall Mean Score: 0.9089
2026-06-18 20:24:45 Candidate Score: 0.9089 (Delta: -0.0244)
2026-06-18 20:24:45 >>> FAILURE: Score did not improve. Discarding changes.
2026-06-18 20:24:45 Iteration #67 logged successfully to experiments.json.
2026-06-18 20:24:45 
2026-06-18 20:24:45 =========================================
2026-06-18 20:24:45 STARTING ITERATION #68
2026-06-18 20:24:45 =========================================
2026-06-18 20:24:45 Current Champion Score: 0.9333
2026-06-18 20:24:45 Failing queries to fix: 14
2026-06-18 20:24:45 Calling Optimizer Agent to refine instructions...
2026-06-18 20:25:27 Starting validation run on 45 queries...
2026-06-18 20:25:27   [1/45] Processing Query Q01...
2026-06-18 20:25:33     Query Q01 Score: 1.00
2026-06-18 20:25:33   [2/45] Processing Query Q02...
2026-06-18 20:25:38     Query Q02 Score: 0.85
2026-06-18 20:25:38   [3/45] Processing Query Q03...
2026-06-18 20:25:44     Query Q03 Score: 1.00
2026-06-18 20:25:44   [4/45] Processing Query Q04...
2026-06-18 20:25:50     Query Q04 Score: 1.00
2026-06-18 20:25:50   [5/45] Processing Query Q05...
2026-06-18 20:25:56     Query Q05 Score: 0.40
2026-06-18 20:25:56   [6/45] Processing Query Q06...
2026-06-18 20:26:01     Query Q06 Score: 1.00
2026-06-18 20:26:01   [7/45] Processing Query Q07...
2026-06-18 20:26:07     Query Q07 Score: 1.00
2026-06-18 20:26:07   [8/45] Processing Query Q08...
2026-06-18 20:26:12     Query Q08 Score: 1.00
2026-06-18 20:26:12   [9/45] Processing Query Q09...
2026-06-18 20:26:18     Query Q09 Score: 1.00
2026-06-18 20:26:18   [10/45] Processing Query Q10...
2026-06-18 20:26:23     Query Q10 Score: 1.00
2026-06-18 20:26:23   [11/45] Processing Query Q11...
2026-06-18 20:26:32     Query Q11 Score: 0.40
2026-06-18 20:26:32   [12/45] Processing Query Q12...
2026-06-18 20:26:36     Query Q12 Score: 1.00
2026-06-18 20:26:36   [13/45] Processing Query Q13...
2026-06-18 20:26:43     Query Q13 Score: 0.30
2026-06-18 20:26:43   [14/45] Processing Query Q14...
2026-06-18 20:26:48     Query Q14 Score: 0.85
2026-06-18 20:26:48   [15/45] Processing Query Q15...
2026-06-18 20:26:54     Query Q15 Score: 1.00
2026-06-18 20:26:54   [16/45] Processing Query Q16...
2026-06-18 20:27:00     Query Q16 Score: 0.75
2026-06-18 20:27:00   [17/45] Processing Query Q17...
2026-06-18 20:27:04     Query Q17 Score: 0.50
2026-06-18 20:27:04   [18/45] Processing Query Q18...
2026-06-18 20:27:09     Query Q18 Score: 1.00
2026-06-18 20:27:09   [19/45] Processing Query Q19...
2026-06-18 20:27:15     Query Q19 Score: 0.60
2026-06-18 20:27:15   [20/45] Processing Query Q20...
2026-06-18 20:27:20     Query Q20 Score: 0.90
2026-06-18 20:27:20   [21/45] Processing Query Q21...
2026-06-18 20:27:25     Query Q21 Score: 1.00
2026-06-18 20:27:25   [22/45] Processing Query Q22...
2026-06-18 20:27:30     Query Q22 Score: 0.95
2026-06-18 20:27:30   [23/45] Processing Query Q23...
2026-06-18 20:27:36     Query Q23 Score: 1.00
2026-06-18 20:27:36   [24/45] Processing Query Q24...
2026-06-18 20:27:41     Query Q24 Score: 1.00
2026-06-18 20:27:41   [25/45] Processing Query Q25...
2026-06-18 20:27:46     Query Q25 Score: 1.00
2026-06-18 20:27:46   [26/45] Processing Query Q26...
2026-06-18 20:27:50     Query Q26 Score: 1.00
2026-06-18 20:27:50   [27/45] Processing Query Q27...
2026-06-18 20:27:55     Query Q27 Score: 1.00
2026-06-18 20:27:55   [28/45] Processing Query Q28...
2026-06-18 20:27:59     Query Q28 Score: 1.00
2026-06-18 20:27:59   [29/45] Processing Query Q29...
2026-06-18 20:28:04     Query Q29 Score: 0.60
2026-06-18 20:28:04   [30/45] Processing Query Q30...
2026-06-18 20:28:10     Query Q30 Score: 1.00
2026-06-18 20:28:10   [31/45] Processing Query Q31...
2026-06-18 20:28:15     Query Q31 Score: 1.00
2026-06-18 20:28:15   [32/45] Processing Query Q32...
2026-06-18 20:28:24     Query Q32 Score: 1.00
2026-06-18 20:28:24   [33/45] Processing Query Q33...
2026-06-18 20:28:30     Query Q33 Score: 0.90
2026-06-18 20:28:30   [34/45] Processing Query Q34...
2026-06-18 20:28:35     Query Q34 Score: 1.00
2026-06-18 20:28:35   [35/45] Processing Query Q35...
2026-06-18 20:28:39     Query Q35 Score: 0.95
2026-06-18 20:28:39   [36/45] Processing Query Q36...
2026-06-18 20:28:44     Query Q36 Score: 0.75
2026-06-18 20:28:44   [37/45] Processing Query Q37...
2026-06-18 20:28:51     Query Q37 Score: 0.40
2026-06-18 20:28:51   [38/45] Processing Query Q38...
2026-06-18 20:28:57     Query Q38 Score: 1.00
2026-06-18 20:28:57   [39/45] Processing Query Q39...
2026-06-18 20:29:02     Query Q39 Score: 0.95
2026-06-18 20:29:02   [40/45] Processing Query Q40...
2026-06-18 20:29:07     Query Q40 Score: 1.00
2026-06-18 20:29:07   [41/45] Processing Query Q41...
2026-06-18 20:29:14     Query Q41 Score: 0.85
2026-06-18 20:29:14   [42/45] Processing Query Q42...
2026-06-18 20:29:18     Query Q42 Score: 1.00
2026-06-18 20:29:18   [43/45] Processing Query Q43...
2026-06-18 20:29:24     Query Q43 Score: 1.00
2026-06-18 20:29:24   [44/45] Processing Query Q48...
2026-06-18 20:29:46     Query Q48 Score: 1.00
2026-06-18 20:29:46   [45/45] Processing Query Q49...
2026-06-18 20:30:02     Query Q49 Score: 0.95
2026-06-18 20:30:02 Saved validation results to /home/virtualuser/model_evaluation/autoresearch/archive/run_20260618_134629/outputs/validation_results_iter68_20260618_203002.csv
2026-06-18 20:30:02 Validation run completed. Overall Mean Score: 0.8856
2026-06-18 20:30:02 Candidate Score: 0.8856 (Delta: -0.0478)
2026-06-18 20:30:02 >>> FAILURE: Score did not improve. Discarding changes.
2026-06-18 20:30:02 Iteration #68 logged successfully to experiments.json.
2026-06-18 20:30:02 
2026-06-18 20:30:02 =========================================
2026-06-18 20:30:02 STARTING ITERATION #69
2026-06-18 20:30:02 =========================================
2026-06-18 20:30:02 Current Champion Score: 0.9333
2026-06-18 20:30:02 Failing queries to fix: 14
2026-06-18 20:30:02 Calling Optimizer Agent to refine instructions...
2026-06-18 20:30:42 Starting validation run on 45 queries...
2026-06-18 20:30:42   [1/45] Processing Query Q01...
2026-06-18 20:30:47     Query Q01 Score: 1.00
2026-06-18 20:30:47   [2/45] Processing Query Q02...
2026-06-18 20:30:53     Query Q02 Score: 1.00
2026-06-18 20:30:53   [3/45] Processing Query Q03...
2026-06-18 20:30:58     Query Q03 Score: 1.00
2026-06-18 20:30:58   [4/45] Processing Query Q04...
2026-06-18 20:31:03     Query Q04 Score: 1.00
2026-06-18 20:31:03   [5/45] Processing Query Q05...
2026-06-18 20:31:10     Query Q05 Score: 0.65
2026-06-18 20:31:10   [6/45] Processing Query Q06...
2026-06-18 20:31:15     Query Q06 Score: 1.00
2026-06-18 20:31:15   [7/45] Processing Query Q07...
2026-06-18 20:31:20     Query Q07 Score: 1.00
2026-06-18 20:31:20   [8/45] Processing Query Q08...
2026-06-18 20:31:25     Query Q08 Score: 1.00
2026-06-18 20:31:25   [9/45] Processing Query Q09...
2026-06-18 20:31:35     Query Q09 Score: 1.00
2026-06-18 20:31:35   [10/45] Processing Query Q10...
2026-06-18 20:31:40     Query Q10 Score: 1.00
2026-06-18 20:31:40   [11/45] Processing Query Q11...
2026-06-18 20:31:48     Query Q11 Score: 0.40
2026-06-18 20:31:48   [12/45] Processing Query Q12...
2026-06-18 20:31:53     Query Q12 Score: 1.00
2026-06-18 20:31:53   [13/45] Processing Query Q13...
2026-06-18 20:31:58     Query Q13 Score: 1.00
2026-06-18 20:31:58   [14/45] Processing Query Q14...
2026-06-18 20:32:03     Query Q14 Score: 0.85
2026-06-18 20:32:03   [15/45] Processing Query Q15...
2026-06-18 20:32:09     Query Q15 Score: 1.00
2026-06-18 20:32:09   [16/45] Processing Query Q16...
2026-06-18 20:32:14     Query Q16 Score: 0.70
2026-06-18 20:32:14   [17/45] Processing Query Q17...
2026-06-18 20:32:19     Query Q17 Score: 1.00
2026-06-18 20:32:19   [18/45] Processing Query Q18...
2026-06-18 20:32:24     Query Q18 Score: 0.85
2026-06-18 20:32:24   [19/45] Processing Query Q19...
2026-06-18 20:32:29     Query Q19 Score: 0.95
2026-06-18 20:32:29   [20/45] Processing Query Q20...
2026-06-18 20:32:34     Query Q20 Score: 0.95
2026-06-18 20:32:34   [21/45] Processing Query Q21...
2026-06-18 20:32:39     Query Q21 Score: 1.00
2026-06-18 20:32:39   [22/45] Processing Query Q22...
2026-06-18 20:32:44     Query Q22 Score: 0.95
2026-06-18 20:32:44   [23/45] Processing Query Q23...
2026-06-18 20:32:50     Query Q23 Score: 0.95
2026-06-18 20:32:50   [24/45] Processing Query Q24...
2026-06-18 20:32:54     Query Q24 Score: 1.00
2026-06-18 20:32:54   [25/45] Processing Query Q25...
2026-06-18 20:32:59     Query Q25 Score: 1.00
2026-06-18 20:32:59   [26/45] Processing Query Q26...
2026-06-18 20:33:04     Query Q26 Score: 1.00
2026-06-18 20:33:04   [27/45] Processing Query Q27...
2026-06-18 20:33:08     Query Q27 Score: 1.00
2026-06-18 20:33:08   [28/45] Processing Query Q28...
2026-06-18 20:33:13     Query Q28 Score: 1.00
2026-06-18 20:33:13   [29/45] Processing Query Q29...
2026-06-18 20:33:18     Query Q29 Score: 1.00
2026-06-18 20:33:18   [30/45] Processing Query Q30...
2026-06-18 20:33:24     Query Q30 Score: 1.00
2026-06-18 20:33:24   [31/45] Processing Query Q31...
2026-06-18 20:33:29     Query Q31 Score: 1.00
2026-06-18 20:33:29   [32/45] Processing Query Q32...
2026-06-18 20:33:41     Query Q32 Score: 1.00
2026-06-18 20:33:41   [33/45] Processing Query Q33...
2026-06-18 20:33:47     Query Q33 Score: 0.90
2026-06-18 20:33:47   [34/45] Processing Query Q34...
2026-06-18 20:33:52     Query Q34 Score: 1.00
2026-06-18 20:33:52   [35/45] Processing Query Q35...
2026-06-18 20:33:56     Query Q35 Score: 1.00
2026-06-18 20:33:56   [36/45] Processing Query Q36...
2026-06-18 20:34:04     Query Q36 Score: 1.00
2026-06-18 20:34:04   [37/45] Processing Query Q37...
2026-06-18 20:34:11     Query Q37 Score: 0.75
2026-06-18 20:34:11   [38/45] Processing Query Q38...
2026-06-18 20:34:18     Query Q38 Score: 1.00
2026-06-18 20:34:18   [39/45] Processing Query Q39...
2026-06-18 20:34:23     Query Q39 Score: 1.00
2026-06-18 20:34:23   [40/45] Processing Query Q40...
2026-06-18 20:34:27     Query Q40 Score: 1.00
2026-06-18 20:34:27   [41/45] Processing Query Q41...
2026-06-18 20:34:34     Query Q41 Score: 0.90
2026-06-18 20:34:34   [42/45] Processing Query Q42...
2026-06-18 20:34:39     Query Q42 Score: 0.95
2026-06-18 20:34:39   [43/45] Processing Query Q43...
2026-06-18 20:34:44     Query Q43 Score: 1.00
2026-06-18 20:34:44   [44/45] Processing Query Q48...
2026-06-18 20:34:59     Query Q48 Score: 0.75
2026-06-18 20:34:59   [45/45] Processing Query Q49...
2026-06-18 20:35:06     Query Q49 Score: 0.95
2026-06-18 20:35:06 Saved validation results to /home/virtualuser/model_evaluation/autoresearch/archive/run_20260618_134629/outputs/validation_results_iter69_20260618_203506.csv
2026-06-18 20:35:06 Validation run completed. Overall Mean Score: 0.9433
2026-06-18 20:35:06 Candidate Score: 0.9433 (Delta: +0.0100)
2026-06-18 20:35:06 >>> SUCCESS: Score improved! Saving new champion prompt.
2026-06-18 20:35:06 Iteration #69 logged successfully to experiments.json.
2026-06-18 20:35:06 
2026-06-18 20:35:06 =========================================
2026-06-18 20:35:06 STARTING ITERATION #70
2026-06-18 20:35:06 =========================================
2026-06-18 20:35:06 Current Champion Score: 0.9433
2026-06-18 20:35:06 Failing queries to fix: 15
2026-06-18 20:35:06 Calling Optimizer Agent to refine instructions...
2026-06-18 20:36:55 Starting validation run on 45 queries...
2026-06-18 20:36:55   [1/45] Processing Query Q01...
2026-06-18 20:37:00     Query Q01 Score: 1.00
2026-06-18 20:37:00   [2/45] Processing Query Q02...
2026-06-18 20:37:06     Query Q02 Score: 0.95
2026-06-18 20:37:06   [3/45] Processing Query Q03...
2026-06-18 20:37:11     Query Q03 Score: 1.00
2026-06-18 20:37:11   [4/45] Processing Query Q04...
2026-06-18 20:37:17     Query Q04 Score: 1.00
2026-06-18 20:37:17   [5/45] Processing Query Q05...
2026-06-18 20:37:23     Query Q05 Score: 0.60
2026-06-18 20:37:23   [6/45] Processing Query Q06...
2026-06-18 20:37:28     Query Q06 Score: 1.00
2026-06-18 20:37:28   [7/45] Processing Query Q07...
2026-06-18 20:37:34     Query Q07 Score: 1.00
2026-06-18 20:37:34   [8/45] Processing Query Q08...
2026-06-18 20:37:39     Query Q08 Score: 1.00
2026-06-18 20:37:39   [9/45] Processing Query Q09...
2026-06-18 20:37:44     Query Q09 Score: 1.00
2026-06-18 20:37:44   [10/45] Processing Query Q10...
2026-06-18 20:37:50     Query Q10 Score: 1.00
2026-06-18 20:37:50   [11/45] Processing Query Q11...
2026-06-18 20:37:57     Query Q11 Score: 0.85
2026-06-18 20:37:57   [12/45] Processing Query Q12...
2026-06-18 20:38:02     Query Q12 Score: 1.00
2026-06-18 20:38:02   [13/45] Processing Query Q13...
2026-06-18 20:38:08     Query Q13 Score: 0.50
2026-06-18 20:38:08   [14/45] Processing Query Q14...
2026-06-18 20:38:13     Query Q14 Score: 0.50
2026-06-18 20:38:13   [15/45] Processing Query Q15...
2026-06-18 20:38:19     Query Q15 Score: 1.00
2026-06-18 20:38:19   [16/45] Processing Query Q16...
2026-06-18 20:38:24     Query Q16 Score: 0.75
2026-06-18 20:38:24   [17/45] Processing Query Q17...
2026-06-18 20:38:29     Query Q17 Score: 1.00
2026-06-18 20:38:29   [18/45] Processing Query Q18...
2026-06-18 20:38:34     Query Q18 Score: 1.00
2026-06-18 20:38:34   [19/45] Processing Query Q19...
2026-06-18 20:38:40     Query Q19 Score: 0.50
2026-06-18 20:38:40   [20/45] Processing Query Q20...
2026-06-18 20:38:45     Query Q20 Score: 0.95
2026-06-18 20:38:45   [21/45] Processing Query Q21...
2026-06-18 20:38:50     Query Q21 Score: 1.00
2026-06-18 20:38:50   [22/45] Processing Query Q22...
2026-06-18 20:38:55     Query Q22 Score: 1.00
2026-06-18 20:38:55   [23/45] Processing Query Q23...
2026-06-18 20:39:01     Query Q23 Score: 0.75
2026-06-18 20:39:01   [24/45] Processing Query Q24...
2026-06-18 20:39:06     Query Q24 Score: 1.00
2026-06-18 20:39:06   [25/45] Processing Query Q25...
2026-06-18 20:39:11     Query Q25 Score: 1.00
2026-06-18 20:39:11   [26/45] Processing Query Q26...
2026-06-18 20:39:15     Query Q26 Score: 1.00
2026-06-18 20:39:15   [27/45] Processing Query Q27...
2026-06-18 20:39:20     Query Q27 Score: 1.00
2026-06-18 20:39:20   [28/45] Processing Query Q28...
2026-06-18 20:39:25     Query Q28 Score: 1.00
2026-06-18 20:39:25   [29/45] Processing Query Q29...
2026-06-18 20:39:30     Query Q29 Score: 0.50
2026-06-18 20:39:30   [30/45] Processing Query Q30...
2026-06-18 20:39:35     Query Q30 Score: 1.00
2026-06-18 20:39:35   [31/45] Processing Query Q31...
2026-06-18 20:39:40     Query Q31 Score: 1.00
2026-06-18 20:39:40   [32/45] Processing Query Q32...
2026-06-18 20:39:46     Query Q32 Score: 1.00
2026-06-18 20:39:46   [33/45] Processing Query Q33...
2026-06-18 20:39:52     Query Q33 Score: 0.90
2026-06-18 20:39:52   [34/45] Processing Query Q34...
2026-06-18 20:39:57     Query Q34 Score: 0.95
2026-06-18 20:39:57   [35/45] Processing Query Q35...
2026-06-18 20:40:01     Query Q35 Score: 0.95
2026-06-18 20:40:01   [36/45] Processing Query Q36...
2026-06-18 20:40:09     Query Q36 Score: 0.95
2026-06-18 20:40:09   [37/45] Processing Query Q37...
2026-06-18 20:40:15     Query Q37 Score: 0.95
2026-06-18 20:40:15   [38/45] Processing Query Q38...
2026-06-18 20:40:20     Query Q38 Score: 0.70
2026-06-18 20:40:20   [39/45] Processing Query Q39...
2026-06-18 20:40:25     Query Q39 Score: 0.95
2026-06-18 20:40:25   [40/45] Processing Query Q40...
2026-06-18 20:40:30     Query Q40 Score: 1.00
2026-06-18 20:40:30   [41/45] Processing Query Q41...
2026-06-18 20:40:36     Query Q41 Score: 0.85
2026-06-18 20:40:36   [42/45] Processing Query Q42...
2026-06-18 20:40:41     Query Q42 Score: 1.00
2026-06-18 20:40:41   [43/45] Processing Query Q43...
2026-06-18 20:40:46     Query Q43 Score: 1.00
2026-06-18 20:40:46   [44/45] Processing Query Q48...
2026-06-18 20:40:52     Query Q48 Score: 0.85
2026-06-18 20:40:52   [45/45] Processing Query Q49...
2026-06-18 20:41:00     Query Q49 Score: 0.30
2026-06-18 20:41:00 Saved validation results to /home/virtualuser/model_evaluation/autoresearch/archive/run_20260618_134629/outputs/validation_results_iter70_20260618_204100.csv
2026-06-18 20:41:00 Validation run completed. Overall Mean Score: 0.8933
2026-06-18 20:41:00 Candidate Score: 0.8933 (Delta: -0.0500)
2026-06-18 20:41:00 >>> FAILURE: Score did not improve. Discarding changes.
2026-06-18 20:41:00 Iteration #70 logged successfully to experiments.json.
2026-06-18 20:41:00 
2026-06-18 20:41:00 =========================================
2026-06-18 20:41:00 STARTING ITERATION #71
2026-06-18 20:41:00 =========================================
2026-06-18 20:41:00 Current Champion Score: 0.9433
2026-06-18 20:41:00 Failing queries to fix: 15
2026-06-18 20:41:00 Calling Optimizer Agent to refine instructions...
2026-06-18 20:41:48 Starting validation run on 45 queries...
2026-06-18 20:41:48   [1/45] Processing Query Q01...
2026-06-18 20:41:54     Query Q01 Score: 1.00
2026-06-18 20:41:54   [2/45] Processing Query Q02...
2026-06-18 20:41:59     Query Q02 Score: 0.85
2026-06-18 20:41:59   [3/45] Processing Query Q03...
2026-06-18 20:42:05     Query Q03 Score: 1.00
2026-06-18 20:42:05   [4/45] Processing Query Q04...
2026-06-18 20:42:11     Query Q04 Score: 1.00
2026-06-18 20:42:11   [5/45] Processing Query Q05...
2026-06-18 20:42:16     Query Q05 Score: 0.60
2026-06-18 20:42:16   [6/45] Processing Query Q06...
2026-06-18 20:42:22     Query Q06 Score: 1.00
2026-06-18 20:42:22   [7/45] Processing Query Q07...
2026-06-18 20:42:27     Query Q07 Score: 1.00
2026-06-18 20:42:27   [8/45] Processing Query Q08...
2026-06-18 20:42:32     Query Q08 Score: 1.00
2026-06-18 20:42:32   [9/45] Processing Query Q09...
2026-06-18 20:42:38     Query Q09 Score: 1.00
2026-06-18 20:42:38   [10/45] Processing Query Q10...
2026-06-18 20:42:43     Query Q10 Score: 1.00
2026-06-18 20:42:43   [11/45] Processing Query Q11...
2026-06-18 20:42:50     Query Q11 Score: 0.40
2026-06-18 20:42:50   [12/45] Processing Query Q12...
2026-06-18 20:42:55     Query Q12 Score: 1.00
2026-06-18 20:42:55   [13/45] Processing Query Q13...
2026-06-18 20:43:01     Query Q13 Score: 0.30
2026-06-18 20:43:01   [14/45] Processing Query Q14...
2026-06-18 20:43:06     Query Q14 Score: 0.85
2026-06-18 20:43:06   [15/45] Processing Query Q15...
2026-06-18 20:43:12     Query Q15 Score: 1.00
2026-06-18 20:43:12   [16/45] Processing Query Q16...
2026-06-18 20:43:17     Query Q16 Score: 0.70
2026-06-18 20:43:17   [17/45] Processing Query Q17...
2026-06-18 20:43:22     Query Q17 Score: 0.40
2026-06-18 20:43:22   [18/45] Processing Query Q18...
2026-06-18 20:43:27     Query Q18 Score: 1.00
2026-06-18 20:43:27   [19/45] Processing Query Q19...
2026-06-18 20:43:32     Query Q19 Score: 0.50
2026-06-18 20:43:32   [20/45] Processing Query Q20...
2026-06-18 20:43:37     Query Q20 Score: 0.90
2026-06-18 20:43:37   [21/45] Processing Query Q21...
2026-06-18 20:43:43     Query Q21 Score: 1.00
2026-06-18 20:43:43   [22/45] Processing Query Q22...
2026-06-18 20:43:47     Query Q22 Score: 0.95
2026-06-18 20:43:47   [23/45] Processing Query Q23...
2026-06-18 20:43:59     Query Q23 Score: 1.00
2026-06-18 20:43:59   [24/45] Processing Query Q24...
2026-06-18 20:44:04     Query Q24 Score: 1.00
2026-06-18 20:44:04   [25/45] Processing Query Q25...
2026-06-18 20:44:09     Query Q25 Score: 1.00
2026-06-18 20:44:09   [26/45] Processing Query Q26...
2026-06-18 20:44:13     Query Q26 Score: 1.00
2026-06-18 20:44:13   [27/45] Processing Query Q27...
2026-06-18 20:44:18     Query Q27 Score: 1.00
2026-06-18 20:44:18   [28/45] Processing Query Q28...
2026-06-18 20:44:22     Query Q28 Score: 1.00
2026-06-18 20:44:22   [29/45] Processing Query Q29...
2026-06-18 20:44:27     Query Q29 Score: 0.50
2026-06-18 20:44:27   [30/45] Processing Query Q30...
2026-06-18 20:44:33     Query Q30 Score: 1.00
2026-06-18 20:44:33   [31/45] Processing Query Q31...
2026-06-18 20:44:37     Query Q31 Score: 1.00
2026-06-18 20:44:37   [32/45] Processing Query Q32...
2026-06-18 20:44:46     Query Q32 Score: 1.00
2026-06-18 20:44:46   [33/45] Processing Query Q33...
2026-06-18 20:45:00     Query Q33 Score: 0.90
2026-06-18 20:45:00   [34/45] Processing Query Q34...
2026-06-18 20:45:05     Query Q34 Score: 0.95
2026-06-18 20:45:05   [35/45] Processing Query Q35...
2026-06-18 20:45:09     Query Q35 Score: 1.00
2026-06-18 20:45:09   [36/45] Processing Query Q36...
2026-06-18 20:45:17     Query Q36 Score: 0.95
2026-06-18 20:45:17   [37/45] Processing Query Q37...
2026-06-18 20:45:22     Query Q37 Score: 1.00
2026-06-18 20:45:22   [38/45] Processing Query Q38...
2026-06-18 20:45:27     Query Q38 Score: 0.75
2026-06-18 20:45:27   [39/45] Processing Query Q39...
2026-06-18 20:45:32     Query Q39 Score: 1.00
2026-06-18 20:45:32   [40/45] Processing Query Q40...
2026-06-18 20:45:36     Query Q40 Score: 1.00
2026-06-18 20:45:36   [41/45] Processing Query Q41...
2026-06-18 20:45:42     Query Q41 Score: 0.90
2026-06-18 20:45:42   [42/45] Processing Query Q42...
2026-06-18 20:45:47     Query Q42 Score: 1.00
2026-06-18 20:45:47   [43/45] Processing Query Q43...
2026-06-18 20:45:53     Query Q43 Score: 1.00
2026-06-18 20:45:53   [44/45] Processing Query Q48...
2026-06-18 20:45:59     Query Q48 Score: 0.60
2026-06-18 20:45:59   [45/45] Processing Query Q49...
2026-06-18 20:46:07     Query Q49 Score: 0.40
2026-06-18 20:46:07 Saved validation results to /home/virtualuser/model_evaluation/autoresearch/archive/run_20260618_134629/outputs/validation_results_iter71_20260618_204607.csv
2026-06-18 20:46:07 Validation run completed. Overall Mean Score: 0.8756
2026-06-18 20:46:07 Candidate Score: 0.8756 (Delta: -0.0678)
2026-06-18 20:46:07 >>> FAILURE: Score did not improve. Discarding changes.
2026-06-18 20:46:07 Iteration #71 logged successfully to experiments.json.
2026-06-18 20:46:07 
2026-06-18 20:46:07 =========================================
2026-06-18 20:46:07 STARTING ITERATION #72
2026-06-18 20:46:07 =========================================
2026-06-18 20:46:07 Current Champion Score: 0.9433
2026-06-18 20:46:07 Failing queries to fix: 15
2026-06-18 20:46:07 Calling Optimizer Agent to refine instructions...
2026-06-18 20:49:15 Optimization Error: Failed to generate optimized instructions: Failed to generate optimized instructions: Optimizer output contains <instructions> but is missing </instructions>. Generation likely cut off.
2026-06-18 20:49:15 Fatal LLM error encountered. Exiting optimization loop to prevent infinite retry.
2026-06-18 20:49:15 
2026-06-18 20:49:15 Optimization process completed.
2026-06-18 20:49:15 Best prompt found at iteration #69 with Score: 0.9433
2026-06-18 20:55:59 Resuming optimization loop from iteration #72.
2026-06-18 20:55:59 Current champion established at iteration #69 with Score: 0.9433
2026-06-18 20:55:59 
2026-06-18 20:55:59 Entering optimization loop...
2026-06-18 20:55:59 
2026-06-18 20:55:59 =========================================
2026-06-18 20:55:59 STARTING ITERATION #72
2026-06-18 20:55:59 =========================================
2026-06-18 20:55:59 Current Champion Score: 0.9433
2026-06-18 20:55:59 Failing queries to fix: 15
2026-06-18 20:55:59 Calling Optimizer Agent to refine instructions...
2026-06-18 20:56:58 Starting validation run on 45 queries...
2026-06-18 20:56:58   [1/45] Processing Query Q01...
2026-06-18 20:57:10     Query Q01 Score: 1.00
2026-06-18 20:57:10   [2/45] Processing Query Q02...
2026-06-18 20:57:15     Query Q02 Score: 0.95
2026-06-18 20:57:15   [3/45] Processing Query Q03...
2026-06-18 20:57:21     Query Q03 Score: 1.00
2026-06-18 20:57:21   [4/45] Processing Query Q04...
2026-06-18 20:57:27     Query Q04 Score: 1.00
2026-06-18 20:57:27   [5/45] Processing Query Q05...
2026-06-18 20:57:33     Query Q05 Score: 0.50
2026-06-18 20:57:33   [6/45] Processing Query Q06...
2026-06-18 20:57:38     Query Q06 Score: 1.00
2026-06-18 20:57:38   [7/45] Processing Query Q07...
2026-06-18 20:57:43     Query Q07 Score: 1.00
2026-06-18 20:57:43   [8/45] Processing Query Q08...
2026-06-18 20:57:48     Query Q08 Score: 1.00
2026-06-18 20:57:48   [9/45] Processing Query Q09...
2026-06-18 20:58:04     Query Q09 Score: 0.40
2026-06-18 20:58:04   [10/45] Processing Query Q10...
2026-06-18 20:58:10     Query Q10 Score: 1.00
2026-06-18 20:58:10   [11/45] Processing Query Q11...
2026-06-18 20:58:19     Query Q11 Score: 0.30
2026-06-18 20:58:19   [12/45] Processing Query Q12...
2026-06-18 20:58:24     Query Q12 Score: 1.00
2026-06-18 20:58:24   [13/45] Processing Query Q13...
2026-06-18 20:58:30     Query Q13 Score: 0.30
2026-06-18 20:58:30   [14/45] Processing Query Q14...
2026-06-18 20:58:35     Query Q14 Score: 0.50
2026-06-18 20:58:35   [15/45] Processing Query Q15...
2026-06-18 20:58:42     Query Q15 Score: 1.00
2026-06-18 20:58:42   [16/45] Processing Query Q16...
2026-06-18 20:58:53     Query Q16 Score: 1.00
2026-06-18 20:58:53   [17/45] Processing Query Q17...
2026-06-18 20:58:59     Query Q17 Score: 1.00
2026-06-18 20:58:59   [18/45] Processing Query Q18...
2026-06-18 20:59:04     Query Q18 Score: 1.00
2026-06-18 20:59:04   [19/45] Processing Query Q19...
2026-06-18 20:59:08     Query Q19 Score: 0.95
2026-06-18 20:59:08   [20/45] Processing Query Q20...
2026-06-18 20:59:13     Query Q20 Score: 0.95
2026-06-18 20:59:13   [21/45] Processing Query Q21...
2026-06-18 20:59:18     Query Q21 Score: 1.00
2026-06-18 20:59:18   [22/45] Processing Query Q22...
2026-06-18 20:59:23     Query Q22 Score: 1.00
2026-06-18 20:59:23   [23/45] Processing Query Q23...
2026-06-18 20:59:29     Query Q23 Score: 0.75
2026-06-18 20:59:29   [24/45] Processing Query Q24...
2026-06-18 20:59:34     Query Q24 Score: 1.00
2026-06-18 20:59:34   [25/45] Processing Query Q25...
2026-06-18 20:59:39     Query Q25 Score: 1.00
2026-06-18 20:59:39   [26/45] Processing Query Q26...
2026-06-18 20:59:43     Query Q26 Score: 1.00
2026-06-18 20:59:43   [27/45] Processing Query Q27...
2026-06-18 20:59:48     Query Q27 Score: 1.00
2026-06-18 20:59:48   [28/45] Processing Query Q28...
2026-06-18 20:59:53     Query Q28 Score: 1.00
2026-06-18 20:59:53   [29/45] Processing Query Q29...
2026-06-18 20:59:58     Query Q29 Score: 0.50
2026-06-18 20:59:58   [30/45] Processing Query Q30...
2026-06-18 21:00:03     Query Q30 Score: 1.00
2026-06-18 21:00:03   [31/45] Processing Query Q31...
2026-06-18 21:00:08     Query Q31 Score: 1.00
2026-06-18 21:00:08   [32/45] Processing Query Q32...
2026-06-18 21:00:14     Query Q32 Score: 0.95
2026-06-18 21:00:14   [33/45] Processing Query Q33...
2026-06-18 21:00:35     Query Q33 Score: 1.00
2026-06-18 21:00:35   [34/45] Processing Query Q34...
2026-06-18 21:00:40     Query Q34 Score: 1.00
2026-06-18 21:00:40   [35/45] Processing Query Q35...
2026-06-18 21:00:44     Query Q35 Score: 1.00
2026-06-18 21:00:44   [36/45] Processing Query Q36...
2026-06-18 21:00:53     Query Q36 Score: 1.00
2026-06-18 21:00:53   [37/45] Processing Query Q37...
2026-06-18 21:00:59     Query Q37 Score: 0.60
2026-06-18 21:00:59   [38/45] Processing Query Q38...
2026-06-18 21:01:04     Query Q38 Score: 0.60
2026-06-18 21:01:04   [39/45] Processing Query Q39...
2026-06-18 21:01:09     Query Q39 Score: 1.00
2026-06-18 21:01:09   [40/45] Processing Query Q40...
2026-06-18 21:01:15     Query Q40 Score: 1.00
2026-06-18 21:01:15   [41/45] Processing Query Q41...
2026-06-18 21:01:21     Query Q41 Score: 0.90
2026-06-18 21:01:21   [42/45] Processing Query Q42...
2026-06-18 21:01:26     Query Q42 Score: 1.00
2026-06-18 21:01:26   [43/45] Processing Query Q43...
2026-06-18 21:01:31     Query Q43 Score: 0.70
2026-06-18 21:01:31   [44/45] Processing Query Q48...
2026-06-18 21:01:38     Query Q48 Score: 0.90
2026-06-18 21:01:38   [45/45] Processing Query Q49...
2026-06-18 21:01:55     Query Q49 Score: 1.00
2026-06-18 21:01:55 Saved validation results to /home/virtualuser/model_evaluation/autoresearch/archive/run_20260618_134629/outputs/validation_results_iter72_20260618_210155.csv
2026-06-18 21:01:55 Validation run completed. Overall Mean Score: 0.8833
2026-06-18 21:01:55 Candidate Score: 0.8833 (Delta: -0.0600)
2026-06-18 21:01:55 >>> FAILURE: Score did not improve. Discarding changes.
2026-06-18 21:01:55 Iteration #72 logged successfully to experiments.json.
2026-06-18 21:01:55 
2026-06-18 21:01:55 =========================================
2026-06-18 21:01:55 STARTING ITERATION #73
2026-06-18 21:01:55 =========================================
2026-06-18 21:01:55 Current Champion Score: 0.9433
2026-06-18 21:01:55 Failing queries to fix: 15
2026-06-18 21:01:55 Calling Optimizer Agent to refine instructions...
2026-06-18 21:02:55 Starting validation run on 45 queries...
2026-06-18 21:02:55   [1/45] Processing Query Q01...
2026-06-18 21:03:00     Query Q01 Score: 1.00
2026-06-18 21:03:00   [2/45] Processing Query Q02...
2026-06-18 21:03:06     Query Q02 Score: 0.70
2026-06-18 21:03:06   [3/45] Processing Query Q03...
2026-06-18 21:03:11     Query Q03 Score: 1.00
2026-06-18 21:03:11   [4/45] Processing Query Q04...
2026-06-18 21:03:16     Query Q04 Score: 1.00
2026-06-18 21:03:16   [5/45] Processing Query Q05...
2026-06-18 21:03:22     Query Q05 Score: 0.50
2026-06-18 21:03:22   [6/45] Processing Query Q06...
2026-06-18 21:03:27     Query Q06 Score: 1.00
2026-06-18 21:03:27   [7/45] Processing Query Q07...
2026-06-18 21:03:32     Query Q07 Score: 1.00
2026-06-18 21:03:32   [8/45] Processing Query Q08...
2026-06-18 21:03:37     Query Q08 Score: 1.00
2026-06-18 21:03:37   [9/45] Processing Query Q09...
2026-06-18 21:03:43     Query Q09 Score: 1.00
2026-06-18 21:03:43   [10/45] Processing Query Q10...
2026-06-18 21:03:48     Query Q10 Score: 1.00
2026-06-18 21:03:48   [11/45] Processing Query Q11...
2026-06-18 21:03:56     Query Q11 Score: 0.20
2026-06-18 21:03:56   [12/45] Processing Query Q12...
2026-06-18 21:04:01     Query Q12 Score: 1.00
2026-06-18 21:04:01   [13/45] Processing Query Q13...
2026-06-18 21:04:08     Query Q13 Score: 0.30
2026-06-18 21:04:08   [14/45] Processing Query Q14...
2026-06-18 21:04:12     Query Q14 Score: 0.85
2026-06-18 21:04:12   [15/45] Processing Query Q15...
2026-06-18 21:04:18     Query Q15 Score: 1.00
2026-06-18 21:04:18   [16/45] Processing Query Q16...
2026-06-18 21:04:27     Query Q16 Score: 1.00
2026-06-18 21:04:27   [17/45] Processing Query Q17...
2026-06-18 21:04:32     Query Q17 Score: 1.00
2026-06-18 21:04:32   [18/45] Processing Query Q18...
2026-06-18 21:04:37     Query Q18 Score: 0.95
2026-06-18 21:04:37   [19/45] Processing Query Q19...
2026-06-18 21:04:41     Query Q19 Score: 0.95
2026-06-18 21:04:41   [20/45] Processing Query Q20...
2026-06-18 21:04:46     Query Q20 Score: 0.95
2026-06-18 21:04:46   [21/45] Processing Query Q21...
2026-06-18 21:04:51     Query Q21 Score: 1.00
2026-06-18 21:04:51   [22/45] Processing Query Q22...
2026-06-18 21:04:56     Query Q22 Score: 1.00
2026-06-18 21:04:56   [23/45] Processing Query Q23...
2026-06-18 21:05:15     Query Q23 Score: 0.50
2026-06-18 21:05:15   [24/45] Processing Query Q24...
2026-06-18 21:05:20     Query Q24 Score: 1.00
2026-06-18 21:05:20   [25/45] Processing Query Q25...
2026-06-18 21:05:25     Query Q25 Score: 1.00
2026-06-18 21:05:25   [26/45] Processing Query Q26...
2026-06-18 21:05:29     Query Q26 Score: 1.00
2026-06-18 21:05:29   [27/45] Processing Query Q27...
2026-06-18 21:05:33     Query Q27 Score: 1.00
2026-06-18 21:05:33   [28/45] Processing Query Q28...
2026-06-18 21:05:38     Query Q28 Score: 1.00
2026-06-18 21:05:38   [29/45] Processing Query Q29...
2026-06-18 21:05:43     Query Q29 Score: 1.00
2026-06-18 21:05:43   [30/45] Processing Query Q30...
2026-06-18 21:05:49     Query Q30 Score: 1.00
2026-06-18 21:05:49   [31/45] Processing Query Q31...
2026-06-18 21:05:53     Query Q31 Score: 1.00
2026-06-18 21:05:53   [32/45] Processing Query Q32...
2026-06-18 21:05:59     Query Q32 Score: 0.95
2026-06-18 21:05:59   [33/45] Processing Query Q33...
2026-06-18 21:06:14     Query Q33 Score: 0.75
2026-06-18 21:06:14   [34/45] Processing Query Q34...
2026-06-18 21:06:19     Query Q34 Score: 1.00
2026-06-18 21:06:19   [35/45] Processing Query Q35...
2026-06-18 21:06:22     Query Q35 Score: 1.00
2026-06-18 21:06:22   [36/45] Processing Query Q36...
2026-06-18 21:06:27     Query Q36 Score: 1.00
2026-06-18 21:06:27   [37/45] Processing Query Q37...
2026-06-18 21:06:34     Query Q37 Score: 0.85
2026-06-18 21:06:34   [38/45] Processing Query Q38...
2026-06-18 21:06:41     Query Q38 Score: 1.00
2026-06-18 21:06:41   [39/45] Processing Query Q39...
2026-06-18 21:06:45     Query Q39 Score: 1.00
2026-06-18 21:06:45   [40/45] Processing Query Q40...
2026-06-18 21:06:50     Query Q40 Score: 1.00
2026-06-18 21:06:50   [41/45] Processing Query Q41...
2026-06-18 21:06:56     Query Q41 Score: 0.90
2026-06-18 21:06:56   [42/45] Processing Query Q42...
2026-06-18 21:07:01     Query Q42 Score: 1.00
2026-06-18 21:07:01   [43/45] Processing Query Q43...
2026-06-18 21:07:06     Query Q43 Score: 1.00
2026-06-18 21:07:06   [44/45] Processing Query Q48...
2026-06-18 21:07:13     Query Q48 Score: 0.90
2026-06-18 21:07:13   [45/45] Processing Query Q49...
2026-06-18 21:07:20     Query Q49 Score: 0.40
2026-06-18 21:07:20 Saved validation results to /home/virtualuser/model_evaluation/autoresearch/archive/run_20260618_134629/outputs/validation_results_iter73_20260618_210720.csv
2026-06-18 21:07:20 Validation run completed. Overall Mean Score: 0.9033
2026-06-18 21:07:20 Candidate Score: 0.9033 (Delta: -0.0400)
2026-06-18 21:07:20 >>> FAILURE: Score did not improve. Discarding changes.
2026-06-18 21:07:20 Iteration #73 logged successfully to experiments.json.
2026-06-18 21:07:20 
2026-06-18 21:07:20 =========================================
2026-06-18 21:07:20 STARTING ITERATION #74
2026-06-18 21:07:20 =========================================
2026-06-18 21:07:20 Current Champion Score: 0.9433
2026-06-18 21:07:20 Failing queries to fix: 15
2026-06-18 21:07:20 Calling Optimizer Agent to refine instructions...
2026-06-18 21:08:05 Starting validation run on 45 queries...
2026-06-18 21:08:05   [1/45] Processing Query Q01...
2026-06-18 21:08:11     Query Q01 Score: 1.00
2026-06-18 21:08:11   [2/45] Processing Query Q02...
2026-06-18 21:08:16     Query Q02 Score: 0.85
2026-06-18 21:08:16   [3/45] Processing Query Q03...
2026-06-18 21:08:21     Query Q03 Score: 1.00
2026-06-18 21:08:21   [4/45] Processing Query Q04...
2026-06-18 21:08:26     Query Q04 Score: 1.00
2026-06-18 21:08:26   [5/45] Processing Query Q05...
2026-06-18 21:08:32     Query Q05 Score: 0.50
2026-06-18 21:08:32   [6/45] Processing Query Q06...
2026-06-18 21:08:38     Query Q06 Score: 1.00
2026-06-18 21:08:38   [7/45] Processing Query Q07...
2026-06-18 21:08:42     Query Q07 Score: 1.00
2026-06-18 21:08:42   [8/45] Processing Query Q08...
2026-06-18 21:08:47     Query Q08 Score: 1.00
2026-06-18 21:08:47   [9/45] Processing Query Q09...
2026-06-18 21:08:52     Query Q09 Score: 1.00
2026-06-18 21:08:52   [10/45] Processing Query Q10...
2026-06-18 21:08:58     Query Q10 Score: 1.00
2026-06-18 21:08:58   [11/45] Processing Query Q11...
2026-06-18 21:09:05     Query Q11 Score: 0.40
2026-06-18 21:09:05   [12/45] Processing Query Q12...
2026-06-18 21:09:09     Query Q12 Score: 1.00
2026-06-18 21:09:09   [13/45] Processing Query Q13...
2026-06-18 21:09:15     Query Q13 Score: 0.85
2026-06-18 21:09:15   [14/45] Processing Query Q14...
2026-06-18 21:09:19     Query Q14 Score: 0.50
2026-06-18 21:09:19   [15/45] Processing Query Q15...
2026-06-18 21:09:26     Query Q15 Score: 0.95
2026-06-18 21:09:26   [16/45] Processing Query Q16...
2026-06-18 21:09:35     Query Q16 Score: 1.00
2026-06-18 21:09:35   [17/45] Processing Query Q17...
2026-06-18 21:09:40     Query Q17 Score: 1.00
2026-06-18 21:09:40   [18/45] Processing Query Q18...
2026-06-18 21:09:45     Query Q18 Score: 1.00
2026-06-18 21:09:45   [19/45] Processing Query Q19...
2026-06-18 21:09:49     Query Q19 Score: 0.95
2026-06-18 21:09:49   [20/45] Processing Query Q20...
2026-06-18 21:09:54     Query Q20 Score: 0.95
2026-06-18 21:09:54   [21/45] Processing Query Q21...
2026-06-18 21:09:59     Query Q21 Score: 1.00
2026-06-18 21:09:59   [22/45] Processing Query Q22...
2026-06-18 21:10:04     Query Q22 Score: 1.00
2026-06-18 21:10:04   [23/45] Processing Query Q23...
2026-06-18 21:10:24     Query Q23 Score: 0.60
2026-06-18 21:10:24   [24/45] Processing Query Q24...
2026-06-18 21:10:28     Query Q24 Score: 1.00
2026-06-18 21:10:28   [25/45] Processing Query Q25...
2026-06-18 21:10:34     Query Q25 Score: 1.00
2026-06-18 21:10:34   [26/45] Processing Query Q26...
2026-06-18 21:10:38     Query Q26 Score: 1.00
2026-06-18 21:10:38   [27/45] Processing Query Q27...
2026-06-18 21:10:42     Query Q27 Score: 1.00
2026-06-18 21:10:42   [28/45] Processing Query Q28...
2026-06-18 21:10:46     Query Q28 Score: 1.00
2026-06-18 21:10:46   [29/45] Processing Query Q29...
2026-06-18 21:10:52     Query Q29 Score: 0.95
2026-06-18 21:10:52   [30/45] Processing Query Q30...
2026-06-18 21:10:57     Query Q30 Score: 1.00
2026-06-18 21:10:57   [31/45] Processing Query Q31...
2026-06-18 21:11:02     Query Q31 Score: 1.00
2026-06-18 21:11:02   [32/45] Processing Query Q32...
2026-06-18 21:11:07     Query Q32 Score: 0.95
2026-06-18 21:11:07   [33/45] Processing Query Q33...
2026-06-18 21:11:16     Query Q33 Score: 1.00
2026-06-18 21:11:16   [34/45] Processing Query Q34...
2026-06-18 21:11:21     Query Q34 Score: 1.00
2026-06-18 21:11:21   [35/45] Processing Query Q35...
2026-06-18 21:11:25     Query Q35 Score: 1.00
2026-06-18 21:11:25   [36/45] Processing Query Q36...
2026-06-18 21:11:43     Query Q36 Score: 0.50
2026-06-18 21:11:43   [37/45] Processing Query Q37...
2026-06-18 21:11:48     Query Q37 Score: 0.95
2026-06-18 21:11:48   [38/45] Processing Query Q38...
2026-06-18 21:11:53     Query Q38 Score: 0.85
2026-06-18 21:11:53   [39/45] Processing Query Q39...
2026-06-18 21:11:57     Query Q39 Score: 0.95
2026-06-18 21:11:57   [40/45] Processing Query Q40...
2026-06-18 21:12:02     Query Q40 Score: 1.00
2026-06-18 21:12:02   [41/45] Processing Query Q41...
2026-06-18 21:12:08     Query Q41 Score: 0.85
2026-06-18 21:12:08   [42/45] Processing Query Q42...
2026-06-18 21:12:12     Query Q42 Score: 1.00
2026-06-18 21:12:12   [43/45] Processing Query Q43...
2026-06-18 21:12:17     Query Q43 Score: 1.00
2026-06-18 21:12:17   [44/45] Processing Query Q48...
2026-06-18 21:12:24     Query Q48 Score: 0.50
2026-06-18 21:12:24   [45/45] Processing Query Q49...
2026-06-18 21:12:39     Query Q49 Score: 1.00
2026-06-18 21:12:39 Saved validation results to /home/virtualuser/model_evaluation/autoresearch/archive/run_20260618_134629/outputs/validation_results_iter74_20260618_211239.csv
2026-06-18 21:12:39 Validation run completed. Overall Mean Score: 0.9122
2026-06-18 21:12:39 Candidate Score: 0.9122 (Delta: -0.0311)
2026-06-18 21:12:39 >>> FAILURE: Score did not improve. Discarding changes.
2026-06-18 21:12:40 Iteration #74 logged successfully to experiments.json.
2026-06-18 21:12:40 
2026-06-18 21:12:40 =========================================
2026-06-18 21:12:40 STARTING ITERATION #75
2026-06-18 21:12:40 =========================================
2026-06-18 21:12:40 Current Champion Score: 0.9433
2026-06-18 21:12:40 Failing queries to fix: 15
2026-06-18 21:12:40 Calling Optimizer Agent to refine instructions...
2026-06-18 21:14:30 Starting validation run on 45 queries...
2026-06-18 21:14:30   [1/45] Processing Query Q01...
2026-06-18 21:14:36     Query Q01 Score: 1.00
2026-06-18 21:14:36   [2/45] Processing Query Q02...
2026-06-18 21:14:41     Query Q02 Score: 1.00
2026-06-18 21:14:41   [3/45] Processing Query Q03...
2026-06-18 21:14:47     Query Q03 Score: 1.00
2026-06-18 21:14:47   [4/45] Processing Query Q04...
2026-06-18 21:14:52     Query Q04 Score: 1.00
2026-06-18 21:14:52   [5/45] Processing Query Q05...
2026-06-18 21:14:57     Query Q05 Score: 0.50
2026-06-18 21:14:57   [6/45] Processing Query Q06...
2026-06-18 21:15:03     Query Q06 Score: 1.00
2026-06-18 21:15:03   [7/45] Processing Query Q07...
2026-06-18 21:15:08     Query Q07 Score: 1.00
2026-06-18 21:15:08   [8/45] Processing Query Q08...
2026-06-18 21:15:12     Query Q08 Score: 1.00
2026-06-18 21:15:12   [9/45] Processing Query Q09...
2026-06-18 21:15:26     Query Q09 Score: 0.50
2026-06-18 21:15:26   [10/45] Processing Query Q10...
2026-06-18 21:15:31     Query Q10 Score: 1.00
2026-06-18 21:15:31   [11/45] Processing Query Q11...
2026-06-18 21:15:38     Query Q11 Score: 0.50
2026-06-18 21:15:38   [12/45] Processing Query Q12...
2026-06-18 21:15:42     Query Q12 Score: 1.00
2026-06-18 21:15:42   [13/45] Processing Query Q13...
2026-06-18 21:15:48     Query Q13 Score: 0.85
2026-06-18 21:15:48   [14/45] Processing Query Q14...
2026-06-18 21:15:52     Query Q14 Score: 0.85
2026-06-18 21:15:52   [15/45] Processing Query Q15...
2026-06-18 21:15:58     Query Q15 Score: 0.95
2026-06-18 21:15:58   [16/45] Processing Query Q16...
2026-06-18 21:16:06     Query Q16 Score: 0.40
2026-06-18 21:16:06   [17/45] Processing Query Q17...
2026-06-18 21:16:10     Query Q17 Score: 0.95
2026-06-18 21:16:10   [18/45] Processing Query Q18...
2026-06-18 21:16:15     Query Q18 Score: 1.00
2026-06-18 21:16:15   [19/45] Processing Query Q19...
2026-06-18 21:16:20     Query Q19 Score: 0.95
2026-06-18 21:16:20   [20/45] Processing Query Q20...
2026-06-18 21:16:24     Query Q20 Score: 0.95
2026-06-18 21:16:24   [21/45] Processing Query Q21...
2026-06-18 21:16:29     Query Q21 Score: 1.00
2026-06-18 21:16:29   [22/45] Processing Query Q22...
2026-06-18 21:16:34     Query Q22 Score: 1.00
2026-06-18 21:16:34   [23/45] Processing Query Q23...
2026-06-18 21:16:40     Query Q23 Score: 0.50
2026-06-18 21:16:40   [24/45] Processing Query Q24...
2026-06-18 21:16:44     Query Q24 Score: 1.00
2026-06-18 21:16:44   [25/45] Processing Query Q25...
2026-06-18 21:16:49     Query Q25 Score: 1.00
2026-06-18 21:16:49   [26/45] Processing Query Q26...
2026-06-18 21:16:53     Query Q26 Score: 1.00
2026-06-18 21:16:53   [27/45] Processing Query Q27...
2026-06-18 21:16:58     Query Q27 Score: 1.00
2026-06-18 21:16:58   [28/45] Processing Query Q28...
2026-06-18 21:17:02     Query Q28 Score: 1.00
2026-06-18 21:17:02   [29/45] Processing Query Q29...
2026-06-18 21:17:08     Query Q29 Score: 1.00
2026-06-18 21:17:08   [30/45] Processing Query Q30...
2026-06-18 21:17:13     Query Q30 Score: 1.00
2026-06-18 21:17:13   [31/45] Processing Query Q31...
2026-06-18 21:17:18     Query Q31 Score: 1.00
2026-06-18 21:17:18   [32/45] Processing Query Q32...
2026-06-18 21:17:27     Query Q32 Score: 0.95
2026-06-18 21:17:27   [33/45] Processing Query Q33...
2026-06-18 21:17:38     Query Q33 Score: 0.75
2026-06-18 21:17:38   [34/45] Processing Query Q34...
2026-06-18 21:17:43     Query Q34 Score: 1.00
2026-06-18 21:17:43   [35/45] Processing Query Q35...
2026-06-18 21:17:48     Query Q35 Score: 1.00
2026-06-18 21:17:48   [36/45] Processing Query Q36...
2026-06-18 21:17:57     Query Q36 Score: 1.00
2026-06-18 21:17:57   [37/45] Processing Query Q37...
2026-06-18 21:18:03     Query Q37 Score: 0.95
2026-06-18 21:18:03   [38/45] Processing Query Q38...
2026-06-18 21:18:08     Query Q38 Score: 0.85
2026-06-18 21:18:08   [39/45] Processing Query Q39...
2026-06-18 21:18:13     Query Q39 Score: 1.00
2026-06-18 21:18:13   [40/45] Processing Query Q40...
2026-06-18 21:18:17     Query Q40 Score: 1.00
2026-06-18 21:18:17   [41/45] Processing Query Q41...
2026-06-18 21:18:23     Query Q41 Score: 0.85
2026-06-18 21:18:23   [42/45] Processing Query Q42...
2026-06-18 21:18:28     Query Q42 Score: 1.00
2026-06-18 21:18:28   [43/45] Processing Query Q43...
2026-06-18 21:18:33     Query Q43 Score: 0.70
2026-06-18 21:18:33   [44/45] Processing Query Q48...
2026-06-18 21:18:39     Query Q48 Score: 1.00
2026-06-18 21:18:39   [45/45] Processing Query Q49...
2026-06-18 21:18:46     Query Q49 Score: 0.95
2026-06-18 21:18:46 Saved validation results to /home/virtualuser/model_evaluation/autoresearch/archive/run_20260618_134629/outputs/validation_results_iter75_20260618_211846.csv
2026-06-18 21:18:46 Validation run completed. Overall Mean Score: 0.9089
2026-06-18 21:18:46 Candidate Score: 0.9089 (Delta: -0.0344)
2026-06-18 21:18:46 >>> FAILURE: Score did not improve. Discarding changes.
2026-06-18 21:18:46 Iteration #75 logged successfully to experiments.json.
2026-06-18 21:18:46 
2026-06-18 21:18:46 =========================================
2026-06-18 21:18:46 STARTING ITERATION #76
2026-06-18 21:18:46 =========================================
2026-06-18 21:18:46 Current Champion Score: 0.9433
2026-06-18 21:18:46 Failing queries to fix: 15
2026-06-18 21:18:46 Calling Optimizer Agent to refine instructions...
2026-06-18 21:19:34 Starting validation run on 45 queries...
2026-06-18 21:19:34   [1/45] Processing Query Q01...
2026-06-18 21:19:39     Query Q01 Score: 1.00
2026-06-18 21:19:39   [2/45] Processing Query Q02...
2026-06-18 21:19:44     Query Q02 Score: 0.70
2026-06-18 21:19:44   [3/45] Processing Query Q03...
2026-06-18 21:19:50     Query Q03 Score: 1.00
2026-06-18 21:19:50   [4/45] Processing Query Q04...
2026-06-18 21:19:55     Query Q04 Score: 1.00
2026-06-18 21:19:55   [5/45] Processing Query Q05...
2026-06-18 21:20:01     Query Q05 Score: 0.75
2026-06-18 21:20:01   [6/45] Processing Query Q06...
2026-06-18 21:20:07     Query Q06 Score: 1.00
2026-06-18 21:20:07   [7/45] Processing Query Q07...
2026-06-18 21:20:12     Query Q07 Score: 1.00
2026-06-18 21:20:12   [8/45] Processing Query Q08...
2026-06-18 21:20:17     Query Q08 Score: 1.00
2026-06-18 21:20:17   [9/45] Processing Query Q09...
2026-06-18 21:20:22     Query Q09 Score: 1.00
2026-06-18 21:20:22   [10/45] Processing Query Q10...
2026-06-18 21:20:27     Query Q10 Score: 1.00
2026-06-18 21:20:27   [11/45] Processing Query Q11...
2026-06-18 21:20:35     Query Q11 Score: 0.75
2026-06-18 21:20:35   [12/45] Processing Query Q12...
2026-06-18 21:20:39     Query Q12 Score: 1.00
2026-06-18 21:20:39   [13/45] Processing Query Q13...
2026-06-18 21:20:45     Query Q13 Score: 1.00
2026-06-18 21:20:45   [14/45] Processing Query Q14...
2026-06-18 21:20:49     Query Q14 Score: 0.85
2026-06-18 21:20:49   [15/45] Processing Query Q15...
2026-06-18 21:20:55     Query Q15 Score: 1.00
2026-06-18 21:20:55   [16/45] Processing Query Q16...
2026-06-18 21:21:01     Query Q16 Score: 0.50
2026-06-18 21:21:01   [17/45] Processing Query Q17...
2026-06-18 21:21:06     Query Q17 Score: 1.00
2026-06-18 21:21:06   [18/45] Processing Query Q18...
2026-06-18 21:21:11     Query Q18 Score: 0.85
2026-06-18 21:21:11   [19/45] Processing Query Q19...
2026-06-18 21:21:15     Query Q19 Score: 0.95
2026-06-18 21:21:15   [20/45] Processing Query Q20...
2026-06-18 21:21:20     Query Q20 Score: 0.95
2026-06-18 21:21:20   [21/45] Processing Query Q21...
2026-06-18 21:21:25     Query Q21 Score: 1.00
2026-06-18 21:21:25   [22/45] Processing Query Q22...
2026-06-18 21:21:30     Query Q22 Score: 1.00
2026-06-18 21:21:30   [23/45] Processing Query Q23...
2026-06-18 21:21:36     Query Q23 Score: 1.00
2026-06-18 21:21:36   [24/45] Processing Query Q24...
2026-06-18 21:21:40     Query Q24 Score: 1.00
2026-06-18 21:21:40   [25/45] Processing Query Q25...
2026-06-18 21:21:45     Query Q25 Score: 1.00
2026-06-18 21:21:45   [26/45] Processing Query Q26...
2026-06-18 21:21:49     Query Q26 Score: 1.00
2026-06-18 21:21:49   [27/45] Processing Query Q27...
2026-06-18 21:21:54     Query Q27 Score: 1.00
2026-06-18 21:21:54   [28/45] Processing Query Q28...
2026-06-18 21:21:58     Query Q28 Score: 1.00
2026-06-18 21:21:58   [29/45] Processing Query Q29...
2026-06-18 21:22:03     Query Q29 Score: 0.70
2026-06-18 21:22:03   [30/45] Processing Query Q30...
2026-06-18 21:22:08     Query Q30 Score: 1.00
2026-06-18 21:22:08   [31/45] Processing Query Q31...
2026-06-18 21:22:13     Query Q31 Score: 0.50
2026-06-18 21:22:13   [32/45] Processing Query Q32...
2026-06-18 21:22:24     Query Q32 Score: 0.95
2026-06-18 21:22:24   [33/45] Processing Query Q33...
2026-06-18 21:22:37     Query Q33 Score: 0.60
2026-06-18 21:22:37   [34/45] Processing Query Q34...
2026-06-18 21:22:42     Query Q34 Score: 1.00
2026-06-18 21:22:42   [35/45] Processing Query Q35...
2026-06-18 21:22:47     Query Q35 Score: 1.00
2026-06-18 21:22:47   [36/45] Processing Query Q36...
2026-06-18 21:22:55     Query Q36 Score: 1.00
2026-06-18 21:22:55   [37/45] Processing Query Q37...
2026-06-18 21:23:00     Query Q37 Score: 1.00
2026-06-18 21:23:00   [38/45] Processing Query Q38...
2026-06-18 21:23:05     Query Q38 Score: 0.85
2026-06-18 21:23:05   [39/45] Processing Query Q39...
2026-06-18 21:23:09     Query Q39 Score: 0.95
2026-06-18 21:23:09   [40/45] Processing Query Q40...
2026-06-18 21:23:14     Query Q40 Score: 1.00
2026-06-18 21:23:14   [41/45] Processing Query Q41...
2026-06-18 21:23:20     Query Q41 Score: 0.85
2026-06-18 21:23:20   [42/45] Processing Query Q42...
2026-06-18 21:23:24     Query Q42 Score: 1.00
2026-06-18 21:23:24   [43/45] Processing Query Q43...
2026-06-18 21:23:30     Query Q43 Score: 0.70
2026-06-18 21:23:30   [44/45] Processing Query Q48...
2026-06-18 21:23:42     Query Q48 Score: 1.00
2026-06-18 21:23:42   [45/45] Processing Query Q49...
2026-06-18 21:23:50     Query Q49 Score: 0.50
2026-06-18 21:23:50 Saved validation results to /home/virtualuser/model_evaluation/autoresearch/archive/run_20260618_134629/outputs/validation_results_iter76_20260618_212350.csv
2026-06-18 21:23:50 Validation run completed. Overall Mean Score: 0.9089
2026-06-18 21:23:50 Candidate Score: 0.9089 (Delta: -0.0344)
2026-06-18 21:23:50 >>> FAILURE: Score did not improve. Discarding changes.
2026-06-18 21:23:50 Iteration #76 logged successfully to experiments.json.
2026-06-18 21:23:50 
2026-06-18 21:23:50 =========================================
2026-06-18 21:23:50 STARTING ITERATION #77
2026-06-18 21:23:50 =========================================
2026-06-18 21:23:50 Current Champion Score: 0.9433
2026-06-18 21:23:50 Failing queries to fix: 15
2026-06-18 21:23:50 Calling Optimizer Agent to refine instructions...
2026-06-18 21:24:35 Starting validation run on 45 queries...
2026-06-18 21:24:35   [1/45] Processing Query Q01...
2026-06-18 21:24:40     Query Q01 Score: 1.00
2026-06-18 21:24:40   [2/45] Processing Query Q02...
2026-06-18 21:24:46     Query Q02 Score: 0.70
2026-06-18 21:24:46   [3/45] Processing Query Q03...
2026-06-18 21:24:51     Query Q03 Score: 1.00
2026-06-18 21:24:51   [4/45] Processing Query Q04...
2026-06-18 21:24:56     Query Q04 Score: 1.00
2026-06-18 21:24:56   [5/45] Processing Query Q05...
2026-06-18 21:25:02     Query Q05 Score: 0.30
2026-06-18 21:25:02   [6/45] Processing Query Q06...
2026-06-18 21:25:08     Query Q06 Score: 1.00
2026-06-18 21:25:08   [7/45] Processing Query Q07...
2026-06-18 21:25:13     Query Q07 Score: 1.00
2026-06-18 21:25:13   [8/45] Processing Query Q08...
2026-06-18 21:25:18     Query Q08 Score: 1.00
2026-06-18 21:25:18   [9/45] Processing Query Q09...
2026-06-18 21:25:26     Query Q09 Score: 0.50
2026-06-18 21:25:26   [10/45] Processing Query Q10...
2026-06-18 21:25:32     Query Q10 Score: 1.00
2026-06-18 21:25:32   [11/45] Processing Query Q11...
2026-06-18 21:25:39     Query Q11 Score: 0.40
2026-06-18 21:25:39   [12/45] Processing Query Q12...
2026-06-18 21:25:44     Query Q12 Score: 1.00
2026-06-18 21:25:44   [13/45] Processing Query Q13...
2026-06-18 21:26:06     Query Q13 Score: 0.30
2026-06-18 21:26:06   [14/45] Processing Query Q14...
2026-06-18 21:26:10     Query Q14 Score: 0.85
2026-06-18 21:26:10   [15/45] Processing Query Q15...
2026-06-18 21:26:16     Query Q15 Score: 1.00
2026-06-18 21:26:16   [16/45] Processing Query Q16...
2026-06-18 21:26:22     Query Q16 Score: 0.50
2026-06-18 21:26:22   [17/45] Processing Query Q17...
2026-06-18 21:26:27     Query Q17 Score: 1.00
2026-06-18 21:26:27   [18/45] Processing Query Q18...
2026-06-18 21:26:31     Query Q18 Score: 1.00
2026-06-18 21:26:31   [19/45] Processing Query Q19...
2026-06-18 21:26:36     Query Q19 Score: 0.95
2026-06-18 21:26:36   [20/45] Processing Query Q20...
2026-06-18 21:26:41     Query Q20 Score: 0.95
2026-06-18 21:26:41   [21/45] Processing Query Q21...
2026-06-18 21:26:45     Query Q21 Score: 1.00
2026-06-18 21:26:45   [22/45] Processing Query Q22...
2026-06-18 21:26:50     Query Q22 Score: 1.00
2026-06-18 21:26:50   [23/45] Processing Query Q23...
2026-06-18 21:26:56     Query Q23 Score: 1.00
2026-06-18 21:26:56   [24/45] Processing Query Q24...
2026-06-18 21:27:00     Query Q24 Score: 1.00
2026-06-18 21:27:00   [25/45] Processing Query Q25...
2026-06-18 21:27:06     Query Q25 Score: 1.00
2026-06-18 21:27:06   [26/45] Processing Query Q26...
2026-06-18 21:27:10     Query Q26 Score: 1.00
2026-06-18 21:27:10   [27/45] Processing Query Q27...
2026-06-18 21:27:14     Query Q27 Score: 1.00
2026-06-18 21:27:14   [28/45] Processing Query Q28...
2026-06-18 21:27:19     Query Q28 Score: 1.00
2026-06-18 21:27:19   [29/45] Processing Query Q29...
2026-06-18 21:27:23     Query Q29 Score: 0.50
2026-06-18 21:27:23   [30/45] Processing Query Q30...
2026-06-18 21:27:29     Query Q30 Score: 1.00
2026-06-18 21:27:29   [31/45] Processing Query Q31...
2026-06-18 21:27:34     Query Q31 Score: 1.00
2026-06-18 21:27:34   [32/45] Processing Query Q32...
2026-06-18 21:27:49     Query Q32 Score: 1.00
2026-06-18 21:27:49   [33/45] Processing Query Q33...
2026-06-18 21:27:55     Query Q33 Score: 1.00
2026-06-18 21:27:55   [34/45] Processing Query Q34...
2026-06-18 21:28:00     Query Q34 Score: 1.00
2026-06-18 21:28:00   [35/45] Processing Query Q35...
2026-06-18 21:28:04     Query Q35 Score: 1.00
2026-06-18 21:28:04   [36/45] Processing Query Q36...
2026-06-18 21:28:12     Query Q36 Score: 1.00
2026-06-18 21:28:12   [37/45] Processing Query Q37...
2026-06-18 21:28:17     Query Q37 Score: 1.00
2026-06-18 21:28:17   [38/45] Processing Query Q38...
2026-06-18 21:28:22     Query Q38 Score: 0.60
2026-06-18 21:28:22   [39/45] Processing Query Q39...
2026-06-18 21:28:27     Query Q39 Score: 1.00
2026-06-18 21:28:27   [40/45] Processing Query Q40...
2026-06-18 21:28:31     Query Q40 Score: 1.00
2026-06-18 21:28:31   [41/45] Processing Query Q41...
2026-06-18 21:28:37     Query Q41 Score: 0.50
2026-06-18 21:28:37   [42/45] Processing Query Q42...
2026-06-18 21:28:41     Query Q42 Score: 1.00
2026-06-18 21:28:41   [43/45] Processing Query Q43...
2026-06-18 21:28:47     Query Q43 Score: 1.00
2026-06-18 21:28:47   [44/45] Processing Query Q48...
2026-06-18 21:28:57     Query Q48 Score: 0.95
2026-06-18 21:28:57   [45/45] Processing Query Q49...
2026-06-18 21:29:04     Query Q49 Score: 0.65
2026-06-18 21:29:04 Saved validation results to /home/virtualuser/model_evaluation/autoresearch/archive/run_20260618_134629/outputs/validation_results_iter77_20260618_212904.csv
2026-06-18 21:29:04 Validation run completed. Overall Mean Score: 0.8811
2026-06-18 21:29:04 Candidate Score: 0.8811 (Delta: -0.0622)
2026-06-18 21:29:04 >>> FAILURE: Score did not improve. Discarding changes.
2026-06-18 21:29:04 Iteration #77 logged successfully to experiments.json.
2026-06-18 21:29:04 
2026-06-18 21:29:04 =========================================
2026-06-18 21:29:04 STARTING ITERATION #78
2026-06-18 21:29:04 =========================================
2026-06-18 21:29:04 Current Champion Score: 0.9433
2026-06-18 21:29:04 Failing queries to fix: 15
2026-06-18 21:29:04 Calling Optimizer Agent to refine instructions...
2026-06-18 21:29:44 Starting validation run on 45 queries...
2026-06-18 21:29:44   [1/45] Processing Query Q01...
2026-06-18 21:29:49     Query Q01 Score: 1.00
2026-06-18 21:29:49   [2/45] Processing Query Q02...
2026-06-18 21:29:54     Query Q02 Score: 0.85
2026-06-18 21:29:54   [3/45] Processing Query Q03...
2026-06-18 21:29:59     Query Q03 Score: 1.00
2026-06-18 21:29:59   [4/45] Processing Query Q04...
2026-06-18 21:30:05     Query Q04 Score: 0.80
2026-06-18 21:30:05   [5/45] Processing Query Q05...
2026-06-18 21:30:10     Query Q05 Score: 0.50
2026-06-18 21:30:10   [6/45] Processing Query Q06...
2026-06-18 21:30:16     Query Q06 Score: 0.20
2026-06-18 21:30:16   [7/45] Processing Query Q07...
2026-06-18 21:30:21     Query Q07 Score: 1.00
2026-06-18 21:30:21   [8/45] Processing Query Q08...
2026-06-18 21:30:25     Query Q08 Score: 1.00
2026-06-18 21:30:25   [9/45] Processing Query Q09...
2026-06-18 21:30:34     Query Q09 Score: 1.00
2026-06-18 21:30:34   [10/45] Processing Query Q10...
2026-06-18 21:30:40     Query Q10 Score: 1.00
2026-06-18 21:30:40   [11/45] Processing Query Q11...
2026-06-18 21:30:47     Query Q11 Score: 0.50
2026-06-18 21:30:47   [12/45] Processing Query Q12...
2026-06-18 21:30:52     Query Q12 Score: 1.00
2026-06-18 21:30:52   [13/45] Processing Query Q13...
2026-06-18 21:30:57     Query Q13 Score: 0.70
2026-06-18 21:30:57   [14/45] Processing Query Q14...
2026-06-18 21:31:01     Query Q14 Score: 0.85
2026-06-18 21:31:01   [15/45] Processing Query Q15...
2026-06-18 21:31:07     Query Q15 Score: 0.60
2026-06-18 21:31:07   [16/45] Processing Query Q16...
2026-06-18 21:31:13     Query Q16 Score: 0.50
2026-06-18 21:31:13   [17/45] Processing Query Q17...
2026-06-18 21:31:18     Query Q17 Score: 1.00
2026-06-18 21:31:18   [18/45] Processing Query Q18...
2026-06-18 21:31:23     Query Q18 Score: 1.00
2026-06-18 21:31:23   [19/45] Processing Query Q19...
2026-06-18 21:31:27     Query Q19 Score: 0.95
2026-06-18 21:31:27   [20/45] Processing Query Q20...
2026-06-18 21:31:32     Query Q20 Score: 0.95
2026-06-18 21:31:32   [21/45] Processing Query Q21...
2026-06-18 21:31:37     Query Q21 Score: 1.00
2026-06-18 21:31:37   [22/45] Processing Query Q22...
2026-06-18 21:31:42     Query Q22 Score: 1.00
2026-06-18 21:31:42   [23/45] Processing Query Q23...
2026-06-18 21:32:04     Query Q23 Score: 0.95
2026-06-18 21:32:04   [24/45] Processing Query Q24...
2026-06-18 21:32:08     Query Q24 Score: 1.00
2026-06-18 21:32:08   [25/45] Processing Query Q25...
2026-06-18 21:32:13     Query Q25 Score: 1.00
2026-06-18 21:32:13   [26/45] Processing Query Q26...
2026-06-18 21:32:17     Query Q26 Score: 1.00
2026-06-18 21:32:17   [27/45] Processing Query Q27...
2026-06-18 21:32:22     Query Q27 Score: 1.00
2026-06-18 21:32:22   [28/45] Processing Query Q28...
2026-06-18 21:32:26     Query Q28 Score: 1.00
2026-06-18 21:32:26   [29/45] Processing Query Q29...
2026-06-18 21:32:32     Query Q29 Score: 0.85
2026-06-18 21:32:32   [30/45] Processing Query Q30...
2026-06-18 21:32:37     Query Q30 Score: 1.00
2026-06-18 21:32:37   [31/45] Processing Query Q31...
2026-06-18 21:32:42     Query Q31 Score: 1.00
2026-06-18 21:32:42   [32/45] Processing Query Q32...
2026-06-18 21:32:51     Query Q32 Score: 0.95
2026-06-18 21:32:51   [33/45] Processing Query Q33...
2026-06-18 21:32:57     Query Q33 Score: 1.00
2026-06-18 21:32:57   [34/45] Processing Query Q34...
2026-06-18 21:33:01     Query Q34 Score: 1.00
2026-06-18 21:33:01   [35/45] Processing Query Q35...
2026-06-18 21:33:05     Query Q35 Score: 1.00
2026-06-18 21:33:05   [36/45] Processing Query Q36...
2026-06-18 21:33:24     Query Q36 Score: 0.60
2026-06-18 21:33:24   [37/45] Processing Query Q37...
2026-06-18 21:33:29     Query Q37 Score: 0.50
2026-06-18 21:33:29   [38/45] Processing Query Q38...
2026-06-18 21:33:34     Query Q38 Score: 0.75
2026-06-18 21:33:34   [39/45] Processing Query Q39...
2026-06-18 21:33:39     Query Q39 Score: 1.00
2026-06-18 21:33:39   [40/45] Processing Query Q40...
2026-06-18 21:33:43     Query Q40 Score: 1.00
2026-06-18 21:33:43   [41/45] Processing Query Q41...
2026-06-18 21:33:49     Query Q41 Score: 0.85
2026-06-18 21:33:49   [42/45] Processing Query Q42...
2026-06-18 21:33:54     Query Q42 Score: 1.00
2026-06-18 21:33:54   [43/45] Processing Query Q43...
2026-06-18 21:33:59     Query Q43 Score: 0.50
2026-06-18 21:33:59   [44/45] Processing Query Q48...
2026-06-18 21:34:05     Query Q48 Score: 0.90
2026-06-18 21:34:05   [45/45] Processing Query Q49...
2026-06-18 21:34:11     Query Q49 Score: 0.65
2026-06-18 21:34:11 Saved validation results to /home/virtualuser/model_evaluation/autoresearch/archive/run_20260618_134629/outputs/validation_results_iter78_20260618_213411.csv
2026-06-18 21:34:11 Validation run completed. Overall Mean Score: 0.8644
2026-06-18 21:34:11 Candidate Score: 0.8644 (Delta: -0.0789)
2026-06-18 21:34:11 >>> FAILURE: Score did not improve. Discarding changes.
2026-06-18 21:34:11 Iteration #78 logged successfully to experiments.json.
2026-06-18 21:34:11 
2026-06-18 21:34:11 =========================================
2026-06-18 21:34:11 STARTING ITERATION #79
2026-06-18 21:34:11 =========================================
2026-06-18 21:34:11 Current Champion Score: 0.9433
2026-06-18 21:34:11 Failing queries to fix: 15
2026-06-18 21:34:11 Calling Optimizer Agent to refine instructions...
2026-06-18 21:34:53 Starting validation run on 45 queries...
2026-06-18 21:34:53   [1/45] Processing Query Q01...
2026-06-18 21:34:58     Query Q01 Score: 1.00
2026-06-18 21:34:58   [2/45] Processing Query Q02...
2026-06-18 21:35:03     Query Q02 Score: 0.50
2026-06-18 21:35:03   [3/45] Processing Query Q03...
2026-06-18 21:35:09     Query Q03 Score: 1.00
2026-06-18 21:35:09   [4/45] Processing Query Q04...
2026-06-18 21:35:14     Query Q04 Score: 1.00
2026-06-18 21:35:14   [5/45] Processing Query Q05...
2026-06-18 21:35:20     Query Q05 Score: 0.30
2026-06-18 21:35:20   [6/45] Processing Query Q06...
2026-06-18 21:35:25     Query Q06 Score: 1.00
2026-06-18 21:35:25   [7/45] Processing Query Q07...
2026-06-18 21:35:30     Query Q07 Score: 1.00
2026-06-18 21:35:30   [8/45] Processing Query Q08...
2026-06-18 21:35:35     Query Q08 Score: 1.00
2026-06-18 21:35:35   [9/45] Processing Query Q09...
2026-06-18 21:35:41     Query Q09 Score: 1.00
2026-06-18 21:35:41   [10/45] Processing Query Q10...
2026-06-18 21:35:46     Query Q10 Score: 1.00
2026-06-18 21:35:46   [11/45] Processing Query Q11...
2026-06-18 21:35:54     Query Q11 Score: 0.50
2026-06-18 21:35:54   [12/45] Processing Query Q12...
2026-06-18 21:35:59     Query Q12 Score: 1.00
2026-06-18 21:35:59   [13/45] Processing Query Q13...
2026-06-18 21:36:05     Query Q13 Score: 0.40
2026-06-18 21:36:05   [14/45] Processing Query Q14...
2026-06-18 21:36:09     Query Q14 Score: 0.85
2026-06-18 21:36:09   [15/45] Processing Query Q15...
2026-06-18 21:36:16     Query Q15 Score: 1.00
2026-06-18 21:36:16   [16/45] Processing Query Q16...
2026-06-18 21:36:21     Query Q16 Score: 0.50
2026-06-18 21:36:21   [17/45] Processing Query Q17...
2026-06-18 21:36:26     Query Q17 Score: 1.00
2026-06-18 21:36:26   [18/45] Processing Query Q18...
2026-06-18 21:36:31     Query Q18 Score: 1.00
2026-06-18 21:36:31   [19/45] Processing Query Q19...
2026-06-18 21:36:37     Query Q19 Score: 0.85
2026-06-18 21:36:37   [20/45] Processing Query Q20...
2026-06-18 21:36:42     Query Q20 Score: 0.95
2026-06-18 21:36:42   [21/45] Processing Query Q21...
2026-06-18 21:36:46     Query Q21 Score: 1.00
2026-06-18 21:36:46   [22/45] Processing Query Q22...
2026-06-18 21:36:51     Query Q22 Score: 1.00
2026-06-18 21:36:51   [23/45] Processing Query Q23...
2026-06-18 21:36:57     Query Q23 Score: 0.75
2026-06-18 21:36:57   [24/45] Processing Query Q24...
2026-06-18 21:37:01     Query Q24 Score: 1.00
2026-06-18 21:37:01   [25/45] Processing Query Q25...
2026-06-18 21:37:07     Query Q25 Score: 1.00
2026-06-18 21:37:07   [26/45] Processing Query Q26...
2026-06-18 21:37:11     Query Q26 Score: 1.00
2026-06-18 21:37:11   [27/45] Processing Query Q27...
2026-06-18 21:37:15     Query Q27 Score: 1.00
2026-06-18 21:37:15   [28/45] Processing Query Q28...
2026-06-18 21:37:20     Query Q28 Score: 1.00
2026-06-18 21:37:20   [29/45] Processing Query Q29...
2026-06-18 21:37:25     Query Q29 Score: 0.50
2026-06-18 21:37:25   [30/45] Processing Query Q30...
2026-06-18 21:37:30     Query Q30 Score: 1.00
2026-06-18 21:37:30   [31/45] Processing Query Q31...
2026-06-18 21:37:35     Query Q31 Score: 1.00
2026-06-18 21:37:35   [32/45] Processing Query Q32...
2026-06-18 21:37:41     Query Q32 Score: 0.95
2026-06-18 21:37:41   [33/45] Processing Query Q33...
2026-06-18 21:37:52     Query Q33 Score: 0.75
2026-06-18 21:37:52   [34/45] Processing Query Q34...
2026-06-18 21:37:57     Query Q34 Score: 1.00
2026-06-18 21:37:57   [35/45] Processing Query Q35...
2026-06-18 21:38:01     Query Q35 Score: 1.00
2026-06-18 21:38:01   [36/45] Processing Query Q36...
2026-06-18 21:38:09     Query Q36 Score: 1.00
2026-06-18 21:38:09   [37/45] Processing Query Q37...
2026-06-18 21:38:14     Query Q37 Score: 1.00
2026-06-18 21:38:14   [38/45] Processing Query Q38...
2026-06-18 21:38:18     Query Q38 Score: 0.85
2026-06-18 21:38:18   [39/45] Processing Query Q39...
2026-06-18 21:38:23     Query Q39 Score: 1.00
2026-06-18 21:38:23   [40/45] Processing Query Q40...
2026-06-18 21:38:28     Query Q40 Score: 1.00
2026-06-18 21:38:28   [41/45] Processing Query Q41...
2026-06-18 21:38:34     Query Q41 Score: 0.90
2026-06-18 21:38:34   [42/45] Processing Query Q42...
2026-06-18 21:38:40     Query Q42 Score: 1.00
2026-06-18 21:38:40   [43/45] Processing Query Q43...
2026-06-18 21:38:45     Query Q43 Score: 0.70
2026-06-18 21:38:45   [44/45] Processing Query Q48...
2026-06-18 21:38:52     Query Q48 Score: 0.40
2026-06-18 21:38:52   [45/45] Processing Query Q49...
2026-06-18 21:38:59     Query Q49 Score: 0.50
2026-06-18 21:38:59 Saved validation results to /home/virtualuser/model_evaluation/autoresearch/archive/run_20260618_134629/outputs/validation_results_iter79_20260618_213859.csv
2026-06-18 21:38:59 Validation run completed. Overall Mean Score: 0.8700
2026-06-18 21:38:59 Candidate Score: 0.8700 (Delta: -0.0733)
2026-06-18 21:38:59 >>> FAILURE: Score did not improve. Discarding changes.
2026-06-18 21:38:59 Iteration #79 logged successfully to experiments.json.
2026-06-18 21:38:59 
2026-06-18 21:38:59 =========================================
2026-06-18 21:38:59 STARTING ITERATION #80
2026-06-18 21:38:59 =========================================
2026-06-18 21:38:59 Current Champion Score: 0.9433
2026-06-18 21:38:59 Failing queries to fix: 15
2026-06-18 21:38:59 Calling Optimizer Agent to refine instructions...
2026-06-18 21:39:51 Starting validation run on 45 queries...
2026-06-18 21:39:51   [1/45] Processing Query Q01...
2026-06-18 21:39:56     Query Q01 Score: 1.00
2026-06-18 21:39:56   [2/45] Processing Query Q02...
2026-06-18 21:40:01     Query Q02 Score: 0.70
2026-06-18 21:40:01   [3/45] Processing Query Q03...
2026-06-18 21:40:06     Query Q03 Score: 1.00
2026-06-18 21:40:06   [4/45] Processing Query Q04...
2026-06-18 21:40:12     Query Q04 Score: 1.00
2026-06-18 21:40:12   [5/45] Processing Query Q05...
2026-06-18 21:40:17     Query Q05 Score: 0.30
2026-06-18 21:40:17   [6/45] Processing Query Q06...
2026-06-18 21:40:23     Query Q06 Score: 1.00
2026-06-18 21:40:23   [7/45] Processing Query Q07...
2026-06-18 21:40:28     Query Q07 Score: 1.00
2026-06-18 21:40:28   [8/45] Processing Query Q08...
2026-06-18 21:40:32     Query Q08 Score: 1.00
2026-06-18 21:40:32   [9/45] Processing Query Q09...
2026-06-18 21:40:38     Query Q09 Score: 1.00
2026-06-18 21:40:38   [10/45] Processing Query Q10...
2026-06-18 21:40:44     Query Q10 Score: 1.00
2026-06-18 21:40:44   [11/45] Processing Query Q11...
2026-06-18 21:40:51     Query Q11 Score: 0.60
2026-06-18 21:40:51   [12/45] Processing Query Q12...
2026-06-18 21:40:56     Query Q12 Score: 1.00
2026-06-18 21:40:56   [13/45] Processing Query Q13...
2026-06-18 21:41:02     Query Q13 Score: 0.40
2026-06-18 21:41:02   [14/45] Processing Query Q14...
2026-06-18 21:41:06     Query Q14 Score: 0.85
2026-06-18 21:41:06   [15/45] Processing Query Q15...
2026-06-18 21:41:12     Query Q15 Score: 1.00
2026-06-18 21:41:12   [16/45] Processing Query Q16...
2026-06-18 21:41:18     Query Q16 Score: 0.50
2026-06-18 21:41:18   [17/45] Processing Query Q17...
2026-06-18 21:41:23     Query Q17 Score: 1.00
2026-06-18 21:41:23   [18/45] Processing Query Q18...
2026-06-18 21:41:28     Query Q18 Score: 1.00
2026-06-18 21:41:28   [19/45] Processing Query Q19...
2026-06-18 21:41:45     Query Q19 Score: 0.50
2026-06-18 21:41:45   [20/45] Processing Query Q20...
2026-06-18 21:41:50     Query Q20 Score: 0.95
2026-06-18 21:41:50   [21/45] Processing Query Q21...
2026-06-18 21:41:55     Query Q21 Score: 1.00
2026-06-18 21:41:55   [22/45] Processing Query Q22...
2026-06-18 21:41:59     Query Q22 Score: 1.00
2026-06-18 21:41:59   [23/45] Processing Query Q23...
2026-06-18 21:42:23     Query Q23 Score: 1.00
2026-06-18 21:42:23   [24/45] Processing Query Q24...
2026-06-18 21:42:27     Query Q24 Score: 1.00
2026-06-18 21:42:27   [25/45] Processing Query Q25...
2026-06-18 21:42:32     Query Q25 Score: 1.00
2026-06-18 21:42:32   [26/45] Processing Query Q26...
2026-06-18 21:42:36     Query Q26 Score: 1.00
2026-06-18 21:42:36   [27/45] Processing Query Q27...
2026-06-18 21:42:40     Query Q27 Score: 1.00
2026-06-18 21:42:40   [28/45] Processing Query Q28...
2026-06-18 21:42:45     Query Q28 Score: 1.00
2026-06-18 21:42:45   [29/45] Processing Query Q29...
2026-06-18 21:42:50     Query Q29 Score: 0.50
2026-06-18 21:42:50   [30/45] Processing Query Q30...
2026-06-18 21:42:55     Query Q30 Score: 1.00
2026-06-18 21:42:55   [31/45] Processing Query Q31...
2026-06-18 21:43:00     Query Q31 Score: 1.00
2026-06-18 21:43:00   [32/45] Processing Query Q32...
2026-06-18 21:43:09     Query Q32 Score: 0.95
2026-06-18 21:43:09   [33/45] Processing Query Q33...
2026-06-18 21:43:15     Query Q33 Score: 1.00
2026-06-18 21:43:15   [34/45] Processing Query Q34...
2026-06-18 21:43:20     Query Q34 Score: 1.00
2026-06-18 21:43:20   [35/45] Processing Query Q35...
2026-06-18 21:43:23     Query Q35 Score: 1.00
2026-06-18 21:43:23   [36/45] Processing Query Q36...
2026-06-18 21:43:31     Query Q36 Score: 1.00
2026-06-18 21:43:31   [37/45] Processing Query Q37...
2026-06-18 21:43:36     Query Q37 Score: 1.00
2026-06-18 21:43:36   [38/45] Processing Query Q38...
2026-06-18 21:43:41     Query Q38 Score: 0.85
2026-06-18 21:43:41   [39/45] Processing Query Q39...
2026-06-18 21:43:46     Query Q39 Score: 0.95
2026-06-18 21:43:46   [40/45] Processing Query Q40...
2026-06-18 21:43:50     Query Q40 Score: 1.00
2026-06-18 21:43:50   [41/45] Processing Query Q41...
2026-06-18 21:43:56     Query Q41 Score: 0.85
2026-06-18 21:43:56   [42/45] Processing Query Q42...
2026-06-18 21:44:01     Query Q42 Score: 1.00
2026-06-18 21:44:01   [43/45] Processing Query Q43...
2026-06-18 21:44:06     Query Q43 Score: 1.00
2026-06-18 21:44:06   [44/45] Processing Query Q48...
2026-06-18 21:44:22     Query Q48 Score: 1.00
2026-06-18 21:44:22   [45/45] Processing Query Q49...
2026-06-18 21:44:29     Query Q49 Score: 1.00
2026-06-18 21:44:29 Saved validation results to /home/virtualuser/model_evaluation/autoresearch/archive/run_20260618_134629/outputs/validation_results_iter80_20260618_214429.csv
2026-06-18 21:44:29 Validation run completed. Overall Mean Score: 0.9089
2026-06-18 21:44:29 Candidate Score: 0.9089 (Delta: -0.0344)
2026-06-18 21:44:29 >>> FAILURE: Score did not improve. Discarding changes.
2026-06-18 21:44:29 Iteration #80 logged successfully to experiments.json.
2026-06-18 21:44:29 
2026-06-18 21:44:29 =========================================
2026-06-18 21:44:29 STARTING ITERATION #81
2026-06-18 21:44:29 =========================================
2026-06-18 21:44:29 Current Champion Score: 0.9433
2026-06-18 21:44:29 Failing queries to fix: 15
2026-06-18 21:44:29 Calling Optimizer Agent to refine instructions...
2026-06-18 21:46:06 Starting validation run on 45 queries...
2026-06-18 21:46:06   [1/45] Processing Query Q01...
2026-06-18 21:46:11     Query Q01 Score: 1.00
2026-06-18 21:46:11   [2/45] Processing Query Q02...
2026-06-18 21:46:16     Query Q02 Score: 0.70
2026-06-18 21:46:16   [3/45] Processing Query Q03...
2026-06-18 21:46:21     Query Q03 Score: 1.00
2026-06-18 21:46:21   [4/45] Processing Query Q04...
2026-06-18 21:46:27     Query Q04 Score: 1.00
2026-06-18 21:46:27   [5/45] Processing Query Q05...
2026-06-18 21:46:32     Query Q05 Score: 0.30
2026-06-18 21:46:32   [6/45] Processing Query Q06...
2026-06-18 21:46:38     Query Q06 Score: 0.50
2026-06-18 21:46:38   [7/45] Processing Query Q07...
2026-06-18 21:46:43     Query Q07 Score: 1.00
2026-06-18 21:46:43   [8/45] Processing Query Q08...
2026-06-18 21:46:47     Query Q08 Score: 1.00
2026-06-18 21:46:47   [9/45] Processing Query Q09...
2026-06-18 21:46:59     Query Q09 Score: 0.50
2026-06-18 21:46:59   [10/45] Processing Query Q10...
2026-06-18 21:47:04     Query Q10 Score: 1.00
2026-06-18 21:47:04   [11/45] Processing Query Q11...
2026-06-18 21:47:11     Query Q11 Score: 0.40
2026-06-18 21:47:11   [12/45] Processing Query Q12...
2026-06-18 21:47:16     Query Q12 Score: 1.00
2026-06-18 21:47:16   [13/45] Processing Query Q13...
2026-06-18 21:47:21     Query Q13 Score: 0.85
2026-06-18 21:47:21   [14/45] Processing Query Q14...
2026-06-18 21:47:26     Query Q14 Score: 0.85
2026-06-18 21:47:26   [15/45] Processing Query Q15...
2026-06-18 21:47:32     Query Q15 Score: 0.60
2026-06-18 21:47:32   [16/45] Processing Query Q16...
2026-06-18 21:47:38     Query Q16 Score: 0.75
2026-06-18 21:47:38   [17/45] Processing Query Q17...
2026-06-18 21:47:44     Query Q17 Score: 1.00
2026-06-18 21:47:44   [18/45] Processing Query Q18...
2026-06-18 21:47:49     Query Q18 Score: 0.95
2026-06-18 21:47:49   [19/45] Processing Query Q19...
2026-06-18 21:47:53     Query Q19 Score: 0.95
2026-06-18 21:47:53   [20/45] Processing Query Q20...
2026-06-18 21:47:58     Query Q20 Score: 0.95
2026-06-18 21:47:58   [21/45] Processing Query Q21...
2026-06-18 21:48:03     Query Q21 Score: 1.00
2026-06-18 21:48:03   [22/45] Processing Query Q22...
2026-06-18 21:48:07     Query Q22 Score: 1.00
2026-06-18 21:48:07   [23/45] Processing Query Q23...
2026-06-18 21:48:13     Query Q23 Score: 1.00
2026-06-18 21:48:13   [24/45] Processing Query Q24...
2026-06-18 21:48:18     Query Q24 Score: 1.00
2026-06-18 21:48:18   [25/45] Processing Query Q25...
2026-06-18 21:48:23     Query Q25 Score: 1.00
2026-06-18 21:48:23   [26/45] Processing Query Q26...
2026-06-18 21:48:27     Query Q26 Score: 1.00
2026-06-18 21:48:27   [27/45] Processing Query Q27...
2026-06-18 21:48:31     Query Q27 Score: 1.00
2026-06-18 21:48:31   [28/45] Processing Query Q28...
2026-06-18 21:48:36     Query Q28 Score: 1.00
2026-06-18 21:48:36   [29/45] Processing Query Q29...
2026-06-18 21:48:41     Query Q29 Score: 0.50
2026-06-18 21:48:41   [30/45] Processing Query Q30...
2026-06-18 21:48:46     Query Q30 Score: 1.00
2026-06-18 21:48:46   [31/45] Processing Query Q31...
2026-06-18 21:48:51     Query Q31 Score: 1.00
2026-06-18 21:48:51   [32/45] Processing Query Q32...
2026-06-18 21:49:04     Query Q32 Score: 0.95
2026-06-18 21:49:04   [33/45] Processing Query Q33...
2026-06-18 21:49:10     Query Q33 Score: 1.00
2026-06-18 21:49:10   [34/45] Processing Query Q34...
2026-06-18 21:49:15     Query Q34 Score: 1.00
2026-06-18 21:49:15   [35/45] Processing Query Q35...
2026-06-18 21:49:19     Query Q35 Score: 1.00
2026-06-18 21:49:19   [36/45] Processing Query Q36...
2026-06-18 21:49:28     Query Q36 Score: 1.00
2026-06-18 21:49:28   [37/45] Processing Query Q37...
2026-06-18 21:49:33     Query Q37 Score: 0.50
2026-06-18 21:49:33   [38/45] Processing Query Q38...
2026-06-18 21:49:41     Query Q38 Score: 1.00
2026-06-18 21:49:41   [39/45] Processing Query Q39...
2026-06-18 21:49:46     Query Q39 Score: 1.00
2026-06-18 21:49:46   [40/45] Processing Query Q40...
2026-06-18 21:49:51     Query Q40 Score: 1.00
2026-06-18 21:49:51   [41/45] Processing Query Q41...
2026-06-18 21:49:57     Query Q41 Score: 0.60
2026-06-18 21:49:57   [42/45] Processing Query Q42...
2026-06-18 21:50:02     Query Q42 Score: 1.00
2026-06-18 21:50:02   [43/45] Processing Query Q43...
2026-06-18 21:50:07     Query Q43 Score: 1.00
2026-06-18 21:50:07   [44/45] Processing Query Q48...
2026-06-18 21:50:13     Query Q48 Score: 0.50
2026-06-18 21:50:13   [45/45] Processing Query Q49...
2026-06-18 21:50:31     Query Q49 Score: 0.50
2026-06-18 21:50:31 Saved validation results to /home/virtualuser/model_evaluation/autoresearch/archive/run_20260618_134629/outputs/validation_results_iter81_20260618_215031.csv
2026-06-18 21:50:31 Validation run completed. Overall Mean Score: 0.8633
2026-06-18 21:50:31 Candidate Score: 0.8633 (Delta: -0.0800)
2026-06-18 21:50:31 >>> FAILURE: Score did not improve. Discarding changes.
2026-06-18 21:50:31 Iteration #81 logged successfully to experiments.json.
2026-06-18 21:50:31 
2026-06-18 21:50:31 =========================================
2026-06-18 21:50:31 STARTING ITERATION #82
2026-06-18 21:50:31 =========================================
2026-06-18 21:50:31 Current Champion Score: 0.9433
2026-06-18 21:50:31 Failing queries to fix: 15
2026-06-18 21:50:31 Calling Optimizer Agent to refine instructions...
2026-06-18 21:51:19 Starting validation run on 45 queries...
2026-06-18 21:51:19   [1/45] Processing Query Q01...
2026-06-18 21:51:24     Query Q01 Score: 1.00
2026-06-18 21:51:24   [2/45] Processing Query Q02...
2026-06-18 21:51:29     Query Q02 Score: 0.70
2026-06-18 21:51:29   [3/45] Processing Query Q03...
2026-06-18 21:51:35     Query Q03 Score: 1.00
2026-06-18 21:51:35   [4/45] Processing Query Q04...
2026-06-18 21:51:40     Query Q04 Score: 1.00
2026-06-18 21:51:40   [5/45] Processing Query Q05...
2026-06-18 21:51:46     Query Q05 Score: 0.30
2026-06-18 21:51:46   [6/45] Processing Query Q06...
2026-06-18 21:51:51     Query Q06 Score: 1.00
2026-06-18 21:51:51   [7/45] Processing Query Q07...
2026-06-18 21:51:57     Query Q07 Score: 1.00
2026-06-18 21:51:57   [8/45] Processing Query Q08...
2026-06-18 21:52:02     Query Q08 Score: 1.00
2026-06-18 21:52:02   [9/45] Processing Query Q09...
2026-06-18 21:52:18     Query Q09 Score: 0.40
2026-06-18 21:52:18   [10/45] Processing Query Q10...
2026-06-18 21:52:24     Query Q10 Score: 1.00
2026-06-18 21:52:24   [11/45] Processing Query Q11...
2026-06-18 21:52:31     Query Q11 Score: 0.85
2026-06-18 21:52:31   [12/45] Processing Query Q12...
2026-06-18 21:52:36     Query Q12 Score: 1.00
2026-06-18 21:52:36   [13/45] Processing Query Q13...
2026-06-18 21:52:41     Query Q13 Score: 0.75
2026-06-18 21:52:41   [14/45] Processing Query Q14...
2026-06-18 21:52:46     Query Q14 Score: 0.85
2026-06-18 21:52:46   [15/45] Processing Query Q15...
2026-06-18 21:52:52     Query Q15 Score: 1.00
2026-06-18 21:52:52   [16/45] Processing Query Q16...
2026-06-18 21:53:01     Query Q16 Score: 0.50
2026-06-18 21:53:01   [17/45] Processing Query Q17...
2026-06-18 21:53:06     Query Q17 Score: 1.00
2026-06-18 21:53:06   [18/45] Processing Query Q18...
2026-06-18 21:53:11     Query Q18 Score: 1.00
2026-06-18 21:53:11   [19/45] Processing Query Q19...
2026-06-18 21:53:16     Query Q19 Score: 0.95
2026-06-18 21:53:16   [20/45] Processing Query Q20...
2026-06-18 21:53:21     Query Q20 Score: 0.95
2026-06-18 21:53:21   [21/45] Processing Query Q21...
2026-06-18 21:53:25     Query Q21 Score: 1.00
2026-06-18 21:53:25   [22/45] Processing Query Q22...
2026-06-18 21:53:30     Query Q22 Score: 1.00
2026-06-18 21:53:30   [23/45] Processing Query Q23...
2026-06-18 21:53:36     Query Q23 Score: 1.00
2026-06-18 21:53:36   [24/45] Processing Query Q24...
2026-06-18 21:53:40     Query Q24 Score: 1.00
2026-06-18 21:53:40   [25/45] Processing Query Q25...
2026-06-18 21:53:45     Query Q25 Score: 1.00
2026-06-18 21:53:45   [26/45] Processing Query Q26...
2026-06-18 21:53:49     Query Q26 Score: 1.00
2026-06-18 21:53:49   [27/45] Processing Query Q27...
2026-06-18 21:53:56     Query Q27 Score: 0.60
2026-06-18 21:53:56   [28/45] Processing Query Q28...
2026-06-18 21:54:01     Query Q28 Score: 1.00
2026-06-18 21:54:01   [29/45] Processing Query Q29...
2026-06-18 21:54:05     Query Q29 Score: 0.50
2026-06-18 21:54:05   [30/45] Processing Query Q30...
2026-06-18 21:54:11     Query Q30 Score: 1.00
2026-06-18 21:54:11   [31/45] Processing Query Q31...
2026-06-18 21:54:15     Query Q31 Score: 1.00
2026-06-18 21:54:15   [32/45] Processing Query Q32...
2026-06-18 21:54:24     Query Q32 Score: 0.95
2026-06-18 21:54:24   [33/45] Processing Query Q33...
2026-06-18 21:54:39     Query Q33 Score: 1.00
2026-06-18 21:54:39   [34/45] Processing Query Q34...
2026-06-18 21:54:43     Query Q34 Score: 1.00
2026-06-18 21:54:43   [35/45] Processing Query Q35...
2026-06-18 21:54:47     Query Q35 Score: 1.00
2026-06-18 21:54:47   [36/45] Processing Query Q36...
2026-06-18 21:54:55     Query Q36 Score: 1.00
2026-06-18 21:54:55   [37/45] Processing Query Q37...
2026-06-18 21:55:01     Query Q37 Score: 1.00
2026-06-18 21:55:01   [38/45] Processing Query Q38...
2026-06-18 21:55:05     Query Q38 Score: 0.60
2026-06-18 21:55:05   [39/45] Processing Query Q39...
2026-06-18 21:55:10     Query Q39 Score: 1.00
2026-06-18 21:55:10   [40/45] Processing Query Q40...
2026-06-18 21:55:15     Query Q40 Score: 1.00
2026-06-18 21:55:15   [41/45] Processing Query Q41...
2026-06-18 21:55:20     Query Q41 Score: 0.85
2026-06-18 21:55:20   [42/45] Processing Query Q42...
2026-06-18 21:55:25     Query Q42 Score: 1.00
2026-06-18 21:55:25   [43/45] Processing Query Q43...
2026-06-18 21:55:30     Query Q43 Score: 1.00
2026-06-18 21:55:30   [44/45] Processing Query Q48...
2026-06-18 21:55:37     Query Q48 Score: 0.50
2026-06-18 21:55:37   [45/45] Processing Query Q49...
2026-06-18 21:55:51     Query Q49 Score: 0.95
2026-06-18 21:55:51 Saved validation results to /home/virtualuser/model_evaluation/autoresearch/archive/run_20260618_134629/outputs/validation_results_iter82_20260618_215551.csv
2026-06-18 21:55:51 Validation run completed. Overall Mean Score: 0.8933
2026-06-18 21:55:51 Candidate Score: 0.8933 (Delta: -0.0500)
2026-06-18 21:55:51 >>> FAILURE: Score did not improve. Discarding changes.
2026-06-18 21:55:52 Iteration #82 logged successfully to experiments.json.
2026-06-18 21:55:52 
2026-06-18 21:55:52 =========================================
2026-06-18 21:55:52 STARTING ITERATION #83
2026-06-18 21:55:52 =========================================
2026-06-18 21:55:52 Current Champion Score: 0.9433
2026-06-18 21:55:52 Failing queries to fix: 15
2026-06-18 21:55:52 Calling Optimizer Agent to refine instructions...
2026-06-18 21:56:38 Starting validation run on 45 queries...
2026-06-18 21:56:38   [1/45] Processing Query Q01...
2026-06-18 21:56:44     Query Q01 Score: 1.00
2026-06-18 21:56:44   [2/45] Processing Query Q02...
2026-06-18 21:56:49     Query Q02 Score: 0.70
2026-06-18 21:56:49   [3/45] Processing Query Q03...
2026-06-18 21:56:54     Query Q03 Score: 1.00
2026-06-18 21:56:54   [4/45] Processing Query Q04...
2026-06-18 21:57:00     Query Q04 Score: 1.00
2026-06-18 21:57:00   [5/45] Processing Query Q05...
2026-06-18 21:57:06     Query Q05 Score: 0.75
2026-06-18 21:57:06   [6/45] Processing Query Q06...
2026-06-18 21:57:12     Query Q06 Score: 1.00
2026-06-18 21:57:12   [7/45] Processing Query Q07...
2026-06-18 21:57:17     Query Q07 Score: 1.00
2026-06-18 21:57:17   [8/45] Processing Query Q08...
2026-06-18 21:57:22     Query Q08 Score: 1.00
2026-06-18 21:57:22   [9/45] Processing Query Q09...
2026-06-18 21:57:27     Query Q09 Score: 1.00
2026-06-18 21:57:27   [10/45] Processing Query Q10...
2026-06-18 21:57:33     Query Q10 Score: 1.00
2026-06-18 21:57:33   [11/45] Processing Query Q11...
2026-06-18 21:57:40     Query Q11 Score: 0.40
2026-06-18 21:57:40   [12/45] Processing Query Q12...
2026-06-18 21:57:45     Query Q12 Score: 1.00
2026-06-18 21:57:45   [13/45] Processing Query Q13...
2026-06-18 21:57:50     Query Q13 Score: 0.95
2026-06-18 21:57:50   [14/45] Processing Query Q14...
2026-06-18 21:57:55     Query Q14 Score: 0.85
2026-06-18 21:57:55   [15/45] Processing Query Q15...
2026-06-18 21:58:08     Query Q15 Score: 1.00
2026-06-18 21:58:08   [16/45] Processing Query Q16...
2026-06-18 21:58:14     Query Q16 Score: 0.50
2026-06-18 21:58:14   [17/45] Processing Query Q17...
2026-06-18 21:58:19     Query Q17 Score: 1.00
2026-06-18 21:58:19   [18/45] Processing Query Q18...
2026-06-18 21:58:24     Query Q18 Score: 1.00
2026-06-18 21:58:24   [19/45] Processing Query Q19...
2026-06-18 21:58:28     Query Q19 Score: 0.95
2026-06-18 21:58:28   [20/45] Processing Query Q20...
2026-06-18 21:58:33     Query Q20 Score: 0.95
2026-06-18 21:58:33   [21/45] Processing Query Q21...
2026-06-18 21:58:38     Query Q21 Score: 1.00
2026-06-18 21:58:38   [22/45] Processing Query Q22...
2026-06-18 21:58:43     Query Q22 Score: 1.00
2026-06-18 21:58:43   [23/45] Processing Query Q23...
2026-06-18 21:58:55     Query Q23 Score: 1.00
2026-06-18 21:58:55   [24/45] Processing Query Q24...
2026-06-18 21:59:00     Query Q24 Score: 1.00
2026-06-18 21:59:00   [25/45] Processing Query Q25...
2026-06-18 21:59:05     Query Q25 Score: 1.00
2026-06-18 21:59:05   [26/45] Processing Query Q26...
2026-06-18 21:59:09     Query Q26 Score: 1.00
2026-06-18 21:59:09   [27/45] Processing Query Q27...
2026-06-18 21:59:13     Query Q27 Score: 1.00
2026-06-18 21:59:13   [28/45] Processing Query Q28...
2026-06-18 21:59:18     Query Q28 Score: 1.00
2026-06-18 21:59:18   [29/45] Processing Query Q29...
2026-06-18 21:59:23     Query Q29 Score: 0.50
2026-06-18 21:59:23   [30/45] Processing Query Q30...
2026-06-18 21:59:29     Query Q30 Score: 1.00
2026-06-18 21:59:29   [31/45] Processing Query Q31...
2026-06-18 21:59:33     Query Q31 Score: 1.00
2026-06-18 21:59:33   [32/45] Processing Query Q32...
2026-06-18 21:59:53     Query Q32 Score: 0.60
2026-06-18 21:59:53   [33/45] Processing Query Q33...
2026-06-18 22:00:04     Query Q33 Score: 0.95
2026-06-18 22:00:04   [34/45] Processing Query Q34...
2026-06-18 22:00:09     Query Q34 Score: 1.00
2026-06-18 22:00:09   [35/45] Processing Query Q35...
2026-06-18 22:00:13     Query Q35 Score: 1.00
2026-06-18 22:00:13   [36/45] Processing Query Q36...
2026-06-18 22:00:26     Query Q36 Score: 1.00
2026-06-18 22:00:26   [37/45] Processing Query Q37...
2026-06-18 22:00:31     Query Q37 Score: 1.00
2026-06-18 22:00:31   [38/45] Processing Query Q38...
2026-06-18 22:00:36     Query Q38 Score: 0.85
2026-06-18 22:00:36   [39/45] Processing Query Q39...
2026-06-18 22:00:41     Query Q39 Score: 1.00
2026-06-18 22:00:41   [40/45] Processing Query Q40...
2026-06-18 22:00:46     Query Q40 Score: 1.00
2026-06-18 22:00:46   [41/45] Processing Query Q41...
2026-06-18 22:00:52     Query Q41 Score: 0.95
2026-06-18 22:00:52   [42/45] Processing Query Q42...
2026-06-18 22:00:57     Query Q42 Score: 1.00
2026-06-18 22:00:57   [43/45] Processing Query Q43...
2026-06-18 22:01:02     Query Q43 Score: 0.50
2026-06-18 22:01:02   [44/45] Processing Query Q48...
2026-06-18 22:01:14     Query Q48 Score: 1.00
2026-06-18 22:01:14   [45/45] Processing Query Q49...
2026-06-18 22:01:21     Query Q49 Score: 0.75
2026-06-18 22:01:21 Saved validation results to /home/virtualuser/model_evaluation/autoresearch/archive/run_20260618_134629/outputs/validation_results_iter83_20260618_220121.csv
2026-06-18 22:01:21 Validation run completed. Overall Mean Score: 0.9144
2026-06-18 22:01:21 Candidate Score: 0.9144 (Delta: -0.0289)
2026-06-18 22:01:21 >>> FAILURE: Score did not improve. Discarding changes.
2026-06-18 22:01:21 Iteration #83 logged successfully to experiments.json.
2026-06-18 22:01:21 
2026-06-18 22:01:21 =========================================
2026-06-18 22:01:21 STARTING ITERATION #84
2026-06-18 22:01:21 =========================================
2026-06-18 22:01:21 Current Champion Score: 0.9433
2026-06-18 22:01:21 Failing queries to fix: 15
2026-06-18 22:01:21 Calling Optimizer Agent to refine instructions...
2026-06-18 22:02:00 Starting validation run on 45 queries...
2026-06-18 22:02:00   [1/45] Processing Query Q01...
2026-06-18 22:02:05     Query Q01 Score: 1.00
2026-06-18 22:02:05   [2/45] Processing Query Q02...
2026-06-18 22:02:11     Query Q02 Score: 0.70
2026-06-18 22:02:11   [3/45] Processing Query Q03...
2026-06-18 22:02:16     Query Q03 Score: 1.00
2026-06-18 22:02:16   [4/45] Processing Query Q04...
2026-06-18 22:02:21     Query Q04 Score: 1.00
2026-06-18 22:02:21   [5/45] Processing Query Q05...
2026-06-18 22:02:28     Query Q05 Score: 0.75
2026-06-18 22:02:28   [6/45] Processing Query Q06...
2026-06-18 22:02:34     Query Q06 Score: 1.00
2026-06-18 22:02:34   [7/45] Processing Query Q07...
2026-06-18 22:02:39     Query Q07 Score: 1.00
2026-06-18 22:02:39   [8/45] Processing Query Q08...
2026-06-18 22:02:43     Query Q08 Score: 1.00
2026-06-18 22:02:43   [9/45] Processing Query Q09...
2026-06-18 22:02:49     Query Q09 Score: 1.00
2026-06-18 22:02:49   [10/45] Processing Query Q10...
2026-06-18 22:02:54     Query Q10 Score: 1.00
2026-06-18 22:02:54   [11/45] Processing Query Q11...
2026-06-18 22:03:03     Query Q11 Score: 0.20
2026-06-18 22:03:03   [12/45] Processing Query Q12...
2026-06-18 22:03:08     Query Q12 Score: 1.00
2026-06-18 22:03:08   [13/45] Processing Query Q13...
2026-06-18 22:03:13     Query Q13 Score: 1.00
2026-06-18 22:03:13   [14/45] Processing Query Q14...
2026-06-18 22:03:18     Query Q14 Score: 0.85
2026-06-18 22:03:18   [15/45] Processing Query Q15...
2026-06-18 22:03:24     Query Q15 Score: 1.00
2026-06-18 22:03:24   [16/45] Processing Query Q16...
2026-06-18 22:03:35     Query Q16 Score: 0.50
2026-06-18 22:03:35   [17/45] Processing Query Q17...
2026-06-18 22:03:40     Query Q17 Score: 1.00
2026-06-18 22:03:40   [18/45] Processing Query Q18...
2026-06-18 22:03:45     Query Q18 Score: 1.00
2026-06-18 22:03:45   [19/45] Processing Query Q19...
2026-06-18 22:03:50     Query Q19 Score: 0.95
2026-06-18 22:03:50   [20/45] Processing Query Q20...
2026-06-18 22:03:55     Query Q20 Score: 0.95
2026-06-18 22:03:55   [21/45] Processing Query Q21...
2026-06-18 22:04:00     Query Q21 Score: 1.00
2026-06-18 22:04:00   [22/45] Processing Query Q22...
2026-06-18 22:04:04     Query Q22 Score: 1.00
2026-06-18 22:04:04   [23/45] Processing Query Q23...
2026-06-18 22:04:10     Query Q23 Score: 1.00
2026-06-18 22:04:10   [24/45] Processing Query Q24...
2026-06-18 22:04:14     Query Q24 Score: 1.00
2026-06-18 22:04:14   [25/45] Processing Query Q25...
2026-06-18 22:04:19     Query Q25 Score: 1.00
2026-06-18 22:04:19   [26/45] Processing Query Q26...
2026-06-18 22:04:23     Query Q26 Score: 1.00
2026-06-18 22:04:23   [27/45] Processing Query Q27...
2026-06-18 22:04:28     Query Q27 Score: 0.50
2026-06-18 22:04:28   [28/45] Processing Query Q28...
2026-06-18 22:04:33     Query Q28 Score: 1.00
2026-06-18 22:04:33   [29/45] Processing Query Q29...
2026-06-18 22:04:38     Query Q29 Score: 0.50
2026-06-18 22:04:38   [30/45] Processing Query Q30...
2026-06-18 22:04:43     Query Q30 Score: 1.00
2026-06-18 22:04:43   [31/45] Processing Query Q31...
2026-06-18 22:04:48     Query Q31 Score: 1.00
2026-06-18 22:04:48   [32/45] Processing Query Q32...
2026-06-18 22:04:56     Query Q32 Score: 0.95
2026-06-18 22:04:56   [33/45] Processing Query Q33...
2026-06-18 22:05:04     Query Q33 Score: 0.85
2026-06-18 22:05:04   [34/45] Processing Query Q34...
2026-06-18 22:05:09     Query Q34 Score: 1.00
2026-06-18 22:05:09   [35/45] Processing Query Q35...
2026-06-18 22:05:13     Query Q35 Score: 1.00
2026-06-18 22:05:13   [36/45] Processing Query Q36...
2026-06-18 22:05:32     Query Q36 Score: 1.00
2026-06-18 22:05:32   [37/45] Processing Query Q37...
2026-06-18 22:05:37     Query Q37 Score: 0.50
2026-06-18 22:05:37   [38/45] Processing Query Q38...
2026-06-18 22:05:42     Query Q38 Score: 0.85
2026-06-18 22:05:42   [39/45] Processing Query Q39...
2026-06-18 22:05:46     Query Q39 Score: 0.95
2026-06-18 22:05:46   [40/45] Processing Query Q40...
2026-06-18 22:05:51     Query Q40 Score: 1.00
2026-06-18 22:05:51   [41/45] Processing Query Q41...
2026-06-18 22:05:58     Query Q41 Score: 0.95
2026-06-18 22:05:58   [42/45] Processing Query Q42...
2026-06-18 22:06:02     Query Q42 Score: 1.00
2026-06-18 22:06:02   [43/45] Processing Query Q43...
2026-06-18 22:06:07     Query Q43 Score: 0.50
2026-06-18 22:06:07   [44/45] Processing Query Q48...
2026-06-18 22:06:21     Query Q48 Score: 1.00
2026-06-18 22:06:21   [45/45] Processing Query Q49...
2026-06-18 22:06:28     Query Q49 Score: 0.65
2026-06-18 22:06:28 Saved validation results to /home/virtualuser/model_evaluation/autoresearch/archive/run_20260618_134629/outputs/validation_results_iter84_20260618_220628.csv
2026-06-18 22:06:28 Validation run completed. Overall Mean Score: 0.8911
2026-06-18 22:06:28 Candidate Score: 0.8911 (Delta: -0.0522)
2026-06-18 22:06:28 >>> FAILURE: Score did not improve. Discarding changes.
2026-06-18 22:06:28 Iteration #84 logged successfully to experiments.json.
2026-06-18 22:06:28 
2026-06-18 22:06:28 =========================================
2026-06-18 22:06:28 STARTING ITERATION #85
2026-06-18 22:06:28 =========================================
2026-06-18 22:06:28 Current Champion Score: 0.9433
2026-06-18 22:06:28 Failing queries to fix: 15
2026-06-18 22:06:28 Calling Optimizer Agent to refine instructions...
2026-06-18 22:09:22 Starting validation run on 45 queries...
2026-06-18 22:09:22   [1/45] Processing Query Q01...
2026-06-18 22:09:27     Query Q01 Score: 1.00
2026-06-18 22:09:27   [2/45] Processing Query Q02...
2026-06-18 22:09:33     Query Q02 Score: 0.70
2026-06-18 22:09:33   [3/45] Processing Query Q03...
2026-06-18 22:09:38     Query Q03 Score: 1.00
2026-06-18 22:09:38   [4/45] Processing Query Q04...
2026-06-18 22:09:43     Query Q04 Score: 1.00
2026-06-18 22:09:43   [5/45] Processing Query Q05...
2026-06-18 22:09:49     Query Q05 Score: 0.30
2026-06-18 22:09:49   [6/45] Processing Query Q06...
2026-06-18 22:09:55     Query Q06 Score: 1.00
2026-06-18 22:09:55   [7/45] Processing Query Q07...
2026-06-18 22:10:00     Query Q07 Score: 1.00
2026-06-18 22:10:00   [8/45] Processing Query Q08...
2026-06-18 22:10:04     Query Q08 Score: 1.00
2026-06-18 22:10:04   [9/45] Processing Query Q09...
2026-06-18 22:10:10     Query Q09 Score: 1.00
2026-06-18 22:10:10   [10/45] Processing Query Q10...
2026-06-18 22:10:15     Query Q10 Score: 1.00
2026-06-18 22:10:15   [11/45] Processing Query Q11...
2026-06-18 22:10:24     Query Q11 Score: 0.30
2026-06-18 22:10:24   [12/45] Processing Query Q12...
2026-06-18 22:10:29     Query Q12 Score: 1.00
2026-06-18 22:10:29   [13/45] Processing Query Q13...
2026-06-18 22:10:35     Query Q13 Score: 0.40
2026-06-18 22:10:35   [14/45] Processing Query Q14...
2026-06-18 22:10:40     Query Q14 Score: 0.85
2026-06-18 22:10:40   [15/45] Processing Query Q15...
2026-06-18 22:10:47     Query Q15 Score: 0.50
2026-06-18 22:10:47   [16/45] Processing Query Q16...
2026-06-18 22:10:56     Query Q16 Score: 0.50
2026-06-18 22:10:56   [17/45] Processing Query Q17...
2026-06-18 22:11:01     Query Q17 Score: 0.85
2026-06-18 22:11:01   [18/45] Processing Query Q18...
2026-06-18 22:11:06     Query Q18 Score: 1.00
2026-06-18 22:11:06   [19/45] Processing Query Q19...
2026-06-18 22:11:11     Query Q19 Score: 0.95
2026-06-18 22:11:11   [20/45] Processing Query Q20...
2026-06-18 22:11:16     Query Q20 Score: 0.95
2026-06-18 22:11:16   [21/45] Processing Query Q21...
2026-06-18 22:11:21     Query Q21 Score: 1.00
2026-06-18 22:11:21   [22/45] Processing Query Q22...
2026-06-18 22:11:26     Query Q22 Score: 1.00
2026-06-18 22:11:26   [23/45] Processing Query Q23...
2026-06-18 22:11:36     Query Q23 Score: 1.00
2026-06-18 22:11:36   [24/45] Processing Query Q24...
2026-06-18 22:11:40     Query Q24 Score: 1.00
2026-06-18 22:11:40   [25/45] Processing Query Q25...
2026-06-18 22:11:45     Query Q25 Score: 1.00
2026-06-18 22:11:45   [26/45] Processing Query Q26...
2026-06-18 22:11:49     Query Q26 Score: 1.00
2026-06-18 22:11:49   [27/45] Processing Query Q27...
2026-06-18 22:11:56     Query Q27 Score: 1.00
2026-06-18 22:11:56   [28/45] Processing Query Q28...
2026-06-18 22:12:01     Query Q28 Score: 1.00
2026-06-18 22:12:01   [29/45] Processing Query Q29...
2026-06-18 22:12:06     Query Q29 Score: 0.50
2026-06-18 22:12:06   [30/45] Processing Query Q30...
2026-06-18 22:12:11     Query Q30 Score: 1.00
2026-06-18 22:12:11   [31/45] Processing Query Q31...
2026-06-18 22:12:16     Query Q31 Score: 1.00
2026-06-18 22:12:16   [32/45] Processing Query Q32...
2026-06-18 22:12:24     Query Q32 Score: 0.95
2026-06-18 22:12:24   [33/45] Processing Query Q33...
2026-06-18 22:12:37     Query Q33 Score: 0.75
2026-06-18 22:12:37   [34/45] Processing Query Q34...
2026-06-18 22:12:42     Query Q34 Score: 1.00
2026-06-18 22:12:42   [35/45] Processing Query Q35...
2026-06-18 22:12:46     Query Q35 Score: 1.00
2026-06-18 22:12:46   [36/45] Processing Query Q36...
2026-06-18 22:12:54     Query Q36 Score: 1.00
2026-06-18 22:12:54   [37/45] Processing Query Q37...
2026-06-18 22:12:59     Query Q37 Score: 0.50
2026-06-18 22:12:59   [38/45] Processing Query Q38...
2026-06-18 22:13:04     Query Q38 Score: 0.60
2026-06-18 22:13:04   [39/45] Processing Query Q39...
2026-06-18 22:13:09     Query Q39 Score: 1.00
2026-06-18 22:13:09   [40/45] Processing Query Q40...
2026-06-18 22:13:14     Query Q40 Score: 1.00
2026-06-18 22:13:14   [41/45] Processing Query Q41...
2026-06-18 22:13:20     Query Q41 Score: 0.90
2026-06-18 22:13:20   [42/45] Processing Query Q42...
2026-06-18 22:13:25     Query Q42 Score: 1.00
2026-06-18 22:13:25   [43/45] Processing Query Q43...
2026-06-18 22:13:30     Query Q43 Score: 0.95
2026-06-18 22:13:30   [44/45] Processing Query Q48...
2026-06-18 22:14:16 Resuming optimization loop from iteration #85.
2026-06-18 22:14:16 Current champion established at iteration #69 with Score: 0.9433
2026-06-18 22:14:16 
2026-06-18 22:14:16 Entering optimization loop...
2026-06-18 22:14:16 
2026-06-18 22:14:16 =========================================
2026-06-18 22:14:16 STARTING ITERATION #85
2026-06-18 22:14:16 =========================================
2026-06-18 22:14:16 Current Champion Score: 0.9433
2026-06-18 22:14:16 Failing queries to fix: 15
2026-06-18 22:14:16 Calling Optimizer Agent to refine instructions...
2026-06-18 22:15:00 Starting validation run on 45 queries...
2026-06-18 22:15:00   [1/45] Processing Query Q01...
2026-06-18 22:15:05     Query Q01 Score: 1.00
2026-06-18 22:15:05   [2/45] Processing Query Q02...
2026-06-18 22:15:11     Query Q02 Score: 0.70
2026-06-18 22:15:11   [3/45] Processing Query Q03...
2026-06-18 22:15:17     Query Q03 Score: 1.00
2026-06-18 22:15:17   [4/45] Processing Query Q04...
2026-06-18 22:15:22     Query Q04 Score: 1.00
2026-06-18 22:15:22   [5/45] Processing Query Q05...
2026-06-18 22:15:27     Query Q05 Score: 0.50
2026-06-18 22:15:27   [6/45] Processing Query Q06...
2026-06-18 22:15:33     Query Q06 Score: 1.00
2026-06-18 22:15:33   [7/45] Processing Query Q07...
2026-06-18 22:15:38     Query Q07 Score: 1.00
2026-06-18 22:15:38   [8/45] Processing Query Q08...
2026-06-18 22:15:43     Query Q08 Score: 1.00
2026-06-18 22:15:43   [9/45] Processing Query Q09...
2026-06-18 22:15:49     Query Q09 Score: 1.00
2026-06-18 22:15:49   [10/45] Processing Query Q10...
2026-06-18 22:15:54     Query Q10 Score: 1.00
2026-06-18 22:15:54   [11/45] Processing Query Q11...
2026-06-18 22:16:01     Query Q11 Score: 0.40
2026-06-18 22:16:01   [12/45] Processing Query Q12...
2026-06-18 22:16:06     Query Q12 Score: 1.00
2026-06-18 22:16:06   [13/45] Processing Query Q13...
2026-06-18 22:16:12     Query Q13 Score: 0.40
2026-06-18 22:16:12   [14/45] Processing Query Q14...
2026-06-18 22:16:17     Query Q14 Score: 0.85
2026-06-18 22:16:17   [15/45] Processing Query Q15...
2026-06-18 22:16:23     Query Q15 Score: 0.95
2026-06-18 22:16:23   [16/45] Processing Query Q16...
2026-06-18 22:16:29     Query Q16 Score: 0.50
2026-06-18 22:16:29   [17/45] Processing Query Q17...
2026-06-18 22:16:33     Query Q17 Score: 1.00
2026-06-18 22:16:33   [18/45] Processing Query Q18...
2026-06-18 22:16:38     Query Q18 Score: 1.00
2026-06-18 22:16:38   [19/45] Processing Query Q19...
2026-06-18 22:16:43     Query Q19 Score: 0.95
2026-06-18 22:16:43   [20/45] Processing Query Q20...
2026-06-18 22:16:48     Query Q20 Score: 0.95
2026-06-18 22:16:48   [21/45] Processing Query Q21...
2026-06-18 22:16:52     Query Q21 Score: 1.00
2026-06-18 22:16:52   [22/45] Processing Query Q22...
2026-06-18 22:16:57     Query Q22 Score: 1.00
2026-06-18 22:16:57   [23/45] Processing Query Q23...
2026-06-18 22:17:03     Query Q23 Score: 1.00
2026-06-18 22:17:03   [24/45] Processing Query Q24...
2026-06-18 22:17:07     Query Q24 Score: 1.00
2026-06-18 22:17:07   [25/45] Processing Query Q25...
2026-06-18 22:17:12     Query Q25 Score: 1.00
2026-06-18 22:17:12   [26/45] Processing Query Q26...
2026-06-18 22:17:16     Query Q26 Score: 1.00
2026-06-18 22:17:16   [27/45] Processing Query Q27...
2026-06-18 22:17:21     Query Q27 Score: 1.00
2026-06-18 22:17:21   [28/45] Processing Query Q28...
2026-06-18 22:17:26     Query Q28 Score: 1.00
2026-06-18 22:17:26   [29/45] Processing Query Q29...
2026-06-18 22:17:32     Query Q29 Score: 0.90
2026-06-18 22:17:32   [30/45] Processing Query Q30...
2026-06-18 22:17:37     Query Q30 Score: 1.00
2026-06-18 22:17:37   [31/45] Processing Query Q31...
2026-06-18 22:17:42     Query Q31 Score: 1.00
2026-06-18 22:17:42   [32/45] Processing Query Q32...
2026-06-18 22:17:48     Query Q32 Score: 0.95
2026-06-18 22:17:48   [33/45] Processing Query Q33...
2026-06-18 22:18:04     Query Q33 Score: 0.90
2026-06-18 22:18:04   [34/45] Processing Query Q34...
2026-06-18 22:18:09     Query Q34 Score: 1.00
2026-06-18 22:18:09   [35/45] Processing Query Q35...
2026-06-18 22:18:14     Query Q35 Score: 1.00
2026-06-18 22:18:14   [36/45] Processing Query Q36...
2026-06-18 22:18:19     Query Q36 Score: 0.95
2026-06-18 22:18:19   [37/45] Processing Query Q37...
2026-06-18 22:18:25     Query Q37 Score: 1.00
2026-06-18 22:18:25   [38/45] Processing Query Q38...
2026-06-18 22:18:33     Query Q38 Score: 1.00
2026-06-18 22:18:33   [39/45] Processing Query Q39...
2026-06-18 22:18:37     Query Q39 Score: 1.00
2026-06-18 22:18:37   [40/45] Processing Query Q40...
2026-06-18 22:18:42     Query Q40 Score: 1.00
2026-06-18 22:18:42   [41/45] Processing Query Q41...
2026-06-18 22:18:48     Query Q41 Score: 0.95
2026-06-18 22:18:48   [42/45] Processing Query Q42...
2026-06-18 22:18:53     Query Q42 Score: 1.00
2026-06-18 22:18:53   [43/45] Processing Query Q43...
2026-06-18 22:18:58     Query Q43 Score: 1.00
2026-06-18 22:18:58   [44/45] Processing Query Q48...
2026-06-18 22:19:05     Query Q48 Score: 0.50
2026-06-18 22:19:05   [45/45] Processing Query Q49...
2026-06-18 22:19:12     Query Q49 Score: 0.50
2026-06-18 22:19:12 Saved validation results to /home/virtualuser/model_evaluation/autoresearch/archive/run_20260618_134629/outputs/validation_results_iter85_20260618_221912.csv
2026-06-18 22:19:12 Validation run completed. Overall Mean Score: 0.9078
2026-06-18 22:19:12 Candidate Score: 0.9078 (Delta: -0.0356)
2026-06-18 22:19:12 >>> FAILURE: Score did not improve. Discarding changes.
2026-06-18 22:19:12 Iteration #85 logged successfully to experiments.json.
2026-06-18 22:19:12 
2026-06-18 22:19:12 =========================================
2026-06-18 22:19:12 STARTING ITERATION #86
2026-06-18 22:19:12 =========================================
2026-06-18 22:19:12 Current Champion Score: 0.9433
2026-06-18 22:19:12 Failing queries to fix: 15
2026-06-18 22:19:12 Calling Optimizer Agent to refine instructions...
2026-06-18 22:20:05 Starting validation run on 45 queries...
2026-06-18 22:20:05   [1/45] Processing Query Q01...
2026-06-18 22:20:10     Query Q01 Score: 1.00
2026-06-18 22:20:10   [2/45] Processing Query Q02...
2026-06-18 22:20:15     Query Q02 Score: 0.85
2026-06-18 22:20:15   [3/45] Processing Query Q03...
2026-06-18 22:20:20     Query Q03 Score: 1.00
2026-06-18 22:20:20   [4/45] Processing Query Q04...
2026-06-18 22:20:25     Query Q04 Score: 1.00
2026-06-18 22:20:25   [5/45] Processing Query Q05...
2026-06-18 22:20:31     Query Q05 Score: 0.50
2026-06-18 22:20:31   [6/45] Processing Query Q06...
2026-06-18 22:20:37     Query Q06 Score: 1.00
2026-06-18 22:20:37   [7/45] Processing Query Q07...
2026-06-18 22:20:42     Query Q07 Score: 1.00
2026-06-18 22:20:42   [8/45] Processing Query Q08...
2026-06-18 22:20:47     Query Q08 Score: 1.00
2026-06-18 22:20:47   [9/45] Processing Query Q09...
2026-06-18 22:20:52     Query Q09 Score: 1.00
2026-06-18 22:20:52   [10/45] Processing Query Q10...
2026-06-18 22:20:57     Query Q10 Score: 1.00
2026-06-18 22:20:57   [11/45] Processing Query Q11...
2026-06-18 22:21:05     Query Q11 Score: 0.40
2026-06-18 22:21:05   [12/45] Processing Query Q12...
2026-06-18 22:21:09     Query Q12 Score: 1.00
2026-06-18 22:21:09   [13/45] Processing Query Q13...
2026-06-18 22:21:15     Query Q13 Score: 0.50
2026-06-18 22:21:15   [14/45] Processing Query Q14...
2026-06-18 22:21:20     Query Q14 Score: 0.85
2026-06-18 22:21:20   [15/45] Processing Query Q15...
2026-06-18 22:21:26     Query Q15 Score: 1.00
2026-06-18 22:21:26   [16/45] Processing Query Q16...
2026-06-18 22:21:31     Query Q16 Score: 0.50
2026-06-18 22:21:31   [17/45] Processing Query Q17...
2026-06-18 22:21:36     Query Q17 Score: 1.00
2026-06-18 22:21:36   [18/45] Processing Query Q18...
2026-06-18 22:21:41     Query Q18 Score: 1.00
2026-06-18 22:21:41   [19/45] Processing Query Q19...
2026-06-18 22:21:46     Query Q19 Score: 0.95
2026-06-18 22:21:46   [20/45] Processing Query Q20...
2026-06-18 22:21:51     Query Q20 Score: 0.95
2026-06-18 22:21:51   [21/45] Processing Query Q21...
2026-06-18 22:21:55     Query Q21 Score: 1.00
2026-06-18 22:21:55   [22/45] Processing Query Q22...
2026-06-18 22:22:00     Query Q22 Score: 1.00
2026-06-18 22:22:00   [23/45] Processing Query Q23...
2026-06-18 22:22:06     Query Q23 Score: 1.00
2026-06-18 22:22:06   [24/45] Processing Query Q24...
2026-06-18 22:22:10     Query Q24 Score: 1.00
2026-06-18 22:22:10   [25/45] Processing Query Q25...
2026-06-18 22:22:15     Query Q25 Score: 1.00
2026-06-18 22:22:15   [26/45] Processing Query Q26...
2026-06-18 22:22:19     Query Q26 Score: 1.00
2026-06-18 22:22:19   [27/45] Processing Query Q27...
2026-06-18 22:22:24     Query Q27 Score: 1.00
2026-06-18 22:22:24   [28/45] Processing Query Q28...
2026-06-18 22:22:28     Query Q28 Score: 1.00
2026-06-18 22:22:28   [29/45] Processing Query Q29...
2026-06-18 22:22:34     Query Q29 Score: 0.85
2026-06-18 22:22:34   [30/45] Processing Query Q30...
2026-06-18 22:22:39     Query Q30 Score: 1.00
2026-06-18 22:22:39   [31/45] Processing Query Q31...
2026-06-18 22:22:44     Query Q31 Score: 1.00
2026-06-18 22:22:44   [32/45] Processing Query Q32...
2026-06-18 22:22:50     Query Q32 Score: 0.95
2026-06-18 22:22:50   [33/45] Processing Query Q33...
2026-06-18 22:22:56     Query Q33 Score: 1.00
2026-06-18 22:22:56   [34/45] Processing Query Q34...
2026-06-18 22:23:01     Query Q34 Score: 1.00
2026-06-18 22:23:01   [35/45] Processing Query Q35...
2026-06-18 22:23:04     Query Q35 Score: 1.00
2026-06-18 22:23:04   [36/45] Processing Query Q36...
2026-06-18 22:23:16     Query Q36 Score: 0.50
2026-06-18 22:23:16   [37/45] Processing Query Q37...
2026-06-18 22:23:21     Query Q37 Score: 0.85
2026-06-18 22:23:21   [38/45] Processing Query Q38...
2026-06-18 22:23:28     Query Q38 Score: 1.00
2026-06-18 22:23:28   [39/45] Processing Query Q39...
2026-06-18 22:23:33     Query Q39 Score: 1.00
2026-06-18 22:23:33   [40/45] Processing Query Q40...
2026-06-18 22:23:37     Query Q40 Score: 1.00
2026-06-18 22:23:37   [41/45] Processing Query Q41...
2026-06-18 22:23:43     Query Q41 Score: 0.85
2026-06-18 22:23:43   [42/45] Processing Query Q42...
2026-06-18 22:23:48     Query Q42 Score: 1.00
2026-06-18 22:23:48   [43/45] Processing Query Q43...
2026-06-18 22:23:53     Query Q43 Score: 1.00
2026-06-18 22:23:53   [44/45] Processing Query Q48...
2026-06-18 22:23:59     Query Q48 Score: 0.90
2026-06-18 22:23:59   [45/45] Processing Query Q49...
2026-06-18 22:24:07     Query Q49 Score: 0.40
2026-06-18 22:24:07 Saved validation results to /home/virtualuser/model_evaluation/autoresearch/archive/run_20260618_134629/outputs/validation_results_iter86_20260618_222407.csv
2026-06-18 22:24:07 Validation run completed. Overall Mean Score: 0.9067
2026-06-18 22:24:07 Candidate Score: 0.9067 (Delta: -0.0367)
2026-06-18 22:24:07 >>> FAILURE: Score did not improve. Discarding changes.
2026-06-18 22:24:07 Iteration #86 logged successfully to experiments.json.
2026-06-18 22:24:07 
2026-06-18 22:24:07 =========================================
2026-06-18 22:24:07 STARTING ITERATION #87
2026-06-18 22:24:07 =========================================
2026-06-18 22:24:07 Current Champion Score: 0.9433
2026-06-18 22:24:07 Failing queries to fix: 15
2026-06-18 22:24:07 Calling Optimizer Agent to refine instructions...
2026-06-18 22:24:56 Starting validation run on 45 queries...
2026-06-18 22:24:56   [1/45] Processing Query Q01...
2026-06-18 22:25:01     Query Q01 Score: 1.00
2026-06-18 22:25:01   [2/45] Processing Query Q02...
2026-06-18 22:25:07     Query Q02 Score: 1.00
2026-06-18 22:25:07   [3/45] Processing Query Q03...
2026-06-18 22:25:12     Query Q03 Score: 1.00
2026-06-18 22:25:12   [4/45] Processing Query Q04...
2026-06-18 22:25:17     Query Q04 Score: 1.00
2026-06-18 22:25:17   [5/45] Processing Query Q05...
2026-06-18 22:25:23     Query Q05 Score: 0.75
2026-06-18 22:25:23   [6/45] Processing Query Q06...
2026-06-18 22:25:29     Query Q06 Score: 1.00
2026-06-18 22:25:29   [7/45] Processing Query Q07...
2026-06-18 22:25:34     Query Q07 Score: 1.00
2026-06-18 22:25:34   [8/45] Processing Query Q08...
2026-06-18 22:25:38     Query Q08 Score: 1.00
2026-06-18 22:25:38   [9/45] Processing Query Q09...
2026-06-18 22:25:54     Query Q09 Score: 0.50
2026-06-18 22:25:54   [10/45] Processing Query Q10...
2026-06-18 22:25:59     Query Q10 Score: 1.00
2026-06-18 22:25:59   [11/45] Processing Query Q11...
2026-06-18 22:26:07     Query Q11 Score: 1.00
2026-06-18 22:26:07   [12/45] Processing Query Q12...
2026-06-18 22:26:12     Query Q12 Score: 1.00
2026-06-18 22:26:12   [13/45] Processing Query Q13...
2026-06-18 22:26:17     Query Q13 Score: 0.85
2026-06-18 22:26:17   [14/45] Processing Query Q14...
2026-06-18 22:26:21     Query Q14 Score: 0.85
2026-06-18 22:26:21   [15/45] Processing Query Q15...
2026-06-18 22:26:28     Query Q15 Score: 0.95
2026-06-18 22:26:28   [16/45] Processing Query Q16...
2026-06-18 22:26:33     Query Q16 Score: 0.50
2026-06-18 22:26:33   [17/45] Processing Query Q17...
2026-06-18 22:26:38     Query Q17 Score: 1.00
2026-06-18 22:26:38   [18/45] Processing Query Q18...
2026-06-18 22:26:43     Query Q18 Score: 1.00
2026-06-18 22:26:43   [19/45] Processing Query Q19...
2026-06-18 22:26:48     Query Q19 Score: 0.95
2026-06-18 22:26:48   [20/45] Processing Query Q20...
2026-06-18 22:26:53     Query Q20 Score: 0.95
2026-06-18 22:26:53   [21/45] Processing Query Q21...
2026-06-18 22:26:58     Query Q21 Score: 1.00
2026-06-18 22:26:58   [22/45] Processing Query Q22...
2026-06-18 22:27:02     Query Q22 Score: 1.00
2026-06-18 22:27:02   [23/45] Processing Query Q23...
2026-06-18 22:27:08     Query Q23 Score: 1.00
2026-06-18 22:27:08   [24/45] Processing Query Q24...
2026-06-18 22:27:13     Query Q24 Score: 1.00
2026-06-18 22:27:13   [25/45] Processing Query Q25...
2026-06-18 22:27:18     Query Q25 Score: 1.00
2026-06-18 22:27:18   [26/45] Processing Query Q26...
2026-06-18 22:27:22     Query Q26 Score: 1.00
2026-06-18 22:27:22   [27/45] Processing Query Q27...
2026-06-18 22:27:26     Query Q27 Score: 1.00
2026-06-18 22:27:26   [28/45] Processing Query Q28...
2026-06-18 22:27:30     Query Q28 Score: 1.00
2026-06-18 22:27:30   [29/45] Processing Query Q29...
2026-06-18 22:27:36     Query Q29 Score: 1.00
2026-06-18 22:27:36   [30/45] Processing Query Q30...
2026-06-18 22:27:41     Query Q30 Score: 1.00
2026-06-18 22:27:41   [31/45] Processing Query Q31...
2026-06-18 22:27:46     Query Q31 Score: 1.00
2026-06-18 22:27:46   [32/45] Processing Query Q32...
2026-06-18 22:27:52     Query Q32 Score: 0.95
2026-06-18 22:27:52   [33/45] Processing Query Q33...
2026-06-18 22:27:58     Query Q33 Score: 0.60
2026-06-18 22:27:58   [34/45] Processing Query Q34...
2026-06-18 22:28:03     Query Q34 Score: 0.95
2026-06-18 22:28:03   [35/45] Processing Query Q35...
2026-06-18 22:28:07     Query Q35 Score: 1.00
2026-06-18 22:28:07   [36/45] Processing Query Q36...
2026-06-18 22:28:15     Query Q36 Score: 1.00
2026-06-18 22:28:15   [37/45] Processing Query Q37...
2026-06-18 22:28:20     Query Q37 Score: 1.00
2026-06-18 22:28:20   [38/45] Processing Query Q38...
2026-06-18 22:28:28     Query Q38 Score: 1.00
2026-06-18 22:28:28   [39/45] Processing Query Q39...
2026-06-18 22:28:33     Query Q39 Score: 1.00
2026-06-18 22:28:33   [40/45] Processing Query Q40...
2026-06-18 22:28:38     Query Q40 Score: 1.00
2026-06-18 22:28:38   [41/45] Processing Query Q41...
2026-06-18 22:28:44     Query Q41 Score: 0.85
2026-06-18 22:28:44   [42/45] Processing Query Q42...
2026-06-18 22:28:48     Query Q42 Score: 1.00
2026-06-18 22:28:48   [43/45] Processing Query Q43...
2026-06-18 22:28:53     Query Q43 Score: 0.70
2026-06-18 22:28:53   [44/45] Processing Query Q48...
2026-06-18 22:28:59     Query Q48 Score: 0.95
2026-06-18 22:28:59   [45/45] Processing Query Q49...
2026-06-18 22:29:07     Query Q49 Score: 0.40
2026-06-18 22:29:07 Saved validation results to /home/virtualuser/model_evaluation/autoresearch/archive/run_20260618_134629/outputs/validation_results_iter87_20260618_222907.csv
2026-06-18 22:29:07 Validation run completed. Overall Mean Score: 0.9267
2026-06-18 22:29:07 Candidate Score: 0.9267 (Delta: -0.0167)
2026-06-18 22:29:07 >>> FAILURE: Score did not improve. Discarding changes.
2026-06-18 22:29:07 Iteration #87 logged successfully to experiments.json.
2026-06-18 22:29:07 
2026-06-18 22:29:07 =========================================
2026-06-18 22:29:07 STARTING ITERATION #88
2026-06-18 22:29:07 =========================================
2026-06-18 22:29:07 Current Champion Score: 0.9433
2026-06-18 22:29:07 Failing queries to fix: 15
2026-06-18 22:29:07 Calling Optimizer Agent to refine instructions...
2026-06-18 22:29:45 Starting validation run on 45 queries...
2026-06-18 22:29:45   [1/45] Processing Query Q01...
2026-06-18 22:29:51     Query Q01 Score: 1.00
2026-06-18 22:29:51   [2/45] Processing Query Q02...
2026-06-18 22:29:56     Query Q02 Score: 0.85
2026-06-18 22:29:56   [3/45] Processing Query Q03...
2026-06-18 22:30:01     Query Q03 Score: 1.00
2026-06-18 22:30:01   [4/45] Processing Query Q04...
2026-06-18 22:30:07     Query Q04 Score: 1.00
2026-06-18 22:30:07   [5/45] Processing Query Q05...
2026-06-18 22:30:12     Query Q05 Score: 0.50
2026-06-18 22:30:12   [6/45] Processing Query Q06...
2026-06-18 22:30:18     Query Q06 Score: 1.00
2026-06-18 22:30:18   [7/45] Processing Query Q07...
2026-06-18 22:30:23     Query Q07 Score: 1.00
2026-06-18 22:30:23   [8/45] Processing Query Q08...
2026-06-18 22:30:27     Query Q08 Score: 1.00
2026-06-18 22:30:27   [9/45] Processing Query Q09...
2026-06-18 22:30:38     Query Q09 Score: 0.40
2026-06-18 22:30:38   [10/45] Processing Query Q10...
2026-06-18 22:30:43     Query Q10 Score: 1.00
2026-06-18 22:30:43   [11/45] Processing Query Q11...
2026-06-18 22:30:51     Query Q11 Score: 0.40
2026-06-18 22:30:51   [12/45] Processing Query Q12...
2026-06-18 22:30:55     Query Q12 Score: 1.00
2026-06-18 22:30:55   [13/45] Processing Query Q13...
2026-06-18 22:31:01     Query Q13 Score: 0.40
2026-06-18 22:31:01   [14/45] Processing Query Q14...
2026-06-18 22:31:06     Query Q14 Score: 0.85
2026-06-18 22:31:06   [15/45] Processing Query Q15...
2026-06-18 22:31:12     Query Q15 Score: 1.00
2026-06-18 22:31:12   [16/45] Processing Query Q16...
2026-06-18 22:31:17     Query Q16 Score: 0.50
2026-06-18 22:31:17   [17/45] Processing Query Q17...
2026-06-18 22:31:22     Query Q17 Score: 1.00
2026-06-18 22:31:22   [18/45] Processing Query Q18...
2026-06-18 22:31:27     Query Q18 Score: 1.00
2026-06-18 22:31:27   [19/45] Processing Query Q19...
2026-06-18 22:31:31     Query Q19 Score: 0.95
2026-06-18 22:31:31   [20/45] Processing Query Q20...
2026-06-18 22:31:36     Query Q20 Score: 0.95
2026-06-18 22:31:36   [21/45] Processing Query Q21...
2026-06-18 22:31:41     Query Q21 Score: 1.00
2026-06-18 22:31:41   [22/45] Processing Query Q22...
2026-06-18 22:31:45     Query Q22 Score: 1.00
2026-06-18 22:31:45   [23/45] Processing Query Q23...
2026-06-18 22:31:54     Query Q23 Score: 1.00
2026-06-18 22:31:54   [24/45] Processing Query Q24...
2026-06-18 22:31:58     Query Q24 Score: 1.00
2026-06-18 22:31:58   [25/45] Processing Query Q25...
2026-06-18 22:32:03     Query Q25 Score: 1.00
2026-06-18 22:32:03   [26/45] Processing Query Q26...
2026-06-18 22:32:07     Query Q26 Score: 1.00
2026-06-18 22:32:07   [27/45] Processing Query Q27...
2026-06-18 22:32:12     Query Q27 Score: 1.00
2026-06-18 22:32:12   [28/45] Processing Query Q28...
2026-06-18 22:32:16     Query Q28 Score: 1.00
2026-06-18 22:32:16   [29/45] Processing Query Q29...
2026-06-18 22:32:21     Query Q29 Score: 0.50
2026-06-18 22:32:21   [30/45] Processing Query Q30...
2026-06-18 22:32:26     Query Q30 Score: 1.00
2026-06-18 22:32:26   [31/45] Processing Query Q31...
2026-06-18 22:32:31     Query Q31 Score: 1.00
2026-06-18 22:32:31   [32/45] Processing Query Q32...
2026-06-18 22:32:37     Query Q32 Score: 0.95
2026-06-18 22:32:37   [33/45] Processing Query Q33...
2026-06-18 22:32:43     Query Q33 Score: 1.00
2026-06-18 22:32:43   [34/45] Processing Query Q34...
2026-06-18 22:32:48     Query Q34 Score: 1.00
2026-06-18 22:32:48   [35/45] Processing Query Q35...
2026-06-18 22:32:52     Query Q35 Score: 1.00
2026-06-18 22:32:52   [36/45] Processing Query Q36...
2026-06-18 22:33:04     Query Q36 Score: 1.00
2026-06-18 22:33:04   [37/45] Processing Query Q37...
2026-06-18 22:33:10     Query Q37 Score: 0.50
2026-06-18 22:33:10   [38/45] Processing Query Q38...
2026-06-18 22:33:21     Query Q38 Score: 1.00
2026-06-18 22:33:21   [39/45] Processing Query Q39...
2026-06-18 22:33:25     Query Q39 Score: 1.00
2026-06-18 22:33:25   [40/45] Processing Query Q40...
2026-06-18 22:33:30     Query Q40 Score: 1.00
2026-06-18 22:33:30   [41/45] Processing Query Q41...
2026-06-18 22:33:36     Query Q41 Score: 0.85
2026-06-18 22:33:36   [42/45] Processing Query Q42...
2026-06-18 22:33:40     Query Q42 Score: 1.00
2026-06-18 22:33:40   [43/45] Processing Query Q43...
2026-06-18 22:33:47     Query Q43 Score: 1.00
2026-06-18 22:33:47   [44/45] Processing Query Q48...
2026-06-18 22:34:12     Query Q48 Score: 0.85
2026-06-18 22:34:12   [45/45] Processing Query Q49...
2026-06-18 22:34:19     Query Q49 Score: 0.75
2026-06-18 22:34:19 Saved validation results to /home/virtualuser/model_evaluation/autoresearch/archive/run_20260618_134629/outputs/validation_results_iter88_20260618_223419.csv
2026-06-18 22:34:19 Validation run completed. Overall Mean Score: 0.8933
2026-06-18 22:34:19 Candidate Score: 0.8933 (Delta: -0.0500)
2026-06-18 22:34:19 >>> FAILURE: Score did not improve. Discarding changes.
2026-06-18 22:34:19 Iteration #88 logged successfully to experiments.json.
2026-06-18 22:34:19 
2026-06-18 22:34:19 =========================================
2026-06-18 22:34:19 STARTING ITERATION #89
2026-06-18 22:34:19 =========================================
2026-06-18 22:34:19 Current Champion Score: 0.9433
2026-06-18 22:34:19 Failing queries to fix: 15
2026-06-18 22:34:19 Calling Optimizer Agent to refine instructions...
2026-06-18 22:35:18 Starting validation run on 45 queries...
2026-06-18 22:35:18   [1/45] Processing Query Q01...
2026-06-18 22:35:23     Query Q01 Score: 1.00
2026-06-18 22:35:23   [2/45] Processing Query Q02...
2026-06-18 22:35:28     Query Q02 Score: 0.70
2026-06-18 22:35:28   [3/45] Processing Query Q03...
2026-06-18 22:35:34     Query Q03 Score: 1.00
2026-06-18 22:35:34   [4/45] Processing Query Q04...
2026-06-18 22:35:39     Query Q04 Score: 1.00
2026-06-18 22:35:39   [5/45] Processing Query Q05...
2026-06-18 22:35:44     Query Q05 Score: 0.50
2026-06-18 22:35:44   [6/45] Processing Query Q06...
2026-06-18 22:35:49     Query Q06 Score: 1.00
2026-06-18 22:35:49   [7/45] Processing Query Q07...
2026-06-18 22:35:54     Query Q07 Score: 1.00
2026-06-18 22:35:54   [8/45] Processing Query Q08...
2026-06-18 22:35:59     Query Q08 Score: 1.00
2026-06-18 22:35:59   [9/45] Processing Query Q09...
2026-06-18 22:36:05     Query Q09 Score: 1.00
2026-06-18 22:36:05   [10/45] Processing Query Q10...
2026-06-18 22:36:10     Query Q10 Score: 1.00
2026-06-18 22:36:10   [11/45] Processing Query Q11...
2026-06-18 22:36:18     Query Q11 Score: 0.85
2026-06-18 22:36:18   [12/45] Processing Query Q12...
2026-06-18 22:36:22     Query Q12 Score: 1.00
2026-06-18 22:36:22   [13/45] Processing Query Q13...
2026-06-18 22:36:28     Query Q13 Score: 0.50
2026-06-18 22:36:28   [14/45] Processing Query Q14...
2026-06-18 22:36:33     Query Q14 Score: 0.85
2026-06-18 22:36:33   [15/45] Processing Query Q15...
2026-06-18 22:36:39     Query Q15 Score: 1.00
2026-06-18 22:36:39   [16/45] Processing Query Q16...
2026-06-18 22:36:44     Query Q16 Score: 0.50
2026-06-18 22:36:44   [17/45] Processing Query Q17...
2026-06-18 22:36:51     Query Q17 Score: 1.00
2026-06-18 22:36:51   [18/45] Processing Query Q18...
2026-06-18 22:36:56     Query Q18 Score: 1.00
2026-06-18 22:36:56   [19/45] Processing Query Q19...
2026-06-18 22:37:00     Query Q19 Score: 0.95
2026-06-18 22:37:00   [20/45] Processing Query Q20...
2026-06-18 22:37:05     Query Q20 Score: 0.95
2026-06-18 22:37:05   [21/45] Processing Query Q21...
2026-06-18 22:37:10     Query Q21 Score: 1.00
2026-06-18 22:37:10   [22/45] Processing Query Q22...
2026-06-18 22:37:15     Query Q22 Score: 1.00
2026-06-18 22:37:15   [23/45] Processing Query Q23...
2026-06-18 22:37:36     Query Q23 Score: 1.00
2026-06-18 22:37:36   [24/45] Processing Query Q24...
2026-06-18 22:37:40     Query Q24 Score: 1.00
2026-06-18 22:37:40   [25/45] Processing Query Q25...
2026-06-18 22:37:45     Query Q25 Score: 1.00
2026-06-18 22:37:45   [26/45] Processing Query Q26...
2026-06-18 22:37:50     Query Q26 Score: 1.00
2026-06-18 22:37:50   [27/45] Processing Query Q27...
2026-06-18 22:37:55     Query Q27 Score: 1.00
2026-06-18 22:37:55   [28/45] Processing Query Q28...
2026-06-18 22:37:59     Query Q28 Score: 1.00
2026-06-18 22:37:59   [29/45] Processing Query Q29...
2026-06-18 22:38:04     Query Q29 Score: 0.50
2026-06-18 22:38:04   [30/45] Processing Query Q30...
2026-06-18 22:38:09     Query Q30 Score: 1.00
2026-06-18 22:38:09   [31/45] Processing Query Q31...
2026-06-18 22:38:13     Query Q31 Score: 1.00
2026-06-18 22:38:13   [32/45] Processing Query Q32...
2026-06-18 22:38:19     Query Q32 Score: 0.95
2026-06-18 22:38:19   [33/45] Processing Query Q33...
2026-06-18 22:38:31     Query Q33 Score: 0.70
2026-06-18 22:38:31   [34/45] Processing Query Q34...
2026-06-18 22:38:35     Query Q34 Score: 1.00
2026-06-18 22:38:35   [35/45] Processing Query Q35...
2026-06-18 22:38:39     Query Q35 Score: 1.00
2026-06-18 22:38:39   [36/45] Processing Query Q36...
2026-06-18 22:38:48     Query Q36 Score: 1.00
2026-06-18 22:38:48   [37/45] Processing Query Q37...
2026-06-18 22:38:53     Query Q37 Score: 0.85
2026-06-18 22:38:53   [38/45] Processing Query Q38...
2026-06-18 22:39:00     Query Q38 Score: 1.00
2026-06-18 22:39:00   [39/45] Processing Query Q39...
2026-06-18 22:39:05     Query Q39 Score: 1.00
2026-06-18 22:39:05   [40/45] Processing Query Q40...
2026-06-18 22:39:09     Query Q40 Score: 1.00
2026-06-18 22:39:09   [41/45] Processing Query Q41...
2026-06-18 22:39:15     Query Q41 Score: 0.85
2026-06-18 22:39:15   [42/45] Processing Query Q42...
2026-06-18 22:39:20     Query Q42 Score: 1.00
2026-06-18 22:39:20   [43/45] Processing Query Q43...
2026-06-18 22:39:25     Query Q43 Score: 0.90
2026-06-18 22:39:25   [44/45] Processing Query Q48...
2026-06-18 22:39:32     Query Q48 Score: 0.90
2026-06-18 22:39:32   [45/45] Processing Query Q49...
2026-06-18 22:39:38     Query Q49 Score: 0.95
2026-06-18 22:39:38 Saved validation results to /home/virtualuser/model_evaluation/autoresearch/archive/run_20260618_134629/outputs/validation_results_iter89_20260618_223938.csv
2026-06-18 22:39:38 Validation run completed. Overall Mean Score: 0.9200
2026-06-18 22:39:38 Candidate Score: 0.9200 (Delta: -0.0233)
2026-06-18 22:39:38 >>> FAILURE: Score did not improve. Discarding changes.
2026-06-18 22:39:38 Iteration #89 logged successfully to experiments.json.
2026-06-18 22:39:38 
2026-06-18 22:39:38 =========================================
2026-06-18 22:39:38 STARTING ITERATION #90
2026-06-18 22:39:38 =========================================
2026-06-18 22:39:38 Current Champion Score: 0.9433
2026-06-18 22:39:38 Failing queries to fix: 15
2026-06-18 22:39:38 Calling Optimizer Agent to refine instructions...
2026-06-18 22:41:39 Starting validation run on 45 queries...
2026-06-18 22:41:39   [1/45] Processing Query Q01...
2026-06-18 22:41:44     Query Q01 Score: 1.00
2026-06-18 22:41:44   [2/45] Processing Query Q02...
2026-06-18 22:41:50     Query Q02 Score: 0.85
2026-06-18 22:41:50   [3/45] Processing Query Q03...
2026-06-18 22:41:55     Query Q03 Score: 0.85
2026-06-18 22:41:55   [4/45] Processing Query Q04...
2026-06-18 22:42:00     Query Q04 Score: 1.00
2026-06-18 22:42:00   [5/45] Processing Query Q05...
2026-06-18 22:42:06     Query Q05 Score: 0.50
2026-06-18 22:42:06   [6/45] Processing Query Q06...
2026-06-18 22:42:12     Query Q06 Score: 1.00
2026-06-18 22:42:12   [7/45] Processing Query Q07...
2026-06-18 22:42:17     Query Q07 Score: 1.00
2026-06-18 22:42:17   [8/45] Processing Query Q08...
2026-06-18 22:42:21     Query Q08 Score: 1.00
2026-06-18 22:42:21   [9/45] Processing Query Q09...
2026-06-18 22:42:37     Query Q09 Score: 0.40
2026-06-18 22:42:37   [10/45] Processing Query Q10...
2026-06-18 22:42:43     Query Q10 Score: 1.00
2026-06-18 22:42:43   [11/45] Processing Query Q11...
2026-06-18 22:42:50     Query Q11 Score: 0.85
2026-06-18 22:42:50   [12/45] Processing Query Q12...
2026-06-18 22:42:55     Query Q12 Score: 1.00
2026-06-18 22:42:55   [13/45] Processing Query Q13...
2026-06-18 22:43:01     Query Q13 Score: 0.30
2026-06-18 22:43:01   [14/45] Processing Query Q14...
2026-06-18 22:43:06     Query Q14 Score: 0.85
2026-06-18 22:43:06   [15/45] Processing Query Q15...
2026-06-18 22:43:11     Query Q15 Score: 1.00
2026-06-18 22:43:11   [16/45] Processing Query Q16...
2026-06-18 22:43:17     Query Q16 Score: 0.50
2026-06-18 22:43:17   [17/45] Processing Query Q17...
2026-06-18 22:43:22     Query Q17 Score: 1.00
2026-06-18 22:43:22   [18/45] Processing Query Q18...
2026-06-18 22:43:27     Query Q18 Score: 1.00
2026-06-18 22:43:27   [19/45] Processing Query Q19...
2026-06-18 22:43:31     Query Q19 Score: 0.95
2026-06-18 22:43:31   [20/45] Processing Query Q20...
2026-06-18 22:43:36     Query Q20 Score: 0.95
2026-06-18 22:43:36   [21/45] Processing Query Q21...
2026-06-18 22:43:41     Query Q21 Score: 1.00
2026-06-18 22:43:41   [22/45] Processing Query Q22...
2026-06-18 22:43:46     Query Q22 Score: 1.00
2026-06-18 22:43:46   [23/45] Processing Query Q23...
2026-06-18 22:43:52     Query Q23 Score: 0.95
2026-06-18 22:43:52   [24/45] Processing Query Q24...
2026-06-18 22:43:56     Query Q24 Score: 1.00
2026-06-18 22:43:56   [25/45] Processing Query Q25...
2026-06-18 22:44:01     Query Q25 Score: 1.00
2026-06-18 22:44:01   [26/45] Processing Query Q26...
2026-06-18 22:44:05     Query Q26 Score: 1.00
2026-06-18 22:44:05   [27/45] Processing Query Q27...
2026-06-18 22:44:10     Query Q27 Score: 1.00
2026-06-18 22:44:10   [28/45] Processing Query Q28...
2026-06-18 22:44:14     Query Q28 Score: 1.00
2026-06-18 22:44:14   [29/45] Processing Query Q29...
2026-06-18 22:44:20     Query Q29 Score: 1.00
2026-06-18 22:44:20   [30/45] Processing Query Q30...
2026-06-18 22:44:25     Query Q30 Score: 1.00
2026-06-18 22:44:25   [31/45] Processing Query Q31...
2026-06-18 22:44:30     Query Q31 Score: 1.00
2026-06-18 22:44:30   [32/45] Processing Query Q32...
2026-06-18 22:44:35     Query Q32 Score: 0.95
2026-06-18 22:44:35   [33/45] Processing Query Q33...
2026-06-18 22:44:41     Query Q33 Score: 1.00
2026-06-18 22:44:41   [34/45] Processing Query Q34...
2026-06-18 22:44:46     Query Q34 Score: 1.00
2026-06-18 22:44:46   [35/45] Processing Query Q35...
2026-06-18 22:44:50     Query Q35 Score: 1.00
2026-06-18 22:44:50   [36/45] Processing Query Q36...
2026-06-18 22:44:55     Query Q36 Score: 0.95
2026-06-18 22:44:55   [37/45] Processing Query Q37...
2026-06-18 22:45:02     Query Q37 Score: 0.60
2026-06-18 22:45:02   [38/45] Processing Query Q38...
2026-06-18 22:45:08     Query Q38 Score: 1.00
2026-06-18 22:45:08   [39/45] Processing Query Q39...
2026-06-18 22:45:13     Query Q39 Score: 1.00
2026-06-18 22:45:13   [40/45] Processing Query Q40...
2026-06-18 22:45:17     Query Q40 Score: 1.00
2026-06-18 22:45:17   [41/45] Processing Query Q41...
2026-06-18 22:45:23     Query Q41 Score: 0.85
2026-06-18 22:45:23   [42/45] Processing Query Q42...
2026-06-18 22:45:28     Query Q42 Score: 1.00
2026-06-18 22:45:28   [43/45] Processing Query Q43...
2026-06-18 22:45:33     Query Q43 Score: 0.50
2026-06-18 22:45:33   [44/45] Processing Query Q48...
2026-06-18 22:45:38     Query Q48 Score: 1.00
2026-06-18 22:45:38   [45/45] Processing Query Q49...
2026-06-18 22:45:46     Query Q49 Score: 0.60
2026-06-18 22:45:46 Saved validation results to /home/virtualuser/model_evaluation/autoresearch/archive/run_20260618_134629/outputs/validation_results_iter90_20260618_224546.csv
2026-06-18 22:45:46 Validation run completed. Overall Mean Score: 0.8978
2026-06-18 22:45:46 Candidate Score: 0.8978 (Delta: -0.0456)
2026-06-18 22:45:46 >>> FAILURE: Score did not improve. Discarding changes.
2026-06-18 22:45:46 Iteration #90 logged successfully to experiments.json.
2026-06-18 22:45:46 
2026-06-18 22:45:46 =========================================
2026-06-18 22:45:46 STARTING ITERATION #91
2026-06-18 22:45:46 =========================================
2026-06-18 22:45:46 Current Champion Score: 0.9433
2026-06-18 22:45:46 Failing queries to fix: 15
2026-06-18 22:45:46 Calling Optimizer Agent to refine instructions...
2026-06-18 22:46:32 Starting validation run on 45 queries...
2026-06-18 22:46:32   [1/45] Processing Query Q01...
2026-06-18 22:46:37     Query Q01 Score: 1.00
2026-06-18 22:46:37   [2/45] Processing Query Q02...
2026-06-18 22:46:43     Query Q02 Score: 1.00
2026-06-18 22:46:43   [3/45] Processing Query Q03...
2026-06-18 22:46:48     Query Q03 Score: 1.00
2026-06-18 22:46:48   [4/45] Processing Query Q04...
2026-06-18 22:46:53     Query Q04 Score: 1.00
2026-06-18 22:46:53   [5/45] Processing Query Q05...
2026-06-18 22:46:59     Query Q05 Score: 0.50
2026-06-18 22:46:59   [6/45] Processing Query Q06...
2026-06-18 22:47:05     Query Q06 Score: 1.00
2026-06-18 22:47:05   [7/45] Processing Query Q07...
2026-06-18 22:47:10     Query Q07 Score: 1.00
2026-06-18 22:47:10   [8/45] Processing Query Q08...
2026-06-18 22:47:14     Query Q08 Score: 1.00
2026-06-18 22:47:14   [9/45] Processing Query Q09...
2026-06-18 22:47:20     Query Q09 Score: 1.00
2026-06-18 22:47:20   [10/45] Processing Query Q10...
2026-06-18 22:47:25     Query Q10 Score: 1.00
2026-06-18 22:47:25   [11/45] Processing Query Q11...
2026-06-18 22:47:32     Query Q11 Score: 0.40
2026-06-18 22:47:32   [12/45] Processing Query Q12...
2026-06-18 22:47:37     Query Q12 Score: 1.00
2026-06-18 22:47:37   [13/45] Processing Query Q13...
2026-06-18 22:47:42     Query Q13 Score: 0.50
2026-06-18 22:47:42   [14/45] Processing Query Q14...
2026-06-18 22:47:47     Query Q14 Score: 0.85
2026-06-18 22:47:47   [15/45] Processing Query Q15...
2026-06-18 22:47:53     Query Q15 Score: 1.00
2026-06-18 22:47:53   [16/45] Processing Query Q16...
2026-06-18 22:47:58     Query Q16 Score: 0.50
2026-06-18 22:47:58   [17/45] Processing Query Q17...
2026-06-18 22:48:03     Query Q17 Score: 1.00
2026-06-18 22:48:03   [18/45] Processing Query Q18...
2026-06-18 22:48:08     Query Q18 Score: 1.00
2026-06-18 22:48:08   [19/45] Processing Query Q19...
2026-06-18 22:48:13     Query Q19 Score: 0.90
2026-06-18 22:48:13   [20/45] Processing Query Q20...
2026-06-18 22:48:18     Query Q20 Score: 0.95
2026-06-18 22:48:18   [21/45] Processing Query Q21...
2026-06-18 22:48:23     Query Q21 Score: 1.00
2026-06-18 22:48:23   [22/45] Processing Query Q22...
2026-06-18 22:48:27     Query Q22 Score: 1.00
2026-06-18 22:48:27   [23/45] Processing Query Q23...
2026-06-18 22:48:33     Query Q23 Score: 1.00
2026-06-18 22:48:33   [24/45] Processing Query Q24...
2026-06-18 22:48:37     Query Q24 Score: 1.00
2026-06-18 22:48:37   [25/45] Processing Query Q25...
2026-06-18 22:48:42     Query Q25 Score: 1.00
2026-06-18 22:48:42   [26/45] Processing Query Q26...
2026-06-18 22:48:46     Query Q26 Score: 1.00
2026-06-18 22:48:46   [27/45] Processing Query Q27...
2026-06-18 22:48:51     Query Q27 Score: 1.00
2026-06-18 22:48:51   [28/45] Processing Query Q28...
2026-06-18 22:48:55     Query Q28 Score: 1.00
2026-06-18 22:48:55   [29/45] Processing Query Q29...
2026-06-18 22:49:00     Query Q29 Score: 0.50
2026-06-18 22:49:00   [30/45] Processing Query Q30...
2026-06-18 22:49:05     Query Q30 Score: 1.00
2026-06-18 22:49:05   [31/45] Processing Query Q31...
2026-06-18 22:49:10     Query Q31 Score: 1.00
2026-06-18 22:49:10   [32/45] Processing Query Q32...
2026-06-18 22:49:16     Query Q32 Score: 0.95
2026-06-18 22:49:16   [33/45] Processing Query Q33...
2026-06-18 22:49:32     Query Q33 Score: 1.00
2026-06-18 22:49:32   [34/45] Processing Query Q34...
2026-06-18 22:49:37     Query Q34 Score: 1.00
2026-06-18 22:49:37   [35/45] Processing Query Q35...
2026-06-18 22:49:41     Query Q35 Score: 1.00
2026-06-18 22:49:41   [36/45] Processing Query Q36...
2026-06-18 22:49:49     Query Q36 Score: 1.00
2026-06-18 22:49:49   [37/45] Processing Query Q37...
2026-06-18 22:49:54     Query Q37 Score: 1.00
2026-06-18 22:49:54   [38/45] Processing Query Q38...
2026-06-18 22:49:59     Query Q38 Score: 0.75
2026-06-18 22:49:59   [39/45] Processing Query Q39...
2026-06-18 22:50:04     Query Q39 Score: 1.00
2026-06-18 22:50:04   [40/45] Processing Query Q40...
2026-06-18 22:50:09     Query Q40 Score: 1.00
2026-06-18 22:50:09   [41/45] Processing Query Q41...
2026-06-18 22:50:15     Query Q41 Score: 0.90
2026-06-18 22:50:15   [42/45] Processing Query Q42...
2026-06-18 22:50:20     Query Q42 Score: 1.00
2026-06-18 22:50:20   [43/45] Processing Query Q43...
2026-06-18 22:50:25     Query Q43 Score: 0.70
2026-06-18 22:50:25   [44/45] Processing Query Q48...
2026-06-18 22:50:32     Query Q48 Score: 0.90
2026-06-18 22:50:32   [45/45] Processing Query Q49...
2026-06-18 22:50:46     Query Q49 Score: 0.60
2026-06-18 22:50:46 Saved validation results to /home/virtualuser/model_evaluation/autoresearch/archive/run_20260618_134629/outputs/validation_results_iter91_20260618_225046.csv
2026-06-18 22:50:46 Validation run completed. Overall Mean Score: 0.9089
2026-06-18 22:50:46 Candidate Score: 0.9089 (Delta: -0.0344)
2026-06-18 22:50:46 >>> FAILURE: Score did not improve. Discarding changes.
2026-06-18 22:50:46 Iteration #91 logged successfully to experiments.json.
2026-06-18 22:50:46 
2026-06-18 22:50:46 =========================================
2026-06-18 22:50:46 STARTING ITERATION #92
2026-06-18 22:50:46 =========================================
2026-06-18 22:50:46 Current Champion Score: 0.9433
2026-06-18 22:50:46 Failing queries to fix: 15
2026-06-18 22:50:46 Calling Optimizer Agent to refine instructions...
2026-06-18 22:51:48 Starting validation run on 45 queries...
2026-06-18 22:51:48   [1/45] Processing Query Q01...
2026-06-18 22:51:53     Query Q01 Score: 1.00
2026-06-18 22:51:53   [2/45] Processing Query Q02...
2026-06-18 22:51:59     Query Q02 Score: 1.00
2026-06-18 22:51:59   [3/45] Processing Query Q03...
2026-06-18 22:52:04     Query Q03 Score: 0.85
2026-06-18 22:52:04   [4/45] Processing Query Q04...
2026-06-18 22:52:09     Query Q04 Score: 1.00
2026-06-18 22:52:09   [5/45] Processing Query Q05...
2026-06-18 22:52:15     Query Q05 Score: 0.50
2026-06-18 22:52:15   [6/45] Processing Query Q06...
2026-06-18 22:52:21     Query Q06 Score: 1.00
2026-06-18 22:52:21   [7/45] Processing Query Q07...
2026-06-18 22:52:26     Query Q07 Score: 1.00
2026-06-18 22:52:26   [8/45] Processing Query Q08...
2026-06-18 22:52:31     Query Q08 Score: 1.00
2026-06-18 22:52:31   [9/45] Processing Query Q09...
2026-06-18 22:52:36     Query Q09 Score: 1.00
2026-06-18 22:52:36   [10/45] Processing Query Q10...
2026-06-18 22:52:41     Query Q10 Score: 1.00
2026-06-18 22:52:41   [11/45] Processing Query Q11...
2026-06-18 22:52:50     Query Q11 Score: 1.00
2026-06-18 22:52:50   [12/45] Processing Query Q12...
2026-06-18 22:52:54     Query Q12 Score: 1.00
2026-06-18 22:52:54   [13/45] Processing Query Q13...
2026-06-18 22:53:00     Query Q13 Score: 0.85
2026-06-18 22:53:00   [14/45] Processing Query Q14...
2026-06-18 22:53:04     Query Q14 Score: 0.85
2026-06-18 22:53:04   [15/45] Processing Query Q15...
2026-06-18 22:53:10     Query Q15 Score: 1.00
2026-06-18 22:53:10   [16/45] Processing Query Q16...
2026-06-18 22:53:15     Query Q16 Score: 0.50
2026-06-18 22:53:15   [17/45] Processing Query Q17...
2026-06-18 22:53:20     Query Q17 Score: 0.50
2026-06-18 22:53:20   [18/45] Processing Query Q18...
2026-06-18 22:53:27     Query Q18 Score: 1.00
2026-06-18 22:53:27   [19/45] Processing Query Q19...
2026-06-18 22:53:32     Query Q19 Score: 0.95
2026-06-18 22:53:32   [20/45] Processing Query Q20...
2026-06-18 22:53:37     Query Q20 Score: 0.95
2026-06-18 22:53:37   [21/45] Processing Query Q21...
2026-06-18 22:53:41     Query Q21 Score: 1.00
2026-06-18 22:53:41   [22/45] Processing Query Q22...
2026-06-18 22:53:46     Query Q22 Score: 1.00
2026-06-18 22:53:46   [23/45] Processing Query Q23...
2026-06-18 22:53:52     Query Q23 Score: 1.00
2026-06-18 22:53:52   [24/45] Processing Query Q24...
2026-06-18 22:53:56     Query Q24 Score: 1.00
2026-06-18 22:53:56   [25/45] Processing Query Q25...
2026-06-18 22:54:01     Query Q25 Score: 1.00
2026-06-18 22:54:01   [26/45] Processing Query Q26...
2026-06-18 22:54:05     Query Q26 Score: 1.00
2026-06-18 22:54:05   [27/45] Processing Query Q27...
2026-06-18 22:54:10     Query Q27 Score: 1.00
2026-06-18 22:54:10   [28/45] Processing Query Q28...
2026-06-18 22:54:14     Query Q28 Score: 1.00
2026-06-18 22:54:14   [29/45] Processing Query Q29...
2026-06-18 22:54:20     Query Q29 Score: 0.85
2026-06-18 22:54:20   [30/45] Processing Query Q30...
2026-06-18 22:54:25     Query Q30 Score: 1.00
2026-06-18 22:54:25   [31/45] Processing Query Q31...
2026-06-18 22:54:30     Query Q31 Score: 1.00
2026-06-18 22:54:30   [32/45] Processing Query Q32...
2026-06-18 22:54:38     Query Q32 Score: 0.95
2026-06-18 22:54:38   [33/45] Processing Query Q33...
2026-06-18 22:54:44     Query Q33 Score: 0.60
2026-06-18 22:54:44   [34/45] Processing Query Q34...
2026-06-18 22:54:49     Query Q34 Score: 1.00
2026-06-18 22:54:49   [35/45] Processing Query Q35...
2026-06-18 22:54:53     Query Q35 Score: 1.00
2026-06-18 22:54:53   [36/45] Processing Query Q36...
2026-06-18 22:55:02     Query Q36 Score: 1.00
2026-06-18 22:55:02   [37/45] Processing Query Q37...
2026-06-18 22:55:07     Query Q37 Score: 0.75
2026-06-18 22:55:07   [38/45] Processing Query Q38...
2026-06-18 22:55:14     Query Q38 Score: 1.00
2026-06-18 22:55:14   [39/45] Processing Query Q39...
2026-06-18 22:55:19     Query Q39 Score: 1.00
2026-06-18 22:55:19   [40/45] Processing Query Q40...
2026-06-18 22:55:23     Query Q40 Score: 1.00
2026-06-18 22:55:23   [41/45] Processing Query Q41...
2026-06-18 22:55:29     Query Q41 Score: 0.85
2026-06-18 22:55:29   [42/45] Processing Query Q42...
2026-06-18 22:55:34     Query Q42 Score: 1.00
2026-06-18 22:55:34   [43/45] Processing Query Q43...
2026-06-18 22:55:39     Query Q43 Score: 0.50
2026-06-18 22:55:39   [44/45] Processing Query Q48...
2026-06-18 22:55:46     Query Q48 Score: 0.50
2026-06-18 22:55:46   [45/45] Processing Query Q49...
2026-06-18 22:55:53     Query Q49 Score: 0.50
2026-06-18 22:55:53 Saved validation results to /home/virtualuser/model_evaluation/autoresearch/archive/run_20260618_134629/outputs/validation_results_iter92_20260618_225553.csv
2026-06-18 22:55:53 Validation run completed. Overall Mean Score: 0.8989
2026-06-18 22:55:53 Candidate Score: 0.8989 (Delta: -0.0444)
2026-06-18 22:55:53 >>> FAILURE: Score did not improve. Discarding changes.
2026-06-18 22:55:53 Iteration #92 logged successfully to experiments.json.
2026-06-18 22:55:53 
2026-06-18 22:55:53 =========================================
2026-06-18 22:55:53 STARTING ITERATION #93
2026-06-18 22:55:53 =========================================
2026-06-18 22:55:53 Current Champion Score: 0.9433
2026-06-18 22:55:53 Failing queries to fix: 15
2026-06-18 22:55:53 Calling Optimizer Agent to refine instructions...
2026-06-18 22:56:36 Starting validation run on 45 queries...
2026-06-18 22:56:36   [1/45] Processing Query Q01...
2026-06-18 22:56:41     Query Q01 Score: 1.00
2026-06-18 22:56:41   [2/45] Processing Query Q02...
2026-06-18 22:56:47     Query Q02 Score: 0.95
2026-06-18 22:56:47   [3/45] Processing Query Q03...
2026-06-18 22:56:52     Query Q03 Score: 1.00
2026-06-18 22:56:52   [4/45] Processing Query Q04...
2026-06-18 22:56:57     Query Q04 Score: 1.00
2026-06-18 22:56:57   [5/45] Processing Query Q05...
2026-06-18 22:57:04     Query Q05 Score: 0.75
2026-06-18 22:57:04   [6/45] Processing Query Q06...
2026-06-18 22:57:09     Query Q06 Score: 1.00
2026-06-18 22:57:09   [7/45] Processing Query Q07...
2026-06-18 22:57:15     Query Q07 Score: 1.00
2026-06-18 22:57:15   [8/45] Processing Query Q08...
2026-06-18 22:57:19     Query Q08 Score: 1.00
2026-06-18 22:57:19   [9/45] Processing Query Q09...
2026-06-18 22:57:29     Query Q09 Score: 0.75
2026-06-18 22:57:29   [10/45] Processing Query Q10...
2026-06-18 22:57:34     Query Q10 Score: 1.00
2026-06-18 22:57:34   [11/45] Processing Query Q11...
2026-06-18 22:57:42     Query Q11 Score: 0.50
2026-06-18 22:57:42   [12/45] Processing Query Q12...
2026-06-18 22:57:46     Query Q12 Score: 1.00
2026-06-18 22:57:46   [13/45] Processing Query Q13...
2026-06-18 22:57:52     Query Q13 Score: 0.50
2026-06-18 22:57:52   [14/45] Processing Query Q14...
2026-06-18 22:57:57     Query Q14 Score: 0.85
2026-06-18 22:57:57   [15/45] Processing Query Q15...
2026-06-18 22:58:03     Query Q15 Score: 1.00
2026-06-18 22:58:03   [16/45] Processing Query Q16...
2026-06-18 22:58:09     Query Q16 Score: 0.50
2026-06-18 22:58:09   [17/45] Processing Query Q17...
2026-06-18 22:58:14     Query Q17 Score: 1.00
2026-06-18 22:58:14   [18/45] Processing Query Q18...
2026-06-18 22:58:19     Query Q18 Score: 0.95
2026-06-18 22:58:19   [19/45] Processing Query Q19...
2026-06-18 22:58:24     Query Q19 Score: 0.50
2026-06-18 22:58:24   [20/45] Processing Query Q20...
2026-06-18 22:58:29     Query Q20 Score: 0.95
2026-06-18 22:58:29   [21/45] Processing Query Q21...
2026-06-18 22:58:34     Query Q21 Score: 1.00
2026-06-18 22:58:34   [22/45] Processing Query Q22...
2026-06-18 22:58:39     Query Q22 Score: 1.00
2026-06-18 22:58:39   [23/45] Processing Query Q23...
2026-06-18 22:58:44     Query Q23 Score: 0.50
2026-06-18 22:58:44   [24/45] Processing Query Q24...
2026-06-18 22:58:49     Query Q24 Score: 1.00
2026-06-18 22:58:49   [25/45] Processing Query Q25...
2026-06-18 22:58:54     Query Q25 Score: 1.00
2026-06-18 22:58:54   [26/45] Processing Query Q26...
2026-06-18 22:58:58     Query Q26 Score: 1.00
2026-06-18 22:58:58   [27/45] Processing Query Q27...
2026-06-18 22:59:03     Query Q27 Score: 1.00
2026-06-18 22:59:03   [28/45] Processing Query Q28...
2026-06-18 22:59:07     Query Q28 Score: 1.00
2026-06-18 22:59:07   [29/45] Processing Query Q29...
2026-06-18 22:59:12     Query Q29 Score: 0.50
2026-06-18 22:59:12   [30/45] Processing Query Q30...
2026-06-18 22:59:18     Query Q30 Score: 1.00
2026-06-18 22:59:18   [31/45] Processing Query Q31...
2026-06-18 22:59:23     Query Q31 Score: 1.00
2026-06-18 22:59:23   [32/45] Processing Query Q32...
2026-06-18 22:59:28     Query Q32 Score: 0.95
2026-06-18 22:59:28   [33/45] Processing Query Q33...
2026-06-18 22:59:39     Query Q33 Score: 0.75
2026-06-18 22:59:39   [34/45] Processing Query Q34...
2026-06-18 22:59:44     Query Q34 Score: 1.00
2026-06-18 22:59:44   [35/45] Processing Query Q35...
2026-06-18 22:59:48     Query Q35 Score: 1.00
2026-06-18 22:59:48   [36/45] Processing Query Q36...
2026-06-18 22:59:56     Query Q36 Score: 1.00
2026-06-18 22:59:56   [37/45] Processing Query Q37...
2026-06-18 23:00:02     Query Q37 Score: 0.95
2026-06-18 23:00:02   [38/45] Processing Query Q38...
2026-06-18 23:00:07     Query Q38 Score: 0.75
2026-06-18 23:00:07   [39/45] Processing Query Q39...
2026-06-18 23:00:12     Query Q39 Score: 1.00
2026-06-18 23:00:12   [40/45] Processing Query Q40...
2026-06-18 23:00:17     Query Q40 Score: 1.00
2026-06-18 23:00:17   [41/45] Processing Query Q41...
2026-06-18 23:00:22     Query Q41 Score: 0.85
2026-06-18 23:00:22   [42/45] Processing Query Q42...
2026-06-18 23:00:27     Query Q42 Score: 1.00
2026-06-18 23:00:27   [43/45] Processing Query Q43...
2026-06-18 23:00:34     Query Q43 Score: 1.00
2026-06-18 23:00:34   [44/45] Processing Query Q48...
2026-06-18 23:00:40     Query Q48 Score: 0.75
2026-06-18 23:00:40   [45/45] Processing Query Q49...
2026-06-18 23:00:47     Query Q49 Score: 0.40
2026-06-18 23:00:47 Saved validation results to /home/virtualuser/model_evaluation/autoresearch/archive/run_20260618_134629/outputs/validation_results_iter93_20260618_230047.csv
2026-06-18 23:00:47 Validation run completed. Overall Mean Score: 0.8800
2026-06-18 23:00:47 Candidate Score: 0.8800 (Delta: -0.0633)
2026-06-18 23:00:47 >>> FAILURE: Score did not improve. Discarding changes.
2026-06-18 23:00:47 Iteration #93 logged successfully to experiments.json.
2026-06-18 23:00:47 
2026-06-18 23:00:47 =========================================
2026-06-18 23:00:47 STARTING ITERATION #94
2026-06-18 23:00:47 =========================================
2026-06-18 23:00:47 Current Champion Score: 0.9433
2026-06-18 23:00:47 Failing queries to fix: 15
2026-06-18 23:00:47 Calling Optimizer Agent to refine instructions...
2026-06-18 23:02:41 Starting validation run on 45 queries...
2026-06-18 23:02:41   [1/45] Processing Query Q01...
2026-06-18 23:02:46     Query Q01 Score: 1.00
2026-06-18 23:02:46   [2/45] Processing Query Q02...
2026-06-18 23:02:52     Query Q02 Score: 0.85
2026-06-18 23:02:52   [3/45] Processing Query Q03...
2026-06-18 23:02:57     Query Q03 Score: 1.00
2026-06-18 23:02:57   [4/45] Processing Query Q04...
2026-06-18 23:03:03     Query Q04 Score: 0.95
2026-06-18 23:03:03   [5/45] Processing Query Q05...
2026-06-18 23:03:09     Query Q05 Score: 0.40
2026-06-18 23:03:09   [6/45] Processing Query Q06...
2026-06-18 23:03:15     Query Q06 Score: 1.00
2026-06-18 23:03:15   [7/45] Processing Query Q07...
2026-06-18 23:03:20     Query Q07 Score: 1.00
2026-06-18 23:03:20   [8/45] Processing Query Q08...
2026-06-18 23:03:25     Query Q08 Score: 1.00
2026-06-18 23:03:25   [9/45] Processing Query Q09...
2026-06-18 23:03:34     Query Q09 Score: 0.60
2026-06-18 23:03:34   [10/45] Processing Query Q10...
2026-06-18 23:03:39     Query Q10 Score: 1.00
2026-06-18 23:03:39   [11/45] Processing Query Q11...
2026-06-18 23:03:47     Query Q11 Score: 0.85
2026-06-18 23:03:47   [12/45] Processing Query Q12...
2026-06-18 23:03:52     Query Q12 Score: 1.00
2026-06-18 23:03:52   [13/45] Processing Query Q13...
2026-06-18 23:03:58     Query Q13 Score: 0.50
2026-06-18 23:03:58   [14/45] Processing Query Q14...
2026-06-18 23:04:02     Query Q14 Score: 0.85
2026-06-18 23:04:02   [15/45] Processing Query Q15...
2026-06-18 23:04:08     Query Q15 Score: 1.00
2026-06-18 23:04:08   [16/45] Processing Query Q16...
2026-06-18 23:04:14     Query Q16 Score: 0.50
2026-06-18 23:04:14   [17/45] Processing Query Q17...
2026-06-18 23:04:19     Query Q17 Score: 0.50
2026-06-18 23:04:19   [18/45] Processing Query Q18...
2026-06-18 23:04:23     Query Q18 Score: 1.00
2026-06-18 23:04:23   [19/45] Processing Query Q19...
2026-06-18 23:04:29     Query Q19 Score: 0.60
2026-06-18 23:04:29   [20/45] Processing Query Q20...
2026-06-18 23:04:34     Query Q20 Score: 0.95
2026-06-18 23:04:34   [21/45] Processing Query Q21...
2026-06-18 23:04:38     Query Q21 Score: 1.00
2026-06-18 23:04:38   [22/45] Processing Query Q22...
2026-06-18 23:04:43     Query Q22 Score: 1.00
2026-06-18 23:04:43   [23/45] Processing Query Q23...
2026-06-18 23:04:49     Query Q23 Score: 0.75
2026-06-18 23:04:49   [24/45] Processing Query Q24...
2026-06-18 23:04:53     Query Q24 Score: 1.00
2026-06-18 23:04:53   [25/45] Processing Query Q25...
2026-06-18 23:04:58     Query Q25 Score: 1.00
2026-06-18 23:04:58   [26/45] Processing Query Q26...
2026-06-18 23:05:02     Query Q26 Score: 1.00
2026-06-18 23:05:02   [27/45] Processing Query Q27...
2026-06-18 23:05:07     Query Q27 Score: 1.00
2026-06-18 23:05:07   [28/45] Processing Query Q28...
2026-06-18 23:05:11     Query Q28 Score: 1.00
2026-06-18 23:05:11   [29/45] Processing Query Q29...
2026-06-18 23:05:17     Query Q29 Score: 0.85
2026-06-18 23:05:17   [30/45] Processing Query Q30...
2026-06-18 23:05:22     Query Q30 Score: 1.00
2026-06-18 23:05:22   [31/45] Processing Query Q31...
2026-06-18 23:05:27     Query Q31 Score: 1.00
2026-06-18 23:05:27   [32/45] Processing Query Q32...
2026-06-18 23:05:33     Query Q32 Score: 0.95
2026-06-18 23:05:33   [33/45] Processing Query Q33...
2026-06-18 23:05:48     Query Q33 Score: 0.40
2026-06-18 23:05:48   [34/45] Processing Query Q34...
2026-06-18 23:05:53     Query Q34 Score: 1.00
2026-06-18 23:05:53   [35/45] Processing Query Q35...
2026-06-18 23:05:57     Query Q35 Score: 1.00
2026-06-18 23:05:57   [36/45] Processing Query Q36...
2026-06-18 23:06:16     Query Q36 Score: 0.50
2026-06-18 23:06:16   [37/45] Processing Query Q37...
2026-06-18 23:06:23     Query Q37 Score: 0.60
2026-06-18 23:06:23   [38/45] Processing Query Q38...
2026-06-18 23:06:31     Query Q38 Score: 1.00
2026-06-18 23:06:31   [39/45] Processing Query Q39...
2026-06-18 23:06:36     Query Q39 Score: 1.00
2026-06-18 23:06:36   [40/45] Processing Query Q40...
2026-06-18 23:06:40     Query Q40 Score: 1.00
2026-06-18 23:06:40   [41/45] Processing Query Q41...
2026-06-18 23:06:46     Query Q41 Score: 0.90
2026-06-18 23:06:46   [42/45] Processing Query Q42...
2026-06-18 23:06:51     Query Q42 Score: 1.00
2026-06-18 23:06:51   [43/45] Processing Query Q43...
2026-06-18 23:06:55     Query Q43 Score: 1.00
2026-06-18 23:06:55   [44/45] Processing Query Q48...
2026-06-18 23:07:02     Query Q48 Score: 0.90
2026-06-18 23:07:02   [45/45] Processing Query Q49...
2026-06-18 23:07:09     Query Q49 Score: 0.75
2026-06-18 23:07:09 Saved validation results to /home/virtualuser/model_evaluation/autoresearch/archive/run_20260618_134629/outputs/validation_results_iter94_20260618_230709.csv
2026-06-18 23:07:09 Validation run completed. Overall Mean Score: 0.8700
2026-06-18 23:07:09 Candidate Score: 0.8700 (Delta: -0.0733)
2026-06-18 23:07:09 >>> FAILURE: Score did not improve. Discarding changes.
2026-06-18 23:07:09 Iteration #94 logged successfully to experiments.json.
2026-06-18 23:07:09 
2026-06-18 23:07:09 =========================================
2026-06-18 23:07:09 STARTING ITERATION #95
2026-06-18 23:07:09 =========================================
2026-06-18 23:07:09 Current Champion Score: 0.9433
2026-06-18 23:07:09 Failing queries to fix: 15
2026-06-18 23:07:09 Calling Optimizer Agent to refine instructions...
2026-06-18 23:07:50 Starting validation run on 45 queries...
2026-06-18 23:07:50   [1/45] Processing Query Q01...
2026-06-18 23:07:56     Query Q01 Score: 1.00
2026-06-18 23:07:56   [2/45] Processing Query Q02...
2026-06-18 23:08:01     Query Q02 Score: 0.85
2026-06-18 23:08:01   [3/45] Processing Query Q03...
2026-06-18 23:08:07     Query Q03 Score: 1.00
2026-06-18 23:08:07   [4/45] Processing Query Q04...
2026-06-18 23:08:12     Query Q04 Score: 1.00
2026-06-18 23:08:12   [5/45] Processing Query Q05...
2026-06-18 23:08:18     Query Q05 Score: 0.75
2026-06-18 23:08:18   [6/45] Processing Query Q06...
2026-06-18 23:08:24     Query Q06 Score: 1.00
2026-06-18 23:08:24   [7/45] Processing Query Q07...
2026-06-18 23:08:29     Query Q07 Score: 1.00
2026-06-18 23:08:29   [8/45] Processing Query Q08...
2026-06-18 23:08:34     Query Q08 Score: 1.00
2026-06-18 23:08:34   [9/45] Processing Query Q09...
2026-06-18 23:08:46     Query Q09 Score: 0.50
2026-06-18 23:08:46   [10/45] Processing Query Q10...
2026-06-18 23:08:51     Query Q10 Score: 1.00
2026-06-18 23:08:51   [11/45] Processing Query Q11...
2026-06-18 23:08:59     Query Q11 Score: 0.40
2026-06-18 23:08:59   [12/45] Processing Query Q12...
2026-06-18 23:09:04     Query Q12 Score: 1.00
2026-06-18 23:09:04   [13/45] Processing Query Q13...
2026-06-18 23:09:24     Query Q13 Score: 0.30
2026-06-18 23:09:24   [14/45] Processing Query Q14...
2026-06-18 23:09:29     Query Q14 Score: 0.85
2026-06-18 23:09:29   [15/45] Processing Query Q15...
2026-06-18 23:09:35     Query Q15 Score: 1.00
2026-06-18 23:09:35   [16/45] Processing Query Q16...
2026-06-18 23:09:46     Query Q16 Score: 0.75
2026-06-18 23:09:46   [17/45] Processing Query Q17...
2026-06-18 23:09:51     Query Q17 Score: 1.00
2026-06-18 23:09:51   [18/45] Processing Query Q18...
2026-06-18 23:09:56     Query Q18 Score: 1.00
2026-06-18 23:09:56   [19/45] Processing Query Q19...
2026-06-18 23:10:01     Query Q19 Score: 0.95
2026-06-18 23:10:01   [20/45] Processing Query Q20...
2026-06-18 23:10:05     Query Q20 Score: 0.95
2026-06-18 23:10:05   [21/45] Processing Query Q21...
2026-06-18 23:10:10     Query Q21 Score: 1.00
2026-06-18 23:10:10   [22/45] Processing Query Q22...
2026-06-18 23:10:15     Query Q22 Score: 1.00
2026-06-18 23:10:15   [23/45] Processing Query Q23...
2026-06-18 23:10:21     Query Q23 Score: 1.00
2026-06-18 23:10:21   [24/45] Processing Query Q24...
2026-06-18 23:10:26     Query Q24 Score: 1.00
2026-06-18 23:10:26   [25/45] Processing Query Q25...
2026-06-18 23:10:31     Query Q25 Score: 1.00
2026-06-18 23:10:31   [26/45] Processing Query Q26...
2026-06-18 23:10:35     Query Q26 Score: 1.00
2026-06-18 23:10:35   [27/45] Processing Query Q27...
2026-06-18 23:10:40     Query Q27 Score: 1.00
2026-06-18 23:10:40   [28/45] Processing Query Q28...
2026-06-18 23:10:45     Query Q28 Score: 1.00
2026-06-18 23:10:45   [29/45] Processing Query Q29...
2026-06-18 23:10:49     Query Q29 Score: 0.50
2026-06-18 23:10:49   [30/45] Processing Query Q30...
2026-06-18 23:10:55     Query Q30 Score: 1.00
2026-06-18 23:10:55   [31/45] Processing Query Q31...
2026-06-18 23:10:59     Query Q31 Score: 1.00
2026-06-18 23:10:59   [32/45] Processing Query Q32...
2026-06-18 23:11:05     Query Q32 Score: 0.95
2026-06-18 23:11:05   [33/45] Processing Query Q33...
2026-06-18 23:11:16     Query Q33 Score: 0.85
2026-06-18 23:11:16   [34/45] Processing Query Q34...
2026-06-18 23:11:21     Query Q34 Score: 1.00
2026-06-18 23:11:21   [35/45] Processing Query Q35...
2026-06-18 23:11:25     Query Q35 Score: 1.00
2026-06-18 23:11:25   [36/45] Processing Query Q36...
2026-06-18 23:11:34     Query Q36 Score: 1.00
2026-06-18 23:11:34   [37/45] Processing Query Q37...
2026-06-18 23:11:40     Query Q37 Score: 0.60
2026-06-18 23:11:40   [38/45] Processing Query Q38...
2026-06-18 23:11:48     Query Q38 Score: 1.00
2026-06-18 23:11:48   [39/45] Processing Query Q39...
2026-06-18 23:11:52     Query Q39 Score: 1.00
2026-06-18 23:11:52   [40/45] Processing Query Q40...
2026-06-18 23:11:57     Query Q40 Score: 1.00
2026-06-18 23:11:57   [41/45] Processing Query Q41...
2026-06-18 23:12:03     Query Q41 Score: 0.95
2026-06-18 23:12:03   [42/45] Processing Query Q42...
2026-06-18 23:12:08     Query Q42 Score: 1.00
2026-06-18 23:12:08   [43/45] Processing Query Q43...
2026-06-18 23:12:13     Query Q43 Score: 1.00
2026-06-18 23:12:13   [44/45] Processing Query Q48...
2026-06-18 23:12:19     Query Q48 Score: 0.85
2026-06-18 23:12:19   [45/45] Processing Query Q49...
2026-06-18 23:12:25     Query Q49 Score: 0.75
2026-06-18 23:12:25 Saved validation results to /home/virtualuser/model_evaluation/autoresearch/archive/run_20260618_134629/outputs/validation_results_iter95_20260618_231225.csv
2026-06-18 23:12:25 Validation run completed. Overall Mean Score: 0.9056
2026-06-18 23:12:25 Candidate Score: 0.9056 (Delta: -0.0378)
2026-06-18 23:12:25 >>> FAILURE: Score did not improve. Discarding changes.
2026-06-18 23:12:25 Iteration #95 logged successfully to experiments.json.
2026-06-18 23:12:25 
2026-06-18 23:12:25 =========================================
2026-06-18 23:12:25 STARTING ITERATION #96
2026-06-18 23:12:25 =========================================
2026-06-18 23:12:25 Current Champion Score: 0.9433
2026-06-18 23:12:25 Failing queries to fix: 15
2026-06-18 23:12:25 Calling Optimizer Agent to refine instructions...
2026-06-18 23:13:30 Starting validation run on 45 queries...
2026-06-18 23:13:30   [1/45] Processing Query Q01...
2026-06-18 23:13:35     Query Q01 Score: 1.00
2026-06-18 23:13:35   [2/45] Processing Query Q02...
2026-06-18 23:13:40     Query Q02 Score: 0.75
2026-06-18 23:13:40   [3/45] Processing Query Q03...
2026-06-18 23:13:45     Query Q03 Score: 1.00
2026-06-18 23:13:45   [4/45] Processing Query Q04...
2026-06-18 23:13:51     Query Q04 Score: 1.00
2026-06-18 23:13:51   [5/45] Processing Query Q05...
2026-06-18 23:13:57     Query Q05 Score: 0.40
2026-06-18 23:13:57   [6/45] Processing Query Q06...
2026-06-18 23:14:02     Query Q06 Score: 1.00
2026-06-18 23:14:02   [7/45] Processing Query Q07...
2026-06-18 23:14:07     Query Q07 Score: 1.00
2026-06-18 23:14:07   [8/45] Processing Query Q08...
2026-06-18 23:14:12     Query Q08 Score: 1.00
2026-06-18 23:14:12   [9/45] Processing Query Q09...
2026-06-18 23:14:22     Query Q09 Score: 0.40
2026-06-18 23:14:22   [10/45] Processing Query Q10...
2026-06-18 23:14:28     Query Q10 Score: 1.00
2026-06-18 23:14:28   [11/45] Processing Query Q11...
2026-06-18 23:14:36     Query Q11 Score: 1.00
2026-06-18 23:14:36   [12/45] Processing Query Q12...
2026-06-18 23:14:40     Query Q12 Score: 1.00
2026-06-18 23:14:40   [13/45] Processing Query Q13...
2026-06-18 23:14:45     Query Q13 Score: 1.00
2026-06-18 23:14:45   [14/45] Processing Query Q14...
2026-06-18 23:14:49     Query Q14 Score: 0.85
2026-06-18 23:14:49   [15/45] Processing Query Q15...
2026-06-18 23:14:56     Query Q15 Score: 1.00
2026-06-18 23:14:56   [16/45] Processing Query Q16...
2026-06-18 23:15:02     Query Q16 Score: 0.70
2026-06-18 23:15:02   [17/45] Processing Query Q17...
2026-06-18 23:15:06     Query Q17 Score: 1.00
2026-06-18 23:15:06   [18/45] Processing Query Q18...
2026-06-18 23:15:11     Query Q18 Score: 1.00
2026-06-18 23:15:11   [19/45] Processing Query Q19...
2026-06-18 23:15:16     Query Q19 Score: 0.95
2026-06-18 23:15:16   [20/45] Processing Query Q20...
2026-06-18 23:15:21     Query Q20 Score: 0.90
2026-06-18 23:15:21   [21/45] Processing Query Q21...
2026-06-18 23:15:25     Query Q21 Score: 1.00
2026-06-18 23:15:25   [22/45] Processing Query Q22...
2026-06-18 23:15:30     Query Q22 Score: 1.00
2026-06-18 23:15:30   [23/45] Processing Query Q23...
2026-06-18 23:15:36     Query Q23 Score: 1.00
2026-06-18 23:15:36   [24/45] Processing Query Q24...
2026-06-18 23:15:40     Query Q24 Score: 0.90
2026-06-18 23:15:40   [25/45] Processing Query Q25...
2026-06-18 23:15:45     Query Q25 Score: 1.00
2026-06-18 23:15:45   [26/45] Processing Query Q26...
2026-06-18 23:15:50     Query Q26 Score: 1.00
2026-06-18 23:15:50   [27/45] Processing Query Q27...
2026-06-18 23:15:54     Query Q27 Score: 1.00
2026-06-18 23:15:54   [28/45] Processing Query Q28...
2026-06-18 23:15:59     Query Q28 Score: 1.00
2026-06-18 23:15:59   [29/45] Processing Query Q29...
2026-06-18 23:16:03     Query Q29 Score: 0.50
2026-06-18 23:16:03   [30/45] Processing Query Q30...
2026-06-18 23:16:09     Query Q30 Score: 1.00
2026-06-18 23:16:09   [31/45] Processing Query Q31...
2026-06-18 23:16:13     Query Q31 Score: 1.00
2026-06-18 23:16:13   [32/45] Processing Query Q32...
2026-06-18 23:16:19     Query Q32 Score: 0.95
2026-06-18 23:16:19   [33/45] Processing Query Q33...
2026-06-18 23:16:30     Query Q33 Score: 0.75
2026-06-18 23:16:30   [34/45] Processing Query Q34...
2026-06-18 23:16:35     Query Q34 Score: 1.00
2026-06-18 23:16:35   [35/45] Processing Query Q35...
2026-06-18 23:16:39     Query Q35 Score: 1.00
2026-06-18 23:16:39   [36/45] Processing Query Q36...
2026-06-18 23:16:44     Query Q36 Score: 1.00
2026-06-18 23:16:44   [37/45] Processing Query Q37...
2026-06-18 23:16:50     Query Q37 Score: 0.50
2026-06-18 23:16:50   [38/45] Processing Query Q38...
2026-06-18 23:16:56     Query Q38 Score: 0.50
2026-06-18 23:16:56   [39/45] Processing Query Q39...
2026-06-18 23:17:00     Query Q39 Score: 1.00
2026-06-18 23:17:00   [40/45] Processing Query Q40...
2026-06-18 23:17:05     Query Q40 Score: 1.00
2026-06-18 23:17:05   [41/45] Processing Query Q41...
2026-06-18 23:17:11     Query Q41 Score: 0.85
2026-06-18 23:17:11   [42/45] Processing Query Q42...
2026-06-18 23:17:15     Query Q42 Score: 1.00
2026-06-18 23:17:15   [43/45] Processing Query Q43...
2026-06-18 23:17:20     Query Q43 Score: 1.00
2026-06-18 23:17:20   [44/45] Processing Query Q48...
2026-06-18 23:17:27     Query Q48 Score: 0.90
2026-06-18 23:17:27   [45/45] Processing Query Q49...
2026-06-18 23:17:33     Query Q49 Score: 0.75
2026-06-18 23:17:33 Saved validation results to /home/virtualuser/model_evaluation/autoresearch/archive/run_20260618_134629/outputs/validation_results_iter96_20260618_231733.csv
2026-06-18 23:17:33 Validation run completed. Overall Mean Score: 0.9011
2026-06-18 23:17:33 Candidate Score: 0.9011 (Delta: -0.0422)
2026-06-18 23:17:33 >>> FAILURE: Score did not improve. Discarding changes.
2026-06-18 23:17:33 Iteration #96 logged successfully to experiments.json.
2026-06-18 23:17:33 
2026-06-18 23:17:33 =========================================
2026-06-18 23:17:33 STARTING ITERATION #97
2026-06-18 23:17:33 =========================================
2026-06-18 23:17:33 Current Champion Score: 0.9433
2026-06-18 23:17:33 Failing queries to fix: 15
2026-06-18 23:17:33 Calling Optimizer Agent to refine instructions...
2026-06-18 23:18:04 Starting validation run on 45 queries...
2026-06-18 23:18:04   [1/45] Processing Query Q01...
2026-06-18 23:18:09     Query Q01 Score: 1.00
2026-06-18 23:18:09   [2/45] Processing Query Q02...
2026-06-18 23:18:14     Query Q02 Score: 0.70
2026-06-18 23:18:14   [3/45] Processing Query Q03...
2026-06-18 23:18:20     Query Q03 Score: 1.00
2026-06-18 23:18:20   [4/45] Processing Query Q04...
2026-06-18 23:18:25     Query Q04 Score: 1.00
2026-06-18 23:18:25   [5/45] Processing Query Q05...
2026-06-18 23:18:30     Query Q05 Score: 0.50
2026-06-18 23:18:30   [6/45] Processing Query Q06...
2026-06-18 23:18:36     Query Q06 Score: 1.00
2026-06-18 23:18:36   [7/45] Processing Query Q07...
2026-06-18 23:18:41     Query Q07 Score: 1.00
2026-06-18 23:18:41   [8/45] Processing Query Q08...
2026-06-18 23:18:46     Query Q08 Score: 1.00
2026-06-18 23:18:46   [9/45] Processing Query Q09...
2026-06-18 23:18:51     Query Q09 Score: 1.00
2026-06-18 23:18:51   [10/45] Processing Query Q10...
2026-06-18 23:18:56     Query Q10 Score: 1.00
2026-06-18 23:18:56   [11/45] Processing Query Q11...
2026-06-18 23:19:04     Query Q11 Score: 1.00
2026-06-18 23:19:04   [12/45] Processing Query Q12...
2026-06-18 23:19:09     Query Q12 Score: 1.00
2026-06-18 23:19:09   [13/45] Processing Query Q13...
2026-06-18 23:19:14     Query Q13 Score: 0.50
2026-06-18 23:19:14   [14/45] Processing Query Q14...
2026-06-18 23:19:19     Query Q14 Score: 0.85
2026-06-18 23:19:19   [15/45] Processing Query Q15...
2026-06-18 23:19:25     Query Q15 Score: 1.00
2026-06-18 23:19:25   [16/45] Processing Query Q16...
2026-06-18 23:19:34     Query Q16 Score: 1.00
2026-06-18 23:19:34   [17/45] Processing Query Q17...
2026-06-18 23:19:39     Query Q17 Score: 1.00
2026-06-18 23:19:39   [18/45] Processing Query Q18...
2026-06-18 23:19:44     Query Q18 Score: 1.00
2026-06-18 23:19:44   [19/45] Processing Query Q19...
2026-06-18 23:19:49     Query Q19 Score: 0.95
2026-06-18 23:19:49   [20/45] Processing Query Q20...
2026-06-18 23:19:55     Query Q20 Score: 0.85
2026-06-18 23:19:55   [21/45] Processing Query Q21...
2026-06-18 23:19:59     Query Q21 Score: 1.00
2026-06-18 23:19:59   [22/45] Processing Query Q22...
2026-06-18 23:20:04     Query Q22 Score: 1.00
2026-06-18 23:20:04   [23/45] Processing Query Q23...
2026-06-18 23:20:30     Query Q23 Score: 1.00
2026-06-18 23:20:30   [24/45] Processing Query Q24...
2026-06-18 23:20:34     Query Q24 Score: 1.00
2026-06-18 23:20:34   [25/45] Processing Query Q25...
2026-06-18 23:20:39     Query Q25 Score: 1.00
2026-06-18 23:20:39   [26/45] Processing Query Q26...
2026-06-18 23:20:43     Query Q26 Score: 1.00
2026-06-18 23:20:43   [27/45] Processing Query Q27...
2026-06-18 23:20:48     Query Q27 Score: 1.00
2026-06-18 23:20:48   [28/45] Processing Query Q28...
2026-06-18 23:20:52     Query Q28 Score: 1.00
2026-06-18 23:20:52   [29/45] Processing Query Q29...
2026-06-18 23:20:57     Query Q29 Score: 1.00
2026-06-18 23:20:57   [30/45] Processing Query Q30...
2026-06-18 23:21:03     Query Q30 Score: 1.00
2026-06-18 23:21:03   [31/45] Processing Query Q31...
2026-06-18 23:21:08     Query Q31 Score: 1.00
2026-06-18 23:21:08   [32/45] Processing Query Q32...
2026-06-18 23:21:13     Query Q32 Score: 0.95
2026-06-18 23:21:13   [33/45] Processing Query Q33...
2026-06-18 23:21:19     Query Q33 Score: 1.00
2026-06-18 23:21:19   [34/45] Processing Query Q34...
2026-06-18 23:21:24     Query Q34 Score: 1.00
2026-06-18 23:21:24   [35/45] Processing Query Q35...
2026-06-18 23:21:28     Query Q35 Score: 1.00
2026-06-18 23:21:28   [36/45] Processing Query Q36...
2026-06-18 23:21:36     Query Q36 Score: 1.00
2026-06-18 23:21:36   [37/45] Processing Query Q37...
2026-06-18 23:21:42     Query Q37 Score: 0.70
2026-06-18 23:21:42   [38/45] Processing Query Q38...
2026-06-18 23:21:47     Query Q38 Score: 0.85
2026-06-18 23:21:47   [39/45] Processing Query Q39...
2026-06-18 23:21:52     Query Q39 Score: 0.95
2026-06-18 23:21:52   [40/45] Processing Query Q40...
2026-06-18 23:21:57     Query Q40 Score: 1.00
2026-06-18 23:21:57   [41/45] Processing Query Q41...
2026-06-18 23:22:02     Query Q41 Score: 0.95
2026-06-18 23:22:02   [42/45] Processing Query Q42...
2026-06-18 23:22:07     Query Q42 Score: 1.00
2026-06-18 23:22:07   [43/45] Processing Query Q43...
2026-06-18 23:22:12     Query Q43 Score: 1.00
2026-06-18 23:22:12   [44/45] Processing Query Q48...
2026-06-18 23:22:18     Query Q48 Score: 0.85
2026-06-18 23:22:18   [45/45] Processing Query Q49...
2026-06-18 23:22:47     Query Q49 Score: 0.50
2026-06-18 23:22:47 Saved validation results to /home/virtualuser/model_evaluation/autoresearch/archive/run_20260618_134629/outputs/validation_results_iter97_20260618_232247.csv
2026-06-18 23:22:47 Validation run completed. Overall Mean Score: 0.9356
2026-06-18 23:22:47 Candidate Score: 0.9356 (Delta: -0.0078)
2026-06-18 23:22:47 >>> FAILURE: Score did not improve. Discarding changes.
2026-06-18 23:22:47 Iteration #97 logged successfully to experiments.json.
2026-06-18 23:22:47 
2026-06-18 23:22:47 =========================================
2026-06-18 23:22:47 STARTING ITERATION #98
2026-06-18 23:22:47 =========================================
2026-06-18 23:22:47 Current Champion Score: 0.9433
2026-06-18 23:22:47 Failing queries to fix: 15
2026-06-18 23:22:47 Calling Optimizer Agent to refine instructions...
2026-06-18 23:23:38 Starting validation run on 45 queries...
2026-06-18 23:23:38   [1/45] Processing Query Q01...
2026-06-18 23:23:44     Query Q01 Score: 1.00
2026-06-18 23:23:44   [2/45] Processing Query Q02...
2026-06-18 23:23:49     Query Q02 Score: 0.70
2026-06-18 23:23:49   [3/45] Processing Query Q03...
2026-06-18 23:23:55     Query Q03 Score: 1.00
2026-06-18 23:23:55   [4/45] Processing Query Q04...
2026-06-18 23:24:00     Query Q04 Score: 1.00
2026-06-18 23:24:00   [5/45] Processing Query Q05...
2026-06-18 23:24:06     Query Q05 Score: 0.30
2026-06-18 23:24:06   [6/45] Processing Query Q06...
2026-06-18 23:24:12     Query Q06 Score: 1.00
2026-06-18 23:24:12   [7/45] Processing Query Q07...
2026-06-18 23:24:17     Query Q07 Score: 1.00
2026-06-18 23:24:17   [8/45] Processing Query Q08...
2026-06-18 23:24:22     Query Q08 Score: 1.00
2026-06-18 23:24:22   [9/45] Processing Query Q09...
2026-06-18 23:24:27     Query Q09 Score: 1.00
2026-06-18 23:24:27   [10/45] Processing Query Q10...
2026-06-18 23:24:33     Query Q10 Score: 1.00
2026-06-18 23:24:33   [11/45] Processing Query Q11...
2026-06-18 23:24:40     Query Q11 Score: 0.40
2026-06-18 23:24:40   [12/45] Processing Query Q12...
2026-06-18 23:24:45     Query Q12 Score: 1.00
2026-06-18 23:24:45   [13/45] Processing Query Q13...
2026-06-18 23:24:50     Query Q13 Score: 1.00
2026-06-18 23:24:50   [14/45] Processing Query Q14...
2026-06-18 23:24:55     Query Q14 Score: 0.85
2026-06-18 23:24:55   [15/45] Processing Query Q15...
2026-06-18 23:25:01     Query Q15 Score: 1.00
2026-06-18 23:25:01   [16/45] Processing Query Q16...
2026-06-18 23:25:13     Query Q16 Score: 1.00
2026-06-18 23:25:13   [17/45] Processing Query Q17...
2026-06-18 23:25:18     Query Q17 Score: 1.00
2026-06-18 23:25:18   [18/45] Processing Query Q18...
2026-06-18 23:25:23     Query Q18 Score: 0.95
2026-06-18 23:25:23   [19/45] Processing Query Q19...
2026-06-18 23:25:27     Query Q19 Score: 0.95
2026-06-18 23:25:27   [20/45] Processing Query Q20...
2026-06-18 23:25:32     Query Q20 Score: 0.95
2026-06-18 23:25:32   [21/45] Processing Query Q21...
2026-06-18 23:25:37     Query Q21 Score: 1.00
2026-06-18 23:25:37   [22/45] Processing Query Q22...
2026-06-18 23:25:42     Query Q22 Score: 1.00
2026-06-18 23:25:42   [23/45] Processing Query Q23...
2026-06-18 23:25:48     Query Q23 Score: 1.00
2026-06-18 23:25:48   [24/45] Processing Query Q24...
2026-06-18 23:25:52     Query Q24 Score: 1.00
2026-06-18 23:25:52   [25/45] Processing Query Q25...
2026-06-18 23:25:57     Query Q25 Score: 1.00
2026-06-18 23:25:57   [26/45] Processing Query Q26...
2026-06-18 23:26:01     Query Q26 Score: 1.00
2026-06-18 23:26:01   [27/45] Processing Query Q27...
2026-06-18 23:26:06     Query Q27 Score: 1.00
2026-06-18 23:26:06   [28/45] Processing Query Q28...
2026-06-18 23:26:10     Query Q28 Score: 1.00
2026-06-18 23:26:10   [29/45] Processing Query Q29...
2026-06-18 23:26:16     Query Q29 Score: 1.00
2026-06-18 23:26:16   [30/45] Processing Query Q30...
2026-06-18 23:26:21     Query Q30 Score: 1.00
2026-06-18 23:26:21   [31/45] Processing Query Q31...
2026-06-18 23:26:26     Query Q31 Score: 1.00
2026-06-18 23:26:26   [32/45] Processing Query Q32...
2026-06-18 23:26:32     Query Q32 Score: 0.95
2026-06-18 23:26:32   [33/45] Processing Query Q33...
2026-06-18 23:26:40     Query Q33 Score: 0.40
2026-06-18 23:26:40   [34/45] Processing Query Q34...
2026-06-18 23:26:45     Query Q34 Score: 1.00
2026-06-18 23:26:45   [35/45] Processing Query Q35...
2026-06-18 23:26:49     Query Q35 Score: 1.00
2026-06-18 23:26:49   [36/45] Processing Query Q36...
2026-06-18 23:26:54     Query Q36 Score: 1.00
2026-06-18 23:26:54   [37/45] Processing Query Q37...
2026-06-18 23:27:00     Query Q37 Score: 0.95
2026-06-18 23:27:00   [38/45] Processing Query Q38...
2026-06-18 23:27:05     Query Q38 Score: 0.85
2026-06-18 23:27:05   [39/45] Processing Query Q39...
2026-06-18 23:27:10     Query Q39 Score: 1.00
2026-06-18 23:27:10   [40/45] Processing Query Q40...
2026-06-18 23:27:15     Query Q40 Score: 1.00
2026-06-18 23:27:15   [41/45] Processing Query Q41...
2026-06-18 23:27:20     Query Q41 Score: 0.95
2026-06-18 23:27:20   [42/45] Processing Query Q42...
2026-06-18 23:27:25     Query Q42 Score: 1.00
2026-06-18 23:27:25   [43/45] Processing Query Q43...
2026-06-18 23:27:30     Query Q43 Score: 1.00
2026-06-18 23:27:30   [44/45] Processing Query Q48...
2026-06-18 23:27:49     Query Q48 Score: 1.00
2026-06-18 23:27:49   [45/45] Processing Query Q49...
2026-06-18 23:28:00     Query Q49 Score: 1.00
2026-06-18 23:28:00 Saved validation results to /home/virtualuser/model_evaluation/autoresearch/archive/run_20260618_134629/outputs/validation_results_iter98_20260618_232800.csv
2026-06-18 23:28:00 Validation run completed. Overall Mean Score: 0.9378
2026-06-18 23:28:00 Candidate Score: 0.9378 (Delta: -0.0056)
2026-06-18 23:28:00 >>> FAILURE: Score did not improve. Discarding changes.
2026-06-18 23:28:00 Iteration #98 logged successfully to experiments.json.
2026-06-18 23:28:00 
2026-06-18 23:28:00 =========================================
2026-06-18 23:28:00 STARTING ITERATION #99
2026-06-18 23:28:00 =========================================
2026-06-18 23:28:00 Current Champion Score: 0.9433
2026-06-18 23:28:00 Failing queries to fix: 15
2026-06-18 23:28:00 Calling Optimizer Agent to refine instructions...
2026-06-18 23:29:03 Starting validation run on 45 queries...
2026-06-18 23:29:03   [1/45] Processing Query Q01...
2026-06-18 23:29:09     Query Q01 Score: 1.00
2026-06-18 23:29:09   [2/45] Processing Query Q02...
2026-06-18 23:29:14     Query Q02 Score: 0.95
2026-06-18 23:29:14   [3/45] Processing Query Q03...
2026-06-18 23:29:19     Query Q03 Score: 1.00
2026-06-18 23:29:19   [4/45] Processing Query Q04...
2026-06-18 23:29:24     Query Q04 Score: 1.00
2026-06-18 23:29:24   [5/45] Processing Query Q05...
2026-06-18 23:29:29     Query Q05 Score: 0.50
2026-06-18 23:29:29   [6/45] Processing Query Q06...
2026-06-18 23:29:35     Query Q06 Score: 1.00
2026-06-18 23:29:35   [7/45] Processing Query Q07...
2026-06-18 23:29:40     Query Q07 Score: 1.00
2026-06-18 23:29:40   [8/45] Processing Query Q08...
2026-06-18 23:29:45     Query Q08 Score: 1.00
2026-06-18 23:29:45   [9/45] Processing Query Q09...
2026-06-18 23:29:50     Query Q09 Score: 1.00
2026-06-18 23:29:50   [10/45] Processing Query Q10...
2026-06-18 23:29:55     Query Q10 Score: 1.00
2026-06-18 23:29:55   [11/45] Processing Query Q11...
2026-06-18 23:30:03     Query Q11 Score: 0.85
2026-06-18 23:30:03   [12/45] Processing Query Q12...
2026-06-18 23:30:07     Query Q12 Score: 1.00
2026-06-18 23:30:07   [13/45] Processing Query Q13...
2026-06-18 23:30:13     Query Q13 Score: 0.85
2026-06-18 23:30:13   [14/45] Processing Query Q14...
2026-06-18 23:30:17     Query Q14 Score: 0.85
2026-06-18 23:30:17   [15/45] Processing Query Q15...
2026-06-18 23:30:23     Query Q15 Score: 1.00
2026-06-18 23:30:23   [16/45] Processing Query Q16...
2026-06-18 23:30:31     Query Q16 Score: 0.30
2026-06-18 23:30:31   [17/45] Processing Query Q17...
2026-06-18 23:30:35     Query Q17 Score: 0.95
2026-06-18 23:30:35   [18/45] Processing Query Q18...
2026-06-18 23:30:40     Query Q18 Score: 1.00
2026-06-18 23:30:40   [19/45] Processing Query Q19...
2026-06-18 23:30:46     Query Q19 Score: 0.50
2026-06-18 23:30:46   [20/45] Processing Query Q20...
2026-06-18 23:30:52     Query Q20 Score: 0.75
2026-06-18 23:30:52   [21/45] Processing Query Q21...
2026-06-18 23:30:56     Query Q21 Score: 1.00
2026-06-18 23:30:56   [22/45] Processing Query Q22...
2026-06-18 23:31:01     Query Q22 Score: 1.00
2026-06-18 23:31:01   [23/45] Processing Query Q23...
2026-06-18 23:31:18     Query Q23 Score: 1.00
2026-06-18 23:31:18   [24/45] Processing Query Q24...
2026-06-18 23:31:22     Query Q24 Score: 1.00
2026-06-18 23:31:22   [25/45] Processing Query Q25...
2026-06-18 23:31:27     Query Q25 Score: 1.00
2026-06-18 23:31:27   [26/45] Processing Query Q26...
2026-06-18 23:31:31     Query Q26 Score: 1.00
2026-06-18 23:31:31   [27/45] Processing Query Q27...
2026-06-18 23:31:36     Query Q27 Score: 1.00
2026-06-18 23:31:36   [28/45] Processing Query Q28...
2026-06-18 23:31:40     Query Q28 Score: 1.00
2026-06-18 23:31:40   [29/45] Processing Query Q29...
2026-06-18 23:31:46     Query Q29 Score: 1.00
2026-06-18 23:31:46   [30/45] Processing Query Q30...
2026-06-18 23:31:51     Query Q30 Score: 1.00
2026-06-18 23:31:51   [31/45] Processing Query Q31...
2026-06-18 23:31:56     Query Q31 Score: 1.00
2026-06-18 23:31:56   [32/45] Processing Query Q32...
2026-06-18 23:32:01     Query Q32 Score: 0.95
2026-06-18 23:32:01   [33/45] Processing Query Q33...
2026-06-18 23:32:07     Query Q33 Score: 1.00
2026-06-18 23:32:07   [34/45] Processing Query Q34...
2026-06-18 23:32:12     Query Q34 Score: 1.00
2026-06-18 23:32:12   [35/45] Processing Query Q35...
2026-06-18 23:32:16     Query Q35 Score: 1.00
2026-06-18 23:32:16   [36/45] Processing Query Q36...
2026-06-18 23:32:24     Query Q36 Score: 1.00
2026-06-18 23:32:24   [37/45] Processing Query Q37...
2026-06-18 23:32:29     Query Q37 Score: 1.00
2026-06-18 23:32:29   [38/45] Processing Query Q38...
2026-06-18 23:32:38     Query Q38 Score: 1.00
2026-06-18 23:32:38   [39/45] Processing Query Q39...
2026-06-18 23:32:43     Query Q39 Score: 1.00
2026-06-18 23:32:43   [40/45] Processing Query Q40...
2026-06-18 23:32:48     Query Q40 Score: 1.00
2026-06-18 23:32:48   [41/45] Processing Query Q41...
2026-06-18 23:32:54     Query Q41 Score: 0.95
2026-06-18 23:32:54   [42/45] Processing Query Q42...
2026-06-18 23:32:58     Query Q42 Score: 1.00
2026-06-18 23:32:58   [43/45] Processing Query Q43...
2026-06-18 23:33:03     Query Q43 Score: 0.50
2026-06-18 23:33:03   [44/45] Processing Query Q48...
2026-06-18 23:33:09     Query Q48 Score: 0.90
2026-06-18 23:33:09   [45/45] Processing Query Q49...
2026-06-18 23:33:16     Query Q49 Score: 0.40
2026-06-18 23:33:16 Saved validation results to /home/virtualuser/model_evaluation/autoresearch/archive/run_20260618_134629/outputs/validation_results_iter99_20260618_233316.csv
2026-06-18 23:33:16 Validation run completed. Overall Mean Score: 0.9156
2026-06-18 23:33:16 Candidate Score: 0.9156 (Delta: -0.0278)
2026-06-18 23:33:16 >>> FAILURE: Score did not improve. Discarding changes.
2026-06-18 23:33:16 Iteration #99 logged successfully to experiments.json.
2026-06-18 23:33:16 
2026-06-18 23:33:16 =========================================
2026-06-18 23:33:16 STARTING ITERATION #100
2026-06-18 23:33:16 =========================================
2026-06-18 23:33:16 Current Champion Score: 0.9433
2026-06-18 23:33:16 Failing queries to fix: 15
2026-06-18 23:33:16 Calling Optimizer Agent to refine instructions...
2026-06-18 23:33:54 Starting validation run on 45 queries...
2026-06-18 23:33:54   [1/45] Processing Query Q01...
2026-06-18 23:34:00     Query Q01 Score: 1.00
2026-06-18 23:34:00   [2/45] Processing Query Q02...
2026-06-18 23:34:05     Query Q02 Score: 0.50
2026-06-18 23:34:05   [3/45] Processing Query Q03...
2026-06-18 23:34:10     Query Q03 Score: 1.00
2026-06-18 23:34:10   [4/45] Processing Query Q04...
2026-06-18 23:34:15     Query Q04 Score: 1.00
2026-06-18 23:34:15   [5/45] Processing Query Q05...
2026-06-18 23:34:21     Query Q05 Score: 0.40
2026-06-18 23:34:21   [6/45] Processing Query Q06...
2026-06-18 23:34:27     Query Q06 Score: 1.00
2026-06-18 23:34:27   [7/45] Processing Query Q07...
2026-06-18 23:34:31     Query Q07 Score: 1.00
2026-06-18 23:34:31   [8/45] Processing Query Q08...
2026-06-18 23:34:36     Query Q08 Score: 1.00
2026-06-18 23:34:36   [9/45] Processing Query Q09...
2026-06-18 23:34:42     Query Q09 Score: 1.00
2026-06-18 23:34:42   [10/45] Processing Query Q10...
2026-06-18 23:34:47     Query Q10 Score: 1.00
2026-06-18 23:34:47   [11/45] Processing Query Q11...
2026-06-18 23:34:54     Query Q11 Score: 0.40
2026-06-18 23:34:54   [12/45] Processing Query Q12...
2026-06-18 23:34:59     Query Q12 Score: 1.00
2026-06-18 23:34:59   [13/45] Processing Query Q13...
2026-06-18 23:35:05     Query Q13 Score: 0.40
2026-06-18 23:35:05   [14/45] Processing Query Q14...
2026-06-18 23:35:10     Query Q14 Score: 0.85
2026-06-18 23:35:10   [15/45] Processing Query Q15...
2026-06-18 23:35:16     Query Q15 Score: 1.00
2026-06-18 23:35:16   [16/45] Processing Query Q16...
2026-06-18 23:35:21     Query Q16 Score: 0.50
2026-06-18 23:35:21   [17/45] Processing Query Q17...
2026-06-18 23:35:26     Query Q17 Score: 0.50
2026-06-18 23:35:26   [18/45] Processing Query Q18...
2026-06-18 23:35:31     Query Q18 Score: 0.85
2026-06-18 23:35:31   [19/45] Processing Query Q19...
2026-06-18 23:35:35     Query Q19 Score: 0.95
2026-06-18 23:35:35   [20/45] Processing Query Q20...
2026-06-18 23:35:40     Query Q20 Score: 0.95
2026-06-18 23:35:40   [21/45] Processing Query Q21...
2026-06-18 23:35:45     Query Q21 Score: 1.00
2026-06-18 23:35:45   [22/45] Processing Query Q22...
2026-06-18 23:35:50     Query Q22 Score: 1.00
2026-06-18 23:35:50   [23/45] Processing Query Q23...
2026-06-18 23:36:05     Query Q23 Score: 1.00
2026-06-18 23:36:05   [24/45] Processing Query Q24...
2026-06-18 23:36:09     Query Q24 Score: 1.00
2026-06-18 23:36:09   [25/45] Processing Query Q25...
2026-06-18 23:36:14     Query Q25 Score: 1.00
2026-06-18 23:36:14   [26/45] Processing Query Q26...
2026-06-18 23:36:19     Query Q26 Score: 1.00
2026-06-18 23:36:19   [27/45] Processing Query Q27...
2026-06-18 23:36:23     Query Q27 Score: 1.00
2026-06-18 23:36:23   [28/45] Processing Query Q28...
2026-06-18 23:36:27     Query Q28 Score: 1.00
2026-06-18 23:36:27   [29/45] Processing Query Q29...
2026-06-18 23:36:33     Query Q29 Score: 1.00
2026-06-18 23:36:33   [30/45] Processing Query Q30...
2026-06-18 23:36:38     Query Q30 Score: 1.00
2026-06-18 23:36:38   [31/45] Processing Query Q31...
2026-06-18 23:36:42     Query Q31 Score: 1.00
2026-06-18 23:36:42   [32/45] Processing Query Q32...
2026-06-18 23:36:48     Query Q32 Score: 0.95
2026-06-18 23:36:48   [33/45] Processing Query Q33...
2026-06-18 23:36:54     Query Q33 Score: 1.00
2026-06-18 23:36:54   [34/45] Processing Query Q34...
2026-06-18 23:36:59     Query Q34 Score: 1.00
2026-06-18 23:36:59   [35/45] Processing Query Q35...
2026-06-18 23:37:03     Query Q35 Score: 1.00
2026-06-18 23:37:03   [36/45] Processing Query Q36...
2026-06-18 23:37:19     Query Q36 Score: 0.75
2026-06-18 23:37:19   [37/45] Processing Query Q37...
2026-06-18 23:37:26     Query Q37 Score: 0.60
2026-06-18 23:37:26   [38/45] Processing Query Q38...
2026-06-18 23:37:31     Query Q38 Score: 0.75
2026-06-18 23:37:31   [39/45] Processing Query Q39...
2026-06-18 23:37:35     Query Q39 Score: 1.00
2026-06-18 23:37:35   [40/45] Processing Query Q40...
2026-06-18 23:37:40     Query Q40 Score: 1.00
2026-06-18 23:37:40   [41/45] Processing Query Q41...
2026-06-18 23:37:46     Query Q41 Score: 0.60
2026-06-18 23:37:46   [42/45] Processing Query Q42...
2026-06-18 23:37:51     Query Q42 Score: 1.00
2026-06-18 23:37:51   [43/45] Processing Query Q43...
2026-06-18 23:37:56     Query Q43 Score: 1.00
2026-06-18 23:37:56   [44/45] Processing Query Q48...
2026-06-18 23:38:03     Query Q48 Score: 0.90
2026-06-18 23:38:03   [45/45] Processing Query Q49...
2026-06-18 23:38:10     Query Q49 Score: 0.40
2026-06-18 23:38:10 Saved validation results to /home/virtualuser/model_evaluation/autoresearch/archive/run_20260618_134629/outputs/validation_results_iter100_20260618_233810.csv
2026-06-18 23:38:10 Validation run completed. Overall Mean Score: 0.8722
2026-06-18 23:38:10 Candidate Score: 0.8722 (Delta: -0.0711)
2026-06-18 23:38:10 >>> FAILURE: Score did not improve. Discarding changes.
2026-06-18 23:38:10 Iteration #100 logged successfully to experiments.json.
2026-06-18 23:38:10 
2026-06-18 23:38:10 =========================================
2026-06-18 23:38:10 STARTING ITERATION #101
2026-06-18 23:38:10 =========================================
2026-06-18 23:38:10 Current Champion Score: 0.9433
2026-06-18 23:38:10 Failing queries to fix: 15
2026-06-18 23:38:10 Calling Optimizer Agent to refine instructions...
2026-06-18 23:38:57 Starting validation run on 45 queries...
2026-06-18 23:38:57   [1/45] Processing Query Q01...
2026-06-18 23:39:02     Query Q01 Score: 1.00
2026-06-18 23:39:02   [2/45] Processing Query Q02...
2026-06-18 23:39:07     Query Q02 Score: 0.85
2026-06-18 23:39:07   [3/45] Processing Query Q03...
2026-06-18 23:39:13     Query Q03 Score: 1.00
2026-06-18 23:39:13   [4/45] Processing Query Q04...
2026-06-18 23:39:18     Query Q04 Score: 1.00
2026-06-18 23:39:18   [5/45] Processing Query Q05...
2026-06-18 23:39:23     Query Q05 Score: 0.50
2026-06-18 23:39:23   [6/45] Processing Query Q06...
2026-06-18 23:39:29     Query Q06 Score: 1.00
2026-06-18 23:39:29   [7/45] Processing Query Q07...
2026-06-18 23:39:34     Query Q07 Score: 1.00
2026-06-18 23:39:34   [8/45] Processing Query Q08...
2026-06-18 23:39:38     Query Q08 Score: 1.00
2026-06-18 23:39:38   [9/45] Processing Query Q09...
2026-06-18 23:39:55     Query Q09 Score: 0.40
2026-06-18 23:39:55   [10/45] Processing Query Q10...
2026-06-18 23:40:01     Query Q10 Score: 1.00
2026-06-18 23:40:01   [11/45] Processing Query Q11...
2026-06-18 23:40:07     Query Q11 Score: 0.40
2026-06-18 23:40:07   [12/45] Processing Query Q12...
2026-06-18 23:40:12     Query Q12 Score: 1.00
2026-06-18 23:40:12   [13/45] Processing Query Q13...
2026-06-18 23:40:18     Query Q13 Score: 0.50
2026-06-18 23:40:18   [14/45] Processing Query Q14...
2026-06-18 23:40:22     Query Q14 Score: 0.85
2026-06-18 23:40:22   [15/45] Processing Query Q15...
2026-06-18 23:40:28     Query Q15 Score: 1.00
2026-06-18 23:40:28   [16/45] Processing Query Q16...
2026-06-18 23:40:34     Query Q16 Score: 0.50
2026-06-18 23:40:34   [17/45] Processing Query Q17...
2026-06-18 23:40:39     Query Q17 Score: 1.00
2026-06-18 23:40:39   [18/45] Processing Query Q18...
2026-06-18 23:40:44     Query Q18 Score: 1.00
2026-06-18 23:40:44   [19/45] Processing Query Q19...
2026-06-18 23:40:48     Query Q19 Score: 0.95
2026-06-18 23:40:48   [20/45] Processing Query Q20...
2026-06-18 23:40:53     Query Q20 Score: 0.95
2026-06-18 23:40:53   [21/45] Processing Query Q21...
2026-06-18 23:40:58     Query Q21 Score: 1.00
2026-06-18 23:40:58   [22/45] Processing Query Q22...
2026-06-18 23:41:02     Query Q22 Score: 1.00
2026-06-18 23:41:02   [23/45] Processing Query Q23...
2026-06-18 23:41:19     Query Q23 Score: 1.00
2026-06-18 23:41:19   [24/45] Processing Query Q24...
2026-06-18 23:41:23     Query Q24 Score: 1.00
2026-06-18 23:41:23   [25/45] Processing Query Q25...
2026-06-18 23:41:28     Query Q25 Score: 1.00
2026-06-18 23:41:28   [26/45] Processing Query Q26...
2026-06-18 23:41:32     Query Q26 Score: 1.00
2026-06-18 23:41:32   [27/45] Processing Query Q27...
2026-06-18 23:41:37     Query Q27 Score: 1.00
2026-06-18 23:41:37   [28/45] Processing Query Q28...
2026-06-18 23:41:41     Query Q28 Score: 1.00
2026-06-18 23:41:41   [29/45] Processing Query Q29...
2026-06-18 23:41:47     Query Q29 Score: 1.00
2026-06-18 23:41:47   [30/45] Processing Query Q30...
2026-06-18 23:41:53     Query Q30 Score: 1.00
2026-06-18 23:41:53   [31/45] Processing Query Q31...
2026-06-18 23:41:57     Query Q31 Score: 1.00
2026-06-18 23:41:57   [32/45] Processing Query Q32...
2026-06-18 23:42:03     Query Q32 Score: 0.95
2026-06-18 23:42:03   [33/45] Processing Query Q33...
2026-06-18 23:42:09     Query Q33 Score: 1.00
2026-06-18 23:42:09   [34/45] Processing Query Q34...
2026-06-18 23:42:14     Query Q34 Score: 1.00
2026-06-18 23:42:14   [35/45] Processing Query Q35...
2026-06-18 23:42:18     Query Q35 Score: 1.00
2026-06-18 23:42:18   [36/45] Processing Query Q36...
2026-06-18 23:42:23     Query Q36 Score: 1.00
2026-06-18 23:42:23   [37/45] Processing Query Q37...
2026-06-18 23:42:29     Query Q37 Score: 0.85
2026-06-18 23:42:29   [38/45] Processing Query Q38...
2026-06-18 23:42:34     Query Q38 Score: 0.75
2026-06-18 23:42:34   [39/45] Processing Query Q39...
2026-06-18 23:42:39     Query Q39 Score: 1.00
2026-06-18 23:42:39   [40/45] Processing Query Q40...
2026-06-18 23:42:44     Query Q40 Score: 1.00
2026-06-18 23:42:44   [41/45] Processing Query Q41...
2026-06-18 23:42:50     Query Q41 Score: 0.90
2026-06-18 23:42:50   [42/45] Processing Query Q42...
2026-06-18 23:42:55     Query Q42 Score: 1.00
2026-06-18 23:42:55   [43/45] Processing Query Q43...
2026-06-18 23:43:00     Query Q43 Score: 1.00
2026-06-18 23:43:00   [44/45] Processing Query Q48...
2026-06-18 23:43:06     Query Q48 Score: 1.00
2026-06-18 23:43:06   [45/45] Processing Query Q49...
2026-06-18 23:43:26     Query Q49 Score: 0.50
2026-06-18 23:43:26 Saved validation results to /home/virtualuser/model_evaluation/autoresearch/archive/run_20260618_134629/outputs/validation_results_iter101_20260618_234326.csv
2026-06-18 23:43:26 Validation run completed. Overall Mean Score: 0.9078
2026-06-18 23:43:26 Candidate Score: 0.9078 (Delta: -0.0356)
2026-06-18 23:43:26 >>> FAILURE: Score did not improve. Discarding changes.
2026-06-18 23:43:26 Iteration #101 logged successfully to experiments.json.
2026-06-18 23:43:26 
2026-06-18 23:43:26 =========================================
2026-06-18 23:43:26 STARTING ITERATION #102
2026-06-18 23:43:26 =========================================
2026-06-18 23:43:26 Current Champion Score: 0.9433
2026-06-18 23:43:26 Failing queries to fix: 15
2026-06-18 23:43:26 Calling Optimizer Agent to refine instructions...
2026-06-18 23:44:19 Starting validation run on 45 queries...
2026-06-18 23:44:19   [1/45] Processing Query Q01...
2026-06-18 23:44:24     Query Q01 Score: 1.00
2026-06-18 23:44:24   [2/45] Processing Query Q02...
2026-06-18 23:44:29     Query Q02 Score: 1.00
2026-06-18 23:44:29   [3/45] Processing Query Q03...
2026-06-18 23:44:34     Query Q03 Score: 1.00
2026-06-18 23:44:34   [4/45] Processing Query Q04...
2026-06-18 23:44:40     Query Q04 Score: 1.00
2026-06-18 23:44:40   [5/45] Processing Query Q05...
2026-06-18 23:44:45     Query Q05 Score: 0.40
2026-06-18 23:44:45   [6/45] Processing Query Q06...
2026-06-18 23:44:51     Query Q06 Score: 1.00
2026-06-18 23:44:51   [7/45] Processing Query Q07...
2026-06-18 23:44:56     Query Q07 Score: 1.00
2026-06-18 23:44:56   [8/45] Processing Query Q08...
2026-06-18 23:45:00     Query Q08 Score: 1.00
2026-06-18 23:45:00   [9/45] Processing Query Q09...
2026-06-18 23:45:12     Query Q09 Score: 0.40
2026-06-18 23:45:12   [10/45] Processing Query Q10...
2026-06-18 23:45:18     Query Q10 Score: 1.00
2026-06-18 23:45:18   [11/45] Processing Query Q11...
2026-06-18 23:45:25     Query Q11 Score: 0.75
2026-06-18 23:45:25   [12/45] Processing Query Q12...
2026-06-18 23:45:30     Query Q12 Score: 1.00
2026-06-18 23:45:30   [13/45] Processing Query Q13...
2026-06-18 23:45:35     Query Q13 Score: 0.50
2026-06-18 23:45:35   [14/45] Processing Query Q14...
2026-06-18 23:45:40     Query Q14 Score: 0.85
2026-06-18 23:45:40   [15/45] Processing Query Q15...
2026-06-18 23:45:46     Query Q15 Score: 1.00
2026-06-18 23:45:46   [16/45] Processing Query Q16...
2026-06-18 23:45:51     Query Q16 Score: 0.50
2026-06-18 23:45:51   [17/45] Processing Query Q17...
2026-06-18 23:45:56     Query Q17 Score: 0.95
2026-06-18 23:45:56   [18/45] Processing Query Q18...
2026-06-18 23:46:02     Query Q18 Score: 0.85
2026-06-18 23:46:02   [19/45] Processing Query Q19...
2026-06-18 23:46:07     Query Q19 Score: 0.60
2026-06-18 23:46:07   [20/45] Processing Query Q20...
2026-06-18 23:46:13     Query Q20 Score: 0.75
2026-06-18 23:46:13   [21/45] Processing Query Q21...
2026-06-18 23:46:17     Query Q21 Score: 1.00
2026-06-18 23:46:17   [22/45] Processing Query Q22...
2026-06-18 23:46:22     Query Q22 Score: 1.00
2026-06-18 23:46:22   [23/45] Processing Query Q23...
2026-06-18 23:46:28     Query Q23 Score: 1.00
2026-06-18 23:46:28   [24/45] Processing Query Q24...
2026-06-18 23:46:32     Query Q24 Score: 1.00
2026-06-18 23:46:32   [25/45] Processing Query Q25...
2026-06-18 23:46:37     Query Q25 Score: 1.00
2026-06-18 23:46:37   [26/45] Processing Query Q26...
2026-06-18 23:46:41     Query Q26 Score: 1.00
2026-06-18 23:46:41   [27/45] Processing Query Q27...
2026-06-18 23:46:45     Query Q27 Score: 1.00
2026-06-18 23:46:45   [28/45] Processing Query Q28...
2026-06-18 23:46:49     Query Q28 Score: 1.00
2026-06-18 23:46:49   [29/45] Processing Query Q29...
2026-06-18 23:46:55     Query Q29 Score: 1.00
2026-06-18 23:46:55   [30/45] Processing Query Q30...
2026-06-18 23:47:00     Query Q30 Score: 1.00
2026-06-18 23:47:00   [31/45] Processing Query Q31...
2026-06-18 23:47:05     Query Q31 Score: 1.00
2026-06-18 23:47:05   [32/45] Processing Query Q32...
2026-06-18 23:47:11     Query Q32 Score: 0.95
2026-06-18 23:47:11   [33/45] Processing Query Q33...
2026-06-18 23:47:16     Query Q33 Score: 1.00
2026-06-18 23:47:16   [34/45] Processing Query Q34...
2026-06-18 23:47:22     Query Q34 Score: 1.00
2026-06-18 23:47:22   [35/45] Processing Query Q35...
2026-06-18 23:47:25     Query Q35 Score: 0.95
2026-06-18 23:47:25   [36/45] Processing Query Q36...
2026-06-18 23:47:31     Query Q36 Score: 1.00
2026-06-18 23:47:31   [37/45] Processing Query Q37...
2026-06-18 23:47:36     Query Q37 Score: 1.00
2026-06-18 23:47:36   [38/45] Processing Query Q38...
2026-06-18 23:47:41     Query Q38 Score: 0.75
2026-06-18 23:47:41   [39/45] Processing Query Q39...
2026-06-18 23:47:46     Query Q39 Score: 0.95
2026-06-18 23:47:46   [40/45] Processing Query Q40...
2026-06-18 23:47:51     Query Q40 Score: 1.00
2026-06-18 23:47:51   [41/45] Processing Query Q41...
2026-06-18 23:47:57     Query Q41 Score: 0.75
2026-06-18 23:47:57   [42/45] Processing Query Q42...
2026-06-18 23:48:02     Query Q42 Score: 1.00
2026-06-18 23:48:02   [43/45] Processing Query Q43...
2026-06-18 23:48:07     Query Q43 Score: 1.00
2026-06-18 23:48:07   [44/45] Processing Query Q48...
2026-06-18 23:48:13     Query Q48 Score: 1.00
2026-06-18 23:48:13   [45/45] Processing Query Q49...
2026-06-18 23:48:28     Query Q49 Score: 1.00
2026-06-18 23:48:28 Saved validation results to /home/virtualuser/model_evaluation/autoresearch/archive/run_20260618_134629/outputs/validation_results_iter102_20260618_234828.csv
2026-06-18 23:48:28 Validation run completed. Overall Mean Score: 0.9089
2026-06-18 23:48:28 Candidate Score: 0.9089 (Delta: -0.0344)
2026-06-18 23:48:28 >>> FAILURE: Score did not improve. Discarding changes.
2026-06-18 23:48:28 Iteration #102 logged successfully to experiments.json.
2026-06-18 23:48:28 
2026-06-18 23:48:28 =========================================
2026-06-18 23:48:28 STARTING ITERATION #103
2026-06-18 23:48:28 =========================================
2026-06-18 23:48:28 Current Champion Score: 0.9433
2026-06-18 23:48:28 Failing queries to fix: 15
2026-06-18 23:48:28 Calling Optimizer Agent to refine instructions...
2026-06-18 23:49:19 Starting validation run on 45 queries...
2026-06-18 23:49:19   [1/45] Processing Query Q01...
2026-06-18 23:49:25     Query Q01 Score: 1.00
2026-06-18 23:49:25   [2/45] Processing Query Q02...
2026-06-18 23:49:30     Query Q02 Score: 1.00
2026-06-18 23:49:30   [3/45] Processing Query Q03...
2026-06-18 23:49:35     Query Q03 Score: 1.00
2026-06-18 23:49:35   [4/45] Processing Query Q04...
2026-06-18 23:49:40     Query Q04 Score: 1.00
2026-06-18 23:49:40   [5/45] Processing Query Q05...
2026-06-18 23:49:45     Query Q05 Score: 0.50
2026-06-18 23:49:45   [6/45] Processing Query Q06...
2026-06-18 23:49:51     Query Q06 Score: 1.00
2026-06-18 23:49:51   [7/45] Processing Query Q07...
2026-06-18 23:49:56     Query Q07 Score: 1.00
2026-06-18 23:49:56   [8/45] Processing Query Q08...
2026-06-18 23:50:01     Query Q08 Score: 1.00
2026-06-18 23:50:01   [9/45] Processing Query Q09...
2026-06-18 23:50:14     Query Q09 Score: 0.40
2026-06-18 23:50:14   [10/45] Processing Query Q10...
2026-06-18 23:50:19     Query Q10 Score: 1.00
2026-06-18 23:50:19   [11/45] Processing Query Q11...
2026-06-18 23:50:27     Query Q11 Score: 0.40
2026-06-18 23:50:27   [12/45] Processing Query Q12...
2026-06-18 23:50:31     Query Q12 Score: 1.00
2026-06-18 23:50:31   [13/45] Processing Query Q13...
2026-06-18 23:50:37     Query Q13 Score: 0.60
2026-06-18 23:50:37   [14/45] Processing Query Q14...
2026-06-18 23:50:41     Query Q14 Score: 0.85
2026-06-18 23:50:41   [15/45] Processing Query Q15...
2026-06-18 23:50:47     Query Q15 Score: 1.00
2026-06-18 23:50:47   [16/45] Processing Query Q16...
2026-06-18 23:50:53     Query Q16 Score: 0.50
2026-06-18 23:50:53   [17/45] Processing Query Q17...
2026-06-18 23:50:58     Query Q17 Score: 0.50
2026-06-18 23:50:58   [18/45] Processing Query Q18...
2026-06-18 23:51:02     Query Q18 Score: 0.85
2026-06-18 23:51:02   [19/45] Processing Query Q19...
2026-06-18 23:51:07     Query Q19 Score: 0.95
2026-06-18 23:51:07   [20/45] Processing Query Q20...
2026-06-18 23:51:12     Query Q20 Score: 1.00
2026-06-18 23:51:12   [21/45] Processing Query Q21...
2026-06-18 23:51:17     Query Q21 Score: 1.00
2026-06-18 23:51:17   [22/45] Processing Query Q22...
2026-06-18 23:51:21     Query Q22 Score: 1.00
2026-06-18 23:51:21   [23/45] Processing Query Q23...
2026-06-18 23:51:28     Query Q23 Score: 1.00
2026-06-18 23:51:28   [24/45] Processing Query Q24...
2026-06-18 23:51:32     Query Q24 Score: 1.00
2026-06-18 23:51:32   [25/45] Processing Query Q25...
2026-06-18 23:51:37     Query Q25 Score: 1.00
2026-06-18 23:51:37   [26/45] Processing Query Q26...
2026-06-18 23:51:41     Query Q26 Score: 1.00
2026-06-18 23:51:41   [27/45] Processing Query Q27...
2026-06-18 23:51:46     Query Q27 Score: 1.00
2026-06-18 23:51:46   [28/45] Processing Query Q28...
2026-06-18 23:51:50     Query Q28 Score: 1.00
2026-06-18 23:51:50   [29/45] Processing Query Q29...
2026-06-18 23:51:56     Query Q29 Score: 0.95
2026-06-18 23:51:56   [30/45] Processing Query Q30...
2026-06-18 23:52:01     Query Q30 Score: 1.00
2026-06-18 23:52:01   [31/45] Processing Query Q31...
2026-06-18 23:52:06     Query Q31 Score: 1.00
2026-06-18 23:52:06   [32/45] Processing Query Q32...
2026-06-18 23:52:12     Query Q32 Score: 0.95
2026-06-18 23:52:12   [33/45] Processing Query Q33...
2026-06-18 23:52:22     Query Q33 Score: 1.00
2026-06-18 23:52:22   [34/45] Processing Query Q34...
2026-06-18 23:52:27     Query Q34 Score: 1.00
2026-06-18 23:52:27   [35/45] Processing Query Q35...
2026-06-18 23:52:32     Query Q35 Score: 1.00
2026-06-18 23:52:32   [36/45] Processing Query Q36...
2026-06-18 23:52:37     Query Q36 Score: 0.95
2026-06-18 23:52:37   [37/45] Processing Query Q37...
2026-06-18 23:52:44     Query Q37 Score: 0.65
2026-06-18 23:52:44   [38/45] Processing Query Q38...
2026-06-18 23:52:52     Query Q38 Score: 1.00
2026-06-18 23:52:52   [39/45] Processing Query Q39...
2026-06-18 23:52:57     Query Q39 Score: 1.00
2026-06-18 23:52:57   [40/45] Processing Query Q40...
2026-06-18 23:53:02     Query Q40 Score: 1.00
2026-06-18 23:53:02   [41/45] Processing Query Q41...
2026-06-18 23:53:08     Query Q41 Score: 0.85
2026-06-18 23:53:08   [42/45] Processing Query Q42...
2026-06-18 23:53:12     Query Q42 Score: 1.00
2026-06-18 23:53:12   [43/45] Processing Query Q43...
2026-06-18 23:53:17     Query Q43 Score: 1.00
2026-06-18 23:53:17   [44/45] Processing Query Q48...
2026-06-18 23:53:24     Query Q48 Score: 0.85
2026-06-18 23:53:24   [45/45] Processing Query Q49...
2026-06-18 23:53:31     Query Q49 Score: 0.50
2026-06-18 23:53:31 Saved validation results to /home/virtualuser/model_evaluation/autoresearch/archive/run_20260618_134629/outputs/validation_results_iter103_20260618_235331.csv
2026-06-18 23:53:31 Validation run completed. Overall Mean Score: 0.8944
2026-06-18 23:53:31 Candidate Score: 0.8944 (Delta: -0.0489)
2026-06-18 23:53:31 >>> FAILURE: Score did not improve. Discarding changes.
2026-06-18 23:53:31 Iteration #103 logged successfully to experiments.json.
2026-06-18 23:53:31 
2026-06-18 23:53:31 =========================================
2026-06-18 23:53:31 STARTING ITERATION #104
2026-06-18 23:53:31 =========================================
2026-06-18 23:53:31 Current Champion Score: 0.9433
2026-06-18 23:53:31 Failing queries to fix: 15
2026-06-18 23:53:31 Calling Optimizer Agent to refine instructions...
2026-06-18 23:54:18 Starting validation run on 45 queries...
2026-06-18 23:54:18   [1/45] Processing Query Q01...
2026-06-18 23:54:23     Query Q01 Score: 1.00
2026-06-18 23:54:23   [2/45] Processing Query Q02...
2026-06-18 23:54:28     Query Q02 Score: 0.70
2026-06-18 23:54:28   [3/45] Processing Query Q03...
2026-06-18 23:54:33     Query Q03 Score: 1.00
2026-06-18 23:54:33   [4/45] Processing Query Q04...
2026-06-18 23:54:39     Query Q04 Score: 1.00
2026-06-18 23:54:39   [5/45] Processing Query Q05...
2026-06-18 23:54:44     Query Q05 Score: 0.50
2026-06-18 23:54:44   [6/45] Processing Query Q06...
2026-06-18 23:54:49     Query Q06 Score: 1.00
2026-06-18 23:54:49   [7/45] Processing Query Q07...
2026-06-18 23:54:55     Query Q07 Score: 1.00
2026-06-18 23:54:55   [8/45] Processing Query Q08...
2026-06-18 23:54:59     Query Q08 Score: 1.00
2026-06-18 23:54:59   [9/45] Processing Query Q09...
2026-06-18 23:55:09     Query Q09 Score: 0.50
2026-06-18 23:55:09   [10/45] Processing Query Q10...
2026-06-18 23:55:15     Query Q10 Score: 1.00
2026-06-18 23:55:15   [11/45] Processing Query Q11...
2026-06-18 23:55:21     Query Q11 Score: 0.40
2026-06-18 23:55:21   [12/45] Processing Query Q12...
2026-06-18 23:55:26     Query Q12 Score: 1.00
2026-06-18 23:55:26   [13/45] Processing Query Q13...
2026-06-18 23:55:32     Query Q13 Score: 0.40
2026-06-18 23:55:32   [14/45] Processing Query Q14...
2026-06-18 23:55:37     Query Q14 Score: 0.85
2026-06-18 23:55:37   [15/45] Processing Query Q15...
2026-06-18 23:55:43     Query Q15 Score: 1.00
2026-06-18 23:55:43   [16/45] Processing Query Q16...
2026-06-18 23:55:48     Query Q16 Score: 0.50
2026-06-18 23:55:48   [17/45] Processing Query Q17...
2026-06-18 23:55:53     Query Q17 Score: 1.00
2026-06-18 23:55:53   [18/45] Processing Query Q18...
2026-06-18 23:55:58     Query Q18 Score: 1.00
2026-06-18 23:55:58   [19/45] Processing Query Q19...
2026-06-18 23:56:04     Query Q19 Score: 0.60
2026-06-18 23:56:04   [20/45] Processing Query Q20...
2026-06-18 23:56:08     Query Q20 Score: 0.95
2026-06-18 23:56:08   [21/45] Processing Query Q21...
2026-06-18 23:56:13     Query Q21 Score: 1.00
2026-06-18 23:56:13   [22/45] Processing Query Q22...
2026-06-18 23:56:18     Query Q22 Score: 1.00
2026-06-18 23:56:18   [23/45] Processing Query Q23...
2026-06-18 23:56:46     Query Q23 Score: 0.70
2026-06-18 23:56:46   [24/45] Processing Query Q24...
2026-06-18 23:56:51     Query Q24 Score: 1.00
2026-06-18 23:56:51   [25/45] Processing Query Q25...
2026-06-18 23:56:56     Query Q25 Score: 1.00
2026-06-18 23:56:56   [26/45] Processing Query Q26...
2026-06-18 23:57:00     Query Q26 Score: 1.00
2026-06-18 23:57:00   [27/45] Processing Query Q27...
2026-06-18 23:57:05     Query Q27 Score: 1.00
2026-06-18 23:57:05   [28/45] Processing Query Q28...
2026-06-18 23:57:09     Query Q28 Score: 1.00
2026-06-18 23:57:09   [29/45] Processing Query Q29...
2026-06-18 23:57:15     Query Q29 Score: 1.00
2026-06-18 23:57:15   [30/45] Processing Query Q30...
2026-06-18 23:57:20     Query Q30 Score: 1.00
2026-06-18 23:57:20   [31/45] Processing Query Q31...
2026-06-18 23:57:24     Query Q31 Score: 1.00
2026-06-18 23:57:24   [32/45] Processing Query Q32...
2026-06-18 23:57:30     Query Q32 Score: 0.95
2026-06-18 23:57:30   [33/45] Processing Query Q33...
2026-06-18 23:57:36     Query Q33 Score: 0.85
2026-06-18 23:57:36   [34/45] Processing Query Q34...
2026-06-18 23:57:42     Query Q34 Score: 1.00
2026-06-18 23:57:42   [35/45] Processing Query Q35...
2026-06-18 23:57:46     Query Q35 Score: 1.00
2026-06-18 23:57:46   [36/45] Processing Query Q36...
2026-06-18 23:57:54     Query Q36 Score: 1.00
2026-06-18 23:57:54   [37/45] Processing Query Q37...
2026-06-18 23:58:00     Query Q37 Score: 0.75
2026-06-18 23:58:00   [38/45] Processing Query Q38...
2026-06-18 23:58:05     Query Q38 Score: 0.75
2026-06-18 23:58:05   [39/45] Processing Query Q39...
2026-06-18 23:58:10     Query Q39 Score: 0.95
2026-06-18 23:58:10   [40/45] Processing Query Q40...
2026-06-18 23:58:15     Query Q40 Score: 1.00
2026-06-18 23:58:15   [41/45] Processing Query Q41...
2026-06-18 23:58:21     Query Q41 Score: 0.85
2026-06-18 23:58:21   [42/45] Processing Query Q42...
2026-06-18 23:58:26     Query Q42 Score: 1.00
2026-06-18 23:58:26   [43/45] Processing Query Q43...
2026-06-18 23:58:30     Query Q43 Score: 0.50
2026-06-18 23:58:30   [44/45] Processing Query Q48...
2026-06-18 23:58:37     Query Q48 Score: 0.90
2026-06-18 23:58:37   [45/45] Processing Query Q49...
2026-06-18 23:59:00     Query Q49 Score: 1.00
2026-06-18 23:59:00 Saved validation results to /home/virtualuser/model_evaluation/autoresearch/archive/run_20260618_134629/outputs/validation_results_iter104_20260618_235900.csv
2026-06-18 23:59:00 Validation run completed. Overall Mean Score: 0.8800
2026-06-18 23:59:00 Candidate Score: 0.8800 (Delta: -0.0633)
2026-06-18 23:59:00 >>> FAILURE: Score did not improve. Discarding changes.
2026-06-18 23:59:00 Iteration #104 logged successfully to experiments.json.
2026-06-18 23:59:00 
2026-06-18 23:59:00 =========================================
2026-06-18 23:59:00 STARTING ITERATION #105
2026-06-18 23:59:00 =========================================
2026-06-18 23:59:00 Current Champion Score: 0.9433
2026-06-18 23:59:00 Failing queries to fix: 15
2026-06-18 23:59:00 Calling Optimizer Agent to refine instructions...
2026-06-18 23:59:46 Starting validation run on 45 queries...
2026-06-18 23:59:46   [1/45] Processing Query Q01...
2026-06-18 23:59:51     Query Q01 Score: 1.00
2026-06-18 23:59:51   [2/45] Processing Query Q02...
2026-06-18 23:59:56     Query Q02 Score: 1.00
2026-06-18 23:59:56   [3/45] Processing Query Q03...
2026-06-19 00:00:01     Query Q03 Score: 1.00
2026-06-19 00:00:01   [4/45] Processing Query Q04...
2026-06-19 00:00:06     Query Q04 Score: 1.00
2026-06-19 00:00:06   [5/45] Processing Query Q05...
2026-06-19 00:00:12     Query Q05 Score: 0.40
2026-06-19 00:00:12   [6/45] Processing Query Q06...
2026-06-19 00:00:17     Query Q06 Score: 1.00
2026-06-19 00:00:17   [7/45] Processing Query Q07...
2026-06-19 00:00:22     Query Q07 Score: 1.00
2026-06-19 00:00:22   [8/45] Processing Query Q08...
2026-06-19 00:00:27     Query Q08 Score: 1.00
2026-06-19 00:00:27   [9/45] Processing Query Q09...
2026-06-19 00:00:36     Query Q09 Score: 0.75
2026-06-19 00:00:36   [10/45] Processing Query Q10...
2026-06-19 00:00:42     Query Q10 Score: 1.00
2026-06-19 00:00:42   [11/45] Processing Query Q11...
2026-06-19 00:00:48     Query Q11 Score: 0.40
2026-06-19 00:00:48   [12/45] Processing Query Q12...
2026-06-19 00:00:53     Query Q12 Score: 1.00
2026-06-19 00:00:53   [13/45] Processing Query Q13...
2026-06-19 00:00:58     Query Q13 Score: 0.50
2026-06-19 00:00:58   [14/45] Processing Query Q14...
2026-06-19 00:01:03     Query Q14 Score: 0.85
2026-06-19 00:01:03   [15/45] Processing Query Q15...
2026-06-19 00:01:09     Query Q15 Score: 1.00
2026-06-19 00:01:09   [16/45] Processing Query Q16...
2026-06-19 00:01:14     Query Q16 Score: 0.50
2026-06-19 00:01:14   [17/45] Processing Query Q17...
2026-06-19 00:01:19     Query Q17 Score: 1.00
2026-06-19 00:01:19   [18/45] Processing Query Q18...
2026-06-19 00:01:24     Query Q18 Score: 1.00
2026-06-19 00:01:24   [19/45] Processing Query Q19...
2026-06-19 00:01:29     Query Q19 Score: 0.95
2026-06-19 00:01:29   [20/45] Processing Query Q20...
2026-06-19 00:01:34     Query Q20 Score: 0.95
2026-06-19 00:01:34   [21/45] Processing Query Q21...
2026-06-19 00:01:38     Query Q21 Score: 1.00
2026-06-19 00:01:38   [22/45] Processing Query Q22...
2026-06-19 00:01:43     Query Q22 Score: 1.00
2026-06-19 00:01:43   [23/45] Processing Query Q23...
2026-06-19 00:01:49     Query Q23 Score: 0.95
2026-06-19 00:01:49   [24/45] Processing Query Q24...
2026-06-19 00:01:53     Query Q24 Score: 1.00
2026-06-19 00:01:53   [25/45] Processing Query Q25...
2026-06-19 00:01:58     Query Q25 Score: 1.00
2026-06-19 00:01:58   [26/45] Processing Query Q26...
2026-06-19 00:02:02     Query Q26 Score: 1.00
2026-06-19 00:02:02   [27/45] Processing Query Q27...
2026-06-19 00:02:07     Query Q27 Score: 1.00
2026-06-19 00:02:07   [28/45] Processing Query Q28...
2026-06-19 00:02:11     Query Q28 Score: 1.00
2026-06-19 00:02:11   [29/45] Processing Query Q29...
2026-06-19 00:02:17     Query Q29 Score: 1.00
2026-06-19 00:02:17   [30/45] Processing Query Q30...
2026-06-19 00:02:22     Query Q30 Score: 1.00
2026-06-19 00:02:22   [31/45] Processing Query Q31...
2026-06-19 00:02:27     Query Q31 Score: 1.00
2026-06-19 00:02:27   [32/45] Processing Query Q32...
2026-06-19 00:02:32     Query Q32 Score: 0.95
2026-06-19 00:02:32   [33/45] Processing Query Q33...
2026-06-19 00:02:39     Query Q33 Score: 0.90
2026-06-19 00:02:39   [34/45] Processing Query Q34...
2026-06-19 00:02:43     Query Q34 Score: 0.95
2026-06-19 00:02:43   [35/45] Processing Query Q35...
2026-06-19 00:02:47     Query Q35 Score: 1.00
2026-06-19 00:02:47   [36/45] Processing Query Q36...
2026-06-19 00:02:52     Query Q36 Score: 0.95
2026-06-19 00:02:52   [37/45] Processing Query Q37...
2026-06-19 00:02:58     Query Q37 Score: 0.50
2026-06-19 00:02:58   [38/45] Processing Query Q38...
2026-06-19 00:03:03     Query Q38 Score: 0.75
2026-06-19 00:03:03   [39/45] Processing Query Q39...
2026-06-19 00:03:08     Query Q39 Score: 1.00
2026-06-19 00:03:08   [40/45] Processing Query Q40...
2026-06-19 00:03:13     Query Q40 Score: 1.00
2026-06-19 00:03:13   [41/45] Processing Query Q41...
2026-06-19 00:03:19     Query Q41 Score: 0.95
2026-06-19 00:03:19   [42/45] Processing Query Q42...
2026-06-19 00:03:23     Query Q42 Score: 1.00
2026-06-19 00:03:23   [43/45] Processing Query Q43...
2026-06-19 00:03:29     Query Q43 Score: 1.00
2026-06-19 00:03:29   [44/45] Processing Query Q48...
2026-06-19 00:03:35     Query Q48 Score: 0.90
2026-06-19 00:03:35   [45/45] Processing Query Q49...
2026-06-19 00:03:42     Query Q49 Score: 0.75
2026-06-19 00:03:42 Saved validation results to /home/virtualuser/model_evaluation/autoresearch/archive/run_20260618_134629/outputs/validation_results_iter105_20260619_000342.csv
2026-06-19 00:03:42 Validation run completed. Overall Mean Score: 0.9078
2026-06-19 00:03:42 Candidate Score: 0.9078 (Delta: -0.0356)
2026-06-19 00:03:42 >>> FAILURE: Score did not improve. Discarding changes.
2026-06-19 00:03:42 Iteration #105 logged successfully to experiments.json.
2026-06-19 00:03:42 
2026-06-19 00:03:42 =========================================
2026-06-19 00:03:42 STARTING ITERATION #106
2026-06-19 00:03:42 =========================================
2026-06-19 00:03:42 Current Champion Score: 0.9433
2026-06-19 00:03:42 Failing queries to fix: 15
2026-06-19 00:03:42 Calling Optimizer Agent to refine instructions...
2026-06-19 00:04:22 Starting validation run on 45 queries...
2026-06-19 00:04:22   [1/45] Processing Query Q01...
2026-06-19 00:04:27     Query Q01 Score: 1.00
2026-06-19 00:04:27   [2/45] Processing Query Q02...
2026-06-19 00:04:32     Query Q02 Score: 0.85
2026-06-19 00:04:32   [3/45] Processing Query Q03...
2026-06-19 00:04:37     Query Q03 Score: 1.00
2026-06-19 00:04:37   [4/45] Processing Query Q04...
2026-06-19 00:04:43     Query Q04 Score: 1.00
2026-06-19 00:04:43   [5/45] Processing Query Q05...
2026-06-19 00:04:49     Query Q05 Score: 0.50
2026-06-19 00:04:49   [6/45] Processing Query Q06...
2026-06-19 00:04:54     Query Q06 Score: 1.00
2026-06-19 00:04:54   [7/45] Processing Query Q07...
2026-06-19 00:04:59     Query Q07 Score: 1.00
2026-06-19 00:04:59   [8/45] Processing Query Q08...
2026-06-19 00:05:04     Query Q08 Score: 1.00
2026-06-19 00:05:04   [9/45] Processing Query Q09...
2026-06-19 00:05:20     Query Q09 Score: 0.50
2026-06-19 00:05:20   [10/45] Processing Query Q10...
2026-06-19 00:05:25     Query Q10 Score: 1.00
2026-06-19 00:05:25   [11/45] Processing Query Q11...
2026-06-19 00:05:33     Query Q11 Score: 0.40
2026-06-19 00:05:33   [12/45] Processing Query Q12...
2026-06-19 00:05:38     Query Q12 Score: 1.00
2026-06-19 00:05:38   [13/45] Processing Query Q13...
2026-06-19 00:06:07     Query Q13 Score: 0.20
2026-06-19 00:06:07   [14/45] Processing Query Q14...
2026-06-19 00:06:11     Query Q14 Score: 0.85
2026-06-19 00:06:11   [15/45] Processing Query Q15...
2026-06-19 00:06:17     Query Q15 Score: 1.00
2026-06-19 00:06:17   [16/45] Processing Query Q16...
2026-06-19 00:06:23     Query Q16 Score: 0.50
2026-06-19 00:06:23   [17/45] Processing Query Q17...
2026-06-19 00:06:28     Query Q17 Score: 0.85
2026-06-19 00:06:28   [18/45] Processing Query Q18...
2026-06-19 00:06:33     Query Q18 Score: 1.00
2026-06-19 00:06:33   [19/45] Processing Query Q19...
2026-06-19 00:06:38     Query Q19 Score: 0.95
2026-06-19 00:06:38   [20/45] Processing Query Q20...
2026-06-19 00:06:42     Query Q20 Score: 0.90
2026-06-19 00:06:42   [21/45] Processing Query Q21...
2026-06-19 00:06:47     Query Q21 Score: 1.00
2026-06-19 00:06:47   [22/45] Processing Query Q22...
2026-06-19 00:06:52     Query Q22 Score: 1.00
2026-06-19 00:06:52   [23/45] Processing Query Q23...
2026-06-19 00:06:58     Query Q23 Score: 1.00
2026-06-19 00:06:58   [24/45] Processing Query Q24...
2026-06-19 00:07:02     Query Q24 Score: 1.00
2026-06-19 00:07:02   [25/45] Processing Query Q25...
2026-06-19 00:07:07     Query Q25 Score: 1.00
2026-06-19 00:07:07   [26/45] Processing Query Q26...
2026-06-19 00:07:11     Query Q26 Score: 1.00
2026-06-19 00:07:11   [27/45] Processing Query Q27...
2026-06-19 00:07:15     Query Q27 Score: 1.00
2026-06-19 00:07:15   [28/45] Processing Query Q28...
2026-06-19 00:07:20     Query Q28 Score: 1.00
2026-06-19 00:07:20   [29/45] Processing Query Q29...
2026-06-19 00:07:25     Query Q29 Score: 0.50
2026-06-19 00:07:25   [30/45] Processing Query Q30...
2026-06-19 00:07:30     Query Q30 Score: 1.00
2026-06-19 00:07:30   [31/45] Processing Query Q31...
2026-06-19 00:07:35     Query Q31 Score: 1.00
2026-06-19 00:07:35   [32/45] Processing Query Q32...
2026-06-19 00:07:40     Query Q32 Score: 0.95
2026-06-19 00:07:40   [33/45] Processing Query Q33...
2026-06-19 00:07:46     Query Q33 Score: 1.00
2026-06-19 00:07:46   [34/45] Processing Query Q34...
2026-06-19 00:07:51     Query Q34 Score: 1.00
2026-06-19 00:07:51   [35/45] Processing Query Q35...
2026-06-19 00:07:55     Query Q35 Score: 1.00
2026-06-19 00:07:55   [36/45] Processing Query Q36...
2026-06-19 00:08:05     Query Q36 Score: 1.00
2026-06-19 00:08:05   [37/45] Processing Query Q37...
2026-06-19 00:08:11     Query Q37 Score: 0.95
2026-06-19 00:08:11   [38/45] Processing Query Q38...
2026-06-19 00:08:18     Query Q38 Score: 1.00
2026-06-19 00:08:18   [39/45] Processing Query Q39...
2026-06-19 00:08:22     Query Q39 Score: 1.00
2026-06-19 00:08:22   [40/45] Processing Query Q40...
2026-06-19 00:08:27     Query Q40 Score: 1.00
2026-06-19 00:08:27   [41/45] Processing Query Q41...
2026-06-19 00:08:33     Query Q41 Score: 0.90
2026-06-19 00:08:33   [42/45] Processing Query Q42...
2026-06-19 00:08:37     Query Q42 Score: 1.00
2026-06-19 00:08:37   [43/45] Processing Query Q43...
2026-06-19 00:08:43     Query Q43 Score: 1.00
2026-06-19 00:08:43   [44/45] Processing Query Q48...
2026-06-19 00:08:50     Query Q48 Score: 0.50
2026-06-19 00:08:50   [45/45] Processing Query Q49...
2026-06-19 00:08:56     Query Q49 Score: 0.75
2026-06-19 00:08:56 Saved validation results to /home/virtualuser/model_evaluation/autoresearch/archive/run_20260618_134629/outputs/validation_results_iter106_20260619_000856.csv
2026-06-19 00:08:56 Validation run completed. Overall Mean Score: 0.8900
2026-06-19 00:08:56 Candidate Score: 0.8900 (Delta: -0.0533)
2026-06-19 00:08:56 >>> FAILURE: Score did not improve. Discarding changes.
2026-06-19 00:08:56 Iteration #106 logged successfully to experiments.json.
2026-06-19 00:08:56 Graceful stop flagged via '/home/virtualuser/model_evaluation/autoresearch/stop.txt' file. Exiting loop cleanly.
2026-06-19 00:08:56 
2026-06-19 00:08:56 Optimization process completed.
2026-06-19 00:08:56 Best prompt found at iteration #69 with Score: 0.9433
2026-06-19 00:10:40 Resuming optimization loop from iteration #107.
2026-06-19 00:10:40 Current champion established at iteration #69 with Score: 0.9433
2026-06-19 00:10:40 
2026-06-19 00:10:40 Entering optimization loop...
2026-06-19 00:10:40 
2026-06-19 00:10:40 =========================================
2026-06-19 00:10:40 STARTING ITERATION #107
2026-06-19 00:10:40 =========================================
2026-06-19 00:10:40 Current Champion Score: 0.9433
2026-06-19 00:10:40 Failing queries to fix: 15
2026-06-19 00:10:40 Calling Optimizer Agent to refine instructions...
2026-06-19 00:13:01 Starting validation run on 45 queries...
2026-06-19 00:13:01   [1/45] Processing Query Q01...
2026-06-19 00:13:06     Query Q01 Score: 1.00
2026-06-19 00:13:06   [2/45] Processing Query Q02...
2026-06-19 00:13:12     Query Q02 Score: 0.85
2026-06-19 00:13:12   [3/45] Processing Query Q03...
2026-06-19 00:13:17     Query Q03 Score: 1.00
2026-06-19 00:13:17   [4/45] Processing Query Q04...
2026-06-19 00:13:22     Query Q04 Score: 1.00
2026-06-19 00:13:22   [5/45] Processing Query Q05...
2026-06-19 00:13:29     Query Q05 Score: 0.75
2026-06-19 00:13:29   [6/45] Processing Query Q06...
2026-06-19 00:13:34     Query Q06 Score: 1.00
2026-06-19 00:13:34   [7/45] Processing Query Q07...
2026-06-19 00:13:39     Query Q07 Score: 1.00
2026-06-19 00:13:39   [8/45] Processing Query Q08...
2026-06-19 00:13:44     Query Q08 Score: 1.00
2026-06-19 00:13:44   [9/45] Processing Query Q09...
2026-06-19 00:13:50     Query Q09 Score: 1.00
2026-06-19 00:13:50   [10/45] Processing Query Q10...
2026-06-19 00:13:55     Query Q10 Score: 1.00
2026-06-19 00:13:55   [11/45] Processing Query Q11...
2026-06-19 00:14:02     Query Q11 Score: 0.50
2026-06-19 00:14:02   [12/45] Processing Query Q12...
2026-06-19 00:14:07     Query Q12 Score: 1.00
2026-06-19 00:14:07   [13/45] Processing Query Q13...
2026-06-19 00:14:21     Query Q13 Score: 0.70
2026-06-19 00:14:21   [14/45] Processing Query Q14...
2026-06-19 00:14:25     Query Q14 Score: 0.85
2026-06-19 00:14:25   [15/45] Processing Query Q15...
2026-06-19 00:14:31     Query Q15 Score: 1.00
2026-06-19 00:14:31   [16/45] Processing Query Q16...
2026-06-19 00:14:37     Query Q16 Score: 0.50
2026-06-19 00:14:37   [17/45] Processing Query Q17...
2026-06-19 00:14:42     Query Q17 Score: 1.00
2026-06-19 00:14:42   [18/45] Processing Query Q18...
2026-06-19 00:14:47     Query Q18 Score: 1.00
2026-06-19 00:14:47   [19/45] Processing Query Q19...
2026-06-19 00:14:51     Query Q19 Score: 0.95
2026-06-19 00:14:51   [20/45] Processing Query Q20...
2026-06-19 00:14:56     Query Q20 Score: 0.95
2026-06-19 00:14:56   [21/45] Processing Query Q21...
2026-06-19 00:15:01     Query Q21 Score: 1.00
2026-06-19 00:15:01   [22/45] Processing Query Q22...
2026-06-19 00:15:05     Query Q22 Score: 1.00
2026-06-19 00:15:05   [23/45] Processing Query Q23...
2026-06-19 00:15:11     Query Q23 Score: 0.50
2026-06-19 00:15:11   [24/45] Processing Query Q24...
2026-06-19 00:15:16     Query Q24 Score: 1.00
2026-06-19 00:15:16   [25/45] Processing Query Q25...
2026-06-19 00:15:21     Query Q25 Score: 1.00
2026-06-19 00:15:21   [26/45] Processing Query Q26...
2026-06-19 00:15:25     Query Q26 Score: 1.00
2026-06-19 00:15:25   [27/45] Processing Query Q27...
2026-06-19 00:15:29     Query Q27 Score: 1.00
2026-06-19 00:15:29   [28/45] Processing Query Q28...
2026-06-19 00:15:34     Query Q28 Score: 1.00
2026-06-19 00:15:34   [29/45] Processing Query Q29...
2026-06-19 00:15:39     Query Q29 Score: 1.00
2026-06-19 00:15:39   [30/45] Processing Query Q30...
2026-06-19 00:15:45     Query Q30 Score: 1.00
2026-06-19 00:15:45   [31/45] Processing Query Q31...
2026-06-19 00:15:49     Query Q31 Score: 1.00
2026-06-19 00:15:49   [32/45] Processing Query Q32...
2026-06-19 00:15:55     Query Q32 Score: 0.95
2026-06-19 00:15:55   [33/45] Processing Query Q33...
2026-06-19 00:16:01     Query Q33 Score: 1.00
2026-06-19 00:16:01   [34/45] Processing Query Q34...
2026-06-19 00:16:06     Query Q34 Score: 0.95
2026-06-19 00:16:06   [35/45] Processing Query Q35...
2026-06-19 00:16:10     Query Q35 Score: 1.00
2026-06-19 00:16:10   [36/45] Processing Query Q36...
2026-06-19 00:16:24     Query Q36 Score: 1.00
2026-06-19 00:16:24   [37/45] Processing Query Q37...
2026-06-19 00:16:30     Query Q37 Score: 0.60
2026-06-19 00:16:30   [38/45] Processing Query Q38...
2026-06-19 00:16:36     Query Q38 Score: 1.00
2026-06-19 00:16:36   [39/45] Processing Query Q39...
2026-06-19 00:16:41     Query Q39 Score: 1.00
2026-06-19 00:16:41   [40/45] Processing Query Q40...
2026-06-19 00:16:45     Query Q40 Score: 1.00
2026-06-19 00:16:45   [41/45] Processing Query Q41...
2026-06-19 00:16:51     Query Q41 Score: 0.85
2026-06-19 00:16:51   [42/45] Processing Query Q42...
2026-06-19 00:16:56     Query Q42 Score: 1.00
2026-06-19 00:16:56   [43/45] Processing Query Q43...
2026-06-19 00:17:01     Query Q43 Score: 1.00
2026-06-19 00:17:01   [44/45] Processing Query Q48...
2026-06-19 00:17:07     Query Q48 Score: 0.90
2026-06-19 00:17:07   [45/45] Processing Query Q49...
2026-06-19 00:17:15     Query Q49 Score: 0.40
2026-06-19 00:17:15 Saved validation results to /home/virtualuser/model_evaluation/autoresearch/archive/run_20260618_134629/outputs/validation_results_iter107_20260619_001715.csv
2026-06-19 00:17:15 Validation run completed. Overall Mean Score: 0.9156
2026-06-19 00:17:15 Candidate Score: 0.9156 (Delta: -0.0278)
2026-06-19 00:17:15 >>> FAILURE: Score did not improve. Discarding changes.
2026-06-19 00:17:15 Iteration #107 logged successfully to experiments.json.
2026-06-19 00:17:15 
2026-06-19 00:17:15 =========================================
2026-06-19 00:17:15 STARTING ITERATION #108
2026-06-19 00:17:15 =========================================
2026-06-19 00:17:15 Current Champion Score: 0.9433
2026-06-19 00:17:15 Failing queries to fix: 15
2026-06-19 00:17:15 Calling Optimizer Agent to refine instructions...
2026-06-19 00:19:50 Starting validation run on 45 queries...
2026-06-19 00:19:50   [1/45] Processing Query Q01...
2026-06-19 00:19:55     Query Q01 Score: 1.00
2026-06-19 00:19:55   [2/45] Processing Query Q02...
2026-06-19 00:20:00     Query Q02 Score: 0.85
2026-06-19 00:20:00   [3/45] Processing Query Q03...
2026-06-19 00:20:05     Query Q03 Score: 1.00
2026-06-19 00:20:05   [4/45] Processing Query Q04...
2026-06-19 00:20:11     Query Q04 Score: 1.00
2026-06-19 00:20:11   [5/45] Processing Query Q05...
2026-06-19 00:20:17     Query Q05 Score: 0.75
2026-06-19 00:20:17   [6/45] Processing Query Q06...
2026-06-19 00:20:23     Query Q06 Score: 1.00
2026-06-19 00:20:23   [7/45] Processing Query Q07...
2026-06-19 00:20:28     Query Q07 Score: 1.00
2026-06-19 00:20:28   [8/45] Processing Query Q08...
2026-06-19 00:20:32     Query Q08 Score: 1.00
2026-06-19 00:20:32   [9/45] Processing Query Q09...
2026-06-19 00:20:38     Query Q09 Score: 1.00
2026-06-19 00:20:38   [10/45] Processing Query Q10...
2026-06-19 00:20:43     Query Q10 Score: 1.00
2026-06-19 00:20:43   [11/45] Processing Query Q11...
2026-06-19 00:20:51     Query Q11 Score: 0.30
2026-06-19 00:20:51   [12/45] Processing Query Q12...
2026-06-19 00:20:55     Query Q12 Score: 1.00
2026-06-19 00:20:55   [13/45] Processing Query Q13...
2026-06-19 00:21:00     Query Q13 Score: 0.75
2026-06-19 00:21:00   [14/45] Processing Query Q14...
2026-06-19 00:21:05     Query Q14 Score: 0.85
2026-06-19 00:21:05   [15/45] Processing Query Q15...
2026-06-19 00:21:11     Query Q15 Score: 1.00
2026-06-19 00:21:11   [16/45] Processing Query Q16...
2026-06-19 00:21:16     Query Q16 Score: 0.50
2026-06-19 00:21:16   [17/45] Processing Query Q17...
2026-06-19 00:21:21     Query Q17 Score: 1.00
2026-06-19 00:21:21   [18/45] Processing Query Q18...
2026-06-19 00:21:26     Query Q18 Score: 1.00
2026-06-19 00:21:26   [19/45] Processing Query Q19...
2026-06-19 00:21:31     Query Q19 Score: 0.95
2026-06-19 00:21:31   [20/45] Processing Query Q20...
2026-06-19 00:21:35     Query Q20 Score: 0.95
2026-06-19 00:21:35   [21/45] Processing Query Q21...
2026-06-19 00:21:40     Query Q21 Score: 1.00
2026-06-19 00:21:40   [22/45] Processing Query Q22...
2026-06-19 00:21:45     Query Q22 Score: 1.00
2026-06-19 00:21:45   [23/45] Processing Query Q23...
2026-06-19 00:21:51     Query Q23 Score: 1.00
2026-06-19 00:21:51   [24/45] Processing Query Q24...
2026-06-19 00:21:55     Query Q24 Score: 1.00
2026-06-19 00:21:55   [25/45] Processing Query Q25...
2026-06-19 00:22:00     Query Q25 Score: 1.00
2026-06-19 00:22:00   [26/45] Processing Query Q26...
2026-06-19 00:22:04     Query Q26 Score: 1.00
2026-06-19 00:22:04   [27/45] Processing Query Q27...
2026-06-19 00:22:08     Query Q27 Score: 1.00
2026-06-19 00:22:08   [28/45] Processing Query Q28...
2026-06-19 00:22:13     Query Q28 Score: 1.00
2026-06-19 00:22:13   [29/45] Processing Query Q29...
2026-06-19 00:22:18     Query Q29 Score: 1.00
2026-06-19 00:22:18   [30/45] Processing Query Q30...
2026-06-19 00:22:24     Query Q30 Score: 1.00
2026-06-19 00:22:24   [31/45] Processing Query Q31...
2026-06-19 00:22:29     Query Q31 Score: 1.00
2026-06-19 00:22:29   [32/45] Processing Query Q32...
2026-06-19 00:22:37     Query Q32 Score: 0.95
2026-06-19 00:22:37   [33/45] Processing Query Q33...
2026-06-19 00:22:43     Query Q33 Score: 1.00
2026-06-19 00:22:43   [34/45] Processing Query Q34...
2026-06-19 00:22:48     Query Q34 Score: 1.00
2026-06-19 00:22:48   [35/45] Processing Query Q35...
2026-06-19 00:22:52     Query Q35 Score: 0.95
2026-06-19 00:22:52   [36/45] Processing Query Q36...
2026-06-19 00:23:00     Query Q36 Score: 1.00
2026-06-19 00:23:00   [37/45] Processing Query Q37...
2026-06-19 00:23:05     Query Q37 Score: 0.85
2026-06-19 00:23:05   [38/45] Processing Query Q38...
2026-06-19 00:23:12     Query Q38 Score: 1.00
2026-06-19 00:23:12   [39/45] Processing Query Q39...
2026-06-19 00:23:17     Query Q39 Score: 1.00
2026-06-19 00:23:17   [40/45] Processing Query Q40...
2026-06-19 00:23:21     Query Q40 Score: 1.00
2026-06-19 00:23:21   [41/45] Processing Query Q41...
2026-06-19 00:23:27     Query Q41 Score: 0.85
2026-06-19 00:23:27   [42/45] Processing Query Q42...
2026-06-19 00:23:32     Query Q42 Score: 1.00
2026-06-19 00:23:32   [43/45] Processing Query Q43...
2026-06-19 00:23:37     Query Q43 Score: 1.00
2026-06-19 00:23:37   [44/45] Processing Query Q48...
2026-06-19 00:23:43     Query Q48 Score: 0.90
2026-06-19 00:23:43   [45/45] Processing Query Q49...
2026-06-19 00:23:51     Query Q49 Score: 0.40
2026-06-19 00:23:51 Saved validation results to /home/virtualuser/model_evaluation/autoresearch/archive/run_20260618_134629/outputs/validation_results_iter108_20260619_002351.csv
2026-06-19 00:23:51 Validation run completed. Overall Mean Score: 0.9289
2026-06-19 00:23:51 Candidate Score: 0.9289 (Delta: -0.0144)
2026-06-19 00:23:51 >>> FAILURE: Score did not improve. Discarding changes.
2026-06-19 00:23:51 Iteration #108 logged successfully to experiments.json.
2026-06-19 00:23:51 
2026-06-19 00:23:51 =========================================
2026-06-19 00:23:51 STARTING ITERATION #109
2026-06-19 00:23:51 =========================================
2026-06-19 00:23:51 Current Champion Score: 0.9433
2026-06-19 00:23:51 Failing queries to fix: 15
2026-06-19 00:23:51 Calling Optimizer Agent to refine instructions...
2026-06-19 00:26:11 Starting validation run on 45 queries...
2026-06-19 00:26:11   [1/45] Processing Query Q01...
2026-06-19 00:26:16     Query Q01 Score: 1.00
2026-06-19 00:26:16   [2/45] Processing Query Q02...
2026-06-19 00:26:22     Query Q02 Score: 1.00
2026-06-19 00:26:22   [3/45] Processing Query Q03...
2026-06-19 00:26:27     Query Q03 Score: 1.00
2026-06-19 00:26:27   [4/45] Processing Query Q04...
2026-06-19 00:26:32     Query Q04 Score: 1.00
2026-06-19 00:26:32   [5/45] Processing Query Q05...
2026-06-19 00:26:38     Query Q05 Score: 0.50
2026-06-19 00:26:38   [6/45] Processing Query Q06...
2026-06-19 00:26:44     Query Q06 Score: 1.00
2026-06-19 00:26:44   [7/45] Processing Query Q07...
2026-06-19 00:26:49     Query Q07 Score: 1.00
2026-06-19 00:26:49   [8/45] Processing Query Q08...
2026-06-19 00:26:53     Query Q08 Score: 1.00
2026-06-19 00:26:53   [9/45] Processing Query Q09...
2026-06-19 00:27:13     Query Q09 Score: 0.50
2026-06-19 00:27:13   [10/45] Processing Query Q10...
2026-06-19 00:27:18     Query Q10 Score: 1.00
2026-06-19 00:27:18   [11/45] Processing Query Q11...
2026-06-19 00:27:26     Query Q11 Score: 0.85
2026-06-19 00:27:26   [12/45] Processing Query Q12...
2026-06-19 00:27:30     Query Q12 Score: 1.00
2026-06-19 00:27:30   [13/45] Processing Query Q13...
2026-06-19 00:27:36     Query Q13 Score: 0.50
2026-06-19 00:27:36   [14/45] Processing Query Q14...
2026-06-19 00:27:40     Query Q14 Score: 0.85
2026-06-19 00:27:40   [15/45] Processing Query Q15...
2026-06-19 00:27:46     Query Q15 Score: 1.00
2026-06-19 00:27:46   [16/45] Processing Query Q16...
2026-06-19 00:27:51     Query Q16 Score: 0.50
2026-06-19 00:27:51   [17/45] Processing Query Q17...
2026-06-19 00:27:56     Query Q17 Score: 1.00
2026-06-19 00:27:56   [18/45] Processing Query Q18...
2026-06-19 00:28:01     Query Q18 Score: 1.00
2026-06-19 00:28:01   [19/45] Processing Query Q19...
2026-06-19 00:28:06     Query Q19 Score: 0.95
2026-06-19 00:28:06   [20/45] Processing Query Q20...
2026-06-19 00:28:11     Query Q20 Score: 0.95
2026-06-19 00:28:11   [21/45] Processing Query Q21...
2026-06-19 00:28:16     Query Q21 Score: 1.00
2026-06-19 00:28:16   [22/45] Processing Query Q22...
2026-06-19 00:28:20     Query Q22 Score: 1.00
2026-06-19 00:28:20   [23/45] Processing Query Q23...
2026-06-19 00:28:26     Query Q23 Score: 0.50
2026-06-19 00:28:26   [24/45] Processing Query Q24...
2026-06-19 00:28:30     Query Q24 Score: 1.00
2026-06-19 00:28:30   [25/45] Processing Query Q25...
2026-06-19 00:28:35     Query Q25 Score: 1.00
2026-06-19 00:28:35   [26/45] Processing Query Q26...
2026-06-19 00:28:39     Query Q26 Score: 1.00
2026-06-19 00:28:39   [27/45] Processing Query Q27...
2026-06-19 00:28:46     Query Q27 Score: 1.00
2026-06-19 00:28:46   [28/45] Processing Query Q28...
2026-06-19 00:28:51     Query Q28 Score: 1.00
2026-06-19 00:28:51   [29/45] Processing Query Q29...
2026-06-19 00:28:56     Query Q29 Score: 1.00
2026-06-19 00:28:56   [30/45] Processing Query Q30...
2026-06-19 00:29:02     Query Q30 Score: 1.00
2026-06-19 00:29:02   [31/45] Processing Query Q31...
2026-06-19 00:29:06     Query Q31 Score: 0.95
2026-06-19 00:29:06   [32/45] Processing Query Q32...
2026-06-19 00:29:12     Query Q32 Score: 0.95
2026-06-19 00:29:12   [33/45] Processing Query Q33...
2026-06-19 00:29:18     Query Q33 Score: 1.00
2026-06-19 00:29:18   [34/45] Processing Query Q34...
2026-06-19 00:29:23     Query Q34 Score: 1.00
2026-06-19 00:29:23   [35/45] Processing Query Q35...
2026-06-19 00:29:27     Query Q35 Score: 1.00
2026-06-19 00:29:27   [36/45] Processing Query Q36...
2026-06-19 00:29:33     Query Q36 Score: 1.00
2026-06-19 00:29:33   [37/45] Processing Query Q37...
2026-06-19 00:29:38     Query Q37 Score: 1.00
2026-06-19 00:29:38   [38/45] Processing Query Q38...
2026-06-19 00:29:43     Query Q38 Score: 0.85
2026-06-19 00:29:43   [39/45] Processing Query Q39...
2026-06-19 00:29:47     Query Q39 Score: 0.95
2026-06-19 00:29:47   [40/45] Processing Query Q40...
2026-06-19 00:29:52     Query Q40 Score: 1.00
2026-06-19 00:29:52   [41/45] Processing Query Q41...
2026-06-19 00:29:58     Query Q41 Score: 0.85
2026-06-19 00:29:58   [42/45] Processing Query Q42...
2026-06-19 00:30:03     Query Q42 Score: 1.00
2026-06-19 00:30:03   [43/45] Processing Query Q43...
2026-06-19 00:30:08     Query Q43 Score: 1.00
2026-06-19 00:30:08   [44/45] Processing Query Q48...
2026-06-19 00:30:14     Query Q48 Score: 0.85
2026-06-19 00:30:14   [45/45] Processing Query Q49...
2026-06-19 00:30:22     Query Q49 Score: 0.50
2026-06-19 00:30:22 Saved validation results to /home/virtualuser/model_evaluation/autoresearch/archive/run_20260618_134629/outputs/validation_results_iter109_20260619_003022.csv
2026-06-19 00:30:22 Validation run completed. Overall Mean Score: 0.9111
2026-06-19 00:30:22 Candidate Score: 0.9111 (Delta: -0.0322)
2026-06-19 00:30:22 >>> FAILURE: Score did not improve. Discarding changes.
2026-06-19 00:30:22 Iteration #109 logged successfully to experiments.json.
2026-06-19 00:30:22 
2026-06-19 00:30:22 =========================================
2026-06-19 00:30:22 STARTING ITERATION #110
2026-06-19 00:30:22 =========================================
2026-06-19 00:30:22 Current Champion Score: 0.9433
2026-06-19 00:30:22 Failing queries to fix: 15
2026-06-19 00:30:22 Calling Optimizer Agent to refine instructions...
2026-06-19 00:32:40 Starting validation run on 45 queries...
2026-06-19 00:32:40   [1/45] Processing Query Q01...
2026-06-19 00:32:45     Query Q01 Score: 1.00
2026-06-19 00:32:45   [2/45] Processing Query Q02...
2026-06-19 00:32:51     Query Q02 Score: 1.00
2026-06-19 00:32:51   [3/45] Processing Query Q03...
2026-06-19 00:32:55     Query Q03 Score: 1.00
2026-06-19 00:32:55   [4/45] Processing Query Q04...
2026-06-19 00:33:01     Query Q04 Score: 1.00
2026-06-19 00:33:01   [5/45] Processing Query Q05...
2026-06-19 00:33:07     Query Q05 Score: 0.70
2026-06-19 00:33:07   [6/45] Processing Query Q06...
2026-06-19 00:33:12     Query Q06 Score: 1.00
2026-06-19 00:33:12   [7/45] Processing Query Q07...
2026-06-19 00:33:17     Query Q07 Score: 1.00
2026-06-19 00:33:17   [8/45] Processing Query Q08...
2026-06-19 00:33:22     Query Q08 Score: 1.00
2026-06-19 00:33:22   [9/45] Processing Query Q09...
2026-06-19 00:33:39     Query Q09 Score: 0.40
2026-06-19 00:33:39   [10/45] Processing Query Q10...
2026-06-19 00:33:45     Query Q10 Score: 1.00
2026-06-19 00:33:45   [11/45] Processing Query Q11...
2026-06-19 00:33:52     Query Q11 Score: 0.40
2026-06-19 00:33:52   [12/45] Processing Query Q12...
2026-06-19 00:33:56     Query Q12 Score: 1.00
2026-06-19 00:33:56   [13/45] Processing Query Q13...
2026-06-19 00:34:02     Query Q13 Score: 0.50
2026-06-19 00:34:02   [14/45] Processing Query Q14...
2026-06-19 00:34:06     Query Q14 Score: 0.85
2026-06-19 00:34:06   [15/45] Processing Query Q15...
2026-06-19 00:34:12     Query Q15 Score: 1.00
2026-06-19 00:34:12   [16/45] Processing Query Q16...
2026-06-19 00:34:18     Query Q16 Score: 0.50
2026-06-19 00:34:18   [17/45] Processing Query Q17...
2026-06-19 00:34:23     Query Q17 Score: 1.00
2026-06-19 00:34:23   [18/45] Processing Query Q18...
2026-06-19 00:34:27     Query Q18 Score: 1.00
2026-06-19 00:34:27   [19/45] Processing Query Q19...
2026-06-19 00:34:33     Query Q19 Score: 0.60
2026-06-19 00:34:33   [20/45] Processing Query Q20...
2026-06-19 00:34:37     Query Q20 Score: 0.90
2026-06-19 00:34:37   [21/45] Processing Query Q21...
2026-06-19 00:34:42     Query Q21 Score: 1.00
2026-06-19 00:34:42   [22/45] Processing Query Q22...
2026-06-19 00:34:47     Query Q22 Score: 1.00
2026-06-19 00:34:47   [23/45] Processing Query Q23...
2026-06-19 00:34:53     Query Q23 Score: 1.00
2026-06-19 00:34:53   [24/45] Processing Query Q24...
2026-06-19 00:34:58     Query Q24 Score: 0.90
2026-06-19 00:34:58   [25/45] Processing Query Q25...
2026-06-19 00:35:02     Query Q25 Score: 1.00
2026-06-19 00:35:02   [26/45] Processing Query Q26...
2026-06-19 00:35:06     Query Q26 Score: 1.00
2026-06-19 00:35:06   [27/45] Processing Query Q27...
2026-06-19 00:35:11     Query Q27 Score: 0.50
2026-06-19 00:35:11   [28/45] Processing Query Q28...
2026-06-19 00:35:15     Query Q28 Score: 1.00
2026-06-19 00:35:15   [29/45] Processing Query Q29...
2026-06-19 00:35:20     Query Q29 Score: 0.50
2026-06-19 00:35:20   [30/45] Processing Query Q30...
2026-06-19 00:35:25     Query Q30 Score: 1.00
2026-06-19 00:35:25   [31/45] Processing Query Q31...
2026-06-19 00:35:30     Query Q31 Score: 1.00
2026-06-19 00:35:30   [32/45] Processing Query Q32...
2026-06-19 00:35:36     Query Q32 Score: 0.95
2026-06-19 00:35:36   [33/45] Processing Query Q33...
2026-06-19 00:35:46     Query Q33 Score: 1.00
2026-06-19 00:35:46   [34/45] Processing Query Q34...
2026-06-19 00:35:51     Query Q34 Score: 1.00
2026-06-19 00:35:51   [35/45] Processing Query Q35...
2026-06-19 00:35:55     Query Q35 Score: 1.00
2026-06-19 00:35:55   [36/45] Processing Query Q36...
2026-06-19 00:36:11     Query Q36 Score: 0.50
2026-06-19 00:36:11   [37/45] Processing Query Q37...
2026-06-19 00:36:17     Query Q37 Score: 0.95
2026-06-19 00:36:17   [38/45] Processing Query Q38...
2026-06-19 00:36:22     Query Q38 Score: 0.85
2026-06-19 00:36:22   [39/45] Processing Query Q39...
2026-06-19 00:36:26     Query Q39 Score: 0.95
2026-06-19 00:36:26   [40/45] Processing Query Q40...
2026-06-19 00:36:31     Query Q40 Score: 1.00
2026-06-19 00:36:31   [41/45] Processing Query Q41...
2026-06-19 00:36:37     Query Q41 Score: 0.90
2026-06-19 00:36:37   [42/45] Processing Query Q42...
2026-06-19 00:36:41     Query Q42 Score: 1.00
2026-06-19 00:36:41   [43/45] Processing Query Q43...
2026-06-19 00:36:47     Query Q43 Score: 1.00
2026-06-19 00:36:47   [44/45] Processing Query Q48...
2026-06-19 00:36:53     Query Q48 Score: 1.00
2026-06-19 00:36:53   [45/45] Processing Query Q49...
2026-06-19 00:37:00     Query Q49 Score: 0.40
2026-06-19 00:37:00 Saved validation results to /home/virtualuser/model_evaluation/autoresearch/archive/run_20260618_134629/outputs/validation_results_iter110_20260619_003700.csv
2026-06-19 00:37:00 Validation run completed. Overall Mean Score: 0.8722
2026-06-19 00:37:00 Candidate Score: 0.8722 (Delta: -0.0711)
2026-06-19 00:37:00 >>> FAILURE: Score did not improve. Discarding changes.
2026-06-19 00:37:00 Iteration #110 logged successfully to experiments.json.
2026-06-19 00:37:00 
2026-06-19 00:37:00 =========================================
2026-06-19 00:37:00 STARTING ITERATION #111
2026-06-19 00:37:00 =========================================
2026-06-19 00:37:00 Current Champion Score: 0.9433
2026-06-19 00:37:00 Failing queries to fix: 15
2026-06-19 00:37:00 Calling Optimizer Agent to refine instructions...
2026-06-19 00:39:36 Starting validation run on 45 queries...
2026-06-19 00:39:36   [1/45] Processing Query Q01...
2026-06-19 00:39:41     Query Q01 Score: 1.00
2026-06-19 00:39:41   [2/45] Processing Query Q02...
2026-06-19 00:39:46     Query Q02 Score: 1.00
2026-06-19 00:39:46   [3/45] Processing Query Q03...
2026-06-19 00:39:51     Query Q03 Score: 1.00
2026-06-19 00:39:51   [4/45] Processing Query Q04...
2026-06-19 00:39:57     Query Q04 Score: 1.00
2026-06-19 00:39:57   [5/45] Processing Query Q05...
2026-06-19 00:40:04     Query Q05 Score: 0.75
2026-06-19 00:40:04   [6/45] Processing Query Q06...
2026-06-19 00:40:09     Query Q06 Score: 1.00
2026-06-19 00:40:09   [7/45] Processing Query Q07...
2026-06-19 00:40:14     Query Q07 Score: 1.00
2026-06-19 00:40:14   [8/45] Processing Query Q08...
2026-06-19 00:40:19     Query Q08 Score: 1.00
2026-06-19 00:40:19   [9/45] Processing Query Q09...
2026-06-19 00:40:34     Query Q09 Score: 0.30
2026-06-19 00:40:34   [10/45] Processing Query Q10...
2026-06-19 00:40:40     Query Q10 Score: 1.00
2026-06-19 00:40:40   [11/45] Processing Query Q11...
2026-06-19 00:40:48     Query Q11 Score: 0.40
2026-06-19 00:40:48   [12/45] Processing Query Q12...
2026-06-19 00:40:53     Query Q12 Score: 1.00
2026-06-19 00:40:53   [13/45] Processing Query Q13...
2026-06-19 00:40:58     Query Q13 Score: 0.85
2026-06-19 00:40:58   [14/45] Processing Query Q14...
2026-06-19 00:41:03     Query Q14 Score: 0.40
2026-06-19 00:41:03   [15/45] Processing Query Q15...
2026-06-19 00:41:09     Query Q15 Score: 1.00
2026-06-19 00:41:09   [16/45] Processing Query Q16...
2026-06-19 00:41:14     Query Q16 Score: 0.50
2026-06-19 00:41:14   [17/45] Processing Query Q17...
2026-06-19 00:41:19     Query Q17 Score: 1.00
2026-06-19 00:41:19   [18/45] Processing Query Q18...
2026-06-19 00:41:24     Query Q18 Score: 1.00
2026-06-19 00:41:24   [19/45] Processing Query Q19...
2026-06-19 00:41:29     Query Q19 Score: 0.95
2026-06-19 00:41:29   [20/45] Processing Query Q20...
2026-06-19 00:41:34     Query Q20 Score: 0.95
2026-06-19 00:41:34   [21/45] Processing Query Q21...
2026-06-19 00:41:38     Query Q21 Score: 1.00
2026-06-19 00:41:38   [22/45] Processing Query Q22...
2026-06-19 00:41:43     Query Q22 Score: 1.00
2026-06-19 00:41:43   [23/45] Processing Query Q23...
2026-06-19 00:41:49     Query Q23 Score: 0.95
2026-06-19 00:41:49   [24/45] Processing Query Q24...
2026-06-19 00:41:53     Query Q24 Score: 1.00
2026-06-19 00:41:53   [25/45] Processing Query Q25...
2026-06-19 00:41:58     Query Q25 Score: 1.00
2026-06-19 00:41:58   [26/45] Processing Query Q26...
2026-06-19 00:42:02     Query Q26 Score: 1.00
2026-06-19 00:42:02   [27/45] Processing Query Q27...
2026-06-19 00:42:07     Query Q27 Score: 1.00
2026-06-19 00:42:07   [28/45] Processing Query Q28...
2026-06-19 00:42:11     Query Q28 Score: 1.00
2026-06-19 00:42:11   [29/45] Processing Query Q29...
2026-06-19 00:42:16     Query Q29 Score: 0.95
2026-06-19 00:42:16   [30/45] Processing Query Q30...
2026-06-19 00:42:22     Query Q30 Score: 1.00
2026-06-19 00:42:22   [31/45] Processing Query Q31...
2026-06-19 00:42:26     Query Q31 Score: 1.00
2026-06-19 00:42:26   [32/45] Processing Query Q32...
2026-06-19 00:42:35     Query Q32 Score: 0.95
2026-06-19 00:42:35   [33/45] Processing Query Q33...
2026-06-19 00:42:41     Query Q33 Score: 1.00
2026-06-19 00:42:41   [34/45] Processing Query Q34...
2026-06-19 00:42:46     Query Q34 Score: 1.00
2026-06-19 00:42:46   [35/45] Processing Query Q35...
2026-06-19 00:42:50     Query Q35 Score: 1.00
2026-06-19 00:42:50   [36/45] Processing Query Q36...
2026-06-19 00:43:00     Query Q36 Score: 1.00
2026-06-19 00:43:00   [37/45] Processing Query Q37...
2026-06-19 00:43:06     Query Q37 Score: 0.75
2026-06-19 00:43:06   [38/45] Processing Query Q38...
2026-06-19 00:43:13     Query Q38 Score: 1.00
2026-06-19 00:43:13   [39/45] Processing Query Q39...
2026-06-19 00:43:18     Query Q39 Score: 1.00
2026-06-19 00:43:18   [40/45] Processing Query Q40...
2026-06-19 00:43:22     Query Q40 Score: 1.00
2026-06-19 00:43:22   [41/45] Processing Query Q41...
2026-06-19 00:43:28     Query Q41 Score: 0.85
2026-06-19 00:43:28   [42/45] Processing Query Q42...
2026-06-19 00:43:33     Query Q42 Score: 1.00
2026-06-19 00:43:33   [43/45] Processing Query Q43...
2026-06-19 00:43:38     Query Q43 Score: 1.00
2026-06-19 00:43:38   [44/45] Processing Query Q48...
2026-06-19 00:43:45     Query Q48 Score: 0.50
2026-06-19 00:43:45   [45/45] Processing Query Q49...
2026-06-19 00:43:52     Query Q49 Score: 0.50
2026-06-19 00:43:52 Saved validation results to /home/virtualuser/model_evaluation/autoresearch/archive/run_20260618_134629/outputs/validation_results_iter111_20260619_004352.csv
2026-06-19 00:43:52 Validation run completed. Overall Mean Score: 0.9011
2026-06-19 00:43:52 Candidate Score: 0.9011 (Delta: -0.0422)
2026-06-19 00:43:52 >>> FAILURE: Score did not improve. Discarding changes.
2026-06-19 00:43:52 Iteration #111 logged successfully to experiments.json.
2026-06-19 00:43:52 
2026-06-19 00:43:52 =========================================
2026-06-19 00:43:52 STARTING ITERATION #112
2026-06-19 00:43:52 =========================================
2026-06-19 00:43:52 Current Champion Score: 0.9433
2026-06-19 00:43:52 Failing queries to fix: 15
2026-06-19 00:43:52 Calling Optimizer Agent to refine instructions...
2026-06-19 00:46:16 Starting validation run on 45 queries...
2026-06-19 00:46:16   [1/45] Processing Query Q01...
2026-06-19 00:46:21     Query Q01 Score: 1.00
2026-06-19 00:46:21   [2/45] Processing Query Q02...
2026-06-19 00:46:26     Query Q02 Score: 1.00
2026-06-19 00:46:26   [3/45] Processing Query Q03...
2026-06-19 00:46:32     Query Q03 Score: 1.00
2026-06-19 00:46:32   [4/45] Processing Query Q04...
2026-06-19 00:46:37     Query Q04 Score: 1.00
2026-06-19 00:46:37   [5/45] Processing Query Q05...
2026-06-19 00:46:42     Query Q05 Score: 0.40
2026-06-19 00:46:42   [6/45] Processing Query Q06...
2026-06-19 00:46:48     Query Q06 Score: 1.00
2026-06-19 00:46:48   [7/45] Processing Query Q07...
2026-06-19 00:46:53     Query Q07 Score: 1.00
2026-06-19 00:46:53   [8/45] Processing Query Q08...
2026-06-19 00:46:58     Query Q08 Score: 1.00
2026-06-19 00:46:58   [9/45] Processing Query Q09...
2026-06-19 00:47:14     Query Q09 Score: 0.30
2026-06-19 00:47:14   [10/45] Processing Query Q10...
2026-06-19 00:47:20     Query Q10 Score: 1.00
2026-06-19 00:47:20   [11/45] Processing Query Q11...
2026-06-19 00:47:27     Query Q11 Score: 0.40
2026-06-19 00:47:27   [12/45] Processing Query Q12...
2026-06-19 00:47:32     Query Q12 Score: 1.00
2026-06-19 00:47:32   [13/45] Processing Query Q13...
2026-06-19 00:47:38     Query Q13 Score: 0.60
2026-06-19 00:47:38   [14/45] Processing Query Q14...
2026-06-19 00:47:42     Query Q14 Score: 0.85
2026-06-19 00:47:42   [15/45] Processing Query Q15...
2026-06-19 00:47:48     Query Q15 Score: 1.00
2026-06-19 00:47:48   [16/45] Processing Query Q16...
2026-06-19 00:47:54     Query Q16 Score: 0.50
2026-06-19 00:47:54   [17/45] Processing Query Q17...
2026-06-19 00:47:59     Query Q17 Score: 1.00
2026-06-19 00:47:59   [18/45] Processing Query Q18...
2026-06-19 00:48:04     Query Q18 Score: 1.00
2026-06-19 00:48:04   [19/45] Processing Query Q19...
2026-06-19 00:48:09     Query Q19 Score: 0.95
2026-06-19 00:48:09   [20/45] Processing Query Q20...
2026-06-19 00:48:14     Query Q20 Score: 0.95
2026-06-19 00:48:14   [21/45] Processing Query Q21...
2026-06-19 00:48:18     Query Q21 Score: 1.00
2026-06-19 00:48:18   [22/45] Processing Query Q22...
2026-06-19 00:48:23     Query Q22 Score: 1.00
2026-06-19 00:48:23   [23/45] Processing Query Q23...
2026-06-19 00:48:29     Query Q23 Score: 0.95
2026-06-19 00:48:29   [24/45] Processing Query Q24...
2026-06-19 00:48:36     Query Q24 Score: 1.00
2026-06-19 00:48:36   [25/45] Processing Query Q25...
2026-06-19 00:48:40     Query Q25 Score: 1.00
2026-06-19 00:48:40   [26/45] Processing Query Q26...
2026-06-19 00:48:44     Query Q26 Score: 1.00
2026-06-19 00:48:44   [27/45] Processing Query Q27...
2026-06-19 00:48:55     Query Q27 Score: 1.00
2026-06-19 00:48:55   [28/45] Processing Query Q28...
2026-06-19 00:49:00     Query Q28 Score: 1.00
2026-06-19 00:49:00   [29/45] Processing Query Q29...
2026-06-19 00:49:05     Query Q29 Score: 1.00
2026-06-19 00:49:05   [30/45] Processing Query Q30...
2026-06-19 00:49:11     Query Q30 Score: 1.00
2026-06-19 00:49:11   [31/45] Processing Query Q31...
2026-06-19 00:49:16     Query Q31 Score: 1.00
2026-06-19 00:49:16   [32/45] Processing Query Q32...
2026-06-19 00:49:27     Query Q32 Score: 0.95
2026-06-19 00:49:27   [33/45] Processing Query Q33...
2026-06-19 00:49:33     Query Q33 Score: 1.00
2026-06-19 00:49:33   [34/45] Processing Query Q34...
2026-06-19 00:49:38     Query Q34 Score: 1.00
2026-06-19 00:49:38   [35/45] Processing Query Q35...
2026-06-19 00:49:42     Query Q35 Score: 1.00
2026-06-19 00:49:42   [36/45] Processing Query Q36...
2026-06-19 00:49:50     Query Q36 Score: 1.00
2026-06-19 00:49:50   [37/45] Processing Query Q37...
2026-06-19 00:49:57     Query Q37 Score: 0.95
2026-06-19 00:49:57   [38/45] Processing Query Q38...
2026-06-19 00:50:02     Query Q38 Score: 0.85
2026-06-19 00:50:02   [39/45] Processing Query Q39...
2026-06-19 00:50:06     Query Q39 Score: 0.95
2026-06-19 00:50:06   [40/45] Processing Query Q40...
2026-06-19 00:50:11     Query Q40 Score: 1.00
2026-06-19 00:50:11   [41/45] Processing Query Q41...
2026-06-19 00:50:16     Query Q41 Score: 0.85
2026-06-19 00:50:16   [42/45] Processing Query Q42...
2026-06-19 00:50:21     Query Q42 Score: 1.00
2026-06-19 00:50:21   [43/45] Processing Query Q43...
2026-06-19 00:50:26     Query Q43 Score: 1.00
2026-06-19 00:50:26   [44/45] Processing Query Q48...
2026-06-19 00:50:32     Query Q48 Score: 0.90
2026-06-19 00:50:32   [45/45] Processing Query Q49...
2026-06-19 00:50:40     Query Q49 Score: 0.60
2026-06-19 00:50:40 Saved validation results to /home/virtualuser/model_evaluation/autoresearch/archive/run_20260618_134629/outputs/validation_results_iter112_20260619_005040.csv
2026-06-19 00:50:40 Validation run completed. Overall Mean Score: 0.9100
2026-06-19 00:50:40 Candidate Score: 0.9100 (Delta: -0.0333)
2026-06-19 00:50:40 >>> FAILURE: Score did not improve. Discarding changes.
2026-06-19 00:50:40 Iteration #112 logged successfully to experiments.json.
2026-06-19 00:50:40 
2026-06-19 00:50:40 =========================================
2026-06-19 00:50:40 STARTING ITERATION #113
2026-06-19 00:50:40 =========================================
2026-06-19 00:50:40 Current Champion Score: 0.9433
2026-06-19 00:50:40 Failing queries to fix: 15
2026-06-19 00:50:40 Calling Optimizer Agent to refine instructions...
2026-06-19 00:53:01 Starting validation run on 45 queries...
2026-06-19 00:53:01   [1/45] Processing Query Q01...
2026-06-19 00:53:07     Query Q01 Score: 1.00
2026-06-19 00:53:07   [2/45] Processing Query Q02...
2026-06-19 00:53:12     Query Q02 Score: 0.85
2026-06-19 00:53:12   [3/45] Processing Query Q03...
2026-06-19 00:53:17     Query Q03 Score: 1.00
2026-06-19 00:53:17   [4/45] Processing Query Q04...
2026-06-19 00:53:22     Query Q04 Score: 1.00
2026-06-19 00:53:22   [5/45] Processing Query Q05...
2026-06-19 00:53:29     Query Q05 Score: 0.75
2026-06-19 00:53:29   [6/45] Processing Query Q06...
2026-06-19 00:53:34     Query Q06 Score: 1.00
2026-06-19 00:53:34   [7/45] Processing Query Q07...
2026-06-19 00:53:40     Query Q07 Score: 1.00
2026-06-19 00:53:40   [8/45] Processing Query Q08...
2026-06-19 00:53:44     Query Q08 Score: 1.00
2026-06-19 00:53:44   [9/45] Processing Query Q09...
2026-06-19 00:53:50     Query Q09 Score: 1.00
2026-06-19 00:53:50   [10/45] Processing Query Q10...
2026-06-19 00:53:56     Query Q10 Score: 1.00
2026-06-19 00:53:56   [11/45] Processing Query Q11...
2026-06-19 00:54:05     Query Q11 Score: 0.40
2026-06-19 00:54:05   [12/45] Processing Query Q12...
2026-06-19 00:54:10     Query Q12 Score: 1.00
2026-06-19 00:54:10   [13/45] Processing Query Q13...
2026-06-19 00:54:15     Query Q13 Score: 0.85
2026-06-19 00:54:15   [14/45] Processing Query Q14...
2026-06-19 00:54:20     Query Q14 Score: 0.40
2026-06-19 00:54:20   [15/45] Processing Query Q15...
2026-06-19 00:54:26     Query Q15 Score: 1.00
2026-06-19 00:54:26   [16/45] Processing Query Q16...
2026-06-19 00:54:35     Query Q16 Score: 1.00
2026-06-19 00:54:35   [17/45] Processing Query Q17...
2026-06-19 00:54:40     Query Q17 Score: 1.00
2026-06-19 00:54:40   [18/45] Processing Query Q18...
2026-06-19 00:54:45     Query Q18 Score: 1.00
2026-06-19 00:54:45   [19/45] Processing Query Q19...
2026-06-19 00:54:49     Query Q19 Score: 0.95
2026-06-19 00:54:49   [20/45] Processing Query Q20...
2026-06-19 00:54:54     Query Q20 Score: 0.95
2026-06-19 00:54:54   [21/45] Processing Query Q21...
2026-06-19 00:54:59     Query Q21 Score: 1.00
2026-06-19 00:54:59   [22/45] Processing Query Q22...
2026-06-19 00:55:04     Query Q22 Score: 1.00
2026-06-19 00:55:04   [23/45] Processing Query Q23...
2026-06-19 00:55:16     Query Q23 Score: 1.00
2026-06-19 00:55:16   [24/45] Processing Query Q24...
2026-06-19 00:55:20     Query Q24 Score: 1.00
2026-06-19 00:55:20   [25/45] Processing Query Q25...
2026-06-19 00:55:26     Query Q25 Score: 1.00
2026-06-19 00:55:26   [26/45] Processing Query Q26...
2026-06-19 00:55:30     Query Q26 Score: 1.00
2026-06-19 00:55:30   [27/45] Processing Query Q27...
2026-06-19 00:55:34     Query Q27 Score: 1.00
2026-06-19 00:55:34   [28/45] Processing Query Q28...
2026-06-19 00:55:38     Query Q28 Score: 1.00
2026-06-19 00:55:38   [29/45] Processing Query Q29...
2026-06-19 00:55:44     Query Q29 Score: 1.00
2026-06-19 00:55:44   [30/45] Processing Query Q30...
2026-06-19 00:55:49     Query Q30 Score: 1.00
2026-06-19 00:55:49   [31/45] Processing Query Q31...
2026-06-19 00:55:54     Query Q31 Score: 1.00
2026-06-19 00:55:54   [32/45] Processing Query Q32...
2026-06-19 00:56:00     Query Q32 Score: 0.95
2026-06-19 00:56:00   [33/45] Processing Query Q33...
2026-06-19 00:56:06     Query Q33 Score: 1.00
2026-06-19 00:56:06   [34/45] Processing Query Q34...
2026-06-19 00:56:11     Query Q34 Score: 1.00
2026-06-19 00:56:11   [35/45] Processing Query Q35...
2026-06-19 00:56:15     Query Q35 Score: 0.95
2026-06-19 00:56:15   [36/45] Processing Query Q36...
2026-06-19 00:56:22     Query Q36 Score: 1.00
2026-06-19 00:56:22   [37/45] Processing Query Q37...
2026-06-19 00:56:28     Query Q37 Score: 1.00
2026-06-19 00:56:28   [38/45] Processing Query Q38...
2026-06-19 00:56:36     Query Q38 Score: 1.00
2026-06-19 00:56:36   [39/45] Processing Query Q39...
2026-06-19 00:56:40     Query Q39 Score: 1.00
2026-06-19 00:56:40   [40/45] Processing Query Q40...
2026-06-19 00:56:45     Query Q40 Score: 1.00
2026-06-19 00:56:45   [41/45] Processing Query Q41...
2026-06-19 00:56:51     Query Q41 Score: 0.85
2026-06-19 00:56:51   [42/45] Processing Query Q42...
2026-06-19 00:56:56     Query Q42 Score: 1.00
2026-06-19 00:56:56   [43/45] Processing Query Q43...
2026-06-19 00:57:01     Query Q43 Score: 1.00
2026-06-19 00:57:01   [44/45] Processing Query Q48...
2026-06-19 00:57:07     Query Q48 Score: 0.95
2026-06-19 00:57:07   [45/45] Processing Query Q49...
2026-06-19 00:57:14     Query Q49 Score: 0.40
2026-06-19 00:57:14 Saved validation results to /home/virtualuser/model_evaluation/autoresearch/archive/run_20260618_134629/outputs/validation_results_iter113_20260619_005714.csv
2026-06-19 00:57:14 Validation run completed. Overall Mean Score: 0.9389
2026-06-19 00:57:14 Candidate Score: 0.9389 (Delta: -0.0044)
2026-06-19 00:57:14 >>> FAILURE: Score did not improve. Discarding changes.
2026-06-19 00:57:14 Iteration #113 logged successfully to experiments.json.
2026-06-19 00:57:14 
2026-06-19 00:57:14 =========================================
2026-06-19 00:57:14 STARTING ITERATION #114
2026-06-19 00:57:14 =========================================
2026-06-19 00:57:14 Current Champion Score: 0.9433
2026-06-19 00:57:14 Failing queries to fix: 15
2026-06-19 00:57:14 Calling Optimizer Agent to refine instructions...
2026-06-19 01:00:06 Starting validation run on 45 queries...
2026-06-19 01:00:06   [1/45] Processing Query Q01...
2026-06-19 01:00:11     Query Q01 Score: 1.00
2026-06-19 01:00:11   [2/45] Processing Query Q02...
2026-06-19 01:00:16     Query Q02 Score: 0.85
2026-06-19 01:00:16   [3/45] Processing Query Q03...
2026-06-19 01:00:21     Query Q03 Score: 1.00
2026-06-19 01:00:21   [4/45] Processing Query Q04...
2026-06-19 01:00:26     Query Q04 Score: 1.00
2026-06-19 01:00:26   [5/45] Processing Query Q05...
2026-06-19 01:00:32     Query Q05 Score: 0.50
2026-06-19 01:00:32   [6/45] Processing Query Q06...
2026-06-19 01:00:38     Query Q06 Score: 1.00
2026-06-19 01:00:38   [7/45] Processing Query Q07...
2026-06-19 01:00:43     Query Q07 Score: 1.00
2026-06-19 01:00:43   [8/45] Processing Query Q08...
2026-06-19 01:00:47     Query Q08 Score: 1.00
2026-06-19 01:00:47   [9/45] Processing Query Q09...
2026-06-19 01:00:53     Query Q09 Score: 1.00
2026-06-19 01:00:53   [10/45] Processing Query Q10...
2026-06-19 01:00:59     Query Q10 Score: 1.00
2026-06-19 01:00:59   [11/45] Processing Query Q11...
2026-06-19 01:01:06     Query Q11 Score: 0.75
2026-06-19 01:01:06   [12/45] Processing Query Q12...
2026-06-19 01:01:10     Query Q12 Score: 1.00
2026-06-19 01:01:10   [13/45] Processing Query Q13...
2026-06-19 01:01:16     Query Q13 Score: 0.75
2026-06-19 01:01:16   [14/45] Processing Query Q14...
2026-06-19 01:01:20     Query Q14 Score: 0.85
2026-06-19 01:01:20   [15/45] Processing Query Q15...
2026-06-19 01:01:26     Query Q15 Score: 1.00
2026-06-19 01:01:26   [16/45] Processing Query Q16...
2026-06-19 01:01:35     Query Q16 Score: 1.00
2026-06-19 01:01:35   [17/45] Processing Query Q17...
2026-06-19 01:01:40     Query Q17 Score: 1.00
2026-06-19 01:01:40   [18/45] Processing Query Q18...
2026-06-19 01:01:45     Query Q18 Score: 1.00
2026-06-19 01:01:45   [19/45] Processing Query Q19...
2026-06-19 01:01:50     Query Q19 Score: 0.95
2026-06-19 01:01:50   [20/45] Processing Query Q20...
2026-06-19 01:01:55     Query Q20 Score: 0.95
2026-06-19 01:01:55   [21/45] Processing Query Q21...
2026-06-19 01:01:59     Query Q21 Score: 1.00
2026-06-19 01:01:59   [22/45] Processing Query Q22...
2026-06-19 01:02:04     Query Q22 Score: 1.00
2026-06-19 01:02:04   [23/45] Processing Query Q23...
2026-06-19 01:02:10     Query Q23 Score: 0.95
2026-06-19 01:02:10   [24/45] Processing Query Q24...
2026-06-19 01:02:14     Query Q24 Score: 1.00
2026-06-19 01:02:14   [25/45] Processing Query Q25...
2026-06-19 01:02:19     Query Q25 Score: 1.00
2026-06-19 01:02:19   [26/45] Processing Query Q26...
2026-06-19 01:02:23     Query Q26 Score: 1.00
2026-06-19 01:02:23   [27/45] Processing Query Q27...
2026-06-19 01:02:27     Query Q27 Score: 1.00
2026-06-19 01:02:27   [28/45] Processing Query Q28...
2026-06-19 01:02:32     Query Q28 Score: 1.00
2026-06-19 01:02:32   [29/45] Processing Query Q29...
2026-06-19 01:02:37     Query Q29 Score: 1.00
2026-06-19 01:02:37   [30/45] Processing Query Q30...
2026-06-19 01:02:43     Query Q30 Score: 1.00
2026-06-19 01:02:43   [31/45] Processing Query Q31...
2026-06-19 01:02:47     Query Q31 Score: 1.00
2026-06-19 01:02:47   [32/45] Processing Query Q32...
2026-06-19 01:02:56     Query Q32 Score: 0.95
2026-06-19 01:02:56   [33/45] Processing Query Q33...
2026-06-19 01:03:02     Query Q33 Score: 1.00
2026-06-19 01:03:02   [34/45] Processing Query Q34...
2026-06-19 01:03:07     Query Q34 Score: 1.00
2026-06-19 01:03:07   [35/45] Processing Query Q35...
2026-06-19 01:03:11     Query Q35 Score: 1.00
2026-06-19 01:03:11   [36/45] Processing Query Q36...
2026-06-19 01:03:18     Query Q36 Score: 1.00
2026-06-19 01:03:18   [37/45] Processing Query Q37...
2026-06-19 01:03:24     Query Q37 Score: 1.00
2026-06-19 01:03:24   [38/45] Processing Query Q38...
2026-06-19 01:03:32     Query Q38 Score: 1.00
2026-06-19 01:03:32   [39/45] Processing Query Q39...
2026-06-19 01:03:36     Query Q39 Score: 1.00
2026-06-19 01:03:36   [40/45] Processing Query Q40...
2026-06-19 01:03:41     Query Q40 Score: 1.00
2026-06-19 01:03:41   [41/45] Processing Query Q41...
2026-06-19 01:03:47     Query Q41 Score: 0.85
2026-06-19 01:03:47   [42/45] Processing Query Q42...
2026-06-19 01:03:51     Query Q42 Score: 0.85
2026-06-19 01:03:51   [43/45] Processing Query Q43...
2026-06-19 01:03:56     Query Q43 Score: 1.00
2026-06-19 01:03:56   [44/45] Processing Query Q48...
2026-06-19 01:04:25     Query Q48 Score: 0.75
2026-06-19 01:04:25   [45/45] Processing Query Q49...
2026-06-19 01:04:32     Query Q49 Score: 0.65
2026-06-19 01:04:32 Saved validation results to /home/virtualuser/model_evaluation/autoresearch/archive/run_20260618_134629/outputs/validation_results_iter114_20260619_010432.csv
2026-06-19 01:04:32 Validation run completed. Overall Mean Score: 0.9467
2026-06-19 01:04:32 Candidate Score: 0.9467 (Delta: +0.0033)
2026-06-19 01:04:32 >>> SUCCESS: Score improved! Saving new champion prompt.
2026-06-19 01:04:32 Iteration #114 logged successfully to experiments.json.
2026-06-19 01:04:32 
2026-06-19 01:04:32 =========================================
2026-06-19 01:04:32 STARTING ITERATION #115
2026-06-19 01:04:32 =========================================
2026-06-19 01:04:32 Current Champion Score: 0.9467
2026-06-19 01:04:32 Failing queries to fix: 13
2026-06-19 01:04:32 Calling Optimizer Agent to refine instructions...
2026-06-19 01:07:02 Starting validation run on 45 queries...
2026-06-19 01:07:02   [1/45] Processing Query Q01...
2026-06-19 01:07:07     Query Q01 Score: 1.00
2026-06-19 01:07:07   [2/45] Processing Query Q02...
2026-06-19 01:07:13     Query Q02 Score: 0.95
2026-06-19 01:07:13   [3/45] Processing Query Q03...
2026-06-19 01:07:18     Query Q03 Score: 1.00
2026-06-19 01:07:18   [4/45] Processing Query Q04...
2026-06-19 01:07:23     Query Q04 Score: 1.00
2026-06-19 01:07:23   [5/45] Processing Query Q05...
2026-06-19 01:07:28     Query Q05 Score: 0.50
2026-06-19 01:07:28   [6/45] Processing Query Q06...
2026-06-19 01:07:34     Query Q06 Score: 1.00
2026-06-19 01:07:34   [7/45] Processing Query Q07...
2026-06-19 01:07:39     Query Q07 Score: 1.00
2026-06-19 01:07:39   [8/45] Processing Query Q08...
2026-06-19 01:07:44     Query Q08 Score: 1.00
2026-06-19 01:07:44   [9/45] Processing Query Q09...
2026-06-19 01:07:53     Query Q09 Score: 0.40
2026-06-19 01:07:53   [10/45] Processing Query Q10...
2026-06-19 01:07:59     Query Q10 Score: 1.00
2026-06-19 01:07:59   [11/45] Processing Query Q11...
2026-06-19 01:08:06     Query Q11 Score: 0.40
2026-06-19 01:08:06   [12/45] Processing Query Q12...
2026-06-19 01:08:11     Query Q12 Score: 1.00
2026-06-19 01:08:11   [13/45] Processing Query Q13...
2026-06-19 01:08:17     Query Q13 Score: 0.40
2026-06-19 01:08:17   [14/45] Processing Query Q14...
2026-06-19 01:08:23     Query Q14 Score: 0.75
2026-06-19 01:08:23   [15/45] Processing Query Q15...
2026-06-19 01:08:29     Query Q15 Score: 1.00
2026-06-19 01:08:29   [16/45] Processing Query Q16...
2026-06-19 01:08:35     Query Q16 Score: 0.50
2026-06-19 01:08:35   [17/45] Processing Query Q17...
2026-06-19 01:08:39     Query Q17 Score: 0.50
2026-06-19 01:08:39   [18/45] Processing Query Q18...
2026-06-19 01:08:44     Query Q18 Score: 1.00
2026-06-19 01:08:44   [19/45] Processing Query Q19...
2026-06-19 01:08:49     Query Q19 Score: 0.95
2026-06-19 01:08:49   [20/45] Processing Query Q20...
2026-06-19 01:08:54     Query Q20 Score: 0.95
2026-06-19 01:08:54   [21/45] Processing Query Q21...
2026-06-19 01:08:58     Query Q21 Score: 1.00
2026-06-19 01:08:58   [22/45] Processing Query Q22...
2026-06-19 01:09:03     Query Q22 Score: 1.00
2026-06-19 01:09:03   [23/45] Processing Query Q23...
2026-06-19 01:09:25     Query Q23 Score: 0.60
2026-06-19 01:09:25   [24/45] Processing Query Q24...
2026-06-19 01:09:29     Query Q24 Score: 1.00
2026-06-19 01:09:29   [25/45] Processing Query Q25...
2026-06-19 01:09:34     Query Q25 Score: 1.00
2026-06-19 01:09:34   [26/45] Processing Query Q26...
2026-06-19 01:09:38     Query Q26 Score: 1.00
2026-06-19 01:09:38   [27/45] Processing Query Q27...
2026-06-19 01:09:43     Query Q27 Score: 1.00
2026-06-19 01:09:43   [28/45] Processing Query Q28...
2026-06-19 01:09:47     Query Q28 Score: 1.00
2026-06-19 01:09:47   [29/45] Processing Query Q29...
2026-06-19 01:09:52     Query Q29 Score: 0.50
2026-06-19 01:09:52   [30/45] Processing Query Q30...
2026-06-19 01:09:57     Query Q30 Score: 1.00
2026-06-19 01:09:57   [31/45] Processing Query Q31...
2026-06-19 01:10:02     Query Q31 Score: 1.00
2026-06-19 01:10:02   [32/45] Processing Query Q32...
2026-06-19 01:10:08     Query Q32 Score: 0.95
2026-06-19 01:10:08   [33/45] Processing Query Q33...
2026-06-19 01:10:15     Query Q33 Score: 0.75
2026-06-19 01:10:15   [34/45] Processing Query Q34...
2026-06-19 01:10:20     Query Q34 Score: 1.00
2026-06-19 01:10:20   [35/45] Processing Query Q35...
2026-06-19 01:10:24     Query Q35 Score: 1.00
2026-06-19 01:10:24   [36/45] Processing Query Q36...
2026-06-19 01:10:29     Query Q36 Score: 1.00
2026-06-19 01:10:29   [37/45] Processing Query Q37...
2026-06-19 01:10:35     Query Q37 Score: 1.00
2026-06-19 01:10:35   [38/45] Processing Query Q38...
2026-06-19 01:10:42     Query Q38 Score: 1.00
2026-06-19 01:10:42   [39/45] Processing Query Q39...
2026-06-19 01:10:46     Query Q39 Score: 1.00
2026-06-19 01:10:46   [40/45] Processing Query Q40...
2026-06-19 01:10:51     Query Q40 Score: 1.00
2026-06-19 01:10:51   [41/45] Processing Query Q41...
2026-06-19 01:10:57     Query Q41 Score: 0.85
2026-06-19 01:10:57   [42/45] Processing Query Q42...
2026-06-19 01:11:01     Query Q42 Score: 1.00
2026-06-19 01:11:01   [43/45] Processing Query Q43...
2026-06-19 01:11:06     Query Q43 Score: 1.00
2026-06-19 01:11:06   [44/45] Processing Query Q48...
2026-06-19 01:11:23     Query Q48 Score: 1.00
2026-06-19 01:11:23   [45/45] Processing Query Q49...
2026-06-19 01:11:30     Query Q49 Score: 0.75
2026-06-19 01:11:30 Saved validation results to /home/virtualuser/model_evaluation/autoresearch/archive/run_20260618_134629/outputs/validation_results_iter115_20260619_011130.csv
2026-06-19 01:11:30 Validation run completed. Overall Mean Score: 0.8822
2026-06-19 01:11:30 Candidate Score: 0.8822 (Delta: -0.0644)
2026-06-19 01:11:30 >>> FAILURE: Score did not improve. Discarding changes.
2026-06-19 01:11:30 Iteration #115 logged successfully to experiments.json.
2026-06-19 01:11:30 
2026-06-19 01:11:30 =========================================
2026-06-19 01:11:30 STARTING ITERATION #116
2026-06-19 01:11:30 =========================================
2026-06-19 01:11:30 Current Champion Score: 0.9467
2026-06-19 01:11:30 Failing queries to fix: 13
2026-06-19 01:11:30 Calling Optimizer Agent to refine instructions...
2026-06-19 01:14:09 Starting validation run on 45 queries...
2026-06-19 01:14:09   [1/45] Processing Query Q01...
2026-06-19 01:14:14     Query Q01 Score: 1.00
2026-06-19 01:14:14   [2/45] Processing Query Q02...
2026-06-19 01:14:20     Query Q02 Score: 0.95
2026-06-19 01:14:20   [3/45] Processing Query Q03...
2026-06-19 01:14:25     Query Q03 Score: 1.00
2026-06-19 01:14:25   [4/45] Processing Query Q04...
2026-06-19 01:14:30     Query Q04 Score: 1.00
2026-06-19 01:14:30   [5/45] Processing Query Q05...
2026-06-19 01:14:35     Query Q05 Score: 0.40
2026-06-19 01:14:35   [6/45] Processing Query Q06...
2026-06-19 01:14:41     Query Q06 Score: 1.00
2026-06-19 01:14:41   [7/45] Processing Query Q07...
2026-06-19 01:14:46     Query Q07 Score: 1.00
2026-06-19 01:14:46   [8/45] Processing Query Q08...
2026-06-19 01:14:51     Query Q08 Score: 1.00
2026-06-19 01:14:51   [9/45] Processing Query Q09...
2026-06-19 01:15:01     Query Q09 Score: 0.50
2026-06-19 01:15:01   [10/45] Processing Query Q10...
2026-06-19 01:15:06     Query Q10 Score: 1.00
2026-06-19 01:15:06   [11/45] Processing Query Q11...
2026-06-19 01:15:14     Query Q11 Score: 0.60
2026-06-19 01:15:14   [12/45] Processing Query Q12...
2026-06-19 01:15:18     Query Q12 Score: 1.00
2026-06-19 01:15:18   [13/45] Processing Query Q13...
2026-06-19 01:15:25     Query Q13 Score: 0.40
2026-06-19 01:15:25   [14/45] Processing Query Q14...
2026-06-19 01:15:30     Query Q14 Score: 0.85
2026-06-19 01:15:30   [15/45] Processing Query Q15...
2026-06-19 01:15:36     Query Q15 Score: 1.00
2026-06-19 01:15:36   [16/45] Processing Query Q16...
2026-06-19 01:15:42     Query Q16 Score: 0.50
2026-06-19 01:15:42   [17/45] Processing Query Q17...
2026-06-19 01:15:46     Query Q17 Score: 0.50
2026-06-19 01:15:46   [18/45] Processing Query Q18...
2026-06-19 01:15:51     Query Q18 Score: 1.00
2026-06-19 01:15:51   [19/45] Processing Query Q19...
2026-06-19 01:15:56     Query Q19 Score: 0.95
2026-06-19 01:15:56   [20/45] Processing Query Q20...
2026-06-19 01:16:01     Query Q20 Score: 0.90
2026-06-19 01:16:01   [21/45] Processing Query Q21...
2026-06-19 01:16:05     Query Q21 Score: 1.00
2026-06-19 01:16:05   [22/45] Processing Query Q22...
2026-06-19 01:16:10     Query Q22 Score: 1.00
2026-06-19 01:16:10   [23/45] Processing Query Q23...
2026-06-19 01:16:22     Query Q23 Score: 1.00
2026-06-19 01:16:22   [24/45] Processing Query Q24...
2026-06-19 01:16:26     Query Q24 Score: 1.00
2026-06-19 01:16:26   [25/45] Processing Query Q25...
2026-06-19 01:16:31     Query Q25 Score: 1.00
2026-06-19 01:16:31   [26/45] Processing Query Q26...
2026-06-19 01:16:35     Query Q26 Score: 1.00
2026-06-19 01:16:35   [27/45] Processing Query Q27...
2026-06-19 01:16:40     Query Q27 Score: 1.00
2026-06-19 01:16:40   [28/45] Processing Query Q28...
2026-06-19 01:16:44     Query Q28 Score: 1.00
2026-06-19 01:16:44   [29/45] Processing Query Q29...
2026-06-19 01:16:49     Query Q29 Score: 0.50
2026-06-19 01:16:49   [30/45] Processing Query Q30...
2026-06-19 01:16:54     Query Q30 Score: 1.00
2026-06-19 01:16:54   [31/45] Processing Query Q31...
2026-06-19 01:16:59     Query Q31 Score: 1.00
2026-06-19 01:16:59   [32/45] Processing Query Q32...
2026-06-19 01:17:04     Query Q32 Score: 0.95
2026-06-19 01:17:04   [33/45] Processing Query Q33...
2026-06-19 01:17:10     Query Q33 Score: 1.00
2026-06-19 01:17:10   [34/45] Processing Query Q34...
2026-06-19 01:17:15     Query Q34 Score: 1.00
2026-06-19 01:17:15   [35/45] Processing Query Q35...
2026-06-19 01:17:19     Query Q35 Score: 1.00
2026-06-19 01:17:19   [36/45] Processing Query Q36...
2026-06-19 01:17:24     Query Q36 Score: 1.00
2026-06-19 01:17:24   [37/45] Processing Query Q37...
2026-06-19 01:17:29     Query Q37 Score: 0.50
2026-06-19 01:17:29   [38/45] Processing Query Q38...
2026-06-19 01:17:36     Query Q38 Score: 1.00
2026-06-19 01:17:36   [39/45] Processing Query Q39...
2026-06-19 01:17:41     Query Q39 Score: 1.00
2026-06-19 01:17:41   [40/45] Processing Query Q40...
2026-06-19 01:17:45     Query Q40 Score: 1.00
2026-06-19 01:17:45   [41/45] Processing Query Q41...
2026-06-19 01:17:51     Query Q41 Score: 0.85
2026-06-19 01:17:51   [42/45] Processing Query Q42...
2026-06-19 01:17:56     Query Q42 Score: 1.00
2026-06-19 01:17:56   [43/45] Processing Query Q43...
2026-06-19 01:18:01     Query Q43 Score: 1.00
2026-06-19 01:18:01   [44/45] Processing Query Q48...
2026-06-19 01:18:07     Query Q48 Score: 0.90
2026-06-19 01:18:07   [45/45] Processing Query Q49...
2026-06-19 01:18:14     Query Q49 Score: 0.95
2026-06-19 01:18:14 Saved validation results to /home/virtualuser/model_evaluation/autoresearch/archive/run_20260618_134629/outputs/validation_results_iter116_20260619_011814.csv
2026-06-19 01:18:14 Validation run completed. Overall Mean Score: 0.8933
2026-06-19 01:18:14 Candidate Score: 0.8933 (Delta: -0.0533)
2026-06-19 01:18:14 >>> FAILURE: Score did not improve. Discarding changes.
2026-06-19 01:18:14 Iteration #116 logged successfully to experiments.json.
2026-06-19 01:18:14 
2026-06-19 01:18:14 =========================================
2026-06-19 01:18:14 STARTING ITERATION #117
2026-06-19 01:18:14 =========================================
2026-06-19 01:18:14 Current Champion Score: 0.9467
2026-06-19 01:18:14 Failing queries to fix: 13
2026-06-19 01:18:14 Calling Optimizer Agent to refine instructions...
2026-06-19 01:20:40 Starting validation run on 45 queries...
2026-06-19 01:20:40   [1/45] Processing Query Q01...
2026-06-19 01:20:45     Query Q01 Score: 1.00
2026-06-19 01:20:45   [2/45] Processing Query Q02...
2026-06-19 01:20:50     Query Q02 Score: 1.00
2026-06-19 01:20:50   [3/45] Processing Query Q03...
2026-06-19 01:20:55     Query Q03 Score: 1.00
2026-06-19 01:20:55   [4/45] Processing Query Q04...
2026-06-19 01:21:00     Query Q04 Score: 1.00
2026-06-19 01:21:00   [5/45] Processing Query Q05...
2026-06-19 01:21:06     Query Q05 Score: 1.00
2026-06-19 01:21:06   [6/45] Processing Query Q06...
2026-06-19 01:21:11     Query Q06 Score: 1.00
2026-06-19 01:21:11   [7/45] Processing Query Q07...
2026-06-19 01:21:16     Query Q07 Score: 1.00
2026-06-19 01:21:16   [8/45] Processing Query Q08...
2026-06-19 01:21:21     Query Q08 Score: 1.00
2026-06-19 01:21:21   [9/45] Processing Query Q09...
2026-06-19 01:21:27     Query Q09 Score: 0.40
2026-06-19 01:21:27   [10/45] Processing Query Q10...
2026-06-19 01:21:32     Query Q10 Score: 1.00
2026-06-19 01:21:32   [11/45] Processing Query Q11...
2026-06-19 01:21:40     Query Q11 Score: 0.40
2026-06-19 01:21:40   [12/45] Processing Query Q12...
2026-06-19 01:21:45     Query Q12 Score: 1.00
2026-06-19 01:21:45   [13/45] Processing Query Q13...
2026-06-19 01:21:51     Query Q13 Score: 0.20
2026-06-19 01:21:51   [14/45] Processing Query Q14...
2026-06-19 01:21:58     Query Q14 Score: 0.40
2026-06-19 01:21:58   [15/45] Processing Query Q15...
2026-06-19 01:22:04     Query Q15 Score: 1.00
2026-06-19 01:22:04   [16/45] Processing Query Q16...
2026-06-19 01:22:19     Query Q16 Score: 1.00
2026-06-19 01:22:19   [17/45] Processing Query Q17...
2026-06-19 01:22:24     Query Q17 Score: 1.00
2026-06-19 01:22:24   [18/45] Processing Query Q18...
2026-06-19 01:22:29     Query Q18 Score: 1.00
2026-06-19 01:22:29   [19/45] Processing Query Q19...
2026-06-19 01:22:34     Query Q19 Score: 0.75
2026-06-19 01:22:34   [20/45] Processing Query Q20...
2026-06-19 01:22:39     Query Q20 Score: 0.90
2026-06-19 01:22:39   [21/45] Processing Query Q21...
2026-06-19 01:22:44     Query Q21 Score: 1.00
2026-06-19 01:22:44   [22/45] Processing Query Q22...
2026-06-19 01:22:48     Query Q22 Score: 1.00
2026-06-19 01:22:48   [23/45] Processing Query Q23...
2026-06-19 01:22:54     Query Q23 Score: 1.00
2026-06-19 01:22:54   [24/45] Processing Query Q24...
2026-06-19 01:22:59     Query Q24 Score: 1.00
2026-06-19 01:22:59   [25/45] Processing Query Q25...
2026-06-19 01:23:03     Query Q25 Score: 1.00
2026-06-19 01:23:03   [26/45] Processing Query Q26...
2026-06-19 01:23:07     Query Q26 Score: 1.00
2026-06-19 01:23:07   [27/45] Processing Query Q27...
2026-06-19 01:23:12     Query Q27 Score: 1.00
2026-06-19 01:23:12   [28/45] Processing Query Q28...
2026-06-19 01:23:16     Query Q28 Score: 1.00
2026-06-19 01:23:16   [29/45] Processing Query Q29...
2026-06-19 01:23:21     Query Q29 Score: 0.50
2026-06-19 01:23:21   [30/45] Processing Query Q30...
2026-06-19 01:23:26     Query Q30 Score: 1.00
2026-06-19 01:23:26   [31/45] Processing Query Q31...
2026-06-19 01:23:31     Query Q31 Score: 0.95
2026-06-19 01:23:31   [32/45] Processing Query Q32...
2026-06-19 01:23:37     Query Q32 Score: 0.95
2026-06-19 01:23:37   [33/45] Processing Query Q33...
2026-06-19 01:23:43     Query Q33 Score: 0.85
2026-06-19 01:23:43   [34/45] Processing Query Q34...
2026-06-19 01:23:48     Query Q34 Score: 1.00
2026-06-19 01:23:48   [35/45] Processing Query Q35...
2026-06-19 01:23:52     Query Q35 Score: 1.00
2026-06-19 01:23:52   [36/45] Processing Query Q36...
2026-06-19 01:23:57     Query Q36 Score: 1.00
2026-06-19 01:23:57   [37/45] Processing Query Q37...
2026-06-19 01:24:02     Query Q37 Score: 0.50
2026-06-19 01:24:02   [38/45] Processing Query Q38...
2026-06-19 01:24:10     Query Q38 Score: 1.00
2026-06-19 01:24:10   [39/45] Processing Query Q39...
2026-06-19 01:24:14     Query Q39 Score: 1.00
2026-06-19 01:24:14   [40/45] Processing Query Q40...
2026-06-19 01:24:19     Query Q40 Score: 1.00
2026-06-19 01:24:19   [41/45] Processing Query Q41...
2026-06-19 01:24:24     Query Q41 Score: 0.90
2026-06-19 01:24:24   [42/45] Processing Query Q42...
2026-06-19 01:24:29     Query Q42 Score: 1.00
2026-06-19 01:24:29   [43/45] Processing Query Q43...
2026-06-19 01:24:34     Query Q43 Score: 1.00
2026-06-19 01:24:34   [44/45] Processing Query Q48...
2026-06-19 01:24:40     Query Q48 Score: 0.50
2026-06-19 01:24:40   [45/45] Processing Query Q49...
2026-06-19 01:24:47     Query Q49 Score: 0.70
2026-06-19 01:24:47 Saved validation results to /home/virtualuser/model_evaluation/autoresearch/archive/run_20260618_134629/outputs/validation_results_iter117_20260619_012447.csv
2026-06-19 01:24:47 Validation run completed. Overall Mean Score: 0.8867
2026-06-19 01:24:47 Candidate Score: 0.8867 (Delta: -0.0600)
2026-06-19 01:24:47 >>> FAILURE: Score did not improve. Discarding changes.
2026-06-19 01:24:47 Iteration #117 logged successfully to experiments.json.
2026-06-19 01:24:47 
2026-06-19 01:24:47 =========================================
2026-06-19 01:24:47 STARTING ITERATION #118
2026-06-19 01:24:47 =========================================
2026-06-19 01:24:47 Current Champion Score: 0.9467
2026-06-19 01:24:47 Failing queries to fix: 13
2026-06-19 01:24:47 Calling Optimizer Agent to refine instructions...
2026-06-19 01:27:06 Starting validation run on 45 queries...
2026-06-19 01:27:06   [1/45] Processing Query Q01...
2026-06-19 01:27:11     Query Q01 Score: 1.00
2026-06-19 01:27:11   [2/45] Processing Query Q02...
2026-06-19 01:27:16     Query Q02 Score: 0.85
2026-06-19 01:27:16   [3/45] Processing Query Q03...
2026-06-19 01:27:22     Query Q03 Score: 1.00
2026-06-19 01:27:22   [4/45] Processing Query Q04...
2026-06-19 01:27:27     Query Q04 Score: 1.00
2026-06-19 01:27:27   [5/45] Processing Query Q05...
2026-06-19 01:27:32     Query Q05 Score: 0.40
2026-06-19 01:27:32   [6/45] Processing Query Q06...
2026-06-19 01:27:38     Query Q06 Score: 1.00
2026-06-19 01:27:38   [7/45] Processing Query Q07...
2026-06-19 01:27:43     Query Q07 Score: 1.00
2026-06-19 01:27:43   [8/45] Processing Query Q08...
2026-06-19 01:27:48     Query Q08 Score: 1.00
2026-06-19 01:27:48   [9/45] Processing Query Q09...
2026-06-19 01:27:58     Query Q09 Score: 0.50
2026-06-19 01:27:58   [10/45] Processing Query Q10...
2026-06-19 01:28:03     Query Q10 Score: 1.00
2026-06-19 01:28:03   [11/45] Processing Query Q11...
2026-06-19 01:28:12     Query Q11 Score: 0.50
2026-06-19 01:28:12   [12/45] Processing Query Q12...
2026-06-19 01:28:16     Query Q12 Score: 1.00
2026-06-19 01:28:16   [13/45] Processing Query Q13...
2026-06-19 01:28:23     Query Q13 Score: 0.30
2026-06-19 01:28:23   [14/45] Processing Query Q14...
2026-06-19 01:28:29     Query Q14 Score: 0.40
2026-06-19 01:28:29   [15/45] Processing Query Q15...
2026-06-19 01:28:35     Query Q15 Score: 1.00
2026-06-19 01:28:35   [16/45] Processing Query Q16...
2026-06-19 01:28:41     Query Q16 Score: 0.50
2026-06-19 01:28:41   [17/45] Processing Query Q17...
2026-06-19 01:28:46     Query Q17 Score: 1.00
2026-06-19 01:28:46   [18/45] Processing Query Q18...
2026-06-19 01:28:50     Query Q18 Score: 1.00
2026-06-19 01:28:50   [19/45] Processing Query Q19...
2026-06-19 01:28:55     Query Q19 Score: 0.95
2026-06-19 01:28:55   [20/45] Processing Query Q20...
2026-06-19 01:29:00     Query Q20 Score: 0.90
2026-06-19 01:29:00   [21/45] Processing Query Q21...
2026-06-19 01:29:05     Query Q21 Score: 1.00
2026-06-19 01:29:05   [22/45] Processing Query Q22...
2026-06-19 01:29:09     Query Q22 Score: 1.00
2026-06-19 01:29:09   [23/45] Processing Query Q23...
2026-06-19 01:29:15     Query Q23 Score: 0.50
2026-06-19 01:29:15   [24/45] Processing Query Q24...
2026-06-19 01:29:19     Query Q24 Score: 1.00
2026-06-19 01:29:19   [25/45] Processing Query Q25...
2026-06-19 01:29:24     Query Q25 Score: 1.00
2026-06-19 01:29:24   [26/45] Processing Query Q26...
2026-06-19 01:29:28     Query Q26 Score: 1.00
2026-06-19 01:29:28   [27/45] Processing Query Q27...
2026-06-19 01:29:33     Query Q27 Score: 1.00
2026-06-19 01:29:33   [28/45] Processing Query Q28...
2026-06-19 01:29:38     Query Q28 Score: 1.00
2026-06-19 01:29:38   [29/45] Processing Query Q29...
2026-06-19 01:29:43     Query Q29 Score: 0.50
2026-06-19 01:29:43   [30/45] Processing Query Q30...
2026-06-19 01:29:48     Query Q30 Score: 1.00
2026-06-19 01:29:48   [31/45] Processing Query Q31...
2026-06-19 01:29:53     Query Q31 Score: 0.75
2026-06-19 01:29:53   [32/45] Processing Query Q32...
2026-06-19 01:29:58     Query Q32 Score: 0.95
2026-06-19 01:29:58   [33/45] Processing Query Q33...
2026-06-19 01:30:04     Query Q33 Score: 1.00
2026-06-19 01:30:04   [34/45] Processing Query Q34...
2026-06-19 01:30:09     Query Q34 Score: 1.00
2026-06-19 01:30:09   [35/45] Processing Query Q35...
2026-06-19 01:30:13     Query Q35 Score: 1.00
2026-06-19 01:30:13   [36/45] Processing Query Q36...
2026-06-19 01:30:21     Query Q36 Score: 1.00
2026-06-19 01:30:21   [37/45] Processing Query Q37...
2026-06-19 01:30:26     Query Q37 Score: 0.50
2026-06-19 01:30:26   [38/45] Processing Query Q38...
2026-06-19 01:30:33     Query Q38 Score: 1.00
2026-06-19 01:30:33   [39/45] Processing Query Q39...
2026-06-19 01:30:37     Query Q39 Score: 1.00
2026-06-19 01:30:37   [40/45] Processing Query Q40...
2026-06-19 01:30:42     Query Q40 Score: 1.00
2026-06-19 01:30:42   [41/45] Processing Query Q41...
2026-06-19 01:30:48     Query Q41 Score: 0.85
2026-06-19 01:30:48   [42/45] Processing Query Q42...
2026-06-19 01:30:52     Query Q42 Score: 1.00
2026-06-19 01:30:52   [43/45] Processing Query Q43...
2026-06-19 01:30:57     Query Q43 Score: 0.50
2026-06-19 01:30:57   [44/45] Processing Query Q48...
2026-06-19 01:31:04     Query Q48 Score: 0.50
2026-06-19 01:31:04   [45/45] Processing Query Q49...
2026-06-19 01:31:11     Query Q49 Score: 0.50
2026-06-19 01:31:11 Saved validation results to /home/virtualuser/model_evaluation/autoresearch/archive/run_20260618_134629/outputs/validation_results_iter118_20260619_013111.csv
2026-06-19 01:31:11 Validation run completed. Overall Mean Score: 0.8411
2026-06-19 01:31:11 Candidate Score: 0.8411 (Delta: -0.1056)
2026-06-19 01:31:11 >>> FAILURE: Score did not improve. Discarding changes.
2026-06-19 01:31:11 Iteration #118 logged successfully to experiments.json.
2026-06-19 01:31:11 
2026-06-19 01:31:11 =========================================
2026-06-19 01:31:11 STARTING ITERATION #119
2026-06-19 01:31:11 =========================================
2026-06-19 01:31:11 Current Champion Score: 0.9467
2026-06-19 01:31:11 Failing queries to fix: 13
2026-06-19 01:31:11 Calling Optimizer Agent to refine instructions...
2026-06-19 01:33:34 Starting validation run on 45 queries...
2026-06-19 01:33:34   [1/45] Processing Query Q01...
2026-06-19 01:33:39     Query Q01 Score: 1.00
2026-06-19 01:33:39   [2/45] Processing Query Q02...
2026-06-19 01:33:44     Query Q02 Score: 0.70
2026-06-19 01:33:44   [3/45] Processing Query Q03...
2026-06-19 01:33:49     Query Q03 Score: 1.00
2026-06-19 01:33:49   [4/45] Processing Query Q04...
2026-06-19 01:33:55     Query Q04 Score: 1.00
2026-06-19 01:33:55   [5/45] Processing Query Q05...
2026-06-19 01:34:00     Query Q05 Score: 0.50
2026-06-19 01:34:00   [6/45] Processing Query Q06...
2026-06-19 01:34:06     Query Q06 Score: 1.00
2026-06-19 01:34:06   [7/45] Processing Query Q07...
2026-06-19 01:34:11     Query Q07 Score: 1.00
2026-06-19 01:34:11   [8/45] Processing Query Q08...
2026-06-19 01:34:16     Query Q08 Score: 1.00
2026-06-19 01:34:16   [9/45] Processing Query Q09...
2026-06-19 01:34:28     Query Q09 Score: 0.40
2026-06-19 01:34:28   [10/45] Processing Query Q10...
2026-06-19 01:34:34     Query Q10 Score: 1.00
2026-06-19 01:34:34   [11/45] Processing Query Q11...
2026-06-19 01:34:42     Query Q11 Score: 0.50
2026-06-19 01:34:42   [12/45] Processing Query Q12...
2026-06-19 01:34:46     Query Q12 Score: 1.00
2026-06-19 01:34:46   [13/45] Processing Query Q13...
2026-06-19 01:34:52     Query Q13 Score: 0.40
2026-06-19 01:34:52   [14/45] Processing Query Q14...
2026-06-19 01:34:59     Query Q14 Score: 0.40
2026-06-19 01:34:59   [15/45] Processing Query Q15...
2026-06-19 01:35:05     Query Q15 Score: 1.00
2026-06-19 01:35:05   [16/45] Processing Query Q16...
2026-06-19 01:35:10     Query Q16 Score: 0.50
2026-06-19 01:35:10   [17/45] Processing Query Q17...
2026-06-19 01:35:15     Query Q17 Score: 1.00
2026-06-19 01:35:15   [18/45] Processing Query Q18...
2026-06-19 01:35:20     Query Q18 Score: 1.00
2026-06-19 01:35:20   [19/45] Processing Query Q19...
2026-06-19 01:35:25     Query Q19 Score: 0.60
2026-06-19 01:35:25   [20/45] Processing Query Q20...
2026-06-19 01:35:30     Query Q20 Score: 0.90
2026-06-19 01:35:30   [21/45] Processing Query Q21...
2026-06-19 01:35:35     Query Q21 Score: 1.00
2026-06-19 01:35:35   [22/45] Processing Query Q22...
2026-06-19 01:35:39     Query Q22 Score: 1.00
2026-06-19 01:35:39   [23/45] Processing Query Q23...
2026-06-19 01:35:45     Query Q23 Score: 0.75
2026-06-19 01:35:45   [24/45] Processing Query Q24...
2026-06-19 01:35:54     Query Q24 Score: 1.00
2026-06-19 01:35:54   [25/45] Processing Query Q25...
2026-06-19 01:35:58     Query Q25 Score: 1.00
2026-06-19 01:35:58   [26/45] Processing Query Q26...
2026-06-19 01:36:02     Query Q26 Score: 1.00
2026-06-19 01:36:02   [27/45] Processing Query Q27...
2026-06-19 01:36:07     Query Q27 Score: 1.00
2026-06-19 01:36:07   [28/45] Processing Query Q28...
2026-06-19 01:36:11     Query Q28 Score: 1.00
2026-06-19 01:36:11   [29/45] Processing Query Q29...
2026-06-19 01:36:16     Query Q29 Score: 0.50
2026-06-19 01:36:16   [30/45] Processing Query Q30...
2026-06-19 01:36:22     Query Q30 Score: 1.00
2026-06-19 01:36:22   [31/45] Processing Query Q31...
2026-06-19 01:36:26     Query Q31 Score: 0.75
2026-06-19 01:36:26   [32/45] Processing Query Q32...
2026-06-19 01:36:32     Query Q32 Score: 0.95
2026-06-19 01:36:32   [33/45] Processing Query Q33...
2026-06-19 01:36:37     Query Q33 Score: 1.00
2026-06-19 01:36:37   [34/45] Processing Query Q34...
2026-06-19 01:36:42     Query Q34 Score: 1.00
2026-06-19 01:36:42   [35/45] Processing Query Q35...
2026-06-19 01:36:46     Query Q35 Score: 1.00
2026-06-19 01:36:46   [36/45] Processing Query Q36...
2026-06-19 01:36:51     Query Q36 Score: 1.00
2026-06-19 01:36:51   [37/45] Processing Query Q37...
2026-06-19 01:36:57     Query Q37 Score: 0.50
2026-06-19 01:36:57   [38/45] Processing Query Q38...
2026-06-19 01:37:01     Query Q38 Score: 0.85
2026-06-19 01:37:01   [39/45] Processing Query Q39...
2026-06-19 01:37:06     Query Q39 Score: 0.95
2026-06-19 01:37:06   [40/45] Processing Query Q40...
2026-06-19 01:37:11     Query Q40 Score: 1.00
2026-06-19 01:37:11   [41/45] Processing Query Q41...
2026-06-19 01:37:16     Query Q41 Score: 0.90
2026-06-19 01:37:16   [42/45] Processing Query Q42...
2026-06-19 01:37:21     Query Q42 Score: 1.00
2026-06-19 01:37:21   [43/45] Processing Query Q43...
2026-06-19 01:37:26     Query Q43 Score: 0.90
2026-06-19 01:37:26   [44/45] Processing Query Q48...
2026-06-19 01:37:44     Query Q48 Score: 1.00
2026-06-19 01:37:44   [45/45] Processing Query Q49...
2026-06-19 01:37:52     Query Q49 Score: 0.40
2026-06-19 01:37:52 Saved validation results to /home/virtualuser/model_evaluation/autoresearch/archive/run_20260618_134629/outputs/validation_results_iter119_20260619_013752.csv
2026-06-19 01:37:52 Validation run completed. Overall Mean Score: 0.8522
2026-06-19 01:37:52 Candidate Score: 0.8522 (Delta: -0.0944)
2026-06-19 01:37:52 >>> FAILURE: Score did not improve. Discarding changes.
2026-06-19 01:37:52 Iteration #119 logged successfully to experiments.json.
2026-06-19 01:37:52 
2026-06-19 01:37:52 =========================================
2026-06-19 01:37:52 STARTING ITERATION #120
2026-06-19 01:37:52 =========================================
2026-06-19 01:37:52 Current Champion Score: 0.9467
2026-06-19 01:37:52 Failing queries to fix: 13
2026-06-19 01:37:52 Calling Optimizer Agent to refine instructions...
2026-06-19 01:39:54 Starting validation run on 45 queries...
2026-06-19 01:39:54   [1/45] Processing Query Q01...
2026-06-19 01:39:59     Query Q01 Score: 1.00
2026-06-19 01:39:59   [2/45] Processing Query Q02...
2026-06-19 01:40:04     Query Q02 Score: 0.95
2026-06-19 01:40:04   [3/45] Processing Query Q03...
2026-06-19 01:40:09     Query Q03 Score: 1.00
2026-06-19 01:40:09   [4/45] Processing Query Q04...
2026-06-19 01:40:16     Query Q04 Score: 0.50
2026-06-19 01:40:16   [5/45] Processing Query Q05...
2026-06-19 01:40:22     Query Q05 Score: 0.40
2026-06-19 01:40:22   [6/45] Processing Query Q06...
2026-06-19 01:40:27     Query Q06 Score: 1.00
2026-06-19 01:40:27   [7/45] Processing Query Q07...
2026-06-19 01:40:32     Query Q07 Score: 1.00
2026-06-19 01:40:32   [8/45] Processing Query Q08...
2026-06-19 01:40:37     Query Q08 Score: 1.00
2026-06-19 01:40:37   [9/45] Processing Query Q09...
2026-06-19 01:40:46     Query Q09 Score: 0.50
2026-06-19 01:40:46   [10/45] Processing Query Q10...
2026-06-19 01:40:51     Query Q10 Score: 1.00
2026-06-19 01:40:51   [11/45] Processing Query Q11...
2026-06-19 01:41:00     Query Q11 Score: 0.30
2026-06-19 01:41:00   [12/45] Processing Query Q12...
2026-06-19 01:41:04     Query Q12 Score: 1.00
2026-06-19 01:41:04   [13/45] Processing Query Q13...
2026-06-19 01:41:10     Query Q13 Score: 0.20
2026-06-19 01:41:10   [14/45] Processing Query Q14...
2026-06-19 01:41:17     Query Q14 Score: 0.40
2026-06-19 01:41:17   [15/45] Processing Query Q15...
2026-06-19 01:41:23     Query Q15 Score: 1.00
2026-06-19 01:41:23   [16/45] Processing Query Q16...
2026-06-19 01:41:28     Query Q16 Score: 0.50
2026-06-19 01:41:28   [17/45] Processing Query Q17...
2026-06-19 01:41:33     Query Q17 Score: 1.00
2026-06-19 01:41:33   [18/45] Processing Query Q18...
2026-06-19 01:41:38     Query Q18 Score: 1.00
2026-06-19 01:41:38   [19/45] Processing Query Q19...
2026-06-19 01:41:43     Query Q19 Score: 0.80
2026-06-19 01:41:43   [20/45] Processing Query Q20...
2026-06-19 01:41:48     Query Q20 Score: 0.90
2026-06-19 01:41:48   [21/45] Processing Query Q21...
2026-06-19 01:41:52     Query Q21 Score: 1.00
2026-06-19 01:41:52   [22/45] Processing Query Q22...
2026-06-19 01:41:57     Query Q22 Score: 1.00
2026-06-19 01:41:57   [23/45] Processing Query Q23...
2026-06-19 01:42:03     Query Q23 Score: 0.95
2026-06-19 01:42:03   [24/45] Processing Query Q24...
2026-06-19 01:42:08     Query Q24 Score: 0.90
2026-06-19 01:42:08   [25/45] Processing Query Q25...
2026-06-19 01:42:13     Query Q25 Score: 1.00
2026-06-19 01:42:13   [26/45] Processing Query Q26...
2026-06-19 01:42:17     Query Q26 Score: 1.00
2026-06-19 01:42:17   [27/45] Processing Query Q27...
2026-06-19 01:42:21     Query Q27 Score: 1.00
2026-06-19 01:42:21   [28/45] Processing Query Q28...
2026-06-19 01:42:25     Query Q28 Score: 1.00
2026-06-19 01:42:25   [29/45] Processing Query Q29...
2026-06-19 01:42:30     Query Q29 Score: 0.50
2026-06-19 01:42:30   [30/45] Processing Query Q30...
2026-06-19 01:42:35     Query Q30 Score: 1.00
2026-06-19 01:42:35   [31/45] Processing Query Q31...
2026-06-19 01:42:40     Query Q31 Score: 0.50
2026-06-19 01:42:40   [32/45] Processing Query Q32...
2026-06-19 01:42:45     Query Q32 Score: 0.95
2026-06-19 01:42:45   [33/45] Processing Query Q33...
2026-06-19 01:42:53     Query Q33 Score: 0.60
2026-06-19 01:42:53   [34/45] Processing Query Q34...
2026-06-19 01:42:58     Query Q34 Score: 1.00
2026-06-19 01:42:58   [35/45] Processing Query Q35...
2026-06-19 01:43:02     Query Q35 Score: 1.00
2026-06-19 01:43:02   [36/45] Processing Query Q36...
2026-06-19 01:43:07     Query Q36 Score: 0.95
2026-06-19 01:43:07   [37/45] Processing Query Q37...
2026-06-19 01:43:12     Query Q37 Score: 0.50
2026-06-19 01:43:12   [38/45] Processing Query Q38...
2026-06-19 01:43:17     Query Q38 Score: 0.85
2026-06-19 01:43:17   [39/45] Processing Query Q39...
2026-06-19 01:43:21     Query Q39 Score: 0.95
2026-06-19 01:43:21   [40/45] Processing Query Q40...
2026-06-19 01:43:26     Query Q40 Score: 1.00
2026-06-19 01:43:26   [41/45] Processing Query Q41...
2026-06-19 01:43:32     Query Q41 Score: 0.90
2026-06-19 01:43:32   [42/45] Processing Query Q42...
2026-06-19 01:43:36     Query Q42 Score: 1.00
2026-06-19 01:43:36   [43/45] Processing Query Q43...
2026-06-19 01:43:41     Query Q43 Score: 0.90
2026-06-19 01:43:41   [44/45] Processing Query Q48...
2026-06-19 01:43:51     Query Q48 Score: 1.00
2026-06-19 01:43:51   [45/45] Processing Query Q49...
2026-06-19 01:43:58     Query Q49 Score: 0.40
2026-06-19 01:43:58 Saved validation results to /home/virtualuser/model_evaluation/autoresearch/archive/run_20260618_134629/outputs/validation_results_iter120_20260619_014358.csv
2026-06-19 01:43:58 Validation run completed. Overall Mean Score: 0.8289
2026-06-19 01:43:58 Candidate Score: 0.8289 (Delta: -0.1178)
2026-06-19 01:43:58 >>> FAILURE: Score did not improve. Discarding changes.
2026-06-19 01:43:58 Iteration #120 logged successfully to experiments.json.
2026-06-19 01:43:58 
2026-06-19 01:43:58 =========================================
2026-06-19 01:43:58 STARTING ITERATION #121
2026-06-19 01:43:58 =========================================
2026-06-19 01:43:58 Current Champion Score: 0.9467
2026-06-19 01:43:58 Failing queries to fix: 13
2026-06-19 01:43:58 Calling Optimizer Agent to refine instructions...
2026-06-19 01:46:45 Starting validation run on 45 queries...
2026-06-19 01:46:45   [1/45] Processing Query Q01...
2026-06-19 01:46:50     Query Q01 Score: 1.00
2026-06-19 01:46:50   [2/45] Processing Query Q02...
2026-06-19 01:46:56     Query Q02 Score: 0.70
2026-06-19 01:46:56   [3/45] Processing Query Q03...
2026-06-19 01:47:01     Query Q03 Score: 1.00
2026-06-19 01:47:01   [4/45] Processing Query Q04...
2026-06-19 01:47:06     Query Q04 Score: 1.00
2026-06-19 01:47:06   [5/45] Processing Query Q05...
2026-06-19 01:47:11     Query Q05 Score: 0.40
2026-06-19 01:47:11   [6/45] Processing Query Q06...
2026-06-19 01:47:17     Query Q06 Score: 1.00
2026-06-19 01:47:17   [7/45] Processing Query Q07...
2026-06-19 01:47:22     Query Q07 Score: 1.00
2026-06-19 01:47:22   [8/45] Processing Query Q08...
2026-06-19 01:47:26     Query Q08 Score: 1.00
2026-06-19 01:47:26   [9/45] Processing Query Q09...
2026-06-19 01:47:40     Query Q09 Score: 0.50
2026-06-19 01:47:40   [10/45] Processing Query Q10...
2026-06-19 01:47:45     Query Q10 Score: 1.00
2026-06-19 01:47:45   [11/45] Processing Query Q11...
2026-06-19 01:47:54     Query Q11 Score: 0.50
2026-06-19 01:47:54   [12/45] Processing Query Q12...
2026-06-19 01:47:58     Query Q12 Score: 1.00
2026-06-19 01:47:58   [13/45] Processing Query Q13...
2026-06-19 01:48:04     Query Q13 Score: 0.60
2026-06-19 01:48:04   [14/45] Processing Query Q14...
2026-06-19 01:48:10     Query Q14 Score: 0.75
2026-06-19 01:48:10   [15/45] Processing Query Q15...
2026-06-19 01:48:16     Query Q15 Score: 0.95
2026-06-19 01:48:16   [16/45] Processing Query Q16...
2026-06-19 01:48:28     Query Q16 Score: 0.75
2026-06-19 01:48:28   [17/45] Processing Query Q17...
2026-06-19 01:48:33     Query Q17 Score: 1.00
2026-06-19 01:48:33   [18/45] Processing Query Q18...
2026-06-19 01:48:38     Query Q18 Score: 1.00
2026-06-19 01:48:38   [19/45] Processing Query Q19...
2026-06-19 01:48:43     Query Q19 Score: 0.95
2026-06-19 01:48:43   [20/45] Processing Query Q20...
2026-06-19 01:48:48     Query Q20 Score: 0.95
2026-06-19 01:48:48   [21/45] Processing Query Q21...
2026-06-19 01:48:52     Query Q21 Score: 1.00
2026-06-19 01:48:52   [22/45] Processing Query Q22...
2026-06-19 01:48:57     Query Q22 Score: 1.00
2026-06-19 01:48:57   [23/45] Processing Query Q23...
2026-06-19 01:49:23     Query Q23 Score: 1.00
2026-06-19 01:49:23   [24/45] Processing Query Q24...
2026-06-19 01:49:28     Query Q24 Score: 1.00
2026-06-19 01:49:28   [25/45] Processing Query Q25...
2026-06-19 01:49:32     Query Q25 Score: 1.00
2026-06-19 01:49:32   [26/45] Processing Query Q26...
2026-06-19 01:49:36     Query Q26 Score: 1.00
2026-06-19 01:49:36   [27/45] Processing Query Q27...
2026-06-19 01:49:41     Query Q27 Score: 1.00
2026-06-19 01:49:41   [28/45] Processing Query Q28...
2026-06-19 01:49:45     Query Q28 Score: 1.00
2026-06-19 01:49:45   [29/45] Processing Query Q29...
2026-06-19 01:49:50     Query Q29 Score: 0.50
2026-06-19 01:49:50   [30/45] Processing Query Q30...
2026-06-19 01:49:55     Query Q30 Score: 1.00
2026-06-19 01:49:55   [31/45] Processing Query Q31...
2026-06-19 01:50:00     Query Q31 Score: 1.00
2026-06-19 01:50:00   [32/45] Processing Query Q32...
2026-06-19 01:50:06     Query Q32 Score: 0.95
2026-06-19 01:50:06   [33/45] Processing Query Q33...
2026-06-19 01:50:12     Query Q33 Score: 1.00
2026-06-19 01:50:12   [34/45] Processing Query Q34...
2026-06-19 01:50:17     Query Q34 Score: 0.95
2026-06-19 01:50:17   [35/45] Processing Query Q35...
2026-06-19 01:50:20     Query Q35 Score: 1.00
2026-06-19 01:50:20   [36/45] Processing Query Q36...
2026-06-19 01:50:34     Query Q36 Score: 0.60
2026-06-19 01:50:34   [37/45] Processing Query Q37...
2026-06-19 01:50:39     Query Q37 Score: 0.85
2026-06-19 01:50:39   [38/45] Processing Query Q38...
2026-06-19 01:50:49     Query Q38 Score: 1.00
2026-06-19 01:50:49   [39/45] Processing Query Q39...
2026-06-19 01:50:53     Query Q39 Score: 1.00
2026-06-19 01:50:53   [40/45] Processing Query Q40...
2026-06-19 01:50:58     Query Q40 Score: 1.00
2026-06-19 01:50:58   [41/45] Processing Query Q41...
2026-06-19 01:51:03     Query Q41 Score: 0.90
2026-06-19 01:51:03   [42/45] Processing Query Q42...
2026-06-19 01:51:08     Query Q42 Score: 1.00
2026-06-19 01:51:08   [43/45] Processing Query Q43...
2026-06-19 01:51:13     Query Q43 Score: 0.50
2026-06-19 01:51:13   [44/45] Processing Query Q48...
2026-06-19 01:51:19     Query Q48 Score: 0.40
2026-06-19 01:51:19   [45/45] Processing Query Q49...
2026-06-19 01:51:34     Query Q49 Score: 1.00
2026-06-19 01:51:34 Saved validation results to /home/virtualuser/model_evaluation/autoresearch/archive/run_20260618_134629/outputs/validation_results_iter121_20260619_015134.csv
2026-06-19 01:51:34 Validation run completed. Overall Mean Score: 0.8822
2026-06-19 01:51:34 Candidate Score: 0.8822 (Delta: -0.0644)
2026-06-19 01:51:34 >>> FAILURE: Score did not improve. Discarding changes.
2026-06-19 01:51:34 Iteration #121 logged successfully to experiments.json.
2026-06-19 01:51:34 
2026-06-19 01:51:34 =========================================
2026-06-19 01:51:34 STARTING ITERATION #122
2026-06-19 01:51:34 =========================================
2026-06-19 01:51:34 Current Champion Score: 0.9467
2026-06-19 01:51:34 Failing queries to fix: 13
2026-06-19 01:51:34 Calling Optimizer Agent to refine instructions...
2026-06-19 01:54:10 Starting validation run on 45 queries...
2026-06-19 01:54:10   [1/45] Processing Query Q01...
2026-06-19 01:54:15     Query Q01 Score: 1.00
2026-06-19 01:54:15   [2/45] Processing Query Q02...
2026-06-19 01:54:20     Query Q02 Score: 0.85
2026-06-19 01:54:20   [3/45] Processing Query Q03...
2026-06-19 01:54:25     Query Q03 Score: 1.00
2026-06-19 01:54:25   [4/45] Processing Query Q04...
2026-06-19 01:54:30     Query Q04 Score: 1.00
2026-06-19 01:54:30   [5/45] Processing Query Q05...
2026-06-19 01:54:36     Query Q05 Score: 1.00
2026-06-19 01:54:36   [6/45] Processing Query Q06...
2026-06-19 01:54:42     Query Q06 Score: 1.00
2026-06-19 01:54:42   [7/45] Processing Query Q07...
2026-06-19 01:54:46     Query Q07 Score: 1.00
2026-06-19 01:54:46   [8/45] Processing Query Q08...
2026-06-19 01:54:51     Query Q08 Score: 1.00
2026-06-19 01:54:51   [9/45] Processing Query Q09...
2026-06-19 01:55:07     Query Q09 Score: 0.50
2026-06-19 01:55:07   [10/45] Processing Query Q10...
2026-06-19 01:55:13     Query Q10 Score: 1.00
2026-06-19 01:55:13   [11/45] Processing Query Q11...
2026-06-19 01:55:21     Query Q11 Score: 0.50
2026-06-19 01:55:21   [12/45] Processing Query Q12...
2026-06-19 01:55:26     Query Q12 Score: 1.00
2026-06-19 01:55:26   [13/45] Processing Query Q13...
2026-06-19 01:55:32     Query Q13 Score: 1.00
2026-06-19 01:55:32   [14/45] Processing Query Q14...
2026-06-19 01:55:37     Query Q14 Score: 0.85
2026-06-19 01:55:37   [15/45] Processing Query Q15...
2026-06-19 01:55:43     Query Q15 Score: 1.00
2026-06-19 01:55:43   [16/45] Processing Query Q16...
2026-06-19 01:55:52     Query Q16 Score: 1.00
2026-06-19 01:55:52   [17/45] Processing Query Q17...
2026-06-19 01:55:57     Query Q17 Score: 1.00
2026-06-19 01:55:57   [18/45] Processing Query Q18...
2026-06-19 01:56:02     Query Q18 Score: 1.00
2026-06-19 01:56:02   [19/45] Processing Query Q19...
2026-06-19 01:56:07     Query Q19 Score: 0.95
2026-06-19 01:56:07   [20/45] Processing Query Q20...
2026-06-19 01:56:12     Query Q20 Score: 0.95
2026-06-19 01:56:12   [21/45] Processing Query Q21...
2026-06-19 01:56:16     Query Q21 Score: 1.00
2026-06-19 01:56:16   [22/45] Processing Query Q22...
2026-06-19 01:56:21     Query Q22 Score: 1.00
2026-06-19 01:56:21   [23/45] Processing Query Q23...
2026-06-19 01:56:27     Query Q23 Score: 1.00
2026-06-19 01:56:27   [24/45] Processing Query Q24...
2026-06-19 01:56:31     Query Q24 Score: 1.00
2026-06-19 01:56:31   [25/45] Processing Query Q25...
2026-06-19 01:56:36     Query Q25 Score: 1.00
2026-06-19 01:56:36   [26/45] Processing Query Q26...
2026-06-19 01:56:40     Query Q26 Score: 1.00
2026-06-19 01:56:40   [27/45] Processing Query Q27...
2026-06-19 01:56:44     Query Q27 Score: 1.00
2026-06-19 01:56:44   [28/45] Processing Query Q28...
2026-06-19 01:56:49     Query Q28 Score: 1.00
2026-06-19 01:56:49   [29/45] Processing Query Q29...
2026-06-19 01:56:54     Query Q29 Score: 0.50
2026-06-19 01:56:54   [30/45] Processing Query Q30...
2026-06-19 01:57:00     Query Q30 Score: 1.00
2026-06-19 01:57:00   [31/45] Processing Query Q31...
2026-06-19 01:57:04     Query Q31 Score: 0.95
2026-06-19 01:57:04   [32/45] Processing Query Q32...
2026-06-19 01:57:10     Query Q32 Score: 0.95
2026-06-19 01:57:10   [33/45] Processing Query Q33...
2026-06-19 01:57:16     Query Q33 Score: 1.00
2026-06-19 01:57:16   [34/45] Processing Query Q34...
2026-06-19 01:57:21     Query Q34 Score: 1.00
2026-06-19 01:57:21   [35/45] Processing Query Q35...
2026-06-19 01:57:24     Query Q35 Score: 1.00
2026-06-19 01:57:24   [36/45] Processing Query Q36...
2026-06-19 01:57:30     Query Q36 Score: 1.00
2026-06-19 01:57:30   [37/45] Processing Query Q37...
2026-06-19 01:57:35     Query Q37 Score: 1.00
2026-06-19 01:57:35   [38/45] Processing Query Q38...
2026-06-19 01:57:40     Query Q38 Score: 0.85
2026-06-19 01:57:40   [39/45] Processing Query Q39...
2026-06-19 01:57:44     Query Q39 Score: 1.00
2026-06-19 01:57:44   [40/45] Processing Query Q40...
2026-06-19 01:57:49     Query Q40 Score: 1.00
2026-06-19 01:57:49   [41/45] Processing Query Q41...
2026-06-19 01:57:55     Query Q41 Score: 0.90
2026-06-19 01:57:55   [42/45] Processing Query Q42...
2026-06-19 01:57:59     Query Q42 Score: 1.00
2026-06-19 01:57:59   [43/45] Processing Query Q43...
2026-06-19 01:58:04     Query Q43 Score: 1.00
2026-06-19 01:58:04   [44/45] Processing Query Q48...
2026-06-19 01:58:14     Query Q48 Score: 1.00
2026-06-19 01:58:14   [45/45] Processing Query Q49...
2026-06-19 01:58:21     Query Q49 Score: 0.65
2026-06-19 01:58:21 Saved validation results to /home/virtualuser/model_evaluation/autoresearch/archive/run_20260618_134629/outputs/validation_results_iter122_20260619_015821.csv
2026-06-19 01:58:21 Validation run completed. Overall Mean Score: 0.9422
2026-06-19 01:58:21 Candidate Score: 0.9422 (Delta: -0.0044)
2026-06-19 01:58:21 >>> FAILURE: Score did not improve. Discarding changes.
2026-06-19 01:58:22 Iteration #122 logged successfully to experiments.json.
2026-06-19 01:58:22 
2026-06-19 01:58:22 =========================================
2026-06-19 01:58:22 STARTING ITERATION #123
2026-06-19 01:58:22 =========================================
2026-06-19 01:58:22 Current Champion Score: 0.9467
2026-06-19 01:58:22 Failing queries to fix: 13
2026-06-19 01:58:22 Calling Optimizer Agent to refine instructions...
2026-06-19 02:01:02 Starting validation run on 45 queries...
2026-06-19 02:01:02   [1/45] Processing Query Q01...
2026-06-19 02:01:07     Query Q01 Score: 1.00
2026-06-19 02:01:07   [2/45] Processing Query Q02...
2026-06-19 02:01:13     Query Q02 Score: 0.85
2026-06-19 02:01:13   [3/45] Processing Query Q03...
2026-06-19 02:01:18     Query Q03 Score: 1.00
2026-06-19 02:01:18   [4/45] Processing Query Q04...
2026-06-19 02:01:23     Query Q04 Score: 1.00
2026-06-19 02:01:23   [5/45] Processing Query Q05...
2026-06-19 02:01:29     Query Q05 Score: 0.40
2026-06-19 02:01:29   [6/45] Processing Query Q06...
2026-06-19 02:01:34     Query Q06 Score: 1.00
2026-06-19 02:01:34   [7/45] Processing Query Q07...
2026-06-19 02:01:39     Query Q07 Score: 1.00
2026-06-19 02:01:39   [8/45] Processing Query Q08...
2026-06-19 02:01:44     Query Q08 Score: 1.00
2026-06-19 02:01:44   [9/45] Processing Query Q09...
2026-06-19 02:01:58     Query Q09 Score: 0.30
2026-06-19 02:01:58   [10/45] Processing Query Q10...
2026-06-19 02:02:04     Query Q10 Score: 1.00
2026-06-19 02:02:04   [11/45] Processing Query Q11...
2026-06-19 02:02:11     Query Q11 Score: 0.95
2026-06-19 02:02:11   [12/45] Processing Query Q12...
2026-06-19 02:02:16     Query Q12 Score: 1.00
2026-06-19 02:02:16   [13/45] Processing Query Q13...
2026-06-19 02:02:21     Query Q13 Score: 0.30
2026-06-19 02:02:21   [14/45] Processing Query Q14...
2026-06-19 02:02:27     Query Q14 Score: 0.85
2026-06-19 02:02:27   [15/45] Processing Query Q15...
2026-06-19 02:02:33     Query Q15 Score: 1.00
2026-06-19 02:02:33   [16/45] Processing Query Q16...
2026-06-19 02:02:42     Query Q16 Score: 1.00
2026-06-19 02:02:42   [17/45] Processing Query Q17...
2026-06-19 02:02:47     Query Q17 Score: 1.00
2026-06-19 02:02:47   [18/45] Processing Query Q18...
2026-06-19 02:02:52     Query Q18 Score: 1.00
2026-06-19 02:02:52   [19/45] Processing Query Q19...
2026-06-19 02:02:57     Query Q19 Score: 0.60
2026-06-19 02:02:57   [20/45] Processing Query Q20...
2026-06-19 02:03:02     Query Q20 Score: 0.95
2026-06-19 02:03:02   [21/45] Processing Query Q21...
2026-06-19 02:03:07     Query Q21 Score: 1.00
2026-06-19 02:03:07   [22/45] Processing Query Q22...
2026-06-19 02:03:11     Query Q22 Score: 1.00
2026-06-19 02:03:11   [23/45] Processing Query Q23...
2026-06-19 02:03:27     Query Q23 Score: 0.75
2026-06-19 02:03:27   [24/45] Processing Query Q24...
2026-06-19 02:03:32     Query Q24 Score: 1.00
2026-06-19 02:03:32   [25/45] Processing Query Q25...
2026-06-19 02:03:36     Query Q25 Score: 1.00
2026-06-19 02:03:36   [26/45] Processing Query Q26...
2026-06-19 02:03:41     Query Q26 Score: 1.00
2026-06-19 02:03:41   [27/45] Processing Query Q27...
2026-06-19 02:03:45     Query Q27 Score: 1.00
2026-06-19 02:03:45   [28/45] Processing Query Q28...
2026-06-19 02:03:50     Query Q28 Score: 1.00
2026-06-19 02:03:50   [29/45] Processing Query Q29...
2026-06-19 02:03:54     Query Q29 Score: 0.50
2026-06-19 02:03:54   [30/45] Processing Query Q30...
2026-06-19 02:04:00     Query Q30 Score: 1.00
2026-06-19 02:04:00   [31/45] Processing Query Q31...
2026-06-19 02:04:04     Query Q31 Score: 0.75
2026-06-19 02:04:04   [32/45] Processing Query Q32...
2026-06-19 02:04:10     Query Q32 Score: 0.95
2026-06-19 02:04:10   [33/45] Processing Query Q33...
2026-06-19 02:04:16     Query Q33 Score: 1.00
2026-06-19 02:04:16   [34/45] Processing Query Q34...
2026-06-19 02:04:21     Query Q34 Score: 1.00
2026-06-19 02:04:21   [35/45] Processing Query Q35...
2026-06-19 02:04:24     Query Q35 Score: 1.00
2026-06-19 02:04:24   [36/45] Processing Query Q36...
2026-06-19 02:04:30     Query Q36 Score: 1.00
2026-06-19 02:04:30   [37/45] Processing Query Q37...
2026-06-19 02:04:35     Query Q37 Score: 1.00
2026-06-19 02:04:35   [38/45] Processing Query Q38...
2026-06-19 02:04:40     Query Q38 Score: 0.85
2026-06-19 02:04:40   [39/45] Processing Query Q39...
2026-06-19 02:04:44     Query Q39 Score: 0.95
2026-06-19 02:04:44   [40/45] Processing Query Q40...
2026-06-19 02:04:49     Query Q40 Score: 1.00
2026-06-19 02:04:49   [41/45] Processing Query Q41...
2026-06-19 02:04:54     Query Q41 Score: 0.90
2026-06-19 02:04:54   [42/45] Processing Query Q42...
2026-06-19 02:04:59     Query Q42 Score: 1.00
2026-06-19 02:04:59   [43/45] Processing Query Q43...
2026-06-19 02:05:04     Query Q43 Score: 0.50
2026-06-19 02:05:04   [44/45] Processing Query Q48...
2026-06-19 02:05:14     Query Q48 Score: 1.00
2026-06-19 02:05:14   [45/45] Processing Query Q49...
2026-06-19 02:05:21     Query Q49 Score: 0.40
2026-06-19 02:05:21 Saved validation results to /home/virtualuser/model_evaluation/autoresearch/archive/run_20260618_134629/outputs/validation_results_iter123_20260619_020521.csv
2026-06-19 02:05:21 Validation run completed. Overall Mean Score: 0.8833
2026-06-19 02:05:21 Candidate Score: 0.8833 (Delta: -0.0633)
2026-06-19 02:05:21 >>> FAILURE: Score did not improve. Discarding changes.
2026-06-19 02:05:21 Iteration #123 logged successfully to experiments.json.
2026-06-19 02:05:21 
2026-06-19 02:05:21 =========================================
2026-06-19 02:05:21 STARTING ITERATION #124
2026-06-19 02:05:21 =========================================
2026-06-19 02:05:21 Current Champion Score: 0.9467
2026-06-19 02:05:21 Failing queries to fix: 13
2026-06-19 02:05:21 Calling Optimizer Agent to refine instructions...
2026-06-19 02:07:57 Starting validation run on 45 queries...
2026-06-19 02:07:57   [1/45] Processing Query Q01...
2026-06-19 02:08:02     Query Q01 Score: 1.00
2026-06-19 02:08:02   [2/45] Processing Query Q02...
2026-06-19 02:08:07     Query Q02 Score: 0.85
2026-06-19 02:08:07   [3/45] Processing Query Q03...
2026-06-19 02:08:12     Query Q03 Score: 1.00
2026-06-19 02:08:12   [4/45] Processing Query Q04...
2026-06-19 02:08:17     Query Q04 Score: 1.00
2026-06-19 02:08:17   [5/45] Processing Query Q05...
2026-06-19 02:08:23     Query Q05 Score: 1.00
2026-06-19 02:08:23   [6/45] Processing Query Q06...
2026-06-19 02:08:29     Query Q06 Score: 1.00
2026-06-19 02:08:29   [7/45] Processing Query Q07...
2026-06-19 02:08:34     Query Q07 Score: 1.00
2026-06-19 02:08:34   [8/45] Processing Query Q08...
2026-06-19 02:08:39     Query Q08 Score: 1.00
2026-06-19 02:08:39   [9/45] Processing Query Q09...
2026-06-19 02:08:53     Query Q09 Score: 0.40
2026-06-19 02:08:53   [10/45] Processing Query Q10...
2026-06-19 02:08:58     Query Q10 Score: 1.00
2026-06-19 02:08:58   [11/45] Processing Query Q11...
2026-06-19 02:09:07     Query Q11 Score: 0.95
2026-06-19 02:09:07   [12/45] Processing Query Q12...
2026-06-19 02:09:11     Query Q12 Score: 1.00
2026-06-19 02:09:11   [13/45] Processing Query Q13...
2026-06-19 02:09:27     Query Q13 Score: 0.20
2026-06-19 02:09:27   [14/45] Processing Query Q14...
2026-06-19 02:09:32     Query Q14 Score: 0.50
2026-06-19 02:09:32   [15/45] Processing Query Q15...
2026-06-19 02:09:38     Query Q15 Score: 1.00
2026-06-19 02:09:38   [16/45] Processing Query Q16...
2026-06-19 02:09:44     Query Q16 Score: 0.50
2026-06-19 02:09:44   [17/45] Processing Query Q17...
2026-06-19 02:09:49     Query Q17 Score: 1.00
2026-06-19 02:09:49   [18/45] Processing Query Q18...
2026-06-19 02:09:53     Query Q18 Score: 1.00
2026-06-19 02:09:53   [19/45] Processing Query Q19...
2026-06-19 02:09:58     Query Q19 Score: 0.95
2026-06-19 02:09:58   [20/45] Processing Query Q20...
2026-06-19 02:10:03     Query Q20 Score: 0.95
2026-06-19 02:10:03   [21/45] Processing Query Q21...
2026-06-19 02:10:07     Query Q21 Score: 1.00
2026-06-19 02:10:07   [22/45] Processing Query Q22...
2026-06-19 02:10:12     Query Q22 Score: 1.00
2026-06-19 02:10:12   [23/45] Processing Query Q23...
2026-06-19 02:10:38     Query Q23 Score: 0.95
2026-06-19 02:10:38   [24/45] Processing Query Q24...
2026-06-19 02:10:43     Query Q24 Score: 0.50
2026-06-19 02:10:43   [25/45] Processing Query Q25...
2026-06-19 02:10:48     Query Q25 Score: 1.00
2026-06-19 02:10:48   [26/45] Processing Query Q26...
2026-06-19 02:10:52     Query Q26 Score: 1.00
2026-06-19 02:10:52   [27/45] Processing Query Q27...
2026-06-19 02:10:57     Query Q27 Score: 1.00
2026-06-19 02:10:57   [28/45] Processing Query Q28...
2026-06-19 02:11:01     Query Q28 Score: 1.00
2026-06-19 02:11:01   [29/45] Processing Query Q29...
2026-06-19 02:11:06     Query Q29 Score: 0.50
2026-06-19 02:11:06   [30/45] Processing Query Q30...
2026-06-19 02:11:11     Query Q30 Score: 1.00
2026-06-19 02:11:11   [31/45] Processing Query Q31...
2026-06-19 02:11:16     Query Q31 Score: 0.95
2026-06-19 02:11:16   [32/45] Processing Query Q32...
2026-06-19 02:11:22     Query Q32 Score: 0.95
2026-06-19 02:11:22   [33/45] Processing Query Q33...
2026-06-19 02:11:28     Query Q33 Score: 0.85
2026-06-19 02:11:28   [34/45] Processing Query Q34...
2026-06-19 02:11:33     Query Q34 Score: 1.00
2026-06-19 02:11:33   [35/45] Processing Query Q35...
2026-06-19 02:11:37     Query Q35 Score: 1.00
2026-06-19 02:11:37   [36/45] Processing Query Q36...
2026-06-19 02:11:42     Query Q36 Score: 1.00
2026-06-19 02:11:42   [37/45] Processing Query Q37...
2026-06-19 02:11:47     Query Q37 Score: 0.50
2026-06-19 02:11:47   [38/45] Processing Query Q38...
2026-06-19 02:11:51     Query Q38 Score: 0.75
2026-06-19 02:11:51   [39/45] Processing Query Q39...
2026-06-19 02:11:56     Query Q39 Score: 1.00
2026-06-19 02:11:56   [40/45] Processing Query Q40...
2026-06-19 02:12:00     Query Q40 Score: 1.00
2026-06-19 02:12:00   [41/45] Processing Query Q41...
2026-06-19 02:12:06     Query Q41 Score: 0.90
2026-06-19 02:12:06   [42/45] Processing Query Q42...
2026-06-19 02:12:10     Query Q42 Score: 1.00
2026-06-19 02:12:10   [43/45] Processing Query Q43...
2026-06-19 02:12:15     Query Q43 Score: 1.00
2026-06-19 02:12:15   [44/45] Processing Query Q48...
2026-06-19 02:12:24     Query Q48 Score: 1.00
2026-06-19 02:12:24   [45/45] Processing Query Q49...
2026-06-19 02:12:31     Query Q49 Score: 0.50
2026-06-19 02:12:31 Saved validation results to /home/virtualuser/model_evaluation/autoresearch/archive/run_20260618_134629/outputs/validation_results_iter124_20260619_021231.csv
2026-06-19 02:12:31 Validation run completed. Overall Mean Score: 0.8811
2026-06-19 02:12:31 Candidate Score: 0.8811 (Delta: -0.0656)
2026-06-19 02:12:31 >>> FAILURE: Score did not improve. Discarding changes.
2026-06-19 02:12:31 Iteration #124 logged successfully to experiments.json.
2026-06-19 02:12:31 
2026-06-19 02:12:31 =========================================
2026-06-19 02:12:31 STARTING ITERATION #125
2026-06-19 02:12:31 =========================================
2026-06-19 02:12:31 Current Champion Score: 0.9467
2026-06-19 02:12:31 Failing queries to fix: 13
2026-06-19 02:12:31 Calling Optimizer Agent to refine instructions...
2026-06-19 02:15:16 Starting validation run on 45 queries...
2026-06-19 02:15:16   [1/45] Processing Query Q01...
2026-06-19 02:15:21     Query Q01 Score: 1.00
2026-06-19 02:15:21   [2/45] Processing Query Q02...
2026-06-19 02:15:27     Query Q02 Score: 0.70
2026-06-19 02:15:27   [3/45] Processing Query Q03...
2026-06-19 02:15:31     Query Q03 Score: 1.00
2026-06-19 02:15:31   [4/45] Processing Query Q04...
2026-06-19 02:15:37     Query Q04 Score: 1.00
2026-06-19 02:15:37   [5/45] Processing Query Q05...
2026-06-19 02:15:43     Query Q05 Score: 0.75
2026-06-19 02:15:43   [6/45] Processing Query Q06...
2026-06-19 02:15:49     Query Q06 Score: 1.00
2026-06-19 02:15:49   [7/45] Processing Query Q07...
2026-06-19 02:15:54     Query Q07 Score: 1.00
2026-06-19 02:15:54   [8/45] Processing Query Q08...
2026-06-19 02:15:58     Query Q08 Score: 1.00
2026-06-19 02:15:58   [9/45] Processing Query Q09...
2026-06-19 02:16:09     Query Q09 Score: 0.50
2026-06-19 02:16:09   [10/45] Processing Query Q10...
2026-06-19 02:16:14     Query Q10 Score: 1.00
2026-06-19 02:16:14   [11/45] Processing Query Q11...
2026-06-19 02:16:22     Query Q11 Score: 0.95
2026-06-19 02:16:22   [12/45] Processing Query Q12...
2026-06-19 02:16:27     Query Q12 Score: 1.00
2026-06-19 02:16:27   [13/45] Processing Query Q13...
2026-06-19 02:16:34     Query Q13 Score: 0.40
2026-06-19 02:16:34   [14/45] Processing Query Q14...
2026-06-19 02:16:40     Query Q14 Score: 0.85
2026-06-19 02:16:40   [15/45] Processing Query Q15...
2026-06-19 02:16:46     Query Q15 Score: 1.00
2026-06-19 02:16:46   [16/45] Processing Query Q16...
2026-06-19 02:16:56     Query Q16 Score: 1.00
2026-06-19 02:16:56   [17/45] Processing Query Q17...
2026-06-19 02:17:01     Query Q17 Score: 1.00
2026-06-19 02:17:01   [18/45] Processing Query Q18...
2026-06-19 02:17:06     Query Q18 Score: 1.00
2026-06-19 02:17:06   [19/45] Processing Query Q19...
2026-06-19 02:17:11     Query Q19 Score: 0.60
2026-06-19 02:17:11   [20/45] Processing Query Q20...
2026-06-19 02:17:16     Query Q20 Score: 0.95
2026-06-19 02:17:16   [21/45] Processing Query Q21...
2026-06-19 02:17:21     Query Q21 Score: 1.00
2026-06-19 02:17:21   [22/45] Processing Query Q22...
2026-06-19 02:17:26     Query Q22 Score: 1.00
2026-06-19 02:17:26   [23/45] Processing Query Q23...
2026-06-19 02:17:31     Query Q23 Score: 0.95
2026-06-19 02:17:31   [24/45] Processing Query Q24...
2026-06-19 02:17:46     Query Q24 Score: 0.75
2026-06-19 02:17:46   [25/45] Processing Query Q25...
2026-06-19 02:17:51     Query Q25 Score: 1.00
2026-06-19 02:17:51   [26/45] Processing Query Q26...
2026-06-19 02:17:55     Query Q26 Score: 1.00
2026-06-19 02:17:55   [27/45] Processing Query Q27...
2026-06-19 02:18:00     Query Q27 Score: 1.00
2026-06-19 02:18:00   [28/45] Processing Query Q28...
2026-06-19 02:18:04     Query Q28 Score: 1.00
2026-06-19 02:18:04   [29/45] Processing Query Q29...
2026-06-19 02:18:09     Query Q29 Score: 0.60
2026-06-19 02:18:09   [30/45] Processing Query Q30...
2026-06-19 02:18:14     Query Q30 Score: 1.00
2026-06-19 02:18:14   [31/45] Processing Query Q31...
2026-06-19 02:18:19     Query Q31 Score: 1.00
2026-06-19 02:18:19   [32/45] Processing Query Q32...
2026-06-19 02:18:25     Query Q32 Score: 0.95
2026-06-19 02:18:25   [33/45] Processing Query Q33...
2026-06-19 02:18:31     Query Q33 Score: 1.00
2026-06-19 02:18:31   [34/45] Processing Query Q34...
2026-06-19 02:18:36     Query Q34 Score: 1.00
2026-06-19 02:18:36   [35/45] Processing Query Q35...
2026-06-19 02:18:40     Query Q35 Score: 1.00
2026-06-19 02:18:40   [36/45] Processing Query Q36...
2026-06-19 02:18:45     Query Q36 Score: 1.00
2026-06-19 02:18:45   [37/45] Processing Query Q37...
2026-06-19 02:18:51     Query Q37 Score: 0.50
2026-06-19 02:18:51   [38/45] Processing Query Q38...
2026-06-19 02:18:55     Query Q38 Score: 0.85
2026-06-19 02:18:55   [39/45] Processing Query Q39...
2026-06-19 02:19:00     Query Q39 Score: 0.95
2026-06-19 02:19:00   [40/45] Processing Query Q40...
2026-06-19 02:19:05     Query Q40 Score: 1.00
2026-06-19 02:19:05   [41/45] Processing Query Q41...
2026-06-19 02:19:10     Query Q41 Score: 0.90
2026-06-19 02:19:10   [42/45] Processing Query Q42...
2026-06-19 02:19:15     Query Q42 Score: 1.00
2026-06-19 02:19:15   [43/45] Processing Query Q43...
2026-06-19 02:19:20     Query Q43 Score: 1.00
2026-06-19 02:19:20   [44/45] Processing Query Q48...
2026-06-19 02:19:26     Query Q48 Score: 0.85
2026-06-19 02:19:26   [45/45] Processing Query Q49...
2026-06-19 02:19:34     Query Q49 Score: 0.50
2026-06-19 02:19:34 Saved validation results to /home/virtualuser/model_evaluation/autoresearch/archive/run_20260618_134629/outputs/validation_results_iter125_20260619_021934.csv
2026-06-19 02:19:34 Validation run completed. Overall Mean Score: 0.9000
2026-06-19 02:19:34 Candidate Score: 0.9000 (Delta: -0.0467)
2026-06-19 02:19:34 >>> FAILURE: Score did not improve. Discarding changes.
2026-06-19 02:19:34 Iteration #125 logged successfully to experiments.json.
2026-06-19 02:19:34 
2026-06-19 02:19:34 =========================================
2026-06-19 02:19:34 STARTING ITERATION #126
2026-06-19 02:19:34 =========================================
2026-06-19 02:19:34 Current Champion Score: 0.9467
2026-06-19 02:19:34 Failing queries to fix: 13
2026-06-19 02:19:34 Calling Optimizer Agent to refine instructions...
2026-06-19 02:21:42 Starting validation run on 45 queries...
2026-06-19 02:21:42   [1/45] Processing Query Q01...
2026-06-19 02:21:47     Query Q01 Score: 1.00
2026-06-19 02:21:47   [2/45] Processing Query Q02...
2026-06-19 02:21:53     Query Q02 Score: 0.85
2026-06-19 02:21:53   [3/45] Processing Query Q03...
2026-06-19 02:21:57     Query Q03 Score: 1.00
2026-06-19 02:21:57   [4/45] Processing Query Q04...
2026-06-19 02:22:03     Query Q04 Score: 1.00
2026-06-19 02:22:03   [5/45] Processing Query Q05...
2026-06-19 02:22:08     Query Q05 Score: 0.40
2026-06-19 02:22:08   [6/45] Processing Query Q06...
2026-06-19 02:22:14     Query Q06 Score: 1.00
2026-06-19 02:22:14   [7/45] Processing Query Q07...
2026-06-19 02:22:19     Query Q07 Score: 1.00
2026-06-19 02:22:19   [8/45] Processing Query Q08...
2026-06-19 02:22:24     Query Q08 Score: 1.00
2026-06-19 02:22:24   [9/45] Processing Query Q09...
2026-06-19 02:22:37     Query Q09 Score: 0.50
2026-06-19 02:22:37   [10/45] Processing Query Q10...
2026-06-19 02:22:42     Query Q10 Score: 1.00
2026-06-19 02:22:42   [11/45] Processing Query Q11...
2026-06-19 02:22:52     Query Q11 Score: 0.20
2026-06-19 02:22:52   [12/45] Processing Query Q12...
2026-06-19 02:22:56     Query Q12 Score: 1.00
2026-06-19 02:22:56   [13/45] Processing Query Q13...
2026-06-19 02:23:04     Query Q13 Score: 0.30
2026-06-19 02:23:04   [14/45] Processing Query Q14...
2026-06-19 02:23:10     Query Q14 Score: 0.50
2026-06-19 02:23:10   [15/45] Processing Query Q15...
2026-06-19 02:23:19     Query Q15 Score: 1.00
2026-06-19 02:23:19   [16/45] Processing Query Q16...
2026-06-19 02:23:35     Query Q16 Score: 1.00
2026-06-19 02:23:35   [17/45] Processing Query Q17...
2026-06-19 02:23:39     Query Q17 Score: 1.00
2026-06-19 02:23:39   [18/45] Processing Query Q18...
2026-06-19 02:23:44     Query Q18 Score: 1.00
2026-06-19 02:23:44   [19/45] Processing Query Q19...
2026-06-19 02:23:50     Query Q19 Score: 0.85
2026-06-19 02:23:50   [20/45] Processing Query Q20...
2026-06-19 02:23:54     Query Q20 Score: 0.95
2026-06-19 02:23:54   [21/45] Processing Query Q21...
2026-06-19 02:23:59     Query Q21 Score: 1.00
2026-06-19 02:23:59   [22/45] Processing Query Q22...
2026-06-19 02:24:04     Query Q22 Score: 1.00
2026-06-19 02:24:04   [23/45] Processing Query Q23...
2026-06-19 02:24:10     Query Q23 Score: 0.95
2026-06-19 02:24:10   [24/45] Processing Query Q24...
2026-06-19 02:24:14     Query Q24 Score: 1.00
2026-06-19 02:24:14   [25/45] Processing Query Q25...
2026-06-19 02:24:19     Query Q25 Score: 1.00
2026-06-19 02:24:19   [26/45] Processing Query Q26...
2026-06-19 02:24:23     Query Q26 Score: 1.00
2026-06-19 02:24:23   [27/45] Processing Query Q27...
2026-06-19 02:24:27     Query Q27 Score: 1.00
2026-06-19 02:24:27   [28/45] Processing Query Q28...
2026-06-19 02:24:32     Query Q28 Score: 1.00
2026-06-19 02:24:32   [29/45] Processing Query Q29...
2026-06-19 02:24:36     Query Q29 Score: 0.50
2026-06-19 02:24:36   [30/45] Processing Query Q30...
2026-06-19 02:24:42     Query Q30 Score: 1.00
2026-06-19 02:24:42   [31/45] Processing Query Q31...
2026-06-19 02:24:47     Query Q31 Score: 1.00
2026-06-19 02:24:47   [32/45] Processing Query Q32...
2026-06-19 02:24:52     Query Q32 Score: 0.95
2026-06-19 02:24:52   [33/45] Processing Query Q33...
2026-06-19 02:24:58     Query Q33 Score: 1.00
2026-06-19 02:24:58   [34/45] Processing Query Q34...
2026-06-19 02:25:03     Query Q34 Score: 1.00
2026-06-19 02:25:03   [35/45] Processing Query Q35...
2026-06-19 02:25:07     Query Q35 Score: 1.00
2026-06-19 02:25:07   [36/45] Processing Query Q36...
2026-06-19 02:25:19     Query Q36 Score: 1.00
2026-06-19 02:25:19   [37/45] Processing Query Q37...
2026-06-19 02:25:25     Query Q37 Score: 0.50
2026-06-19 02:25:25   [38/45] Processing Query Q38...
2026-06-19 02:25:29     Query Q38 Score: 0.85
2026-06-19 02:25:29   [39/45] Processing Query Q39...
2026-06-19 02:25:34     Query Q39 Score: 0.95
2026-06-19 02:25:34   [40/45] Processing Query Q40...
2026-06-19 02:25:39     Query Q40 Score: 1.00
2026-06-19 02:25:39   [41/45] Processing Query Q41...
2026-06-19 02:25:45     Query Q41 Score: 0.85
2026-06-19 02:25:45   [42/45] Processing Query Q42...
2026-06-19 02:25:49     Query Q42 Score: 1.00
2026-06-19 02:25:49   [43/45] Processing Query Q43...
2026-06-19 02:25:54     Query Q43 Score: 1.00
2026-06-19 02:25:54   [44/45] Processing Query Q48...
2026-06-19 02:26:12     Query Q48 Score: 0.30
2026-06-19 02:26:12   [45/45] Processing Query Q49...
2026-06-19 02:26:19     Query Q49 Score: 0.40
2026-06-19 02:26:19 Saved validation results to /home/virtualuser/model_evaluation/autoresearch/archive/run_20260618_134629/outputs/validation_results_iter126_20260619_022619.csv
2026-06-19 02:26:19 Validation run completed. Overall Mean Score: 0.8622
2026-06-19 02:26:19 Candidate Score: 0.8622 (Delta: -0.0844)
2026-06-19 02:26:19 >>> FAILURE: Score did not improve. Discarding changes.
2026-06-19 02:26:19 Iteration #126 logged successfully to experiments.json.
2026-06-19 02:26:19 
2026-06-19 02:26:19 =========================================
2026-06-19 02:26:19 STARTING ITERATION #127
2026-06-19 02:26:19 =========================================
2026-06-19 02:26:19 Current Champion Score: 0.9467
2026-06-19 02:26:19 Failing queries to fix: 13
2026-06-19 02:26:19 Calling Optimizer Agent to refine instructions...
2026-06-19 02:28:55 Starting validation run on 45 queries...
2026-06-19 02:28:55   [1/45] Processing Query Q01...
2026-06-19 02:29:00     Query Q01 Score: 1.00
2026-06-19 02:29:00   [2/45] Processing Query Q02...
2026-06-19 02:29:06     Query Q02 Score: 0.70
2026-06-19 02:29:06   [3/45] Processing Query Q03...
2026-06-19 02:29:11     Query Q03 Score: 1.00
2026-06-19 02:29:11   [4/45] Processing Query Q04...
2026-06-19 02:29:16     Query Q04 Score: 1.00
2026-06-19 02:29:16   [5/45] Processing Query Q05...
2026-06-19 02:29:22     Query Q05 Score: 0.70
2026-06-19 02:29:22   [6/45] Processing Query Q06...
2026-06-19 02:29:28     Query Q06 Score: 1.00
2026-06-19 02:29:28   [7/45] Processing Query Q07...
2026-06-19 02:29:33     Query Q07 Score: 1.00
2026-06-19 02:29:33   [8/45] Processing Query Q08...
2026-06-19 02:29:38     Query Q08 Score: 1.00
2026-06-19 02:29:38   [9/45] Processing Query Q09...
2026-06-19 02:29:48     Query Q09 Score: 0.50
2026-06-19 02:29:48   [10/45] Processing Query Q10...
2026-06-19 02:29:53     Query Q10 Score: 1.00
2026-06-19 02:29:53   [11/45] Processing Query Q11...
2026-06-19 02:30:01     Query Q11 Score: 0.95
2026-06-19 02:30:01   [12/45] Processing Query Q12...
2026-06-19 02:30:06     Query Q12 Score: 1.00
2026-06-19 02:30:06   [13/45] Processing Query Q13...
2026-06-19 02:30:13     Query Q13 Score: 0.20
2026-06-19 02:30:13   [14/45] Processing Query Q14...
2026-06-19 02:30:19     Query Q14 Score: 0.60
2026-06-19 02:30:19   [15/45] Processing Query Q15...
2026-06-19 02:30:24     Query Q15 Score: 1.00
2026-06-19 02:30:24   [16/45] Processing Query Q16...
2026-06-19 02:30:34     Query Q16 Score: 1.00
2026-06-19 02:30:34   [17/45] Processing Query Q17...
2026-06-19 02:30:38     Query Q17 Score: 1.00
2026-06-19 02:30:38   [18/45] Processing Query Q18...
2026-06-19 02:30:43     Query Q18 Score: 1.00
2026-06-19 02:30:43   [19/45] Processing Query Q19...
2026-06-19 02:30:48     Query Q19 Score: 0.95
2026-06-19 02:30:48   [20/45] Processing Query Q20...
2026-06-19 02:30:53     Query Q20 Score: 0.95
2026-06-19 02:30:53   [21/45] Processing Query Q21...
2026-06-19 02:30:57     Query Q21 Score: 1.00
2026-06-19 02:30:57   [22/45] Processing Query Q22...
2026-06-19 02:31:02     Query Q22 Score: 1.00
2026-06-19 02:31:02   [23/45] Processing Query Q23...
2026-06-19 02:31:23     Query Q23 Score: 1.00
2026-06-19 02:31:23   [24/45] Processing Query Q24...
2026-06-19 02:31:27     Query Q24 Score: 1.00
2026-06-19 02:31:27   [25/45] Processing Query Q25...
2026-06-19 02:31:32     Query Q25 Score: 1.00
2026-06-19 02:31:32   [26/45] Processing Query Q26...
2026-06-19 02:31:36     Query Q26 Score: 1.00
2026-06-19 02:31:36   [27/45] Processing Query Q27...
2026-06-19 02:31:41     Query Q27 Score: 1.00
2026-06-19 02:31:41   [28/45] Processing Query Q28...
2026-06-19 02:31:45     Query Q28 Score: 1.00
2026-06-19 02:31:45   [29/45] Processing Query Q29...
2026-06-19 02:31:50     Query Q29 Score: 0.50
2026-06-19 02:31:50   [30/45] Processing Query Q30...
2026-06-19 02:31:55     Query Q30 Score: 1.00
2026-06-19 02:31:55   [31/45] Processing Query Q31...
2026-06-19 02:32:00     Query Q31 Score: 0.95
2026-06-19 02:32:00   [32/45] Processing Query Q32...
2026-06-19 02:32:06     Query Q32 Score: 0.95
2026-06-19 02:32:06   [33/45] Processing Query Q33...
2026-06-19 02:32:11     Query Q33 Score: 1.00
2026-06-19 02:32:11   [34/45] Processing Query Q34...
2026-06-19 02:32:16     Query Q34 Score: 1.00
2026-06-19 02:32:16   [35/45] Processing Query Q35...
2026-06-19 02:32:20     Query Q35 Score: 1.00
2026-06-19 02:32:20   [36/45] Processing Query Q36...
2026-06-19 02:32:28     Query Q36 Score: 1.00
2026-06-19 02:32:28   [37/45] Processing Query Q37...
2026-06-19 02:32:33     Query Q37 Score: 0.50
2026-06-19 02:32:33   [38/45] Processing Query Q38...
2026-06-19 02:32:39     Query Q38 Score: 1.00
2026-06-19 02:32:39   [39/45] Processing Query Q39...
2026-06-19 02:32:44     Query Q39 Score: 1.00
2026-06-19 02:32:44   [40/45] Processing Query Q40...
2026-06-19 02:32:48     Query Q40 Score: 1.00
2026-06-19 02:32:48   [41/45] Processing Query Q41...
2026-06-19 02:32:54     Query Q41 Score: 0.85
2026-06-19 02:32:54   [42/45] Processing Query Q42...
2026-06-19 02:32:59     Query Q42 Score: 1.00
2026-06-19 02:32:59   [43/45] Processing Query Q43...
2026-06-19 02:33:04     Query Q43 Score: 1.00
2026-06-19 02:33:04   [44/45] Processing Query Q48...
2026-06-19 02:33:11     Query Q48 Score: 0.40
2026-06-19 02:33:11   [45/45] Processing Query Q49...
2026-06-19 02:33:18     Query Q49 Score: 0.75
2026-06-19 02:33:18 Saved validation results to /home/virtualuser/model_evaluation/autoresearch/archive/run_20260618_134629/outputs/validation_results_iter127_20260619_023318.csv
2026-06-19 02:33:18 Validation run completed. Overall Mean Score: 0.8989
2026-06-19 02:33:18 Candidate Score: 0.8989 (Delta: -0.0478)
2026-06-19 02:33:18 >>> FAILURE: Score did not improve. Discarding changes.
2026-06-19 02:33:18 Iteration #127 logged successfully to experiments.json.
2026-06-19 02:33:18 
2026-06-19 02:33:18 =========================================
2026-06-19 02:33:18 STARTING ITERATION #128
2026-06-19 02:33:18 =========================================
2026-06-19 02:33:18 Current Champion Score: 0.9467
2026-06-19 02:33:18 Failing queries to fix: 13
2026-06-19 02:33:18 Calling Optimizer Agent to refine instructions...
2026-06-19 02:35:57 Starting validation run on 45 queries...
2026-06-19 02:35:57   [1/45] Processing Query Q01...
2026-06-19 02:36:03     Query Q01 Score: 1.00
2026-06-19 02:36:03   [2/45] Processing Query Q02...
2026-06-19 02:36:08     Query Q02 Score: 0.70
2026-06-19 02:36:08   [3/45] Processing Query Q03...
2026-06-19 02:36:13     Query Q03 Score: 1.00
2026-06-19 02:36:13   [4/45] Processing Query Q04...
2026-06-19 02:36:18     Query Q04 Score: 1.00
2026-06-19 02:36:18   [5/45] Processing Query Q05...
2026-06-19 02:36:24     Query Q05 Score: 1.00
2026-06-19 02:36:24   [6/45] Processing Query Q06...
2026-06-19 02:36:29     Query Q06 Score: 1.00
2026-06-19 02:36:29   [7/45] Processing Query Q07...
2026-06-19 02:36:34     Query Q07 Score: 1.00
2026-06-19 02:36:34   [8/45] Processing Query Q08...
2026-06-19 02:36:39     Query Q08 Score: 1.00
2026-06-19 02:36:39   [9/45] Processing Query Q09...
2026-06-19 02:36:53     Query Q09 Score: 0.30
2026-06-19 02:36:53   [10/45] Processing Query Q10...
2026-06-19 02:36:59     Query Q10 Score: 1.00
2026-06-19 02:36:59   [11/45] Processing Query Q11...
2026-06-19 02:37:07     Query Q11 Score: 0.75
2026-06-19 02:37:07   [12/45] Processing Query Q12...
2026-06-19 02:37:12     Query Q12 Score: 1.00
2026-06-19 02:37:12   [13/45] Processing Query Q13...
2026-06-19 02:37:17     Query Q13 Score: 0.30
2026-06-19 02:37:17   [14/45] Processing Query Q14...
2026-06-19 02:37:24     Query Q14 Score: 0.40
2026-06-19 02:37:24   [15/45] Processing Query Q15...
2026-06-19 02:37:30     Query Q15 Score: 1.00
2026-06-19 02:37:30   [16/45] Processing Query Q16...
2026-06-19 02:37:35     Query Q16 Score: 0.90
2026-06-19 02:37:35   [17/45] Processing Query Q17...
2026-06-19 02:37:40     Query Q17 Score: 1.00
2026-06-19 02:37:40   [18/45] Processing Query Q18...
2026-06-19 02:37:45     Query Q18 Score: 1.00
2026-06-19 02:37:45   [19/45] Processing Query Q19...
2026-06-19 02:37:50     Query Q19 Score: 0.95
2026-06-19 02:37:50   [20/45] Processing Query Q20...
2026-06-19 02:37:55     Query Q20 Score: 0.90
2026-06-19 02:37:55   [21/45] Processing Query Q21...
2026-06-19 02:38:00     Query Q21 Score: 1.00
2026-06-19 02:38:00   [22/45] Processing Query Q22...
2026-06-19 02:38:04     Query Q22 Score: 1.00
2026-06-19 02:38:04   [23/45] Processing Query Q23...
2026-06-19 02:38:27     Query Q23 Score: 1.00
2026-06-19 02:38:27   [24/45] Processing Query Q24...
2026-06-19 02:38:36     Query Q24 Score: 1.00
2026-06-19 02:38:36   [25/45] Processing Query Q25...
2026-06-19 02:38:41     Query Q25 Score: 1.00
2026-06-19 02:38:41   [26/45] Processing Query Q26...
2026-06-19 02:38:45     Query Q26 Score: 1.00
2026-06-19 02:38:45   [27/45] Processing Query Q27...
2026-06-19 02:38:53     Query Q27 Score: 1.00
2026-06-19 02:38:53   [28/45] Processing Query Q28...
2026-06-19 02:38:57     Query Q28 Score: 1.00
2026-06-19 02:38:57   [29/45] Processing Query Q29...
2026-06-19 02:39:02     Query Q29 Score: 0.50
2026-06-19 02:39:02   [30/45] Processing Query Q30...
2026-06-19 02:39:08     Query Q30 Score: 1.00
2026-06-19 02:39:08   [31/45] Processing Query Q31...
2026-06-19 02:39:12     Query Q31 Score: 0.75
2026-06-19 02:39:12   [32/45] Processing Query Q32...
2026-06-19 02:39:18     Query Q32 Score: 0.95
2026-06-19 02:39:18   [33/45] Processing Query Q33...
2026-06-19 02:39:25     Query Q33 Score: 0.75
2026-06-19 02:39:25   [34/45] Processing Query Q34...
2026-06-19 02:39:30     Query Q34 Score: 1.00
2026-06-19 02:39:30   [35/45] Processing Query Q35...
2026-06-19 02:39:34     Query Q35 Score: 1.00
2026-06-19 02:39:34   [36/45] Processing Query Q36...
2026-06-19 02:39:42     Query Q36 Score: 1.00
2026-06-19 02:39:42   [37/45] Processing Query Q37...
2026-06-19 02:39:47     Query Q37 Score: 1.00
2026-06-19 02:39:47   [38/45] Processing Query Q38...
2026-06-19 02:39:55     Query Q38 Score: 1.00
2026-06-19 02:39:55   [39/45] Processing Query Q39...
2026-06-19 02:40:00     Query Q39 Score: 1.00
2026-06-19 02:40:00   [40/45] Processing Query Q40...
2026-06-19 02:40:05     Query Q40 Score: 1.00
2026-06-19 02:40:05   [41/45] Processing Query Q41...
2026-06-19 02:40:10     Query Q41 Score: 0.95
2026-06-19 02:40:10   [42/45] Processing Query Q42...
2026-06-19 02:40:15     Query Q42 Score: 1.00
2026-06-19 02:40:15   [43/45] Processing Query Q43...
2026-06-19 02:40:20     Query Q43 Score: 1.00
2026-06-19 02:40:20   [44/45] Processing Query Q48...
2026-06-19 02:40:27     Query Q48 Score: 0.75
2026-06-19 02:40:27   [45/45] Processing Query Q49...
2026-06-19 02:40:37     Query Q49 Score: 1.00
2026-06-19 02:40:37 Saved validation results to /home/virtualuser/model_evaluation/autoresearch/archive/run_20260618_134629/outputs/validation_results_iter128_20260619_024037.csv
2026-06-19 02:40:37 Validation run completed. Overall Mean Score: 0.9078
2026-06-19 02:40:37 Candidate Score: 0.9078 (Delta: -0.0389)
2026-06-19 02:40:37 >>> FAILURE: Score did not improve. Discarding changes.
2026-06-19 02:40:37 Iteration #128 logged successfully to experiments.json.
2026-06-19 02:40:37 
2026-06-19 02:40:37 =========================================
2026-06-19 02:40:37 STARTING ITERATION #129
2026-06-19 02:40:37 =========================================
2026-06-19 02:40:37 Current Champion Score: 0.9467
2026-06-19 02:40:37 Failing queries to fix: 13
2026-06-19 02:40:37 Calling Optimizer Agent to refine instructions...
2026-06-19 02:43:18 Starting validation run on 45 queries...
2026-06-19 02:43:18   [1/45] Processing Query Q01...
2026-06-19 02:43:24     Query Q01 Score: 1.00
2026-06-19 02:43:24   [2/45] Processing Query Q02...
2026-06-19 02:43:29     Query Q02 Score: 0.95
2026-06-19 02:43:29   [3/45] Processing Query Q03...
2026-06-19 02:43:35     Query Q03 Score: 1.00
2026-06-19 02:43:35   [4/45] Processing Query Q04...
2026-06-19 02:43:40     Query Q04 Score: 1.00
2026-06-19 02:43:40   [5/45] Processing Query Q05...
2026-06-19 02:43:46     Query Q05 Score: 1.00
2026-06-19 02:43:46   [6/45] Processing Query Q06...
2026-06-19 02:43:52     Query Q06 Score: 1.00
2026-06-19 02:43:52   [7/45] Processing Query Q07...
2026-06-19 02:43:57     Query Q07 Score: 1.00
2026-06-19 02:43:57   [8/45] Processing Query Q08...
2026-06-19 02:44:01     Query Q08 Score: 1.00
2026-06-19 02:44:01   [9/45] Processing Query Q09...
2026-06-19 02:44:13     Query Q09 Score: 0.50
2026-06-19 02:44:13   [10/45] Processing Query Q10...
2026-06-19 02:44:18     Query Q10 Score: 1.00
2026-06-19 02:44:18   [11/45] Processing Query Q11...
2026-06-19 02:44:26     Query Q11 Score: 0.40
2026-06-19 02:44:26   [12/45] Processing Query Q12...
2026-06-19 02:44:30     Query Q12 Score: 1.00
2026-06-19 02:44:30   [13/45] Processing Query Q13...
2026-06-19 02:44:35     Query Q13 Score: 0.60
2026-06-19 02:44:35   [14/45] Processing Query Q14...
2026-06-19 02:44:41     Query Q14 Score: 0.60
2026-06-19 02:44:41   [15/45] Processing Query Q15...
2026-06-19 02:44:47     Query Q15 Score: 1.00
2026-06-19 02:44:47   [16/45] Processing Query Q16...
2026-06-19 02:44:56     Query Q16 Score: 1.00
2026-06-19 02:44:56   [17/45] Processing Query Q17...
2026-06-19 02:45:01     Query Q17 Score: 1.00
2026-06-19 02:45:01   [18/45] Processing Query Q18...
2026-06-19 02:45:06     Query Q18 Score: 1.00
2026-06-19 02:45:06   [19/45] Processing Query Q19...
2026-06-19 02:45:10     Query Q19 Score: 0.95
2026-06-19 02:45:10   [20/45] Processing Query Q20...
2026-06-19 02:45:15     Query Q20 Score: 0.90
2026-06-19 02:45:15   [21/45] Processing Query Q21...
2026-06-19 02:45:20     Query Q21 Score: 1.00
2026-06-19 02:45:20   [22/45] Processing Query Q22...
2026-06-19 02:45:25     Query Q22 Score: 1.00
2026-06-19 02:45:25   [23/45] Processing Query Q23...
2026-06-19 02:45:31     Query Q23 Score: 0.40
2026-06-19 02:45:31   [24/45] Processing Query Q24...
2026-06-19 02:45:35     Query Q24 Score: 1.00
2026-06-19 02:45:35   [25/45] Processing Query Q25...
2026-06-19 02:45:40     Query Q25 Score: 1.00
2026-06-19 02:45:40   [26/45] Processing Query Q26...
2026-06-19 02:45:44     Query Q26 Score: 1.00
2026-06-19 02:45:44   [27/45] Processing Query Q27...
2026-06-19 02:45:48     Query Q27 Score: 1.00
2026-06-19 02:45:48   [28/45] Processing Query Q28...
2026-06-19 02:45:53     Query Q28 Score: 1.00
2026-06-19 02:45:53   [29/45] Processing Query Q29...
2026-06-19 02:45:58     Query Q29 Score: 1.00
2026-06-19 02:45:58   [30/45] Processing Query Q30...
2026-06-19 02:46:04     Query Q30 Score: 1.00
2026-06-19 02:46:04   [31/45] Processing Query Q31...
2026-06-19 02:46:08     Query Q31 Score: 0.50
2026-06-19 02:46:08   [32/45] Processing Query Q32...
2026-06-19 02:46:14     Query Q32 Score: 0.95
2026-06-19 02:46:14   [33/45] Processing Query Q33...
2026-06-19 02:46:19     Query Q33 Score: 1.00
2026-06-19 02:46:19   [34/45] Processing Query Q34...
2026-06-19 02:46:24     Query Q34 Score: 1.00
2026-06-19 02:46:24   [35/45] Processing Query Q35...
2026-06-19 02:46:28     Query Q35 Score: 1.00
2026-06-19 02:46:28   [36/45] Processing Query Q36...
2026-06-19 02:46:33     Query Q36 Score: 1.00
2026-06-19 02:46:33   [37/45] Processing Query Q37...
2026-06-19 02:46:38     Query Q37 Score: 0.50
2026-06-19 02:46:38   [38/45] Processing Query Q38...
2026-06-19 02:46:45     Query Q38 Score: 1.00
2026-06-19 02:46:45   [39/45] Processing Query Q39...
2026-06-19 02:46:49     Query Q39 Score: 1.00
2026-06-19 02:46:49   [40/45] Processing Query Q40...
2026-06-19 02:46:54     Query Q40 Score: 1.00
2026-06-19 02:46:54   [41/45] Processing Query Q41...
2026-06-19 02:47:00     Query Q41 Score: 0.85
2026-06-19 02:47:00   [42/45] Processing Query Q42...
2026-06-19 02:47:04     Query Q42 Score: 1.00
2026-06-19 02:47:04   [43/45] Processing Query Q43...
2026-06-19 02:47:09     Query Q43 Score: 1.00
2026-06-19 02:47:09   [44/45] Processing Query Q48...
2026-06-19 02:47:15     Query Q48 Score: 0.85
2026-06-19 02:47:15   [45/45] Processing Query Q49...
2026-06-19 02:47:23     Query Q49 Score: 0.40
2026-06-19 02:47:23 Saved validation results to /home/virtualuser/model_evaluation/autoresearch/archive/run_20260618_134629/outputs/validation_results_iter129_20260619_024723.csv
2026-06-19 02:47:23 Validation run completed. Overall Mean Score: 0.8967
2026-06-19 02:47:23 Candidate Score: 0.8967 (Delta: -0.0500)
2026-06-19 02:47:23 >>> FAILURE: Score did not improve. Discarding changes.
2026-06-19 02:47:23 Iteration #129 logged successfully to experiments.json.
2026-06-19 02:47:23 
2026-06-19 02:47:23 =========================================
2026-06-19 02:47:23 STARTING ITERATION #130
2026-06-19 02:47:23 =========================================
2026-06-19 02:47:23 Current Champion Score: 0.9467
2026-06-19 02:47:23 Failing queries to fix: 13
2026-06-19 02:47:23 Calling Optimizer Agent to refine instructions...
2026-06-19 02:49:58 Starting validation run on 45 queries...
2026-06-19 02:49:58   [1/45] Processing Query Q01...
2026-06-19 02:50:03     Query Q01 Score: 1.00
2026-06-19 02:50:03   [2/45] Processing Query Q02...
2026-06-19 02:50:09     Query Q02 Score: 0.70
2026-06-19 02:50:09   [3/45] Processing Query Q03...
2026-06-19 02:50:14     Query Q03 Score: 1.00
2026-06-19 02:50:14   [4/45] Processing Query Q04...
2026-06-19 02:50:19     Query Q04 Score: 0.95
2026-06-19 02:50:19   [5/45] Processing Query Q05...
2026-06-19 02:50:25     Query Q05 Score: 1.00
2026-06-19 02:50:25   [6/45] Processing Query Q06...
2026-06-19 02:50:30     Query Q06 Score: 1.00
2026-06-19 02:50:30   [7/45] Processing Query Q07...
2026-06-19 02:50:36     Query Q07 Score: 1.00
2026-06-19 02:50:36   [8/45] Processing Query Q08...
2026-06-19 02:50:40     Query Q08 Score: 1.00
2026-06-19 02:50:40   [9/45] Processing Query Q09...
2026-06-19 02:50:52     Query Q09 Score: 0.40
2026-06-19 02:50:52   [10/45] Processing Query Q10...
2026-06-19 02:50:57     Query Q10 Score: 1.00
2026-06-19 02:50:57   [11/45] Processing Query Q11...
2026-06-19 02:51:04     Query Q11 Score: 0.40
2026-06-19 02:51:04   [12/45] Processing Query Q12...
2026-06-19 02:51:09     Query Q12 Score: 1.00
2026-06-19 02:51:09   [13/45] Processing Query Q13...
2026-06-19 02:51:16     Query Q13 Score: 0.30
2026-06-19 02:51:16   [14/45] Processing Query Q14...
2026-06-19 02:51:22     Query Q14 Score: 0.85
2026-06-19 02:51:22   [15/45] Processing Query Q15...
2026-06-19 02:51:28     Query Q15 Score: 1.00
2026-06-19 02:51:28   [16/45] Processing Query Q16...
2026-06-19 02:51:37     Query Q16 Score: 1.00
2026-06-19 02:51:37   [17/45] Processing Query Q17...
2026-06-19 02:51:42     Query Q17 Score: 1.00
2026-06-19 02:51:42   [18/45] Processing Query Q18...
2026-06-19 02:51:47     Query Q18 Score: 1.00
2026-06-19 02:51:47   [19/45] Processing Query Q19...
2026-06-19 02:51:52     Query Q19 Score: 0.95
2026-06-19 02:51:52   [20/45] Processing Query Q20...
2026-06-19 02:51:57     Query Q20 Score: 0.90
2026-06-19 02:51:57   [21/45] Processing Query Q21...
2026-06-19 02:52:01     Query Q21 Score: 1.00
2026-06-19 02:52:01   [22/45] Processing Query Q22...
2026-06-19 02:52:06     Query Q22 Score: 1.00
2026-06-19 02:52:06   [23/45] Processing Query Q23...
2026-06-19 02:52:12     Query Q23 Score: 0.50
2026-06-19 02:52:12   [24/45] Processing Query Q24...
2026-06-19 02:52:16     Query Q24 Score: 1.00
2026-06-19 02:52:16   [25/45] Processing Query Q25...
2026-06-19 02:52:21     Query Q25 Score: 1.00
2026-06-19 02:52:21   [26/45] Processing Query Q26...
2026-06-19 02:52:25     Query Q26 Score: 1.00
2026-06-19 02:52:25   [27/45] Processing Query Q27...
2026-06-19 02:52:31     Query Q27 Score: 0.50
2026-06-19 02:52:31   [28/45] Processing Query Q28...
2026-06-19 02:52:36     Query Q28 Score: 1.00
2026-06-19 02:52:36   [29/45] Processing Query Q29...
2026-06-19 02:52:41     Query Q29 Score: 0.50
2026-06-19 02:52:41   [30/45] Processing Query Q30...
2026-06-19 02:52:46     Query Q30 Score: 1.00
2026-06-19 02:52:46   [31/45] Processing Query Q31...
2026-06-19 02:52:51     Query Q31 Score: 1.00
2026-06-19 02:52:51   [32/45] Processing Query Q32...
2026-06-19 02:52:56     Query Q32 Score: 0.95
2026-06-19 02:52:56   [33/45] Processing Query Q33...
2026-06-19 02:53:02     Query Q33 Score: 1.00
2026-06-19 02:53:02   [34/45] Processing Query Q34...
2026-06-19 02:53:07     Query Q34 Score: 1.00
2026-06-19 02:53:07   [35/45] Processing Query Q35...
2026-06-19 02:53:11     Query Q35 Score: 1.00
2026-06-19 02:53:11   [36/45] Processing Query Q36...
2026-06-19 02:53:19     Query Q36 Score: 1.00
2026-06-19 02:53:19   [37/45] Processing Query Q37...
2026-06-19 02:53:24     Query Q37 Score: 0.50
2026-06-19 02:53:24   [38/45] Processing Query Q38...
2026-06-19 02:53:29     Query Q38 Score: 0.85
2026-06-19 02:53:29   [39/45] Processing Query Q39...
2026-06-19 02:53:34     Query Q39 Score: 0.95
2026-06-19 02:53:34   [40/45] Processing Query Q40...
2026-06-19 02:53:38     Query Q40 Score: 1.00
2026-06-19 02:53:38   [41/45] Processing Query Q41...
2026-06-19 02:53:44     Query Q41 Score: 0.90
2026-06-19 02:53:44   [42/45] Processing Query Q42...
2026-06-19 02:53:49     Query Q42 Score: 1.00
2026-06-19 02:53:49   [43/45] Processing Query Q43...
2026-06-19 02:53:54     Query Q43 Score: 1.00
2026-06-19 02:53:54   [44/45] Processing Query Q48...
2026-06-19 02:54:00     Query Q48 Score: 0.85
2026-06-19 02:54:00   [45/45] Processing Query Q49...
2026-06-19 02:54:07     Query Q49 Score: 0.65
2026-06-19 02:54:07 Saved validation results to /home/virtualuser/model_evaluation/autoresearch/archive/run_20260618_134629/outputs/validation_results_iter130_20260619_025407.csv
2026-06-19 02:54:07 Validation run completed. Overall Mean Score: 0.8800
2026-06-19 02:54:07 Candidate Score: 0.8800 (Delta: -0.0667)
2026-06-19 02:54:07 >>> FAILURE: Score did not improve. Discarding changes.
2026-06-19 02:54:07 Iteration #130 logged successfully to experiments.json.
2026-06-19 02:54:07 
2026-06-19 02:54:07 =========================================
2026-06-19 02:54:07 STARTING ITERATION #131
2026-06-19 02:54:07 =========================================
2026-06-19 02:54:07 Current Champion Score: 0.9467
2026-06-19 02:54:07 Failing queries to fix: 13
2026-06-19 02:54:07 Calling Optimizer Agent to refine instructions...
2026-06-19 02:56:25 Starting validation run on 45 queries...
2026-06-19 02:56:25   [1/45] Processing Query Q01...
2026-06-19 02:56:30     Query Q01 Score: 1.00
2026-06-19 02:56:30   [2/45] Processing Query Q02...
2026-06-19 02:56:36     Query Q02 Score: 0.95
2026-06-19 02:56:36   [3/45] Processing Query Q03...
2026-06-19 02:56:41     Query Q03 Score: 1.00
2026-06-19 02:56:41   [4/45] Processing Query Q04...
2026-06-19 02:56:46     Query Q04 Score: 1.00
2026-06-19 02:56:46   [5/45] Processing Query Q05...
2026-06-19 02:56:52     Query Q05 Score: 1.00
2026-06-19 02:56:52   [6/45] Processing Query Q06...
2026-06-19 02:56:58     Query Q06 Score: 1.00
2026-06-19 02:56:58   [7/45] Processing Query Q07...
2026-06-19 02:57:03     Query Q07 Score: 1.00
2026-06-19 02:57:03   [8/45] Processing Query Q08...
2026-06-19 02:57:08     Query Q08 Score: 1.00
2026-06-19 02:57:08   [9/45] Processing Query Q09...
2026-06-19 02:57:13     Query Q09 Score: 0.50
2026-06-19 02:57:13   [10/45] Processing Query Q10...
2026-06-19 02:57:19     Query Q10 Score: 1.00
2026-06-19 02:57:19   [11/45] Processing Query Q11...
2026-06-19 02:57:27     Query Q11 Score: 0.75
2026-06-19 02:57:27   [12/45] Processing Query Q12...
2026-06-19 02:57:31     Query Q12 Score: 1.00
2026-06-19 02:57:31   [13/45] Processing Query Q13...
2026-06-19 02:57:37     Query Q13 Score: 0.50
2026-06-19 02:57:37   [14/45] Processing Query Q14...
2026-06-19 02:57:41     Query Q14 Score: 0.85
2026-06-19 02:57:41   [15/45] Processing Query Q15...
2026-06-19 02:57:47     Query Q15 Score: 1.00
2026-06-19 02:57:47   [16/45] Processing Query Q16...
2026-06-19 02:57:52     Query Q16 Score: 0.50
2026-06-19 02:57:52   [17/45] Processing Query Q17...
2026-06-19 02:57:57     Query Q17 Score: 1.00
2026-06-19 02:57:57   [18/45] Processing Query Q18...
2026-06-19 02:58:02     Query Q18 Score: 1.00
2026-06-19 02:58:02   [19/45] Processing Query Q19...
2026-06-19 02:58:07     Query Q19 Score: 0.95
2026-06-19 02:58:07   [20/45] Processing Query Q20...
2026-06-19 02:58:11     Query Q20 Score: 0.95
2026-06-19 02:58:11   [21/45] Processing Query Q21...
2026-06-19 02:58:16     Query Q21 Score: 1.00
2026-06-19 02:58:16   [22/45] Processing Query Q22...
2026-06-19 02:58:21     Query Q22 Score: 1.00
2026-06-19 02:58:21   [23/45] Processing Query Q23...
2026-06-19 02:58:30     Query Q23 Score: 1.00
2026-06-19 02:58:30   [24/45] Processing Query Q24...
2026-06-19 02:58:34     Query Q24 Score: 1.00
2026-06-19 02:58:34   [25/45] Processing Query Q25...
2026-06-19 02:58:39     Query Q25 Score: 1.00
2026-06-19 02:58:39   [26/45] Processing Query Q26...
2026-06-19 02:58:43     Query Q26 Score: 1.00
2026-06-19 02:58:43   [27/45] Processing Query Q27...
2026-06-19 02:58:48     Query Q27 Score: 1.00
2026-06-19 02:58:48   [28/45] Processing Query Q28...
2026-06-19 02:58:52     Query Q28 Score: 1.00
2026-06-19 02:58:52   [29/45] Processing Query Q29...
2026-06-19 02:58:57     Query Q29 Score: 0.50
2026-06-19 02:58:57   [30/45] Processing Query Q30...
2026-06-19 02:59:02     Query Q30 Score: 1.00
2026-06-19 02:59:02   [31/45] Processing Query Q31...
2026-06-19 02:59:07     Query Q31 Score: 0.75
2026-06-19 02:59:07   [32/45] Processing Query Q32...
2026-06-19 02:59:13     Query Q32 Score: 0.95
2026-06-19 02:59:13   [33/45] Processing Query Q33...
2026-06-19 02:59:18     Query Q33 Score: 1.00
2026-06-19 02:59:18   [34/45] Processing Query Q34...
2026-06-19 02:59:23     Query Q34 Score: 1.00
2026-06-19 02:59:23   [35/45] Processing Query Q35...
2026-06-19 02:59:27     Query Q35 Score: 1.00
2026-06-19 02:59:27   [36/45] Processing Query Q36...
2026-06-19 02:59:32     Query Q36 Score: 1.00
2026-06-19 02:59:32   [37/45] Processing Query Q37...
2026-06-19 02:59:37     Query Q37 Score: 0.50
2026-06-19 02:59:37   [38/45] Processing Query Q38...
2026-06-19 02:59:42     Query Q38 Score: 0.85
2026-06-19 02:59:42   [39/45] Processing Query Q39...
2026-06-19 02:59:46     Query Q39 Score: 0.95
2026-06-19 02:59:46   [40/45] Processing Query Q40...
2026-06-19 02:59:51     Query Q40 Score: 1.00
2026-06-19 02:59:51   [41/45] Processing Query Q41...
2026-06-19 02:59:57     Query Q41 Score: 0.90
2026-06-19 02:59:57   [42/45] Processing Query Q42...
2026-06-19 03:00:01     Query Q42 Score: 1.00
2026-06-19 03:00:01   [43/45] Processing Query Q43...
2026-06-19 03:00:06     Query Q43 Score: 1.00
2026-06-19 03:00:06   [44/45] Processing Query Q48...
2026-06-19 03:00:12     Query Q48 Score: 0.60
2026-06-19 03:00:12   [45/45] Processing Query Q49...
2026-06-19 03:00:20     Query Q49 Score: 0.70
2026-06-19 03:00:20 Saved validation results to /home/virtualuser/model_evaluation/autoresearch/archive/run_20260618_134629/outputs/validation_results_iter131_20260619_030020.csv
2026-06-19 03:00:20 Validation run completed. Overall Mean Score: 0.9033
2026-06-19 03:00:20 Candidate Score: 0.9033 (Delta: -0.0433)
2026-06-19 03:00:20 >>> FAILURE: Score did not improve. Discarding changes.
2026-06-19 03:00:20 Iteration #131 logged successfully to experiments.json.
2026-06-19 03:00:20 
2026-06-19 03:00:20 =========================================
2026-06-19 03:00:20 STARTING ITERATION #132
2026-06-19 03:00:20 =========================================
2026-06-19 03:00:20 Current Champion Score: 0.9467
2026-06-19 03:00:20 Failing queries to fix: 13
2026-06-19 03:00:20 Calling Optimizer Agent to refine instructions...
2026-06-19 03:02:59 Starting validation run on 45 queries...
2026-06-19 03:02:59   [1/45] Processing Query Q01...
2026-06-19 03:03:05     Query Q01 Score: 1.00
2026-06-19 03:03:05   [2/45] Processing Query Q02...
2026-06-19 03:03:10     Query Q02 Score: 1.00
2026-06-19 03:03:10   [3/45] Processing Query Q03...
2026-06-19 03:03:15     Query Q03 Score: 0.95
2026-06-19 03:03:15   [4/45] Processing Query Q04...
2026-06-19 03:03:21     Query Q04 Score: 1.00
2026-06-19 03:03:21   [5/45] Processing Query Q05...
2026-06-19 03:03:27     Query Q05 Score: 1.00
2026-06-19 03:03:27   [6/45] Processing Query Q06...
2026-06-19 03:03:32     Query Q06 Score: 1.00
2026-06-19 03:03:32   [7/45] Processing Query Q07...
2026-06-19 03:03:37     Query Q07 Score: 1.00
2026-06-19 03:03:37   [8/45] Processing Query Q08...
2026-06-19 03:03:42     Query Q08 Score: 1.00
2026-06-19 03:03:42   [9/45] Processing Query Q09...
2026-06-19 03:03:55     Query Q09 Score: 0.30
2026-06-19 03:03:55   [10/45] Processing Query Q10...
2026-06-19 03:04:01     Query Q10 Score: 1.00
2026-06-19 03:04:01   [11/45] Processing Query Q11...
2026-06-19 03:04:09     Query Q11 Score: 0.85
2026-06-19 03:04:09   [12/45] Processing Query Q12...
2026-06-19 03:04:13     Query Q12 Score: 1.00
2026-06-19 03:04:13   [13/45] Processing Query Q13...
2026-06-19 03:04:19     Query Q13 Score: 0.40
2026-06-19 03:04:19   [14/45] Processing Query Q14...
2026-06-19 03:04:24     Query Q14 Score: 0.85
2026-06-19 03:04:24   [15/45] Processing Query Q15...
2026-06-19 03:04:30     Query Q15 Score: 1.00
2026-06-19 03:04:30   [16/45] Processing Query Q16...
2026-06-19 03:04:42     Query Q16 Score: 0.75
2026-06-19 03:04:42   [17/45] Processing Query Q17...
2026-06-19 03:04:47     Query Q17 Score: 1.00
2026-06-19 03:04:47   [18/45] Processing Query Q18...
2026-06-19 03:04:52     Query Q18 Score: 1.00
2026-06-19 03:04:52   [19/45] Processing Query Q19...
2026-06-19 03:04:57     Query Q19 Score: 0.60
2026-06-19 03:04:57   [20/45] Processing Query Q20...
2026-06-19 03:05:02     Query Q20 Score: 0.95
2026-06-19 03:05:02   [21/45] Processing Query Q21...
2026-06-19 03:05:07     Query Q21 Score: 1.00
2026-06-19 03:05:07   [22/45] Processing Query Q22...
2026-06-19 03:05:12     Query Q22 Score: 1.00
2026-06-19 03:05:12   [23/45] Processing Query Q23...
2026-06-19 03:05:17     Query Q23 Score: 0.50
2026-06-19 03:05:17   [24/45] Processing Query Q24...
2026-06-19 03:05:22     Query Q24 Score: 1.00
2026-06-19 03:05:22   [25/45] Processing Query Q25...
2026-06-19 03:05:26     Query Q25 Score: 1.00
2026-06-19 03:05:26   [26/45] Processing Query Q26...
2026-06-19 03:05:31     Query Q26 Score: 1.00
2026-06-19 03:05:31   [27/45] Processing Query Q27...
2026-06-19 03:05:35     Query Q27 Score: 1.00
2026-06-19 03:05:35   [28/45] Processing Query Q28...
2026-06-19 03:05:40     Query Q28 Score: 1.00
2026-06-19 03:05:40   [29/45] Processing Query Q29...
2026-06-19 03:05:45     Query Q29 Score: 0.50
2026-06-19 03:05:45   [30/45] Processing Query Q30...
2026-06-19 03:05:50     Query Q30 Score: 1.00
2026-06-19 03:05:50   [31/45] Processing Query Q31...
2026-06-19 03:05:55     Query Q31 Score: 0.75
2026-06-19 03:05:55   [32/45] Processing Query Q32...
2026-06-19 03:06:01     Query Q32 Score: 0.95
2026-06-19 03:06:01   [33/45] Processing Query Q33...
2026-06-19 03:06:07     Query Q33 Score: 1.00
2026-06-19 03:06:07   [34/45] Processing Query Q34...
2026-06-19 03:06:12     Query Q34 Score: 1.00
2026-06-19 03:06:12   [35/45] Processing Query Q35...
2026-06-19 03:06:15     Query Q35 Score: 1.00
2026-06-19 03:06:15   [36/45] Processing Query Q36...
2026-06-19 03:06:23     Query Q36 Score: 1.00
2026-06-19 03:06:23   [37/45] Processing Query Q37...
2026-06-19 03:06:29     Query Q37 Score: 1.00
2026-06-19 03:06:29   [38/45] Processing Query Q38...
2026-06-19 03:06:35     Query Q38 Score: 0.40
2026-06-19 03:06:35   [39/45] Processing Query Q39...
2026-06-19 03:06:39     Query Q39 Score: 1.00
2026-06-19 03:06:39   [40/45] Processing Query Q40...
2026-06-19 03:06:44     Query Q40 Score: 1.00
2026-06-19 03:06:44   [41/45] Processing Query Q41...
2026-06-19 03:06:50     Query Q41 Score: 0.85
2026-06-19 03:06:50   [42/45] Processing Query Q42...
2026-06-19 03:06:55     Query Q42 Score: 1.00
2026-06-19 03:06:55   [43/45] Processing Query Q43...
2026-06-19 03:07:00     Query Q43 Score: 0.85
2026-06-19 03:07:00   [44/45] Processing Query Q48...
2026-06-19 03:07:07     Query Q48 Score: 0.85
2026-06-19 03:07:07   [45/45] Processing Query Q49...
2026-06-19 03:07:14     Query Q49 Score: 0.65
2026-06-19 03:07:14 Saved validation results to /home/virtualuser/model_evaluation/autoresearch/archive/run_20260618_134629/outputs/validation_results_iter132_20260619_030714.csv
2026-06-19 03:07:14 Validation run completed. Overall Mean Score: 0.8878
2026-06-19 03:07:14 Candidate Score: 0.8878 (Delta: -0.0589)
2026-06-19 03:07:14 >>> FAILURE: Score did not improve. Discarding changes.
2026-06-19 03:07:14 Iteration #132 logged successfully to experiments.json.
2026-06-19 03:07:14 
2026-06-19 03:07:14 =========================================
2026-06-19 03:07:14 STARTING ITERATION #133
2026-06-19 03:07:14 =========================================
2026-06-19 03:07:14 Current Champion Score: 0.9467
2026-06-19 03:07:14 Failing queries to fix: 13
2026-06-19 03:07:14 Calling Optimizer Agent to refine instructions...
2026-06-19 03:09:40 Starting validation run on 45 queries...
2026-06-19 03:09:40   [1/45] Processing Query Q01...
2026-06-19 03:09:45     Query Q01 Score: 1.00
2026-06-19 03:09:45   [2/45] Processing Query Q02...
2026-06-19 03:09:51     Query Q02 Score: 0.70
2026-06-19 03:09:51   [3/45] Processing Query Q03...
2026-06-19 03:09:56     Query Q03 Score: 0.95
2026-06-19 03:09:56   [4/45] Processing Query Q04...
2026-06-19 03:10:02     Query Q04 Score: 1.00
2026-06-19 03:10:02   [5/45] Processing Query Q05...
2026-06-19 03:10:08     Query Q05 Score: 1.00
2026-06-19 03:10:08   [6/45] Processing Query Q06...
2026-06-19 03:10:13     Query Q06 Score: 1.00
2026-06-19 03:10:13   [7/45] Processing Query Q07...
2026-06-19 03:10:18     Query Q07 Score: 1.00
2026-06-19 03:10:18   [8/45] Processing Query Q08...
2026-06-19 03:10:23     Query Q08 Score: 1.00
2026-06-19 03:10:23   [9/45] Processing Query Q09...
2026-06-19 03:10:29     Query Q09 Score: 0.75
2026-06-19 03:10:29   [10/45] Processing Query Q10...
2026-06-19 03:10:34     Query Q10 Score: 1.00
2026-06-19 03:10:34   [11/45] Processing Query Q11...
2026-06-19 03:10:43     Query Q11 Score: 0.75
2026-06-19 03:10:43   [12/45] Processing Query Q12...
2026-06-19 03:10:48     Query Q12 Score: 1.00
2026-06-19 03:10:48   [13/45] Processing Query Q13...
2026-06-19 03:10:53     Query Q13 Score: 0.30
2026-06-19 03:10:53   [14/45] Processing Query Q14...
2026-06-19 03:11:00     Query Q14 Score: 0.75
2026-06-19 03:11:00   [15/45] Processing Query Q15...
2026-06-19 03:11:06     Query Q15 Score: 1.00
2026-06-19 03:11:06   [16/45] Processing Query Q16...
2026-06-19 03:11:11     Query Q16 Score: 0.50
2026-06-19 03:11:11   [17/45] Processing Query Q17...
2026-06-19 03:11:16     Query Q17 Score: 1.00
2026-06-19 03:11:16   [18/45] Processing Query Q18...
2026-06-19 03:11:21     Query Q18 Score: 0.90
2026-06-19 03:11:21   [19/45] Processing Query Q19...
2026-06-19 03:11:26     Query Q19 Score: 0.85
2026-06-19 03:11:26   [20/45] Processing Query Q20...
2026-06-19 03:11:31     Query Q20 Score: 0.90
2026-06-19 03:11:31   [21/45] Processing Query Q21...
2026-06-19 03:11:36     Query Q21 Score: 1.00
2026-06-19 03:11:36   [22/45] Processing Query Q22...
2026-06-19 03:11:41     Query Q22 Score: 1.00
2026-06-19 03:11:41   [23/45] Processing Query Q23...
2026-06-19 03:12:06     Query Q23 Score: 0.75
2026-06-19 03:12:06   [24/45] Processing Query Q24...
2026-06-19 03:12:10     Query Q24 Score: 1.00
2026-06-19 03:12:10   [25/45] Processing Query Q25...
2026-06-19 03:12:16     Query Q25 Score: 1.00
2026-06-19 03:12:16   [26/45] Processing Query Q26...
2026-06-19 03:12:20     Query Q26 Score: 1.00
2026-06-19 03:12:20   [27/45] Processing Query Q27...
2026-06-19 03:12:26     Query Q27 Score: 0.50
2026-06-19 03:12:26   [28/45] Processing Query Q28...
2026-06-19 03:12:30     Query Q28 Score: 1.00
2026-06-19 03:12:30   [29/45] Processing Query Q29...
2026-06-19 03:12:35     Query Q29 Score: 0.50
2026-06-19 03:12:35   [30/45] Processing Query Q30...
2026-06-19 03:12:40     Query Q30 Score: 1.00
2026-06-19 03:12:40   [31/45] Processing Query Q31...
2026-06-19 03:12:45     Query Q31 Score: 1.00
2026-06-19 03:12:45   [32/45] Processing Query Q32...
2026-06-19 03:12:51     Query Q32 Score: 0.95
2026-06-19 03:12:51   [33/45] Processing Query Q33...
2026-06-19 03:12:56     Query Q33 Score: 0.75
2026-06-19 03:12:56   [34/45] Processing Query Q34...
2026-06-19 03:13:01     Query Q34 Score: 1.00
2026-06-19 03:13:01   [35/45] Processing Query Q35...
2026-06-19 03:13:05     Query Q35 Score: 1.00
2026-06-19 03:13:05   [36/45] Processing Query Q36...
2026-06-19 03:13:13     Query Q36 Score: 1.00
2026-06-19 03:13:13   [37/45] Processing Query Q37...
2026-06-19 03:13:18     Query Q37 Score: 0.50
2026-06-19 03:13:18   [38/45] Processing Query Q38...
2026-06-19 03:13:23     Query Q38 Score: 0.85
2026-06-19 03:13:23   [39/45] Processing Query Q39...
2026-06-19 03:13:27     Query Q39 Score: 0.95
2026-06-19 03:13:27   [40/45] Processing Query Q40...
2026-06-19 03:13:32     Query Q40 Score: 1.00
2026-06-19 03:13:32   [41/45] Processing Query Q41...
2026-06-19 03:13:38     Query Q41 Score: 0.85
2026-06-19 03:13:38   [42/45] Processing Query Q42...
2026-06-19 03:13:42     Query Q42 Score: 1.00
2026-06-19 03:13:42   [43/45] Processing Query Q43...
2026-06-19 03:13:47     Query Q43 Score: 1.00
2026-06-19 03:13:47   [44/45] Processing Query Q48...
2026-06-19 03:13:54     Query Q48 Score: 0.75
2026-06-19 03:13:54   [45/45] Processing Query Q49...
2026-06-19 03:14:14     Query Q49 Score: 0.50
2026-06-19 03:14:14 Saved validation results to /home/virtualuser/model_evaluation/autoresearch/archive/run_20260618_134629/outputs/validation_results_iter133_20260619_031414.csv
2026-06-19 03:14:14 Validation run completed. Overall Mean Score: 0.8711
2026-06-19 03:14:14 Candidate Score: 0.8711 (Delta: -0.0756)
2026-06-19 03:14:14 >>> FAILURE: Score did not improve. Discarding changes.
2026-06-19 03:14:14 Iteration #133 logged successfully to experiments.json.
2026-06-19 03:14:14 
2026-06-19 03:14:14 =========================================
2026-06-19 03:14:14 STARTING ITERATION #134
2026-06-19 03:14:14 =========================================
2026-06-19 03:14:14 Current Champion Score: 0.9467
2026-06-19 03:14:14 Failing queries to fix: 13
2026-06-19 03:14:14 Calling Optimizer Agent to refine instructions...
2026-06-19 03:16:43 Starting validation run on 45 queries...
2026-06-19 03:16:43   [1/45] Processing Query Q01...
2026-06-19 03:16:48     Query Q01 Score: 1.00
2026-06-19 03:16:48   [2/45] Processing Query Q02...
2026-06-19 03:16:53     Query Q02 Score: 1.00
2026-06-19 03:16:53   [3/45] Processing Query Q03...
2026-06-19 03:16:58     Query Q03 Score: 0.90
2026-06-19 03:16:58   [4/45] Processing Query Q04...
2026-06-19 03:17:04     Query Q04 Score: 1.00
2026-06-19 03:17:04   [5/45] Processing Query Q05...
2026-06-19 03:17:09     Query Q05 Score: 1.00
2026-06-19 03:17:09   [6/45] Processing Query Q06...
2026-06-19 03:17:15     Query Q06 Score: 1.00
2026-06-19 03:17:15   [7/45] Processing Query Q07...
2026-06-19 03:17:20     Query Q07 Score: 1.00
2026-06-19 03:17:20   [8/45] Processing Query Q08...
2026-06-19 03:17:24     Query Q08 Score: 1.00
2026-06-19 03:17:24   [9/45] Processing Query Q09...
2026-06-19 03:17:39     Query Q09 Score: 0.40
2026-06-19 03:17:39   [10/45] Processing Query Q10...
2026-06-19 03:17:45     Query Q10 Score: 1.00
2026-06-19 03:17:45   [11/45] Processing Query Q11...
2026-06-19 03:17:53     Query Q11 Score: 0.75
2026-06-19 03:17:53   [12/45] Processing Query Q12...
2026-06-19 03:17:58     Query Q12 Score: 1.00
2026-06-19 03:17:58   [13/45] Processing Query Q13...
2026-06-19 03:18:03     Query Q13 Score: 1.00
2026-06-19 03:18:03   [14/45] Processing Query Q14...
2026-06-19 03:18:07     Query Q14 Score: 0.50
2026-06-19 03:18:07   [15/45] Processing Query Q15...
2026-06-19 03:18:13     Query Q15 Score: 1.00
2026-06-19 03:18:13   [16/45] Processing Query Q16...
2026-06-19 03:18:19     Query Q16 Score: 0.50
2026-06-19 03:18:19   [17/45] Processing Query Q17...
2026-06-19 03:18:24     Query Q17 Score: 1.00
2026-06-19 03:18:24   [18/45] Processing Query Q18...
2026-06-19 03:18:29     Query Q18 Score: 1.00
2026-06-19 03:18:29   [19/45] Processing Query Q19...
2026-06-19 03:18:34     Query Q19 Score: 0.60
2026-06-19 03:18:34   [20/45] Processing Query Q20...
2026-06-19 03:18:39     Query Q20 Score: 0.90
2026-06-19 03:18:39   [21/45] Processing Query Q21...
2026-06-19 03:18:44     Query Q21 Score: 1.00
2026-06-19 03:18:44   [22/45] Processing Query Q22...
2026-06-19 03:18:48     Query Q22 Score: 1.00
2026-06-19 03:18:48   [23/45] Processing Query Q23...
2026-06-19 03:18:54     Query Q23 Score: 0.95
2026-06-19 03:18:54   [24/45] Processing Query Q24...
2026-06-19 03:18:59     Query Q24 Score: 1.00
2026-06-19 03:18:59   [25/45] Processing Query Q25...
2026-06-19 03:19:04     Query Q25 Score: 1.00
2026-06-19 03:19:04   [26/45] Processing Query Q26...
2026-06-19 03:19:08     Query Q26 Score: 1.00
2026-06-19 03:19:08   [27/45] Processing Query Q27...
2026-06-19 03:19:12     Query Q27 Score: 1.00
2026-06-19 03:19:12   [28/45] Processing Query Q28...
2026-06-19 03:19:16     Query Q28 Score: 1.00
2026-06-19 03:19:16   [29/45] Processing Query Q29...
2026-06-19 03:19:21     Query Q29 Score: 0.50
2026-06-19 03:19:21   [30/45] Processing Query Q30...
2026-06-19 03:19:27     Query Q30 Score: 1.00
2026-06-19 03:19:27   [31/45] Processing Query Q31...
2026-06-19 03:19:31     Query Q31 Score: 0.50
2026-06-19 03:19:31   [32/45] Processing Query Q32...
2026-06-19 03:19:40     Query Q32 Score: 1.00
2026-06-19 03:19:40   [33/45] Processing Query Q33...
2026-06-19 03:19:47     Query Q33 Score: 0.50
2026-06-19 03:19:47   [34/45] Processing Query Q34...
2026-06-19 03:19:52     Query Q34 Score: 1.00
2026-06-19 03:19:52   [35/45] Processing Query Q35...
2026-06-19 03:19:56     Query Q35 Score: 1.00
2026-06-19 03:19:56   [36/45] Processing Query Q36...
2026-06-19 03:20:04     Query Q36 Score: 1.00
2026-06-19 03:20:04   [37/45] Processing Query Q37...
2026-06-19 03:20:09     Query Q37 Score: 0.50
2026-06-19 03:20:09   [38/45] Processing Query Q38...
2026-06-19 03:20:14     Query Q38 Score: 0.85
2026-06-19 03:20:14   [39/45] Processing Query Q39...
2026-06-19 03:20:19     Query Q39 Score: 0.95
2026-06-19 03:20:19   [40/45] Processing Query Q40...
2026-06-19 03:20:24     Query Q40 Score: 1.00
2026-06-19 03:20:24   [41/45] Processing Query Q41...
2026-06-19 03:20:29     Query Q41 Score: 0.85
2026-06-19 03:20:29   [42/45] Processing Query Q42...
2026-06-19 03:20:35     Query Q42 Score: 1.00
2026-06-19 03:20:35   [43/45] Processing Query Q43...
2026-06-19 03:20:39     Query Q43 Score: 1.00
2026-06-19 03:20:39   [44/45] Processing Query Q48...
2026-06-19 03:20:46     Query Q48 Score: 0.95
2026-06-19 03:20:46   [45/45] Processing Query Q49...
2026-06-19 03:21:15     Query Q49 Score: 0.30
2026-06-19 03:21:15 Saved validation results to /home/virtualuser/model_evaluation/autoresearch/archive/run_20260618_134629/outputs/validation_results_iter134_20260619_032115.csv
2026-06-19 03:21:15 Validation run completed. Overall Mean Score: 0.8756
2026-06-19 03:21:15 Candidate Score: 0.8756 (Delta: -0.0711)
2026-06-19 03:21:15 >>> FAILURE: Score did not improve. Discarding changes.
2026-06-19 03:21:15 Iteration #134 logged successfully to experiments.json.
2026-06-19 03:21:15 
2026-06-19 03:21:15 =========================================
2026-06-19 03:21:15 STARTING ITERATION #135
2026-06-19 03:21:15 =========================================
2026-06-19 03:21:15 Current Champion Score: 0.9467
2026-06-19 03:21:15 Failing queries to fix: 13
2026-06-19 03:21:15 Calling Optimizer Agent to refine instructions...
2026-06-19 03:23:47 Starting validation run on 45 queries...
2026-06-19 03:23:47   [1/45] Processing Query Q01...
2026-06-19 03:23:52     Query Q01 Score: 1.00
2026-06-19 03:23:52   [2/45] Processing Query Q02...
2026-06-19 03:23:58     Query Q02 Score: 1.00
2026-06-19 03:23:58   [3/45] Processing Query Q03...
2026-06-19 03:24:03     Query Q03 Score: 0.90
2026-06-19 03:24:03   [4/45] Processing Query Q04...
2026-06-19 03:24:08     Query Q04 Score: 1.00
2026-06-19 03:24:08   [5/45] Processing Query Q05...
2026-06-19 03:24:14     Query Q05 Score: 1.00
2026-06-19 03:24:14   [6/45] Processing Query Q06...
2026-06-19 03:24:19     Query Q06 Score: 1.00
2026-06-19 03:24:19   [7/45] Processing Query Q07...
2026-06-19 03:24:24     Query Q07 Score: 1.00
2026-06-19 03:24:24   [8/45] Processing Query Q08...
2026-06-19 03:24:29     Query Q08 Score: 1.00
2026-06-19 03:24:29   [9/45] Processing Query Q09...
2026-06-19 03:24:35     Query Q09 Score: 1.00
2026-06-19 03:24:35   [10/45] Processing Query Q10...
2026-06-19 03:24:40     Query Q10 Score: 1.00
2026-06-19 03:24:40   [11/45] Processing Query Q11...
2026-06-19 03:24:47     Query Q11 Score: 0.50
2026-06-19 03:24:47   [12/45] Processing Query Q12...
2026-06-19 03:24:52     Query Q12 Score: 1.00
2026-06-19 03:24:52   [13/45] Processing Query Q13...
2026-06-19 03:24:57     Query Q13 Score: 0.70
2026-06-19 03:24:57   [14/45] Processing Query Q14...
2026-06-19 03:25:03     Query Q14 Score: 0.85
2026-06-19 03:25:03   [15/45] Processing Query Q15...
2026-06-19 03:25:09     Query Q15 Score: 1.00
2026-06-19 03:25:09   [16/45] Processing Query Q16...
2026-06-19 03:25:15     Query Q16 Score: 0.50
2026-06-19 03:25:15   [17/45] Processing Query Q17...
2026-06-19 03:25:20     Query Q17 Score: 1.00
2026-06-19 03:25:20   [18/45] Processing Query Q18...
2026-06-19 03:25:25     Query Q18 Score: 1.00
2026-06-19 03:25:25   [19/45] Processing Query Q19...
2026-06-19 03:25:29     Query Q19 Score: 0.95
2026-06-19 03:25:29   [20/45] Processing Query Q20...
2026-06-19 03:25:34     Query Q20 Score: 0.90
2026-06-19 03:25:34   [21/45] Processing Query Q21...
2026-06-19 03:25:39     Query Q21 Score: 1.00
2026-06-19 03:25:39   [22/45] Processing Query Q22...
2026-06-19 03:25:44     Query Q22 Score: 1.00
2026-06-19 03:25:44   [23/45] Processing Query Q23...
2026-06-19 03:25:52     Query Q23 Score: 1.00
2026-06-19 03:25:52   [24/45] Processing Query Q24...
2026-06-19 03:25:56     Query Q24 Score: 1.00
2026-06-19 03:25:56   [25/45] Processing Query Q25...
2026-06-19 03:26:02     Query Q25 Score: 1.00
2026-06-19 03:26:02   [26/45] Processing Query Q26...
2026-06-19 03:26:06     Query Q26 Score: 1.00
2026-06-19 03:26:06   [27/45] Processing Query Q27...
2026-06-19 03:26:10     Query Q27 Score: 1.00
2026-06-19 03:26:10   [28/45] Processing Query Q28...
2026-06-19 03:26:15     Query Q28 Score: 1.00
2026-06-19 03:26:15   [29/45] Processing Query Q29...
2026-06-19 03:26:20     Query Q29 Score: 0.50
2026-06-19 03:26:20   [30/45] Processing Query Q30...
2026-06-19 03:26:25     Query Q30 Score: 1.00
2026-06-19 03:26:25   [31/45] Processing Query Q31...
2026-06-19 03:26:30     Query Q31 Score: 0.60
2026-06-19 03:26:30   [32/45] Processing Query Q32...
2026-06-19 03:26:36     Query Q32 Score: 0.95
2026-06-19 03:26:36   [33/45] Processing Query Q33...
2026-06-19 03:26:41     Query Q33 Score: 1.00
2026-06-19 03:26:41   [34/45] Processing Query Q34...
2026-06-19 03:26:46     Query Q34 Score: 1.00
2026-06-19 03:26:46   [35/45] Processing Query Q35...
2026-06-19 03:26:51     Query Q35 Score: 1.00
2026-06-19 03:26:51   [36/45] Processing Query Q36...
2026-06-19 03:26:56     Query Q36 Score: 1.00
2026-06-19 03:26:56   [37/45] Processing Query Q37...
2026-06-19 03:27:01     Query Q37 Score: 0.50
2026-06-19 03:27:01   [38/45] Processing Query Q38...
2026-06-19 03:27:08     Query Q38 Score: 1.00
2026-06-19 03:27:08   [39/45] Processing Query Q39...
2026-06-19 03:27:12     Query Q39 Score: 1.00
2026-06-19 03:27:12   [40/45] Processing Query Q40...
2026-06-19 03:27:17     Query Q40 Score: 1.00
2026-06-19 03:27:17   [41/45] Processing Query Q41...
2026-06-19 03:27:23     Query Q41 Score: 0.85
2026-06-19 03:27:23   [42/45] Processing Query Q42...
2026-06-19 03:27:28     Query Q42 Score: 1.00
2026-06-19 03:27:28   [43/45] Processing Query Q43...
2026-06-19 03:27:33     Query Q43 Score: 1.00
2026-06-19 03:27:33   [44/45] Processing Query Q48...
2026-06-19 03:27:39     Query Q48 Score: 0.85
2026-06-19 03:27:39   [45/45] Processing Query Q49...
2026-06-19 03:27:46     Query Q49 Score: 0.75
2026-06-19 03:27:46 Saved validation results to /home/virtualuser/model_evaluation/autoresearch/archive/run_20260618_134629/outputs/validation_results_iter135_20260619_032746.csv
2026-06-19 03:27:46 Validation run completed. Overall Mean Score: 0.9178
2026-06-19 03:27:46 Candidate Score: 0.9178 (Delta: -0.0289)
2026-06-19 03:27:46 >>> FAILURE: Score did not improve. Discarding changes.
2026-06-19 03:27:46 Iteration #135 logged successfully to experiments.json.
2026-06-19 03:27:46 
2026-06-19 03:27:46 =========================================
2026-06-19 03:27:46 STARTING ITERATION #136
2026-06-19 03:27:46 =========================================
2026-06-19 03:27:46 Current Champion Score: 0.9467
2026-06-19 03:27:46 Failing queries to fix: 13
2026-06-19 03:27:46 Calling Optimizer Agent to refine instructions...
2026-06-19 03:30:27 Starting validation run on 45 queries...
2026-06-19 03:30:27   [1/45] Processing Query Q01...
2026-06-19 03:30:32     Query Q01 Score: 1.00
2026-06-19 03:30:32   [2/45] Processing Query Q02...
2026-06-19 03:30:38     Query Q02 Score: 1.00
2026-06-19 03:30:38   [3/45] Processing Query Q03...
2026-06-19 03:30:43     Query Q03 Score: 0.95
2026-06-19 03:30:43   [4/45] Processing Query Q04...
2026-06-19 03:30:48     Query Q04 Score: 1.00
2026-06-19 03:30:48   [5/45] Processing Query Q05...
2026-06-19 03:30:54     Query Q05 Score: 0.40
2026-06-19 03:30:54   [6/45] Processing Query Q06...
2026-06-19 03:30:59     Query Q06 Score: 1.00
2026-06-19 03:30:59   [7/45] Processing Query Q07...
2026-06-19 03:31:04     Query Q07 Score: 1.00
2026-06-19 03:31:04   [8/45] Processing Query Q08...
2026-06-19 03:31:09     Query Q08 Score: 1.00
2026-06-19 03:31:09   [9/45] Processing Query Q09...
2026-06-19 03:31:17     Query Q09 Score: 0.50
2026-06-19 03:31:17   [10/45] Processing Query Q10...
2026-06-19 03:31:22     Query Q10 Score: 1.00
2026-06-19 03:31:22   [11/45] Processing Query Q11...
2026-06-19 03:31:30     Query Q11 Score: 0.95
2026-06-19 03:31:30   [12/45] Processing Query Q12...
2026-06-19 03:31:35     Query Q12 Score: 1.00
2026-06-19 03:31:35   [13/45] Processing Query Q13...
2026-06-19 03:31:40     Query Q13 Score: 0.60
2026-06-19 03:31:40   [14/45] Processing Query Q14...
2026-06-19 03:31:47     Query Q14 Score: 0.40
2026-06-19 03:31:47   [15/45] Processing Query Q15...
2026-06-19 03:31:52     Query Q15 Score: 1.00
2026-06-19 03:31:52   [16/45] Processing Query Q16...
2026-06-19 03:32:04     Query Q16 Score: 0.75
2026-06-19 03:32:04   [17/45] Processing Query Q17...
2026-06-19 03:32:09     Query Q17 Score: 1.00
2026-06-19 03:32:09   [18/45] Processing Query Q18...
2026-06-19 03:32:14     Query Q18 Score: 1.00
2026-06-19 03:32:14   [19/45] Processing Query Q19...
2026-06-19 03:32:19     Query Q19 Score: 0.95
2026-06-19 03:32:19   [20/45] Processing Query Q20...
2026-06-19 03:32:24     Query Q20 Score: 0.90
2026-06-19 03:32:24   [21/45] Processing Query Q21...
2026-06-19 03:32:29     Query Q21 Score: 1.00
2026-06-19 03:32:29   [22/45] Processing Query Q22...
2026-06-19 03:32:33     Query Q22 Score: 1.00
2026-06-19 03:32:33   [23/45] Processing Query Q23...
2026-06-19 03:32:50     Query Q23 Score: 1.00
2026-06-19 03:32:50   [24/45] Processing Query Q24...
2026-06-19 03:32:54     Query Q24 Score: 1.00
2026-06-19 03:32:54   [25/45] Processing Query Q25...
2026-06-19 03:33:00     Query Q25 Score: 1.00
2026-06-19 03:33:00   [26/45] Processing Query Q26...
2026-06-19 03:33:04     Query Q26 Score: 1.00
2026-06-19 03:33:04   [27/45] Processing Query Q27...
2026-06-19 03:33:09     Query Q27 Score: 1.00
2026-06-19 03:33:09   [28/45] Processing Query Q28...
2026-06-19 03:33:13     Query Q28 Score: 1.00
2026-06-19 03:33:13   [29/45] Processing Query Q29...
2026-06-19 03:33:18     Query Q29 Score: 0.50
2026-06-19 03:33:18   [30/45] Processing Query Q30...
2026-06-19 03:33:24     Query Q30 Score: 1.00
2026-06-19 03:33:24   [31/45] Processing Query Q31...
2026-06-19 03:33:28     Query Q31 Score: 0.75
2026-06-19 03:33:28   [32/45] Processing Query Q32...
2026-06-19 03:33:34     Query Q32 Score: 0.95
2026-06-19 03:33:34   [33/45] Processing Query Q33...
2026-06-19 03:33:39     Query Q33 Score: 1.00
2026-06-19 03:33:39   [34/45] Processing Query Q34...
2026-06-19 03:33:44     Query Q34 Score: 1.00
2026-06-19 03:33:44   [35/45] Processing Query Q35...
2026-06-19 03:33:48     Query Q35 Score: 1.00
2026-06-19 03:33:48   [36/45] Processing Query Q36...
2026-06-19 03:34:02     Query Q36 Score: 0.60
2026-06-19 03:34:02   [37/45] Processing Query Q37...
2026-06-19 03:34:07     Query Q37 Score: 0.85
2026-06-19 03:34:07   [38/45] Processing Query Q38...
2026-06-19 03:34:14     Query Q38 Score: 1.00
2026-06-19 03:34:14   [39/45] Processing Query Q39...
2026-06-19 03:34:19     Query Q39 Score: 1.00
2026-06-19 03:34:19   [40/45] Processing Query Q40...
2026-06-19 03:34:23     Query Q40 Score: 1.00
2026-06-19 03:34:23   [41/45] Processing Query Q41...
2026-06-19 03:34:29     Query Q41 Score: 0.85
2026-06-19 03:34:29   [42/45] Processing Query Q42...
2026-06-19 03:34:34     Query Q42 Score: 1.00
2026-06-19 03:34:34   [43/45] Processing Query Q43...
2026-06-19 03:34:39     Query Q43 Score: 1.00
2026-06-19 03:34:39   [44/45] Processing Query Q48...
2026-06-19 03:34:49     Query Q48 Score: 1.00
2026-06-19 03:34:49   [45/45] Processing Query Q49...
2026-06-19 03:34:55     Query Q49 Score: 0.75
2026-06-19 03:34:55 Saved validation results to /home/virtualuser/model_evaluation/autoresearch/archive/run_20260618_134629/outputs/validation_results_iter136_20260619_033455.csv
2026-06-19 03:34:55 Validation run completed. Overall Mean Score: 0.9033
2026-06-19 03:34:55 Candidate Score: 0.9033 (Delta: -0.0433)
2026-06-19 03:34:55 >>> FAILURE: Score did not improve. Discarding changes.
2026-06-19 03:34:55 Iteration #136 logged successfully to experiments.json.
2026-06-19 03:34:55 
2026-06-19 03:34:55 =========================================
2026-06-19 03:34:55 STARTING ITERATION #137
2026-06-19 03:34:55 =========================================
2026-06-19 03:34:55 Current Champion Score: 0.9467
2026-06-19 03:34:55 Failing queries to fix: 13
2026-06-19 03:34:55 Calling Optimizer Agent to refine instructions...
2026-06-19 03:37:30 Starting validation run on 45 queries...
2026-06-19 03:37:30   [1/45] Processing Query Q01...
2026-06-19 03:37:35     Query Q01 Score: 1.00
2026-06-19 03:37:35   [2/45] Processing Query Q02...
2026-06-19 03:37:40     Query Q02 Score: 1.00
2026-06-19 03:37:40   [3/45] Processing Query Q03...
2026-06-19 03:37:46     Query Q03 Score: 1.00
2026-06-19 03:37:46   [4/45] Processing Query Q04...
2026-06-19 03:37:51     Query Q04 Score: 1.00
2026-06-19 03:37:51   [5/45] Processing Query Q05...
2026-06-19 03:37:57     Query Q05 Score: 0.50
2026-06-19 03:37:57   [6/45] Processing Query Q06...
2026-06-19 03:38:02     Query Q06 Score: 1.00
2026-06-19 03:38:02   [7/45] Processing Query Q07...
2026-06-19 03:38:07     Query Q07 Score: 1.00
2026-06-19 03:38:07   [8/45] Processing Query Q08...
2026-06-19 03:38:12     Query Q08 Score: 1.00
2026-06-19 03:38:12   [9/45] Processing Query Q09...
2026-06-19 03:38:18     Query Q09 Score: 0.75
2026-06-19 03:38:18   [10/45] Processing Query Q10...
2026-06-19 03:38:24     Query Q10 Score: 1.00
2026-06-19 03:38:24   [11/45] Processing Query Q11...
2026-06-19 03:38:31     Query Q11 Score: 0.95
2026-06-19 03:38:31   [12/45] Processing Query Q12...
2026-06-19 03:38:36     Query Q12 Score: 1.00
2026-06-19 03:38:36   [13/45] Processing Query Q13...
2026-06-19 03:38:42     Query Q13 Score: 0.70
2026-06-19 03:38:42   [14/45] Processing Query Q14...
2026-06-19 03:38:47     Query Q14 Score: 0.85
2026-06-19 03:38:47   [15/45] Processing Query Q15...
2026-06-19 03:38:54     Query Q15 Score: 1.00
2026-06-19 03:38:54   [16/45] Processing Query Q16...
2026-06-19 03:39:12     Query Q16 Score: 1.00
2026-06-19 03:39:12   [17/45] Processing Query Q17...
2026-06-19 03:39:17     Query Q17 Score: 1.00
2026-06-19 03:39:17   [18/45] Processing Query Q18...
2026-06-19 03:39:22     Query Q18 Score: 1.00
2026-06-19 03:39:22   [19/45] Processing Query Q19...
2026-06-19 03:39:29     Query Q19 Score: 0.95
2026-06-19 03:39:29   [20/45] Processing Query Q20...
2026-06-19 03:39:34     Query Q20 Score: 0.90
2026-06-19 03:39:34   [21/45] Processing Query Q21...
2026-06-19 03:39:38     Query Q21 Score: 1.00
2026-06-19 03:39:38   [22/45] Processing Query Q22...
2026-06-19 03:39:43     Query Q22 Score: 1.00
2026-06-19 03:39:43   [23/45] Processing Query Q23...
2026-06-19 03:39:49     Query Q23 Score: 0.75
2026-06-19 03:39:49   [24/45] Processing Query Q24...
2026-06-19 03:39:54     Query Q24 Score: 1.00
2026-06-19 03:39:54   [25/45] Processing Query Q25...
2026-06-19 03:39:59     Query Q25 Score: 1.00
2026-06-19 03:39:59   [26/45] Processing Query Q26...
2026-06-19 03:40:03     Query Q26 Score: 1.00
2026-06-19 03:40:03   [27/45] Processing Query Q27...
2026-06-19 03:40:07     Query Q27 Score: 1.00
2026-06-19 03:40:07   [28/45] Processing Query Q28...
2026-06-19 03:40:12     Query Q28 Score: 1.00
2026-06-19 03:40:12   [29/45] Processing Query Q29...
2026-06-19 03:40:16     Query Q29 Score: 0.70
2026-06-19 03:40:16   [30/45] Processing Query Q30...
2026-06-19 03:40:21     Query Q30 Score: 1.00
2026-06-19 03:40:21   [31/45] Processing Query Q31...
2026-06-19 03:40:26     Query Q31 Score: 0.50
2026-06-19 03:40:26   [32/45] Processing Query Q32...
2026-06-19 03:40:31     Query Q32 Score: 0.95
2026-06-19 03:40:31   [33/45] Processing Query Q33...
2026-06-19 03:40:39     Query Q33 Score: 0.75
2026-06-19 03:40:39   [34/45] Processing Query Q34...
2026-06-19 03:40:44     Query Q34 Score: 1.00
2026-06-19 03:40:44   [35/45] Processing Query Q35...
2026-06-19 03:40:48     Query Q35 Score: 1.00
2026-06-19 03:40:48   [36/45] Processing Query Q36...
2026-06-19 03:40:56     Query Q36 Score: 1.00
2026-06-19 03:40:56   [37/45] Processing Query Q37...
2026-06-19 03:41:02     Query Q37 Score: 1.00
2026-06-19 03:41:02   [38/45] Processing Query Q38...
2026-06-19 03:41:06     Query Q38 Score: 0.85
2026-06-19 03:41:06   [39/45] Processing Query Q39...
2026-06-19 03:41:11     Query Q39 Score: 0.95
2026-06-19 03:41:11   [40/45] Processing Query Q40...
2026-06-19 03:41:16     Query Q40 Score: 1.00
2026-06-19 03:41:16   [41/45] Processing Query Q41...
2026-06-19 03:41:22     Query Q41 Score: 0.90
2026-06-19 03:41:22   [42/45] Processing Query Q42...
2026-06-19 03:41:26     Query Q42 Score: 1.00
2026-06-19 03:41:26   [43/45] Processing Query Q43...
2026-06-19 03:41:32     Query Q43 Score: 0.90
2026-06-19 03:41:32   [44/45] Processing Query Q48...
2026-06-19 03:41:55     Query Q48 Score: 1.00
2026-06-19 03:41:55   [45/45] Processing Query Q49...
2026-06-19 03:42:02     Query Q49 Score: 0.40
2026-06-19 03:42:02 Saved validation results to /home/virtualuser/model_evaluation/autoresearch/archive/run_20260618_134629/outputs/validation_results_iter137_20260619_034202.csv
2026-06-19 03:42:02 Validation run completed. Overall Mean Score: 0.9167
2026-06-19 03:42:02 Candidate Score: 0.9167 (Delta: -0.0300)
2026-06-19 03:42:02 >>> FAILURE: Score did not improve. Discarding changes.
2026-06-19 03:42:02 Iteration #137 logged successfully to experiments.json.
2026-06-19 03:42:02 
2026-06-19 03:42:02 =========================================
2026-06-19 03:42:02 STARTING ITERATION #138
2026-06-19 03:42:02 =========================================
2026-06-19 03:42:02 Current Champion Score: 0.9467
2026-06-19 03:42:02 Failing queries to fix: 13
2026-06-19 03:42:02 Calling Optimizer Agent to refine instructions...
2026-06-19 03:44:47 Starting validation run on 45 queries...
2026-06-19 03:44:47   [1/45] Processing Query Q01...
2026-06-19 03:44:53     Query Q01 Score: 1.00
2026-06-19 03:44:53   [2/45] Processing Query Q02...
2026-06-19 03:44:58     Query Q02 Score: 1.00
2026-06-19 03:44:58   [3/45] Processing Query Q03...
2026-06-19 03:45:03     Query Q03 Score: 0.95
2026-06-19 03:45:03   [4/45] Processing Query Q04...
2026-06-19 03:45:09     Query Q04 Score: 1.00
2026-06-19 03:45:09   [5/45] Processing Query Q05...
2026-06-19 03:45:14     Query Q05 Score: 0.40
2026-06-19 03:45:14   [6/45] Processing Query Q06...
2026-06-19 03:45:20     Query Q06 Score: 1.00
2026-06-19 03:45:20   [7/45] Processing Query Q07...
2026-06-19 03:45:25     Query Q07 Score: 1.00
2026-06-19 03:45:25   [8/45] Processing Query Q08...
2026-06-19 03:45:29     Query Q08 Score: 1.00
2026-06-19 03:45:29   [9/45] Processing Query Q09...
2026-06-19 03:45:35     Query Q09 Score: 1.00
2026-06-19 03:45:35   [10/45] Processing Query Q10...
2026-06-19 03:45:40     Query Q10 Score: 1.00
2026-06-19 03:45:40   [11/45] Processing Query Q11...
2026-06-19 03:45:48     Query Q11 Score: 0.20
2026-06-19 03:45:48   [12/45] Processing Query Q12...
2026-06-19 03:45:52     Query Q12 Score: 1.00
2026-06-19 03:45:52   [13/45] Processing Query Q13...
2026-06-19 03:46:05     Query Q13 Score: 0.20
2026-06-19 03:46:05   [14/45] Processing Query Q14...
2026-06-19 03:46:11     Query Q14 Score: 0.50
2026-06-19 03:46:11   [15/45] Processing Query Q15...
2026-06-19 03:46:18     Query Q15 Score: 1.00
2026-06-19 03:46:18   [16/45] Processing Query Q16...
2026-06-19 03:46:23     Query Q16 Score: 0.50
2026-06-19 03:46:23   [17/45] Processing Query Q17...
2026-06-19 03:46:28     Query Q17 Score: 0.50
2026-06-19 03:46:28   [18/45] Processing Query Q18...
2026-06-19 03:46:33     Query Q18 Score: 1.00
2026-06-19 03:46:33   [19/45] Processing Query Q19...
2026-06-19 03:46:37     Query Q19 Score: 0.95
2026-06-19 03:46:37   [20/45] Processing Query Q20...
2026-06-19 03:46:42     Query Q20 Score: 1.00
2026-06-19 03:46:42   [21/45] Processing Query Q21...
2026-06-19 03:46:47     Query Q21 Score: 1.00
2026-06-19 03:46:47   [22/45] Processing Query Q22...
2026-06-19 03:46:52     Query Q22 Score: 1.00
2026-06-19 03:46:52   [23/45] Processing Query Q23...
2026-06-19 03:46:58     Query Q23 Score: 0.50
2026-06-19 03:46:58   [24/45] Processing Query Q24...
2026-06-19 03:47:02     Query Q24 Score: 1.00
2026-06-19 03:47:02   [25/45] Processing Query Q25...
2026-06-19 03:47:07     Query Q25 Score: 1.00
2026-06-19 03:47:07   [26/45] Processing Query Q26...
2026-06-19 03:47:11     Query Q26 Score: 1.00
2026-06-19 03:47:11   [27/45] Processing Query Q27...
2026-06-19 03:47:16     Query Q27 Score: 1.00
2026-06-19 03:47:16   [28/45] Processing Query Q28...
2026-06-19 03:47:21     Query Q28 Score: 1.00
2026-06-19 03:47:21   [29/45] Processing Query Q29...
2026-06-19 03:47:26     Query Q29 Score: 0.60
2026-06-19 03:47:26   [30/45] Processing Query Q30...
2026-06-19 03:47:31     Query Q30 Score: 1.00
2026-06-19 03:47:31   [31/45] Processing Query Q31...
2026-06-19 03:47:36     Query Q31 Score: 1.00
2026-06-19 03:47:36   [32/45] Processing Query Q32...
2026-06-19 03:47:42     Query Q32 Score: 0.95
2026-06-19 03:47:42   [33/45] Processing Query Q33...
2026-06-19 03:47:47     Query Q33 Score: 1.00
2026-06-19 03:47:47   [34/45] Processing Query Q34...
2026-06-19 03:47:52     Query Q34 Score: 1.00
2026-06-19 03:47:52   [35/45] Processing Query Q35...
2026-06-19 03:47:56     Query Q35 Score: 1.00
2026-06-19 03:47:56   [36/45] Processing Query Q36...
2026-06-19 03:48:04     Query Q36 Score: 1.00
2026-06-19 03:48:04   [37/45] Processing Query Q37...
2026-06-19 03:48:09     Query Q37 Score: 1.00
2026-06-19 03:48:09   [38/45] Processing Query Q38...
2026-06-19 03:48:14     Query Q38 Score: 0.85
2026-06-19 03:48:14   [39/45] Processing Query Q39...
2026-06-19 03:48:18     Query Q39 Score: 0.95
2026-06-19 03:48:18   [40/45] Processing Query Q40...
2026-06-19 03:48:23     Query Q40 Score: 1.00
2026-06-19 03:48:23   [41/45] Processing Query Q41...
2026-06-19 03:48:29     Query Q41 Score: 0.85
2026-06-19 03:48:29   [42/45] Processing Query Q42...
2026-06-19 03:48:34     Query Q42 Score: 1.00
2026-06-19 03:48:34   [43/45] Processing Query Q43...
2026-06-19 03:48:39     Query Q43 Score: 1.00
2026-06-19 03:48:39   [44/45] Processing Query Q48...
2026-06-19 03:48:46     Query Q48 Score: 0.65
2026-06-19 03:48:46   [45/45] Processing Query Q49...
2026-06-19 03:48:53     Query Q49 Score: 0.75
2026-06-19 03:48:53 Saved validation results to /home/virtualuser/model_evaluation/autoresearch/archive/run_20260618_134629/outputs/validation_results_iter138_20260619_034853.csv
2026-06-19 03:48:53 Validation run completed. Overall Mean Score: 0.8733
2026-06-19 03:48:53 Candidate Score: 0.8733 (Delta: -0.0733)
2026-06-19 03:48:53 >>> FAILURE: Score did not improve. Discarding changes.
2026-06-19 03:48:53 Iteration #138 logged successfully to experiments.json.
2026-06-19 03:48:53 
2026-06-19 03:48:53 =========================================
2026-06-19 03:48:53 STARTING ITERATION #139
2026-06-19 03:48:53 =========================================
2026-06-19 03:48:53 Current Champion Score: 0.9467
2026-06-19 03:48:53 Failing queries to fix: 13
2026-06-19 03:48:53 Calling Optimizer Agent to refine instructions...
2026-06-19 03:51:31 Starting validation run on 45 queries...
2026-06-19 03:51:31   [1/45] Processing Query Q01...
2026-06-19 03:51:36     Query Q01 Score: 1.00
2026-06-19 03:51:36   [2/45] Processing Query Q02...
2026-06-19 03:51:41     Query Q02 Score: 0.70
2026-06-19 03:51:41   [3/45] Processing Query Q03...
2026-06-19 03:51:46     Query Q03 Score: 0.90
2026-06-19 03:51:46   [4/45] Processing Query Q04...
2026-06-19 03:51:52     Query Q04 Score: 1.00
2026-06-19 03:51:52   [5/45] Processing Query Q05...
2026-06-19 03:51:57     Query Q05 Score: 0.40
2026-06-19 03:51:57   [6/45] Processing Query Q06...
2026-06-19 03:52:03     Query Q06 Score: 1.00
2026-06-19 03:52:03   [7/45] Processing Query Q07...
2026-06-19 03:52:08     Query Q07 Score: 1.00
2026-06-19 03:52:08   [8/45] Processing Query Q08...
2026-06-19 03:52:12     Query Q08 Score: 1.00
2026-06-19 03:52:12   [9/45] Processing Query Q09...
2026-06-19 03:52:18     Query Q09 Score: 1.00
2026-06-19 03:52:18   [10/45] Processing Query Q10...
2026-06-19 03:52:23     Query Q10 Score: 1.00
2026-06-19 03:52:23   [11/45] Processing Query Q11...
2026-06-19 03:52:40     Query Q11 Score: 0.40
2026-06-19 03:52:40   [12/45] Processing Query Q12...
2026-06-19 03:52:44     Query Q12 Score: 1.00
2026-06-19 03:52:44   [13/45] Processing Query Q13...
2026-06-19 03:52:53     Query Q13 Score: 0.20
2026-06-19 03:52:53   [14/45] Processing Query Q14...
2026-06-19 03:52:59     Query Q14 Score: 0.50
2026-06-19 03:52:59   [15/45] Processing Query Q15...
2026-06-19 03:53:05     Query Q15 Score: 0.95
2026-06-19 03:53:05   [16/45] Processing Query Q16...
2026-06-19 03:53:11     Query Q16 Score: 0.75
2026-06-19 03:53:11   [17/45] Processing Query Q17...
2026-06-19 03:53:16     Query Q17 Score: 0.40
2026-06-19 03:53:16   [18/45] Processing Query Q18...
2026-06-19 03:53:20     Query Q18 Score: 1.00
2026-06-19 03:53:20   [19/45] Processing Query Q19...
2026-06-19 03:53:25     Query Q19 Score: 0.95
2026-06-19 03:53:25   [20/45] Processing Query Q20...
2026-06-19 03:53:30     Query Q20 Score: 0.90
2026-06-19 03:53:30   [21/45] Processing Query Q21...
2026-06-19 03:53:35     Query Q21 Score: 1.00
2026-06-19 03:53:35   [22/45] Processing Query Q22...
2026-06-19 03:53:39     Query Q22 Score: 1.00
2026-06-19 03:53:39   [23/45] Processing Query Q23...
2026-06-19 03:53:48     Query Q23 Score: 1.00
2026-06-19 03:53:48   [24/45] Processing Query Q24...
2026-06-19 03:53:52     Query Q24 Score: 1.00
2026-06-19 03:53:52   [25/45] Processing Query Q25...
2026-06-19 03:53:57     Query Q25 Score: 1.00
2026-06-19 03:53:57   [26/45] Processing Query Q26...
2026-06-19 03:54:01     Query Q26 Score: 1.00
2026-06-19 03:54:01   [27/45] Processing Query Q27...
2026-06-19 03:54:06     Query Q27 Score: 1.00
2026-06-19 03:54:06   [28/45] Processing Query Q28...
2026-06-19 03:54:11     Query Q28 Score: 1.00
2026-06-19 03:54:11   [29/45] Processing Query Q29...
2026-06-19 03:54:16     Query Q29 Score: 0.50
2026-06-19 03:54:16   [30/45] Processing Query Q30...
2026-06-19 03:54:21     Query Q30 Score: 1.00
2026-06-19 03:54:21   [31/45] Processing Query Q31...
2026-06-19 03:54:26     Query Q31 Score: 1.00
2026-06-19 03:54:26   [32/45] Processing Query Q32...
2026-06-19 03:54:32     Query Q32 Score: 0.95
2026-06-19 03:54:32   [33/45] Processing Query Q33...
2026-06-19 03:54:37     Query Q33 Score: 1.00
2026-06-19 03:54:37   [34/45] Processing Query Q34...
2026-06-19 03:54:42     Query Q34 Score: 1.00
2026-06-19 03:54:42   [35/45] Processing Query Q35...
2026-06-19 03:54:46     Query Q35 Score: 1.00
2026-06-19 03:54:46   [36/45] Processing Query Q36...
2026-06-19 03:54:59     Query Q36 Score: 0.50
2026-06-19 03:54:59   [37/45] Processing Query Q37...
2026-06-19 03:55:04     Query Q37 Score: 0.85
2026-06-19 03:55:04   [38/45] Processing Query Q38...
2026-06-19 03:55:09     Query Q38 Score: 0.85
2026-06-19 03:55:09   [39/45] Processing Query Q39...
2026-06-19 03:55:14     Query Q39 Score: 0.95
2026-06-19 03:55:14   [40/45] Processing Query Q40...
2026-06-19 03:55:18     Query Q40 Score: 1.00
2026-06-19 03:55:18   [41/45] Processing Query Q41...
2026-06-19 03:55:24     Query Q41 Score: 0.85
2026-06-19 03:55:24   [42/45] Processing Query Q42...
2026-06-19 03:55:29     Query Q42 Score: 1.00
2026-06-19 03:55:29   [43/45] Processing Query Q43...
2026-06-19 03:55:34     Query Q43 Score: 1.00
2026-06-19 03:55:34   [44/45] Processing Query Q48...
2026-06-19 03:55:44     Query Q48 Score: 1.00
2026-06-19 03:55:44   [45/45] Processing Query Q49...
2026-06-19 03:55:51     Query Q49 Score: 0.75
2026-06-19 03:55:51 Saved validation results to /home/virtualuser/model_evaluation/autoresearch/archive/run_20260618_134629/outputs/validation_results_iter139_20260619_035551.csv
2026-06-19 03:55:51 Validation run completed. Overall Mean Score: 0.8722
2026-06-19 03:55:51 Candidate Score: 0.8722 (Delta: -0.0744)
2026-06-19 03:55:51 >>> FAILURE: Score did not improve. Discarding changes.
2026-06-19 03:55:52 Iteration #139 logged successfully to experiments.json.
2026-06-19 03:55:52 
2026-06-19 03:55:52 =========================================
2026-06-19 03:55:52 STARTING ITERATION #140
2026-06-19 03:55:52 =========================================
2026-06-19 03:55:52 Current Champion Score: 0.9467
2026-06-19 03:55:52 Failing queries to fix: 13
2026-06-19 03:55:52 Calling Optimizer Agent to refine instructions...
2026-06-19 03:58:35 Starting validation run on 45 queries...
2026-06-19 03:58:35   [1/45] Processing Query Q01...
2026-06-19 03:58:41     Query Q01 Score: 1.00
2026-06-19 03:58:41   [2/45] Processing Query Q02...
2026-06-19 03:58:46     Query Q02 Score: 0.70
2026-06-19 03:58:46   [3/45] Processing Query Q03...
2026-06-19 03:58:51     Query Q03 Score: 0.85
2026-06-19 03:58:51   [4/45] Processing Query Q04...
2026-06-19 03:58:56     Query Q04 Score: 1.00
2026-06-19 03:58:56   [5/45] Processing Query Q05...
2026-06-19 03:59:02     Query Q05 Score: 0.50
2026-06-19 03:59:02   [6/45] Processing Query Q06...
2026-06-19 03:59:08     Query Q06 Score: 1.00
2026-06-19 03:59:08   [7/45] Processing Query Q07...
2026-06-19 03:59:13     Query Q07 Score: 1.00
2026-06-19 03:59:13   [8/45] Processing Query Q08...
2026-06-19 03:59:18     Query Q08 Score: 1.00
2026-06-19 03:59:18   [9/45] Processing Query Q09...
2026-06-19 03:59:38     Query Q09 Score: 0.40
2026-06-19 03:59:38   [10/45] Processing Query Q10...
2026-06-19 03:59:43     Query Q10 Score: 1.00
2026-06-19 03:59:43   [11/45] Processing Query Q11...
2026-06-19 03:59:53     Query Q11 Score: 0.30
2026-06-19 03:59:53   [12/45] Processing Query Q12...
2026-06-19 03:59:57     Query Q12 Score: 1.00
2026-06-19 03:59:57   [13/45] Processing Query Q13...
2026-06-19 04:00:02     Query Q13 Score: 0.95
2026-06-19 04:00:02   [14/45] Processing Query Q14...
2026-06-19 04:00:07     Query Q14 Score: 0.85
2026-06-19 04:00:07   [15/45] Processing Query Q15...
2026-06-19 04:00:13     Query Q15 Score: 1.00
2026-06-19 04:00:13   [16/45] Processing Query Q16...
2026-06-19 04:00:18     Query Q16 Score: 0.50
2026-06-19 04:00:18   [17/45] Processing Query Q17...
2026-06-19 04:00:23     Query Q17 Score: 1.00
2026-06-19 04:00:23   [18/45] Processing Query Q18...
2026-06-19 04:00:28     Query Q18 Score: 1.00
2026-06-19 04:00:28   [19/45] Processing Query Q19...
2026-06-19 04:00:33     Query Q19 Score: 0.95
2026-06-19 04:00:33   [20/45] Processing Query Q20...
2026-06-19 04:00:37     Query Q20 Score: 0.95
2026-06-19 04:00:37   [21/45] Processing Query Q21...
2026-06-19 04:00:42     Query Q21 Score: 1.00
2026-06-19 04:00:42   [22/45] Processing Query Q22...
2026-06-19 04:00:47     Query Q22 Score: 1.00
2026-06-19 04:00:47   [23/45] Processing Query Q23...
2026-06-19 04:00:53     Query Q23 Score: 0.50
2026-06-19 04:00:53   [24/45] Processing Query Q24...
2026-06-19 04:00:57     Query Q24 Score: 1.00
2026-06-19 04:00:57   [25/45] Processing Query Q25...
2026-06-19 04:01:02     Query Q25 Score: 1.00
2026-06-19 04:01:02   [26/45] Processing Query Q26...
2026-06-19 04:01:06     Query Q26 Score: 1.00
2026-06-19 04:01:06   [27/45] Processing Query Q27...
2026-06-19 04:01:11     Query Q27 Score: 1.00
2026-06-19 04:01:11   [28/45] Processing Query Q28...
2026-06-19 04:01:15     Query Q28 Score: 1.00
2026-06-19 04:01:15   [29/45] Processing Query Q29...
2026-06-19 04:01:20     Query Q29 Score: 0.50
2026-06-19 04:01:20   [30/45] Processing Query Q30...
2026-06-19 04:01:25     Query Q30 Score: 1.00
2026-06-19 04:01:25   [31/45] Processing Query Q31...
2026-06-19 04:01:30     Query Q31 Score: 1.00
2026-06-19 04:01:30   [32/45] Processing Query Q32...
2026-06-19 04:01:35     Query Q32 Score: 0.95
2026-06-19 04:01:35   [33/45] Processing Query Q33...
2026-06-19 04:01:41     Query Q33 Score: 1.00
2026-06-19 04:01:41   [34/45] Processing Query Q34...
2026-06-19 04:01:46     Query Q34 Score: 1.00
2026-06-19 04:01:46   [35/45] Processing Query Q35...
2026-06-19 04:01:50     Query Q35 Score: 0.95
2026-06-19 04:01:50   [36/45] Processing Query Q36...
2026-06-19 04:02:01     Query Q36 Score: 1.00
2026-06-19 04:02:01   [37/45] Processing Query Q37...
2026-06-19 04:02:07     Query Q37 Score: 0.60
2026-06-19 04:02:07   [38/45] Processing Query Q38...
2026-06-19 04:02:15     Query Q38 Score: 1.00
2026-06-19 04:02:15   [39/45] Processing Query Q39...
2026-06-19 04:02:19     Query Q39 Score: 1.00
2026-06-19 04:02:19   [40/45] Processing Query Q40...
2026-06-19 04:02:24     Query Q40 Score: 1.00
2026-06-19 04:02:24   [41/45] Processing Query Q41...
2026-06-19 04:02:30     Query Q41 Score: 0.95
2026-06-19 04:02:30   [42/45] Processing Query Q42...
2026-06-19 04:02:35     Query Q42 Score: 1.00
2026-06-19 04:02:35   [43/45] Processing Query Q43...
2026-06-19 04:02:40     Query Q43 Score: 1.00
2026-06-19 04:02:40   [44/45] Processing Query Q48...
2026-06-19 04:02:53     Query Q48 Score: 1.00
2026-06-19 04:02:53   [45/45] Processing Query Q49...
2026-06-19 04:03:00     Query Q49 Score: 0.85
2026-06-19 04:03:00 Saved validation results to /home/virtualuser/model_evaluation/autoresearch/archive/run_20260618_134629/outputs/validation_results_iter140_20260619_040300.csv
2026-06-19 04:03:00 Validation run completed. Overall Mean Score: 0.8944
2026-06-19 04:03:00 Candidate Score: 0.8944 (Delta: -0.0522)
2026-06-19 04:03:00 >>> FAILURE: Score did not improve. Discarding changes.
2026-06-19 04:03:00 Iteration #140 logged successfully to experiments.json.
2026-06-19 04:03:00 
2026-06-19 04:03:00 =========================================
2026-06-19 04:03:00 STARTING ITERATION #141
2026-06-19 04:03:00 =========================================
2026-06-19 04:03:00 Current Champion Score: 0.9467
2026-06-19 04:03:00 Failing queries to fix: 13
2026-06-19 04:03:00 Calling Optimizer Agent to refine instructions...
2026-06-19 04:05:39 Starting validation run on 45 queries...
2026-06-19 04:05:39   [1/45] Processing Query Q01...
2026-06-19 04:05:44     Query Q01 Score: 1.00
2026-06-19 04:05:44   [2/45] Processing Query Q02...
2026-06-19 04:05:49     Query Q02 Score: 1.00
2026-06-19 04:05:49   [3/45] Processing Query Q03...
2026-06-19 04:05:55     Query Q03 Score: 0.95
2026-06-19 04:05:55   [4/45] Processing Query Q04...
2026-06-19 04:06:02     Query Q04 Score: 0.85
2026-06-19 04:06:02   [5/45] Processing Query Q05...
2026-06-19 04:06:08     Query Q05 Score: 0.85
2026-06-19 04:06:08   [6/45] Processing Query Q06...
2026-06-19 04:06:14     Query Q06 Score: 1.00
2026-06-19 04:06:14   [7/45] Processing Query Q07...
2026-06-19 04:06:19     Query Q07 Score: 1.00
2026-06-19 04:06:19   [8/45] Processing Query Q08...
2026-06-19 04:06:24     Query Q08 Score: 1.00
2026-06-19 04:06:24   [9/45] Processing Query Q09...
2026-06-19 04:06:29     Query Q09 Score: 1.00
2026-06-19 04:06:29   [10/45] Processing Query Q10...
2026-06-19 04:06:35     Query Q10 Score: 1.00
2026-06-19 04:06:35   [11/45] Processing Query Q11...
2026-06-19 04:06:42     Query Q11 Score: 0.40
2026-06-19 04:06:42   [12/45] Processing Query Q12...
2026-06-19 04:06:47     Query Q12 Score: 1.00
2026-06-19 04:06:47   [13/45] Processing Query Q13...
2026-06-19 04:06:52     Query Q13 Score: 0.20
2026-06-19 04:06:52   [14/45] Processing Query Q14...
2026-06-19 04:06:58     Query Q14 Score: 0.60
2026-06-19 04:06:58   [15/45] Processing Query Q15...
2026-06-19 04:07:04     Query Q15 Score: 1.00
2026-06-19 04:07:04   [16/45] Processing Query Q16...
2026-06-19 04:07:15     Query Q16 Score: 0.75
2026-06-19 04:07:15   [17/45] Processing Query Q17...
2026-06-19 04:07:20     Query Q17 Score: 1.00
2026-06-19 04:07:20   [18/45] Processing Query Q18...
2026-06-19 04:07:24     Query Q18 Score: 1.00
2026-06-19 04:07:24   [19/45] Processing Query Q19...
2026-06-19 04:07:29     Query Q19 Score: 0.95
2026-06-19 04:07:29   [20/45] Processing Query Q20...
2026-06-19 04:07:34     Query Q20 Score: 0.95
2026-06-19 04:07:34   [21/45] Processing Query Q21...
2026-06-19 04:07:39     Query Q21 Score: 1.00
2026-06-19 04:07:39   [22/45] Processing Query Q22...
2026-06-19 04:07:43     Query Q22 Score: 1.00
2026-06-19 04:07:43   [23/45] Processing Query Q23...
2026-06-19 04:07:49     Query Q23 Score: 0.50
2026-06-19 04:07:49   [24/45] Processing Query Q24...
2026-06-19 04:07:53     Query Q24 Score: 1.00
2026-06-19 04:07:53   [25/45] Processing Query Q25...
2026-06-19 04:07:58     Query Q25 Score: 1.00
2026-06-19 04:07:58   [26/45] Processing Query Q26...
2026-06-19 04:08:02     Query Q26 Score: 1.00
2026-06-19 04:08:02   [27/45] Processing Query Q27...
2026-06-19 04:08:07     Query Q27 Score: 1.00
2026-06-19 04:08:07   [28/45] Processing Query Q28...
2026-06-19 04:08:12     Query Q28 Score: 0.95
2026-06-19 04:08:12   [29/45] Processing Query Q29...
2026-06-19 04:08:17     Query Q29 Score: 0.70
2026-06-19 04:08:17   [30/45] Processing Query Q30...
2026-06-19 04:08:22     Query Q30 Score: 1.00
2026-06-19 04:08:22   [31/45] Processing Query Q31...
2026-06-19 04:08:27     Query Q31 Score: 1.00
2026-06-19 04:08:27   [32/45] Processing Query Q32...
2026-06-19 04:08:33     Query Q32 Score: 0.95
2026-06-19 04:08:33   [33/45] Processing Query Q33...
2026-06-19 04:08:39     Query Q33 Score: 1.00
2026-06-19 04:08:39   [34/45] Processing Query Q34...
2026-06-19 04:08:43     Query Q34 Score: 1.00
2026-06-19 04:08:43   [35/45] Processing Query Q35...
2026-06-19 04:08:47     Query Q35 Score: 1.00
2026-06-19 04:08:47   [36/45] Processing Query Q36...
2026-06-19 04:08:52     Query Q36 Score: 1.00
2026-06-19 04:08:52   [37/45] Processing Query Q37...
2026-06-19 04:08:58     Query Q37 Score: 1.00
2026-06-19 04:08:58   [38/45] Processing Query Q38...
2026-06-19 04:09:05     Query Q38 Score: 1.00
2026-06-19 04:09:05   [39/45] Processing Query Q39...
2026-06-19 04:09:09     Query Q39 Score: 1.00
2026-06-19 04:09:09   [40/45] Processing Query Q40...
2026-06-19 04:09:14     Query Q40 Score: 1.00
2026-06-19 04:09:14   [41/45] Processing Query Q41...
2026-06-19 04:09:19     Query Q41 Score: 0.85
2026-06-19 04:09:19   [42/45] Processing Query Q42...
2026-06-19 04:09:24     Query Q42 Score: 1.00
2026-06-19 04:09:24   [43/45] Processing Query Q43...
2026-06-19 04:09:33     Query Q43 Score: 1.00
2026-06-19 04:09:33   [44/45] Processing Query Q48...
2026-06-19 04:09:40     Query Q48 Score: 0.95
2026-06-19 04:09:40   [45/45] Processing Query Q49...
2026-06-19 04:09:50     Query Q49 Score: 0.75
2026-06-19 04:09:50 Saved validation results to /home/virtualuser/model_evaluation/autoresearch/archive/run_20260618_134629/outputs/validation_results_iter141_20260619_040950.csv
2026-06-19 04:09:50 Validation run completed. Overall Mean Score: 0.9144
2026-06-19 04:09:50 Candidate Score: 0.9144 (Delta: -0.0322)
2026-06-19 04:09:50 >>> FAILURE: Score did not improve. Discarding changes.
2026-06-19 04:09:50 Iteration #141 logged successfully to experiments.json.
2026-06-19 04:09:50 
2026-06-19 04:09:50 =========================================
2026-06-19 04:09:50 STARTING ITERATION #142
2026-06-19 04:09:50 =========================================
2026-06-19 04:09:50 Current Champion Score: 0.9467
2026-06-19 04:09:50 Failing queries to fix: 13
2026-06-19 04:09:50 Calling Optimizer Agent to refine instructions...
2026-06-19 04:12:14 Starting validation run on 45 queries...
2026-06-19 04:12:14   [1/45] Processing Query Q01...
2026-06-19 04:12:19     Query Q01 Score: 1.00
2026-06-19 04:12:19   [2/45] Processing Query Q02...
2026-06-19 04:12:24     Query Q02 Score: 1.00
2026-06-19 04:12:24   [3/45] Processing Query Q03...
2026-06-19 04:12:29     Query Q03 Score: 0.95
2026-06-19 04:12:29   [4/45] Processing Query Q04...
2026-06-19 04:12:35     Query Q04 Score: 1.00
2026-06-19 04:12:35   [5/45] Processing Query Q05...
2026-06-19 04:12:40     Query Q05 Score: 0.40
2026-06-19 04:12:40   [6/45] Processing Query Q06...
2026-06-19 04:12:46     Query Q06 Score: 1.00
2026-06-19 04:12:46   [7/45] Processing Query Q07...
2026-06-19 04:12:51     Query Q07 Score: 1.00
2026-06-19 04:12:51   [8/45] Processing Query Q08...
2026-06-19 04:12:56     Query Q08 Score: 1.00
2026-06-19 04:12:56   [9/45] Processing Query Q09...
2026-06-19 04:13:05     Query Q09 Score: 0.50
2026-06-19 04:13:05   [10/45] Processing Query Q10...
2026-06-19 04:13:11     Query Q10 Score: 1.00
2026-06-19 04:13:11   [11/45] Processing Query Q11...
2026-06-19 04:13:19     Query Q11 Score: 0.40
2026-06-19 04:13:19   [12/45] Processing Query Q12...
2026-06-19 04:13:23     Query Q12 Score: 1.00
2026-06-19 04:13:23   [13/45] Processing Query Q13...
2026-06-19 04:13:28     Query Q13 Score: 0.50
2026-06-19 04:13:28   [14/45] Processing Query Q14...
2026-06-19 04:13:34     Query Q14 Score: 0.60
2026-06-19 04:13:34   [15/45] Processing Query Q15...
2026-06-19 04:13:40     Query Q15 Score: 0.85
2026-06-19 04:13:40   [16/45] Processing Query Q16...
2026-06-19 04:13:46     Query Q16 Score: 0.50
2026-06-19 04:13:46   [17/45] Processing Query Q17...
2026-06-19 04:13:51     Query Q17 Score: 1.00
2026-06-19 04:13:51   [18/45] Processing Query Q18...
2026-06-19 04:13:55     Query Q18 Score: 1.00
2026-06-19 04:13:55   [19/45] Processing Query Q19...
2026-06-19 04:14:00     Query Q19 Score: 1.00
2026-06-19 04:14:00   [20/45] Processing Query Q20...
2026-06-19 04:14:05     Query Q20 Score: 0.95
2026-06-19 04:14:05   [21/45] Processing Query Q21...
2026-06-19 04:14:10     Query Q21 Score: 1.00
2026-06-19 04:14:10   [22/45] Processing Query Q22...
2026-06-19 04:14:14     Query Q22 Score: 1.00
2026-06-19 04:14:14   [23/45] Processing Query Q23...
2026-06-19 04:14:30     Query Q23 Score: 1.00
2026-06-19 04:14:30   [24/45] Processing Query Q24...
2026-06-19 04:14:34     Query Q24 Score: 1.00
2026-06-19 04:14:34   [25/45] Processing Query Q25...
2026-06-19 04:14:39     Query Q25 Score: 1.00
2026-06-19 04:14:39   [26/45] Processing Query Q26...
2026-06-19 04:14:44     Query Q26 Score: 1.00
2026-06-19 04:14:44   [27/45] Processing Query Q27...
2026-06-19 04:14:48     Query Q27 Score: 1.00
2026-06-19 04:14:48   [28/45] Processing Query Q28...
2026-06-19 04:14:53     Query Q28 Score: 1.00
2026-06-19 04:14:53   [29/45] Processing Query Q29...
2026-06-19 04:14:58     Query Q29 Score: 0.60
2026-06-19 04:14:58   [30/45] Processing Query Q30...
2026-06-19 04:15:04     Query Q30 Score: 1.00
2026-06-19 04:15:04   [31/45] Processing Query Q31...
2026-06-19 04:15:08     Query Q31 Score: 1.00
2026-06-19 04:15:08   [32/45] Processing Query Q32...
2026-06-19 04:15:14     Query Q32 Score: 0.95
2026-06-19 04:15:14   [33/45] Processing Query Q33...
2026-06-19 04:15:20     Query Q33 Score: 1.00
2026-06-19 04:15:20   [34/45] Processing Query Q34...
2026-06-19 04:15:25     Query Q34 Score: 1.00
2026-06-19 04:15:25   [35/45] Processing Query Q35...
2026-06-19 04:15:28     Query Q35 Score: 1.00
2026-06-19 04:15:28   [36/45] Processing Query Q36...
2026-06-19 04:15:36     Query Q36 Score: 1.00
2026-06-19 04:15:36   [37/45] Processing Query Q37...
2026-06-19 04:15:42     Query Q37 Score: 0.75
2026-06-19 04:15:42   [38/45] Processing Query Q38...
2026-06-19 04:15:47     Query Q38 Score: 0.85
2026-06-19 04:15:47   [39/45] Processing Query Q39...
2026-06-19 04:15:51     Query Q39 Score: 0.95
2026-06-19 04:15:51   [40/45] Processing Query Q40...
2026-06-19 04:15:56     Query Q40 Score: 1.00
2026-06-19 04:15:56   [41/45] Processing Query Q41...
2026-06-19 04:16:01     Query Q41 Score: 0.90
2026-06-19 04:16:01   [42/45] Processing Query Q42...
2026-06-19 04:16:07     Query Q42 Score: 1.00
2026-06-19 04:16:07   [43/45] Processing Query Q43...
2026-06-19 04:16:11     Query Q43 Score: 1.00
2026-06-19 04:16:11   [44/45] Processing Query Q48...
2026-06-19 04:16:24     Query Q48 Score: 1.00
2026-06-19 04:16:24   [45/45] Processing Query Q49...
2026-06-19 04:16:40     Query Q49 Score: 0.95
2026-06-19 04:16:40 Saved validation results to /home/virtualuser/model_evaluation/autoresearch/archive/run_20260618_134629/outputs/validation_results_iter142_20260619_041640.csv
2026-06-19 04:16:40 Validation run completed. Overall Mean Score: 0.9022
2026-06-19 04:16:40 Candidate Score: 0.9022 (Delta: -0.0444)
2026-06-19 04:16:40 >>> FAILURE: Score did not improve. Discarding changes.
2026-06-19 04:16:40 Iteration #142 logged successfully to experiments.json.
2026-06-19 04:16:40 
2026-06-19 04:16:40 =========================================
2026-06-19 04:16:40 STARTING ITERATION #143
2026-06-19 04:16:40 =========================================
2026-06-19 04:16:40 Current Champion Score: 0.9467
2026-06-19 04:16:40 Failing queries to fix: 13
2026-06-19 04:16:40 Calling Optimizer Agent to refine instructions...
2026-06-19 04:19:19 Starting validation run on 45 queries...
2026-06-19 04:19:19   [1/45] Processing Query Q01...
2026-06-19 04:19:24     Query Q01 Score: 1.00
2026-06-19 04:19:24   [2/45] Processing Query Q02...
2026-06-19 04:19:30     Query Q02 Score: 0.85
2026-06-19 04:19:30   [3/45] Processing Query Q03...
2026-06-19 04:19:36     Query Q03 Score: 0.95
2026-06-19 04:19:36   [4/45] Processing Query Q04...
2026-06-19 04:19:41     Query Q04 Score: 1.00
2026-06-19 04:19:41   [5/45] Processing Query Q05...
2026-06-19 04:19:47     Query Q05 Score: 0.50
2026-06-19 04:19:47   [6/45] Processing Query Q06...
2026-06-19 04:19:52     Query Q06 Score: 1.00
2026-06-19 04:19:52   [7/45] Processing Query Q07...
2026-06-19 04:19:58     Query Q07 Score: 1.00
2026-06-19 04:19:58   [8/45] Processing Query Q08...
2026-06-19 04:20:02     Query Q08 Score: 1.00
2026-06-19 04:20:02   [9/45] Processing Query Q09...
2026-06-19 04:20:12     Query Q09 Score: 0.95
2026-06-19 04:20:12   [10/45] Processing Query Q10...
2026-06-19 04:20:18     Query Q10 Score: 1.00
2026-06-19 04:20:18   [11/45] Processing Query Q11...
2026-06-19 04:20:26     Query Q11 Score: 0.40
2026-06-19 04:20:26   [12/45] Processing Query Q12...
2026-06-19 04:20:30     Query Q12 Score: 1.00
2026-06-19 04:20:30   [13/45] Processing Query Q13...
2026-06-19 04:20:36     Query Q13 Score: 0.40
2026-06-19 04:20:36   [14/45] Processing Query Q14...
2026-06-19 04:20:43     Query Q14 Score: 0.50
2026-06-19 04:20:43   [15/45] Processing Query Q15...
2026-06-19 04:20:49     Query Q15 Score: 1.00
2026-06-19 04:20:49   [16/45] Processing Query Q16...
2026-06-19 04:20:55     Query Q16 Score: 0.50
2026-06-19 04:20:55   [17/45] Processing Query Q17...
2026-06-19 04:21:00     Query Q17 Score: 0.95
2026-06-19 04:21:00   [18/45] Processing Query Q18...
2026-06-19 04:21:04     Query Q18 Score: 1.00
2026-06-19 04:21:04   [19/45] Processing Query Q19...
2026-06-19 04:21:09     Query Q19 Score: 0.95
2026-06-19 04:21:09   [20/45] Processing Query Q20...
2026-06-19 04:21:14     Query Q20 Score: 0.95
2026-06-19 04:21:14   [21/45] Processing Query Q21...
2026-06-19 04:21:19     Query Q21 Score: 1.00
2026-06-19 04:21:19   [22/45] Processing Query Q22...
2026-06-19 04:21:24     Query Q22 Score: 1.00
2026-06-19 04:21:24   [23/45] Processing Query Q23...
2026-06-19 04:21:30     Query Q23 Score: 0.75
2026-06-19 04:21:30   [24/45] Processing Query Q24...
2026-06-19 04:21:34     Query Q24 Score: 1.00
2026-06-19 04:21:34   [25/45] Processing Query Q25...
2026-06-19 04:21:39     Query Q25 Score: 1.00
2026-06-19 04:21:39   [26/45] Processing Query Q26...
2026-06-19 04:21:43     Query Q26 Score: 1.00
2026-06-19 04:21:43   [27/45] Processing Query Q27...
2026-06-19 04:21:47     Query Q27 Score: 1.00
2026-06-19 04:21:47   [28/45] Processing Query Q28...
2026-06-19 04:21:52     Query Q28 Score: 1.00
2026-06-19 04:21:52   [29/45] Processing Query Q29...
2026-06-19 04:21:57     Query Q29 Score: 0.50
2026-06-19 04:21:57   [30/45] Processing Query Q30...
2026-06-19 04:22:02     Query Q30 Score: 1.00
2026-06-19 04:22:02   [31/45] Processing Query Q31...
2026-06-19 04:22:07     Query Q31 Score: 1.00
2026-06-19 04:22:07   [32/45] Processing Query Q32...
2026-06-19 04:22:12     Query Q32 Score: 0.95
2026-06-19 04:22:12   [33/45] Processing Query Q33...
2026-06-19 04:22:20     Query Q33 Score: 0.75
2026-06-19 04:22:20   [34/45] Processing Query Q34...
2026-06-19 04:22:25     Query Q34 Score: 1.00
2026-06-19 04:22:25   [35/45] Processing Query Q35...
2026-06-19 04:22:29     Query Q35 Score: 1.00
2026-06-19 04:22:29   [36/45] Processing Query Q36...
2026-06-19 04:22:45     Query Q36 Score: 0.50
2026-06-19 04:22:45   [37/45] Processing Query Q37...
2026-06-19 04:22:50     Query Q37 Score: 0.60
2026-06-19 04:22:50   [38/45] Processing Query Q38...
2026-06-19 04:22:56     Query Q38 Score: 1.00
2026-06-19 04:22:56   [39/45] Processing Query Q39...
2026-06-19 04:23:01     Query Q39 Score: 1.00
2026-06-19 04:23:01   [40/45] Processing Query Q40...
2026-06-19 04:23:06     Query Q40 Score: 1.00
2026-06-19 04:23:06   [41/45] Processing Query Q41...
2026-06-19 04:23:11     Query Q41 Score: 0.85
2026-06-19 04:23:11   [42/45] Processing Query Q42...
2026-06-19 04:23:16     Query Q42 Score: 1.00
2026-06-19 04:23:16   [43/45] Processing Query Q43...
2026-06-19 04:23:21     Query Q43 Score: 1.00
2026-06-19 04:23:21   [44/45] Processing Query Q48...
2026-06-19 04:23:30     Query Q48 Score: 0.20
2026-06-19 04:23:30   [45/45] Processing Query Q49...
2026-06-19 04:23:37     Query Q49 Score: 0.75
2026-06-19 04:23:37 Saved validation results to /home/virtualuser/model_evaluation/autoresearch/archive/run_20260618_134629/outputs/validation_results_iter143_20260619_042337.csv
2026-06-19 04:23:37 Validation run completed. Overall Mean Score: 0.8611
2026-06-19 04:23:37 Candidate Score: 0.8611 (Delta: -0.0856)
2026-06-19 04:23:37 >>> FAILURE: Score did not improve. Discarding changes.
2026-06-19 04:23:37 Iteration #143 logged successfully to experiments.json.
2026-06-19 04:23:37 
2026-06-19 04:23:37 =========================================
2026-06-19 04:23:37 STARTING ITERATION #144
2026-06-19 04:23:37 =========================================
2026-06-19 04:23:37 Current Champion Score: 0.9467
2026-06-19 04:23:37 Failing queries to fix: 13
2026-06-19 04:23:37 Calling Optimizer Agent to refine instructions...
2026-06-19 04:26:27 Starting validation run on 45 queries...
2026-06-19 04:26:27   [1/45] Processing Query Q01...
2026-06-19 04:26:32     Query Q01 Score: 1.00
2026-06-19 04:26:32   [2/45] Processing Query Q02...
2026-06-19 04:26:37     Query Q02 Score: 0.85
2026-06-19 04:26:37   [3/45] Processing Query Q03...
2026-06-19 04:26:43     Query Q03 Score: 0.95
2026-06-19 04:26:43   [4/45] Processing Query Q04...
2026-06-19 04:26:48     Query Q04 Score: 1.00
2026-06-19 04:26:48   [5/45] Processing Query Q05...
2026-06-19 04:26:54     Query Q05 Score: 0.40
2026-06-19 04:26:54   [6/45] Processing Query Q06...
2026-06-19 04:26:59     Query Q06 Score: 1.00
2026-06-19 04:26:59   [7/45] Processing Query Q07...
2026-06-19 04:27:04     Query Q07 Score: 1.00
2026-06-19 04:27:04   [8/45] Processing Query Q08...
2026-06-19 04:27:09     Query Q08 Score: 1.00
2026-06-19 04:27:09   [9/45] Processing Query Q09...
2026-06-19 04:27:18     Query Q09 Score: 1.00
2026-06-19 04:27:18   [10/45] Processing Query Q10...
2026-06-19 04:27:23     Query Q10 Score: 1.00
2026-06-19 04:27:23   [11/45] Processing Query Q11...
2026-06-19 04:27:31     Query Q11 Score: 0.50
2026-06-19 04:27:31   [12/45] Processing Query Q12...
2026-06-19 04:27:36     Query Q12 Score: 1.00
2026-06-19 04:27:36   [13/45] Processing Query Q13...
2026-06-19 04:27:42     Query Q13 Score: 0.30
2026-06-19 04:27:42   [14/45] Processing Query Q14...
2026-06-19 04:27:48     Query Q14 Score: 0.85
2026-06-19 04:27:48   [15/45] Processing Query Q15...
2026-06-19 04:27:54     Query Q15 Score: 1.00
2026-06-19 04:27:54   [16/45] Processing Query Q16...
2026-06-19 04:28:05     Query Q16 Score: 0.50
2026-06-19 04:28:05   [17/45] Processing Query Q17...
2026-06-19 04:28:10     Query Q17 Score: 0.50
2026-06-19 04:28:10   [18/45] Processing Query Q18...
2026-06-19 04:28:14     Query Q18 Score: 1.00
2026-06-19 04:28:14   [19/45] Processing Query Q19...
2026-06-19 04:28:19     Query Q19 Score: 0.95
2026-06-19 04:28:19   [20/45] Processing Query Q20...
2026-06-19 04:28:24     Query Q20 Score: 0.95
2026-06-19 04:28:24   [21/45] Processing Query Q21...
2026-06-19 04:28:29     Query Q21 Score: 1.00
2026-06-19 04:28:29   [22/45] Processing Query Q22...
2026-06-19 04:28:33     Query Q22 Score: 1.00
2026-06-19 04:28:33   [23/45] Processing Query Q23...
2026-06-19 04:28:39     Query Q23 Score: 0.50
2026-06-19 04:28:39   [24/45] Processing Query Q24...
2026-06-19 04:28:44     Query Q24 Score: 1.00
2026-06-19 04:28:44   [25/45] Processing Query Q25...
2026-06-19 04:28:49     Query Q25 Score: 1.00
2026-06-19 04:28:49   [26/45] Processing Query Q26...
2026-06-19 04:28:53     Query Q26 Score: 1.00
2026-06-19 04:28:53   [27/45] Processing Query Q27...
2026-06-19 04:28:58     Query Q27 Score: 1.00
2026-06-19 04:28:58   [28/45] Processing Query Q28...
2026-06-19 04:29:03     Query Q28 Score: 1.00
2026-06-19 04:29:03   [29/45] Processing Query Q29...
2026-06-19 04:29:08     Query Q29 Score: 0.50
2026-06-19 04:29:08   [30/45] Processing Query Q30...
2026-06-19 04:29:13     Query Q30 Score: 1.00
2026-06-19 04:29:13   [31/45] Processing Query Q31...
2026-06-19 04:29:18     Query Q31 Score: 1.00
2026-06-19 04:29:18   [32/45] Processing Query Q32...
2026-06-19 04:29:24     Query Q32 Score: 0.95
2026-06-19 04:29:24   [33/45] Processing Query Q33...
2026-06-19 04:29:30     Query Q33 Score: 1.00
2026-06-19 04:29:30   [34/45] Processing Query Q34...
2026-06-19 04:29:35     Query Q34 Score: 1.00
2026-06-19 04:29:35   [35/45] Processing Query Q35...
2026-06-19 04:29:39     Query Q35 Score: 1.00
2026-06-19 04:29:39   [36/45] Processing Query Q36...
2026-06-19 04:29:47     Query Q36 Score: 1.00
2026-06-19 04:29:47   [37/45] Processing Query Q37...
2026-06-19 04:29:52     Query Q37 Score: 0.50
2026-06-19 04:29:52   [38/45] Processing Query Q38...
2026-06-19 04:29:59     Query Q38 Score: 1.00
2026-06-19 04:29:59   [39/45] Processing Query Q39...
2026-06-19 04:30:04     Query Q39 Score: 1.00
2026-06-19 04:30:04   [40/45] Processing Query Q40...
2026-06-19 04:30:08     Query Q40 Score: 1.00
2026-06-19 04:30:08   [41/45] Processing Query Q41...
2026-06-19 04:30:14     Query Q41 Score: 0.85
2026-06-19 04:30:14   [42/45] Processing Query Q42...
2026-06-19 04:30:19     Query Q42 Score: 1.00
2026-06-19 04:30:19   [43/45] Processing Query Q43...
2026-06-19 04:30:24     Query Q43 Score: 1.00
2026-06-19 04:30:24   [44/45] Processing Query Q48...
2026-06-19 04:30:31     Query Q48 Score: 0.85
2026-06-19 04:30:31   [45/45] Processing Query Q49...
2026-06-19 04:30:38     Query Q49 Score: 0.65
2026-06-19 04:30:38 Saved validation results to /home/virtualuser/model_evaluation/autoresearch/archive/run_20260618_134629/outputs/validation_results_iter144_20260619_043038.csv
2026-06-19 04:30:38 Validation run completed. Overall Mean Score: 0.8789
2026-06-19 04:30:38 Candidate Score: 0.8789 (Delta: -0.0678)
2026-06-19 04:30:38 >>> FAILURE: Score did not improve. Discarding changes.
2026-06-19 04:30:38 Iteration #144 logged successfully to experiments.json.
2026-06-19 04:30:38 
2026-06-19 04:30:38 =========================================
2026-06-19 04:30:38 STARTING ITERATION #145
2026-06-19 04:30:38 =========================================
2026-06-19 04:30:38 Current Champion Score: 0.9467
2026-06-19 04:30:38 Failing queries to fix: 13
2026-06-19 04:30:38 Calling Optimizer Agent to refine instructions...
2026-06-19 04:33:18 Starting validation run on 45 queries...
2026-06-19 04:33:18   [1/45] Processing Query Q01...
2026-06-19 04:33:23     Query Q01 Score: 1.00
2026-06-19 04:33:23   [2/45] Processing Query Q02...
2026-06-19 04:33:28     Query Q02 Score: 1.00
2026-06-19 04:33:28   [3/45] Processing Query Q03...
2026-06-19 04:33:34     Query Q03 Score: 0.90
2026-06-19 04:33:34   [4/45] Processing Query Q04...
2026-06-19 04:33:41     Query Q04 Score: 1.00
2026-06-19 04:33:41   [5/45] Processing Query Q05...
2026-06-19 04:33:47     Query Q05 Score: 0.95
2026-06-19 04:33:47   [6/45] Processing Query Q06...
2026-06-19 04:33:53     Query Q06 Score: 1.00
2026-06-19 04:33:53   [7/45] Processing Query Q07...
2026-06-19 04:33:58     Query Q07 Score: 1.00
2026-06-19 04:33:58   [8/45] Processing Query Q08...
2026-06-19 04:34:02     Query Q08 Score: 1.00
2026-06-19 04:34:02   [9/45] Processing Query Q09...
2026-06-19 04:34:15     Query Q09 Score: 0.40
2026-06-19 04:34:15   [10/45] Processing Query Q10...
2026-06-19 04:34:20     Query Q10 Score: 1.00
2026-06-19 04:34:20   [11/45] Processing Query Q11...
2026-06-19 04:34:28     Query Q11 Score: 0.40
2026-06-19 04:34:28   [12/45] Processing Query Q12...
2026-06-19 04:34:32     Query Q12 Score: 1.00
2026-06-19 04:34:32   [13/45] Processing Query Q13...
2026-06-19 04:34:41     Query Q13 Score: 0.20
2026-06-19 04:34:41   [14/45] Processing Query Q14...
2026-06-19 04:34:47     Query Q14 Score: 0.75
2026-06-19 04:34:47   [15/45] Processing Query Q15...
2026-06-19 04:34:53     Query Q15 Score: 1.00
2026-06-19 04:34:53   [16/45] Processing Query Q16...
2026-06-19 04:35:07     Query Q16 Score: 1.00
2026-06-19 04:35:07   [17/45] Processing Query Q17...
2026-06-19 04:35:12     Query Q17 Score: 1.00
2026-06-19 04:35:12   [18/45] Processing Query Q18...
2026-06-19 04:35:17     Query Q18 Score: 1.00
2026-06-19 04:35:17   [19/45] Processing Query Q19...
2026-06-19 04:35:21     Query Q19 Score: 0.95
2026-06-19 04:35:21   [20/45] Processing Query Q20...
2026-06-19 04:35:27     Query Q20 Score: 0.90
2026-06-19 04:35:27   [21/45] Processing Query Q21...
2026-06-19 04:35:31     Query Q21 Score: 1.00
2026-06-19 04:35:31   [22/45] Processing Query Q22...
2026-06-19 04:35:36     Query Q22 Score: 1.00
2026-06-19 04:35:36   [23/45] Processing Query Q23...
2026-06-19 04:35:58     Query Q23 Score: 1.00
2026-06-19 04:35:58   [24/45] Processing Query Q24...
2026-06-19 04:36:03     Query Q24 Score: 1.00
2026-06-19 04:36:03   [25/45] Processing Query Q25...
2026-06-19 04:36:07     Query Q25 Score: 1.00
2026-06-19 04:36:07   [26/45] Processing Query Q26...
2026-06-19 04:36:12     Query Q26 Score: 1.00
2026-06-19 04:36:12   [27/45] Processing Query Q27...
2026-06-19 04:36:16     Query Q27 Score: 1.00
2026-06-19 04:36:16   [28/45] Processing Query Q28...
2026-06-19 04:36:21     Query Q28 Score: 1.00
2026-06-19 04:36:21   [29/45] Processing Query Q29...
2026-06-19 04:36:25     Query Q29 Score: 0.70
2026-06-19 04:36:25   [30/45] Processing Query Q30...
2026-06-19 04:36:31     Query Q30 Score: 1.00
2026-06-19 04:36:31   [31/45] Processing Query Q31...
2026-06-19 04:36:36     Query Q31 Score: 1.00
2026-06-19 04:36:36   [32/45] Processing Query Q32...
2026-06-19 04:36:41     Query Q32 Score: 0.95
2026-06-19 04:36:41   [33/45] Processing Query Q33...
2026-06-19 04:36:47     Query Q33 Score: 1.00
2026-06-19 04:36:47   [34/45] Processing Query Q34...
2026-06-19 04:36:52     Query Q34 Score: 1.00
2026-06-19 04:36:52   [35/45] Processing Query Q35...
2026-06-19 04:36:56     Query Q35 Score: 1.00
2026-06-19 04:36:56   [36/45] Processing Query Q36...
2026-06-19 04:37:10     Query Q36 Score: 1.00
2026-06-19 04:37:10   [37/45] Processing Query Q37...
2026-06-19 04:37:15     Query Q37 Score: 0.85
2026-06-19 04:37:15   [38/45] Processing Query Q38...
2026-06-19 04:37:22     Query Q38 Score: 1.00
2026-06-19 04:37:22   [39/45] Processing Query Q39...
2026-06-19 04:37:26     Query Q39 Score: 1.00
2026-06-19 04:37:26   [40/45] Processing Query Q40...
2026-06-19 04:37:31     Query Q40 Score: 1.00
2026-06-19 04:37:31   [41/45] Processing Query Q41...
2026-06-19 04:37:37     Query Q41 Score: 0.85
2026-06-19 04:37:37   [42/45] Processing Query Q42...
2026-06-19 04:37:41     Query Q42 Score: 0.85
2026-06-19 04:37:41   [43/45] Processing Query Q43...
2026-06-19 04:37:46     Query Q43 Score: 1.00
2026-06-19 04:37:46   [44/45] Processing Query Q48...
2026-06-19 04:38:02     Query Q48 Score: 0.40
2026-06-19 04:38:02   [45/45] Processing Query Q49...
2026-06-19 04:38:09     Query Q49 Score: 0.95
2026-06-19 04:38:09 Saved validation results to /home/virtualuser/model_evaluation/autoresearch/archive/run_20260618_134629/outputs/validation_results_iter145_20260619_043809.csv
2026-06-19 04:38:09 Validation run completed. Overall Mean Score: 0.9111
2026-06-19 04:38:09 Candidate Score: 0.9111 (Delta: -0.0356)
2026-06-19 04:38:09 >>> FAILURE: Score did not improve. Discarding changes.
2026-06-19 04:38:09 Iteration #145 logged successfully to experiments.json.
2026-06-19 04:38:09 
2026-06-19 04:38:09 =========================================
2026-06-19 04:38:09 STARTING ITERATION #146
2026-06-19 04:38:09 =========================================
2026-06-19 04:38:09 Current Champion Score: 0.9467
2026-06-19 04:38:09 Failing queries to fix: 13
2026-06-19 04:38:09 Calling Optimizer Agent to refine instructions...
2026-06-19 04:40:46 Starting validation run on 45 queries...
2026-06-19 04:40:46   [1/45] Processing Query Q01...
2026-06-19 04:40:51     Query Q01 Score: 1.00
2026-06-19 04:40:51   [2/45] Processing Query Q02...
2026-06-19 04:40:56     Query Q02 Score: 1.00
2026-06-19 04:40:56   [3/45] Processing Query Q03...
2026-06-19 04:41:02     Query Q03 Score: 0.95
2026-06-19 04:41:02   [4/45] Processing Query Q04...
2026-06-19 04:41:07     Query Q04 Score: 1.00
2026-06-19 04:41:07   [5/45] Processing Query Q05...
2026-06-19 04:41:13     Query Q05 Score: 1.00
2026-06-19 04:41:13   [6/45] Processing Query Q06...
2026-06-19 04:41:18     Query Q06 Score: 1.00
2026-06-19 04:41:18   [7/45] Processing Query Q07...
2026-06-19 04:41:23     Query Q07 Score: 1.00
2026-06-19 04:41:23   [8/45] Processing Query Q08...
2026-06-19 04:41:28     Query Q08 Score: 1.00
2026-06-19 04:41:28   [9/45] Processing Query Q09...
2026-06-19 04:41:34     Query Q09 Score: 1.00
2026-06-19 04:41:34   [10/45] Processing Query Q10...
2026-06-19 04:41:39     Query Q10 Score: 1.00
2026-06-19 04:41:39   [11/45] Processing Query Q11...
2026-06-19 04:41:49     Query Q11 Score: 0.30
2026-06-19 04:41:49   [12/45] Processing Query Q12...
2026-06-19 04:41:54     Query Q12 Score: 1.00
2026-06-19 04:41:54   [13/45] Processing Query Q13...
2026-06-19 04:42:01     Query Q13 Score: 0.20
2026-06-19 04:42:01   [14/45] Processing Query Q14...
2026-06-19 04:42:06     Query Q14 Score: 0.85
2026-06-19 04:42:06   [15/45] Processing Query Q15...
2026-06-19 04:42:13     Query Q15 Score: 1.00
2026-06-19 04:42:13   [16/45] Processing Query Q16...
2026-06-19 04:42:18     Query Q16 Score: 0.75
2026-06-19 04:42:18   [17/45] Processing Query Q17...
2026-06-19 04:42:23     Query Q17 Score: 1.00
2026-06-19 04:42:23   [18/45] Processing Query Q18...
2026-06-19 04:42:28     Query Q18 Score: 1.00
2026-06-19 04:42:28   [19/45] Processing Query Q19...
2026-06-19 04:42:33     Query Q19 Score: 0.95
2026-06-19 04:42:33   [20/45] Processing Query Q20...
2026-06-19 04:42:38     Query Q20 Score: 0.95
2026-06-19 04:42:38   [21/45] Processing Query Q21...
2026-06-19 04:42:43     Query Q21 Score: 1.00
2026-06-19 04:42:43   [22/45] Processing Query Q22...
2026-06-19 04:42:47     Query Q22 Score: 1.00
2026-06-19 04:42:47   [23/45] Processing Query Q23...
2026-06-19 04:42:53     Query Q23 Score: 0.75
2026-06-19 04:42:53   [24/45] Processing Query Q24...
2026-06-19 04:42:57     Query Q24 Score: 1.00
2026-06-19 04:42:57   [25/45] Processing Query Q25...
2026-06-19 04:43:02     Query Q25 Score: 1.00
2026-06-19 04:43:02   [26/45] Processing Query Q26...
2026-06-19 04:43:07     Query Q26 Score: 1.00
2026-06-19 04:43:07   [27/45] Processing Query Q27...
2026-06-19 04:43:11     Query Q27 Score: 1.00
2026-06-19 04:43:11   [28/45] Processing Query Q28...
2026-06-19 04:43:16     Query Q28 Score: 1.00
2026-06-19 04:43:16   [29/45] Processing Query Q29...
2026-06-19 04:43:20     Query Q29 Score: 0.50
2026-06-19 04:43:20   [30/45] Processing Query Q30...
2026-06-19 04:43:26     Query Q30 Score: 1.00
2026-06-19 04:43:26   [31/45] Processing Query Q31...
2026-06-19 04:43:30     Query Q31 Score: 1.00
2026-06-19 04:43:30   [32/45] Processing Query Q32...
2026-06-19 04:43:36     Query Q32 Score: 0.95
2026-06-19 04:43:36   [33/45] Processing Query Q33...
2026-06-19 04:43:45     Query Q33 Score: 0.85
2026-06-19 04:43:45   [34/45] Processing Query Q34...
2026-06-19 04:43:50     Query Q34 Score: 1.00
2026-06-19 04:43:50   [35/45] Processing Query Q35...
2026-06-19 04:43:54     Query Q35 Score: 1.00
2026-06-19 04:43:54   [36/45] Processing Query Q36...
2026-06-19 04:44:02     Query Q36 Score: 1.00
2026-06-19 04:44:02   [37/45] Processing Query Q37...
2026-06-19 04:44:07     Query Q37 Score: 1.00
2026-06-19 04:44:07   [38/45] Processing Query Q38...
2026-06-19 04:44:12     Query Q38 Score: 0.85
2026-06-19 04:44:12   [39/45] Processing Query Q39...
2026-06-19 04:44:17     Query Q39 Score: 0.95
2026-06-19 04:44:17   [40/45] Processing Query Q40...
2026-06-19 04:44:21     Query Q40 Score: 1.00
2026-06-19 04:44:21   [41/45] Processing Query Q41...
2026-06-19 04:44:27     Query Q41 Score: 0.85
2026-06-19 04:44:27   [42/45] Processing Query Q42...
2026-06-19 04:44:32     Query Q42 Score: 1.00
2026-06-19 04:44:32   [43/45] Processing Query Q43...
2026-06-19 04:44:37     Query Q43 Score: 1.00
2026-06-19 04:44:37   [44/45] Processing Query Q48...
2026-06-19 04:44:43     Query Q48 Score: 0.95
2026-06-19 04:44:43   [45/45] Processing Query Q49...
2026-06-19 04:44:50     Query Q49 Score: 0.75
2026-06-19 04:44:50 Saved validation results to /home/virtualuser/model_evaluation/autoresearch/archive/run_20260618_134629/outputs/validation_results_iter146_20260619_044450.csv
2026-06-19 04:44:50 Validation run completed. Overall Mean Score: 0.9189
2026-06-19 04:44:50 Candidate Score: 0.9189 (Delta: -0.0278)
2026-06-19 04:44:50 >>> FAILURE: Score did not improve. Discarding changes.
2026-06-19 04:44:50 Iteration #146 logged successfully to experiments.json.
2026-06-19 04:44:50 
2026-06-19 04:44:50 =========================================
2026-06-19 04:44:50 STARTING ITERATION #147
2026-06-19 04:44:50 =========================================
2026-06-19 04:44:50 Current Champion Score: 0.9467
2026-06-19 04:44:50 Failing queries to fix: 13
2026-06-19 04:44:50 Calling Optimizer Agent to refine instructions...
2026-06-19 04:47:33 Starting validation run on 45 queries...
2026-06-19 04:47:33   [1/45] Processing Query Q01...
2026-06-19 04:47:38     Query Q01 Score: 1.00
2026-06-19 04:47:38   [2/45] Processing Query Q02...
2026-06-19 04:47:43     Query Q02 Score: 1.00
2026-06-19 04:47:43   [3/45] Processing Query Q03...
2026-06-19 04:47:48     Query Q03 Score: 0.95
2026-06-19 04:47:48   [4/45] Processing Query Q04...
2026-06-19 04:47:54     Query Q04 Score: 1.00
2026-06-19 04:47:54   [5/45] Processing Query Q05...
2026-06-19 04:47:59     Query Q05 Score: 0.40
2026-06-19 04:47:59   [6/45] Processing Query Q06...
2026-06-19 04:48:04     Query Q06 Score: 1.00
2026-06-19 04:48:04   [7/45] Processing Query Q07...
2026-06-19 04:48:09     Query Q07 Score: 1.00
2026-06-19 04:48:09   [8/45] Processing Query Q08...
2026-06-19 04:48:14     Query Q08 Score: 1.00
2026-06-19 04:48:14   [9/45] Processing Query Q09...
2026-06-19 04:48:24     Query Q09 Score: 0.50
2026-06-19 04:48:24   [10/45] Processing Query Q10...
2026-06-19 04:48:29     Query Q10 Score: 1.00
2026-06-19 04:48:29   [11/45] Processing Query Q11...
2026-06-19 04:48:37     Query Q11 Score: 0.50
2026-06-19 04:48:37   [12/45] Processing Query Q12...
2026-06-19 04:48:41     Query Q12 Score: 1.00
2026-06-19 04:48:41   [13/45] Processing Query Q13...
2026-06-19 04:48:48     Query Q13 Score: 0.20
2026-06-19 04:48:48   [14/45] Processing Query Q14...
2026-06-19 04:48:54     Query Q14 Score: 0.85
2026-06-19 04:48:54   [15/45] Processing Query Q15...
2026-06-19 04:49:00     Query Q15 Score: 1.00
2026-06-19 04:49:00   [16/45] Processing Query Q16...
2026-06-19 04:49:10     Query Q16 Score: 1.00
2026-06-19 04:49:10   [17/45] Processing Query Q17...
2026-06-19 04:49:15     Query Q17 Score: 1.00
2026-06-19 04:49:15   [18/45] Processing Query Q18...
2026-06-19 04:49:20     Query Q18 Score: 1.00
2026-06-19 04:49:20   [19/45] Processing Query Q19...
2026-06-19 04:49:25     Query Q19 Score: 0.95
2026-06-19 04:49:25   [20/45] Processing Query Q20...
2026-06-19 04:49:30     Query Q20 Score: 0.90
2026-06-19 04:49:30   [21/45] Processing Query Q21...
2026-06-19 04:49:34     Query Q21 Score: 1.00
2026-06-19 04:49:34   [22/45] Processing Query Q22...
2026-06-19 04:49:39     Query Q22 Score: 1.00
2026-06-19 04:49:39   [23/45] Processing Query Q23...
2026-06-19 04:49:45     Query Q23 Score: 0.50
2026-06-19 04:49:45   [24/45] Processing Query Q24...
2026-06-19 04:49:49     Query Q24 Score: 1.00
2026-06-19 04:49:49   [25/45] Processing Query Q25...
2026-06-19 04:49:54     Query Q25 Score: 1.00
2026-06-19 04:49:54   [26/45] Processing Query Q26...
2026-06-19 04:49:58     Query Q26 Score: 1.00
2026-06-19 04:49:58   [27/45] Processing Query Q27...
2026-06-19 04:50:03     Query Q27 Score: 1.00
2026-06-19 04:50:03   [28/45] Processing Query Q28...
2026-06-19 04:50:07     Query Q28 Score: 1.00
2026-06-19 04:50:07   [29/45] Processing Query Q29...
2026-06-19 04:50:12     Query Q29 Score: 0.50
2026-06-19 04:50:12   [30/45] Processing Query Q30...
2026-06-19 04:50:17     Query Q30 Score: 1.00
2026-06-19 04:50:17   [31/45] Processing Query Q31...
2026-06-19 04:50:22     Query Q31 Score: 1.00
2026-06-19 04:50:22   [32/45] Processing Query Q32...
2026-06-19 04:50:28     Query Q32 Score: 0.95
2026-06-19 04:50:28   [33/45] Processing Query Q33...
2026-06-19 04:50:33     Query Q33 Score: 1.00
2026-06-19 04:50:33   [34/45] Processing Query Q34...
2026-06-19 04:50:38     Query Q34 Score: 1.00
2026-06-19 04:50:38   [35/45] Processing Query Q35...
2026-06-19 04:50:42     Query Q35 Score: 1.00
2026-06-19 04:50:42   [36/45] Processing Query Q36...
2026-06-19 04:50:50     Query Q36 Score: 1.00
2026-06-19 04:50:50   [37/45] Processing Query Q37...
2026-06-19 04:50:55     Query Q37 Score: 1.00
2026-06-19 04:50:55   [38/45] Processing Query Q38...
2026-06-19 04:51:01     Query Q38 Score: 1.00
2026-06-19 04:51:01   [39/45] Processing Query Q39...
2026-06-19 04:51:06     Query Q39 Score: 1.00
2026-06-19 04:51:06   [40/45] Processing Query Q40...
2026-06-19 04:51:10     Query Q40 Score: 1.00
2026-06-19 04:51:10   [41/45] Processing Query Q41...
2026-06-19 04:51:16     Query Q41 Score: 0.85
2026-06-19 04:51:16   [42/45] Processing Query Q42...
2026-06-19 04:51:21     Query Q42 Score: 1.00
2026-06-19 04:51:21   [43/45] Processing Query Q43...
2026-06-19 04:51:26     Query Q43 Score: 1.00
2026-06-19 04:51:26   [44/45] Processing Query Q48...
2026-06-19 04:51:32     Query Q48 Score: 0.95
2026-06-19 04:51:32   [45/45] Processing Query Q49...
2026-06-19 04:51:39     Query Q49 Score: 0.75
2026-06-19 04:51:39 Saved validation results to /home/virtualuser/model_evaluation/autoresearch/archive/run_20260618_134629/outputs/validation_results_iter147_20260619_045139.csv
2026-06-19 04:51:39 Validation run completed. Overall Mean Score: 0.9056
2026-06-19 04:51:39 Candidate Score: 0.9056 (Delta: -0.0411)
2026-06-19 04:51:39 >>> FAILURE: Score did not improve. Discarding changes.
2026-06-19 04:51:39 Iteration #147 logged successfully to experiments.json.
2026-06-19 04:51:39 
2026-06-19 04:51:39 =========================================
2026-06-19 04:51:39 STARTING ITERATION #148
2026-06-19 04:51:39 =========================================
2026-06-19 04:51:39 Current Champion Score: 0.9467
2026-06-19 04:51:39 Failing queries to fix: 13
2026-06-19 04:51:39 Calling Optimizer Agent to refine instructions...
2026-06-19 04:54:31 Starting validation run on 45 queries...
2026-06-19 04:54:31   [1/45] Processing Query Q01...
2026-06-19 04:54:36     Query Q01 Score: 1.00
2026-06-19 04:54:36   [2/45] Processing Query Q02...
2026-06-19 04:54:42     Query Q02 Score: 1.00
2026-06-19 04:54:42   [3/45] Processing Query Q03...
2026-06-19 04:54:46     Query Q03 Score: 1.00
2026-06-19 04:54:46   [4/45] Processing Query Q04...
2026-06-19 04:54:52     Query Q04 Score: 1.00
2026-06-19 04:54:52   [5/45] Processing Query Q05...
2026-06-19 04:54:58     Query Q05 Score: 0.70
2026-06-19 04:54:58   [6/45] Processing Query Q06...
2026-06-19 04:55:04     Query Q06 Score: 1.00
2026-06-19 04:55:04   [7/45] Processing Query Q07...
2026-06-19 04:55:09     Query Q07 Score: 1.00
2026-06-19 04:55:09   [8/45] Processing Query Q08...
2026-06-19 04:55:14     Query Q08 Score: 1.00
2026-06-19 04:55:14   [9/45] Processing Query Q09...
2026-06-19 04:55:20     Query Q09 Score: 0.50
2026-06-19 04:55:20   [10/45] Processing Query Q10...
2026-06-19 04:55:26     Query Q10 Score: 1.00
2026-06-19 04:55:26   [11/45] Processing Query Q11...
2026-06-19 04:55:33     Query Q11 Score: 0.75
2026-06-19 04:55:33   [12/45] Processing Query Q12...
2026-06-19 04:55:38     Query Q12 Score: 1.00
2026-06-19 04:55:38   [13/45] Processing Query Q13...
2026-06-19 04:55:45     Query Q13 Score: 0.50
2026-06-19 04:55:45   [14/45] Processing Query Q14...
2026-06-19 04:55:51     Query Q14 Score: 0.85
2026-06-19 04:55:51   [15/45] Processing Query Q15...
2026-06-19 04:55:57     Query Q15 Score: 1.00
2026-06-19 04:55:57   [16/45] Processing Query Q16...
2026-06-19 04:56:02     Query Q16 Score: 0.50
2026-06-19 04:56:02   [17/45] Processing Query Q17...
2026-06-19 04:56:08     Query Q17 Score: 1.00
2026-06-19 04:56:08   [18/45] Processing Query Q18...
2026-06-19 04:56:13     Query Q18 Score: 1.00
2026-06-19 04:56:13   [19/45] Processing Query Q19...
2026-06-19 04:56:18     Query Q19 Score: 0.60
2026-06-19 04:56:18   [20/45] Processing Query Q20...
2026-06-19 04:56:23     Query Q20 Score: 0.95
2026-06-19 04:56:23   [21/45] Processing Query Q21...
2026-06-19 04:56:28     Query Q21 Score: 1.00
2026-06-19 04:56:28   [22/45] Processing Query Q22...
2026-06-19 04:56:33     Query Q22 Score: 1.00
2026-06-19 04:56:33   [23/45] Processing Query Q23...
2026-06-19 04:56:39     Query Q23 Score: 0.50
2026-06-19 04:56:39   [24/45] Processing Query Q24...
2026-06-19 04:56:43     Query Q24 Score: 1.00
2026-06-19 04:56:43   [25/45] Processing Query Q25...
2026-06-19 04:56:48     Query Q25 Score: 1.00
2026-06-19 04:56:48   [26/45] Processing Query Q26...
2026-06-19 04:56:52     Query Q26 Score: 1.00
2026-06-19 04:56:52   [27/45] Processing Query Q27...
2026-06-19 04:57:07     Query Q27 Score: 1.00
2026-06-19 04:57:07   [28/45] Processing Query Q28...
2026-06-19 04:57:12     Query Q28 Score: 1.00
2026-06-19 04:57:12   [29/45] Processing Query Q29...
2026-06-19 04:57:17     Query Q29 Score: 0.50
2026-06-19 04:57:17   [30/45] Processing Query Q30...
2026-06-19 04:57:23     Query Q30 Score: 1.00
2026-06-19 04:57:23   [31/45] Processing Query Q31...
2026-06-19 04:57:27     Query Q31 Score: 1.00
2026-06-19 04:57:27   [32/45] Processing Query Q32...
2026-06-19 04:57:33     Query Q32 Score: 0.95
2026-06-19 04:57:33   [33/45] Processing Query Q33...
2026-06-19 04:57:39     Query Q33 Score: 1.00
2026-06-19 04:57:39   [34/45] Processing Query Q34...
2026-06-19 04:57:44     Query Q34 Score: 1.00
2026-06-19 04:57:44   [35/45] Processing Query Q35...
2026-06-19 04:57:47     Query Q35 Score: 1.00
2026-06-19 04:57:47   [36/45] Processing Query Q36...
2026-06-19 04:57:53     Query Q36 Score: 1.00
2026-06-19 04:57:53   [37/45] Processing Query Q37...
2026-06-19 04:57:58     Query Q37 Score: 0.50
2026-06-19 04:57:58   [38/45] Processing Query Q38...
2026-06-19 04:58:02     Query Q38 Score: 0.85
2026-06-19 04:58:02   [39/45] Processing Query Q39...
2026-06-19 04:58:07     Query Q39 Score: 0.95
2026-06-19 04:58:07   [40/45] Processing Query Q40...
2026-06-19 04:58:11     Query Q40 Score: 1.00
2026-06-19 04:58:11   [41/45] Processing Query Q41...
2026-06-19 04:58:18     Query Q41 Score: 0.95
2026-06-19 04:58:18   [42/45] Processing Query Q42...
2026-06-19 04:58:22     Query Q42 Score: 1.00
2026-06-19 04:58:22   [43/45] Processing Query Q43...
2026-06-19 04:58:28     Query Q43 Score: 0.90
2026-06-19 04:58:28   [44/45] Processing Query Q48...
2026-06-19 04:58:34     Query Q48 Score: 0.40
2026-06-19 04:58:34   [45/45] Processing Query Q49...
2026-06-19 04:58:41     Query Q49 Score: 0.65
2026-06-19 04:58:41 Saved validation results to /home/virtualuser/model_evaluation/autoresearch/archive/run_20260618_134629/outputs/validation_results_iter148_20260619_045841.csv
2026-06-19 04:58:41 Validation run completed. Overall Mean Score: 0.8778
2026-06-19 04:58:41 Candidate Score: 0.8778 (Delta: -0.0689)
2026-06-19 04:58:41 >>> FAILURE: Score did not improve. Discarding changes.
2026-06-19 04:58:41 Iteration #148 logged successfully to experiments.json.
2026-06-19 04:58:41 
2026-06-19 04:58:41 =========================================
2026-06-19 04:58:41 STARTING ITERATION #149
2026-06-19 04:58:41 =========================================
2026-06-19 04:58:41 Current Champion Score: 0.9467
2026-06-19 04:58:41 Failing queries to fix: 13
2026-06-19 04:58:41 Calling Optimizer Agent to refine instructions...
2026-06-19 05:01:32 Starting validation run on 45 queries...
2026-06-19 05:01:32   [1/45] Processing Query Q01...
2026-06-19 05:01:37     Query Q01 Score: 1.00
2026-06-19 05:01:37   [2/45] Processing Query Q02...
2026-06-19 05:01:42     Query Q02 Score: 0.85
2026-06-19 05:01:42   [3/45] Processing Query Q03...
2026-06-19 05:01:47     Query Q03 Score: 1.00
2026-06-19 05:01:47   [4/45] Processing Query Q04...
2026-06-19 05:01:52     Query Q04 Score: 1.00
2026-06-19 05:01:52   [5/45] Processing Query Q05...
2026-06-19 05:01:58     Query Q05 Score: 0.50
2026-06-19 05:01:58   [6/45] Processing Query Q06...
2026-06-19 05:02:04     Query Q06 Score: 1.00
2026-06-19 05:02:04   [7/45] Processing Query Q07...
2026-06-19 05:02:09     Query Q07 Score: 1.00
2026-06-19 05:02:09   [8/45] Processing Query Q08...
2026-06-19 05:02:14     Query Q08 Score: 1.00
2026-06-19 05:02:14   [9/45] Processing Query Q09...
2026-06-19 05:02:24     Query Q09 Score: 0.50
2026-06-19 05:02:24   [10/45] Processing Query Q10...
2026-06-19 05:02:30     Query Q10 Score: 1.00
2026-06-19 05:02:30   [11/45] Processing Query Q11...
2026-06-19 05:02:37     Query Q11 Score: 0.50
2026-06-19 05:02:37   [12/45] Processing Query Q12...
2026-06-19 05:02:41     Query Q12 Score: 1.00
2026-06-19 05:02:41   [13/45] Processing Query Q13...
2026-06-19 05:02:47     Query Q13 Score: 0.40
2026-06-19 05:02:47   [14/45] Processing Query Q14...
2026-06-19 05:02:53     Query Q14 Score: 0.85
2026-06-19 05:02:53   [15/45] Processing Query Q15...
2026-06-19 05:02:59     Query Q15 Score: 1.00
2026-06-19 05:02:59   [16/45] Processing Query Q16...
2026-06-19 05:03:04     Query Q16 Score: 0.50
2026-06-19 05:03:04   [17/45] Processing Query Q17...
2026-06-19 05:03:09     Query Q17 Score: 0.50
2026-06-19 05:03:09   [18/45] Processing Query Q18...
2026-06-19 05:03:14     Query Q18 Score: 1.00
2026-06-19 05:03:14   [19/45] Processing Query Q19...
2026-06-19 05:03:19     Query Q19 Score: 0.40
2026-06-19 05:03:19   [20/45] Processing Query Q20...
2026-06-19 05:03:24     Query Q20 Score: 0.90
2026-06-19 05:03:24   [21/45] Processing Query Q21...
2026-06-19 05:03:29     Query Q21 Score: 1.00
2026-06-19 05:03:29   [22/45] Processing Query Q22...
2026-06-19 05:03:33     Query Q22 Score: 1.00
2026-06-19 05:03:33   [23/45] Processing Query Q23...
2026-06-19 05:03:39     Query Q23 Score: 0.85
2026-06-19 05:03:39   [24/45] Processing Query Q24...
2026-06-19 05:03:43     Query Q24 Score: 1.00
2026-06-19 05:03:43   [25/45] Processing Query Q25...
2026-06-19 05:03:48     Query Q25 Score: 1.00
2026-06-19 05:03:48   [26/45] Processing Query Q26...
2026-06-19 05:03:52     Query Q26 Score: 1.00
2026-06-19 05:03:52   [27/45] Processing Query Q27...
2026-06-19 05:03:57     Query Q27 Score: 1.00
2026-06-19 05:03:57   [28/45] Processing Query Q28...
2026-06-19 05:04:02     Query Q28 Score: 1.00
2026-06-19 05:04:02   [29/45] Processing Query Q29...
2026-06-19 05:04:06     Query Q29 Score: 0.60
2026-06-19 05:04:06   [30/45] Processing Query Q30...
2026-06-19 05:04:12     Query Q30 Score: 1.00
2026-06-19 05:04:12   [31/45] Processing Query Q31...
2026-06-19 05:04:17     Query Q31 Score: 1.00
2026-06-19 05:04:17   [32/45] Processing Query Q32...
2026-06-19 05:04:22     Query Q32 Score: 0.95
2026-06-19 05:04:22   [33/45] Processing Query Q33...
2026-06-19 05:04:28     Query Q33 Score: 1.00
2026-06-19 05:04:28   [34/45] Processing Query Q34...
2026-06-19 05:04:33     Query Q34 Score: 1.00
2026-06-19 05:04:33   [35/45] Processing Query Q35...
2026-06-19 05:04:37     Query Q35 Score: 1.00
2026-06-19 05:04:37   [36/45] Processing Query Q36...
2026-06-19 05:04:42     Query Q36 Score: 1.00
2026-06-19 05:04:42   [37/45] Processing Query Q37...
2026-06-19 05:04:47     Query Q37 Score: 0.60
2026-06-19 05:04:47   [38/45] Processing Query Q38...
2026-06-19 05:04:52     Query Q38 Score: 0.85
2026-06-19 05:04:52   [39/45] Processing Query Q39...
2026-06-19 05:04:56     Query Q39 Score: 0.95
2026-06-19 05:04:56   [40/45] Processing Query Q40...
2026-06-19 05:05:01     Query Q40 Score: 1.00
2026-06-19 05:05:01   [41/45] Processing Query Q41...
2026-06-19 05:05:06     Query Q41 Score: 0.90
2026-06-19 05:05:06   [42/45] Processing Query Q42...
2026-06-19 05:05:11     Query Q42 Score: 1.00
2026-06-19 05:05:11   [43/45] Processing Query Q43...
2026-06-19 05:05:16     Query Q43 Score: 1.00
2026-06-19 05:05:16   [44/45] Processing Query Q48...
2026-06-19 05:05:29     Query Q48 Score: 1.00
2026-06-19 05:05:29   [45/45] Processing Query Q49...
2026-06-19 05:05:40     Query Q49 Score: 1.00
2026-06-19 05:05:40 Saved validation results to /home/virtualuser/model_evaluation/autoresearch/archive/run_20260618_134629/outputs/validation_results_iter149_20260619_050540.csv
2026-06-19 05:05:40 Validation run completed. Overall Mean Score: 0.8800
2026-06-19 05:05:40 Candidate Score: 0.8800 (Delta: -0.0667)
2026-06-19 05:05:40 >>> FAILURE: Score did not improve. Discarding changes.
2026-06-19 05:05:40 Iteration #149 logged successfully to experiments.json.
2026-06-19 05:05:40 
2026-06-19 05:05:40 =========================================
2026-06-19 05:05:40 STARTING ITERATION #150
2026-06-19 05:05:40 =========================================
2026-06-19 05:05:40 Current Champion Score: 0.9467
2026-06-19 05:05:40 Failing queries to fix: 13
2026-06-19 05:05:40 Calling Optimizer Agent to refine instructions...
2026-06-19 05:08:24 Starting validation run on 45 queries...
2026-06-19 05:08:24   [1/45] Processing Query Q01...
2026-06-19 05:08:29     Query Q01 Score: 1.00
2026-06-19 05:08:29   [2/45] Processing Query Q02...
2026-06-19 05:08:35     Query Q02 Score: 1.00
2026-06-19 05:08:35   [3/45] Processing Query Q03...
2026-06-19 05:08:40     Query Q03 Score: 0.95
2026-06-19 05:08:40   [4/45] Processing Query Q04...
2026-06-19 05:08:45     Query Q04 Score: 1.00
2026-06-19 05:08:45   [5/45] Processing Query Q05...
2026-06-19 05:08:51     Query Q05 Score: 1.00
2026-06-19 05:08:51   [6/45] Processing Query Q06...
2026-06-19 05:08:57     Query Q06 Score: 1.00
2026-06-19 05:08:57   [7/45] Processing Query Q07...
2026-06-19 05:09:02     Query Q07 Score: 1.00
2026-06-19 05:09:02   [8/45] Processing Query Q08...
2026-06-19 05:09:07     Query Q08 Score: 1.00
2026-06-19 05:09:07   [9/45] Processing Query Q09...
2026-06-19 05:09:19     Query Q09 Score: 0.50
2026-06-19 05:09:19   [10/45] Processing Query Q10...
2026-06-19 05:09:25     Query Q10 Score: 1.00
2026-06-19 05:09:25   [11/45] Processing Query Q11...
2026-06-19 05:09:32     Query Q11 Score: 0.85
2026-06-19 05:09:32   [12/45] Processing Query Q12...
2026-06-19 05:09:37     Query Q12 Score: 1.00
2026-06-19 05:09:37   [13/45] Processing Query Q13...
2026-06-19 05:09:50     Query Q13 Score: 0.40
2026-06-19 05:09:50   [14/45] Processing Query Q14...
2026-06-19 05:09:56     Query Q14 Score: 0.60
2026-06-19 05:09:56   [15/45] Processing Query Q15...
2026-06-19 05:10:02     Query Q15 Score: 0.50
2026-06-19 05:10:02   [16/45] Processing Query Q16...
2026-06-19 05:10:07     Query Q16 Score: 0.50
2026-06-19 05:10:07   [17/45] Processing Query Q17...
2026-06-19 05:10:12     Query Q17 Score: 1.00
2026-06-19 05:10:12   [18/45] Processing Query Q18...
2026-06-19 05:10:17     Query Q18 Score: 1.00
2026-06-19 05:10:17   [19/45] Processing Query Q19...
2026-06-19 05:10:22     Query Q19 Score: 0.95
2026-06-19 05:10:22   [20/45] Processing Query Q20...
2026-06-19 05:10:27     Query Q20 Score: 0.95
2026-06-19 05:10:27   [21/45] Processing Query Q21...
2026-06-19 05:10:31     Query Q21 Score: 1.00
2026-06-19 05:10:31   [22/45] Processing Query Q22...
2026-06-19 05:10:36     Query Q22 Score: 1.00
2026-06-19 05:10:36   [23/45] Processing Query Q23...
2026-06-19 05:10:48     Query Q23 Score: 1.00
2026-06-19 05:10:48   [24/45] Processing Query Q24...
2026-06-19 05:11:01     Query Q24 Score: 1.00
2026-06-19 05:11:01   [25/45] Processing Query Q25...
2026-06-19 05:11:06     Query Q25 Score: 1.00
2026-06-19 05:11:06   [26/45] Processing Query Q26...
2026-06-19 05:11:10     Query Q26 Score: 1.00
2026-06-19 05:11:10   [27/45] Processing Query Q27...
2026-06-19 05:11:24     Query Q27 Score: 0.60
2026-06-19 05:11:24   [28/45] Processing Query Q28...
2026-06-19 05:11:28     Query Q28 Score: 1.00
2026-06-19 05:11:28   [29/45] Processing Query Q29...
2026-06-19 05:11:33     Query Q29 Score: 0.50
2026-06-19 05:11:33   [30/45] Processing Query Q30...
2026-06-19 05:11:39     Query Q30 Score: 1.00
2026-06-19 05:11:39   [31/45] Processing Query Q31...
2026-06-19 05:11:43     Query Q31 Score: 1.00
2026-06-19 05:11:43   [32/45] Processing Query Q32...
2026-06-19 05:11:49     Query Q32 Score: 0.95
2026-06-19 05:11:49   [33/45] Processing Query Q33...
2026-06-19 05:11:55     Query Q33 Score: 1.00
2026-06-19 05:11:55   [34/45] Processing Query Q34...
2026-06-19 05:12:00     Query Q34 Score: 1.00
2026-06-19 05:12:00   [35/45] Processing Query Q35...
2026-06-19 05:12:04     Query Q35 Score: 1.00
2026-06-19 05:12:04   [36/45] Processing Query Q36...
2026-06-19 05:12:11     Query Q36 Score: 1.00
2026-06-19 05:12:11   [37/45] Processing Query Q37...
2026-06-19 05:12:16     Query Q37 Score: 1.00
2026-06-19 05:12:16   [38/45] Processing Query Q38...
2026-06-19 05:12:21     Query Q38 Score: 0.85
2026-06-19 05:12:21   [39/45] Processing Query Q39...
2026-06-19 05:12:26     Query Q39 Score: 0.95
2026-06-19 05:12:26   [40/45] Processing Query Q40...
2026-06-19 05:12:30     Query Q40 Score: 1.00
2026-06-19 05:12:30   [41/45] Processing Query Q41...
2026-06-19 05:12:36     Query Q41 Score: 0.85
2026-06-19 05:12:36   [42/45] Processing Query Q42...
2026-06-19 05:12:41     Query Q42 Score: 1.00
2026-06-19 05:12:41   [43/45] Processing Query Q43...
2026-06-19 05:12:46     Query Q43 Score: 1.00
2026-06-19 05:12:46   [44/45] Processing Query Q48...
2026-06-19 05:12:53     Query Q48 Score: 0.40
2026-06-19 05:12:53   [45/45] Processing Query Q49...
2026-06-19 05:13:09     Query Q49 Score: 1.00
2026-06-19 05:13:09 Saved validation results to /home/virtualuser/model_evaluation/autoresearch/archive/run_20260618_134629/outputs/validation_results_iter150_20260619_051309.csv
2026-06-19 05:13:09 Validation run completed. Overall Mean Score: 0.8956
2026-06-19 05:13:09 Candidate Score: 0.8956 (Delta: -0.0511)
2026-06-19 05:13:09 >>> FAILURE: Score did not improve. Discarding changes.
2026-06-19 05:13:09 Iteration #150 logged successfully to experiments.json.
2026-06-19 05:13:09 
2026-06-19 05:13:09 =========================================
2026-06-19 05:13:09 STARTING ITERATION #151
2026-06-19 05:13:09 =========================================
2026-06-19 05:13:09 Current Champion Score: 0.9467
2026-06-19 05:13:09 Failing queries to fix: 13
2026-06-19 05:13:09 Calling Optimizer Agent to refine instructions...
2026-06-19 05:16:02 Starting validation run on 45 queries...
2026-06-19 05:16:02   [1/45] Processing Query Q01...
2026-06-19 05:16:08     Query Q01 Score: 1.00
2026-06-19 05:16:08   [2/45] Processing Query Q02...
2026-06-19 05:16:13     Query Q02 Score: 1.00
2026-06-19 05:16:13   [3/45] Processing Query Q03...
2026-06-19 05:16:18     Query Q03 Score: 0.95
2026-06-19 05:16:18   [4/45] Processing Query Q04...
2026-06-19 05:16:24     Query Q04 Score: 1.00
2026-06-19 05:16:24   [5/45] Processing Query Q05...
2026-06-19 05:16:29     Query Q05 Score: 0.40
2026-06-19 05:16:29   [6/45] Processing Query Q06...
2026-06-19 05:16:35     Query Q06 Score: 1.00
2026-06-19 05:16:35   [7/45] Processing Query Q07...
2026-06-19 05:16:40     Query Q07 Score: 1.00
2026-06-19 05:16:40   [8/45] Processing Query Q08...
2026-06-19 05:16:45     Query Q08 Score: 1.00
2026-06-19 05:16:45   [9/45] Processing Query Q09...
2026-06-19 05:16:55     Query Q09 Score: 0.40
2026-06-19 05:16:55   [10/45] Processing Query Q10...
2026-06-19 05:17:00     Query Q10 Score: 1.00
2026-06-19 05:17:00   [11/45] Processing Query Q11...
2026-06-19 05:17:10     Query Q11 Score: 0.30
2026-06-19 05:17:10   [12/45] Processing Query Q12...
2026-06-19 05:17:14     Query Q12 Score: 1.00
2026-06-19 05:17:14   [13/45] Processing Query Q13...
2026-06-19 05:17:22     Query Q13 Score: 0.40
2026-06-19 05:17:22   [14/45] Processing Query Q14...
2026-06-19 05:17:28     Query Q14 Score: 0.85
2026-06-19 05:17:28   [15/45] Processing Query Q15...
2026-06-19 05:17:34     Query Q15 Score: 0.40
2026-06-19 05:17:34   [16/45] Processing Query Q16...
2026-06-19 05:17:44     Query Q16 Score: 1.00
2026-06-19 05:17:44   [17/45] Processing Query Q17...
2026-06-19 05:17:49     Query Q17 Score: 1.00
2026-06-19 05:17:49   [18/45] Processing Query Q18...
2026-06-19 05:17:55     Query Q18 Score: 1.00
2026-06-19 05:17:55   [19/45] Processing Query Q19...
2026-06-19 05:17:59     Query Q19 Score: 0.95
2026-06-19 05:17:59   [20/45] Processing Query Q20...
2026-06-19 05:18:04     Query Q20 Score: 0.90
2026-06-19 05:18:04   [21/45] Processing Query Q21...
2026-06-19 05:18:09     Query Q21 Score: 1.00
2026-06-19 05:18:09   [22/45] Processing Query Q22...
2026-06-19 05:18:14     Query Q22 Score: 1.00
2026-06-19 05:18:14   [23/45] Processing Query Q23...
2026-06-19 05:18:39     Query Q23 Score: 0.50
2026-06-19 05:18:39   [24/45] Processing Query Q24...
2026-06-19 05:18:43     Query Q24 Score: 1.00
2026-06-19 05:18:43   [25/45] Processing Query Q25...
2026-06-19 05:18:49     Query Q25 Score: 1.00
2026-06-19 05:18:49   [26/45] Processing Query Q26...
2026-06-19 05:18:53     Query Q26 Score: 1.00
2026-06-19 05:18:53   [27/45] Processing Query Q27...
2026-06-19 05:18:58     Query Q27 Score: 1.00
2026-06-19 05:18:58   [28/45] Processing Query Q28...
2026-06-19 05:19:02     Query Q28 Score: 1.00
2026-06-19 05:19:02   [29/45] Processing Query Q29...
2026-06-19 05:19:07     Query Q29 Score: 0.50
2026-06-19 05:19:07   [30/45] Processing Query Q30...
2026-06-19 05:19:13     Query Q30 Score: 1.00
2026-06-19 05:19:13   [31/45] Processing Query Q31...
2026-06-19 05:19:17     Query Q31 Score: 1.00
2026-06-19 05:19:17   [32/45] Processing Query Q32...
2026-06-19 05:19:23     Query Q32 Score: 0.95
2026-06-19 05:19:23   [33/45] Processing Query Q33...
2026-06-19 05:19:29     Query Q33 Score: 1.00
2026-06-19 05:19:29   [34/45] Processing Query Q34...
2026-06-19 05:19:34     Query Q34 Score: 1.00
2026-06-19 05:19:34   [35/45] Processing Query Q35...
2026-06-19 05:19:38     Query Q35 Score: 1.00
2026-06-19 05:19:38   [36/45] Processing Query Q36...
2026-06-19 05:19:53     Query Q36 Score: 0.50
2026-06-19 05:19:53   [37/45] Processing Query Q37...
2026-06-19 05:19:58     Query Q37 Score: 0.60
2026-06-19 05:19:58   [38/45] Processing Query Q38...
2026-06-19 05:20:03     Query Q38 Score: 0.85
2026-06-19 05:20:03   [39/45] Processing Query Q39...
2026-06-19 05:20:07     Query Q39 Score: 0.95
2026-06-19 05:20:07   [40/45] Processing Query Q40...
2026-06-19 05:20:12     Query Q40 Score: 1.00
2026-06-19 05:20:12   [41/45] Processing Query Q41...
2026-06-19 05:20:18     Query Q41 Score: 0.85
2026-06-19 05:20:18   [42/45] Processing Query Q42...
2026-06-19 05:20:22     Query Q42 Score: 1.00
2026-06-19 05:20:22   [43/45] Processing Query Q43...
2026-06-19 05:20:27     Query Q43 Score: 1.00
2026-06-19 05:20:27   [44/45] Processing Query Q48...
2026-06-19 05:20:34     Query Q48 Score: 0.75
2026-06-19 05:20:34   [45/45] Processing Query Q49...
2026-06-19 05:20:41     Query Q49 Score: 0.85
2026-06-19 05:20:41 Saved validation results to /home/virtualuser/model_evaluation/autoresearch/archive/run_20260618_134629/outputs/validation_results_iter151_20260619_052041.csv
2026-06-19 05:20:41 Validation run completed. Overall Mean Score: 0.8633
2026-06-19 05:20:41 Candidate Score: 0.8633 (Delta: -0.0833)
2026-06-19 05:20:41 >>> FAILURE: Score did not improve. Discarding changes.
2026-06-19 05:20:41 Iteration #151 logged successfully to experiments.json.
2026-06-19 05:20:41 
2026-06-19 05:20:41 =========================================
2026-06-19 05:20:41 STARTING ITERATION #152
2026-06-19 05:20:41 =========================================
2026-06-19 05:20:41 Current Champion Score: 0.9467
2026-06-19 05:20:41 Failing queries to fix: 13
2026-06-19 05:20:41 Calling Optimizer Agent to refine instructions...
2026-06-19 05:23:18 Starting validation run on 45 queries...
2026-06-19 05:23:18   [1/45] Processing Query Q01...
2026-06-19 05:23:23     Query Q01 Score: 1.00
2026-06-19 05:23:23   [2/45] Processing Query Q02...
2026-06-19 05:23:29     Query Q02 Score: 1.00
2026-06-19 05:23:29   [3/45] Processing Query Q03...
2026-06-19 05:23:34     Query Q03 Score: 0.95
2026-06-19 05:23:34   [4/45] Processing Query Q04...
2026-06-19 05:23:40     Query Q04 Score: 1.00
2026-06-19 05:23:40   [5/45] Processing Query Q05...
2026-06-19 05:23:45     Query Q05 Score: 0.40
2026-06-19 05:23:45   [6/45] Processing Query Q06...
2026-06-19 05:23:51     Query Q06 Score: 1.00
2026-06-19 05:23:51   [7/45] Processing Query Q07...
2026-06-19 05:23:56     Query Q07 Score: 1.00
2026-06-19 05:23:56   [8/45] Processing Query Q08...
2026-06-19 05:24:00     Query Q08 Score: 1.00
2026-06-19 05:24:00   [9/45] Processing Query Q09...
2026-06-19 05:24:10     Query Q09 Score: 0.40
2026-06-19 05:24:10   [10/45] Processing Query Q10...
2026-06-19 05:24:15     Query Q10 Score: 1.00
2026-06-19 05:24:15   [11/45] Processing Query Q11...
2026-06-19 05:24:22     Query Q11 Score: 0.40
2026-06-19 05:24:22   [12/45] Processing Query Q12...
2026-06-19 05:24:27     Query Q12 Score: 1.00
2026-06-19 05:24:27   [13/45] Processing Query Q13...
2026-06-19 05:24:36     Query Q13 Score: 0.30
2026-06-19 05:24:36   [14/45] Processing Query Q14...
2026-06-19 05:24:42     Query Q14 Score: 0.75
2026-06-19 05:24:42   [15/45] Processing Query Q15...
2026-06-19 05:24:49     Query Q15 Score: 0.95
2026-06-19 05:24:49   [16/45] Processing Query Q16...
2026-06-19 05:24:54     Query Q16 Score: 0.75
2026-06-19 05:24:54   [17/45] Processing Query Q17...
2026-06-19 05:24:59     Query Q17 Score: 1.00
2026-06-19 05:24:59   [18/45] Processing Query Q18...
2026-06-19 05:25:04     Query Q18 Score: 1.00
2026-06-19 05:25:04   [19/45] Processing Query Q19...
2026-06-19 05:25:09     Query Q19 Score: 0.95
2026-06-19 05:25:09   [20/45] Processing Query Q20...
2026-06-19 05:25:14     Query Q20 Score: 0.90
2026-06-19 05:25:14   [21/45] Processing Query Q21...
2026-06-19 05:25:18     Query Q21 Score: 1.00
2026-06-19 05:25:18   [22/45] Processing Query Q22...
2026-06-19 05:25:23     Query Q22 Score: 1.00
2026-06-19 05:25:23   [23/45] Processing Query Q23...
2026-06-19 05:25:29     Query Q23 Score: 0.95
2026-06-19 05:25:29   [24/45] Processing Query Q24...
2026-06-19 05:25:33     Query Q24 Score: 1.00
2026-06-19 05:25:33   [25/45] Processing Query Q25...
2026-06-19 05:25:38     Query Q25 Score: 1.00
2026-06-19 05:25:38   [26/45] Processing Query Q26...
2026-06-19 05:25:43     Query Q26 Score: 1.00
2026-06-19 05:25:43   [27/45] Processing Query Q27...
2026-06-19 05:25:47     Query Q27 Score: 1.00
2026-06-19 05:25:47   [28/45] Processing Query Q28...
2026-06-19 05:25:52     Query Q28 Score: 1.00
2026-06-19 05:25:52   [29/45] Processing Query Q29...
2026-06-19 05:25:57     Query Q29 Score: 0.50
2026-06-19 05:25:57   [30/45] Processing Query Q30...
2026-06-19 05:26:02     Query Q30 Score: 1.00
2026-06-19 05:26:02   [31/45] Processing Query Q31...
2026-06-19 05:26:07     Query Q31 Score: 0.95
2026-06-19 05:26:07   [32/45] Processing Query Q32...
2026-06-19 05:26:12     Query Q32 Score: 0.95
2026-06-19 05:26:12   [33/45] Processing Query Q33...
2026-06-19 05:26:18     Query Q33 Score: 1.00
2026-06-19 05:26:18   [34/45] Processing Query Q34...
2026-06-19 05:26:23     Query Q34 Score: 1.00
2026-06-19 05:26:23   [35/45] Processing Query Q35...
2026-06-19 05:26:27     Query Q35 Score: 1.00
2026-06-19 05:26:27   [36/45] Processing Query Q36...
2026-06-19 05:26:32     Query Q36 Score: 1.00
2026-06-19 05:26:32   [37/45] Processing Query Q37...
2026-06-19 05:26:37     Query Q37 Score: 0.50
2026-06-19 05:26:37   [38/45] Processing Query Q38...
2026-06-19 05:26:43     Query Q38 Score: 1.00
2026-06-19 05:26:43   [39/45] Processing Query Q39...
2026-06-19 05:26:48     Query Q39 Score: 1.00
2026-06-19 05:26:48   [40/45] Processing Query Q40...
2026-06-19 05:26:52     Query Q40 Score: 1.00
2026-06-19 05:26:52   [41/45] Processing Query Q41...
2026-06-19 05:26:58     Query Q41 Score: 0.85
2026-06-19 05:26:58   [42/45] Processing Query Q42...
2026-06-19 05:27:03     Query Q42 Score: 1.00
2026-06-19 05:27:03   [43/45] Processing Query Q43...
2026-06-19 05:27:08     Query Q43 Score: 1.00
2026-06-19 05:27:08   [44/45] Processing Query Q48...
2026-06-19 05:27:14     Query Q48 Score: 0.85
2026-06-19 05:27:14   [45/45] Processing Query Q49...
2026-06-19 05:27:22     Query Q49 Score: 0.50
2026-06-19 05:27:22 Saved validation results to /home/virtualuser/model_evaluation/autoresearch/archive/run_20260618_134629/outputs/validation_results_iter152_20260619_052722.csv
2026-06-19 05:27:22 Validation run completed. Overall Mean Score: 0.8844
2026-06-19 05:27:22 Candidate Score: 0.8844 (Delta: -0.0622)
2026-06-19 05:27:22 >>> FAILURE: Score did not improve. Discarding changes.
2026-06-19 05:27:22 Iteration #152 logged successfully to experiments.json.
2026-06-19 05:27:22 
2026-06-19 05:27:22 =========================================
2026-06-19 05:27:22 STARTING ITERATION #153
2026-06-19 05:27:22 =========================================
2026-06-19 05:27:22 Current Champion Score: 0.9467
2026-06-19 05:27:22 Failing queries to fix: 13
2026-06-19 05:27:22 Calling Optimizer Agent to refine instructions...
2026-06-19 05:30:02 Starting validation run on 45 queries...
2026-06-19 05:30:02   [1/45] Processing Query Q01...
2026-06-19 05:30:07     Query Q01 Score: 1.00
2026-06-19 05:30:07   [2/45] Processing Query Q02...
2026-06-19 05:30:12     Query Q02 Score: 1.00
2026-06-19 05:30:12   [3/45] Processing Query Q03...
2026-06-19 05:30:18     Query Q03 Score: 0.90
2026-06-19 05:30:18   [4/45] Processing Query Q04...
2026-06-19 05:30:23     Query Q04 Score: 1.00
2026-06-19 05:30:23   [5/45] Processing Query Q05...
2026-06-19 05:30:29     Query Q05 Score: 0.30
2026-06-19 05:30:29   [6/45] Processing Query Q06...
2026-06-19 05:30:34     Query Q06 Score: 1.00
2026-06-19 05:30:34   [7/45] Processing Query Q07...
2026-06-19 05:30:39     Query Q07 Score: 1.00
2026-06-19 05:30:39   [8/45] Processing Query Q08...
2026-06-19 05:30:44     Query Q08 Score: 1.00
2026-06-19 05:30:44   [9/45] Processing Query Q09...
2026-06-19 05:31:01     Query Q09 Score: 0.30
2026-06-19 05:31:01   [10/45] Processing Query Q10...
2026-06-19 05:31:07     Query Q10 Score: 1.00
2026-06-19 05:31:07   [11/45] Processing Query Q11...
2026-06-19 05:31:14     Query Q11 Score: 0.75
2026-06-19 05:31:14   [12/45] Processing Query Q12...
2026-06-19 05:31:19     Query Q12 Score: 1.00
2026-06-19 05:31:19   [13/45] Processing Query Q13...
2026-06-19 05:31:28     Query Q13 Score: 0.30
2026-06-19 05:31:28   [14/45] Processing Query Q14...
2026-06-19 05:31:35     Query Q14 Score: 0.40
2026-06-19 05:31:35   [15/45] Processing Query Q15...
2026-06-19 05:31:41     Query Q15 Score: 1.00
2026-06-19 05:31:41   [16/45] Processing Query Q16...
2026-06-19 05:31:46     Query Q16 Score: 0.75
2026-06-19 05:31:46   [17/45] Processing Query Q17...
2026-06-19 05:31:51     Query Q17 Score: 1.00
2026-06-19 05:31:51   [18/45] Processing Query Q18...
2026-06-19 05:31:56     Query Q18 Score: 1.00
2026-06-19 05:31:56   [19/45] Processing Query Q19...
2026-06-19 05:32:02     Query Q19 Score: 0.60
2026-06-19 05:32:02   [20/45] Processing Query Q20...
2026-06-19 05:32:06     Query Q20 Score: 1.00
2026-06-19 05:32:06   [21/45] Processing Query Q21...
2026-06-19 05:32:11     Query Q21 Score: 1.00
2026-06-19 05:32:11   [22/45] Processing Query Q22...
2026-06-19 05:32:16     Query Q22 Score: 1.00
2026-06-19 05:32:16   [23/45] Processing Query Q23...
2026-06-19 05:32:22     Query Q23 Score: 0.50
2026-06-19 05:32:22   [24/45] Processing Query Q24...
2026-06-19 05:32:26     Query Q24 Score: 1.00
2026-06-19 05:32:26   [25/45] Processing Query Q25...
2026-06-19 05:32:31     Query Q25 Score: 1.00
2026-06-19 05:32:31   [26/45] Processing Query Q26...
2026-06-19 05:32:36     Query Q26 Score: 1.00
2026-06-19 05:32:36   [27/45] Processing Query Q27...
2026-06-19 05:32:43     Query Q27 Score: 1.00
2026-06-19 05:32:43   [28/45] Processing Query Q28...
2026-06-19 05:32:47     Query Q28 Score: 1.00
2026-06-19 05:32:47   [29/45] Processing Query Q29...
2026-06-19 05:32:54     Query Q29 Score: 0.85
2026-06-19 05:32:54   [30/45] Processing Query Q30...
2026-06-19 05:32:59     Query Q30 Score: 1.00
2026-06-19 05:32:59   [31/45] Processing Query Q31...
2026-06-19 05:33:03     Query Q31 Score: 1.00
2026-06-19 05:33:03   [32/45] Processing Query Q32...
2026-06-19 05:33:12     Query Q32 Score: 0.95
2026-06-19 05:33:12   [33/45] Processing Query Q33...
2026-06-19 05:33:18     Query Q33 Score: 1.00
2026-06-19 05:33:18   [34/45] Processing Query Q34...
2026-06-19 05:33:23     Query Q34 Score: 1.00
2026-06-19 05:33:23   [35/45] Processing Query Q35...
2026-06-19 05:33:27     Query Q35 Score: 0.95
2026-06-19 05:33:27   [36/45] Processing Query Q36...
2026-06-19 05:33:35     Query Q36 Score: 1.00
2026-06-19 05:33:35   [37/45] Processing Query Q37...
2026-06-19 05:33:40     Query Q37 Score: 0.50
2026-06-19 05:33:40   [38/45] Processing Query Q38...
2026-06-19 05:33:46     Query Q38 Score: 1.00
2026-06-19 05:33:46   [39/45] Processing Query Q39...
2026-06-19 05:33:51     Query Q39 Score: 1.00
2026-06-19 05:33:51   [40/45] Processing Query Q40...
2026-06-19 05:33:56     Query Q40 Score: 1.00
2026-06-19 05:33:56   [41/45] Processing Query Q41...
2026-06-19 05:34:01     Query Q41 Score: 0.40
2026-06-19 05:34:01   [42/45] Processing Query Q42...
2026-06-19 05:34:06     Query Q42 Score: 1.00
2026-06-19 05:34:06   [43/45] Processing Query Q43...
2026-06-19 05:34:11     Query Q43 Score: 1.00
2026-06-19 05:34:11   [44/45] Processing Query Q48...
2026-06-19 05:34:26     Query Q48 Score: 1.00
2026-06-19 05:34:26   [45/45] Processing Query Q49...
2026-06-19 05:34:33     Query Q49 Score: 0.85
2026-06-19 05:34:33 Saved validation results to /home/virtualuser/model_evaluation/autoresearch/archive/run_20260618_134629/outputs/validation_results_iter153_20260619_053433.csv
2026-06-19 05:34:33 Validation run completed. Overall Mean Score: 0.8733
2026-06-19 05:34:33 Candidate Score: 0.8733 (Delta: -0.0733)
2026-06-19 05:34:33 >>> FAILURE: Score did not improve. Discarding changes.
2026-06-19 05:34:33 Iteration #153 logged successfully to experiments.json.
2026-06-19 05:34:33 
2026-06-19 05:34:33 =========================================
2026-06-19 05:34:33 STARTING ITERATION #154
2026-06-19 05:34:33 =========================================
2026-06-19 05:34:33 Current Champion Score: 0.9467
2026-06-19 05:34:33 Failing queries to fix: 13
2026-06-19 05:34:33 Calling Optimizer Agent to refine instructions...
2026-06-19 05:37:20 Starting validation run on 45 queries...
2026-06-19 05:37:20   [1/45] Processing Query Q01...
2026-06-19 05:37:25     Query Q01 Score: 1.00
2026-06-19 05:37:25   [2/45] Processing Query Q02...
2026-06-19 05:37:30     Query Q02 Score: 1.00
2026-06-19 05:37:30   [3/45] Processing Query Q03...
2026-06-19 05:37:35     Query Q03 Score: 0.95
2026-06-19 05:37:35   [4/45] Processing Query Q04...
2026-06-19 05:37:41     Query Q04 Score: 1.00
2026-06-19 05:37:41   [5/45] Processing Query Q05...
2026-06-19 05:37:47     Query Q05 Score: 1.00
2026-06-19 05:37:47   [6/45] Processing Query Q06...
2026-06-19 05:37:52     Query Q06 Score: 1.00
2026-06-19 05:37:52   [7/45] Processing Query Q07...
2026-06-19 05:37:58     Query Q07 Score: 1.00
2026-06-19 05:37:58   [8/45] Processing Query Q08...
2026-06-19 05:38:03     Query Q08 Score: 1.00
2026-06-19 05:38:03   [9/45] Processing Query Q09...
2026-06-19 05:38:12     Query Q09 Score: 0.40
2026-06-19 05:38:12   [10/45] Processing Query Q10...
2026-06-19 05:38:17     Query Q10 Score: 1.00
2026-06-19 05:38:17   [11/45] Processing Query Q11...
2026-06-19 05:38:25     Query Q11 Score: 0.85
2026-06-19 05:38:25   [12/45] Processing Query Q12...
2026-06-19 05:38:29     Query Q12 Score: 1.00
2026-06-19 05:38:29   [13/45] Processing Query Q13...
2026-06-19 05:38:35     Query Q13 Score: 0.40
2026-06-19 05:38:35   [14/45] Processing Query Q14...
2026-06-19 05:38:41     Query Q14 Score: 0.75
2026-06-19 05:38:41   [15/45] Processing Query Q15...
2026-06-19 05:38:47     Query Q15 Score: 1.00
2026-06-19 05:38:47   [16/45] Processing Query Q16...
2026-06-19 05:38:56     Query Q16 Score: 1.00
2026-06-19 05:38:56   [17/45] Processing Query Q17...
2026-06-19 05:39:01     Query Q17 Score: 1.00
2026-06-19 05:39:01   [18/45] Processing Query Q18...
2026-06-19 05:39:06     Query Q18 Score: 1.00
2026-06-19 05:39:06   [19/45] Processing Query Q19...
2026-06-19 05:39:10     Query Q19 Score: 0.95
2026-06-19 05:39:10   [20/45] Processing Query Q20...
2026-06-19 05:39:15     Query Q20 Score: 0.90
2026-06-19 05:39:15   [21/45] Processing Query Q21...
2026-06-19 05:39:20     Query Q21 Score: 1.00
2026-06-19 05:39:20   [22/45] Processing Query Q22...
2026-06-19 05:39:25     Query Q22 Score: 1.00
2026-06-19 05:39:25   [23/45] Processing Query Q23...
2026-06-19 05:39:31     Query Q23 Score: 1.00
2026-06-19 05:39:31   [24/45] Processing Query Q24...
2026-06-19 05:39:35     Query Q24 Score: 1.00
2026-06-19 05:39:35   [25/45] Processing Query Q25...
2026-06-19 05:39:40     Query Q25 Score: 1.00
2026-06-19 05:39:40   [26/45] Processing Query Q26...
2026-06-19 05:39:44     Query Q26 Score: 1.00
2026-06-19 05:39:44   [27/45] Processing Query Q27...
2026-06-19 05:39:48     Query Q27 Score: 1.00
2026-06-19 05:39:48   [28/45] Processing Query Q28...
2026-06-19 05:39:53     Query Q28 Score: 1.00
2026-06-19 05:39:53   [29/45] Processing Query Q29...
2026-06-19 05:39:58     Query Q29 Score: 0.50
2026-06-19 05:39:58   [30/45] Processing Query Q30...
2026-06-19 05:40:03     Query Q30 Score: 1.00
2026-06-19 05:40:03   [31/45] Processing Query Q31...
2026-06-19 05:40:07     Query Q31 Score: 0.60
2026-06-19 05:40:07   [32/45] Processing Query Q32...
2026-06-19 05:40:13     Query Q32 Score: 0.95
2026-06-19 05:40:13   [33/45] Processing Query Q33...
2026-06-19 05:40:19     Query Q33 Score: 1.00
2026-06-19 05:40:19   [34/45] Processing Query Q34...
2026-06-19 05:40:23     Query Q34 Score: 1.00
2026-06-19 05:40:23   [35/45] Processing Query Q35...
2026-06-19 05:40:27     Query Q35 Score: 1.00
2026-06-19 05:40:27   [36/45] Processing Query Q36...
2026-06-19 05:40:41     Query Q36 Score: 0.50
2026-06-19 05:40:41   [37/45] Processing Query Q37...
2026-06-19 05:40:47     Query Q37 Score: 0.60
2026-06-19 05:40:47   [38/45] Processing Query Q38...
2026-06-19 05:40:52     Query Q38 Score: 0.85
2026-06-19 05:40:52   [39/45] Processing Query Q39...
2026-06-19 05:40:56     Query Q39 Score: 1.00
2026-06-19 05:40:56   [40/45] Processing Query Q40...
2026-06-19 05:41:01     Query Q40 Score: 1.00
2026-06-19 05:41:01   [41/45] Processing Query Q41...
2026-06-19 05:41:07     Query Q41 Score: 0.90
2026-06-19 05:41:07   [42/45] Processing Query Q42...
2026-06-19 05:41:11     Query Q42 Score: 1.00
2026-06-19 05:41:11   [43/45] Processing Query Q43...
2026-06-19 05:41:16     Query Q43 Score: 1.00
2026-06-19 05:41:16   [44/45] Processing Query Q48...
2026-06-19 05:41:31     Query Q48 Score: 1.00
2026-06-19 05:41:31   [45/45] Processing Query Q49...
2026-06-19 05:41:43     Query Q49 Score: 1.00
2026-06-19 05:41:43 Saved validation results to /home/virtualuser/model_evaluation/autoresearch/archive/run_20260618_134629/outputs/validation_results_iter154_20260619_054143.csv
2026-06-19 05:41:43 Validation run completed. Overall Mean Score: 0.9133
2026-06-19 05:41:43 Candidate Score: 0.9133 (Delta: -0.0333)
2026-06-19 05:41:43 >>> FAILURE: Score did not improve. Discarding changes.
2026-06-19 05:41:44 Iteration #154 logged successfully to experiments.json.
2026-06-19 05:41:44 
2026-06-19 05:41:44 =========================================
2026-06-19 05:41:44 STARTING ITERATION #155
2026-06-19 05:41:44 =========================================
2026-06-19 05:41:44 Current Champion Score: 0.9467
2026-06-19 05:41:44 Failing queries to fix: 13
2026-06-19 05:41:44 Calling Optimizer Agent to refine instructions...
2026-06-19 05:44:14 Starting validation run on 45 queries...
2026-06-19 05:44:14   [1/45] Processing Query Q01...
2026-06-19 05:44:19     Query Q01 Score: 1.00
2026-06-19 05:44:19   [2/45] Processing Query Q02...
2026-06-19 05:44:25     Query Q02 Score: 0.85
2026-06-19 05:44:25   [3/45] Processing Query Q03...
2026-06-19 05:44:30     Query Q03 Score: 0.95
2026-06-19 05:44:30   [4/45] Processing Query Q04...
2026-06-19 05:44:35     Query Q04 Score: 1.00
2026-06-19 05:44:35   [5/45] Processing Query Q05...
2026-06-19 05:44:41     Query Q05 Score: 1.00
2026-06-19 05:44:41   [6/45] Processing Query Q06...
2026-06-19 05:44:47     Query Q06 Score: 1.00
2026-06-19 05:44:47   [7/45] Processing Query Q07...
2026-06-19 05:44:51     Query Q07 Score: 1.00
2026-06-19 05:44:51   [8/45] Processing Query Q08...
2026-06-19 05:44:56     Query Q08 Score: 1.00
2026-06-19 05:44:56   [9/45] Processing Query Q09...
2026-06-19 05:45:09     Query Q09 Score: 0.50
2026-06-19 05:45:09   [10/45] Processing Query Q10...
2026-06-19 05:45:14     Query Q10 Score: 1.00
2026-06-19 05:45:14   [11/45] Processing Query Q11...
2026-06-19 05:45:25     Query Q11 Score: 0.85
2026-06-19 05:45:25   [12/45] Processing Query Q12...
2026-06-19 05:45:29     Query Q12 Score: 1.00
2026-06-19 05:45:29   [13/45] Processing Query Q13...
2026-06-19 05:45:39     Query Q13 Score: 0.30
2026-06-19 05:45:39   [14/45] Processing Query Q14...
2026-06-19 05:45:46     Query Q14 Score: 0.50
2026-06-19 05:45:46   [15/45] Processing Query Q15...
2026-06-19 05:45:52     Query Q15 Score: 1.00
2026-06-19 05:45:52   [16/45] Processing Query Q16...
2026-06-19 05:45:57     Query Q16 Score: 0.50
2026-06-19 05:45:57   [17/45] Processing Query Q17...
2026-06-19 05:46:02     Query Q17 Score: 1.00
2026-06-19 05:46:02   [18/45] Processing Query Q18...
2026-06-19 05:46:07     Query Q18 Score: 1.00
2026-06-19 05:46:07   [19/45] Processing Query Q19...
2026-06-19 05:46:12     Query Q19 Score: 0.95
2026-06-19 05:46:12   [20/45] Processing Query Q20...
2026-06-19 05:46:17     Query Q20 Score: 0.90
2026-06-19 05:46:17   [21/45] Processing Query Q21...
2026-06-19 05:46:22     Query Q21 Score: 1.00
2026-06-19 05:46:22   [22/45] Processing Query Q22...
2026-06-19 05:46:26     Query Q22 Score: 1.00
2026-06-19 05:46:26   [23/45] Processing Query Q23...
2026-06-19 05:46:32     Query Q23 Score: 0.95
2026-06-19 05:46:32   [24/45] Processing Query Q24...
2026-06-19 05:46:45     Query Q24 Score: 0.90
2026-06-19 05:46:45   [25/45] Processing Query Q25...
2026-06-19 05:46:49     Query Q25 Score: 1.00
2026-06-19 05:46:49   [26/45] Processing Query Q26...
2026-06-19 05:46:53     Query Q26 Score: 1.00
2026-06-19 05:46:53   [27/45] Processing Query Q27...
2026-06-19 05:46:58     Query Q27 Score: 1.00
2026-06-19 05:46:58   [28/45] Processing Query Q28...
2026-06-19 05:47:02     Query Q28 Score: 1.00
2026-06-19 05:47:02   [29/45] Processing Query Q29...
2026-06-19 05:47:08     Query Q29 Score: 1.00
2026-06-19 05:47:08   [30/45] Processing Query Q30...
2026-06-19 05:47:14     Query Q30 Score: 1.00
2026-06-19 05:47:14   [31/45] Processing Query Q31...
2026-06-19 05:47:18     Query Q31 Score: 0.75
2026-06-19 05:47:18   [32/45] Processing Query Q32...
2026-06-19 05:47:26     Query Q32 Score: 0.95
2026-06-19 05:47:26   [33/45] Processing Query Q33...
2026-06-19 05:47:33     Query Q33 Score: 0.90
2026-06-19 05:47:33   [34/45] Processing Query Q34...
2026-06-19 05:47:38     Query Q34 Score: 1.00
2026-06-19 05:47:38   [35/45] Processing Query Q35...
2026-06-19 05:47:41     Query Q35 Score: 1.00
2026-06-19 05:47:41   [36/45] Processing Query Q36...
2026-06-19 05:47:49     Query Q36 Score: 1.00
2026-06-19 05:47:49   [37/45] Processing Query Q37...
2026-06-19 05:47:54     Query Q37 Score: 0.50
2026-06-19 05:47:54   [38/45] Processing Query Q38...
2026-06-19 05:47:59     Query Q38 Score: 0.85
2026-06-19 05:47:59   [39/45] Processing Query Q39...
2026-06-19 05:48:04     Query Q39 Score: 0.95
2026-06-19 05:48:04   [40/45] Processing Query Q40...
2026-06-19 05:48:08     Query Q40 Score: 1.00
2026-06-19 05:48:08   [41/45] Processing Query Q41...
2026-06-19 05:48:14     Query Q41 Score: 0.90
2026-06-19 05:48:14   [42/45] Processing Query Q42...
2026-06-19 05:48:19     Query Q42 Score: 1.00
2026-06-19 05:48:19   [43/45] Processing Query Q43...
2026-06-19 05:48:24     Query Q43 Score: 1.00
2026-06-19 05:48:24   [44/45] Processing Query Q48...
2026-06-19 05:48:30     Query Q48 Score: 0.85
2026-06-19 05:48:30   [45/45] Processing Query Q49...
2026-06-19 05:48:37     Query Q49 Score: 0.40
2026-06-19 05:48:37 Saved validation results to /home/virtualuser/model_evaluation/autoresearch/archive/run_20260618_134629/outputs/validation_results_iter155_20260619_054837.csv
2026-06-19 05:48:37 Validation run completed. Overall Mean Score: 0.8933
2026-06-19 05:48:37 Candidate Score: 0.8933 (Delta: -0.0533)
2026-06-19 05:48:37 >>> FAILURE: Score did not improve. Discarding changes.
2026-06-19 05:48:37 Iteration #155 logged successfully to experiments.json.
2026-06-19 05:48:37 
2026-06-19 05:48:37 =========================================
2026-06-19 05:48:37 STARTING ITERATION #156
2026-06-19 05:48:37 =========================================
2026-06-19 05:48:37 Current Champion Score: 0.9467
2026-06-19 05:48:37 Failing queries to fix: 13
2026-06-19 05:48:37 Calling Optimizer Agent to refine instructions...
2026-06-19 05:51:09 Starting validation run on 45 queries...
2026-06-19 05:51:09   [1/45] Processing Query Q01...
2026-06-19 05:51:14     Query Q01 Score: 1.00
2026-06-19 05:51:14   [2/45] Processing Query Q02...
2026-06-19 05:51:19     Query Q02 Score: 1.00
2026-06-19 05:51:19   [3/45] Processing Query Q03...
2026-06-19 05:51:24     Query Q03 Score: 0.90
2026-06-19 05:51:24   [4/45] Processing Query Q04...
2026-06-19 05:51:30     Query Q04 Score: 1.00
2026-06-19 05:51:30   [5/45] Processing Query Q05...
2026-06-19 05:51:35     Query Q05 Score: 0.60
2026-06-19 05:51:35   [6/45] Processing Query Q06...
2026-06-19 05:51:41     Query Q06 Score: 1.00
2026-06-19 05:51:41   [7/45] Processing Query Q07...
2026-06-19 05:51:46     Query Q07 Score: 1.00
2026-06-19 05:51:46   [8/45] Processing Query Q08...
2026-06-19 05:51:50     Query Q08 Score: 1.00
2026-06-19 05:51:50   [9/45] Processing Query Q09...
2026-06-19 05:52:02     Query Q09 Score: 0.50
2026-06-19 05:52:02   [10/45] Processing Query Q10...
2026-06-19 05:52:07     Query Q10 Score: 1.00
2026-06-19 05:52:07   [11/45] Processing Query Q11...
2026-06-19 05:52:15     Query Q11 Score: 0.40
2026-06-19 05:52:15   [12/45] Processing Query Q12...
2026-06-19 05:52:20     Query Q12 Score: 1.00
2026-06-19 05:52:20   [13/45] Processing Query Q13...
2026-06-19 05:52:26     Query Q13 Score: 0.40
2026-06-19 05:52:26   [14/45] Processing Query Q14...
2026-06-19 05:52:33     Query Q14 Score: 0.50
2026-06-19 05:52:33   [15/45] Processing Query Q15...
2026-06-19 05:52:39     Query Q15 Score: 1.00
2026-06-19 05:52:39   [16/45] Processing Query Q16...
2026-06-19 05:52:45     Query Q16 Score: 0.50
2026-06-19 05:52:45   [17/45] Processing Query Q17...
2026-06-19 05:52:50     Query Q17 Score: 1.00
2026-06-19 05:52:50   [18/45] Processing Query Q18...
2026-06-19 05:52:54     Query Q18 Score: 1.00
2026-06-19 05:52:54   [19/45] Processing Query Q19...
2026-06-19 05:53:00     Query Q19 Score: 0.75
2026-06-19 05:53:00   [20/45] Processing Query Q20...
2026-06-19 05:53:05     Query Q20 Score: 0.90
2026-06-19 05:53:05   [21/45] Processing Query Q21...
2026-06-19 05:53:10     Query Q21 Score: 1.00
2026-06-19 05:53:10   [22/45] Processing Query Q22...
2026-06-19 05:53:14     Query Q22 Score: 1.00
2026-06-19 05:53:14   [23/45] Processing Query Q23...
2026-06-19 05:53:20     Query Q23 Score: 0.50
2026-06-19 05:53:20   [24/45] Processing Query Q24...
2026-06-19 05:53:27     Query Q24 Score: 0.90
2026-06-19 05:53:27   [25/45] Processing Query Q25...
2026-06-19 05:53:32     Query Q25 Score: 1.00
2026-06-19 05:53:32   [26/45] Processing Query Q26...
2026-06-19 05:53:36     Query Q26 Score: 1.00
2026-06-19 05:53:36   [27/45] Processing Query Q27...
2026-06-19 05:53:41     Query Q27 Score: 1.00
2026-06-19 05:53:41   [28/45] Processing Query Q28...
2026-06-19 05:53:45     Query Q28 Score: 1.00
2026-06-19 05:53:45   [29/45] Processing Query Q29...
2026-06-19 05:53:51     Query Q29 Score: 0.50
2026-06-19 05:53:51   [30/45] Processing Query Q30...
2026-06-19 05:53:56     Query Q30 Score: 1.00
2026-06-19 05:53:56   [31/45] Processing Query Q31...
2026-06-19 05:54:00     Query Q31 Score: 0.50
2026-06-19 05:54:00   [32/45] Processing Query Q32...
2026-06-19 05:54:06     Query Q32 Score: 0.95
2026-06-19 05:54:06   [33/45] Processing Query Q33...
2026-06-19 05:54:12     Query Q33 Score: 1.00
2026-06-19 05:54:12   [34/45] Processing Query Q34...
2026-06-19 05:54:17     Query Q34 Score: 1.00
2026-06-19 05:54:17   [35/45] Processing Query Q35...
2026-06-19 05:54:21     Query Q35 Score: 1.00
2026-06-19 05:54:21   [36/45] Processing Query Q36...
2026-06-19 05:54:31     Query Q36 Score: 1.00
2026-06-19 05:54:31   [37/45] Processing Query Q37...
2026-06-19 05:54:36     Query Q37 Score: 0.50
2026-06-19 05:54:36   [38/45] Processing Query Q38...
2026-06-19 05:54:42     Query Q38 Score: 1.00
2026-06-19 05:54:42   [39/45] Processing Query Q39...
2026-06-19 05:54:47     Query Q39 Score: 1.00
2026-06-19 05:54:47   [40/45] Processing Query Q40...
2026-06-19 05:54:52     Query Q40 Score: 1.00
2026-06-19 05:54:52   [41/45] Processing Query Q41...
2026-06-19 05:54:57     Query Q41 Score: 0.90
2026-06-19 05:54:57   [42/45] Processing Query Q42...
2026-06-19 05:55:02     Query Q42 Score: 1.00
2026-06-19 05:55:02   [43/45] Processing Query Q43...
2026-06-19 05:55:07     Query Q43 Score: 1.00
2026-06-19 05:55:07   [44/45] Processing Query Q48...
2026-06-19 05:55:17     Query Q48 Score: 1.00
2026-06-19 05:55:17   [45/45] Processing Query Q49...
2026-06-19 05:55:24     Query Q49 Score: 0.60
2026-06-19 05:55:24 Saved validation results to /home/virtualuser/model_evaluation/autoresearch/archive/run_20260618_134629/outputs/validation_results_iter156_20260619_055524.csv
2026-06-19 05:55:24 Validation run completed. Overall Mean Score: 0.8622
2026-06-19 05:55:24 Candidate Score: 0.8622 (Delta: -0.0844)
2026-06-19 05:55:24 >>> FAILURE: Score did not improve. Discarding changes.
2026-06-19 05:55:24 Iteration #156 logged successfully to experiments.json.
2026-06-19 05:55:24 
2026-06-19 05:55:24 =========================================
2026-06-19 05:55:24 STARTING ITERATION #157
2026-06-19 05:55:24 =========================================
2026-06-19 05:55:24 Current Champion Score: 0.9467
2026-06-19 05:55:24 Failing queries to fix: 13
2026-06-19 05:55:24 Calling Optimizer Agent to refine instructions...
2026-06-19 05:57:48 Starting validation run on 45 queries...
2026-06-19 05:57:48   [1/45] Processing Query Q01...
2026-06-19 05:57:54     Query Q01 Score: 1.00
2026-06-19 05:57:54   [2/45] Processing Query Q02...
2026-06-19 05:57:59     Query Q02 Score: 1.00
2026-06-19 05:57:59   [3/45] Processing Query Q03...
2026-06-19 05:58:04     Query Q03 Score: 0.90
2026-06-19 05:58:04   [4/45] Processing Query Q04...
2026-06-19 05:58:10     Query Q04 Score: 0.75
2026-06-19 05:58:10   [5/45] Processing Query Q05...
2026-06-19 05:58:15     Query Q05 Score: 0.60
2026-06-19 05:58:15   [6/45] Processing Query Q06...
2026-06-19 05:58:21     Query Q06 Score: 1.00
2026-06-19 05:58:21   [7/45] Processing Query Q07...
2026-06-19 05:58:26     Query Q07 Score: 1.00
2026-06-19 05:58:26   [8/45] Processing Query Q08...
2026-06-19 05:58:31     Query Q08 Score: 1.00
2026-06-19 05:58:31   [9/45] Processing Query Q09...
2026-06-19 05:58:48     Query Q09 Score: 0.30
2026-06-19 05:58:48   [10/45] Processing Query Q10...
2026-06-19 05:58:54     Query Q10 Score: 1.00
2026-06-19 05:58:54   [11/45] Processing Query Q11...
2026-06-19 05:59:03     Query Q11 Score: 0.40
2026-06-19 05:59:03   [12/45] Processing Query Q12...
2026-06-19 05:59:08     Query Q12 Score: 1.00
2026-06-19 05:59:08   [13/45] Processing Query Q13...
2026-06-19 05:59:16     Query Q13 Score: 0.20
2026-06-19 05:59:16   [14/45] Processing Query Q14...
2026-06-19 05:59:23     Query Q14 Score: 0.40
2026-06-19 05:59:23   [15/45] Processing Query Q15...
2026-06-19 05:59:29     Query Q15 Score: 1.00
2026-06-19 05:59:29   [16/45] Processing Query Q16...
2026-06-19 05:59:35     Query Q16 Score: 0.50
2026-06-19 05:59:35   [17/45] Processing Query Q17...
2026-06-19 05:59:40     Query Q17 Score: 1.00
2026-06-19 05:59:40   [18/45] Processing Query Q18...
2026-06-19 05:59:44     Query Q18 Score: 1.00
2026-06-19 05:59:44   [19/45] Processing Query Q19...
2026-06-19 05:59:50     Query Q19 Score: 0.50
2026-06-19 05:59:50   [20/45] Processing Query Q20...
2026-06-19 05:59:55     Query Q20 Score: 0.90
2026-06-19 05:59:55   [21/45] Processing Query Q21...
2026-06-19 06:00:00     Query Q21 Score: 1.00
2026-06-19 06:00:00   [22/45] Processing Query Q22...
2026-06-19 06:00:04     Query Q22 Score: 1.00
2026-06-19 06:00:04   [23/45] Processing Query Q23...
2026-06-19 06:00:10     Query Q23 Score: 0.85
2026-06-19 06:00:10   [24/45] Processing Query Q24...
2026-06-19 06:00:14     Query Q24 Score: 1.00
2026-06-19 06:00:14   [25/45] Processing Query Q25...
2026-06-19 06:00:19     Query Q25 Score: 1.00
2026-06-19 06:00:19   [26/45] Processing Query Q26...
2026-06-19 06:00:24     Query Q26 Score: 1.00
2026-06-19 06:00:24   [27/45] Processing Query Q27...
2026-06-19 06:00:28     Query Q27 Score: 1.00
2026-06-19 06:00:28   [28/45] Processing Query Q28...
2026-06-19 06:00:32     Query Q28 Score: 1.00
2026-06-19 06:00:32   [29/45] Processing Query Q29...
2026-06-19 06:00:37     Query Q29 Score: 0.50
2026-06-19 06:00:37   [30/45] Processing Query Q30...
2026-06-19 06:00:43     Query Q30 Score: 1.00
2026-06-19 06:00:43   [31/45] Processing Query Q31...
2026-06-19 06:00:47     Query Q31 Score: 1.00
2026-06-19 06:00:47   [32/45] Processing Query Q32...
2026-06-19 06:00:53     Query Q32 Score: 0.95
2026-06-19 06:00:53   [33/45] Processing Query Q33...
2026-06-19 06:00:59     Query Q33 Score: 0.95
2026-06-19 06:00:59   [34/45] Processing Query Q34...
2026-06-19 06:01:03     Query Q34 Score: 1.00
2026-06-19 06:01:03   [35/45] Processing Query Q35...
2026-06-19 06:01:07     Query Q35 Score: 1.00
2026-06-19 06:01:07   [36/45] Processing Query Q36...
2026-06-19 06:01:20     Query Q36 Score: 1.00
2026-06-19 06:01:20   [37/45] Processing Query Q37...
2026-06-19 06:01:25     Query Q37 Score: 0.60
2026-06-19 06:01:25   [38/45] Processing Query Q38...
2026-06-19 06:01:32     Query Q38 Score: 1.00
2026-06-19 06:01:32   [39/45] Processing Query Q39...
2026-06-19 06:01:37     Query Q39 Score: 1.00
2026-06-19 06:01:37   [40/45] Processing Query Q40...
2026-06-19 06:01:41     Query Q40 Score: 1.00
2026-06-19 06:01:41   [41/45] Processing Query Q41...
2026-06-19 06:01:48     Query Q41 Score: 0.85
2026-06-19 06:01:48   [42/45] Processing Query Q42...
2026-06-19 06:01:52     Query Q42 Score: 1.00
2026-06-19 06:01:52   [43/45] Processing Query Q43...
2026-06-19 06:01:57     Query Q43 Score: 1.00
2026-06-19 06:01:57   [44/45] Processing Query Q48...
2026-06-19 06:02:07     Query Q48 Score: 1.00
2026-06-19 06:02:07   [45/45] Processing Query Q49...
2026-06-19 06:02:13     Query Q49 Score: 0.40
2026-06-19 06:02:13 Saved validation results to /home/virtualuser/model_evaluation/autoresearch/archive/run_20260618_134629/outputs/validation_results_iter157_20260619_060213.csv
2026-06-19 06:02:13 Validation run completed. Overall Mean Score: 0.8567
2026-06-19 06:02:13 Candidate Score: 0.8567 (Delta: -0.0900)
2026-06-19 06:02:13 >>> FAILURE: Score did not improve. Discarding changes.
2026-06-19 06:02:14 Iteration #157 logged successfully to experiments.json.
2026-06-19 06:02:14 
2026-06-19 06:02:14 =========================================
2026-06-19 06:02:14 STARTING ITERATION #158
2026-06-19 06:02:14 =========================================
2026-06-19 06:02:14 Current Champion Score: 0.9467
2026-06-19 06:02:14 Failing queries to fix: 13
2026-06-19 06:02:14 Calling Optimizer Agent to refine instructions...
2026-06-19 06:04:47 Starting validation run on 45 queries...
2026-06-19 06:04:47   [1/45] Processing Query Q01...
2026-06-19 06:04:52     Query Q01 Score: 1.00
2026-06-19 06:04:52   [2/45] Processing Query Q02...
2026-06-19 06:04:57     Query Q02 Score: 1.00
2026-06-19 06:04:57   [3/45] Processing Query Q03...
2026-06-19 06:05:03     Query Q03 Score: 0.95
2026-06-19 06:05:03   [4/45] Processing Query Q04...
2026-06-19 06:05:08     Query Q04 Score: 1.00
2026-06-19 06:05:08   [5/45] Processing Query Q05...
2026-06-19 06:05:15     Query Q05 Score: 1.00
2026-06-19 06:05:15   [6/45] Processing Query Q06...
2026-06-19 06:05:20     Query Q06 Score: 1.00
2026-06-19 06:05:20   [7/45] Processing Query Q07...
2026-06-19 06:05:25     Query Q07 Score: 1.00
2026-06-19 06:05:25   [8/45] Processing Query Q08...
2026-06-19 06:05:30     Query Q08 Score: 1.00
2026-06-19 06:05:30   [9/45] Processing Query Q09...
2026-06-19 06:05:43     Query Q09 Score: 0.40
2026-06-19 06:05:43   [10/45] Processing Query Q10...
2026-06-19 06:05:49     Query Q10 Score: 1.00
2026-06-19 06:05:49   [11/45] Processing Query Q11...
2026-06-19 06:06:09     Query Q11 Score: 1.00
2026-06-19 06:06:09   [12/45] Processing Query Q12...
2026-06-19 06:06:14     Query Q12 Score: 1.00
2026-06-19 06:06:14   [13/45] Processing Query Q13...
2026-06-19 06:06:22     Query Q13 Score: 0.40
2026-06-19 06:06:22   [14/45] Processing Query Q14...
2026-06-19 06:06:28     Query Q14 Score: 0.50
2026-06-19 06:06:28   [15/45] Processing Query Q15...
2026-06-19 06:06:34     Query Q15 Score: 1.00
2026-06-19 06:06:34   [16/45] Processing Query Q16...
2026-06-19 06:06:40     Query Q16 Score: 0.50
2026-06-19 06:06:40   [17/45] Processing Query Q17...
2026-06-19 06:06:45     Query Q17 Score: 1.00
2026-06-19 06:06:45   [18/45] Processing Query Q18...
2026-06-19 06:06:50     Query Q18 Score: 1.00
2026-06-19 06:06:50   [19/45] Processing Query Q19...
2026-06-19 06:06:55     Query Q19 Score: 0.60
2026-06-19 06:06:55   [20/45] Processing Query Q20...
2026-06-19 06:07:00     Query Q20 Score: 0.90
2026-06-19 06:07:00   [21/45] Processing Query Q21...
2026-06-19 06:07:05     Query Q21 Score: 1.00
2026-06-19 06:07:05   [22/45] Processing Query Q22...
2026-06-19 06:07:09     Query Q22 Score: 1.00
2026-06-19 06:07:09   [23/45] Processing Query Q23...
2026-06-19 06:07:15     Query Q23 Score: 1.00
2026-06-19 06:07:15   [24/45] Processing Query Q24...
2026-06-19 06:07:20     Query Q24 Score: 1.00
2026-06-19 06:07:20   [25/45] Processing Query Q25...
2026-06-19 06:07:25     Query Q25 Score: 1.00
2026-06-19 06:07:25   [26/45] Processing Query Q26...
2026-06-19 06:07:29     Query Q26 Score: 1.00
2026-06-19 06:07:29   [27/45] Processing Query Q27...
2026-06-19 06:07:34     Query Q27 Score: 1.00
2026-06-19 06:07:34   [28/45] Processing Query Q28...
2026-06-19 06:07:38     Query Q28 Score: 1.00
2026-06-19 06:07:38   [29/45] Processing Query Q29...
2026-06-19 06:07:43     Query Q29 Score: 0.50
2026-06-19 06:07:43   [30/45] Processing Query Q30...
2026-06-19 06:07:48     Query Q30 Score: 1.00
2026-06-19 06:07:48   [31/45] Processing Query Q31...
2026-06-19 06:07:52     Query Q31 Score: 1.00
2026-06-19 06:07:52   [32/45] Processing Query Q32...
2026-06-19 06:07:58     Query Q32 Score: 0.95
2026-06-19 06:07:58   [33/45] Processing Query Q33...
2026-06-19 06:08:04     Query Q33 Score: 1.00
2026-06-19 06:08:04   [34/45] Processing Query Q34...
2026-06-19 06:08:09     Query Q34 Score: 1.00
2026-06-19 06:08:09   [35/45] Processing Query Q35...
2026-06-19 06:08:13     Query Q35 Score: 1.00
2026-06-19 06:08:13   [36/45] Processing Query Q36...
2026-06-19 06:08:18     Query Q36 Score: 0.95
2026-06-19 06:08:18   [37/45] Processing Query Q37...
2026-06-19 06:08:23     Query Q37 Score: 0.60
2026-06-19 06:08:23   [38/45] Processing Query Q38...
2026-06-19 06:08:28     Query Q38 Score: 0.85
2026-06-19 06:08:28   [39/45] Processing Query Q39...
2026-06-19 06:08:33     Query Q39 Score: 1.00
2026-06-19 06:08:33   [40/45] Processing Query Q40...
2026-06-19 06:08:38     Query Q40 Score: 1.00
2026-06-19 06:08:38   [41/45] Processing Query Q41...
2026-06-19 06:08:44     Query Q41 Score: 0.95
2026-06-19 06:08:44   [42/45] Processing Query Q42...
2026-06-19 06:08:49     Query Q42 Score: 1.00
2026-06-19 06:08:49   [43/45] Processing Query Q43...
2026-06-19 06:08:54     Query Q43 Score: 1.00
2026-06-19 06:08:54   [44/45] Processing Query Q48...
2026-06-19 06:09:03     Query Q48 Score: 1.00
2026-06-19 06:09:03   [45/45] Processing Query Q49...
2026-06-19 06:09:32     Query Q49 Score: 0.30
2026-06-19 06:09:32 Saved validation results to /home/virtualuser/model_evaluation/autoresearch/archive/run_20260618_134629/outputs/validation_results_iter158_20260619_060932.csv
2026-06-19 06:09:32 Validation run completed. Overall Mean Score: 0.8967
2026-06-19 06:09:32 Candidate Score: 0.8967 (Delta: -0.0500)
2026-06-19 06:09:32 >>> FAILURE: Score did not improve. Discarding changes.
2026-06-19 06:09:32 Iteration #158 logged successfully to experiments.json.
2026-06-19 06:09:32 
2026-06-19 06:09:32 =========================================
2026-06-19 06:09:32 STARTING ITERATION #159
2026-06-19 06:09:32 =========================================
2026-06-19 06:09:32 Current Champion Score: 0.9467
2026-06-19 06:09:32 Failing queries to fix: 13
2026-06-19 06:09:32 Calling Optimizer Agent to refine instructions...
2026-06-19 06:12:12 Starting validation run on 45 queries...
2026-06-19 06:12:12   [1/45] Processing Query Q01...
2026-06-19 06:12:17     Query Q01 Score: 1.00
2026-06-19 06:12:17   [2/45] Processing Query Q02...
2026-06-19 06:12:22     Query Q02 Score: 1.00
2026-06-19 06:12:22   [3/45] Processing Query Q03...
2026-06-19 06:12:28     Query Q03 Score: 0.90
2026-06-19 06:12:28   [4/45] Processing Query Q04...
2026-06-19 06:12:33     Query Q04 Score: 1.00
2026-06-19 06:12:33   [5/45] Processing Query Q05...
2026-06-19 06:12:39     Query Q05 Score: 1.00
2026-06-19 06:12:39   [6/45] Processing Query Q06...
2026-06-19 06:12:45     Query Q06 Score: 1.00
2026-06-19 06:12:45   [7/45] Processing Query Q07...
2026-06-19 06:12:50     Query Q07 Score: 1.00
2026-06-19 06:12:50   [8/45] Processing Query Q08...
2026-06-19 06:12:54     Query Q08 Score: 1.00
2026-06-19 06:12:54   [9/45] Processing Query Q09...
2026-06-19 06:13:03     Query Q09 Score: 0.50
2026-06-19 06:13:03   [10/45] Processing Query Q10...
2026-06-19 06:13:08     Query Q10 Score: 1.00
2026-06-19 06:13:08   [11/45] Processing Query Q11...
2026-06-19 06:13:24     Query Q11 Score: 0.50
2026-06-19 06:13:24   [12/45] Processing Query Q12...
2026-06-19 06:13:28     Query Q12 Score: 1.00
2026-06-19 06:13:28   [13/45] Processing Query Q13...
2026-06-19 06:13:35     Query Q13 Score: 0.20
2026-06-19 06:13:35   [14/45] Processing Query Q14...
2026-06-19 06:13:41     Query Q14 Score: 0.40
2026-06-19 06:13:41   [15/45] Processing Query Q15...
2026-06-19 06:13:58     Query Q15 Score: 1.00
2026-06-19 06:13:58   [16/45] Processing Query Q16...
2026-06-19 06:14:07     Query Q16 Score: 1.00
2026-06-19 06:14:07   [17/45] Processing Query Q17...
2026-06-19 06:14:12     Query Q17 Score: 1.00
2026-06-19 06:14:12   [18/45] Processing Query Q18...
2026-06-19 06:14:17     Query Q18 Score: 1.00
2026-06-19 06:14:17   [19/45] Processing Query Q19...
2026-06-19 06:14:21     Query Q19 Score: 0.95
2026-06-19 06:14:21   [20/45] Processing Query Q20...
2026-06-19 06:14:26     Query Q20 Score: 0.95
2026-06-19 06:14:26   [21/45] Processing Query Q21...
2026-06-19 06:14:31     Query Q21 Score: 1.00
2026-06-19 06:14:31   [22/45] Processing Query Q22...
2026-06-19 06:14:35     Query Q22 Score: 1.00
2026-06-19 06:14:35   [23/45] Processing Query Q23...
2026-06-19 06:14:41     Query Q23 Score: 1.00
2026-06-19 06:14:41   [24/45] Processing Query Q24...
2026-06-19 06:14:48     Query Q24 Score: 0.90
2026-06-19 06:14:48   [25/45] Processing Query Q25...
2026-06-19 06:14:53     Query Q25 Score: 1.00
2026-06-19 06:14:53   [26/45] Processing Query Q26...
2026-06-19 06:14:57     Query Q26 Score: 1.00
2026-06-19 06:14:57   [27/45] Processing Query Q27...
2026-06-19 06:15:07     Query Q27 Score: 0.50
2026-06-19 06:15:07   [28/45] Processing Query Q28...
2026-06-19 06:15:12     Query Q28 Score: 1.00
2026-06-19 06:15:12   [29/45] Processing Query Q29...
2026-06-19 06:15:16     Query Q29 Score: 0.50
2026-06-19 06:15:16   [30/45] Processing Query Q30...
2026-06-19 06:15:21     Query Q30 Score: 1.00
2026-06-19 06:15:21   [31/45] Processing Query Q31...
2026-06-19 06:15:26     Query Q31 Score: 0.50
2026-06-19 06:15:26   [32/45] Processing Query Q32...
2026-06-19 06:15:32     Query Q32 Score: 0.95
2026-06-19 06:15:32   [33/45] Processing Query Q33...
2026-06-19 06:15:38     Query Q33 Score: 0.90
2026-06-19 06:15:38   [34/45] Processing Query Q34...
2026-06-19 06:15:43     Query Q34 Score: 1.00
2026-06-19 06:15:43   [35/45] Processing Query Q35...
2026-06-19 06:15:46     Query Q35 Score: 1.00
2026-06-19 06:15:46   [36/45] Processing Query Q36...
2026-06-19 06:15:52     Query Q36 Score: 1.00
2026-06-19 06:15:52   [37/45] Processing Query Q37...
2026-06-19 06:15:57     Query Q37 Score: 0.50
2026-06-19 06:15:57   [38/45] Processing Query Q38...
2026-06-19 06:16:03     Query Q38 Score: 1.00
2026-06-19 06:16:03   [39/45] Processing Query Q39...
2026-06-19 06:16:08     Query Q39 Score: 1.00
2026-06-19 06:16:08   [40/45] Processing Query Q40...
2026-06-19 06:16:13     Query Q40 Score: 1.00
2026-06-19 06:16:13   [41/45] Processing Query Q41...
2026-06-19 06:16:18     Query Q41 Score: 0.85
2026-06-19 06:16:18   [42/45] Processing Query Q42...
2026-06-19 06:16:23     Query Q42 Score: 1.00
2026-06-19 06:16:23   [43/45] Processing Query Q43...
2026-06-19 06:16:28     Query Q43 Score: 1.00
2026-06-19 06:16:28   [44/45] Processing Query Q48...
2026-06-19 06:16:34     Query Q48 Score: 0.95
2026-06-19 06:16:34   [45/45] Processing Query Q49...
2026-06-19 06:16:41     Query Q49 Score: 0.40
2026-06-19 06:16:41 Saved validation results to /home/virtualuser/model_evaluation/autoresearch/archive/run_20260618_134629/outputs/validation_results_iter159_20260619_061641.csv
2026-06-19 06:16:41 Validation run completed. Overall Mean Score: 0.8744
2026-06-19 06:16:41 Candidate Score: 0.8744 (Delta: -0.0722)
2026-06-19 06:16:41 >>> FAILURE: Score did not improve. Discarding changes.
2026-06-19 06:16:41 Iteration #159 logged successfully to experiments.json.
2026-06-19 06:16:41 
2026-06-19 06:16:41 =========================================
2026-06-19 06:16:41 STARTING ITERATION #160
2026-06-19 06:16:41 =========================================
2026-06-19 06:16:41 Current Champion Score: 0.9467
2026-06-19 06:16:41 Failing queries to fix: 13
2026-06-19 06:16:41 Calling Optimizer Agent to refine instructions...
2026-06-19 06:19:01 Starting validation run on 45 queries...
2026-06-19 06:19:01   [1/45] Processing Query Q01...
2026-06-19 06:19:06     Query Q01 Score: 1.00
2026-06-19 06:19:06   [2/45] Processing Query Q02...
2026-06-19 06:19:12     Query Q02 Score: 0.85
2026-06-19 06:19:12   [3/45] Processing Query Q03...
2026-06-19 06:19:17     Query Q03 Score: 0.90
2026-06-19 06:19:17   [4/45] Processing Query Q04...
2026-06-19 06:19:22     Query Q04 Score: 1.00
2026-06-19 06:19:22   [5/45] Processing Query Q05...
2026-06-19 06:19:28     Query Q05 Score: 1.00
2026-06-19 06:19:28   [6/45] Processing Query Q06...
2026-06-19 06:19:34     Query Q06 Score: 1.00
2026-06-19 06:19:34   [7/45] Processing Query Q07...
2026-06-19 06:19:38     Query Q07 Score: 1.00
2026-06-19 06:19:38   [8/45] Processing Query Q08...
2026-06-19 06:19:43     Query Q08 Score: 1.00
2026-06-19 06:19:43   [9/45] Processing Query Q09...
2026-06-19 06:19:51     Query Q09 Score: 0.50
2026-06-19 06:19:51   [10/45] Processing Query Q10...
2026-06-19 06:19:57     Query Q10 Score: 1.00
2026-06-19 06:19:57   [11/45] Processing Query Q11...
2026-06-19 06:20:26     Query Q11 Score: 0.30
2026-06-19 06:20:26   [12/45] Processing Query Q12...
2026-06-19 06:20:30     Query Q12 Score: 1.00
2026-06-19 06:20:30   [13/45] Processing Query Q13...
2026-06-19 06:20:38     Query Q13 Score: 0.30
2026-06-19 06:20:38   [14/45] Processing Query Q14...
2026-06-19 06:20:45     Query Q14 Score: 0.40
2026-06-19 06:20:45   [15/45] Processing Query Q15...
2026-06-19 06:20:51     Query Q15 Score: 1.00
2026-06-19 06:20:51   [16/45] Processing Query Q16...
2026-06-19 06:21:00     Query Q16 Score: 0.75
2026-06-19 06:21:00   [17/45] Processing Query Q17...
2026-06-19 06:21:04     Query Q17 Score: 1.00
2026-06-19 06:21:04   [18/45] Processing Query Q18...
2026-06-19 06:21:09     Query Q18 Score: 1.00
2026-06-19 06:21:09   [19/45] Processing Query Q19...
2026-06-19 06:21:14     Query Q19 Score: 0.60
2026-06-19 06:21:14   [20/45] Processing Query Q20...
2026-06-19 06:21:19     Query Q20 Score: 0.90
2026-06-19 06:21:19   [21/45] Processing Query Q21...
2026-06-19 06:21:24     Query Q21 Score: 1.00
2026-06-19 06:21:24   [22/45] Processing Query Q22...
2026-06-19 06:21:29     Query Q22 Score: 1.00
2026-06-19 06:21:29   [23/45] Processing Query Q23...
2026-06-19 06:21:34     Query Q23 Score: 0.50
2026-06-19 06:21:34   [24/45] Processing Query Q24...
2026-06-19 06:21:41     Query Q24 Score: 0.90
2026-06-19 06:21:41   [25/45] Processing Query Q25...
2026-06-19 06:21:46     Query Q25 Score: 1.00
2026-06-19 06:21:46   [26/45] Processing Query Q26...
2026-06-19 06:21:50     Query Q26 Score: 1.00
2026-06-19 06:21:50   [27/45] Processing Query Q27...
2026-06-19 06:21:55     Query Q27 Score: 0.50
2026-06-19 06:21:55   [28/45] Processing Query Q28...
2026-06-19 06:22:00     Query Q28 Score: 1.00
2026-06-19 06:22:00   [29/45] Processing Query Q29...
2026-06-19 06:22:05     Query Q29 Score: 1.00
2026-06-19 06:22:05   [30/45] Processing Query Q30...
2026-06-19 06:22:10     Query Q30 Score: 1.00
2026-06-19 06:22:10   [31/45] Processing Query Q31...
2026-06-19 06:22:15     Query Q31 Score: 1.00
2026-06-19 06:22:15   [32/45] Processing Query Q32...
2026-06-19 06:22:21     Query Q32 Score: 0.95
2026-06-19 06:22:21   [33/45] Processing Query Q33...
2026-06-19 06:22:27     Query Q33 Score: 0.90
2026-06-19 06:22:27   [34/45] Processing Query Q34...
2026-06-19 06:22:32     Query Q34 Score: 1.00
2026-06-19 06:22:32   [35/45] Processing Query Q35...
2026-06-19 06:22:36     Query Q35 Score: 1.00
2026-06-19 06:22:36   [36/45] Processing Query Q36...
2026-06-19 06:22:44     Query Q36 Score: 1.00
2026-06-19 06:22:44   [37/45] Processing Query Q37...
2026-06-19 06:22:49     Query Q37 Score: 0.50
2026-06-19 06:22:49   [38/45] Processing Query Q38...
2026-06-19 06:22:54     Query Q38 Score: 0.85
2026-06-19 06:22:54   [39/45] Processing Query Q39...
2026-06-19 06:22:58     Query Q39 Score: 0.95
2026-06-19 06:22:58   [40/45] Processing Query Q40...
2026-06-19 06:23:03     Query Q40 Score: 1.00
2026-06-19 06:23:03   [41/45] Processing Query Q41...
2026-06-19 06:23:08     Query Q41 Score: 0.85
2026-06-19 06:23:08   [42/45] Processing Query Q42...
2026-06-19 06:23:13     Query Q42 Score: 1.00
2026-06-19 06:23:13   [43/45] Processing Query Q43...
2026-06-19 06:23:18     Query Q43 Score: 0.95
2026-06-19 06:23:18   [44/45] Processing Query Q48...
2026-06-19 06:23:36     Query Q48 Score: 1.00
2026-06-19 06:23:36   [45/45] Processing Query Q49...
2026-06-19 06:23:44     Query Q49 Score: 0.40
2026-06-19 06:23:44 Saved validation results to /home/virtualuser/model_evaluation/autoresearch/archive/run_20260618_134629/outputs/validation_results_iter160_20260619_062344.csv
2026-06-19 06:23:44 Validation run completed. Overall Mean Score: 0.8611
2026-06-19 06:23:44 Candidate Score: 0.8611 (Delta: -0.0856)
2026-06-19 06:23:44 >>> FAILURE: Score did not improve. Discarding changes.
2026-06-19 06:23:44 Iteration #160 logged successfully to experiments.json.
2026-06-19 06:23:44 
2026-06-19 06:23:44 =========================================
2026-06-19 06:23:44 STARTING ITERATION #161
2026-06-19 06:23:44 =========================================
2026-06-19 06:23:44 Current Champion Score: 0.9467
2026-06-19 06:23:44 Failing queries to fix: 13
2026-06-19 06:23:44 Calling Optimizer Agent to refine instructions...
2026-06-19 06:26:24 Starting validation run on 45 queries...
2026-06-19 06:26:24   [1/45] Processing Query Q01...
2026-06-19 06:26:29     Query Q01 Score: 1.00
2026-06-19 06:26:29   [2/45] Processing Query Q02...
2026-06-19 06:26:35     Query Q02 Score: 1.00
2026-06-19 06:26:35   [3/45] Processing Query Q03...
2026-06-19 06:26:40     Query Q03 Score: 1.00
2026-06-19 06:26:40   [4/45] Processing Query Q04...
2026-06-19 06:26:45     Query Q04 Score: 1.00
2026-06-19 06:26:45   [5/45] Processing Query Q05...
2026-06-19 06:26:51     Query Q05 Score: 0.60
2026-06-19 06:26:51   [6/45] Processing Query Q06...
2026-06-19 06:26:56     Query Q06 Score: 1.00
2026-06-19 06:26:56   [7/45] Processing Query Q07...
2026-06-19 06:27:01     Query Q07 Score: 1.00
2026-06-19 06:27:01   [8/45] Processing Query Q08...
2026-06-19 06:27:06     Query Q08 Score: 1.00
2026-06-19 06:27:06   [9/45] Processing Query Q09...
2026-06-19 06:27:12     Query Q09 Score: 1.00
2026-06-19 06:27:12   [10/45] Processing Query Q10...
2026-06-19 06:27:17     Query Q10 Score: 1.00
2026-06-19 06:27:17   [11/45] Processing Query Q11...
2026-06-19 06:27:25     Query Q11 Score: 0.30
2026-06-19 06:27:25   [12/45] Processing Query Q12...
2026-06-19 06:27:30     Query Q12 Score: 1.00
2026-06-19 06:27:30   [13/45] Processing Query Q13...
2026-06-19 06:27:38     Query Q13 Score: 0.30
2026-06-19 06:27:38   [14/45] Processing Query Q14...
2026-06-19 06:27:43     Query Q14 Score: 0.60
2026-06-19 06:27:43   [15/45] Processing Query Q15...
2026-06-19 06:27:49     Query Q15 Score: 1.00
2026-06-19 06:27:49   [16/45] Processing Query Q16...
2026-06-19 06:27:55     Query Q16 Score: 0.50
2026-06-19 06:27:55   [17/45] Processing Query Q17...
2026-06-19 06:28:00     Query Q17 Score: 1.00
2026-06-19 06:28:00   [18/45] Processing Query Q18...
2026-06-19 06:28:05     Query Q18 Score: 1.00
2026-06-19 06:28:05   [19/45] Processing Query Q19...
2026-06-19 06:28:10     Query Q19 Score: 0.60
2026-06-19 06:28:10   [20/45] Processing Query Q20...
2026-06-19 06:28:15     Query Q20 Score: 0.90
2026-06-19 06:28:15   [21/45] Processing Query Q21...
2026-06-19 06:28:20     Query Q21 Score: 1.00
2026-06-19 06:28:20   [22/45] Processing Query Q22...
2026-06-19 06:28:25     Query Q22 Score: 1.00
2026-06-19 06:28:25   [23/45] Processing Query Q23...
2026-06-19 06:28:43     Query Q23 Score: 1.00
2026-06-19 06:28:43   [24/45] Processing Query Q24...
2026-06-19 06:28:47     Query Q24 Score: 1.00
2026-06-19 06:28:47   [25/45] Processing Query Q25...
2026-06-19 06:28:52     Query Q25 Score: 1.00
2026-06-19 06:28:52   [26/45] Processing Query Q26...
2026-06-19 06:28:56     Query Q26 Score: 1.00
2026-06-19 06:28:56   [27/45] Processing Query Q27...
2026-06-19 06:29:01     Query Q27 Score: 1.00
2026-06-19 06:29:01   [28/45] Processing Query Q28...
2026-06-19 06:29:05     Query Q28 Score: 1.00
2026-06-19 06:29:05   [29/45] Processing Query Q29...
2026-06-19 06:29:10     Query Q29 Score: 0.50
2026-06-19 06:29:10   [30/45] Processing Query Q30...
2026-06-19 06:29:16     Query Q30 Score: 1.00
2026-06-19 06:29:16   [31/45] Processing Query Q31...
2026-06-19 06:29:20     Query Q31 Score: 1.00
2026-06-19 06:29:20   [32/45] Processing Query Q32...
2026-06-19 06:29:26     Query Q32 Score: 0.95
2026-06-19 06:29:26   [33/45] Processing Query Q33...
2026-06-19 06:29:32     Query Q33 Score: 0.90
2026-06-19 06:29:32   [34/45] Processing Query Q34...
2026-06-19 06:29:37     Query Q34 Score: 1.00
2026-06-19 06:29:37   [35/45] Processing Query Q35...
2026-06-19 06:29:41     Query Q35 Score: 1.00
2026-06-19 06:29:41   [36/45] Processing Query Q36...
2026-06-19 06:29:46     Query Q36 Score: 1.00
2026-06-19 06:29:46   [37/45] Processing Query Q37...
2026-06-19 06:29:52     Query Q37 Score: 0.50
2026-06-19 06:29:52   [38/45] Processing Query Q38...
2026-06-19 06:29:56     Query Q38 Score: 0.85
2026-06-19 06:29:56   [39/45] Processing Query Q39...
2026-06-19 06:30:01     Query Q39 Score: 0.95
2026-06-19 06:30:01   [40/45] Processing Query Q40...
2026-06-19 06:30:06     Query Q40 Score: 1.00
2026-06-19 06:30:06   [41/45] Processing Query Q41...
2026-06-19 06:30:11     Query Q41 Score: 0.95
2026-06-19 06:30:11   [42/45] Processing Query Q42...
2026-06-19 06:30:16     Query Q42 Score: 1.00
2026-06-19 06:30:16   [43/45] Processing Query Q43...
2026-06-19 06:30:21     Query Q43 Score: 0.90
2026-06-19 06:30:21   [44/45] Processing Query Q48...
2026-06-19 06:30:50     Query Q48 Score: 0.75
2026-06-19 06:30:50   [45/45] Processing Query Q49...
2026-06-19 06:30:57     Query Q49 Score: 0.95
2026-06-19 06:30:57 Saved validation results to /home/virtualuser/model_evaluation/autoresearch/archive/run_20260618_134629/outputs/validation_results_iter161_20260619_063057.csv
2026-06-19 06:30:57 Validation run completed. Overall Mean Score: 0.8889
2026-06-19 06:30:57 Candidate Score: 0.8889 (Delta: -0.0578)
2026-06-19 06:30:57 >>> FAILURE: Score did not improve. Discarding changes.
2026-06-19 06:30:57 Iteration #161 logged successfully to experiments.json.
2026-06-19 06:30:57 
2026-06-19 06:30:57 =========================================
2026-06-19 06:30:57 STARTING ITERATION #162
2026-06-19 06:30:57 =========================================
2026-06-19 06:30:57 Current Champion Score: 0.9467
2026-06-19 06:30:57 Failing queries to fix: 13
2026-06-19 06:30:57 Calling Optimizer Agent to refine instructions...
2026-06-19 06:33:42 Starting validation run on 45 queries...
2026-06-19 06:33:42   [1/45] Processing Query Q01...
2026-06-19 06:33:48     Query Q01 Score: 1.00
2026-06-19 06:33:48   [2/45] Processing Query Q02...
2026-06-19 06:33:53     Query Q02 Score: 1.00
2026-06-19 06:33:53   [3/45] Processing Query Q03...
2026-06-19 06:33:58     Query Q03 Score: 0.95
2026-06-19 06:33:58   [4/45] Processing Query Q04...
2026-06-19 06:34:03     Query Q04 Score: 1.00
2026-06-19 06:34:03   [5/45] Processing Query Q05...
2026-06-19 06:34:08     Query Q05 Score: 0.60
2026-06-19 06:34:08   [6/45] Processing Query Q06...
2026-06-19 06:34:14     Query Q06 Score: 1.00
2026-06-19 06:34:14   [7/45] Processing Query Q07...
2026-06-19 06:34:19     Query Q07 Score: 1.00
2026-06-19 06:34:19   [8/45] Processing Query Q08...
2026-06-19 06:34:24     Query Q08 Score: 1.00
2026-06-19 06:34:24   [9/45] Processing Query Q09...
2026-06-19 06:34:35     Query Q09 Score: 0.50
2026-06-19 06:34:35   [10/45] Processing Query Q10...
2026-06-19 06:34:40     Query Q10 Score: 1.00
2026-06-19 06:34:40   [11/45] Processing Query Q11...
2026-06-19 06:34:48     Query Q11 Score: 0.65
2026-06-19 06:34:48   [12/45] Processing Query Q12...
2026-06-19 06:34:53     Query Q12 Score: 1.00
2026-06-19 06:34:53   [13/45] Processing Query Q13...
2026-06-19 06:35:01     Query Q13 Score: 0.30
2026-06-19 06:35:01   [14/45] Processing Query Q14...
2026-06-19 06:35:08     Query Q14 Score: 0.50
2026-06-19 06:35:08   [15/45] Processing Query Q15...
2026-06-19 06:35:14     Query Q15 Score: 1.00
2026-06-19 06:35:14   [16/45] Processing Query Q16...
2026-06-19 06:35:23     Query Q16 Score: 1.00
2026-06-19 06:35:23   [17/45] Processing Query Q17...
2026-06-19 06:35:28     Query Q17 Score: 1.00
2026-06-19 06:35:28   [18/45] Processing Query Q18...
2026-06-19 06:35:33     Query Q18 Score: 1.00
2026-06-19 06:35:33   [19/45] Processing Query Q19...
2026-06-19 06:35:38     Query Q19 Score: 0.75
2026-06-19 06:35:38   [20/45] Processing Query Q20...
2026-06-19 06:35:43     Query Q20 Score: 0.95
2026-06-19 06:35:43   [21/45] Processing Query Q21...
2026-06-19 06:35:48     Query Q21 Score: 1.00
2026-06-19 06:35:48   [22/45] Processing Query Q22...
2026-06-19 06:35:53     Query Q22 Score: 1.00
2026-06-19 06:35:53   [23/45] Processing Query Q23...
2026-06-19 06:35:59     Query Q23 Score: 0.75
2026-06-19 06:35:59   [24/45] Processing Query Q24...
2026-06-19 06:36:10     Query Q24 Score: 0.60
2026-06-19 06:36:10   [25/45] Processing Query Q25...
2026-06-19 06:36:15     Query Q25 Score: 1.00
2026-06-19 06:36:15   [26/45] Processing Query Q26...
2026-06-19 06:36:19     Query Q26 Score: 1.00
2026-06-19 06:36:19   [27/45] Processing Query Q27...
2026-06-19 06:36:24     Query Q27 Score: 0.50
2026-06-19 06:36:24   [28/45] Processing Query Q28...
2026-06-19 06:36:29     Query Q28 Score: 1.00
2026-06-19 06:36:29   [29/45] Processing Query Q29...
2026-06-19 06:36:34     Query Q29 Score: 0.50
2026-06-19 06:36:34   [30/45] Processing Query Q30...
2026-06-19 06:36:39     Query Q30 Score: 1.00
2026-06-19 06:36:39   [31/45] Processing Query Q31...
2026-06-19 06:36:44     Query Q31 Score: 1.00
2026-06-19 06:36:44   [32/45] Processing Query Q32...
2026-06-19 06:36:50     Query Q32 Score: 0.95
2026-06-19 06:36:50   [33/45] Processing Query Q33...
2026-06-19 06:36:56     Query Q33 Score: 0.90
2026-06-19 06:36:56   [34/45] Processing Query Q34...
2026-06-19 06:37:01     Query Q34 Score: 1.00
2026-06-19 06:37:01   [35/45] Processing Query Q35...
2026-06-19 06:37:05     Query Q35 Score: 1.00
2026-06-19 06:37:05   [36/45] Processing Query Q36...
2026-06-19 06:37:10     Query Q36 Score: 1.00
2026-06-19 06:37:10   [37/45] Processing Query Q37...
2026-06-19 06:37:16     Query Q37 Score: 0.50
2026-06-19 06:37:16   [38/45] Processing Query Q38...
2026-06-19 06:37:23     Query Q38 Score: 1.00
2026-06-19 06:37:23   [39/45] Processing Query Q39...
2026-06-19 06:37:28     Query Q39 Score: 1.00
2026-06-19 06:37:28   [40/45] Processing Query Q40...
2026-06-19 06:37:33     Query Q40 Score: 1.00
2026-06-19 06:37:33   [41/45] Processing Query Q41...
2026-06-19 06:37:38     Query Q41 Score: 0.90
2026-06-19 06:37:38   [42/45] Processing Query Q42...
2026-06-19 06:37:43     Query Q42 Score: 1.00
2026-06-19 06:37:43   [43/45] Processing Query Q43...
2026-06-19 06:37:48     Query Q43 Score: 1.00
2026-06-19 06:37:48   [44/45] Processing Query Q48...
2026-06-19 06:38:06     Query Q48 Score: 0.40
2026-06-19 06:38:06   [45/45] Processing Query Q49...
2026-06-19 06:38:14     Query Q49 Score: 0.65
2026-06-19 06:38:14 Saved validation results to /home/virtualuser/model_evaluation/autoresearch/archive/run_20260618_134629/outputs/validation_results_iter162_20260619_063814.csv
2026-06-19 06:38:14 Validation run completed. Overall Mean Score: 0.8633
2026-06-19 06:38:14 Candidate Score: 0.8633 (Delta: -0.0833)
2026-06-19 06:38:14 >>> FAILURE: Score did not improve. Discarding changes.
2026-06-19 06:38:14 Iteration #162 logged successfully to experiments.json.
2026-06-19 06:38:14 
2026-06-19 06:38:14 =========================================
2026-06-19 06:38:14 STARTING ITERATION #163
2026-06-19 06:38:14 =========================================
2026-06-19 06:38:14 Current Champion Score: 0.9467
2026-06-19 06:38:14 Failing queries to fix: 13
2026-06-19 06:38:14 Calling Optimizer Agent to refine instructions...
2026-06-19 06:40:57 Starting validation run on 45 queries...
2026-06-19 06:40:57   [1/45] Processing Query Q01...
2026-06-19 06:41:02     Query Q01 Score: 1.00
2026-06-19 06:41:02   [2/45] Processing Query Q02...
2026-06-19 06:41:08     Query Q02 Score: 1.00
2026-06-19 06:41:08   [3/45] Processing Query Q03...
2026-06-19 06:41:12     Query Q03 Score: 1.00
2026-06-19 06:41:12   [4/45] Processing Query Q04...
2026-06-19 06:41:18     Query Q04 Score: 1.00
2026-06-19 06:41:18   [5/45] Processing Query Q05...
2026-06-19 06:41:24     Query Q05 Score: 0.40
2026-06-19 06:41:24   [6/45] Processing Query Q06...
2026-06-19 06:41:29     Query Q06 Score: 0.95
2026-06-19 06:41:29   [7/45] Processing Query Q07...
2026-06-19 06:41:34     Query Q07 Score: 1.00
2026-06-19 06:41:34   [8/45] Processing Query Q08...
2026-06-19 06:41:39     Query Q08 Score: 1.00
2026-06-19 06:41:39   [9/45] Processing Query Q09...
2026-06-19 06:41:51     Query Q09 Score: 0.40
2026-06-19 06:41:51   [10/45] Processing Query Q10...
2026-06-19 06:41:57     Query Q10 Score: 1.00
2026-06-19 06:41:57   [11/45] Processing Query Q11...
2026-06-19 06:42:05     Query Q11 Score: 0.30
2026-06-19 06:42:05   [12/45] Processing Query Q12...
2026-06-19 06:42:10     Query Q12 Score: 1.00
2026-06-19 06:42:10   [13/45] Processing Query Q13...
2026-06-19 06:42:18     Query Q13 Score: 0.40
2026-06-19 06:42:18   [14/45] Processing Query Q14...
2026-06-19 06:42:24     Query Q14 Score: 0.85
2026-06-19 06:42:24   [15/45] Processing Query Q15...
2026-06-19 06:42:30     Query Q15 Score: 1.00
2026-06-19 06:42:30   [16/45] Processing Query Q16...
2026-06-19 06:42:39     Query Q16 Score: 1.00
2026-06-19 06:42:39   [17/45] Processing Query Q17...
2026-06-19 06:42:45     Query Q17 Score: 1.00
2026-06-19 06:42:45   [18/45] Processing Query Q18...
2026-06-19 06:42:50     Query Q18 Score: 1.00
2026-06-19 06:42:50   [19/45] Processing Query Q19...
2026-06-19 06:42:54     Query Q19 Score: 0.95
2026-06-19 06:42:54   [20/45] Processing Query Q20...
2026-06-19 06:42:59     Query Q20 Score: 0.95
2026-06-19 06:42:59   [21/45] Processing Query Q21...
2026-06-19 06:43:04     Query Q21 Score: 1.00
2026-06-19 06:43:04   [22/45] Processing Query Q22...
2026-06-19 06:43:09     Query Q22 Score: 1.00
2026-06-19 06:43:09   [23/45] Processing Query Q23...
2026-06-19 06:43:15     Query Q23 Score: 1.00
2026-06-19 06:43:15   [24/45] Processing Query Q24...
2026-06-19 06:43:19     Query Q24 Score: 1.00
2026-06-19 06:43:19   [25/45] Processing Query Q25...
2026-06-19 06:43:24     Query Q25 Score: 1.00
2026-06-19 06:43:24   [26/45] Processing Query Q26...
2026-06-19 06:43:28     Query Q26 Score: 1.00
2026-06-19 06:43:28   [27/45] Processing Query Q27...
2026-06-19 06:43:33     Query Q27 Score: 1.00
2026-06-19 06:43:33   [28/45] Processing Query Q28...
2026-06-19 06:43:37     Query Q28 Score: 1.00
2026-06-19 06:43:37   [29/45] Processing Query Q29...
2026-06-19 06:43:42     Query Q29 Score: 0.50
2026-06-19 06:43:42   [30/45] Processing Query Q30...
2026-06-19 06:43:47     Query Q30 Score: 1.00
2026-06-19 06:43:47   [31/45] Processing Query Q31...
2026-06-19 06:43:52     Query Q31 Score: 0.60
2026-06-19 06:43:52   [32/45] Processing Query Q32...
2026-06-19 06:43:57     Query Q32 Score: 0.95
2026-06-19 06:43:57   [33/45] Processing Query Q33...
2026-06-19 06:44:03     Query Q33 Score: 0.90
2026-06-19 06:44:03   [34/45] Processing Query Q34...
2026-06-19 06:44:09     Query Q34 Score: 1.00
2026-06-19 06:44:09   [35/45] Processing Query Q35...
2026-06-19 06:44:13     Query Q35 Score: 1.00
2026-06-19 06:44:13   [36/45] Processing Query Q36...
2026-06-19 06:44:21     Query Q36 Score: 1.00
2026-06-19 06:44:21   [37/45] Processing Query Q37...
2026-06-19 06:44:26     Query Q37 Score: 0.50
2026-06-19 06:44:26   [38/45] Processing Query Q38...
2026-06-19 06:44:31     Query Q38 Score: 0.85
2026-06-19 06:44:31   [39/45] Processing Query Q39...
2026-06-19 06:44:36     Query Q39 Score: 0.95
2026-06-19 06:44:36   [40/45] Processing Query Q40...
2026-06-19 06:44:41     Query Q40 Score: 1.00
2026-06-19 06:44:41   [41/45] Processing Query Q41...
2026-06-19 06:44:47     Query Q41 Score: 0.50
2026-06-19 06:44:47   [42/45] Processing Query Q42...
2026-06-19 06:44:52     Query Q42 Score: 1.00
2026-06-19 06:44:52   [43/45] Processing Query Q43...
2026-06-19 06:44:57     Query Q43 Score: 1.00
2026-06-19 06:44:57   [44/45] Processing Query Q48...
2026-06-19 06:45:03     Query Q48 Score: 0.85
2026-06-19 06:45:03   [45/45] Processing Query Q49...
2026-06-19 06:45:10     Query Q49 Score: 0.40
2026-06-19 06:45:10 Saved validation results to /home/virtualuser/model_evaluation/autoresearch/archive/run_20260618_134629/outputs/validation_results_iter163_20260619_064510.csv
2026-06-19 06:45:10 Validation run completed. Overall Mean Score: 0.8711
2026-06-19 06:45:10 Candidate Score: 0.8711 (Delta: -0.0756)
2026-06-19 06:45:10 >>> FAILURE: Score did not improve. Discarding changes.
2026-06-19 06:45:10 Iteration #163 logged successfully to experiments.json.
2026-06-19 06:45:10 
2026-06-19 06:45:10 =========================================
2026-06-19 06:45:10 STARTING ITERATION #164
2026-06-19 06:45:10 =========================================
2026-06-19 06:45:10 Current Champion Score: 0.9467
2026-06-19 06:45:10 Failing queries to fix: 13
2026-06-19 06:45:10 Calling Optimizer Agent to refine instructions...
2026-06-19 06:48:03 Starting validation run on 45 queries...
2026-06-19 06:48:03   [1/45] Processing Query Q01...
2026-06-19 06:48:08     Query Q01 Score: 1.00
2026-06-19 06:48:08   [2/45] Processing Query Q02...
2026-06-19 06:48:14     Query Q02 Score: 1.00
2026-06-19 06:48:14   [3/45] Processing Query Q03...
2026-06-19 06:48:19     Query Q03 Score: 0.95
2026-06-19 06:48:19   [4/45] Processing Query Q04...
2026-06-19 06:48:25     Query Q04 Score: 1.00
2026-06-19 06:48:25   [5/45] Processing Query Q05...
2026-06-19 06:48:30     Query Q05 Score: 0.40
2026-06-19 06:48:30   [6/45] Processing Query Q06...
2026-06-19 06:48:36     Query Q06 Score: 1.00
2026-06-19 06:48:36   [7/45] Processing Query Q07...
2026-06-19 06:48:41     Query Q07 Score: 1.00
2026-06-19 06:48:41   [8/45] Processing Query Q08...
2026-06-19 06:48:46     Query Q08 Score: 1.00
2026-06-19 06:48:46   [9/45] Processing Query Q09...
2026-06-19 06:48:51     Query Q09 Score: 0.50
2026-06-19 06:48:51   [10/45] Processing Query Q10...
2026-06-19 06:48:57     Query Q10 Score: 1.00
2026-06-19 06:48:57   [11/45] Processing Query Q11...
2026-06-19 06:49:05     Query Q11 Score: 1.00
2026-06-19 06:49:05   [12/45] Processing Query Q12...
2026-06-19 06:49:09     Query Q12 Score: 1.00
2026-06-19 06:49:09   [13/45] Processing Query Q13...
2026-06-19 06:49:15     Query Q13 Score: 0.20
2026-06-19 06:49:15   [14/45] Processing Query Q14...
2026-06-19 06:49:19     Query Q14 Score: 0.60
2026-06-19 06:49:19   [15/45] Processing Query Q15...
2026-06-19 06:49:25     Query Q15 Score: 1.00
2026-06-19 06:49:25   [16/45] Processing Query Q16...
2026-06-19 06:49:40     Query Q16 Score: 1.00
2026-06-19 06:49:40   [17/45] Processing Query Q17...
2026-06-19 06:49:45     Query Q17 Score: 1.00
2026-06-19 06:49:45   [18/45] Processing Query Q18...
2026-06-19 06:49:50     Query Q18 Score: 1.00
2026-06-19 06:49:50   [19/45] Processing Query Q19...
2026-06-19 06:49:55     Query Q19 Score: 0.95
2026-06-19 06:49:55   [20/45] Processing Query Q20...
2026-06-19 06:50:00     Query Q20 Score: 0.90
2026-06-19 06:50:00   [21/45] Processing Query Q21...
2026-06-19 06:50:04     Query Q21 Score: 1.00
2026-06-19 06:50:04   [22/45] Processing Query Q22...
2026-06-19 06:50:09     Query Q22 Score: 1.00
2026-06-19 06:50:09   [23/45] Processing Query Q23...
2026-06-19 06:50:27     Query Q23 Score: 0.75
2026-06-19 06:50:27   [24/45] Processing Query Q24...
2026-06-19 06:50:32     Query Q24 Score: 1.00
2026-06-19 06:50:32   [25/45] Processing Query Q25...
2026-06-19 06:50:37     Query Q25 Score: 1.00
2026-06-19 06:50:37   [26/45] Processing Query Q26...
2026-06-19 06:50:41     Query Q26 Score: 1.00
2026-06-19 06:50:41   [27/45] Processing Query Q27...
2026-06-19 06:50:46     Query Q27 Score: 1.00
2026-06-19 06:50:46   [28/45] Processing Query Q28...
2026-06-19 06:50:50     Query Q28 Score: 1.00
2026-06-19 06:50:50   [29/45] Processing Query Q29...
2026-06-19 06:50:55     Query Q29 Score: 0.50
2026-06-19 06:50:55   [30/45] Processing Query Q30...
2026-06-19 06:51:01     Query Q30 Score: 1.00
2026-06-19 06:51:01   [31/45] Processing Query Q31...
2026-06-19 06:51:05     Query Q31 Score: 1.00
2026-06-19 06:51:05   [32/45] Processing Query Q32...
2026-06-19 06:51:11     Query Q32 Score: 0.95
2026-06-19 06:51:11   [33/45] Processing Query Q33...
2026-06-19 06:51:17     Query Q33 Score: 1.00
2026-06-19 06:51:17   [34/45] Processing Query Q34...
2026-06-19 06:51:22     Query Q34 Score: 1.00
2026-06-19 06:51:22   [35/45] Processing Query Q35...
2026-06-19 06:51:26     Query Q35 Score: 0.95
2026-06-19 06:51:26   [36/45] Processing Query Q36...
2026-06-19 06:51:31     Query Q36 Score: 1.00
2026-06-19 06:51:31   [37/45] Processing Query Q37...
2026-06-19 06:51:36     Query Q37 Score: 1.00
2026-06-19 06:51:36   [38/45] Processing Query Q38...
2026-06-19 06:51:41     Query Q38 Score: 0.85
2026-06-19 06:51:41   [39/45] Processing Query Q39...
2026-06-19 06:51:46     Query Q39 Score: 0.95
2026-06-19 06:51:46   [40/45] Processing Query Q40...
2026-06-19 06:51:51     Query Q40 Score: 1.00
2026-06-19 06:51:51   [41/45] Processing Query Q41...
2026-06-19 06:51:57     Query Q41 Score: 0.90
2026-06-19 06:51:57   [42/45] Processing Query Q42...
2026-06-19 06:52:01     Query Q42 Score: 1.00
2026-06-19 06:52:01   [43/45] Processing Query Q43...
2026-06-19 06:52:06     Query Q43 Score: 1.00
2026-06-19 06:52:06   [44/45] Processing Query Q48...
2026-06-19 06:52:19     Query Q48 Score: 1.00
2026-06-19 06:52:19   [45/45] Processing Query Q49...
2026-06-19 06:52:26     Query Q49 Score: 0.40
2026-06-19 06:52:26 Saved validation results to /home/virtualuser/model_evaluation/autoresearch/archive/run_20260618_134629/outputs/validation_results_iter164_20260619_065226.csv
2026-06-19 06:52:26 Validation run completed. Overall Mean Score: 0.9056
2026-06-19 06:52:26 Candidate Score: 0.9056 (Delta: -0.0411)
2026-06-19 06:52:26 >>> FAILURE: Score did not improve. Discarding changes.
2026-06-19 06:52:27 Iteration #164 logged successfully to experiments.json.
2026-06-19 06:52:27 
2026-06-19 06:52:27 =========================================
2026-06-19 06:52:27 STARTING ITERATION #165
2026-06-19 06:52:27 =========================================
2026-06-19 06:52:27 Current Champion Score: 0.9467
2026-06-19 06:52:27 Failing queries to fix: 13
2026-06-19 06:52:27 Calling Optimizer Agent to refine instructions...
2026-06-19 06:55:08 Starting validation run on 45 queries...
2026-06-19 06:55:08   [1/45] Processing Query Q01...
2026-06-19 06:55:13     Query Q01 Score: 1.00
2026-06-19 06:55:13   [2/45] Processing Query Q02...
2026-06-19 06:55:18     Query Q02 Score: 1.00
2026-06-19 06:55:18   [3/45] Processing Query Q03...
2026-06-19 06:55:24     Query Q03 Score: 0.95
2026-06-19 06:55:24   [4/45] Processing Query Q04...
2026-06-19 06:55:29     Query Q04 Score: 1.00
2026-06-19 06:55:29   [5/45] Processing Query Q05...
2026-06-19 06:55:35     Query Q05 Score: 0.40
2026-06-19 06:55:35   [6/45] Processing Query Q06...
2026-06-19 06:55:40     Query Q06 Score: 1.00
2026-06-19 06:55:40   [7/45] Processing Query Q07...
2026-06-19 06:55:45     Query Q07 Score: 1.00
2026-06-19 06:55:45   [8/45] Processing Query Q08...
2026-06-19 06:55:50     Query Q08 Score: 1.00
2026-06-19 06:55:50   [9/45] Processing Query Q09...
2026-06-19 06:55:56     Query Q09 Score: 1.00
2026-06-19 06:55:56   [10/45] Processing Query Q10...
2026-06-19 06:56:01     Query Q10 Score: 1.00
2026-06-19 06:56:01   [11/45] Processing Query Q11...
2026-06-19 06:56:10     Query Q11 Score: 0.40
2026-06-19 06:56:10   [12/45] Processing Query Q12...
2026-06-19 06:56:15     Query Q12 Score: 1.00
2026-06-19 06:56:15   [13/45] Processing Query Q13...
2026-06-19 06:56:22     Query Q13 Score: 0.20
2026-06-19 06:56:22   [14/45] Processing Query Q14...
2026-06-19 06:56:29     Query Q14 Score: 0.50
2026-06-19 06:56:29   [15/45] Processing Query Q15...
2026-06-19 06:56:36     Query Q15 Score: 0.60
2026-06-19 06:56:36   [16/45] Processing Query Q16...
2026-06-19 06:56:41     Query Q16 Score: 0.50
2026-06-19 06:56:41   [17/45] Processing Query Q17...
2026-06-19 06:56:46     Query Q17 Score: 1.00
2026-06-19 06:56:46   [18/45] Processing Query Q18...
2026-06-19 06:56:51     Query Q18 Score: 1.00
2026-06-19 06:56:51   [19/45] Processing Query Q19...
2026-06-19 06:57:20     Query Q19 Score: 0.50
2026-06-19 06:57:20   [20/45] Processing Query Q20...
2026-06-19 06:57:25     Query Q20 Score: 0.90
2026-06-19 06:57:25   [21/45] Processing Query Q21...
2026-06-19 06:57:29     Query Q21 Score: 1.00
2026-06-19 06:57:29   [22/45] Processing Query Q22...
2026-06-19 06:57:34     Query Q22 Score: 1.00
2026-06-19 06:57:34   [23/45] Processing Query Q23...
2026-06-19 06:57:52     Query Q23 Score: 0.50
2026-06-19 06:57:52   [24/45] Processing Query Q24...
2026-06-19 06:57:56     Query Q24 Score: 1.00
2026-06-19 06:57:56   [25/45] Processing Query Q25...
2026-06-19 06:58:01     Query Q25 Score: 1.00
2026-06-19 06:58:01   [26/45] Processing Query Q26...
2026-06-19 06:58:05     Query Q26 Score: 1.00
2026-06-19 06:58:05   [27/45] Processing Query Q27...
2026-06-19 06:58:10     Query Q27 Score: 1.00
2026-06-19 06:58:10   [28/45] Processing Query Q28...
2026-06-19 06:58:14     Query Q28 Score: 1.00
2026-06-19 06:58:14   [29/45] Processing Query Q29...
2026-06-19 06:58:19     Query Q29 Score: 0.50
2026-06-19 06:58:19   [30/45] Processing Query Q30...
2026-06-19 06:58:24     Query Q30 Score: 1.00
2026-06-19 06:58:24   [31/45] Processing Query Q31...
2026-06-19 06:58:29     Query Q31 Score: 1.00
2026-06-19 06:58:29   [32/45] Processing Query Q32...
2026-06-19 06:58:35     Query Q32 Score: 0.95
2026-06-19 06:58:35   [33/45] Processing Query Q33...
2026-06-19 06:58:41     Query Q33 Score: 0.95
2026-06-19 06:58:41   [34/45] Processing Query Q34...
2026-06-19 06:58:46     Query Q34 Score: 1.00
2026-06-19 06:58:46   [35/45] Processing Query Q35...
2026-06-19 06:58:51     Query Q35 Score: 1.00
2026-06-19 06:58:51   [36/45] Processing Query Q36...
2026-06-19 06:58:56     Query Q36 Score: 1.00
2026-06-19 06:58:56   [37/45] Processing Query Q37...
2026-06-19 06:59:01     Query Q37 Score: 0.50
2026-06-19 06:59:01   [38/45] Processing Query Q38...
2026-06-19 06:59:06     Query Q38 Score: 0.85
2026-06-19 06:59:06   [39/45] Processing Query Q39...
2026-06-19 06:59:11     Query Q39 Score: 0.95
2026-06-19 06:59:11   [40/45] Processing Query Q40...
2026-06-19 06:59:15     Query Q40 Score: 1.00
2026-06-19 06:59:15   [41/45] Processing Query Q41...
2026-06-19 06:59:21     Query Q41 Score: 0.90
2026-06-19 06:59:21   [42/45] Processing Query Q42...
2026-06-19 06:59:26     Query Q42 Score: 1.00
2026-06-19 06:59:26   [43/45] Processing Query Q43...
2026-06-19 06:59:31     Query Q43 Score: 0.85
2026-06-19 06:59:31   [44/45] Processing Query Q48...
2026-06-19 06:59:38     Query Q48 Score: 0.95
2026-06-19 06:59:38   [45/45] Processing Query Q49...
2026-06-19 06:59:45     Query Q49 Score: 0.75
2026-06-19 06:59:45 Saved validation results to /home/virtualuser/model_evaluation/autoresearch/archive/run_20260618_134629/outputs/validation_results_iter165_20260619_065945.csv
2026-06-19 06:59:45 Validation run completed. Overall Mean Score: 0.8578
2026-06-19 06:59:45 Candidate Score: 0.8578 (Delta: -0.0889)
2026-06-19 06:59:45 >>> FAILURE: Score did not improve. Discarding changes.
2026-06-19 06:59:45 Iteration #165 logged successfully to experiments.json.
2026-06-19 06:59:45 
2026-06-19 06:59:45 =========================================
2026-06-19 06:59:45 STARTING ITERATION #166
2026-06-19 06:59:45 =========================================
2026-06-19 06:59:45 Current Champion Score: 0.9467
2026-06-19 06:59:45 Failing queries to fix: 13
2026-06-19 06:59:45 Calling Optimizer Agent to refine instructions...
2026-06-19 07:02:33 Starting validation run on 45 queries...
2026-06-19 07:02:33   [1/45] Processing Query Q01...
2026-06-19 07:02:38     Query Q01 Score: 1.00
2026-06-19 07:02:38   [2/45] Processing Query Q02...
2026-06-19 07:02:44     Query Q02 Score: 1.00
2026-06-19 07:02:44   [3/45] Processing Query Q03...
2026-06-19 07:02:49     Query Q03 Score: 0.95
2026-06-19 07:02:49   [4/45] Processing Query Q04...
2026-06-19 07:02:55     Query Q04 Score: 1.00
2026-06-19 07:02:55   [5/45] Processing Query Q05...
2026-06-19 07:03:00     Query Q05 Score: 0.40
2026-06-19 07:03:00   [6/45] Processing Query Q06...
2026-06-19 07:03:05     Query Q06 Score: 1.00
2026-06-19 07:03:05   [7/45] Processing Query Q07...
2026-06-19 07:03:10     Query Q07 Score: 1.00
2026-06-19 07:03:10   [8/45] Processing Query Q08...
2026-06-19 07:03:15     Query Q08 Score: 1.00
2026-06-19 07:03:15   [9/45] Processing Query Q09...
2026-06-19 07:03:21     Query Q09 Score: 1.00
2026-06-19 07:03:21   [10/45] Processing Query Q10...
2026-06-19 07:03:26     Query Q10 Score: 1.00
2026-06-19 07:03:26   [11/45] Processing Query Q11...
2026-06-19 07:03:43     Query Q11 Score: 0.75
2026-06-19 07:03:43   [12/45] Processing Query Q12...
2026-06-19 07:03:48     Query Q12 Score: 1.00
2026-06-19 07:03:48   [13/45] Processing Query Q13...
2026-06-19 07:03:55     Query Q13 Score: 0.70
2026-06-19 07:03:55   [14/45] Processing Query Q14...
2026-06-19 07:04:02     Query Q14 Score: 0.40
2026-06-19 07:04:02   [15/45] Processing Query Q15...
2026-06-19 07:04:08     Query Q15 Score: 0.60
2026-06-19 07:04:08   [16/45] Processing Query Q16...
2026-06-19 07:04:13     Query Q16 Score: 0.50
2026-06-19 07:04:13   [17/45] Processing Query Q17...
2026-06-19 07:04:19     Query Q17 Score: 1.00
2026-06-19 07:04:19   [18/45] Processing Query Q18...
2026-06-19 07:04:24     Query Q18 Score: 1.00
2026-06-19 07:04:24   [19/45] Processing Query Q19...
2026-06-19 07:04:29     Query Q19 Score: 0.90
2026-06-19 07:04:29   [20/45] Processing Query Q20...
2026-06-19 07:04:34     Query Q20 Score: 0.90
2026-06-19 07:04:34   [21/45] Processing Query Q21...
2026-06-19 07:04:39     Query Q21 Score: 1.00
2026-06-19 07:04:39   [22/45] Processing Query Q22...
2026-06-19 07:04:44     Query Q22 Score: 1.00
2026-06-19 07:04:44   [23/45] Processing Query Q23...
2026-06-19 07:04:50     Query Q23 Score: 0.75
2026-06-19 07:04:50   [24/45] Processing Query Q24...
2026-06-19 07:04:54     Query Q24 Score: 1.00
2026-06-19 07:04:54   [25/45] Processing Query Q25...
2026-06-19 07:04:59     Query Q25 Score: 1.00
2026-06-19 07:04:59   [26/45] Processing Query Q26...
2026-06-19 07:05:04     Query Q26 Score: 1.00
2026-06-19 07:05:04   [27/45] Processing Query Q27...
2026-06-19 07:05:09     Query Q27 Score: 0.95
2026-06-19 07:05:09   [28/45] Processing Query Q28...
2026-06-19 07:05:13     Query Q28 Score: 1.00
2026-06-19 07:05:13   [29/45] Processing Query Q29...
2026-06-19 07:05:19     Query Q29 Score: 1.00
2026-06-19 07:05:19   [30/45] Processing Query Q30...
2026-06-19 07:05:24     Query Q30 Score: 1.00
2026-06-19 07:05:24   [31/45] Processing Query Q31...
2026-06-19 07:05:29     Query Q31 Score: 1.00
2026-06-19 07:05:29   [32/45] Processing Query Q32...
2026-06-19 07:05:35     Query Q32 Score: 0.95
2026-06-19 07:05:35   [33/45] Processing Query Q33...
2026-06-19 07:05:43     Query Q33 Score: 0.60
2026-06-19 07:05:43   [34/45] Processing Query Q34...
2026-06-19 07:05:47     Query Q34 Score: 1.00
2026-06-19 07:05:47   [35/45] Processing Query Q35...
2026-06-19 07:05:52     Query Q35 Score: 1.00
2026-06-19 07:05:52   [36/45] Processing Query Q36...
2026-06-19 07:06:00     Query Q36 Score: 1.00
2026-06-19 07:06:00   [37/45] Processing Query Q37...
2026-06-19 07:06:05     Query Q37 Score: 0.50
2026-06-19 07:06:05   [38/45] Processing Query Q38...
2026-06-19 07:06:10     Query Q38 Score: 0.85
2026-06-19 07:06:10   [39/45] Processing Query Q39...
2026-06-19 07:06:15     Query Q39 Score: 1.00
2026-06-19 07:06:15   [40/45] Processing Query Q40...
2026-06-19 07:06:20     Query Q40 Score: 1.00
2026-06-19 07:06:20   [41/45] Processing Query Q41...
2026-06-19 07:06:26     Query Q41 Score: 0.60
2026-06-19 07:06:26   [42/45] Processing Query Q42...
2026-06-19 07:06:31     Query Q42 Score: 1.00
2026-06-19 07:06:31   [43/45] Processing Query Q43...
2026-06-19 07:06:35     Query Q43 Score: 0.50
2026-06-19 07:06:35   [44/45] Processing Query Q48...
2026-06-19 07:06:42     Query Q48 Score: 0.85
2026-06-19 07:06:42   [45/45] Processing Query Q49...
2026-06-19 07:07:10     Query Q49 Score: 0.50
2026-06-19 07:07:10 Saved validation results to /home/virtualuser/model_evaluation/autoresearch/archive/run_20260618_134629/outputs/validation_results_iter166_20260619_070710.csv
2026-06-19 07:07:10 Validation run completed. Overall Mean Score: 0.8700
2026-06-19 07:07:10 Candidate Score: 0.8700 (Delta: -0.0767)
2026-06-19 07:07:10 >>> FAILURE: Score did not improve. Discarding changes.
2026-06-19 07:07:10 Iteration #166 logged successfully to experiments.json.
2026-06-19 07:07:10 
2026-06-19 07:07:10 =========================================
2026-06-19 07:07:10 STARTING ITERATION #167
2026-06-19 07:07:10 =========================================
2026-06-19 07:07:10 Current Champion Score: 0.9467
2026-06-19 07:07:10 Failing queries to fix: 13
2026-06-19 07:07:10 Calling Optimizer Agent to refine instructions...
2026-06-19 07:09:51 Starting validation run on 45 queries...
2026-06-19 07:09:51   [1/45] Processing Query Q01...
2026-06-19 07:09:56     Query Q01 Score: 1.00
2026-06-19 07:09:56   [2/45] Processing Query Q02...
2026-06-19 07:10:01     Query Q02 Score: 1.00
2026-06-19 07:10:01   [3/45] Processing Query Q03...
2026-06-19 07:10:06     Query Q03 Score: 1.00
2026-06-19 07:10:06   [4/45] Processing Query Q04...
2026-06-19 07:10:12     Query Q04 Score: 1.00
2026-06-19 07:10:12   [5/45] Processing Query Q05...
2026-06-19 07:10:17     Query Q05 Score: 0.50
2026-06-19 07:10:17   [6/45] Processing Query Q06...
2026-06-19 07:10:23     Query Q06 Score: 1.00
2026-06-19 07:10:23   [7/45] Processing Query Q07...
2026-06-19 07:10:28     Query Q07 Score: 1.00
2026-06-19 07:10:28   [8/45] Processing Query Q08...
2026-06-19 07:10:33     Query Q08 Score: 1.00
2026-06-19 07:10:33   [9/45] Processing Query Q09...
2026-06-19 07:10:38     Query Q09 Score: 0.50
2026-06-19 07:10:38   [10/45] Processing Query Q10...
2026-06-19 07:10:43     Query Q10 Score: 1.00
2026-06-19 07:10:43   [11/45] Processing Query Q11...
2026-06-19 07:10:51     Query Q11 Score: 0.75
2026-06-19 07:10:51   [12/45] Processing Query Q12...
2026-06-19 07:10:55     Query Q12 Score: 1.00
2026-06-19 07:10:55   [13/45] Processing Query Q13...
2026-06-19 07:11:03     Query Q13 Score: 0.30
2026-06-19 07:11:03   [14/45] Processing Query Q14...
2026-06-19 07:11:07     Query Q14 Score: 0.50
2026-06-19 07:11:07   [15/45] Processing Query Q15...
2026-06-19 07:11:13     Query Q15 Score: 1.00
2026-06-19 07:11:13   [16/45] Processing Query Q16...
2026-06-19 07:11:19     Query Q16 Score: 0.50
2026-06-19 07:11:19   [17/45] Processing Query Q17...
2026-06-19 07:11:24     Query Q17 Score: 1.00
2026-06-19 07:11:24   [18/45] Processing Query Q18...
2026-06-19 07:11:29     Query Q18 Score: 1.00
2026-06-19 07:11:29   [19/45] Processing Query Q19...
2026-06-19 07:11:34     Query Q19 Score: 0.75
2026-06-19 07:11:34   [20/45] Processing Query Q20...
2026-06-19 07:11:39     Query Q20 Score: 0.90
2026-06-19 07:11:39   [21/45] Processing Query Q21...
2026-06-19 07:11:43     Query Q21 Score: 1.00
2026-06-19 07:11:43   [22/45] Processing Query Q22...
2026-06-19 07:11:48     Query Q22 Score: 1.00
2026-06-19 07:11:48   [23/45] Processing Query Q23...
2026-06-19 07:11:54     Query Q23 Score: 0.50
2026-06-19 07:11:54   [24/45] Processing Query Q24...
2026-06-19 07:11:58     Query Q24 Score: 1.00
2026-06-19 07:11:58   [25/45] Processing Query Q25...
2026-06-19 07:12:03     Query Q25 Score: 1.00
2026-06-19 07:12:03   [26/45] Processing Query Q26...
2026-06-19 07:12:07     Query Q26 Score: 1.00
2026-06-19 07:12:07   [27/45] Processing Query Q27...
2026-06-19 07:12:11     Query Q27 Score: 1.00
2026-06-19 07:12:11   [28/45] Processing Query Q28...
2026-06-19 07:12:16     Query Q28 Score: 1.00
2026-06-19 07:12:16   [29/45] Processing Query Q29...
2026-06-19 07:12:21     Query Q29 Score: 0.50
2026-06-19 07:12:21   [30/45] Processing Query Q30...
2026-06-19 07:12:26     Query Q30 Score: 1.00
2026-06-19 07:12:26   [31/45] Processing Query Q31...
2026-06-19 07:12:31     Query Q31 Score: 0.95
2026-06-19 07:12:31   [32/45] Processing Query Q32...
2026-06-19 07:12:36     Query Q32 Score: 0.95
2026-06-19 07:12:36   [33/45] Processing Query Q33...
2026-06-19 07:12:42     Query Q33 Score: 0.95
2026-06-19 07:12:42   [34/45] Processing Query Q34...
2026-06-19 07:12:47     Query Q34 Score: 1.00
2026-06-19 07:12:47   [35/45] Processing Query Q35...
2026-06-19 07:12:51     Query Q35 Score: 1.00
2026-06-19 07:12:51   [36/45] Processing Query Q36...
2026-06-19 07:12:59     Query Q36 Score: 1.00
2026-06-19 07:12:59   [37/45] Processing Query Q37...
2026-06-19 07:13:04     Query Q37 Score: 1.00
2026-06-19 07:13:04   [38/45] Processing Query Q38...
2026-06-19 07:13:10     Query Q38 Score: 1.00
2026-06-19 07:13:10   [39/45] Processing Query Q39...
2026-06-19 07:13:15     Query Q39 Score: 1.00
2026-06-19 07:13:15   [40/45] Processing Query Q40...
2026-06-19 07:13:20     Query Q40 Score: 1.00
2026-06-19 07:13:20   [41/45] Processing Query Q41...
2026-06-19 07:13:25     Query Q41 Score: 0.90
2026-06-19 07:13:25   [42/45] Processing Query Q42...
2026-06-19 07:13:30     Query Q42 Score: 1.00
2026-06-19 07:13:30   [43/45] Processing Query Q43...
2026-06-19 07:13:35     Query Q43 Score: 1.00
2026-06-19 07:13:35   [44/45] Processing Query Q48...
2026-06-19 07:13:42     Query Q48 Score: 0.85
2026-06-19 07:13:42   [45/45] Processing Query Q49...
2026-06-19 07:13:49     Query Q49 Score: 1.00
2026-06-19 07:13:49 Saved validation results to /home/virtualuser/model_evaluation/autoresearch/archive/run_20260618_134629/outputs/validation_results_iter167_20260619_071349.csv
2026-06-19 07:13:49 Validation run completed. Overall Mean Score: 0.8956
2026-06-19 07:13:49 Candidate Score: 0.8956 (Delta: -0.0511)
2026-06-19 07:13:49 >>> FAILURE: Score did not improve. Discarding changes.
2026-06-19 07:13:49 Iteration #167 logged successfully to experiments.json.
2026-06-19 07:13:49 
2026-06-19 07:13:49 =========================================
2026-06-19 07:13:49 STARTING ITERATION #168
2026-06-19 07:13:49 =========================================
2026-06-19 07:13:49 Current Champion Score: 0.9467
2026-06-19 07:13:49 Failing queries to fix: 13
2026-06-19 07:13:49 Calling Optimizer Agent to refine instructions...
2026-06-19 07:16:35 Starting validation run on 45 queries...
2026-06-19 07:16:35   [1/45] Processing Query Q01...
2026-06-19 07:16:40     Query Q01 Score: 1.00
2026-06-19 07:16:40   [2/45] Processing Query Q02...
2026-06-19 07:16:45     Query Q02 Score: 1.00
2026-06-19 07:16:45   [3/45] Processing Query Q03...
2026-06-19 07:16:51     Query Q03 Score: 0.95
2026-06-19 07:16:51   [4/45] Processing Query Q04...
2026-06-19 07:16:56     Query Q04 Score: 1.00
2026-06-19 07:16:56   [5/45] Processing Query Q05...
2026-06-19 07:17:02     Query Q05 Score: 1.00
2026-06-19 07:17:02   [6/45] Processing Query Q06...
2026-06-19 07:17:08     Query Q06 Score: 1.00
2026-06-19 07:17:08   [7/45] Processing Query Q07...
2026-06-19 07:17:13     Query Q07 Score: 1.00
2026-06-19 07:17:13   [8/45] Processing Query Q08...
2026-06-19 07:17:17     Query Q08 Score: 1.00
2026-06-19 07:17:17   [9/45] Processing Query Q09...
2026-06-19 07:17:23     Query Q09 Score: 1.00
2026-06-19 07:17:23   [10/45] Processing Query Q10...
2026-06-19 07:17:29     Query Q10 Score: 1.00
2026-06-19 07:17:29   [11/45] Processing Query Q11...
2026-06-19 07:17:35     Query Q11 Score: 0.40
2026-06-19 07:17:35   [12/45] Processing Query Q12...
2026-06-19 07:17:40     Query Q12 Score: 1.00
2026-06-19 07:17:40   [13/45] Processing Query Q13...
2026-06-19 07:17:48     Query Q13 Score: 0.40
2026-06-19 07:17:48   [14/45] Processing Query Q14...
2026-06-19 07:17:52     Query Q14 Score: 0.85
2026-06-19 07:17:52   [15/45] Processing Query Q15...
2026-06-19 07:17:58     Query Q15 Score: 1.00
2026-06-19 07:17:58   [16/45] Processing Query Q16...
2026-06-19 07:18:11     Query Q16 Score: 1.00
2026-06-19 07:18:11   [17/45] Processing Query Q17...
2026-06-19 07:18:15     Query Q17 Score: 1.00
2026-06-19 07:18:15   [18/45] Processing Query Q18...
2026-06-19 07:18:20     Query Q18 Score: 1.00
2026-06-19 07:18:20   [19/45] Processing Query Q19...
2026-06-19 07:18:25     Query Q19 Score: 0.95
2026-06-19 07:18:25   [20/45] Processing Query Q20...
2026-06-19 07:18:30     Query Q20 Score: 0.90
2026-06-19 07:18:30   [21/45] Processing Query Q21...
2026-06-19 07:18:35     Query Q21 Score: 1.00
2026-06-19 07:18:35   [22/45] Processing Query Q22...
2026-06-19 07:18:39     Query Q22 Score: 1.00
2026-06-19 07:18:39   [23/45] Processing Query Q23...
2026-06-19 07:18:57     Query Q23 Score: 0.90
2026-06-19 07:18:57   [24/45] Processing Query Q24...
2026-06-19 07:19:02     Query Q24 Score: 1.00
2026-06-19 07:19:02   [25/45] Processing Query Q25...
2026-06-19 07:19:07     Query Q25 Score: 1.00
2026-06-19 07:19:07   [26/45] Processing Query Q26...
2026-06-19 07:19:11     Query Q26 Score: 1.00
2026-06-19 07:19:11   [27/45] Processing Query Q27...
2026-06-19 07:19:15     Query Q27 Score: 1.00
2026-06-19 07:19:15   [28/45] Processing Query Q28...
2026-06-19 07:19:20     Query Q28 Score: 1.00
2026-06-19 07:19:20   [29/45] Processing Query Q29...
2026-06-19 07:19:24     Query Q29 Score: 0.50
2026-06-19 07:19:24   [30/45] Processing Query Q30...
2026-06-19 07:19:30     Query Q30 Score: 1.00
2026-06-19 07:19:30   [31/45] Processing Query Q31...
2026-06-19 07:19:35     Query Q31 Score: 1.00
2026-06-19 07:19:35   [32/45] Processing Query Q32...
2026-06-19 07:19:40     Query Q32 Score: 0.95
2026-06-19 07:19:40   [33/45] Processing Query Q33...
2026-06-19 07:19:46     Query Q33 Score: 1.00
2026-06-19 07:19:46   [34/45] Processing Query Q34...
2026-06-19 07:19:51     Query Q34 Score: 1.00
2026-06-19 07:19:51   [35/45] Processing Query Q35...
2026-06-19 07:19:55     Query Q35 Score: 1.00
2026-06-19 07:19:55   [36/45] Processing Query Q36...
2026-06-19 07:20:00     Query Q36 Score: 1.00
2026-06-19 07:20:00   [37/45] Processing Query Q37...
2026-06-19 07:20:05     Query Q37 Score: 0.50
2026-06-19 07:20:05   [38/45] Processing Query Q38...
2026-06-19 07:20:10     Query Q38 Score: 0.85
2026-06-19 07:20:10   [39/45] Processing Query Q39...
2026-06-19 07:20:15     Query Q39 Score: 0.95
2026-06-19 07:20:15   [40/45] Processing Query Q40...
2026-06-19 07:20:20     Query Q40 Score: 1.00
2026-06-19 07:20:20   [41/45] Processing Query Q41...
2026-06-19 07:20:25     Query Q41 Score: 0.85
2026-06-19 07:20:25   [42/45] Processing Query Q42...
2026-06-19 07:20:30     Query Q42 Score: 1.00
2026-06-19 07:20:30   [43/45] Processing Query Q43...
2026-06-19 07:20:35     Query Q43 Score: 1.00
2026-06-19 07:20:35   [44/45] Processing Query Q48...
2026-06-19 07:20:41     Query Q48 Score: 0.40
2026-06-19 07:20:41   [45/45] Processing Query Q49...
2026-06-19 07:20:48     Query Q49 Score: 0.40
2026-06-19 07:20:48 Saved validation results to /home/virtualuser/model_evaluation/autoresearch/archive/run_20260618_134629/outputs/validation_results_iter168_20260619_072048.csv
2026-06-19 07:20:48 Validation run completed. Overall Mean Score: 0.9056
2026-06-19 07:20:48 Candidate Score: 0.9056 (Delta: -0.0411)
2026-06-19 07:20:48 >>> FAILURE: Score did not improve. Discarding changes.
2026-06-19 07:20:49 Iteration #168 logged successfully to experiments.json.
2026-06-19 07:20:49 
2026-06-19 07:20:49 =========================================
2026-06-19 07:20:49 STARTING ITERATION #169
2026-06-19 07:20:49 =========================================
2026-06-19 07:20:49 Current Champion Score: 0.9467
2026-06-19 07:20:49 Failing queries to fix: 13
2026-06-19 07:20:49 Calling Optimizer Agent to refine instructions...
2026-06-19 07:23:19 Starting validation run on 45 queries...
2026-06-19 07:23:19   [1/45] Processing Query Q01...
2026-06-19 07:23:24     Query Q01 Score: 1.00
2026-06-19 07:23:24   [2/45] Processing Query Q02...
2026-06-19 07:23:29     Query Q02 Score: 1.00
2026-06-19 07:23:29   [3/45] Processing Query Q03...
2026-06-19 07:23:34     Query Q03 Score: 0.90
2026-06-19 07:23:34   [4/45] Processing Query Q04...
2026-06-19 07:23:39     Query Q04 Score: 1.00
2026-06-19 07:23:39   [5/45] Processing Query Q05...
2026-06-19 07:23:44     Query Q05 Score: 0.40
2026-06-19 07:23:44   [6/45] Processing Query Q06...
2026-06-19 07:23:50     Query Q06 Score: 1.00
2026-06-19 07:23:50   [7/45] Processing Query Q07...
2026-06-19 07:23:55     Query Q07 Score: 1.00
2026-06-19 07:23:55   [8/45] Processing Query Q08...
2026-06-19 07:24:00     Query Q08 Score: 1.00
2026-06-19 07:24:00   [9/45] Processing Query Q09...
2026-06-19 07:24:05     Query Q09 Score: 1.00
2026-06-19 07:24:05   [10/45] Processing Query Q10...
2026-06-19 07:24:11     Query Q10 Score: 1.00
2026-06-19 07:24:11   [11/45] Processing Query Q11...
2026-06-19 07:24:18     Query Q11 Score: 0.75
2026-06-19 07:24:18   [12/45] Processing Query Q12...
2026-06-19 07:24:22     Query Q12 Score: 1.00
2026-06-19 07:24:22   [13/45] Processing Query Q13...
2026-06-19 07:24:28     Query Q13 Score: 0.30
2026-06-19 07:24:28   [14/45] Processing Query Q14...
2026-06-19 07:24:33     Query Q14 Score: 0.85
2026-06-19 07:24:33   [15/45] Processing Query Q15...
2026-06-19 07:24:39     Query Q15 Score: 1.00
2026-06-19 07:24:39   [16/45] Processing Query Q16...
2026-06-19 07:24:44     Query Q16 Score: 0.50
2026-06-19 07:24:44   [17/45] Processing Query Q17...
2026-06-19 07:24:49     Query Q17 Score: 1.00
2026-06-19 07:24:49   [18/45] Processing Query Q18...
2026-06-19 07:24:54     Query Q18 Score: 1.00
2026-06-19 07:24:54   [19/45] Processing Query Q19...
2026-06-19 07:24:59     Query Q19 Score: 0.95
2026-06-19 07:24:59   [20/45] Processing Query Q20...
2026-06-19 07:25:04     Query Q20 Score: 0.90
2026-06-19 07:25:04   [21/45] Processing Query Q21...
2026-06-19 07:25:08     Query Q21 Score: 1.00
2026-06-19 07:25:08   [22/45] Processing Query Q22...
2026-06-19 07:25:13     Query Q22 Score: 1.00
2026-06-19 07:25:13   [23/45] Processing Query Q23...
2026-06-19 07:25:19     Query Q23 Score: 1.00
2026-06-19 07:25:19   [24/45] Processing Query Q24...
2026-06-19 07:25:23     Query Q24 Score: 1.00
2026-06-19 07:25:23   [25/45] Processing Query Q25...
2026-06-19 07:25:28     Query Q25 Score: 1.00
2026-06-19 07:25:28   [26/45] Processing Query Q26...
2026-06-19 07:25:32     Query Q26 Score: 1.00
2026-06-19 07:25:32   [27/45] Processing Query Q27...
2026-06-19 07:25:42     Query Q27 Score: 0.50
2026-06-19 07:25:42   [28/45] Processing Query Q28...
2026-06-19 07:25:47     Query Q28 Score: 1.00
2026-06-19 07:25:47   [29/45] Processing Query Q29...
2026-06-19 07:25:52     Query Q29 Score: 0.60
2026-06-19 07:25:52   [30/45] Processing Query Q30...
2026-06-19 07:25:57     Query Q30 Score: 1.00
2026-06-19 07:25:57   [31/45] Processing Query Q31...
2026-06-19 07:26:02     Query Q31 Score: 0.95
2026-06-19 07:26:02   [32/45] Processing Query Q32...
2026-06-19 07:26:08     Query Q32 Score: 0.95
2026-06-19 07:26:08   [33/45] Processing Query Q33...
2026-06-19 07:26:14     Query Q33 Score: 0.75
2026-06-19 07:26:14   [34/45] Processing Query Q34...
2026-06-19 07:26:18     Query Q34 Score: 1.00
2026-06-19 07:26:18   [35/45] Processing Query Q35...
2026-06-19 07:26:22     Query Q35 Score: 1.00
2026-06-19 07:26:22   [36/45] Processing Query Q36...
2026-06-19 07:26:30     Query Q36 Score: 1.00
2026-06-19 07:26:30   [37/45] Processing Query Q37...
2026-06-19 07:26:35     Query Q37 Score: 0.50
2026-06-19 07:26:35   [38/45] Processing Query Q38...
2026-06-19 07:26:40     Query Q38 Score: 0.85
2026-06-19 07:26:40   [39/45] Processing Query Q39...
2026-06-19 07:26:44     Query Q39 Score: 0.95
2026-06-19 07:26:44   [40/45] Processing Query Q40...
2026-06-19 07:26:49     Query Q40 Score: 1.00
2026-06-19 07:26:49   [41/45] Processing Query Q41...
2026-06-19 07:26:55     Query Q41 Score: 0.85
2026-06-19 07:26:55   [42/45] Processing Query Q42...
2026-06-19 07:26:59     Query Q42 Score: 1.00
2026-06-19 07:26:59   [43/45] Processing Query Q43...
2026-06-19 07:27:04     Query Q43 Score: 1.00
2026-06-19 07:27:04   [44/45] Processing Query Q48...
2026-06-19 07:27:10     Query Q48 Score: 1.00
2026-06-19 07:27:10   [45/45] Processing Query Q49...
2026-06-19 07:27:17     Query Q49 Score: 0.50
2026-06-19 07:27:17 Saved validation results to /home/virtualuser/model_evaluation/autoresearch/archive/run_20260618_134629/outputs/validation_results_iter169_20260619_072717.csv
2026-06-19 07:27:17 Validation run completed. Overall Mean Score: 0.8878
2026-06-19 07:27:17 Candidate Score: 0.8878 (Delta: -0.0589)
2026-06-19 07:27:17 >>> FAILURE: Score did not improve. Discarding changes.
2026-06-19 07:27:17 Iteration #169 logged successfully to experiments.json.
2026-06-19 07:27:17 
2026-06-19 07:27:17 =========================================
2026-06-19 07:27:17 STARTING ITERATION #170
2026-06-19 07:27:17 =========================================
2026-06-19 07:27:17 Current Champion Score: 0.9467
2026-06-19 07:27:17 Failing queries to fix: 13
2026-06-19 07:27:17 Calling Optimizer Agent to refine instructions...
2026-06-19 07:30:02 Starting validation run on 45 queries...
2026-06-19 07:30:02   [1/45] Processing Query Q01...
2026-06-19 07:30:07     Query Q01 Score: 1.00
2026-06-19 07:30:07   [2/45] Processing Query Q02...
2026-06-19 07:30:12     Query Q02 Score: 1.00
2026-06-19 07:30:12   [3/45] Processing Query Q03...
2026-06-19 07:30:18     Query Q03 Score: 0.95
2026-06-19 07:30:18   [4/45] Processing Query Q04...
2026-06-19 07:30:23     Query Q04 Score: 1.00
2026-06-19 07:30:23   [5/45] Processing Query Q05...
2026-06-19 07:30:28     Query Q05 Score: 0.40
2026-06-19 07:30:28   [6/45] Processing Query Q06...
2026-06-19 07:30:33     Query Q06 Score: 1.00
2026-06-19 07:30:33   [7/45] Processing Query Q07...
2026-06-19 07:30:38     Query Q07 Score: 1.00
2026-06-19 07:30:38   [8/45] Processing Query Q08...
2026-06-19 07:30:43     Query Q08 Score: 1.00
2026-06-19 07:30:43   [9/45] Processing Query Q09...
2026-06-19 07:30:48     Query Q09 Score: 1.00
2026-06-19 07:30:48   [10/45] Processing Query Q10...
2026-06-19 07:30:54     Query Q10 Score: 1.00
2026-06-19 07:30:54   [11/45] Processing Query Q11...
2026-06-19 07:31:01     Query Q11 Score: 0.40
2026-06-19 07:31:01   [12/45] Processing Query Q12...
2026-06-19 07:31:06     Query Q12 Score: 1.00
2026-06-19 07:31:06   [13/45] Processing Query Q13...
2026-06-19 07:31:13     Query Q13 Score: 0.30
2026-06-19 07:31:13   [14/45] Processing Query Q14...
2026-06-19 07:31:18     Query Q14 Score: 0.85
2026-06-19 07:31:18   [15/45] Processing Query Q15...
2026-06-19 07:31:24     Query Q15 Score: 1.00
2026-06-19 07:31:24   [16/45] Processing Query Q16...
2026-06-19 07:31:40     Query Q16 Score: 1.00
2026-06-19 07:31:40   [17/45] Processing Query Q17...
2026-06-19 07:31:45     Query Q17 Score: 1.00
2026-06-19 07:31:45   [18/45] Processing Query Q18...
2026-06-19 07:31:50     Query Q18 Score: 1.00
2026-06-19 07:31:50   [19/45] Processing Query Q19...
2026-06-19 07:32:14     Query Q19 Score: 0.75
2026-06-19 07:32:14   [20/45] Processing Query Q20...
2026-06-19 07:32:19     Query Q20 Score: 0.90
2026-06-19 07:32:19   [21/45] Processing Query Q21...
2026-06-19 07:32:23     Query Q21 Score: 1.00
2026-06-19 07:32:23   [22/45] Processing Query Q22...
2026-06-19 07:32:28     Query Q22 Score: 1.00
2026-06-19 07:32:28   [23/45] Processing Query Q23...
2026-06-19 07:32:34     Query Q23 Score: 0.75
2026-06-19 07:32:34   [24/45] Processing Query Q24...
2026-06-19 07:32:43     Query Q24 Score: 0.90
2026-06-19 07:32:43   [25/45] Processing Query Q25...
2026-06-19 07:32:48     Query Q25 Score: 1.00
2026-06-19 07:32:48   [26/45] Processing Query Q26...
2026-06-19 07:32:53     Query Q26 Score: 1.00
2026-06-19 07:32:53   [27/45] Processing Query Q27...
2026-06-19 07:33:00     Query Q27 Score: 0.50
2026-06-19 07:33:00   [28/45] Processing Query Q28...
2026-06-19 07:33:05     Query Q28 Score: 1.00
2026-06-19 07:33:05   [29/45] Processing Query Q29...
2026-06-19 07:33:09     Query Q29 Score: 0.50
2026-06-19 07:33:09   [30/45] Processing Query Q30...
2026-06-19 07:33:15     Query Q30 Score: 1.00
2026-06-19 07:33:15   [31/45] Processing Query Q31...
2026-06-19 07:33:19     Query Q31 Score: 1.00
2026-06-19 07:33:19   [32/45] Processing Query Q32...
2026-06-19 07:33:25     Query Q32 Score: 0.95
2026-06-19 07:33:25   [33/45] Processing Query Q33...
2026-06-19 07:33:31     Query Q33 Score: 0.75
2026-06-19 07:33:31   [34/45] Processing Query Q34...
2026-06-19 07:33:36     Query Q34 Score: 1.00
2026-06-19 07:33:36   [35/45] Processing Query Q35...
2026-06-19 07:33:40     Query Q35 Score: 1.00
2026-06-19 07:33:40   [36/45] Processing Query Q36...
2026-06-19 07:33:48     Query Q36 Score: 1.00
2026-06-19 07:33:48   [37/45] Processing Query Q37...
2026-06-19 07:33:54     Query Q37 Score: 1.00
2026-06-19 07:33:54   [38/45] Processing Query Q38...
2026-06-19 07:34:00     Query Q38 Score: 1.00
2026-06-19 07:34:00   [39/45] Processing Query Q39...
2026-06-19 07:34:05     Query Q39 Score: 1.00
2026-06-19 07:34:05   [40/45] Processing Query Q40...
2026-06-19 07:34:10     Query Q40 Score: 1.00
2026-06-19 07:34:10   [41/45] Processing Query Q41...
2026-06-19 07:34:16     Query Q41 Score: 0.85
2026-06-19 07:34:16   [42/45] Processing Query Q42...
2026-06-19 07:34:20     Query Q42 Score: 1.00
2026-06-19 07:34:20   [43/45] Processing Query Q43...
2026-06-19 07:34:25     Query Q43 Score: 0.95
2026-06-19 07:34:25   [44/45] Processing Query Q48...
2026-06-19 07:34:32     Query Q48 Score: 0.75
2026-06-19 07:34:32   [45/45] Processing Query Q49...
2026-06-19 07:34:39     Query Q49 Score: 0.40
2026-06-19 07:34:39 Saved validation results to /home/virtualuser/model_evaluation/autoresearch/archive/run_20260618_134629/outputs/validation_results_iter170_20260619_073439.csv
2026-06-19 07:34:39 Validation run completed. Overall Mean Score: 0.8856
2026-06-19 07:34:39 Candidate Score: 0.8856 (Delta: -0.0611)
2026-06-19 07:34:39 >>> FAILURE: Score did not improve. Discarding changes.
2026-06-19 07:34:39 Iteration #170 logged successfully to experiments.json.
2026-06-19 07:34:39 
2026-06-19 07:34:39 =========================================
2026-06-19 07:34:39 STARTING ITERATION #171
2026-06-19 07:34:39 =========================================
2026-06-19 07:34:39 Current Champion Score: 0.9467
2026-06-19 07:34:39 Failing queries to fix: 13
2026-06-19 07:34:39 Calling Optimizer Agent to refine instructions...
2026-06-19 07:37:33 Starting validation run on 45 queries...
2026-06-19 07:37:33   [1/45] Processing Query Q01...
2026-06-19 07:37:38     Query Q01 Score: 1.00
2026-06-19 07:37:38   [2/45] Processing Query Q02...
2026-06-19 07:37:43     Query Q02 Score: 1.00
2026-06-19 07:37:43   [3/45] Processing Query Q03...
2026-06-19 07:37:49     Query Q03 Score: 0.95
2026-06-19 07:37:49   [4/45] Processing Query Q04...
2026-06-19 07:37:54     Query Q04 Score: 0.60
2026-06-19 07:37:54   [5/45] Processing Query Q05...
2026-06-19 07:38:00     Query Q05 Score: 0.30
2026-06-19 07:38:00   [6/45] Processing Query Q06...
2026-06-19 07:38:06     Query Q06 Score: 1.00
2026-06-19 07:38:06   [7/45] Processing Query Q07...
2026-06-19 07:38:10     Query Q07 Score: 1.00
2026-06-19 07:38:10   [8/45] Processing Query Q08...
2026-06-19 07:38:15     Query Q08 Score: 1.00
2026-06-19 07:38:15   [9/45] Processing Query Q09...
2026-06-19 07:38:26     Query Q09 Score: 0.40
2026-06-19 07:38:26   [10/45] Processing Query Q10...
2026-06-19 07:38:32     Query Q10 Score: 1.00
2026-06-19 07:38:32   [11/45] Processing Query Q11...
2026-06-19 07:38:39     Query Q11 Score: 0.85
2026-06-19 07:38:39   [12/45] Processing Query Q12...
2026-06-19 07:38:44     Query Q12 Score: 1.00
2026-06-19 07:38:44   [13/45] Processing Query Q13...
2026-06-19 07:38:53     Query Q13 Score: 0.30
2026-06-19 07:38:53   [14/45] Processing Query Q14...
2026-06-19 07:39:00     Query Q14 Score: 0.75
2026-06-19 07:39:00   [15/45] Processing Query Q15...
2026-06-19 07:39:06     Query Q15 Score: 1.00
2026-06-19 07:39:06   [16/45] Processing Query Q16...
2026-06-19 07:39:15     Query Q16 Score: 1.00
2026-06-19 07:39:15   [17/45] Processing Query Q17...
2026-06-19 07:39:21     Query Q17 Score: 1.00
2026-06-19 07:39:21   [18/45] Processing Query Q18...
2026-06-19 07:39:26     Query Q18 Score: 1.00
2026-06-19 07:39:26   [19/45] Processing Query Q19...
2026-06-19 07:39:30     Query Q19 Score: 0.95
2026-06-19 07:39:30   [20/45] Processing Query Q20...
2026-06-19 07:39:35     Query Q20 Score: 0.90
2026-06-19 07:39:35   [21/45] Processing Query Q21...
2026-06-19 07:39:40     Query Q21 Score: 1.00
2026-06-19 07:39:40   [22/45] Processing Query Q22...
2026-06-19 07:39:45     Query Q22 Score: 1.00
2026-06-19 07:39:45   [23/45] Processing Query Q23...
2026-06-19 07:40:13     Query Q23 Score: 1.00
2026-06-19 07:40:13   [24/45] Processing Query Q24...
2026-06-19 07:40:17     Query Q24 Score: 1.00
2026-06-19 07:40:17   [25/45] Processing Query Q25...
2026-06-19 07:40:23     Query Q25 Score: 1.00
2026-06-19 07:40:23   [26/45] Processing Query Q26...
2026-06-19 07:40:27     Query Q26 Score: 1.00
2026-06-19 07:40:27   [27/45] Processing Query Q27...
2026-06-19 07:40:31     Query Q27 Score: 1.00
2026-06-19 07:40:31   [28/45] Processing Query Q28...
2026-06-19 07:40:36     Query Q28 Score: 1.00
2026-06-19 07:40:36   [29/45] Processing Query Q29...
2026-06-19 07:40:40     Query Q29 Score: 0.50
2026-06-19 07:40:40   [30/45] Processing Query Q30...
2026-06-19 07:40:46     Query Q30 Score: 1.00
2026-06-19 07:40:46   [31/45] Processing Query Q31...
2026-06-19 07:40:50     Query Q31 Score: 1.00
2026-06-19 07:40:50   [32/45] Processing Query Q32...
2026-06-19 07:40:56     Query Q32 Score: 0.95
2026-06-19 07:40:56   [33/45] Processing Query Q33...
2026-06-19 07:41:02     Query Q33 Score: 1.00
2026-06-19 07:41:02   [34/45] Processing Query Q34...
2026-06-19 07:41:07     Query Q34 Score: 1.00
2026-06-19 07:41:07   [35/45] Processing Query Q35...
2026-06-19 07:41:11     Query Q35 Score: 1.00
2026-06-19 07:41:11   [36/45] Processing Query Q36...
2026-06-19 07:41:16     Query Q36 Score: 1.00
2026-06-19 07:41:16   [37/45] Processing Query Q37...
2026-06-19 07:41:21     Query Q37 Score: 0.50
2026-06-19 07:41:21   [38/45] Processing Query Q38...
2026-06-19 07:41:26     Query Q38 Score: 0.85
2026-06-19 07:41:26   [39/45] Processing Query Q39...
2026-06-19 07:41:31     Query Q39 Score: 1.00
2026-06-19 07:41:31   [40/45] Processing Query Q40...
2026-06-19 07:41:36     Query Q40 Score: 1.00
2026-06-19 07:41:36   [41/45] Processing Query Q41...
2026-06-19 07:41:42     Query Q41 Score: 0.60
2026-06-19 07:41:42   [42/45] Processing Query Q42...
2026-06-19 07:41:46     Query Q42 Score: 1.00
2026-06-19 07:41:46   [43/45] Processing Query Q43...
2026-06-19 07:41:51     Query Q43 Score: 1.00
2026-06-19 07:41:51   [44/45] Processing Query Q48...
2026-06-19 07:41:58     Query Q48 Score: 0.85
2026-06-19 07:41:58   [45/45] Processing Query Q49...
2026-06-19 07:42:06     Query Q49 Score: 0.65
2026-06-19 07:42:06 Saved validation results to /home/virtualuser/model_evaluation/autoresearch/archive/run_20260618_134629/outputs/validation_results_iter171_20260619_074206.csv
2026-06-19 07:42:06 Validation run completed. Overall Mean Score: 0.8867
2026-06-19 07:42:06 Candidate Score: 0.8867 (Delta: -0.0600)
2026-06-19 07:42:06 >>> FAILURE: Score did not improve. Discarding changes.
2026-06-19 07:42:06 Iteration #171 logged successfully to experiments.json.
2026-06-19 07:42:06 
2026-06-19 07:42:06 =========================================
2026-06-19 07:42:06 STARTING ITERATION #172
2026-06-19 07:42:06 =========================================
2026-06-19 07:42:06 Current Champion Score: 0.9467
2026-06-19 07:42:06 Failing queries to fix: 13
2026-06-19 07:42:06 Calling Optimizer Agent to refine instructions...
2026-06-19 07:45:03 Starting validation run on 45 queries...
2026-06-19 07:45:03   [1/45] Processing Query Q01...
2026-06-19 07:45:08     Query Q01 Score: 1.00
2026-06-19 07:45:08   [2/45] Processing Query Q02...
2026-06-19 07:45:14     Query Q02 Score: 0.50
2026-06-19 07:45:14   [3/45] Processing Query Q03...
2026-06-19 07:45:19     Query Q03 Score: 0.95
2026-06-19 07:45:19   [4/45] Processing Query Q04...
2026-06-19 07:45:24     Query Q04 Score: 1.00
2026-06-19 07:45:24   [5/45] Processing Query Q05...
2026-06-19 07:45:30     Query Q05 Score: 0.40
2026-06-19 07:45:30   [6/45] Processing Query Q06...
2026-06-19 07:45:35     Query Q06 Score: 1.00
2026-06-19 07:45:35   [7/45] Processing Query Q07...
2026-06-19 07:45:40     Query Q07 Score: 1.00
2026-06-19 07:45:40   [8/45] Processing Query Q08...
2026-06-19 07:45:45     Query Q08 Score: 1.00
2026-06-19 07:45:45   [9/45] Processing Query Q09...
2026-06-19 07:45:54     Query Q09 Score: 0.40
2026-06-19 07:45:54   [10/45] Processing Query Q10...
2026-06-19 07:46:00     Query Q10 Score: 1.00
2026-06-19 07:46:00   [11/45] Processing Query Q11...
2026-06-19 07:46:09     Query Q11 Score: 0.40
2026-06-19 07:46:09   [12/45] Processing Query Q12...
2026-06-19 07:46:14     Query Q12 Score: 1.00
2026-06-19 07:46:14   [13/45] Processing Query Q13...
2026-06-19 07:46:21     Query Q13 Score: 1.00
2026-06-19 07:46:21   [14/45] Processing Query Q14...
2026-06-19 07:46:26     Query Q14 Score: 0.85
2026-06-19 07:46:26   [15/45] Processing Query Q15...
2026-06-19 07:46:32     Query Q15 Score: 1.00
2026-06-19 07:46:32   [16/45] Processing Query Q16...
2026-06-19 07:46:37     Query Q16 Score: 0.50
2026-06-19 07:46:37   [17/45] Processing Query Q17...
2026-06-19 07:46:42     Query Q17 Score: 1.00
2026-06-19 07:46:42   [18/45] Processing Query Q18...
2026-06-19 07:46:47     Query Q18 Score: 1.00
2026-06-19 07:46:47   [19/45] Processing Query Q19...
2026-06-19 07:46:52     Query Q19 Score: 0.95
2026-06-19 07:46:52   [20/45] Processing Query Q20...
2026-06-19 07:46:57     Query Q20 Score: 0.90
2026-06-19 07:46:57   [21/45] Processing Query Q21...
2026-06-19 07:47:01     Query Q21 Score: 1.00
2026-06-19 07:47:01   [22/45] Processing Query Q22...
2026-06-19 07:47:06     Query Q22 Score: 1.00
2026-06-19 07:47:06   [23/45] Processing Query Q23...
2026-06-19 07:47:25     Query Q23 Score: 0.95
2026-06-19 07:47:25   [24/45] Processing Query Q24...
2026-06-19 07:47:29     Query Q24 Score: 1.00
2026-06-19 07:47:29   [25/45] Processing Query Q25...
2026-06-19 07:47:34     Query Q25 Score: 1.00
2026-06-19 07:47:34   [26/45] Processing Query Q26...
2026-06-19 07:47:38     Query Q26 Score: 1.00
2026-06-19 07:47:38   [27/45] Processing Query Q27...
2026-06-19 07:47:43     Query Q27 Score: 1.00
2026-06-19 07:47:43   [28/45] Processing Query Q28...
2026-06-19 07:47:47     Query Q28 Score: 1.00
2026-06-19 07:47:47   [29/45] Processing Query Q29...
2026-06-19 07:47:52     Query Q29 Score: 0.50
2026-06-19 07:47:52   [30/45] Processing Query Q30...
2026-06-19 07:47:57     Query Q30 Score: 1.00
2026-06-19 07:47:57   [31/45] Processing Query Q31...
2026-06-19 07:48:02     Query Q31 Score: 1.00
2026-06-19 07:48:02   [32/45] Processing Query Q32...
2026-06-19 07:48:08     Query Q32 Score: 0.95
2026-06-19 07:48:08   [33/45] Processing Query Q33...
2026-06-19 07:48:15     Query Q33 Score: 0.60
2026-06-19 07:48:15   [34/45] Processing Query Q34...
2026-06-19 07:48:20     Query Q34 Score: 1.00
2026-06-19 07:48:20   [35/45] Processing Query Q35...
2026-06-19 07:48:24     Query Q35 Score: 1.00
2026-06-19 07:48:24   [36/45] Processing Query Q36...
2026-06-19 07:48:29     Query Q36 Score: 1.00
2026-06-19 07:48:29   [37/45] Processing Query Q37...
2026-06-19 07:48:35     Query Q37 Score: 0.50
2026-06-19 07:48:35   [38/45] Processing Query Q38...
2026-06-19 07:48:40     Query Q38 Score: 0.85
2026-06-19 07:48:40   [39/45] Processing Query Q39...
2026-06-19 07:48:44     Query Q39 Score: 0.95
2026-06-19 07:48:44   [40/45] Processing Query Q40...
2026-06-19 07:48:49     Query Q40 Score: 1.00
2026-06-19 07:48:49   [41/45] Processing Query Q41...
2026-06-19 07:48:55     Query Q41 Score: 0.85
2026-06-19 07:48:55   [42/45] Processing Query Q42...
2026-06-19 07:49:00     Query Q42 Score: 1.00
2026-06-19 07:49:00   [43/45] Processing Query Q43...
2026-06-19 07:49:05     Query Q43 Score: 1.00
2026-06-19 07:49:05   [44/45] Processing Query Q48...
2026-06-19 07:49:11     Query Q48 Score: 0.90
2026-06-19 07:49:11   [45/45] Processing Query Q49...
2026-06-19 07:49:17     Query Q49 Score: 0.60
2026-06-19 07:49:17 Saved validation results to /home/virtualuser/model_evaluation/autoresearch/archive/run_20260618_134629/outputs/validation_results_iter172_20260619_074917.csv
2026-06-19 07:49:17 Validation run completed. Overall Mean Score: 0.8778
2026-06-19 07:49:17 Candidate Score: 0.8778 (Delta: -0.0689)
2026-06-19 07:49:17 >>> FAILURE: Score did not improve. Discarding changes.
2026-06-19 07:49:17 Iteration #172 logged successfully to experiments.json.
2026-06-19 07:49:17 
2026-06-19 07:49:17 =========================================
2026-06-19 07:49:17 STARTING ITERATION #173
2026-06-19 07:49:17 =========================================
2026-06-19 07:49:17 Current Champion Score: 0.9467
2026-06-19 07:49:17 Failing queries to fix: 13
2026-06-19 07:49:17 Calling Optimizer Agent to refine instructions...
2026-06-19 07:51:47 Starting validation run on 45 queries...
2026-06-19 07:51:47   [1/45] Processing Query Q01...
2026-06-19 07:51:52     Query Q01 Score: 1.00
2026-06-19 07:51:52   [2/45] Processing Query Q02...
2026-06-19 07:51:57     Query Q02 Score: 1.00
2026-06-19 07:51:57   [3/45] Processing Query Q03...
2026-06-19 07:52:02     Query Q03 Score: 0.90
2026-06-19 07:52:02   [4/45] Processing Query Q04...
2026-06-19 07:52:08     Query Q04 Score: 1.00
2026-06-19 07:52:08   [5/45] Processing Query Q05...
2026-06-19 07:52:14     Query Q05 Score: 1.00
2026-06-19 07:52:14   [6/45] Processing Query Q06...
2026-06-19 07:52:19     Query Q06 Score: 1.00
2026-06-19 07:52:19   [7/45] Processing Query Q07...
2026-06-19 07:52:25     Query Q07 Score: 1.00
2026-06-19 07:52:25   [8/45] Processing Query Q08...
2026-06-19 07:52:29     Query Q08 Score: 1.00
2026-06-19 07:52:29   [9/45] Processing Query Q09...
2026-06-19 07:52:42     Query Q09 Score: 0.40
2026-06-19 07:52:42   [10/45] Processing Query Q10...
2026-06-19 07:52:48     Query Q10 Score: 1.00
2026-06-19 07:52:48   [11/45] Processing Query Q11...
2026-06-19 07:52:55     Query Q11 Score: 0.40
2026-06-19 07:52:55   [12/45] Processing Query Q12...
2026-06-19 07:52:59     Query Q12 Score: 1.00
2026-06-19 07:52:59   [13/45] Processing Query Q13...
2026-06-19 07:53:07     Query Q13 Score: 0.50
2026-06-19 07:53:07   [14/45] Processing Query Q14...
2026-06-19 07:53:11     Query Q14 Score: 0.85
2026-06-19 07:53:11   [15/45] Processing Query Q15...
2026-06-19 07:53:17     Query Q15 Score: 1.00
2026-06-19 07:53:17   [16/45] Processing Query Q16...
2026-06-19 07:53:23     Query Q16 Score: 0.75
2026-06-19 07:53:23   [17/45] Processing Query Q17...
2026-06-19 07:53:28     Query Q17 Score: 1.00
2026-06-19 07:53:28   [18/45] Processing Query Q18...
2026-06-19 07:53:33     Query Q18 Score: 1.00
2026-06-19 07:53:33   [19/45] Processing Query Q19...
2026-06-19 07:53:37     Query Q19 Score: 0.95
2026-06-19 07:53:37   [20/45] Processing Query Q20...
2026-06-19 07:53:42     Query Q20 Score: 0.90
2026-06-19 07:53:42   [21/45] Processing Query Q21...
2026-06-19 07:53:47     Query Q21 Score: 1.00
2026-06-19 07:53:47   [22/45] Processing Query Q22...
2026-06-19 07:53:52     Query Q22 Score: 1.00
2026-06-19 07:53:52   [23/45] Processing Query Q23...
2026-06-19 07:54:08     Query Q23 Score: 1.00
2026-06-19 07:54:08   [24/45] Processing Query Q24...
2026-06-19 07:54:13     Query Q24 Score: 1.00
2026-06-19 07:54:13   [25/45] Processing Query Q25...
2026-06-19 07:54:18     Query Q25 Score: 1.00
2026-06-19 07:54:18   [26/45] Processing Query Q26...
2026-06-19 07:54:22     Query Q26 Score: 1.00
2026-06-19 07:54:22   [27/45] Processing Query Q27...
2026-06-19 07:54:26     Query Q27 Score: 1.00
2026-06-19 07:54:26   [28/45] Processing Query Q28...
2026-06-19 07:54:31     Query Q28 Score: 1.00
2026-06-19 07:54:31   [29/45] Processing Query Q29...
2026-06-19 07:54:36     Query Q29 Score: 0.50
2026-06-19 07:54:36   [30/45] Processing Query Q30...
2026-06-19 07:54:41     Query Q30 Score: 1.00
2026-06-19 07:54:41   [31/45] Processing Query Q31...
2026-06-19 07:54:46     Query Q31 Score: 1.00
2026-06-19 07:54:46   [32/45] Processing Query Q32...
2026-06-19 07:54:52     Query Q32 Score: 0.95
2026-06-19 07:54:52   [33/45] Processing Query Q33...
2026-06-19 07:54:58     Query Q33 Score: 0.90
2026-06-19 07:54:58   [34/45] Processing Query Q34...
2026-06-19 07:55:03     Query Q34 Score: 1.00
2026-06-19 07:55:03   [35/45] Processing Query Q35...
2026-06-19 07:55:07     Query Q35 Score: 1.00
2026-06-19 07:55:07   [36/45] Processing Query Q36...
2026-06-19 07:55:19     Query Q36 Score: 1.00
2026-06-19 07:55:19   [37/45] Processing Query Q37...
2026-06-19 07:55:24     Query Q37 Score: 0.60
2026-06-19 07:55:24   [38/45] Processing Query Q38...
2026-06-19 07:55:29     Query Q38 Score: 0.85
2026-06-19 07:55:29   [39/45] Processing Query Q39...
2026-06-19 07:55:33     Query Q39 Score: 0.95
2026-06-19 07:55:33   [40/45] Processing Query Q40...
2026-06-19 07:55:38     Query Q40 Score: 1.00
2026-06-19 07:55:38   [41/45] Processing Query Q41...
2026-06-19 07:55:44     Query Q41 Score: 0.85
2026-06-19 07:55:44   [42/45] Processing Query Q42...
2026-06-19 07:55:49     Query Q42 Score: 1.00
2026-06-19 07:55:49   [43/45] Processing Query Q43...
2026-06-19 07:55:53     Query Q43 Score: 1.00
2026-06-19 07:55:53   [44/45] Processing Query Q48...
2026-06-19 07:56:00     Query Q48 Score: 0.90
2026-06-19 07:56:00   [45/45] Processing Query Q49...
2026-06-19 07:56:07     Query Q49 Score: 0.40
2026-06-19 07:56:07 Saved validation results to /home/virtualuser/model_evaluation/autoresearch/archive/run_20260618_134629/outputs/validation_results_iter173_20260619_075607.csv
2026-06-19 07:56:07 Validation run completed. Overall Mean Score: 0.9011
2026-06-19 07:56:07 Candidate Score: 0.9011 (Delta: -0.0456)
2026-06-19 07:56:07 >>> FAILURE: Score did not improve. Discarding changes.
2026-06-19 07:56:07 Iteration #173 logged successfully to experiments.json.
2026-06-19 07:56:07 
2026-06-19 07:56:07 =========================================
2026-06-19 07:56:07 STARTING ITERATION #174
2026-06-19 07:56:07 =========================================
2026-06-19 07:56:07 Current Champion Score: 0.9467
2026-06-19 07:56:07 Failing queries to fix: 13
2026-06-19 07:56:07 Calling Optimizer Agent to refine instructions...
2026-06-19 07:59:08 Starting validation run on 45 queries...
2026-06-19 07:59:08   [1/45] Processing Query Q01...
2026-06-19 07:59:13     Query Q01 Score: 1.00
2026-06-19 07:59:13   [2/45] Processing Query Q02...
2026-06-19 07:59:19     Query Q02 Score: 1.00
2026-06-19 07:59:19   [3/45] Processing Query Q03...
2026-06-19 07:59:24     Query Q03 Score: 0.95
2026-06-19 07:59:24   [4/45] Processing Query Q04...
2026-06-19 07:59:29     Query Q04 Score: 1.00
2026-06-19 07:59:29   [5/45] Processing Query Q05...
2026-06-19 07:59:35     Query Q05 Score: 0.40
2026-06-19 07:59:35   [6/45] Processing Query Q06...
2026-06-19 07:59:40     Query Q06 Score: 1.00
2026-06-19 07:59:40   [7/45] Processing Query Q07...
2026-06-19 07:59:45     Query Q07 Score: 1.00
2026-06-19 07:59:45   [8/45] Processing Query Q08...
2026-06-19 07:59:50     Query Q08 Score: 1.00
2026-06-19 07:59:50   [9/45] Processing Query Q09...
2026-06-19 08:00:02     Query Q09 Score: 0.40
2026-06-19 08:00:02   [10/45] Processing Query Q10...
2026-06-19 08:00:07     Query Q10 Score: 1.00
2026-06-19 08:00:07   [11/45] Processing Query Q11...
2026-06-19 08:00:17     Query Q11 Score: 0.30
2026-06-19 08:00:17   [12/45] Processing Query Q12...
2026-06-19 08:00:22     Query Q12 Score: 1.00
2026-06-19 08:00:22   [13/45] Processing Query Q13...
2026-06-19 08:00:29     Query Q13 Score: 0.40
2026-06-19 08:00:29   [14/45] Processing Query Q14...
2026-06-19 08:00:35     Query Q14 Score: 0.85
2026-06-19 08:00:35   [15/45] Processing Query Q15...
2026-06-19 08:00:41     Query Q15 Score: 1.00
2026-06-19 08:00:41   [16/45] Processing Query Q16...
2026-06-19 08:00:53     Query Q16 Score: 0.75
2026-06-19 08:00:53   [17/45] Processing Query Q17...
2026-06-19 08:00:57     Query Q17 Score: 1.00
2026-06-19 08:00:57   [18/45] Processing Query Q18...
2026-06-19 08:01:02     Query Q18 Score: 1.00
2026-06-19 08:01:02   [19/45] Processing Query Q19...
2026-06-19 08:01:07     Query Q19 Score: 0.95
2026-06-19 08:01:07   [20/45] Processing Query Q20...
2026-06-19 08:01:12     Query Q20 Score: 0.90
2026-06-19 08:01:12   [21/45] Processing Query Q21...
2026-06-19 08:01:16     Query Q21 Score: 1.00
2026-06-19 08:01:16   [22/45] Processing Query Q22...
2026-06-19 08:01:21     Query Q22 Score: 1.00
2026-06-19 08:01:21   [23/45] Processing Query Q23...
2026-06-19 08:01:31     Query Q23 Score: 1.00
2026-06-19 08:01:31   [24/45] Processing Query Q24...
2026-06-19 08:01:35     Query Q24 Score: 1.00
2026-06-19 08:01:35   [25/45] Processing Query Q25...
2026-06-19 08:01:40     Query Q25 Score: 1.00
2026-06-19 08:01:40   [26/45] Processing Query Q26...
2026-06-19 08:01:44     Query Q26 Score: 1.00
2026-06-19 08:01:44   [27/45] Processing Query Q27...
2026-06-19 08:01:49     Query Q27 Score: 1.00
2026-06-19 08:01:49   [28/45] Processing Query Q28...
2026-06-19 08:01:54     Query Q28 Score: 1.00
2026-06-19 08:01:54   [29/45] Processing Query Q29...
2026-06-19 08:01:59     Query Q29 Score: 0.50
2026-06-19 08:01:59   [30/45] Processing Query Q30...
2026-06-19 08:02:04     Query Q30 Score: 1.00
2026-06-19 08:02:04   [31/45] Processing Query Q31...
2026-06-19 08:02:09     Query Q31 Score: 0.95
2026-06-19 08:02:09   [32/45] Processing Query Q32...
2026-06-19 08:02:14     Query Q32 Score: 0.95
2026-06-19 08:02:14   [33/45] Processing Query Q33...
2026-06-19 08:02:20     Query Q33 Score: 1.00
2026-06-19 08:02:20   [34/45] Processing Query Q34...
2026-06-19 08:02:26     Query Q34 Score: 1.00
2026-06-19 08:02:26   [35/45] Processing Query Q35...
2026-06-19 08:02:30     Query Q35 Score: 1.00
2026-06-19 08:02:30   [36/45] Processing Query Q36...
2026-06-19 08:02:38     Query Q36 Score: 1.00
2026-06-19 08:02:38   [37/45] Processing Query Q37...
2026-06-19 08:02:43     Query Q37 Score: 0.50
2026-06-19 08:02:43   [38/45] Processing Query Q38...
2026-06-19 08:02:48     Query Q38 Score: 0.85
2026-06-19 08:02:48   [39/45] Processing Query Q39...
2026-06-19 08:02:53     Query Q39 Score: 0.95
2026-06-19 08:02:53   [40/45] Processing Query Q40...
2026-06-19 08:02:57     Query Q40 Score: 1.00
2026-06-19 08:02:57   [41/45] Processing Query Q41...
2026-06-19 08:03:03     Query Q41 Score: 0.85
2026-06-19 08:03:03   [42/45] Processing Query Q42...
2026-06-19 08:03:08     Query Q42 Score: 1.00
2026-06-19 08:03:08   [43/45] Processing Query Q43...
2026-06-19 08:03:13     Query Q43 Score: 1.00
2026-06-19 08:03:13   [44/45] Processing Query Q48...
2026-06-19 08:03:41     Query Q48 Score: 0.20
2026-06-19 08:03:41   [45/45] Processing Query Q49...
2026-06-19 08:03:49     Query Q49 Score: 0.75
2026-06-19 08:03:49 Saved validation results to /home/virtualuser/model_evaluation/autoresearch/archive/run_20260618_134629/outputs/validation_results_iter174_20260619_080349.csv
2026-06-19 08:03:49 Validation run completed. Overall Mean Score: 0.8756
2026-06-19 08:03:49 Candidate Score: 0.8756 (Delta: -0.0711)
2026-06-19 08:03:49 >>> FAILURE: Score did not improve. Discarding changes.
2026-06-19 08:03:49 Iteration #174 logged successfully to experiments.json.
2026-06-19 08:03:49 
2026-06-19 08:03:49 =========================================
2026-06-19 08:03:49 STARTING ITERATION #175
2026-06-19 08:03:49 =========================================
2026-06-19 08:03:49 Current Champion Score: 0.9467
2026-06-19 08:03:49 Failing queries to fix: 13
2026-06-19 08:03:49 Calling Optimizer Agent to refine instructions...
2026-06-19 08:06:48 Starting validation run on 45 queries...
2026-06-19 08:06:48   [1/45] Processing Query Q01...
2026-06-19 08:06:53     Query Q01 Score: 1.00
2026-06-19 08:06:53   [2/45] Processing Query Q02...
2026-06-19 08:06:58     Query Q02 Score: 1.00
2026-06-19 08:06:58   [3/45] Processing Query Q03...
2026-06-19 08:07:04     Query Q03 Score: 0.95
2026-06-19 08:07:04   [4/45] Processing Query Q04...
2026-06-19 08:07:09     Query Q04 Score: 1.00
2026-06-19 08:07:09   [5/45] Processing Query Q05...
2026-06-19 08:07:14     Query Q05 Score: 0.40
2026-06-19 08:07:14   [6/45] Processing Query Q06...
2026-06-19 08:07:20     Query Q06 Score: 1.00
2026-06-19 08:07:20   [7/45] Processing Query Q07...
2026-06-19 08:07:25     Query Q07 Score: 1.00
2026-06-19 08:07:25   [8/45] Processing Query Q08...
2026-06-19 08:07:29     Query Q08 Score: 1.00
2026-06-19 08:07:29   [9/45] Processing Query Q09...
2026-06-19 08:07:38     Query Q09 Score: 1.00
2026-06-19 08:07:38   [10/45] Processing Query Q10...
2026-06-19 08:07:44     Query Q10 Score: 1.00
2026-06-19 08:07:44   [11/45] Processing Query Q11...
2026-06-19 08:07:52     Query Q11 Score: 1.00
2026-06-19 08:07:52   [12/45] Processing Query Q12...
2026-06-19 08:07:57     Query Q12 Score: 1.00
2026-06-19 08:07:57   [13/45] Processing Query Q13...
2026-06-19 08:08:04     Query Q13 Score: 0.30
2026-06-19 08:08:04   [14/45] Processing Query Q14...
2026-06-19 08:08:09     Query Q14 Score: 0.85
2026-06-19 08:08:09   [15/45] Processing Query Q15...
2026-06-19 08:08:15     Query Q15 Score: 1.00
2026-06-19 08:08:15   [16/45] Processing Query Q16...
2026-06-19 08:08:20     Query Q16 Score: 0.75
2026-06-19 08:08:20   [17/45] Processing Query Q17...
2026-06-19 08:08:26     Query Q17 Score: 0.95
2026-06-19 08:08:26   [18/45] Processing Query Q18...
2026-06-19 08:08:30     Query Q18 Score: 1.00
2026-06-19 08:08:30   [19/45] Processing Query Q19...
2026-06-19 08:08:35     Query Q19 Score: 0.95
2026-06-19 08:08:35   [20/45] Processing Query Q20...
2026-06-19 08:08:40     Query Q20 Score: 0.95
2026-06-19 08:08:40   [21/45] Processing Query Q21...
2026-06-19 08:08:44     Query Q21 Score: 1.00
2026-06-19 08:08:44   [22/45] Processing Query Q22...
2026-06-19 08:08:49     Query Q22 Score: 1.00
2026-06-19 08:08:49   [23/45] Processing Query Q23...
2026-06-19 08:08:55     Query Q23 Score: 0.75
2026-06-19 08:08:55   [24/45] Processing Query Q24...
2026-06-19 08:08:59     Query Q24 Score: 1.00
2026-06-19 08:08:59   [25/45] Processing Query Q25...
2026-06-19 08:09:05     Query Q25 Score: 1.00
2026-06-19 08:09:05   [26/45] Processing Query Q26...
2026-06-19 08:09:09     Query Q26 Score: 1.00
2026-06-19 08:09:09   [27/45] Processing Query Q27...
2026-06-19 08:09:14     Query Q27 Score: 1.00
2026-06-19 08:09:14   [28/45] Processing Query Q28...
2026-06-19 08:09:18     Query Q28 Score: 1.00
2026-06-19 08:09:18   [29/45] Processing Query Q29...
2026-06-19 08:09:23     Query Q29 Score: 0.50
2026-06-19 08:09:23   [30/45] Processing Query Q30...
2026-06-19 08:09:29     Query Q30 Score: 1.00
2026-06-19 08:09:29   [31/45] Processing Query Q31...
2026-06-19 08:09:34     Query Q31 Score: 1.00
2026-06-19 08:09:34   [32/45] Processing Query Q32...
2026-06-19 08:09:39     Query Q32 Score: 0.95
2026-06-19 08:09:39   [33/45] Processing Query Q33...
2026-06-19 08:09:45     Query Q33 Score: 1.00
2026-06-19 08:09:45   [34/45] Processing Query Q34...
2026-06-19 08:09:51     Query Q34 Score: 1.00
2026-06-19 08:09:51   [35/45] Processing Query Q35...
2026-06-19 08:09:54     Query Q35 Score: 0.95
2026-06-19 08:09:54   [36/45] Processing Query Q36...
2026-06-19 08:10:02     Query Q36 Score: 1.00
2026-06-19 08:10:02   [37/45] Processing Query Q37...
2026-06-19 08:10:08     Query Q37 Score: 0.50
2026-06-19 08:10:08   [38/45] Processing Query Q38...
2026-06-19 08:10:12     Query Q38 Score: 0.75
2026-06-19 08:10:12   [39/45] Processing Query Q39...
2026-06-19 08:10:16     Query Q39 Score: 1.00
2026-06-19 08:10:16   [40/45] Processing Query Q40...
2026-06-19 08:10:21     Query Q40 Score: 1.00
2026-06-19 08:10:21   [41/45] Processing Query Q41...
2026-06-19 08:10:27     Query Q41 Score: 0.85
2026-06-19 08:10:27   [42/45] Processing Query Q42...
2026-06-19 08:10:32     Query Q42 Score: 1.00
2026-06-19 08:10:32   [43/45] Processing Query Q43...
2026-06-19 08:10:37     Query Q43 Score: 0.50
2026-06-19 08:10:37   [44/45] Processing Query Q48...
2026-06-19 08:11:02     Query Q48 Score: 0.30
2026-06-19 08:11:02   [45/45] Processing Query Q49...
2026-06-19 08:11:16     Query Q49 Score: 1.00
2026-06-19 08:11:16 Saved validation results to /home/virtualuser/model_evaluation/autoresearch/archive/run_20260618_134629/outputs/validation_results_iter175_20260619_081116.csv
2026-06-19 08:11:16 Validation run completed. Overall Mean Score: 0.8922
2026-06-19 08:11:16 Candidate Score: 0.8922 (Delta: -0.0544)
2026-06-19 08:11:16 >>> FAILURE: Score did not improve. Discarding changes.
2026-06-19 08:11:16 Iteration #175 logged successfully to experiments.json.
2026-06-19 08:11:16 
2026-06-19 08:11:16 =========================================
2026-06-19 08:11:16 STARTING ITERATION #176
2026-06-19 08:11:16 =========================================
2026-06-19 08:11:16 Current Champion Score: 0.9467
2026-06-19 08:11:16 Failing queries to fix: 13
2026-06-19 08:11:16 Calling Optimizer Agent to refine instructions...
2026-06-19 08:13:58 Starting validation run on 45 queries...
2026-06-19 08:13:58   [1/45] Processing Query Q01...
2026-06-19 08:14:03     Query Q01 Score: 1.00
2026-06-19 08:14:03   [2/45] Processing Query Q02...
2026-06-19 08:14:09     Query Q02 Score: 1.00
2026-06-19 08:14:09   [3/45] Processing Query Q03...
2026-06-19 08:14:14     Query Q03 Score: 0.95
2026-06-19 08:14:14   [4/45] Processing Query Q04...
2026-06-19 08:14:20     Query Q04 Score: 1.00
2026-06-19 08:14:20   [5/45] Processing Query Q05...
2026-06-19 08:14:49     Query Q05 Score: 0.20
2026-06-19 08:14:49   [6/45] Processing Query Q06...
2026-06-19 08:14:55     Query Q06 Score: 1.00
2026-06-19 08:14:55   [7/45] Processing Query Q07...
2026-06-19 08:14:59     Query Q07 Score: 1.00
2026-06-19 08:14:59   [8/45] Processing Query Q08...
2026-06-19 08:15:04     Query Q08 Score: 1.00
2026-06-19 08:15:04   [9/45] Processing Query Q09...
2026-06-19 08:15:10     Query Q09 Score: 1.00
2026-06-19 08:15:10   [10/45] Processing Query Q10...
2026-06-19 08:15:15     Query Q10 Score: 1.00
2026-06-19 08:15:15   [11/45] Processing Query Q11...
2026-06-19 08:15:23     Query Q11 Score: 0.75
2026-06-19 08:15:23   [12/45] Processing Query Q12...
2026-06-19 08:15:27     Query Q12 Score: 1.00
2026-06-19 08:15:27   [13/45] Processing Query Q13...
2026-06-19 08:15:35     Query Q13 Score: 0.40
2026-06-19 08:15:35   [14/45] Processing Query Q14...
2026-06-19 08:15:42     Query Q14 Score: 0.75
2026-06-19 08:15:42   [15/45] Processing Query Q15...
2026-06-19 08:15:48     Query Q15 Score: 1.00
2026-06-19 08:15:48   [16/45] Processing Query Q16...
2026-06-19 08:15:53     Query Q16 Score: 0.50
2026-06-19 08:15:53   [17/45] Processing Query Q17...
2026-06-19 08:15:58     Query Q17 Score: 1.00
2026-06-19 08:15:58   [18/45] Processing Query Q18...
2026-06-19 08:16:03     Query Q18 Score: 1.00
2026-06-19 08:16:03   [19/45] Processing Query Q19...
2026-06-19 08:16:09     Query Q19 Score: 0.60
2026-06-19 08:16:09   [20/45] Processing Query Q20...
2026-06-19 08:16:14     Query Q20 Score: 0.90
2026-06-19 08:16:14   [21/45] Processing Query Q21...
2026-06-19 08:16:18     Query Q21 Score: 1.00
2026-06-19 08:16:18   [22/45] Processing Query Q22...
2026-06-19 08:16:23     Query Q22 Score: 1.00
2026-06-19 08:16:23   [23/45] Processing Query Q23...
2026-06-19 08:16:39     Query Q23 Score: 0.75
2026-06-19 08:16:39   [24/45] Processing Query Q24...
2026-06-19 08:16:43     Query Q24 Score: 1.00
2026-06-19 08:16:43   [25/45] Processing Query Q25...
2026-06-19 08:16:48     Query Q25 Score: 1.00
2026-06-19 08:16:48   [26/45] Processing Query Q26...
2026-06-19 08:16:53     Query Q26 Score: 1.00
2026-06-19 08:16:53   [27/45] Processing Query Q27...
2026-06-19 08:16:57     Query Q27 Score: 1.00
2026-06-19 08:16:57   [28/45] Processing Query Q28...
2026-06-19 08:17:01     Query Q28 Score: 1.00
2026-06-19 08:17:01   [29/45] Processing Query Q29...
2026-06-19 08:17:06     Query Q29 Score: 0.50
2026-06-19 08:17:06   [30/45] Processing Query Q30...
2026-06-19 08:17:12     Query Q30 Score: 1.00
2026-06-19 08:17:12   [31/45] Processing Query Q31...
2026-06-19 08:17:17     Query Q31 Score: 1.00
2026-06-19 08:17:17   [32/45] Processing Query Q32...
2026-06-19 08:17:23     Query Q32 Score: 0.95
2026-06-19 08:17:23   [33/45] Processing Query Q33...
2026-06-19 08:17:28     Query Q33 Score: 1.00
2026-06-19 08:17:28   [34/45] Processing Query Q34...
2026-06-19 08:17:33     Query Q34 Score: 1.00
2026-06-19 08:17:33   [35/45] Processing Query Q35...
2026-06-19 08:17:37     Query Q35 Score: 1.00
2026-06-19 08:17:37   [36/45] Processing Query Q36...
2026-06-19 08:17:43     Query Q36 Score: 1.00
2026-06-19 08:17:43   [37/45] Processing Query Q37...
2026-06-19 08:17:48     Query Q37 Score: 0.50
2026-06-19 08:17:48   [38/45] Processing Query Q38...
2026-06-19 08:17:52     Query Q38 Score: 0.85
2026-06-19 08:17:52   [39/45] Processing Query Q39...
2026-06-19 08:17:57     Query Q39 Score: 0.95
2026-06-19 08:17:57   [40/45] Processing Query Q40...
2026-06-19 08:18:02     Query Q40 Score: 1.00
2026-06-19 08:18:02   [41/45] Processing Query Q41...
2026-06-19 08:18:08     Query Q41 Score: 0.85
2026-06-19 08:18:08   [42/45] Processing Query Q42...
2026-06-19 08:18:13     Query Q42 Score: 1.00
2026-06-19 08:18:13   [43/45] Processing Query Q43...
2026-06-19 08:18:18     Query Q43 Score: 1.00
2026-06-19 08:18:18   [44/45] Processing Query Q48...
2026-06-19 08:18:26     Query Q48 Score: 0.40
2026-06-19 08:18:26   [45/45] Processing Query Q49...
2026-06-19 08:18:33     Query Q49 Score: 0.75
2026-06-19 08:18:33 Saved validation results to /home/virtualuser/model_evaluation/autoresearch/archive/run_20260618_134629/outputs/validation_results_iter176_20260619_081833.csv
2026-06-19 08:18:33 Validation run completed. Overall Mean Score: 0.8789
2026-06-19 08:18:33 Candidate Score: 0.8789 (Delta: -0.0678)
2026-06-19 08:18:33 >>> FAILURE: Score did not improve. Discarding changes.
2026-06-19 08:18:33 Iteration #176 logged successfully to experiments.json.
2026-06-19 08:18:33 
2026-06-19 08:18:33 =========================================
2026-06-19 08:18:33 STARTING ITERATION #177
2026-06-19 08:18:33 =========================================
2026-06-19 08:18:33 Current Champion Score: 0.9467
2026-06-19 08:18:33 Failing queries to fix: 13
2026-06-19 08:18:33 Calling Optimizer Agent to refine instructions...
2026-06-19 08:21:01 Starting validation run on 45 queries...
2026-06-19 08:21:01   [1/45] Processing Query Q01...
2026-06-19 08:21:06     Query Q01 Score: 1.00
2026-06-19 08:21:06   [2/45] Processing Query Q02...
2026-06-19 08:21:11     Query Q02 Score: 1.00
2026-06-19 08:21:11   [3/45] Processing Query Q03...
2026-06-19 08:21:17     Query Q03 Score: 0.95
2026-06-19 08:21:17   [4/45] Processing Query Q04...
2026-06-19 08:21:22     Query Q04 Score: 1.00
2026-06-19 08:21:22   [5/45] Processing Query Q05...
2026-06-19 08:21:29     Query Q05 Score: 1.00
2026-06-19 08:21:29   [6/45] Processing Query Q06...
2026-06-19 08:21:34     Query Q06 Score: 1.00
2026-06-19 08:21:34   [7/45] Processing Query Q07...
2026-06-19 08:21:39     Query Q07 Score: 1.00
2026-06-19 08:21:39   [8/45] Processing Query Q08...
2026-06-19 08:21:44     Query Q08 Score: 1.00
2026-06-19 08:21:44   [9/45] Processing Query Q09...
2026-06-19 08:21:53     Query Q09 Score: 0.40
2026-06-19 08:21:53   [10/45] Processing Query Q10...
2026-06-19 08:21:59     Query Q10 Score: 1.00
2026-06-19 08:21:59   [11/45] Processing Query Q11...
2026-06-19 08:22:06     Query Q11 Score: 0.75
2026-06-19 08:22:06   [12/45] Processing Query Q12...
2026-06-19 08:22:11     Query Q12 Score: 1.00
2026-06-19 08:22:11   [13/45] Processing Query Q13...
2026-06-19 08:22:18     Query Q13 Score: 0.30
2026-06-19 08:22:18   [14/45] Processing Query Q14...
2026-06-19 08:22:24     Query Q14 Score: 0.85
2026-06-19 08:22:24   [15/45] Processing Query Q15...
2026-06-19 08:22:30     Query Q15 Score: 1.00
2026-06-19 08:22:30   [16/45] Processing Query Q16...
2026-06-19 08:22:36     Query Q16 Score: 0.50
2026-06-19 08:22:36   [17/45] Processing Query Q17...
2026-06-19 08:22:40     Query Q17 Score: 1.00
2026-06-19 08:22:40   [18/45] Processing Query Q18...
2026-06-19 08:22:45     Query Q18 Score: 1.00
2026-06-19 08:22:45   [19/45] Processing Query Q19...
2026-06-19 08:22:51     Query Q19 Score: 0.75
2026-06-19 08:22:51   [20/45] Processing Query Q20...
2026-06-19 08:22:56     Query Q20 Score: 0.90
2026-06-19 08:22:56   [21/45] Processing Query Q21...
2026-06-19 08:23:01     Query Q21 Score: 1.00
2026-06-19 08:23:01   [22/45] Processing Query Q22...
2026-06-19 08:23:06     Query Q22 Score: 1.00
2026-06-19 08:23:06   [23/45] Processing Query Q23...
2026-06-19 08:23:12     Query Q23 Score: 0.95
2026-06-19 08:23:12   [24/45] Processing Query Q24...
2026-06-19 08:23:16     Query Q24 Score: 1.00
2026-06-19 08:23:16   [25/45] Processing Query Q25...
2026-06-19 08:23:21     Query Q25 Score: 1.00
2026-06-19 08:23:21   [26/45] Processing Query Q26...
2026-06-19 08:23:25     Query Q26 Score: 1.00
2026-06-19 08:23:25   [27/45] Processing Query Q27...
2026-06-19 08:23:30     Query Q27 Score: 1.00
2026-06-19 08:23:30   [28/45] Processing Query Q28...
2026-06-19 08:23:34     Query Q28 Score: 1.00
2026-06-19 08:23:34   [29/45] Processing Query Q29...
2026-06-19 08:23:40     Query Q29 Score: 0.50
2026-06-19 08:23:40   [30/45] Processing Query Q30...
2026-06-19 08:23:45     Query Q30 Score: 1.00
2026-06-19 08:23:45   [31/45] Processing Query Q31...
2026-06-19 08:23:50     Query Q31 Score: 1.00
2026-06-19 08:23:50   [32/45] Processing Query Q32...
2026-06-19 08:23:55     Query Q32 Score: 0.95
2026-06-19 08:23:55   [33/45] Processing Query Q33...
2026-06-19 08:24:01     Query Q33 Score: 1.00
2026-06-19 08:24:01   [34/45] Processing Query Q34...
2026-06-19 08:24:07     Query Q34 Score: 1.00
2026-06-19 08:24:07   [35/45] Processing Query Q35...
2026-06-19 08:24:10     Query Q35 Score: 1.00
2026-06-19 08:24:10   [36/45] Processing Query Q36...
2026-06-19 08:24:16     Query Q36 Score: 1.00
2026-06-19 08:24:16   [37/45] Processing Query Q37...
2026-06-19 08:24:21     Query Q37 Score: 0.75
2026-06-19 08:24:21   [38/45] Processing Query Q38...
2026-06-19 08:24:26     Query Q38 Score: 0.85
2026-06-19 08:24:26   [39/45] Processing Query Q39...
2026-06-19 08:24:30     Query Q39 Score: 0.95
2026-06-19 08:24:30   [40/45] Processing Query Q40...
2026-06-19 08:24:35     Query Q40 Score: 1.00
2026-06-19 08:24:35   [41/45] Processing Query Q41...
2026-06-19 08:24:41     Query Q41 Score: 0.85
2026-06-19 08:24:41   [42/45] Processing Query Q42...
2026-06-19 08:24:45     Query Q42 Score: 1.00
2026-06-19 08:24:45   [43/45] Processing Query Q43...
2026-06-19 08:24:51     Query Q43 Score: 0.85
2026-06-19 08:24:51   [44/45] Processing Query Q48...
2026-06-19 08:24:57     Query Q48 Score: 0.85
2026-06-19 08:24:57   [45/45] Processing Query Q49...
2026-06-19 08:25:04     Query Q49 Score: 0.75
2026-06-19 08:25:04 Saved validation results to /home/virtualuser/model_evaluation/autoresearch/archive/run_20260618_134629/outputs/validation_results_iter177_20260619_082504.csv
2026-06-19 08:25:04 Validation run completed. Overall Mean Score: 0.9033
2026-06-19 08:25:04 Candidate Score: 0.9033 (Delta: -0.0433)
2026-06-19 08:25:04 >>> FAILURE: Score did not improve. Discarding changes.
2026-06-19 08:25:04 Iteration #177 logged successfully to experiments.json.
2026-06-19 08:25:04 
2026-06-19 08:25:04 =========================================
2026-06-19 08:25:04 STARTING ITERATION #178
2026-06-19 08:25:04 =========================================
2026-06-19 08:25:04 Current Champion Score: 0.9467
2026-06-19 08:25:04 Failing queries to fix: 13
2026-06-19 08:25:04 Calling Optimizer Agent to refine instructions...
2026-06-19 08:27:52 Starting validation run on 45 queries...
2026-06-19 08:27:52   [1/45] Processing Query Q01...
2026-06-19 08:27:57     Query Q01 Score: 1.00
2026-06-19 08:27:57   [2/45] Processing Query Q02...
2026-06-19 08:28:03     Query Q02 Score: 0.85
2026-06-19 08:28:03   [3/45] Processing Query Q03...
2026-06-19 08:28:08     Query Q03 Score: 0.95
2026-06-19 08:28:08   [4/45] Processing Query Q04...
2026-06-19 08:28:14     Query Q04 Score: 0.50
2026-06-19 08:28:14   [5/45] Processing Query Q05...
2026-06-19 08:28:20     Query Q05 Score: 0.40
2026-06-19 08:28:20   [6/45] Processing Query Q06...
2026-06-19 08:28:25     Query Q06 Score: 1.00
2026-06-19 08:28:25   [7/45] Processing Query Q07...
2026-06-19 08:28:30     Query Q07 Score: 1.00
2026-06-19 08:28:30   [8/45] Processing Query Q08...
2026-06-19 08:28:35     Query Q08 Score: 1.00
2026-06-19 08:28:35   [9/45] Processing Query Q09...
2026-06-19 08:28:48     Query Q09 Score: 0.40
2026-06-19 08:28:48   [10/45] Processing Query Q10...
2026-06-19 08:28:54     Query Q10 Score: 1.00
2026-06-19 08:28:54   [11/45] Processing Query Q11...
2026-06-19 08:29:02     Query Q11 Score: 0.75
2026-06-19 08:29:02   [12/45] Processing Query Q12...
2026-06-19 08:29:06     Query Q12 Score: 1.00
2026-06-19 08:29:06   [13/45] Processing Query Q13...
2026-06-19 08:29:22     Query Q13 Score: 0.40
2026-06-19 08:29:22   [14/45] Processing Query Q14...
2026-06-19 08:29:29     Query Q14 Score: 0.40
2026-06-19 08:29:29   [15/45] Processing Query Q15...
2026-06-19 08:29:35     Query Q15 Score: 1.00
2026-06-19 08:29:35   [16/45] Processing Query Q16...
2026-06-19 08:29:40     Query Q16 Score: 0.50
2026-06-19 08:29:40   [17/45] Processing Query Q17...
2026-06-19 08:29:45     Query Q17 Score: 1.00
2026-06-19 08:29:45   [18/45] Processing Query Q18...
2026-06-19 08:29:50     Query Q18 Score: 1.00
2026-06-19 08:29:50   [19/45] Processing Query Q19...
2026-06-19 08:29:55     Query Q19 Score: 0.95
2026-06-19 08:29:55   [20/45] Processing Query Q20...
2026-06-19 08:30:00     Query Q20 Score: 0.90
2026-06-19 08:30:00   [21/45] Processing Query Q21...
2026-06-19 08:30:05     Query Q21 Score: 1.00
2026-06-19 08:30:05   [22/45] Processing Query Q22...
2026-06-19 08:30:10     Query Q22 Score: 1.00
2026-06-19 08:30:10   [23/45] Processing Query Q23...
2026-06-19 08:30:31     Query Q23 Score: 1.00
2026-06-19 08:30:31   [24/45] Processing Query Q24...
2026-06-19 08:30:35     Query Q24 Score: 1.00
2026-06-19 08:30:35   [25/45] Processing Query Q25...
2026-06-19 08:30:40     Query Q25 Score: 1.00
2026-06-19 08:30:40   [26/45] Processing Query Q26...
2026-06-19 08:30:44     Query Q26 Score: 1.00
2026-06-19 08:30:44   [27/45] Processing Query Q27...
2026-06-19 08:30:49     Query Q27 Score: 1.00
2026-06-19 08:30:49   [28/45] Processing Query Q28...
2026-06-19 08:30:54     Query Q28 Score: 1.00
2026-06-19 08:30:54   [29/45] Processing Query Q29...
2026-06-19 08:30:59     Query Q29 Score: 0.50
2026-06-19 08:30:59   [30/45] Processing Query Q30...
2026-06-19 08:31:04     Query Q30 Score: 1.00
2026-06-19 08:31:04   [31/45] Processing Query Q31...
2026-06-19 08:31:09     Query Q31 Score: 1.00
2026-06-19 08:31:09   [32/45] Processing Query Q32...
2026-06-19 08:31:15     Query Q32 Score: 0.95
2026-06-19 08:31:15   [33/45] Processing Query Q33...
2026-06-19 08:31:21     Query Q33 Score: 1.00
2026-06-19 08:31:21   [34/45] Processing Query Q34...
2026-06-19 08:31:26     Query Q34 Score: 1.00
2026-06-19 08:31:26   [35/45] Processing Query Q35...
2026-06-19 08:31:30     Query Q35 Score: 1.00
2026-06-19 08:31:30   [36/45] Processing Query Q36...
2026-06-19 08:31:35     Query Q36 Score: 1.00
2026-06-19 08:31:35   [37/45] Processing Query Q37...
2026-06-19 08:31:40     Query Q37 Score: 0.50
2026-06-19 08:31:40   [38/45] Processing Query Q38...
2026-06-19 08:31:45     Query Q38 Score: 0.85
2026-06-19 08:31:45   [39/45] Processing Query Q39...
2026-06-19 08:31:50     Query Q39 Score: 0.95
2026-06-19 08:31:50   [40/45] Processing Query Q40...
2026-06-19 08:31:54     Query Q40 Score: 1.00
2026-06-19 08:31:54   [41/45] Processing Query Q41...
2026-06-19 08:32:00     Query Q41 Score: 0.85
2026-06-19 08:32:00   [42/45] Processing Query Q42...
2026-06-19 08:32:05     Query Q42 Score: 1.00
2026-06-19 08:32:05   [43/45] Processing Query Q43...
2026-06-19 08:32:10     Query Q43 Score: 0.85
2026-06-19 08:32:10   [44/45] Processing Query Q48...
2026-06-19 08:32:27     Query Q48 Score: 1.00
2026-06-19 08:32:27   [45/45] Processing Query Q49...
2026-06-19 08:32:35     Query Q49 Score: 0.75
2026-06-19 08:32:35 Saved validation results to /home/virtualuser/model_evaluation/autoresearch/archive/run_20260618_134629/outputs/validation_results_iter178_20260619_083235.csv
2026-06-19 08:32:35 Validation run completed. Overall Mean Score: 0.8711
2026-06-19 08:32:35 Candidate Score: 0.8711 (Delta: -0.0756)
2026-06-19 08:32:35 >>> FAILURE: Score did not improve. Discarding changes.
2026-06-19 08:32:35 Iteration #178 logged successfully to experiments.json.
2026-06-19 08:32:35 
2026-06-19 08:32:35 =========================================
2026-06-19 08:32:35 STARTING ITERATION #179
2026-06-19 08:32:35 =========================================
2026-06-19 08:32:35 Current Champion Score: 0.9467
2026-06-19 08:32:35 Failing queries to fix: 13
2026-06-19 08:32:35 Calling Optimizer Agent to refine instructions...
2026-06-19 08:35:25 Starting validation run on 45 queries...
2026-06-19 08:35:25   [1/45] Processing Query Q01...
2026-06-19 08:35:30     Query Q01 Score: 1.00
2026-06-19 08:35:30   [2/45] Processing Query Q02...
2026-06-19 08:35:35     Query Q02 Score: 1.00
2026-06-19 08:35:35   [3/45] Processing Query Q03...
2026-06-19 08:35:41     Query Q03 Score: 0.95
2026-06-19 08:35:41   [4/45] Processing Query Q04...
2026-06-19 08:35:46     Query Q04 Score: 1.00
2026-06-19 08:35:46   [5/45] Processing Query Q05...
2026-06-19 08:35:52     Query Q05 Score: 1.00
2026-06-19 08:35:52   [6/45] Processing Query Q06...
2026-06-19 08:35:58     Query Q06 Score: 1.00
2026-06-19 08:35:58   [7/45] Processing Query Q07...
2026-06-19 08:36:03     Query Q07 Score: 1.00
2026-06-19 08:36:03   [8/45] Processing Query Q08...
2026-06-19 08:36:08     Query Q08 Score: 1.00
2026-06-19 08:36:08   [9/45] Processing Query Q09...
2026-06-19 08:36:22     Query Q09 Score: 0.40
2026-06-19 08:36:22   [10/45] Processing Query Q10...
2026-06-19 08:36:28     Query Q10 Score: 1.00
2026-06-19 08:36:28   [11/45] Processing Query Q11...
2026-06-19 08:36:40     Query Q11 Score: 0.95
2026-06-19 08:36:40   [12/45] Processing Query Q12...
2026-06-19 08:36:45     Query Q12 Score: 1.00
2026-06-19 08:36:45   [13/45] Processing Query Q13...
2026-06-19 08:37:02     Query Q13 Score: 0.70
2026-06-19 08:37:02   [14/45] Processing Query Q14...
2026-06-19 08:37:08     Query Q14 Score: 0.40
2026-06-19 08:37:08   [15/45] Processing Query Q15...
2026-06-19 08:37:14     Query Q15 Score: 1.00
2026-06-19 08:37:14   [16/45] Processing Query Q16...
2026-06-19 08:37:24     Query Q16 Score: 1.00
2026-06-19 08:37:24   [17/45] Processing Query Q17...
2026-06-19 08:37:29     Query Q17 Score: 1.00
2026-06-19 08:37:29   [18/45] Processing Query Q18...
2026-06-19 08:37:34     Query Q18 Score: 1.00
2026-06-19 08:37:34   [19/45] Processing Query Q19...
2026-06-19 08:37:38     Query Q19 Score: 0.95
2026-06-19 08:37:38   [20/45] Processing Query Q20...
2026-06-19 08:37:43     Query Q20 Score: 0.90
2026-06-19 08:37:43   [21/45] Processing Query Q21...
2026-06-19 08:37:48     Query Q21 Score: 1.00
2026-06-19 08:37:48   [22/45] Processing Query Q22...
2026-06-19 08:37:53     Query Q22 Score: 1.00
2026-06-19 08:37:53   [23/45] Processing Query Q23...
2026-06-19 08:38:05     Query Q23 Score: 1.00
2026-06-19 08:38:05   [24/45] Processing Query Q24...
2026-06-19 08:38:09     Query Q24 Score: 1.00
2026-06-19 08:38:09   [25/45] Processing Query Q25...
2026-06-19 08:38:14     Query Q25 Score: 1.00
2026-06-19 08:38:14   [26/45] Processing Query Q26...
2026-06-19 08:38:19     Query Q26 Score: 1.00
2026-06-19 08:38:19   [27/45] Processing Query Q27...
2026-06-19 08:38:23     Query Q27 Score: 1.00
2026-06-19 08:38:23   [28/45] Processing Query Q28...
2026-06-19 08:38:28     Query Q28 Score: 1.00
2026-06-19 08:38:28   [29/45] Processing Query Q29...
2026-06-19 08:38:33     Query Q29 Score: 0.50
2026-06-19 08:38:33   [30/45] Processing Query Q30...
2026-06-19 08:38:38     Query Q30 Score: 1.00
2026-06-19 08:38:38   [31/45] Processing Query Q31...
2026-06-19 08:38:43     Query Q31 Score: 1.00
2026-06-19 08:38:43   [32/45] Processing Query Q32...
2026-06-19 08:38:49     Query Q32 Score: 0.95
2026-06-19 08:38:49   [33/45] Processing Query Q33...
2026-06-19 08:38:54     Query Q33 Score: 1.00
2026-06-19 08:38:54   [34/45] Processing Query Q34...
2026-06-19 08:38:59     Query Q34 Score: 1.00
2026-06-19 08:38:59   [35/45] Processing Query Q35...
2026-06-19 08:39:03     Query Q35 Score: 1.00
2026-06-19 08:39:03   [36/45] Processing Query Q36...
2026-06-19 08:39:08     Query Q36 Score: 1.00
2026-06-19 08:39:08   [37/45] Processing Query Q37...
2026-06-19 08:39:13     Query Q37 Score: 0.50
2026-06-19 08:39:13   [38/45] Processing Query Q38...
2026-06-19 08:39:18     Query Q38 Score: 0.85
2026-06-19 08:39:18   [39/45] Processing Query Q39...
2026-06-19 08:39:23     Query Q39 Score: 0.95
2026-06-19 08:39:23   [40/45] Processing Query Q40...
2026-06-19 08:39:27     Query Q40 Score: 1.00
2026-06-19 08:39:27   [41/45] Processing Query Q41...
2026-06-19 08:39:33     Query Q41 Score: 0.85
2026-06-19 08:39:33   [42/45] Processing Query Q42...
2026-06-19 08:39:38     Query Q42 Score: 1.00
2026-06-19 08:39:38   [43/45] Processing Query Q43...
2026-06-19 08:39:43     Query Q43 Score: 1.00
2026-06-19 08:39:43   [44/45] Processing Query Q48...
2026-06-19 08:39:51     Query Q48 Score: 0.30
2026-06-19 08:39:51   [45/45] Processing Query Q49...
2026-06-19 08:40:20     Query Q49 Score: 0.75
2026-06-19 08:40:20 Saved validation results to /home/virtualuser/model_evaluation/autoresearch/archive/run_20260618_134629/outputs/validation_results_iter179_20260619_084020.csv
2026-06-19 08:40:20 Validation run completed. Overall Mean Score: 0.9089
2026-06-19 08:40:20 Candidate Score: 0.9089 (Delta: -0.0378)
2026-06-19 08:40:20 >>> FAILURE: Score did not improve. Discarding changes.
2026-06-19 08:40:20 Iteration #179 logged successfully to experiments.json.
2026-06-19 08:40:20 
2026-06-19 08:40:20 =========================================
2026-06-19 08:40:20 STARTING ITERATION #180
2026-06-19 08:40:20 =========================================
2026-06-19 08:40:20 Current Champion Score: 0.9467
2026-06-19 08:40:20 Failing queries to fix: 13
2026-06-19 08:40:20 Calling Optimizer Agent to refine instructions...
2026-06-19 08:43:16 Starting validation run on 45 queries...
2026-06-19 08:43:16   [1/45] Processing Query Q01...
2026-06-19 08:43:21     Query Q01 Score: 1.00
2026-06-19 08:43:21   [2/45] Processing Query Q02...
2026-06-19 08:43:26     Query Q02 Score: 1.00
2026-06-19 08:43:26   [3/45] Processing Query Q03...
2026-06-19 08:43:32     Query Q03 Score: 0.95
2026-06-19 08:43:32   [4/45] Processing Query Q04...
2026-06-19 08:43:38     Query Q04 Score: 0.65
2026-06-19 08:43:38   [5/45] Processing Query Q05...
2026-06-19 08:43:43     Query Q05 Score: 0.95
2026-06-19 08:43:43   [6/45] Processing Query Q06...
2026-06-19 08:43:49     Query Q06 Score: 1.00
2026-06-19 08:43:49   [7/45] Processing Query Q07...
2026-06-19 08:43:54     Query Q07 Score: 1.00
2026-06-19 08:43:54   [8/45] Processing Query Q08...
2026-06-19 08:43:59     Query Q08 Score: 1.00
2026-06-19 08:43:59   [9/45] Processing Query Q09...
2026-06-19 08:44:09     Query Q09 Score: 0.40
2026-06-19 08:44:09   [10/45] Processing Query Q10...
2026-06-19 08:44:14     Query Q10 Score: 1.00
2026-06-19 08:44:14   [11/45] Processing Query Q11...
2026-06-19 08:44:22     Query Q11 Score: 0.75
2026-06-19 08:44:22   [12/45] Processing Query Q12...
2026-06-19 08:44:27     Query Q12 Score: 1.00
2026-06-19 08:44:27   [13/45] Processing Query Q13...
2026-06-19 08:44:34     Query Q13 Score: 0.20
2026-06-19 08:44:34   [14/45] Processing Query Q14...
2026-06-19 08:44:38     Query Q14 Score: 0.85
2026-06-19 08:44:38   [15/45] Processing Query Q15...
2026-06-19 08:44:44     Query Q15 Score: 1.00
2026-06-19 08:44:44   [16/45] Processing Query Q16...
2026-06-19 08:44:54     Query Q16 Score: 1.00
2026-06-19 08:44:54   [17/45] Processing Query Q17...
2026-06-19 08:44:59     Query Q17 Score: 1.00
2026-06-19 08:44:59   [18/45] Processing Query Q18...
2026-06-19 08:45:04     Query Q18 Score: 1.00
2026-06-19 08:45:04   [19/45] Processing Query Q19...
2026-06-19 08:45:08     Query Q19 Score: 0.95
2026-06-19 08:45:08   [20/45] Processing Query Q20...
2026-06-19 08:45:13     Query Q20 Score: 0.90
2026-06-19 08:45:13   [21/45] Processing Query Q21...
2026-06-19 08:45:18     Query Q21 Score: 1.00
2026-06-19 08:45:18   [22/45] Processing Query Q22...
2026-06-19 08:45:23     Query Q22 Score: 1.00
2026-06-19 08:45:23   [23/45] Processing Query Q23...
2026-06-19 08:45:39     Query Q23 Score: 1.00
2026-06-19 08:45:39   [24/45] Processing Query Q24...
2026-06-19 08:45:44     Query Q24 Score: 1.00
2026-06-19 08:45:44   [25/45] Processing Query Q25...
2026-06-19 08:45:49     Query Q25 Score: 1.00
2026-06-19 08:45:49   [26/45] Processing Query Q26...
2026-06-19 08:45:53     Query Q26 Score: 1.00
2026-06-19 08:45:53   [27/45] Processing Query Q27...
2026-06-19 08:45:58     Query Q27 Score: 1.00
2026-06-19 08:45:58   [28/45] Processing Query Q28...
2026-06-19 08:46:02     Query Q28 Score: 1.00
2026-06-19 08:46:02   [29/45] Processing Query Q29...
2026-06-19 08:46:07     Query Q29 Score: 0.50
2026-06-19 08:46:07   [30/45] Processing Query Q30...
2026-06-19 08:46:12     Query Q30 Score: 1.00
2026-06-19 08:46:12   [31/45] Processing Query Q31...
2026-06-19 08:46:17     Query Q31 Score: 1.00
2026-06-19 08:46:17   [32/45] Processing Query Q32...
2026-06-19 08:46:26     Query Q32 Score: 0.95
2026-06-19 08:46:26   [33/45] Processing Query Q33...
2026-06-19 08:46:33     Query Q33 Score: 0.70
2026-06-19 08:46:33   [34/45] Processing Query Q34...
2026-06-19 08:46:38     Query Q34 Score: 1.00
2026-06-19 08:46:38   [35/45] Processing Query Q35...
2026-06-19 08:46:42     Query Q35 Score: 1.00
2026-06-19 08:46:42   [36/45] Processing Query Q36...
2026-06-19 08:46:56     Query Q36 Score: 1.00
2026-06-19 08:46:56   [37/45] Processing Query Q37...
2026-06-19 08:47:01     Query Q37 Score: 0.60
2026-06-19 08:47:01   [38/45] Processing Query Q38...
2026-06-19 08:47:06     Query Q38 Score: 0.85
2026-06-19 08:47:06   [39/45] Processing Query Q39...
2026-06-19 08:47:11     Query Q39 Score: 0.95
2026-06-19 08:47:11   [40/45] Processing Query Q40...
2026-06-19 08:47:15     Query Q40 Score: 1.00
2026-06-19 08:47:15   [41/45] Processing Query Q41...
2026-06-19 08:47:21     Query Q41 Score: 0.90
2026-06-19 08:47:21   [42/45] Processing Query Q42...
2026-06-19 08:47:26     Query Q42 Score: 1.00
2026-06-19 08:47:26   [43/45] Processing Query Q43...
2026-06-19 08:47:31     Query Q43 Score: 1.00
2026-06-19 08:47:31   [44/45] Processing Query Q48...
2026-06-19 08:47:37     Query Q48 Score: 0.95
2026-06-19 08:47:37   [45/45] Processing Query Q49...
2026-06-19 08:47:44     Query Q49 Score: 0.75
2026-06-19 08:47:44 Saved validation results to /home/virtualuser/model_evaluation/autoresearch/archive/run_20260618_134629/outputs/validation_results_iter180_20260619_084744.csv
2026-06-19 08:47:44 Validation run completed. Overall Mean Score: 0.9056
2026-06-19 08:47:44 Candidate Score: 0.9056 (Delta: -0.0411)
2026-06-19 08:47:44 >>> FAILURE: Score did not improve. Discarding changes.
2026-06-19 08:47:44 Iteration #180 logged successfully to experiments.json.
2026-06-19 08:47:44 
2026-06-19 08:47:44 =========================================
2026-06-19 08:47:44 STARTING ITERATION #181
2026-06-19 08:47:44 =========================================
2026-06-19 08:47:44 Current Champion Score: 0.9467
2026-06-19 08:47:44 Failing queries to fix: 13
2026-06-19 08:47:44 Calling Optimizer Agent to refine instructions...
2026-06-19 08:50:40 Starting validation run on 45 queries...
2026-06-19 08:50:40   [1/45] Processing Query Q01...
2026-06-19 08:50:45     Query Q01 Score: 1.00
2026-06-19 08:50:45   [2/45] Processing Query Q02...
2026-06-19 08:50:51     Query Q02 Score: 0.70
2026-06-19 08:50:51   [3/45] Processing Query Q03...
2026-06-19 08:50:56     Query Q03 Score: 0.95
2026-06-19 08:50:56   [4/45] Processing Query Q04...
2026-06-19 08:51:02     Query Q04 Score: 1.00
2026-06-19 08:51:02   [5/45] Processing Query Q05...
2026-06-19 08:51:07     Query Q05 Score: 0.40
2026-06-19 08:51:07   [6/45] Processing Query Q06...
2026-06-19 08:51:13     Query Q06 Score: 1.00
2026-06-19 08:51:13   [7/45] Processing Query Q07...
2026-06-19 08:51:18     Query Q07 Score: 1.00
2026-06-19 08:51:18   [8/45] Processing Query Q08...
2026-06-19 08:51:22     Query Q08 Score: 1.00
2026-06-19 08:51:22   [9/45] Processing Query Q09...
2026-06-19 08:51:35     Query Q09 Score: 0.40
2026-06-19 08:51:35   [10/45] Processing Query Q10...
2026-06-19 08:51:41     Query Q10 Score: 1.00
2026-06-19 08:51:41   [11/45] Processing Query Q11...
2026-06-19 08:51:48     Query Q11 Score: 0.75
2026-06-19 08:51:48   [12/45] Processing Query Q12...
2026-06-19 08:51:52     Query Q12 Score: 1.00
2026-06-19 08:51:52   [13/45] Processing Query Q13...
2026-06-19 08:52:14     Query Q13 Score: 0.40
2026-06-19 08:52:14   [14/45] Processing Query Q14...
2026-06-19 08:52:20     Query Q14 Score: 0.50
2026-06-19 08:52:20   [15/45] Processing Query Q15...
2026-06-19 08:52:26     Query Q15 Score: 1.00
2026-06-19 08:52:26   [16/45] Processing Query Q16...
2026-06-19 08:52:36     Query Q16 Score: 1.00
2026-06-19 08:52:36   [17/45] Processing Query Q17...
2026-06-19 08:52:41     Query Q17 Score: 1.00
2026-06-19 08:52:41   [18/45] Processing Query Q18...
2026-06-19 08:52:46     Query Q18 Score: 1.00
2026-06-19 08:52:46   [19/45] Processing Query Q19...
2026-06-19 08:52:51     Query Q19 Score: 0.50
2026-06-19 08:52:52   [20/45] Processing Query Q20...
2026-06-19 08:52:56     Query Q20 Score: 0.95
2026-06-19 08:52:56   [21/45] Processing Query Q21...
2026-06-19 08:53:01     Query Q21 Score: 1.00
2026-06-19 08:53:01   [22/45] Processing Query Q22...
2026-06-19 08:53:06     Query Q22 Score: 1.00
2026-06-19 08:53:06   [23/45] Processing Query Q23...
2026-06-19 08:53:12     Query Q23 Score: 1.00
2026-06-19 08:53:12   [24/45] Processing Query Q24...
2026-06-19 08:53:16     Query Q24 Score: 1.00
2026-06-19 08:53:16   [25/45] Processing Query Q25...
2026-06-19 08:53:21     Query Q25 Score: 1.00
2026-06-19 08:53:21   [26/45] Processing Query Q26...
2026-06-19 08:53:26     Query Q26 Score: 1.00
2026-06-19 08:53:26   [27/45] Processing Query Q27...
2026-06-19 08:53:31     Query Q27 Score: 1.00
2026-06-19 08:53:31   [28/45] Processing Query Q28...
2026-06-19 08:53:35     Query Q28 Score: 1.00
2026-06-19 08:53:35   [29/45] Processing Query Q29...
2026-06-19 08:53:40     Query Q29 Score: 0.50
2026-06-19 08:53:40   [30/45] Processing Query Q30...
2026-06-19 08:53:45     Query Q30 Score: 1.00
2026-06-19 08:53:45   [31/45] Processing Query Q31...
2026-06-19 08:53:50     Query Q31 Score: 1.00
2026-06-19 08:53:50   [32/45] Processing Query Q32...
2026-06-19 08:53:56     Query Q32 Score: 0.95
2026-06-19 08:53:56   [33/45] Processing Query Q33...
2026-06-19 08:54:02     Query Q33 Score: 1.00
2026-06-19 08:54:02   [34/45] Processing Query Q34...
2026-06-19 08:54:07     Query Q34 Score: 1.00
2026-06-19 08:54:07   [35/45] Processing Query Q35...
2026-06-19 08:54:11     Query Q35 Score: 1.00
2026-06-19 08:54:11   [36/45] Processing Query Q36...
2026-06-19 08:54:19     Query Q36 Score: 1.00
2026-06-19 08:54:19   [37/45] Processing Query Q37...
2026-06-19 08:54:24     Query Q37 Score: 0.50
2026-06-19 08:54:24   [38/45] Processing Query Q38...
2026-06-19 08:54:32     Query Q38 Score: 1.00
2026-06-19 08:54:32   [39/45] Processing Query Q39...
2026-06-19 08:54:36     Query Q39 Score: 1.00
2026-06-19 08:54:36   [40/45] Processing Query Q40...
2026-06-19 08:54:41     Query Q40 Score: 1.00
2026-06-19 08:54:41   [41/45] Processing Query Q41...
2026-06-19 08:54:47     Query Q41 Score: 0.85
2026-06-19 08:54:47   [42/45] Processing Query Q42...
2026-06-19 08:54:52     Query Q42 Score: 1.00
2026-06-19 08:54:52   [43/45] Processing Query Q43...
2026-06-19 08:54:57     Query Q43 Score: 0.85
2026-06-19 08:54:57   [44/45] Processing Query Q48...
2026-06-19 08:55:16     Query Q48 Score: 0.70
2026-06-19 08:55:16   [45/45] Processing Query Q49...
2026-06-19 08:55:29     Query Q49 Score: 1.00
2026-06-19 08:55:29 Saved validation results to /home/virtualuser/model_evaluation/autoresearch/archive/run_20260618_134629/outputs/validation_results_iter181_20260619_085529.csv
2026-06-19 08:55:29 Validation run completed. Overall Mean Score: 0.8867
2026-06-19 08:55:29 Candidate Score: 0.8867 (Delta: -0.0600)
2026-06-19 08:55:29 >>> FAILURE: Score did not improve. Discarding changes.
2026-06-19 08:55:29 Iteration #181 logged successfully to experiments.json.
2026-06-19 08:55:29 
2026-06-19 08:55:29 =========================================
2026-06-19 08:55:29 STARTING ITERATION #182
2026-06-19 08:55:29 =========================================
2026-06-19 08:55:29 Current Champion Score: 0.9467
2026-06-19 08:55:29 Failing queries to fix: 13
2026-06-19 08:55:29 Calling Optimizer Agent to refine instructions...
2026-06-19 08:58:15 Starting validation run on 45 queries...
2026-06-19 08:58:15   [1/45] Processing Query Q01...
2026-06-19 08:58:20     Query Q01 Score: 1.00
2026-06-19 08:58:20   [2/45] Processing Query Q02...
2026-06-19 08:58:25     Query Q02 Score: 1.00
2026-06-19 08:58:25   [3/45] Processing Query Q03...
2026-06-19 08:58:30     Query Q03 Score: 0.95
2026-06-19 08:58:30   [4/45] Processing Query Q04...
2026-06-19 08:58:36     Query Q04 Score: 1.00
2026-06-19 08:58:36   [5/45] Processing Query Q05...
2026-06-19 08:58:41     Query Q05 Score: 0.85
2026-06-19 08:58:41   [6/45] Processing Query Q06...
2026-06-19 08:58:47     Query Q06 Score: 1.00
2026-06-19 08:58:47   [7/45] Processing Query Q07...
2026-06-19 08:58:52     Query Q07 Score: 1.00
2026-06-19 08:58:52   [8/45] Processing Query Q08...
2026-06-19 08:58:57     Query Q08 Score: 1.00
2026-06-19 08:58:57   [9/45] Processing Query Q09...
2026-06-19 08:59:09     Query Q09 Score: 0.40
2026-06-19 08:59:09   [10/45] Processing Query Q10...
2026-06-19 08:59:15     Query Q10 Score: 1.00
2026-06-19 08:59:15   [11/45] Processing Query Q11...
2026-06-19 08:59:22     Query Q11 Score: 0.75
2026-06-19 08:59:22   [12/45] Processing Query Q12...
2026-06-19 08:59:26     Query Q12 Score: 1.00
2026-06-19 08:59:26   [13/45] Processing Query Q13...
2026-06-19 08:59:34     Query Q13 Score: 0.40
2026-06-19 08:59:34   [14/45] Processing Query Q14...
2026-06-19 08:59:38     Query Q14 Score: 0.85
2026-06-19 08:59:38   [15/45] Processing Query Q15...
2026-06-19 08:59:44     Query Q15 Score: 1.00
2026-06-19 08:59:44   [16/45] Processing Query Q16...
2026-06-19 08:59:54     Query Q16 Score: 0.75
2026-06-19 08:59:54   [17/45] Processing Query Q17...
2026-06-19 08:59:59     Query Q17 Score: 1.00
2026-06-19 08:59:59   [18/45] Processing Query Q18...
2026-06-19 09:00:04     Query Q18 Score: 1.00
2026-06-19 09:00:04   [19/45] Processing Query Q19...
2026-06-19 09:00:08     Query Q19 Score: 0.95
2026-06-19 09:00:08   [20/45] Processing Query Q20...
2026-06-19 09:00:13     Query Q20 Score: 0.90
2026-06-19 09:00:13   [21/45] Processing Query Q21...
2026-06-19 09:00:18     Query Q21 Score: 1.00
2026-06-19 09:00:18   [22/45] Processing Query Q22...
2026-06-19 09:00:22     Query Q22 Score: 1.00
2026-06-19 09:00:22   [23/45] Processing Query Q23...
2026-06-19 09:00:28     Query Q23 Score: 1.00
2026-06-19 09:00:28   [24/45] Processing Query Q24...
2026-06-19 09:00:32     Query Q24 Score: 1.00
2026-06-19 09:00:32   [25/45] Processing Query Q25...
2026-06-19 09:00:38     Query Q25 Score: 1.00
2026-06-19 09:00:38   [26/45] Processing Query Q26...
2026-06-19 09:00:42     Query Q26 Score: 1.00
2026-06-19 09:00:42   [27/45] Processing Query Q27...
2026-06-19 09:00:46     Query Q27 Score: 1.00
2026-06-19 09:00:46   [28/45] Processing Query Q28...
2026-06-19 09:00:50     Query Q28 Score: 1.00
2026-06-19 09:00:50   [29/45] Processing Query Q29...
2026-06-19 09:00:55     Query Q29 Score: 0.50
2026-06-19 09:00:55   [30/45] Processing Query Q30...
2026-06-19 09:01:01     Query Q30 Score: 1.00
2026-06-19 09:01:01   [31/45] Processing Query Q31...
2026-06-19 09:01:05     Query Q31 Score: 0.50
2026-06-19 09:01:05   [32/45] Processing Query Q32...
2026-06-19 09:01:11     Query Q32 Score: 0.95
2026-06-19 09:01:11   [33/45] Processing Query Q33...
2026-06-19 09:01:17     Query Q33 Score: 1.00
2026-06-19 09:01:17   [34/45] Processing Query Q34...
2026-06-19 09:01:22     Query Q34 Score: 1.00
2026-06-19 09:01:22   [35/45] Processing Query Q35...
2026-06-19 09:01:26     Query Q35 Score: 1.00
2026-06-19 09:01:26   [36/45] Processing Query Q36...
2026-06-19 09:01:31     Query Q36 Score: 1.00
2026-06-19 09:01:31   [37/45] Processing Query Q37...
2026-06-19 09:01:36     Query Q37 Score: 0.50
2026-06-19 09:01:36   [38/45] Processing Query Q38...
2026-06-19 09:01:41     Query Q38 Score: 0.85
2026-06-19 09:01:41   [39/45] Processing Query Q39...
2026-06-19 09:01:46     Query Q39 Score: 0.95
2026-06-19 09:01:46   [40/45] Processing Query Q40...
2026-06-19 09:01:50     Query Q40 Score: 1.00
2026-06-19 09:01:50   [41/45] Processing Query Q41...
2026-06-19 09:01:56     Query Q41 Score: 0.85
2026-06-19 09:01:56   [42/45] Processing Query Q42...
2026-06-19 09:02:01     Query Q42 Score: 0.95
2026-06-19 09:02:01   [43/45] Processing Query Q43...
2026-06-19 09:02:06     Query Q43 Score: 0.90
2026-06-19 09:02:06   [44/45] Processing Query Q48...
2026-06-19 09:02:14     Query Q48 Score: 0.40
2026-06-19 09:02:14   [45/45] Processing Query Q49...
2026-06-19 09:02:21     Query Q49 Score: 0.40
2026-06-19 09:02:21 Saved validation results to /home/virtualuser/model_evaluation/autoresearch/archive/run_20260618_134629/outputs/validation_results_iter182_20260619_090221.csv
2026-06-19 09:02:21 Validation run completed. Overall Mean Score: 0.8789
2026-06-19 09:02:21 Candidate Score: 0.8789 (Delta: -0.0678)
2026-06-19 09:02:21 >>> FAILURE: Score did not improve. Discarding changes.
2026-06-19 09:02:21 Iteration #182 logged successfully to experiments.json.
2026-06-19 09:02:21 
2026-06-19 09:02:21 =========================================
2026-06-19 09:02:21 STARTING ITERATION #183
2026-06-19 09:02:21 =========================================
2026-06-19 09:02:21 Current Champion Score: 0.9467
2026-06-19 09:02:21 Failing queries to fix: 13
2026-06-19 09:02:21 Calling Optimizer Agent to refine instructions...
2026-06-19 09:04:49 Starting validation run on 45 queries...
2026-06-19 09:04:49   [1/45] Processing Query Q01...
2026-06-19 09:04:54     Query Q01 Score: 1.00
2026-06-19 09:04:54   [2/45] Processing Query Q02...
2026-06-19 09:04:59     Query Q02 Score: 1.00
2026-06-19 09:04:59   [3/45] Processing Query Q03...
2026-06-19 09:05:04     Query Q03 Score: 1.00
2026-06-19 09:05:04   [4/45] Processing Query Q04...
2026-06-19 09:05:10     Query Q04 Score: 0.65
2026-06-19 09:05:10   [5/45] Processing Query Q05...
2026-06-19 09:05:17     Query Q05 Score: 0.75
2026-06-19 09:05:17   [6/45] Processing Query Q06...
2026-06-19 09:05:22     Query Q06 Score: 1.00
2026-06-19 09:05:22   [7/45] Processing Query Q07...
2026-06-19 09:05:27     Query Q07 Score: 1.00
2026-06-19 09:05:27   [8/45] Processing Query Q08...
2026-06-19 09:05:32     Query Q08 Score: 1.00
2026-06-19 09:05:32   [9/45] Processing Query Q09...
2026-06-19 09:05:38     Query Q09 Score: 1.00
2026-06-19 09:05:38   [10/45] Processing Query Q10...
2026-06-19 09:05:43     Query Q10 Score: 1.00
2026-06-19 09:05:43   [11/45] Processing Query Q11...
2026-06-19 09:05:50     Query Q11 Score: 0.40
2026-06-19 09:05:50   [12/45] Processing Query Q12...
2026-06-19 09:05:55     Query Q12 Score: 1.00
2026-06-19 09:05:55   [13/45] Processing Query Q13...
2026-06-19 09:06:02     Query Q13 Score: 0.50
2026-06-19 09:06:02   [14/45] Processing Query Q14...
2026-06-19 09:06:06     Query Q14 Score: 0.85
2026-06-19 09:06:06   [15/45] Processing Query Q15...
2026-06-19 09:06:12     Query Q15 Score: 1.00
2026-06-19 09:06:12   [16/45] Processing Query Q16...
2026-06-19 09:06:18     Query Q16 Score: 0.50
2026-06-19 09:06:18   [17/45] Processing Query Q17...
2026-06-19 09:06:23     Query Q17 Score: 1.00
2026-06-19 09:06:23   [18/45] Processing Query Q18...
2026-06-19 09:06:28     Query Q18 Score: 1.00
2026-06-19 09:06:28   [19/45] Processing Query Q19...
2026-06-19 09:06:33     Query Q19 Score: 0.75
2026-06-19 09:06:33   [20/45] Processing Query Q20...
2026-06-19 09:06:38     Query Q20 Score: 1.00
2026-06-19 09:06:38   [21/45] Processing Query Q21...
2026-06-19 09:06:43     Query Q21 Score: 1.00
2026-06-19 09:06:43   [22/45] Processing Query Q22...
2026-06-19 09:06:47     Query Q22 Score: 1.00
2026-06-19 09:06:47   [23/45] Processing Query Q23...
2026-06-19 09:06:53     Query Q23 Score: 0.75
2026-06-19 09:06:53   [24/45] Processing Query Q24...
2026-06-19 09:06:57     Query Q24 Score: 1.00
2026-06-19 09:06:57   [25/45] Processing Query Q25...
2026-06-19 09:07:02     Query Q25 Score: 1.00
2026-06-19 09:07:02   [26/45] Processing Query Q26...
2026-06-19 09:07:06     Query Q26 Score: 1.00
2026-06-19 09:07:06   [27/45] Processing Query Q27...
2026-06-19 09:07:11     Query Q27 Score: 1.00
2026-06-19 09:07:11   [28/45] Processing Query Q28...
2026-06-19 09:07:15     Query Q28 Score: 1.00
2026-06-19 09:07:15   [29/45] Processing Query Q29...
2026-06-19 09:07:20     Query Q29 Score: 0.50
2026-06-19 09:07:20   [30/45] Processing Query Q30...
2026-06-19 09:07:25     Query Q30 Score: 1.00
2026-06-19 09:07:25   [31/45] Processing Query Q31...
2026-06-19 09:07:30     Query Q31 Score: 1.00
2026-06-19 09:07:30   [32/45] Processing Query Q32...
2026-06-19 09:07:36     Query Q32 Score: 0.95
2026-06-19 09:07:36   [33/45] Processing Query Q33...
2026-06-19 09:07:42     Query Q33 Score: 1.00
2026-06-19 09:07:42   [34/45] Processing Query Q34...
2026-06-19 09:07:47     Query Q34 Score: 1.00
2026-06-19 09:07:47   [35/45] Processing Query Q35...
2026-06-19 09:07:51     Query Q35 Score: 1.00
2026-06-19 09:07:51   [36/45] Processing Query Q36...
2026-06-19 09:07:56     Query Q36 Score: 1.00
2026-06-19 09:07:56   [37/45] Processing Query Q37...
2026-06-19 09:08:01     Query Q37 Score: 0.60
2026-06-19 09:08:01   [38/45] Processing Query Q38...
2026-06-19 09:08:06     Query Q38 Score: 0.85
2026-06-19 09:08:06   [39/45] Processing Query Q39...
2026-06-19 09:08:11     Query Q39 Score: 0.95
2026-06-19 09:08:11   [40/45] Processing Query Q40...
2026-06-19 09:08:15     Query Q40 Score: 1.00
2026-06-19 09:08:15   [41/45] Processing Query Q41...
2026-06-19 09:08:21     Query Q41 Score: 0.85
2026-06-19 09:08:21   [42/45] Processing Query Q42...
2026-06-19 09:08:26     Query Q42 Score: 1.00
2026-06-19 09:08:26   [43/45] Processing Query Q43...
2026-06-19 09:08:31     Query Q43 Score: 1.00
2026-06-19 09:08:31   [44/45] Processing Query Q48...
2026-06-19 09:08:37     Query Q48 Score: 0.95
2026-06-19 09:08:37   [45/45] Processing Query Q49...
2026-06-19 09:08:44     Query Q49 Score: 0.40
2026-06-19 09:08:44 Saved validation results to /home/virtualuser/model_evaluation/autoresearch/archive/run_20260618_134629/outputs/validation_results_iter183_20260619_090844.csv
2026-06-19 09:08:44 Validation run completed. Overall Mean Score: 0.8933
2026-06-19 09:08:44 Candidate Score: 0.8933 (Delta: -0.0533)
2026-06-19 09:08:44 >>> FAILURE: Score did not improve. Discarding changes.
2026-06-19 09:08:44 Iteration #183 logged successfully to experiments.json.
2026-06-19 09:08:44 Graceful stop flagged via '/home/virtualuser/model_evaluation/autoresearch/stop.txt' file. Exiting loop cleanly.
2026-06-19 09:08:44 
2026-06-19 09:08:44 Optimization process completed.
2026-06-19 09:08:44 Best prompt found at iteration #114 with Score: 0.9467
