Run,Query ID,Query,Model,Thinking,Temperature,Inference Time (s),Valid JSON,Done Reason,Prompt Eval Count,Prompt Eval Duration (s),Eval Count,Eval Duration (s),Generation Throughput (tokens/s),Response
1,Q12,Give me the actors of The Matrix along with the three actors who have acted the most in any movie with them,ministral-3:3b,False,0.05,15.180653,True,stop,4096,2.279067,799,12.171545,65.6449,"```json
{
  ""hypotheses_set"": [
    [
      {
        ""id"": ""q1"",
        ""target"": [""e_actor""],
        ""entities"": [
          { ""id"": ""e_movie"", ""type"": ""Movie"" },
          { ""id"": ""e_actor"", ""type"": ""Person"" }
        ],
        ""relationships"": [
          { ""id"": ""r_act"", ""role"": ""actor"", ""from"": ""e_actor"", ""to"": ""e_movie"" }
        ],
        ""constraint"": {
          ""and_conditions"": [
            {
              ""left"": { ""attribute_name"": ""title"", ""of"": ""e_movie"" },
              ""operator"": ""="",
              ""right"": ""The Matrix""
            }
          ]
        },
        ""projection"": [
          { ""attribute_name"": ""name"", ""of"": ""e_actor"" }
        ]
      }
    ],
    [
      {
        ""id"": ""q2"",
        ""target"": [""e_actor""],
        ""entities"": [
          { ""id"": ""e_actor1"", ""type"": ""Person"" },
          { ""id"": ""e_actor2"", ""type"": ""Person"" },
          { ""id"": ""e_actor3"", ""type"": ""Person"" },
          { ""id"": ""e_movie"", ""type"": ""Movie"" }
        ],
        ""relationships"": [
          { ""id"": ""r_act"", ""role"": ""actor"", ""from"": ""e_actor1"", ""to"": ""e_movie"" },
          { ""id"": ""r_act2"", ""role"": ""actor"", ""from"": ""e_actor2"", ""to"": ""e_movie"" },
          { ""id"": ""r_act3"", ""role"": ""actor"", ""from"": ""e_actor3"", ""to"": ""e_movie"" }
        ],
        ""constraint"": {
          ""and_conditions"": [
            {
              ""left"": { ""count_id"": ""r_act"", ""condition"": { ""all_id"": ""e_actor1"" } },
              ""operator"": "">"",
              ""right"": {
                ""left"": { ""count_id"": ""r_act2"", ""condition"": { ""all_id"": ""e_actor2"" } },
                ""operator"": "">"",
                ""right"": {
                  ""left"": { ""count_id"": ""r_act3"", ""condition"": { ""all_id"": ""e_actor3"" } },
                  ""operator"": "">"",
                  ""right"": 0
                }
              }
            },
            {
              ""left"": { ""attribute_name"": ""name"", ""of"": ""e_actor1"" },
              ""operator"": ""="",
              ""right"": { ""attribute_name"": ""name"", ""of"": ""e_actor"" }
            },
            {
              ""left"": { ""attribute_name"": ""name"", ""of"": ""e_actor2"" },
              ""operator"": ""="",
              ""right"": { ""attribute_name"": ""name"", ""of"": ""e_actor"" }
            },
            {
              ""left"": { ""attribute_name"": ""name"", ""of"": ""e_actor3"" },
              ""operator"": ""="",
              ""right"": { ""attribute_name"": ""name"", ""of"": ""e_actor"" }
            }
          ]
        },
        ""projection"": [
          { ""attribute_name"": ""name"", ""of"": ""e_actor1"" },
          { ""attribute_name"": ""name"", ""of"": ""e_actor2"" },
          { ""attribute_name"": ""name"", ""of"": ""e_actor3"" }
        ]
      }
    ]
  ]
}
```"
2,Q12,Give me the actors of The Matrix along with the three actors who have acted the most in any movie with them,ministral-3:3b,False,0.05,16.876379,True,stop,4096,2.280046,906,13.801521,65.6449,"```json
{
  ""hypotheses_set"": [
    [
      {
        ""id"": ""q1"",
        ""target"": [""e_actor""],
        ""entities"": [
          { ""id"": ""e_actor"", ""type"": ""Person"" },
          { ""id"": ""e_movie"", ""type"": ""Movie"" }
        ],
        ""relationships"": [
          { ""id"": ""r_act"", ""role"": ""actor"", ""from"": ""e_actor"", ""to"": ""e_movie"" }
        ],
        ""constraint"": {
          ""and_conditions"": [
            {
              ""left"": { ""attribute_name"": ""title"", ""of"": ""e_movie"" },
              ""operator"": ""="",
              ""right"": ""The Matrix""
            }
          ]
        },
        ""projection"": [
          { ""attribute_name"": ""name"", ""of"": ""e_actor"" }
        ]
      }
    ],
    [
      {
        ""id"": ""q2"",
        ""target"": [""e_actor""],
        ""entities"": [
          { ""id"": ""e_actor1"", ""type"": ""Person"" },
          { ""id"": ""e_actor2"", ""type"": ""Person"" },
          { ""id"": ""e_movie"", ""type"": ""Movie"" }
        ],
        ""relationships"": [
          { ""id"": ""r_act1"", ""role"": ""actor"", ""from"": ""e_actor1"", ""to"": ""e_movie"" },
          { ""id"": ""r_act2"", ""role"": ""actor"", ""from"": ""e_actor2"", ""to"": ""e_movie"" }
        ],
        ""constraint"": {
          ""and_conditions"": [
            {
              ""left"": { ""count_id"": ""r_act1"" },
              ""operator"": "">"",
              ""right"": 0
            },
            {
              ""left"": { ""count_id"": ""r_act2"" },
              ""operator"": "">"",
              ""right"": 0
            },
            {
              ""left"": { ""attribute_name"": ""name"", ""of"": ""e_actor1"" },
              ""operator"": ""="",
              ""right"": { ""attribute_name"": ""name"", ""of"": ""e_actor"" }
            },
            {
              ""left"": { ""count_id"": ""r_act1"" },
              ""operator"": "">"",
              ""right"": { ""count_id"": ""r_act2"" }
            }
          ]
        },
        ""projection"": [
          { ""attribute_name"": ""name"", ""of"": ""e_actor2"" }
        ]
      }
    ],
    [
      {
        ""id"": ""q3"",
        ""target"": [""e_actor""],
        ""entities"": [
          { ""id"": ""e_actor"", ""type"": ""Person"" },
          { ""id"": ""e_movie"", ""type"": ""Movie"" },
          { ""id"": ""e_top_actor"", ""type"": ""Person"" }
        ],
        ""relationships"": [
          { ""id"": ""r_act"", ""role"": ""actor"", ""from"": ""e_actor"", ""to"": ""e_movie"" },
          { ""id"": ""r_top_actor"", ""role"": ""top_actor"", ""from"": ""e_top_actor"", ""to"": ""e_movie"" }
        ],
        ""constraint"": {
          ""and_conditions"": [
            {
              ""left"": { ""attribute_name"": ""title"", ""of"": ""e_movie"" },
              ""operator"": ""="",
              ""right"": ""The Matrix""
            },
            {
              ""left"": { ""count_id"": ""r_top_actor"" },
              ""operator"": "">"",
              ""right"": 0
            },
            {
              ""left"": { ""attribute_name"": ""name"", ""of"": ""e_top_actor"" },
              ""operator"": ""="",
              ""right"": { ""attribute_name"": ""name"", ""of"": ""e_actor"" }
            }
          ]
        },
        ""projection"": [
          { ""attribute_name"": ""name"", ""of"": ""e_top_actor"" }
        ]
      }
    ]
  ]
}
```"
3,Q12,Give me the actors of The Matrix along with the three actors who have acted the most in any movie with them,ministral-3:3b,False,0.05,18.749322,True,stop,4096,2.27971,1025,15.61037,65.6615,"```json
{
  ""hypotheses_set"": [
    [
      {
        ""id"": ""q1"",
        ""target"": [""e_actor""],
        ""entities"": [
          { ""id"": ""e_actor"", ""type"": ""Person"" },
          { ""id"": ""e_movie"", ""type"": ""Movie"" }
        ],
        ""relationships"": [
          { ""id"": ""r_act"", ""role"": ""actor"", ""from"": ""e_actor"", ""to"": ""e_movie"" }
        ],
        ""constraint"": {
          ""and_conditions"": [
            {
              ""left"": { ""attribute_name"": ""title"", ""of"": ""e_movie"" },
              ""operator"": ""="",
              ""right"": ""The Matrix""
            }
          ]
        },
        ""projection"": [
          { ""attribute_name"": ""name"", ""of"": ""e_actor"" }
        ]
      }
    ],
    [
      {
        ""id"": ""q2"",
        ""target"": [""e_actor""],
        ""entities"": [
          { ""id"": ""e_actor1"", ""type"": ""Person"" },
          { ""id"": ""e_actor2"", ""type"": ""Person"" },
          { ""id"": ""e_movie"", ""type"": ""Movie"" }
        ],
        ""relationships"": [
          { ""id"": ""r_act1"", ""role"": ""actor"", ""from"": ""e_actor1"", ""to"": ""e_movie"" },
          { ""id"": ""r_act2"", ""role"": ""actor"", ""from"": ""e_actor2"", ""to"": ""e_movie"" }
        ],
        ""constraint"": {
          ""and_conditions"": [
            {
              ""left"": { ""count_id"": ""r_act1"" },
              ""operator"": "">"",
              ""right"": 0
            },
            {
              ""left"": { ""count_id"": ""r_act2"" },
              ""operator"": "">"",
              ""right"": 0
            },
            {
              ""left"": { ""attribute_name"": ""name"", ""of"": ""e_actor1"" },
              ""operator"": ""="",
              ""right"": { ""attribute_name"": ""name"", ""of"": ""e_actor"" }
            },
            {
              ""left"": { ""count_id"": ""r_act1"" },
              ""operator"": "">"",
              ""right"": { ""count_id"": ""r_act2"" }
            }
          ]
        },
        ""projection"": [
          { ""attribute_name"": ""name"", ""of"": ""e_actor2"" }
        ]
      }
    ],
    [
      {
        ""id"": ""q3"",
        ""target"": [""e_actor""],
        ""entities"": [
          { ""id"": ""e_actor"", ""type"": ""Person"" },
          { ""id"": ""e_common_actor"", ""type"": ""Person"" },
          { ""id"": ""e_movie"", ""type"": ""Movie"" }
        ],
        ""relationships"": [
          { ""id"": ""r_act"", ""role"": ""actor"", ""from"": ""e_actor"", ""to"": ""e_movie"" },
          { ""id"": ""r_common_act"", ""role"": ""common_actor"", ""from"": ""e_common_actor"", ""to"": ""e_movie"" }
        ],
        ""constraint"": {
          ""and_conditions"": [
            {
              ""left"": { ""attribute_name"": ""title"", ""of"": ""e_movie"" },
              ""operator"": ""="",
              ""right"": ""The Matrix""
            },
            {
              ""left"": { ""count_id"": ""r_common_act"" },
              ""operator"": "">"",
              ""right"": 0
            },
            {
              ""left"": { ""count_id"": ""r_common_act"" },
              ""operator"": "">"",
              ""right"": 0
            }
          ],
          ""or_conditions"": [
            {
              ""left"": { ""attribute_name"": ""name"", ""of"": ""e_common_actor"" },
              ""operator"": ""="",
              ""right"": ""Keanu Reeves""
            },
            {
              ""left"": { ""attribute_name"": ""name"", ""of"": ""e_common_actor"" },
              ""operator"": ""="",
              ""right"": ""Laurence Fishburne""
            },
            {
              ""left"": { ""attribute_name"": ""name"", ""of"": ""e_common_actor"" },
              ""operator"": ""="",
              ""right"": ""Carrie-Anne Moss""
            }
          ]
        },
        ""projection"": [
          { ""attribute_name"": ""name"", ""of"": ""e_common_actor"" }
        ]
      }
    ]
  ]
}
```"
4,Q12,Give me the actors of The Matrix along with the three actors who have acted the most in any movie with them,ministral-3:3b,False,0.05,15.180881,True,stop,4096,2.278552,799,12.171114,65.6472,"```json
{
  ""hypotheses_set"": [
    [
      {
        ""id"": ""q1"",
        ""target"": [""e_actor""],
        ""entities"": [
          { ""id"": ""e_movie"", ""type"": ""Movie"" },
          { ""id"": ""e_actor"", ""type"": ""Person"" }
        ],
        ""relationships"": [
          { ""id"": ""r_act"", ""role"": ""actor"", ""from"": ""e_actor"", ""to"": ""e_movie"" }
        ],
        ""constraint"": {
          ""and_conditions"": [
            {
              ""left"": { ""attribute_name"": ""title"", ""of"": ""e_movie"" },
              ""operator"": ""="",
              ""right"": ""The Matrix""
            }
          ]
        },
        ""projection"": [
          { ""attribute_name"": ""name"", ""of"": ""e_actor"" }
        ]
      }
    ],
    [
      {
        ""id"": ""q2"",
        ""target"": [""e_actor""],
        ""entities"": [
          { ""id"": ""e_actor1"", ""type"": ""Person"" },
          { ""id"": ""e_actor2"", ""type"": ""Person"" },
          { ""id"": ""e_actor3"", ""type"": ""Person"" },
          { ""id"": ""e_movie"", ""type"": ""Movie"" }
        ],
        ""relationships"": [
          { ""id"": ""r_act"", ""role"": ""actor"", ""from"": ""e_actor1"", ""to"": ""e_movie"" },
          { ""id"": ""r_act2"", ""role"": ""actor"", ""from"": ""e_actor2"", ""to"": ""e_movie"" },
          { ""id"": ""r_act3"", ""role"": ""actor"", ""from"": ""e_actor3"", ""to"": ""e_movie"" }
        ],
        ""constraint"": {
          ""and_conditions"": [
            {
              ""left"": { ""count_id"": ""r_act"", ""condition"": { ""all_id"": ""e_actor1"" } },
              ""operator"": "">"",
              ""right"": {
                ""left"": { ""count_id"": ""r_act2"", ""condition"": { ""all_id"": ""e_actor2"" } },
                ""operator"": "">"",
                ""right"": {
                  ""left"": { ""count_id"": ""r_act3"", ""condition"": { ""all_id"": ""e_actor3"" } },
                  ""operator"": "">"",
                  ""right"": 0
                }
              }
            },
            {
              ""left"": { ""attribute_name"": ""name"", ""of"": ""e_actor1"" },
              ""operator"": ""="",
              ""right"": { ""attribute_name"": ""name"", ""of"": ""e_actor"" }
            },
            {
              ""left"": { ""attribute_name"": ""name"", ""of"": ""e_actor2"" },
              ""operator"": ""="",
              ""right"": { ""attribute_name"": ""name"", ""of"": ""e_actor"" }
            },
            {
              ""left"": { ""attribute_name"": ""name"", ""of"": ""e_actor3"" },
              ""operator"": ""="",
              ""right"": { ""attribute_name"": ""name"", ""of"": ""e_actor"" }
            }
          ]
        },
        ""projection"": [
          { ""attribute_name"": ""name"", ""of"": ""e_actor1"" },
          { ""attribute_name"": ""name"", ""of"": ""e_actor2"" },
          { ""attribute_name"": ""name"", ""of"": ""e_actor3"" }
        ]
      }
    ]
  ]
}
```"
5,Q12,Give me the actors of The Matrix along with the three actors who have acted the most in any movie with them,ministral-3:3b,False,0.05,20.288456,True,stop,4096,2.280158,1120,17.065713,65.6287,"```json
{
  ""hypotheses_set"": [
    [
      {
        ""id"": ""q1"",
        ""target"": [""e_actor""],
        ""entities"": [
          { ""id"": ""e_actor"", ""type"": ""Person"" },
          { ""id"": ""e_movie"", ""type"": ""Movie"" }
        ],
        ""relationships"": [
          { ""id"": ""r_act"", ""role"": ""actor"", ""from"": ""e_actor"", ""to"": ""e_movie"" }
        ],
        ""constraint"": {
          ""and_conditions"": [
            {
              ""left"": { ""attribute_name"": ""title"", ""of"": ""e_movie"" },
              ""operator"": ""="",
              ""right"": ""The Matrix""
            }
          ]
        },
        ""projection"": [
          { ""attribute_name"": ""name"", ""of"": ""e_actor"" }
        ]
      }
    ],
    [
      {
        ""id"": ""q2"",
        ""target"": [""e_actor""],
        ""entities"": [
          { ""id"": ""e_actor1"", ""type"": ""Person"" },
          { ""id"": ""e_actor2"", ""type"": ""Person"" },
          { ""id"": ""e_movie"", ""type"": ""Movie"" }
        ],
        ""relationships"": [
          { ""id"": ""r_act1"", ""role"": ""actor"", ""from"": ""e_actor1"", ""to"": ""e_movie"" },
          { ""id"": ""r_act2"", ""role"": ""actor"", ""from"": ""e_actor2"", ""to"": ""e_movie"" }
        ],
        ""constraint"": {
          ""and_conditions"": [
            {
              ""left"": { ""count_id"": ""r_act1"" },
              ""operator"": "">"",
              ""right"": 0
            },
            {
              ""left"": { ""count_id"": ""r_act2"" },
              ""operator"": "">"",
              ""right"": 0
            },
            {
              ""left"": { ""count_id"": ""r_act1"" },
              ""operator"": "">"",
              ""right"": {
                ""left"": { ""count_id"": ""r_act2"" },
                ""operator"": "">"",
                ""right"": {
                  ""left"": { ""count_id"": ""r_act2"" },
                  ""operator"": "">"",
                  ""right"": {
                    ""left"": { ""count_id"": ""r_act2"" },
                    ""operator"": "">"",
                    ""right"": {
                      ""left"": { ""count_id"": ""r_act2"" },
                      ""operator"": "">"",
                      ""right"": {
                        ""left"": { ""count_id"": ""r_act2"" },
                        ""operator"": "">"",
                        ""right"": {
                          ""left"": { ""count_id"": ""r_act1"" },
                          ""operator"": "">"",
                          ""right"": 3
                        }
                      }
                    }
                  }
                }
              }
            }
          ]
        },
        ""projection"": [
          { ""attribute_name"": ""name"", ""of"": ""e_actor1"" },
          { ""attribute_name"": ""name"", ""of"": ""e_actor2"" }
        ]
      }
    ],
    [
      {
        ""id"": ""q3"",
        ""target"": [""e_actor""],
        ""entities"": [
          { ""id"": ""e_actor"", ""type"": ""Person"" },
          { ""id"": ""e_common_movie"", ""type"": ""Movie"" }
        ],
        ""relationships"": [
          { ""id"": ""r_common_act"", ""role"": ""common_actor"", ""from"": ""e_actor"", ""to"": ""e_common_movie"" }
        ],
        ""constraint"": {
          ""and_conditions"": [
            {
              ""left"": {
                ""count_id"": ""r_common_act"",
                ""condition"": {
                  ""left"": { ""attribute_name"": ""title"", ""of"": ""e_common_movie"" },
                  ""operator"": ""="",
                  ""right"": ""The Matrix""
                }
              },
              ""operator"": "">"",
              ""right"": 0
            },
            {
              ""left"": {
                ""count_id"": ""r_common_act"",
                ""condition"": {
                  ""left"": {
                    ""count_id"": ""r_common_act"",
                    ""condition"": {
                      ""left"": { ""count_id"": ""r_common_act"" },
                      ""operator"": "">"",
                      ""right"": {
                        ""left"": { ""count_id"": ""r_common_act"" },
                        ""operator"": "">"",
                        ""right"": {
                          ""left"": { ""count_id"": ""r_common_act"" },
                          ""operator"": "">"",
                          ""right"": {
                            ""left"": { ""count_id"": ""r_common_act"" },
                            ""operator"": "">"",
                            ""right"": 3
                          }
                        }
                      }
                    }
                  }
                }
              },
              ""operator"": "">"",
              ""right"": 0
            }
          ]
        },
        ""projection"": [
          { ""attribute_name"": ""name"", ""of"": ""e_actor"" }
        ]
      }
    ]
  ]
}
```"
6,Q12,Give me the actors of The Matrix along with the three actors who have acted the most in any movie with them,ministral-3:3b,False,0.05,16.626666,True,stop,4096,2.280352,890,13.565164,65.6092,"```json
{
  ""hypotheses_set"": [
    [
      {
        ""id"": ""q1"",
        ""target"": [""e_actor""],
        ""entities"": [
          { ""id"": ""e_actor"", ""type"": ""Person"" },
          { ""id"": ""e_movie"", ""type"": ""Movie"" }
        ],
        ""relationships"": [
          { ""id"": ""r_act"", ""role"": ""actor"", ""from"": ""e_actor"", ""to"": ""e_movie"" }
        ],
        ""constraint"": {
          ""and_conditions"": [
            {
              ""left"": { ""attribute_name"": ""title"", ""of"": ""e_movie"" },
              ""operator"": ""="",
              ""right"": ""The Matrix""
            }
          ]
        },
        ""projection"": [
          { ""attribute_name"": ""name"", ""of"": ""e_actor"" }
        ]
      }
    ],
    [
      {
        ""id"": ""q2"",
        ""target"": [""e_actor""],
        ""entities"": [
          { ""id"": ""e_actor1"", ""type"": ""Person"" },
          { ""id"": ""e_actor2"", ""type"": ""Person"" },
          { ""id"": ""e_movie"", ""type"": ""Movie"" }
        ],
        ""relationships"": [
          { ""id"": ""r_act1"", ""role"": ""actor"", ""from"": ""e_actor1"", ""to"": ""e_movie"" },
          { ""id"": ""r_act2"", ""role"": ""actor"", ""from"": ""e_actor2"", ""to"": ""e_movie"" }
        ],
        ""constraint"": {
          ""and_conditions"": [
            {
              ""left"": {
                ""count_id"": ""r_act1"",
                ""condition"": {
                  ""and_conditions"": [
                    {
                      ""left"": { ""attribute_name"": ""name"", ""of"": ""e_actor1"" },
                      ""operator"": ""="",
                      ""right"": { ""attribute_name"": ""name"", ""of"": ""e_actor"" }
                    }
                  ]
                }
              },
              ""operator"": "">="",
              ""right"": 3
            },
            {
              ""left"": {
                ""count_id"": ""r_act2"",
                ""condition"": {
                  ""and_conditions"": [
                    {
                      ""left"": { ""attribute_name"": ""name"", ""of"": ""e_actor2"" },
                      ""operator"": ""="",
                      ""right"": { ""attribute_name"": ""name"", ""of"": ""e_actor"" }
                    }
                  ]
                }
              },
              ""operator"": "">="",
              ""right"": 3
            }
          ]
        }
      }
    ],
    [
      {
        ""id"": ""q3"",
        ""target"": [""e_top_actors""],
        ""entities"": [
          { ""id"": ""e_actor"", ""type"": ""Person"" },
          { ""id"": ""e_movie"", ""type"": ""Movie"" }
        ],
        ""relationships"": [
          { ""id"": ""r_act"", ""role"": ""actor"", ""from"": ""e_actor"", ""to"": ""e_movie"" }
        ],
        ""constraint"": {
          ""and_conditions"": [
            {
              ""left"": {
                ""count_id"": ""r_act"",
                ""condition"": {
                  ""and_conditions"": [
                    {
                      ""left"": { ""attribute_name"": ""name"", ""of"": ""e_actor"" },
                      ""operator"": ""="",
                      ""right"": { ""attribute_name"": ""name"", ""of"": ""e_actor"" }
                    },
                    {
                      ""left"": { ""attribute_name"": ""title"", ""of"": ""e_movie"" },
                      ""operator"": ""!="", ""right"": ""The Matrix""
                    }
                  ]
                }
              },
              ""operator"": "">="",
              ""right"": 3
            }
          ]
        },
        ""projection"": [
          { ""attribute_name"": ""name"", ""of"": ""e_actor"" }
        ]
      }
    ]
  ]
}
```"
7,Q12,Give me the actors of The Matrix along with the three actors who have acted the most in any movie with them,ministral-3:3b,False,0.05,17.692541,True,stop,4096,2.278907,957,14.591096,65.5879,"```json
{
  ""hypotheses_set"": [
    [
      {
        ""id"": ""q1"",
        ""target"": [""e_actor""],
        ""entities"": [
          { ""id"": ""e_actor"", ""type"": ""Person"" },
          { ""id"": ""e_movie"", ""type"": ""Movie"" }
        ],
        ""relationships"": [
          { ""id"": ""r_act"", ""role"": ""actor"", ""from"": ""e_actor"", ""to"": ""e_movie"" }
        ],
        ""constraint"": {
          ""and_conditions"": [
            {
              ""left"": { ""attribute_name"": ""title"", ""of"": ""e_movie"" },
              ""operator"": ""="",
              ""right"": ""The Matrix""
            }
          ]
        },
        ""projection"": [
          { ""attribute_name"": ""name"", ""of"": ""e_actor"" }
        ]
      }
    ],
    [
      {
        ""id"": ""q2"",
        ""target"": [""e_actor""],
        ""entities"": [
          { ""id"": ""e_actor1"", ""type"": ""Person"" },
          { ""id"": ""e_actor2"", ""type"": ""Person"" },
          { ""id"": ""e_movie"", ""type"": ""Movie"" }
        ],
        ""relationships"": [
          { ""id"": ""r_act1"", ""role"": ""actor"", ""from"": ""e_actor1"", ""to"": ""e_movie"" },
          { ""id"": ""r_act2"", ""role"": ""actor"", ""from"": ""e_actor2"", ""to"": ""e_movie"" }
        ],
        ""constraint"": {
          ""and_conditions"": [
            {
              ""left"": { ""count_id"": ""r_act1"" },
              ""operator"": "">"",
              ""right"": 0
            },
            {
              ""left"": { ""count_id"": ""r_act2"" },
              ""operator"": "">"",
              ""right"": 0
            },
            {
              ""left"": { ""attribute_name"": ""name"", ""of"": ""e_actor1"" },
              ""operator"": ""="",
              ""right"": { ""attribute_name"": ""name"", ""of"": ""e_actor"" }
            },
            {
              ""left"": { ""count_id"": ""r_act1"" },
              ""operator"": "">"",
              ""right"": { ""count_id"": ""r_act2"" }
            }
          ]
        },
        ""projection"": [
          { ""attribute_name"": ""name"", ""of"": ""e_actor2"" }
        ]
      }
    ],
    [
      {
        ""id"": ""q3"",
        ""target"": [""e_actor""],
        ""entities"": [
          { ""id"": ""e_actor"", ""type"": ""Person"" },
          { ""id"": ""e_common_actor"", ""type"": ""Person"" },
          { ""id"": ""e_movie"", ""type"": ""Movie"" }
        ],
        ""relationships"": [
          { ""id"": ""r_common_act"", ""role"": ""common_actor"", ""from"": ""e_common_actor"", ""to"": ""e_movie"" },
          { ""id"": ""r_act"", ""role"": ""actor"", ""from"": ""e_actor"", ""to"": ""e_movie"" }
        ],
        ""constraint"": {
          ""and_conditions"": [
            {
              ""left"": { ""attribute_name"": ""title"", ""of"": ""e_movie"" },
              ""operator"": ""="",
              ""right"": ""The Matrix""
            },
            {
              ""left"": { ""count_id"": ""r_common_act"" },
              ""operator"": "">"",
              ""right"": 0
            },
            {
              ""left"": {
                ""count_id"": ""r_common_act"",
                ""condition"": {
                  ""and_conditions"": [
                    {
                      ""left"": { ""attribute_name"": ""name"", ""of"": ""e_common_actor"" },
                      ""operator"": ""="",
                      ""right"": { ""attribute_name"": ""name"", ""of"": ""e_actor"" }
                    }
                  ]
                }
              },
              ""operator"": "">"",
              ""right"": 0
            }
          ]
        },
        ""projection"": [
          { ""attribute_name"": ""name"", ""of"": ""e_common_actor"" }
        ]
      }
    ]
  ]
}
```"
8,Q12,Give me the actors of The Matrix along with the three actors who have acted the most in any movie with them,ministral-3:3b,False,0.05,15.170967,True,stop,4096,2.279103,799,12.153605,65.7418,"```json
{
  ""hypotheses_set"": [
    [
      {
        ""id"": ""q1"",
        ""target"": [""e_actor""],
        ""entities"": [
          { ""id"": ""e_movie"", ""type"": ""Movie"" },
          { ""id"": ""e_actor"", ""type"": ""Person"" }
        ],
        ""relationships"": [
          { ""id"": ""r_act"", ""role"": ""actor"", ""from"": ""e_actor"", ""to"": ""e_movie"" }
        ],
        ""constraint"": {
          ""and_conditions"": [
            {
              ""left"": { ""attribute_name"": ""title"", ""of"": ""e_movie"" },
              ""operator"": ""="",
              ""right"": ""The Matrix""
            }
          ]
        },
        ""projection"": [
          { ""attribute_name"": ""name"", ""of"": ""e_actor"" }
        ]
      }
    ],
    [
      {
        ""id"": ""q2"",
        ""target"": [""e_actor""],
        ""entities"": [
          { ""id"": ""e_actor1"", ""type"": ""Person"" },
          { ""id"": ""e_actor2"", ""type"": ""Person"" },
          { ""id"": ""e_actor3"", ""type"": ""Person"" },
          { ""id"": ""e_movie"", ""type"": ""Movie"" }
        ],
        ""relationships"": [
          { ""id"": ""r_act"", ""role"": ""actor"", ""from"": ""e_actor1"", ""to"": ""e_movie"" },
          { ""id"": ""r_act2"", ""role"": ""actor"", ""from"": ""e_actor2"", ""to"": ""e_movie"" },
          { ""id"": ""r_act3"", ""role"": ""actor"", ""from"": ""e_actor3"", ""to"": ""e_movie"" }
        ],
        ""constraint"": {
          ""and_conditions"": [
            {
              ""left"": { ""count_id"": ""r_act"", ""condition"": { ""all_id"": ""e_actor1"" } },
              ""operator"": "">"",
              ""right"": {
                ""left"": { ""count_id"": ""r_act2"", ""condition"": { ""all_id"": ""e_actor2"" } },
                ""operator"": "">"",
                ""right"": {
                  ""left"": { ""count_id"": ""r_act3"", ""condition"": { ""all_id"": ""e_actor3"" } },
                  ""operator"": "">"",
                  ""right"": 0
                }
              }
            },
            {
              ""left"": { ""attribute_name"": ""name"", ""of"": ""e_actor1"" },
              ""operator"": ""="",
              ""right"": { ""attribute_name"": ""name"", ""of"": ""e_actor"" }
            },
            {
              ""left"": { ""attribute_name"": ""name"", ""of"": ""e_actor2"" },
              ""operator"": ""="",
              ""right"": { ""attribute_name"": ""name"", ""of"": ""e_actor"" }
            },
            {
              ""left"": { ""attribute_name"": ""name"", ""of"": ""e_actor3"" },
              ""operator"": ""="",
              ""right"": { ""attribute_name"": ""name"", ""of"": ""e_actor"" }
            }
          ]
        },
        ""projection"": [
          { ""attribute_name"": ""name"", ""of"": ""e_actor1"" },
          { ""attribute_name"": ""name"", ""of"": ""e_actor2"" },
          { ""attribute_name"": ""name"", ""of"": ""e_actor3"" }
        ]
      }
    ]
  ]
}
```"
9,Q12,Give me the actors of The Matrix along with the three actors who have acted the most in any movie with them,ministral-3:3b,False,0.05,19.796543,True,stop,4096,2.279388,1091,16.613827,65.6682,"```json
{
  ""hypotheses_set"": [
    [
      {
        ""id"": ""q1"",
        ""target"": [""e_actor""],
        ""entities"": [
          { ""id"": ""e_actor"", ""type"": ""Person"" },
          { ""id"": ""e_movie"", ""type"": ""Movie"" }
        ],
        ""relationships"": [
          { ""id"": ""r_act"", ""role"": ""actor"", ""from"": ""e_actor"", ""to"": ""e_movie"" }
        ],
        ""constraint"": {
          ""and_conditions"": [
            {
              ""left"": { ""attribute_name"": ""title"", ""of"": ""e_movie"" },
              ""operator"": ""="",
              ""right"": ""The Matrix""
            }
          ]
        },
        ""projection"": [
          { ""attribute_name"": ""name"", ""of"": ""e_actor"" }
        ]
      }
    ],
    [
      {
        ""id"": ""q2"",
        ""target"": [""e_actor""],
        ""entities"": [
          { ""id"": ""e_actor1"", ""type"": ""Person"" },
          { ""id"": ""e_actor2"", ""type"": ""Person"" },
          { ""id"": ""e_movie"", ""type"": ""Movie"" }
        ],
        ""relationships"": [
          { ""id"": ""r_common"", ""role"": ""common_actor"", ""from"": ""e_actor1"", ""to"": ""e_movie"" },
          { ""id"": ""r_common2"", ""role"": ""common_actor"", ""from"": ""e_actor2"", ""to"": ""e_movie"" }
        ],
        ""constraint"": {
          ""and_conditions"": [
            {
              ""left"": { ""count_id"": ""r_common"", ""condition"": { ""attribute_name"": ""title"", ""of"": ""e_movie"" } },
              ""operator"": ""="",
              ""right"": ""The Matrix""
            },
            {
              ""left"": {
                ""count_id"": ""r_common"",
                ""condition"": {
                  ""left"": { ""count_id"": ""r_common"", ""condition"": { ""attribute_name"": ""title"", ""of"": ""e_movie"" } },
                  ""operator"": "">"",
                  ""right"": 0
                }
              },
              ""operator"": "">"",
              ""right"": 1
            },
            {
              ""left"": {
                ""count_id"": ""r_common2"",
                ""condition"": {
                  ""left"": { ""count_id"": ""r_common2"", ""condition"": { ""attribute_name"": ""title"", ""of"": ""e_movie"" } },
                  ""operator"": "">"",
                  ""right"": 1
                }
              },
              ""operator"": "">"",
              ""right"": 1
            },
            {
              ""left"": {
                ""count_id"": ""r_common"",
                ""condition"": {
                  ""left"": { ""count_id"": ""r_common"", ""condition"": { ""attribute_name"": ""title"", ""of"": ""e_movie"" } },
                  ""operator"": "">"",
                  ""right"": 1
                }
              },
              ""operator"": "">"",
              ""right"": {
                ""left"": { ""count_id"": ""r_common2"", ""condition"": { ""attribute_name"": ""title"", ""of"": ""e_movie"" } },
                ""operator"": "">"",
                ""right"": 1
              }
            }
          ]
        },
        ""projection"": [
          { ""attribute_name"": ""name"", ""of"": ""e_actor1"" },
          { ""attribute_name"": ""name"", ""of"": ""e_actor2"" }
        ]
      }
    ],
    [
      {
        ""id"": ""q3"",
        ""target"": [""e_top_actor""],
        ""entities"": [
          { ""id"": ""e_top_actor"", ""type"": ""Person"" },
          { ""id"": ""e_movie"", ""type"": ""Movie"" }
        ],
        ""relationships"": [
          { ""id"": ""r_most_common"", ""role"": ""most_common_actor"", ""from"": ""e_top_actor"", ""to"": ""e_movie"" }
        ],
        ""constraint"": {
          ""and_conditions"": [
            {
              ""left"": {
                ""count_id"": ""r_most_common"",
                ""condition"": {
                  ""left"": { ""count_id"": ""r_most_common"", ""condition"": { ""attribute_name"": ""title"", ""of"": ""e_movie"" } },
                  ""operator"": "">"",
                  ""right"": 1
                }
              },
              ""operator"": "">"",
              ""right"": {
                ""left"": { ""count_id"": ""r_common"", ""condition"": { ""attribute_name"": ""title"", ""of"": ""e_movie"" } },
                ""operator"": "">"",
                ""right"": 1
              }
            }
          ]
        },
        ""projection"": [
          { ""attribute_name"": ""name"", ""of"": ""e_top_actor"" }
        ]
      }
    ]
  ]
}
```"
10,Q12,Give me the actors of The Matrix along with the three actors who have acted the most in any movie with them,ministral-3:3b,False,0.05,15.177411,True,stop,4096,2.279774,799,12.173452,65.6346,"```json
{
  ""hypotheses_set"": [
    [
      {
        ""id"": ""q1"",
        ""target"": [""e_actor""],
        ""entities"": [
          { ""id"": ""e_movie"", ""type"": ""Movie"" },
          { ""id"": ""e_actor"", ""type"": ""Person"" }
        ],
        ""relationships"": [
          { ""id"": ""r_act"", ""role"": ""actor"", ""from"": ""e_actor"", ""to"": ""e_movie"" }
        ],
        ""constraint"": {
          ""and_conditions"": [
            {
              ""left"": { ""attribute_name"": ""title"", ""of"": ""e_movie"" },
              ""operator"": ""="",
              ""right"": ""The Matrix""
            }
          ]
        },
        ""projection"": [
          { ""attribute_name"": ""name"", ""of"": ""e_actor"" }
        ]
      }
    ],
    [
      {
        ""id"": ""q2"",
        ""target"": [""e_actor""],
        ""entities"": [
          { ""id"": ""e_actor1"", ""type"": ""Person"" },
          { ""id"": ""e_actor2"", ""type"": ""Person"" },
          { ""id"": ""e_actor3"", ""type"": ""Person"" },
          { ""id"": ""e_movie"", ""type"": ""Movie"" }
        ],
        ""relationships"": [
          { ""id"": ""r_act"", ""role"": ""actor"", ""from"": ""e_actor1"", ""to"": ""e_movie"" },
          { ""id"": ""r_act2"", ""role"": ""actor"", ""from"": ""e_actor2"", ""to"": ""e_movie"" },
          { ""id"": ""r_act3"", ""role"": ""actor"", ""from"": ""e_actor3"", ""to"": ""e_movie"" }
        ],
        ""constraint"": {
          ""and_conditions"": [
            {
              ""left"": { ""count_id"": ""r_act"", ""condition"": { ""all_id"": ""e_actor1"" } },
              ""operator"": "">"",
              ""right"": {
                ""left"": { ""count_id"": ""r_act2"", ""condition"": { ""all_id"": ""e_actor2"" } },
                ""operator"": "">"",
                ""right"": {
                  ""left"": { ""count_id"": ""r_act3"", ""condition"": { ""all_id"": ""e_actor3"" } },
                  ""operator"": "">"",
                  ""right"": 0
                }
              }
            },
            {
              ""left"": { ""attribute_name"": ""name"", ""of"": ""e_actor1"" },
              ""operator"": ""="",
              ""right"": { ""attribute_name"": ""name"", ""of"": ""e_actor"" }
            },
            {
              ""left"": { ""attribute_name"": ""name"", ""of"": ""e_actor2"" },
              ""operator"": ""="",
              ""right"": { ""attribute_name"": ""name"", ""of"": ""e_actor"" }
            },
            {
              ""left"": { ""attribute_name"": ""name"", ""of"": ""e_actor3"" },
              ""operator"": ""="",
              ""right"": { ""attribute_name"": ""name"", ""of"": ""e_actor"" }
            }
          ]
        },
        ""projection"": [
          { ""attribute_name"": ""name"", ""of"": ""e_actor1"" },
          { ""attribute_name"": ""name"", ""of"": ""e_actor2"" },
          { ""attribute_name"": ""name"", ""of"": ""e_actor3"" }
        ]
      }
    ]
  ]
}
```"
11,Q12,Give me the actors of The Matrix along with the three actors who have acted the most in any movie with them,ministral-3:3b,False,0.05,57.982367,False,stop,4096,2.279557,3543,53.337982,66.4255,"```json
{
  ""hypotheses_set"": [
    [
      {
        ""id"": ""q1"",
        ""target"": [""e_actor""],
        ""entities"": [
          { ""id"": ""e_movie"", ""type"": ""Movie"" },
          { ""id"": ""e_actor"", ""type"": ""Person"" }
        ],
        ""relationships"": [
          { ""id"": ""r_act"", ""role"": ""actor"", ""from"": ""e_actor"", ""to"": ""e_movie"" }
        ],
        ""constraint"": {
          ""and_conditions"": [
            {
              ""left"": { ""attribute_name"": ""title"", ""of"": ""e_movie"" },
              ""operator"": ""="",
              ""right"": ""The Matrix""
            }
          ]
        },
        ""projection"": [
          { ""attribute_name"": ""name"", ""of"": ""e_actor"" }
        ]
      }
    ],
    [
      {
        ""id"": ""q2"",
        ""target"": [""e_actor""],
        ""entities"": [
          { ""id"": ""e_actor1"", ""type"": ""Person"" },
          { ""id"": ""e_actor2"", ""type"": ""Person"" },
          { ""id"": ""e_actor3"", ""type"": ""Person"" },
          { ""id"": ""e_movie"", ""type"": ""Movie"" }
        ],
        ""relationships"": [
          { ""id"": ""r_common_act"", ""role"": ""common_actor"", ""from"": ""e_actor1"", ""to"": ""e_movie"" },
          { ""id"": ""r_common_act2"", ""role"": ""common_actor"", ""from"": ""e_actor2"", ""to"": ""e_movie"" },
          { ""id"": ""r_common_act3"", ""role"": ""common_actor"", ""from"": ""e_actor3"", ""to"": ""e_movie"" }
        ],
        ""constraint"": {
          ""and_conditions"": [
            {
              ""left"": {
                ""count_id"": ""r_common_act"",
                ""condition"": {
                  ""left"": { ""attribute_name"": ""name"", ""of"": ""e_actor1"" },
                  ""operator"": ""="",
                  ""right"": ""The Matrix"" actors (e.g., Keanu Reeves, Laurence Fishburne, Carrie-Anne Moss)""
                }
              },
              ""operator"": "">"",
              ""right"": 1
            },
            {
              ""left"": {
                ""count_id"": ""r_common_act"",
                ""condition"": {
                  ""left"": {
                    ""count_id"": ""r_common_act"",
                    ""condition"": {
                      ""left"": { ""attribute_name"": ""name"", ""of"": ""e_actor1"" },
                      ""operator"": ""="",
                      ""right"": ""Top 3 most frequent actors in movies""
                    }
                  }
                }
              },
              ""operator"": "">"",
              ""right"": 2
            }
          ]
        },
        ""projection"": [
          { ""attribute_name"": ""name"", ""of"": ""e_actor1"" },
          { ""attribute_name"": ""name"", ""of"": ""e_actor2"" },
          { ""attribute_name"": ""name"", ""of"": ""e_actor3"" }
        ]
      }
    ]
  ]
}
```

---
**Corrected and Simplified Version:**

```json
{
  ""hypotheses_set"": [
    [
      {
        ""id"": ""q1"",
        ""target"": [""e_actors""],
        ""entities"": [
          { ""id"": ""e_movie"", ""type"": ""Movie"" },
          { ""id"": ""e_actor"", ""type"": ""Person"" }
        ],
        ""relationships"": [
          { ""id"": ""r_act"", ""role"": ""actor"", ""from"": ""e_actor"", ""to"": ""e_movie"" }
        ],
        ""constraint"": {
          ""and_conditions"": [
            {
              ""left"": { ""attribute_name"": ""title"", ""of"": ""e_movie"" },
              ""operator"": ""="",
              ""right"": ""The Matrix""
            }
          ]
        },
        ""projection"": [
          { ""attribute_name"": ""name"", ""of"": ""e_actor"" }
        ]
      }
    ],
    [
      {
        ""id"": ""q2"",
        ""target"": [""e_top_actors""],
        ""entities"": [
          { ""id"": ""e_top_actor"", ""type"": ""Person"" },
          { ""id"": ""e_movie"", ""type"": ""Movie"" }
        ],
        ""relationships"": [
          { ""id"": ""r_movie_act"", ""role"": ""actor"", ""from"": ""e_top_actor"", ""to"": ""e_movie"" }
        ],
        ""constraint"": {
          ""and_conditions"": [
            {
              ""left"": {
                ""count_id"": ""r_movie_act"",
                ""condition"": {
                  ""left"": { ""attribute_name"": ""name"", ""of"": ""e_top_actor"" },
                  ""operator"": ""="",
                  ""right"": ""Top 3 most frequent actors in any movie""
                }
              },
              ""operator"": "">"",
              ""right"": 1
            },
            {
              ""left"": {
                ""count_id"": ""r_movie_act"",
                ""condition"": {
                  ""left"": { ""attribute_name"": ""title"", ""of"": ""e_movie"" },
                  ""operator"": ""="",
                  ""right"": ""The Matrix""
                }
              },
              ""operator"": ""="",
              ""right"": 1
            }
          ]
        },
        ""projection"": [
          { ""attribute_name"": ""name"", ""of"": ""e_top_actor"" }
        ]
      }
    ]
  ]
}
```

---
**Final Simplified Query:**

```json
{
  ""hypotheses_set"": [
    [
      {
        ""id"": ""q1"",
        ""target"": [""e_actors""],
        ""entities"": [
          { ""id"": ""e_movie"", ""type"": ""Movie"" },
          { ""id"": ""e_actor"", ""type"": ""Person"" }
        ],
        ""relationships"": [
          { ""id"": ""r_act"", ""role"": ""actor"", ""from"": ""e_actor"", ""to"": ""e_movie"" }
        ],
        ""constraint"": {
          ""and_conditions"": [
            {
              ""left"": { ""attribute_name"": ""title"", ""of"": ""e_movie"" },
              ""operator"": ""="",
              ""right"": ""The Matrix""
            }
          ]
        },
        ""projection"": [
          { ""attribute_name"": ""name"", ""of"": ""e_actor"" }
        ]
      },
      {
        ""id"": ""q2"",
        ""target"": [""e_top_actors""],
        ""entities"": [
          { ""id"": ""e_top_actor"", ""type"": ""Person"" },
          { ""id"": ""e_movie"", ""type"": ""Movie"" }
        ],
        ""relationships"": [
          { ""id"": ""r_movie_act"", ""role"": ""actor"", ""from"": ""e_top_actor"", ""to"": ""e_movie"" }
        ],
        ""constraint"": {
          ""and_conditions"": [
            {
              ""left"": {
                ""count_id"": ""r_movie_act"",
                ""condition"": {
                  ""left"": { ""attribute_name"": ""name"", ""of"": ""e_top_actor"" },
                  ""operator"": ""="",
                  ""right"": ""Top 3 most frequent actors in any movie""
                }
              },
              ""operator"": "">"",
              ""right"": 1
            }
          ]
        },
        ""projection"": [
          { ""attribute_name"": ""name"", ""of"": ""e_top_actor"" }
        ]
      }
    ]
  ]
}
---
**Actual Query for Clarity:**

```json
{
  ""hypotheses_set"": [
    {
      ""id"": ""q1"",
      ""target"": [""e_actors_in_matrix""],
      ""entities"": [
        { ""id"": ""e_movie"", ""type"": ""Movie"" },
        { ""id"": ""e_actor"", ""type"": ""Person"" }
      ],
      ""relationships"": [
        { ""id"": ""r_act"", ""role"": ""actor"", ""from"": ""e_actor"", ""to"": ""e_movie"" }
      ],
      ""constraint"": {
        ""and_conditions"": [
          {
            ""left"": { ""attribute_name"": ""title"", ""of"": ""e_movie"" },
            ""operator"": ""="",
            ""right"": ""The Matrix""
          }
        ]
      },
      ""projection"": [
        { ""attribute_name"": ""name"", ""of"": ""e_actor"" }
      ]
    },
    {
      ""id"": ""q2"",
      ""target"": [""e_top_actors""],
      ""entities"": [
        { ""id"": ""e_top_actor"", ""type"": ""Person"" },
        { ""id"": ""e_movie"", ""type"": ""Movie"" }
      ],
      ""relationships"": [
        { ""id"": ""r_movie_act"", ""role"": ""actor"", ""from"": ""e_top_actor"", ""to"": ""e_movie"" }
      ],
      ""constraint"": {
        ""and_conditions"": [
          {
            ""left"": {
              ""count_id"": ""r_movie_act"",
              ""condition"": {
                ""left"": { ""attribute_name"": ""name"", ""of"": ""e_top_actor"" },
                ""operator"": ""="",
                ""right"": ""Top 3 most frequent actors in any movie""
              }
            },
            ""operator"": "">"",
            ""right"": 1
          }
        ]
      },
      ""projection"": [
        { ""attribute_name"": ""name"", ""of"": ""e_top_actor"" }
      ]
    }
  ]
}
---
**Final Answer Query:**

```json
{
  ""hypotheses_set"": [
    {
      ""id"": ""q1"",
      ""target"": [""e_actors_in_matrix""],
      ""entities"": [
        { ""id"": ""e_movie"", ""type"": ""Movie"" },
        { ""id"": ""e_actor"", ""type"": ""Person"" }
      ],
      ""relationships"": [
        { ""id"": ""r_act"", ""role"": ""actor"", ""from"": ""e_actor"", ""to"": ""e_movie"" }
      ],
      ""constraint"": {
        ""and_conditions"": [
          { ""left"": { ""attribute_name"": ""title"", ""of"": ""e_movie"" }, ""operator"": ""="", ""right"": ""The Matrix"" }
        ]
      },
      ""projection"": [
        { ""attribute_name"": ""name"", ""of"": ""e_actor"" }
      ]
    },
    {
      ""id"": ""q2"",
      ""target"": [""e_top_actors""],
      ""entities"": [
        { ""id"": ""e_top_actor"", ""type"": ""Person"" },
        { ""id"": ""e_movie"", ""type"": ""Movie"" }
      ],
      ""relationships"": [
        { ""id"": ""r_movie_act"", ""role"": ""actor"", ""from"": ""e_top_actor"", ""to"": ""e_movie"" }
      ],
      ""constraint"": {
        ""and_conditions"": [
          {
            ""left"": {
              ""count_id"": ""r_movie_act"",
              ""condition"": {
                ""left"": { ""attribute_name"": ""name"", ""of"": ""e_top_actor"" },
                ""operator"": ""="",
                ""right"": ""Top 3 most frequent actors in any movie""
              }
            },
            ""operator"": "">"",
            ""right"": 1
          }
        ]
      },
      ""projection"": [
        { ""attribute_name"": ""name"", ""of"": ""e_top_actor"" }
      ]
    }
  ]
}
---
**Simplified and Practical Query:**

```json
{
  ""hypotheses_set"": [
    {
      ""id"": ""q1"",
      ""target"": [""e_actors_in_matrix""],
      ""entities"": [
        { ""id"": ""e_movie"", ""type"": ""Movie"" },
        { ""id"": ""e_actor"", ""type"": ""Person"" }
      ],
      ""relationships"": [
        { ""id"": ""r_act"", ""role"": ""actor"", ""from"": ""e_actor"", ""to"": ""e_movie"" }
      ],
      ""constraint"": {
        ""and_conditions"": [
          { ""left"": { ""attribute_name"": ""title"", ""of"": ""e_movie"" }, ""operator"": ""="", ""right"": ""The Matrix"" }
        ]
      },
      ""projection"": [
        { ""attribute_name"": ""name"", ""of"": ""e_actor"" }
      ]
    },
    {
      ""id"": ""q2"",
      ""target"": [""e_top_actors""],
      ""entities"": [
        { ""id"": ""e_top_actor"", ""type"": ""Person"" },
        { ""id"": ""e_movie"", ""type"": ""Movie"" }
      ],
      ""relationships"": [
        { ""id"": ""r_movie_act"", ""role"": ""actor"", ""from"": ""e_top_actor"", ""to"": ""e_movie"" }
      ],
      ""constraint"": {
        ""and_conditions"": [
          {
            ""left"": {
              ""count_id"": ""r_movie_act"",
              ""condition"": {
                ""left"": { ""attribute_name"": ""name"", ""of"": ""e_top_actor"" },
                ""operator"": ""="",
                ""right"": ""Top 3 most frequent actors in any movie""
              }
            },
            ""operator"": "">"",
            ""right"": 1
          }
        ]
      },
      ""projection"": [
        { ""attribute_name"": ""name"", ""of"": ""e_top_actor"" }
      ]
    }
  ]
}
---
**Final Query for The Matrix Actors and Top Frequent Actors:**

```json
{
  ""hypotheses_set"": [
    {
      ""id"": ""q1"",
      ""target"": [""e_actors_in_matrix""],
      ""entities"": [
        { ""id"": ""e_movie"", ""type"": ""Movie"" },
        { ""id"": ""e_actor"", ""type"": ""Person"" }
      ],
      ""relationships"": [
        { ""id"": ""r_act"", ""role"": ""actor"", ""from"": ""e_actor"", ""to"": ""e_movie"" }
      ],
      ""constraint"": {
        ""and_conditions"": [
          { ""left"": { ""attribute_name"": ""title"", ""of"": ""e_movie"" }, ""operator"": ""="", ""right"": ""The Matrix"" }
        ]
      },
      ""projection"": [
        { ""attribute_name"": ""name"", ""of"": ""e_actor"" }
      ]
    },
    {
      ""id"": ""q2"",
      ""target"": [""e_top_actors""],
      ""entities"": [
        { ""id"": ""e_top_actor"", ""type"": ""Person"" },
        { ""id"": ""e_movie"", ""type"": ""Movie"" }
      ],
      ""relationships"": [
        { ""id"": ""r_movie_act"", ""role"": ""actor"", ""from"": ""e_top_actor"", ""to"": ""e_movie"" }
      ],
      ""constraint"": {
        ""and_conditions"": [
          {
            ""left"": {
              ""count_id"": ""r_movie_act"",
              ""condition"": {
                ""left"": { ""attribute_name"": ""name"", ""of"": ""e_top_actor"" },
                ""operator"": ""="",
                ""right"": ""Top 3 most frequent actors in any movie""
              }
            },
            ""operator"": "">"",
            ""right"": 1
          }
        ]
      },
      ""projection"": [
        { ""attribute_name"": ""name"", ""of"": ""e_top_actor"" }
      ]
    }
  ]
}
---
**Note:** The second query is a placeholder for the top 3 actors in general movies. In practice, you'd need to fetch the top 3 actors from a database or API to get the actual names. For The Matrix actors, the first query directly retrieves them.
```"
12,Q12,Give me the actors of The Matrix along with the three actors who have acted the most in any movie with them,ministral-3:3b,False,0.05,15.168326,True,stop,4096,2.278973,799,12.161778,65.6976,"```json
{
  ""hypotheses_set"": [
    [
      {
        ""id"": ""q1"",
        ""target"": [""e_actor""],
        ""entities"": [
          { ""id"": ""e_movie"", ""type"": ""Movie"" },
          { ""id"": ""e_actor"", ""type"": ""Person"" }
        ],
        ""relationships"": [
          { ""id"": ""r_act"", ""role"": ""actor"", ""from"": ""e_actor"", ""to"": ""e_movie"" }
        ],
        ""constraint"": {
          ""and_conditions"": [
            {
              ""left"": { ""attribute_name"": ""title"", ""of"": ""e_movie"" },
              ""operator"": ""="",
              ""right"": ""The Matrix""
            }
          ]
        },
        ""projection"": [
          { ""attribute_name"": ""name"", ""of"": ""e_actor"" }
        ]
      }
    ],
    [
      {
        ""id"": ""q2"",
        ""target"": [""e_actor""],
        ""entities"": [
          { ""id"": ""e_actor1"", ""type"": ""Person"" },
          { ""id"": ""e_actor2"", ""type"": ""Person"" },
          { ""id"": ""e_actor3"", ""type"": ""Person"" },
          { ""id"": ""e_movie"", ""type"": ""Movie"" }
        ],
        ""relationships"": [
          { ""id"": ""r_act"", ""role"": ""actor"", ""from"": ""e_actor1"", ""to"": ""e_movie"" },
          { ""id"": ""r_act2"", ""role"": ""actor"", ""from"": ""e_actor2"", ""to"": ""e_movie"" },
          { ""id"": ""r_act3"", ""role"": ""actor"", ""from"": ""e_actor3"", ""to"": ""e_movie"" }
        ],
        ""constraint"": {
          ""and_conditions"": [
            {
              ""left"": { ""count_id"": ""r_act"", ""condition"": { ""all_id"": ""e_actor1"" } },
              ""operator"": "">"",
              ""right"": {
                ""left"": { ""count_id"": ""r_act2"", ""condition"": { ""all_id"": ""e_actor2"" } },
                ""operator"": "">"",
                ""right"": {
                  ""left"": { ""count_id"": ""r_act3"", ""condition"": { ""all_id"": ""e_actor3"" } },
                  ""operator"": "">"",
                  ""right"": 0
                }
              }
            },
            {
              ""left"": { ""attribute_name"": ""name"", ""of"": ""e_actor1"" },
              ""operator"": ""="",
              ""right"": { ""attribute_name"": ""name"", ""of"": ""e_actor"" }
            },
            {
              ""left"": { ""attribute_name"": ""name"", ""of"": ""e_actor2"" },
              ""operator"": ""="",
              ""right"": { ""attribute_name"": ""name"", ""of"": ""e_actor"" }
            },
            {
              ""left"": { ""attribute_name"": ""name"", ""of"": ""e_actor3"" },
              ""operator"": ""="",
              ""right"": { ""attribute_name"": ""name"", ""of"": ""e_actor"" }
            }
          ]
        },
        ""projection"": [
          { ""attribute_name"": ""name"", ""of"": ""e_actor1"" },
          { ""attribute_name"": ""name"", ""of"": ""e_actor2"" },
          { ""attribute_name"": ""name"", ""of"": ""e_actor3"" }
        ]
      }
    ]
  ]
}
```"
13,Q12,Give me the actors of The Matrix along with the three actors who have acted the most in any movie with them,ministral-3:3b,False,0.05,14.141734,True,stop,4096,2.280054,734,11.17444,65.6856,"```json
{
  ""hypotheses_set"": [
    [
      {
        ""id"": ""q1"",
        ""target"": [""e_actor""],
        ""entities"": [
          { ""id"": ""e_movie"", ""type"": ""Movie"" },
          { ""id"": ""e_actor"", ""type"": ""Person"" }
        ],
        ""relationships"": [
          { ""id"": ""r_act"", ""role"": ""actor"", ""from"": ""e_actor"", ""to"": ""e_movie"" }
        ],
        ""constraint"": {
          ""and_conditions"": [
            {
              ""left"": { ""attribute_name"": ""title"", ""of"": ""e_movie"" },
              ""operator"": ""="",
              ""right"": ""The Matrix""
            }
          ]
        },
        ""projection"": [
          { ""attribute_name"": ""name"", ""of"": ""e_actor"" }
        ]
      }
    ],
    [
      {
        ""id"": ""q2"",
        ""target"": [""e_actor""],
        ""entities"": [
          { ""id"": ""e_actor1"", ""type"": ""Person"" },
          { ""id"": ""e_actor2"", ""type"": ""Person"" },
          { ""id"": ""e_actor3"", ""type"": ""Person"" },
          { ""id"": ""e_movie"", ""type"": ""Movie"" }
        ],
        ""relationships"": [
          { ""id"": ""r_act"", ""role"": ""actor"", ""from"": ""e_actor1"", ""to"": ""e_movie"" },
          { ""id"": ""r_act2"", ""role"": ""actor"", ""from"": ""e_actor2"", ""to"": ""e_movie"" },
          { ""id"": ""r_act3"", ""role"": ""actor"", ""from"": ""e_actor3"", ""to"": ""e_movie"" }
        ],
        ""constraint"": {
          ""and_conditions"": [
            {
              ""left"": { ""count_id"": ""r_act"", ""condition"": { ""all_id"": ""e_actor1"" } },
              ""operator"": "">"",
              ""right"": {
                ""left"": { ""count_id"": ""r_act2"", ""condition"": { ""all_id"": ""e_actor2"" } },
                ""operator"": "">"",
                ""right"": {
                  ""left"": { ""count_id"": ""r_act3"", ""condition"": { ""all_id"": ""e_actor3"" } },
                  ""operator"": "">"",
                  ""right"": 0
                }
              }
            },
            {
              ""left"": { ""attribute_name"": ""name"", ""of"": ""e_actor1"" },
              ""operator"": ""="",
              ""right"": { ""attribute_name"": ""name"", ""of"": ""e_actor"" }
            },
            {
              ""left"": { ""attribute_name"": ""name"", ""of"": ""e_actor2"" },
              ""operator"": ""="",
              ""right"": { ""attribute_name"": ""name"", ""of"": ""e_actor"" }
            },
            {
              ""left"": { ""attribute_name"": ""name"", ""of"": ""e_actor3"" },
              ""operator"": ""="",
              ""right"": { ""attribute_name"": ""name"", ""of"": ""e_actor"" }
            }
          ]
        }
      }
    ]
  ]
}
```"
14,Q12,Give me the actors of The Matrix along with the three actors who have acted the most in any movie with them,ministral-3:3b,False,0.05,18.284573,True,stop,4096,2.27971,996,15.160662,65.6963,"```json
{
  ""hypotheses_set"": [
    [
      {
        ""id"": ""q1"",
        ""target"": [""e_actor""],
        ""entities"": [
          { ""id"": ""e_actor"", ""type"": ""Person"" },
          { ""id"": ""e_movie"", ""type"": ""Movie"" }
        ],
        ""relationships"": [
          { ""id"": ""r_act"", ""role"": ""actor"", ""from"": ""e_actor"", ""to"": ""e_movie"" }
        ],
        ""constraint"": {
          ""and_conditions"": [
            {
              ""left"": { ""attribute_name"": ""title"", ""of"": ""e_movie"" },
              ""operator"": ""="",
              ""right"": ""The Matrix""
            }
          ]
        },
        ""projection"": [
          { ""attribute_name"": ""name"", ""of"": ""e_actor"" }
        ]
      }
    ],
    [
      {
        ""id"": ""q2"",
        ""target"": [""e_actor""],
        ""entities"": [
          { ""id"": ""e_actor1"", ""type"": ""Person"" },
          { ""id"": ""e_actor2"", ""type"": ""Person"" },
          { ""id"": ""e_movie"", ""type"": ""Movie"" }
        ],
        ""relationships"": [
          { ""id"": ""r_common"", ""role"": ""common_actor"", ""from"": ""e_actor1"", ""to"": ""e_movie"" },
          { ""id"": ""r_common2"", ""role"": ""common_actor"", ""from"": ""e_actor2"", ""to"": ""e_movie"" }
        ],
        ""constraint"": {
          ""and_conditions"": [
            {
              ""left"": { ""count_id"": ""r_common"", ""condition"": { ""attribute_name"": ""title"", ""of"": ""e_movie"" } },
              ""operator"": ""="",
              ""right"": ""The Matrix""
            },
            {
              ""left"": {
                ""count_id"": ""r_common"",
                ""condition"": {
                  ""left"": { ""count_id"": ""r_common"", ""condition"": { ""attribute_name"": ""title"", ""of"": ""e_movie"" } },
                  ""operator"": "">"",
                  ""right"": 0
                }
              },
              ""operator"": "">"",
              ""right"": 1
            },
            {
              ""left"": {
                ""count_id"": ""r_common2"",
                ""condition"": {
                  ""left"": { ""count_id"": ""r_common2"", ""condition"": { ""attribute_name"": ""title"", ""of"": ""e_movie"" } },
                  ""operator"": "">"",
                  ""right"": 1
                }
              },
              ""operator"": "">"",
              ""right"": 1
            },
            {
              ""left"": {
                ""count_id"": ""r_common"",
                ""condition"": {
                  ""left"": { ""count_id"": ""r_common"", ""condition"": { ""attribute_name"": ""title"", ""of"": ""e_movie"" } },
                  ""operator"": "">"",
                  ""right"": 2
                }
              },
              ""operator"": "">"",
              ""right"": 0
            }
          ]
        },
        ""projection"": [
          { ""attribute_name"": ""name"", ""of"": ""e_actor1"" },
          { ""attribute_name"": ""name"", ""of"": ""e_actor2"" }
        ]
      }
    ],
    [
      {
        ""id"": ""q3"",
        ""target"": [""e_top_actor""],
        ""entities"": [
          { ""id"": ""e_top_actor"", ""type"": ""Person"" },
          { ""id"": ""e_movie"", ""type"": ""Movie"" }
        ],
        ""relationships"": [
          { ""id"": ""r_most_common"", ""role"": ""most_common_actor"", ""from"": ""e_top_actor"", ""to"": ""e_movie"" }
        ],
        ""constraint"": {
          ""and_conditions"": [
            {
              ""left"": {
                ""count_id"": ""r_most_common"",
                ""condition"": {
                  ""left"": { ""count_id"": ""r_most_common"", ""condition"": { ""attribute_name"": ""title"", ""of"": ""e_movie"" } },
                  ""operator"": "">"",
                  ""right"": 1
                }
              },
              ""operator"": "">"",
              ""right"": 0
            }
          ]
        },
        ""projection"": [
          { ""attribute_name"": ""name"", ""of"": ""e_top_actor"" }
        ]
      }
    ]
  ]
}
```"
15,Q12,Give me the actors of The Matrix along with the three actors who have acted the most in any movie with them,ministral-3:3b,False,0.05,20.060327,True,stop,4096,2.27882,1108,16.869978,65.6788,"```json
{
  ""hypotheses_set"": [
    [
      {
        ""id"": ""q1"",
        ""target"": [""e_actor""],
        ""entities"": [
          { ""id"": ""e_actor"", ""type"": ""Person"" },
          { ""id"": ""e_movie"", ""type"": ""Movie"" }
        ],
        ""relationships"": [
          { ""id"": ""r_act"", ""role"": ""actor"", ""from"": ""e_actor"", ""to"": ""e_movie"" }
        ],
        ""constraint"": {
          ""and_conditions"": [
            {
              ""left"": { ""attribute_name"": ""title"", ""of"": ""e_movie"" },
              ""operator"": ""="",
              ""right"": ""The Matrix""
            }
          ]
        },
        ""projection"": [
          { ""attribute_name"": ""name"", ""of"": ""e_actor"" }
        ]
      }
    ],
    [
      {
        ""id"": ""q2"",
        ""target"": [""e_actor""],
        ""entities"": [
          { ""id"": ""e_actor1"", ""type"": ""Person"" },
          { ""id"": ""e_actor2"", ""type"": ""Person"" },
          { ""id"": ""e_movie"", ""type"": ""Movie"" }
        ],
        ""relationships"": [
          { ""id"": ""r_act1"", ""role"": ""actor"", ""from"": ""e_actor1"", ""to"": ""e_movie"" },
          { ""id"": ""r_act2"", ""role"": ""actor"", ""from"": ""e_actor2"", ""to"": ""e_movie"" }
        ],
        ""constraint"": {
          ""and_conditions"": [
            {
              ""left"": {
                ""count_id"": ""r_act1"",
                ""condition"": {
                  ""left"": {
                    ""left"": { ""attribute_name"": ""name"", ""of"": ""e_actor1"" },
                    ""operator"": ""="",
                    ""right"": { ""attribute_name"": ""name"", ""of"": ""e_actor2"" }
                  },
                  ""operator"": "">"",
                  ""right"": 3
                }
              }
            },
            {
              ""left"": {
                ""count_id"": ""r_act2"",
                ""condition"": {
                  ""left"": {
                    ""left"": { ""attribute_name"": ""name"", ""of"": ""e_actor2"" },
                    ""operator"": ""="",
                    ""right"": { ""attribute_name"": ""name"", ""of"": ""e_actor1"" }
                  },
                  ""operator"": "">"",
                  ""right"": 3
                }
              }
            },
            {
              ""left"": {
                ""count_id"": ""r_act1"",
                ""condition"": {
                  ""left"": {
                    ""left"": { ""attribute_name"": ""name"", ""of"": ""e_actor1"" },
                    ""operator"": ""="",
                    ""right"": { ""attribute_name"": ""name"", ""of"": ""e_actor2"" }
                  },
                  ""operator"": "">"",
                  ""right"": 0
                }
              }
            }
          ]
        },
        ""projection"": [
          { ""attribute_name"": ""name"", ""of"": ""e_actor1"" },
          { ""attribute_name"": ""name"", ""of"": ""e_actor2"" }
        ]
      }
    ],
    [
      {
        ""id"": ""q3"",
        ""target"": [""e_actor""],
        ""entities"": [
          { ""id"": ""e_actor"", ""type"": ""Person"" },
          { ""id"": ""e_common_movie"", ""type"": ""Movie"" }
        ],
        ""relationships"": [
          { ""id"": ""r_common_act"", ""role"": ""common_actor"", ""from"": ""e_actor"", ""to"": ""e_common_movie"" }
        ],
        ""constraint"": {
          ""and_conditions"": [
            {
              ""left"": {
                ""count_id"": ""r_common_act"",
                ""condition"": {
                  ""left"": {
                    ""left"": { ""attribute_name"": ""name"", ""of"": ""e_common_movie"" },
                    ""operator"": ""="",
                    ""right"": ""The Matrix""
                  },
                  ""operator"": "">"",
                  ""right"": 0
                }
              }
            },
            {
              ""left"": {
                ""count_id"": ""r_common_act"",
                ""condition"": {
                  ""left"": {
                    ""count_id"": ""r_common_act"",
                    ""condition"": {
                      ""left"": {
                        ""left"": { ""attribute_name"": ""name"", ""of"": ""e_actor"" },
                        ""operator"": ""="",
                        ""right"": { ""attribute_name"": ""name"", ""of"": ""e_common_movie"" }
                      },
                      ""operator"": "">"",
                      ""right"": 3
                    }
                  },
                  ""operator"": "">"",
                  ""right"": 0
                }
              }
            }
          ]
        },
        ""projection"": [
          { ""attribute_name"": ""name"", ""of"": ""e_actor"" }
        ]
      }
    ]
  ]
}
```"
16,Q12,Give me the actors of The Matrix along with the three actors who have acted the most in any movie with them,ministral-3:3b,False,0.05,15.164115,True,stop,4096,2.279375,799,12.161779,65.6976,"```json
{
  ""hypotheses_set"": [
    [
      {
        ""id"": ""q1"",
        ""target"": [""e_actor""],
        ""entities"": [
          { ""id"": ""e_movie"", ""type"": ""Movie"" },
          { ""id"": ""e_actor"", ""type"": ""Person"" }
        ],
        ""relationships"": [
          { ""id"": ""r_act"", ""role"": ""actor"", ""from"": ""e_actor"", ""to"": ""e_movie"" }
        ],
        ""constraint"": {
          ""and_conditions"": [
            {
              ""left"": { ""attribute_name"": ""title"", ""of"": ""e_movie"" },
              ""operator"": ""="",
              ""right"": ""The Matrix""
            }
          ]
        },
        ""projection"": [
          { ""attribute_name"": ""name"", ""of"": ""e_actor"" }
        ]
      }
    ],
    [
      {
        ""id"": ""q2"",
        ""target"": [""e_actor""],
        ""entities"": [
          { ""id"": ""e_actor1"", ""type"": ""Person"" },
          { ""id"": ""e_actor2"", ""type"": ""Person"" },
          { ""id"": ""e_actor3"", ""type"": ""Person"" },
          { ""id"": ""e_movie"", ""type"": ""Movie"" }
        ],
        ""relationships"": [
          { ""id"": ""r_act"", ""role"": ""actor"", ""from"": ""e_actor1"", ""to"": ""e_movie"" },
          { ""id"": ""r_act2"", ""role"": ""actor"", ""from"": ""e_actor2"", ""to"": ""e_movie"" },
          { ""id"": ""r_act3"", ""role"": ""actor"", ""from"": ""e_actor3"", ""to"": ""e_movie"" }
        ],
        ""constraint"": {
          ""and_conditions"": [
            {
              ""left"": { ""count_id"": ""r_act"", ""condition"": { ""all_id"": ""e_actor1"" } },
              ""operator"": "">"",
              ""right"": {
                ""left"": { ""count_id"": ""r_act2"", ""condition"": { ""all_id"": ""e_actor2"" } },
                ""operator"": "">"",
                ""right"": {
                  ""left"": { ""count_id"": ""r_act3"", ""condition"": { ""all_id"": ""e_actor3"" } },
                  ""operator"": "">"",
                  ""right"": 0
                }
              }
            },
            {
              ""left"": { ""attribute_name"": ""name"", ""of"": ""e_actor1"" },
              ""operator"": ""="",
              ""right"": { ""attribute_name"": ""name"", ""of"": ""e_actor"" }
            },
            {
              ""left"": { ""attribute_name"": ""name"", ""of"": ""e_actor2"" },
              ""operator"": ""="",
              ""right"": { ""attribute_name"": ""name"", ""of"": ""e_actor"" }
            },
            {
              ""left"": { ""attribute_name"": ""name"", ""of"": ""e_actor3"" },
              ""operator"": ""="",
              ""right"": { ""attribute_name"": ""name"", ""of"": ""e_actor"" }
            }
          ]
        },
        ""projection"": [
          { ""attribute_name"": ""name"", ""of"": ""e_actor1"" },
          { ""attribute_name"": ""name"", ""of"": ""e_actor2"" },
          { ""attribute_name"": ""name"", ""of"": ""e_actor3"" }
        ]
      }
    ]
  ]
}
```"
17,Q12,Give me the actors of The Matrix along with the three actors who have acted the most in any movie with them,ministral-3:3b,False,0.05,18.314025,True,stop,4096,2.282988,996,15.182135,65.6034,"```json
{
  ""hypotheses_set"": [
    [
      {
        ""id"": ""q1"",
        ""target"": [""e_actor""],
        ""entities"": [
          { ""id"": ""e_actor"", ""type"": ""Person"" },
          { ""id"": ""e_movie"", ""type"": ""Movie"" }
        ],
        ""relationships"": [
          { ""id"": ""r_act"", ""role"": ""actor"", ""from"": ""e_actor"", ""to"": ""e_movie"" }
        ],
        ""constraint"": {
          ""and_conditions"": [
            {
              ""left"": { ""attribute_name"": ""title"", ""of"": ""e_movie"" },
              ""operator"": ""="",
              ""right"": ""The Matrix""
            }
          ]
        },
        ""projection"": [
          { ""attribute_name"": ""name"", ""of"": ""e_actor"" }
        ]
      }
    ],
    [
      {
        ""id"": ""q2"",
        ""target"": [""e_actor""],
        ""entities"": [
          { ""id"": ""e_actor1"", ""type"": ""Person"" },
          { ""id"": ""e_actor2"", ""type"": ""Person"" },
          { ""id"": ""e_movie"", ""type"": ""Movie"" }
        ],
        ""relationships"": [
          { ""id"": ""r_common"", ""role"": ""common_actor"", ""from"": ""e_actor1"", ""to"": ""e_movie"" },
          { ""id"": ""r_common2"", ""role"": ""common_actor"", ""from"": ""e_actor2"", ""to"": ""e_movie"" }
        ],
        ""constraint"": {
          ""and_conditions"": [
            {
              ""left"": { ""count_id"": ""r_common"", ""condition"": { ""attribute_name"": ""title"", ""of"": ""e_movie"" } },
              ""operator"": ""="",
              ""right"": ""The Matrix""
            },
            {
              ""left"": {
                ""count_id"": ""r_common"",
                ""condition"": {
                  ""left"": { ""count_id"": ""r_common"", ""condition"": { ""attribute_name"": ""title"", ""of"": ""e_movie"" } },
                  ""operator"": "">"",
                  ""right"": 0
                }
              },
              ""operator"": "">"",
              ""right"": 1
            },
            {
              ""left"": {
                ""count_id"": ""r_common2"",
                ""condition"": {
                  ""left"": { ""count_id"": ""r_common2"", ""condition"": { ""attribute_name"": ""title"", ""of"": ""e_movie"" } },
                  ""operator"": "">"",
                  ""right"": 1
                }
              },
              ""operator"": "">"",
              ""right"": 1
            },
            {
              ""left"": {
                ""count_id"": ""r_common"",
                ""condition"": {
                  ""left"": { ""count_id"": ""r_common"", ""condition"": { ""attribute_name"": ""title"", ""of"": ""e_movie"" } },
                  ""operator"": "">"",
                  ""right"": 2
                }
              },
              ""operator"": "">"",
              ""right"": 0
            }
          ]
        },
        ""projection"": [
          { ""attribute_name"": ""name"", ""of"": ""e_actor1"" },
          { ""attribute_name"": ""name"", ""of"": ""e_actor2"" }
        ]
      }
    ],
    [
      {
        ""id"": ""q3"",
        ""target"": [""e_top_actor""],
        ""entities"": [
          { ""id"": ""e_top_actor"", ""type"": ""Person"" },
          { ""id"": ""e_movie"", ""type"": ""Movie"" }
        ],
        ""relationships"": [
          { ""id"": ""r_most_common"", ""role"": ""most_common_actor"", ""from"": ""e_top_actor"", ""to"": ""e_movie"" }
        ],
        ""constraint"": {
          ""and_conditions"": [
            {
              ""left"": {
                ""count_id"": ""r_most_common"",
                ""condition"": {
                  ""left"": { ""count_id"": ""r_most_common"", ""condition"": { ""attribute_name"": ""title"", ""of"": ""e_movie"" } },
                  ""operator"": "">"",
                  ""right"": 1
                }
              },
              ""operator"": "">"",
              ""right"": 0
            }
          ]
        },
        ""projection"": [
          { ""attribute_name"": ""name"", ""of"": ""e_top_actor"" }
        ]
      }
    ]
  ]
}
```"
18,Q12,Give me the actors of The Matrix along with the three actors who have acted the most in any movie with them,ministral-3:3b,False,0.05,17.663345,True,stop,4096,2.280965,956,14.552984,65.691,"```json
{
  ""hypotheses_set"": [
    [
      {
        ""id"": ""q1"",
        ""target"": [""e_actor""],
        ""entities"": [
          { ""id"": ""e_actor"", ""type"": ""Person"" },
          { ""id"": ""e_movie"", ""type"": ""Movie"" }
        ],
        ""relationships"": [
          { ""id"": ""r_act"", ""role"": ""actor"", ""from"": ""e_actor"", ""to"": ""e_movie"" }
        ],
        ""constraint"": {
          ""and_conditions"": [
            {
              ""left"": { ""attribute_name"": ""title"", ""of"": ""e_movie"" },
              ""operator"": ""="",
              ""right"": ""The Matrix""
            }
          ]
        },
        ""projection"": [
          { ""attribute_name"": ""name"", ""of"": ""e_actor"" }
        ]
      }
    ],
    [
      {
        ""id"": ""q2"",
        ""target"": [""e_actor""],
        ""entities"": [
          { ""id"": ""e_actor1"", ""type"": ""Person"" },
          { ""id"": ""e_actor2"", ""type"": ""Person"" },
          { ""id"": ""e_movie"", ""type"": ""Movie"" }
        ],
        ""relationships"": [
          { ""id"": ""r_act1"", ""role"": ""actor"", ""from"": ""e_actor1"", ""to"": ""e_movie"" },
          { ""id"": ""r_act2"", ""role"": ""actor"", ""from"": ""e_actor2"", ""to"": ""e_movie"" }
        ],
        ""constraint"": {
          ""and_conditions"": [
            {
              ""left"": { ""count_id"": ""r_act1"" },
              ""operator"": "">"",
              ""right"": 0
            },
            {
              ""left"": { ""count_id"": ""r_act2"" },
              ""operator"": "">"",
              ""right"": 0
            },
            {
              ""left"": { ""attribute_name"": ""name"", ""of"": ""e_actor1"" },
              ""operator"": ""="",
              ""right"": { ""attribute_name"": ""name"", ""of"": ""e_actor"" }
            },
            {
              ""left"": { ""count_id"": ""r_act1"" },
              ""operator"": "">"",
              ""right"": { ""count_id"": ""r_act2"" }
            }
          ]
        },
        ""projection"": [
          { ""attribute_name"": ""name"", ""of"": ""e_actor2"" }
        ]
      }
    ],
    [
      {
        ""id"": ""q3"",
        ""target"": [""e_actor""],
        ""entities"": [
          { ""id"": ""e_actor"", ""type"": ""Person"" },
          { ""id"": ""e_common_actor"", ""type"": ""Person"" },
          { ""id"": ""e_movie"", ""type"": ""Movie"" }
        ],
        ""relationships"": [
          { ""id"": ""r_act"", ""role"": ""actor"", ""from"": ""e_actor"", ""to"": ""e_movie"" },
          { ""id"": ""r_common_act"", ""role"": ""co-star"", ""from"": ""e_common_actor"", ""to"": ""e_movie"" }
        ],
        ""constraint"": {
          ""and_conditions"": [
            {
              ""left"": { ""attribute_name"": ""title"", ""of"": ""e_movie"" },
              ""operator"": ""="",
              ""right"": ""The Matrix""
            },
            {
              ""left"": { ""count_id"": ""r_common_act"" },
              ""operator"": "">"",
              ""right"": 0
            },
            {
              ""left"": {
                ""count_id"": ""r_common_act"",
                ""condition"": {
                  ""and_conditions"": [
                    {
                      ""left"": { ""attribute_name"": ""name"", ""of"": ""e_common_actor"" },
                      ""operator"": ""="",
                      ""right"": { ""attribute_name"": ""name"", ""of"": ""e_actor"" }
                    }
                  ]
                }
              },
              ""operator"": "">"",
              ""right"": 0
            }
          ]
        },
        ""projection"": [
          { ""attribute_name"": ""name"", ""of"": ""e_common_actor"" }
        ]
      }
    ]
  ]
}
```"
19,Q12,Give me the actors of The Matrix along with the three actors who have acted the most in any movie with them,ministral-3:3b,False,0.05,18.520501,True,stop,4096,2.27912,1011,15.39313,65.6787,"```json
{
  ""hypotheses_set"": [
    [
      {
        ""id"": ""q1"",
        ""target"": [""e_actor""],
        ""entities"": [
          { ""id"": ""e_actor"", ""type"": ""Person"" },
          { ""id"": ""e_movie"", ""type"": ""Movie"" }
        ],
        ""relationships"": [
          { ""id"": ""r_act"", ""role"": ""actor"", ""from"": ""e_actor"", ""to"": ""e_movie"" }
        ],
        ""constraint"": {
          ""and_conditions"": [
            {
              ""left"": { ""attribute_name"": ""title"", ""of"": ""e_movie"" },
              ""operator"": ""="",
              ""right"": ""The Matrix""
            }
          ]
        },
        ""projection"": [
          { ""attribute_name"": ""name"", ""of"": ""e_actor"" }
        ]
      }
    ],
    [
      {
        ""id"": ""q2"",
        ""target"": [""e_actor""],
        ""entities"": [
          { ""id"": ""e_actor1"", ""type"": ""Person"" },
          { ""id"": ""e_actor2"", ""type"": ""Person"" },
          { ""id"": ""e_movie"", ""type"": ""Movie"" }
        ],
        ""relationships"": [
          { ""id"": ""r_act1"", ""role"": ""actor"", ""from"": ""e_actor1"", ""to"": ""e_movie"" },
          { ""id"": ""r_act2"", ""role"": ""actor"", ""from"": ""e_actor2"", ""to"": ""e_movie"" }
        ],
        ""constraint"": {
          ""and_conditions"": [
            {
              ""left"": { ""count_id"": ""r_act1"" },
              ""operator"": "">"",
              ""right"": 0
            },
            {
              ""left"": { ""count_id"": ""r_act2"" },
              ""operator"": "">"",
              ""right"": 0
            },
            {
              ""left"": { ""count_id"": ""r_act1"" },
              ""operator"": "">"",
              ""right"": {
                ""left"": { ""count_id"": ""r_act2"" },
                ""operator"": "">"",
                ""right"": 0
              }
            },
            {
              ""left"": { ""count_id"": ""r_act2"" },
              ""operator"": "">"",
              ""right"": {
                ""left"": { ""count_id"": ""r_act1"" },
                ""operator"": "">"",
                ""right"": 0
              }
            },
            {
              ""left"": { ""attribute_name"": ""name"", ""of"": ""e_actor1"" },
              ""operator"": ""="",
              ""right"": { ""attribute_name"": ""name"", ""of"": ""e_actor"" }
            }
          ]
        }
      }
    ],
    [
      {
        ""id"": ""q3"",
        ""target"": [""e_actor""],
        ""entities"": [
          { ""id"": ""e_actor"", ""type"": ""Person"" },
          { ""id"": ""e_common_actor"", ""type"": ""Person"" },
          { ""id"": ""e_movie"", ""type"": ""Movie"" }
        ],
        ""relationships"": [
          { ""id"": ""r_common_act"", ""role"": ""co-star"", ""from"": ""e_common_actor"", ""to"": ""e_movie"" },
          { ""id"": ""r_act"", ""role"": ""actor"", ""from"": ""e_actor"", ""to"": ""e_movie"" }
        ],
        ""constraint"": {
          ""and_conditions"": [
            {
              ""left"": { ""attribute_name"": ""title"", ""of"": ""e_movie"" },
              ""operator"": ""="",
              ""right"": ""The Matrix""
            },
            {
              ""left"": { ""count_id"": ""r_common_act"" },
              ""operator"": "">"",
              ""right"": 0
            },
            {
              ""left"": {
                ""count_id"": ""r_common_act"",
                ""condition"": {
                  ""and_conditions"": [
                    {
                      ""left"": { ""attribute_name"": ""name"", ""of"": ""e_common_actor"" },
                      ""operator"": ""="",
                      ""right"": { ""attribute_name"": ""name"", ""of"": ""e_actor"" }
                    }
                  ]
                }
              },
              ""operator"": "">"",
              ""right"": 0
            }
          ]
        },
        ""projection"": [
          { ""attribute_name"": ""name"", ""of"": ""e_common_actor"" }
        ]
      }
    ]
  ]
}
```"
20,Q12,Give me the actors of The Matrix along with the three actors who have acted the most in any movie with them,ministral-3:3b,False,0.05,19.676841,True,stop,4096,2.281839,1082,16.496484,65.5897,"```json
{
  ""hypotheses_set"": [
    [
      {
        ""id"": ""q1"",
        ""target"": [""e_actor""],
        ""entities"": [
          { ""id"": ""e_actor"", ""type"": ""Person"" },
          { ""id"": ""e_movie"", ""type"": ""Movie"" }
        ],
        ""relationships"": [
          { ""id"": ""r_act"", ""role"": ""actor"", ""from"": ""e_actor"", ""to"": ""e_movie"" }
        ],
        ""constraint"": {
          ""and_conditions"": [
            {
              ""left"": { ""attribute_name"": ""title"", ""of"": ""e_movie"" },
              ""operator"": ""="",
              ""right"": ""The Matrix""
            }
          ]
        },
        ""projection"": [
          { ""attribute_name"": ""name"", ""of"": ""e_actor"" }
        ]
      }
    ],
    [
      {
        ""id"": ""q2"",
        ""target"": [""e_actor""],
        ""entities"": [
          { ""id"": ""e_actor1"", ""type"": ""Person"" },
          { ""id"": ""e_actor2"", ""type"": ""Person"" },
          { ""id"": ""e_movie"", ""type"": ""Movie"" }
        ],
        ""relationships"": [
          { ""id"": ""r_act1"", ""role"": ""actor"", ""from"": ""e_actor1"", ""to"": ""e_movie"" },
          { ""id"": ""r_act2"", ""role"": ""actor"", ""from"": ""e_actor2"", ""to"": ""e_movie"" }
        ],
        ""constraint"": {
          ""and_conditions"": [
            {
              ""left"": {
                ""count_id"": ""r_act1"",
                ""condition"": {
                  ""left"": {
                    ""left"": { ""attribute_name"": ""name"", ""of"": ""e_actor1"" },
                    ""operator"": ""="",
                    ""right"": { ""attribute_name"": ""name"", ""of"": ""e_actor2"" }
                  },
                  ""operator"": "">"",
                  ""right"": 3
                }
              }
            },
            {
              ""left"": {
                ""count_id"": ""r_act2"",
                ""condition"": {
                  ""left"": {
                    ""left"": { ""attribute_name"": ""name"", ""of"": ""e_actor2"" },
                    ""operator"": ""="",
                    ""right"": { ""attribute_name"": ""name"", ""of"": ""e_actor1"" }
                  },
                  ""operator"": "">"",
                  ""right"": 3
                }
              }
            },
            {
              ""left"": {
                ""count_id"": ""r_act1"",
                ""condition"": {
                  ""left"": {
                    ""left"": { ""attribute_name"": ""name"", ""of"": ""e_actor1"" },
                    ""operator"": ""="",
                    ""right"": { ""attribute_name"": ""name"", ""of"": ""e_actor2"" }
                  },
                  ""operator"": "">"",
                  ""right"": 0
                }
              }
            }
          ]
        },
        ""projection"": [
          { ""attribute_name"": ""name"", ""of"": ""e_actor1"" },
          { ""attribute_name"": ""name"", ""of"": ""e_actor2"" }
        ]
      }
    ],
    [
      {
        ""id"": ""q3"",
        ""target"": [""e_actor""],
        ""entities"": [
          { ""id"": ""e_actor"", ""type"": ""Person"" },
          { ""id"": ""e_common_movie"", ""type"": ""Movie"" }
        ],
        ""relationships"": [
          { ""id"": ""r_act_common"", ""role"": ""actor"", ""from"": ""e_actor"", ""to"": ""e_common_movie"" }
        ],
        ""constraint"": {
          ""and_conditions"": [
            {
              ""left"": {
                ""count_id"": ""r_act_common"",
                ""condition"": {
                  ""left"": {
                    ""left"": { ""attribute_name"": ""name"", ""of"": ""e_actor"" },
                    ""operator"": ""="",
                    ""right"": { ""attribute_name"": ""name"", ""of"": ""e_actor"" }
                  },
                  ""operator"": "">"",
                  ""right"": 3
                }
              }
            },
            {
              ""left"": {
                ""count_id"": ""r_act_common"",
                ""condition"": {
                  ""left"": {
                    ""left"": { ""attribute_name"": ""title"", ""of"": ""e_common_movie"" },
                    ""operator"": ""="",
                    ""right"": { ""attribute_name"": ""title"", ""of"": ""e_movie"" }
                  },
                  ""operator"": ""="",
                  ""right"": ""The Matrix""
                }
              }
            }
          ]
        },
        ""projection"": [
          { ""attribute_name"": ""name"", ""of"": ""e_actor"" }
        ]
      }
    ]
  ]
}
```"
21,Q12,Give me the actors of The Matrix along with the three actors who have acted the most in any movie with them,ministral-3:3b,False,0.05,15.171382,True,stop,4096,2.279373,799,12.151153,65.7551,"```json
{
  ""hypotheses_set"": [
    [
      {
        ""id"": ""q1"",
        ""target"": [""e_actor""],
        ""entities"": [
          { ""id"": ""e_movie"", ""type"": ""Movie"" },
          { ""id"": ""e_actor"", ""type"": ""Person"" }
        ],
        ""relationships"": [
          { ""id"": ""r_act"", ""role"": ""actor"", ""from"": ""e_actor"", ""to"": ""e_movie"" }
        ],
        ""constraint"": {
          ""and_conditions"": [
            {
              ""left"": { ""attribute_name"": ""title"", ""of"": ""e_movie"" },
              ""operator"": ""="",
              ""right"": ""The Matrix""
            }
          ]
        },
        ""projection"": [
          { ""attribute_name"": ""name"", ""of"": ""e_actor"" }
        ]
      }
    ],
    [
      {
        ""id"": ""q2"",
        ""target"": [""e_actor""],
        ""entities"": [
          { ""id"": ""e_actor1"", ""type"": ""Person"" },
          { ""id"": ""e_actor2"", ""type"": ""Person"" },
          { ""id"": ""e_actor3"", ""type"": ""Person"" },
          { ""id"": ""e_movie"", ""type"": ""Movie"" }
        ],
        ""relationships"": [
          { ""id"": ""r_act"", ""role"": ""actor"", ""from"": ""e_actor1"", ""to"": ""e_movie"" },
          { ""id"": ""r_act2"", ""role"": ""actor"", ""from"": ""e_actor2"", ""to"": ""e_movie"" },
          { ""id"": ""r_act3"", ""role"": ""actor"", ""from"": ""e_actor3"", ""to"": ""e_movie"" }
        ],
        ""constraint"": {
          ""and_conditions"": [
            {
              ""left"": { ""count_id"": ""r_act"", ""condition"": { ""all_id"": ""e_actor1"" } },
              ""operator"": "">"",
              ""right"": {
                ""left"": { ""count_id"": ""r_act2"", ""condition"": { ""all_id"": ""e_actor2"" } },
                ""operator"": "">"",
                ""right"": {
                  ""left"": { ""count_id"": ""r_act3"", ""condition"": { ""all_id"": ""e_actor3"" } },
                  ""operator"": "">"",
                  ""right"": 0
                }
              }
            },
            {
              ""left"": { ""attribute_name"": ""name"", ""of"": ""e_actor1"" },
              ""operator"": ""="",
              ""right"": { ""attribute_name"": ""name"", ""of"": ""e_actor"" }
            },
            {
              ""left"": { ""attribute_name"": ""name"", ""of"": ""e_actor2"" },
              ""operator"": ""="",
              ""right"": { ""attribute_name"": ""name"", ""of"": ""e_actor"" }
            },
            {
              ""left"": { ""attribute_name"": ""name"", ""of"": ""e_actor3"" },
              ""operator"": ""="",
              ""right"": { ""attribute_name"": ""name"", ""of"": ""e_actor"" }
            }
          ]
        },
        ""projection"": [
          { ""attribute_name"": ""name"", ""of"": ""e_actor1"" },
          { ""attribute_name"": ""name"", ""of"": ""e_actor2"" },
          { ""attribute_name"": ""name"", ""of"": ""e_actor3"" }
        ]
      }
    ]
  ]
}
```"
22,Q12,Give me the actors of The Matrix along with the three actors who have acted the most in any movie with them,ministral-3:3b,False,0.05,16.889675,True,stop,4096,2.279489,906,13.814317,65.5841,"```json
{
  ""hypotheses_set"": [
    [
      {
        ""id"": ""q1"",
        ""target"": [""e_actor""],
        ""entities"": [
          { ""id"": ""e_actor"", ""type"": ""Person"" },
          { ""id"": ""e_movie"", ""type"": ""Movie"" }
        ],
        ""relationships"": [
          { ""id"": ""r_act"", ""role"": ""actor"", ""from"": ""e_actor"", ""to"": ""e_movie"" }
        ],
        ""constraint"": {
          ""and_conditions"": [
            {
              ""left"": { ""attribute_name"": ""title"", ""of"": ""e_movie"" },
              ""operator"": ""="",
              ""right"": ""The Matrix""
            }
          ]
        },
        ""projection"": [
          { ""attribute_name"": ""name"", ""of"": ""e_actor"" }
        ]
      }
    ],
    [
      {
        ""id"": ""q2"",
        ""target"": [""e_actor""],
        ""entities"": [
          { ""id"": ""e_actor1"", ""type"": ""Person"" },
          { ""id"": ""e_actor2"", ""type"": ""Person"" },
          { ""id"": ""e_movie"", ""type"": ""Movie"" }
        ],
        ""relationships"": [
          { ""id"": ""r_act1"", ""role"": ""actor"", ""from"": ""e_actor1"", ""to"": ""e_movie"" },
          { ""id"": ""r_act2"", ""role"": ""actor"", ""from"": ""e_actor2"", ""to"": ""e_movie"" }
        ],
        ""constraint"": {
          ""and_conditions"": [
            {
              ""left"": { ""count_id"": ""r_act1"" },
              ""operator"": "">"",
              ""right"": 0
            },
            {
              ""left"": { ""count_id"": ""r_act2"" },
              ""operator"": "">"",
              ""right"": 0
            },
            {
              ""left"": { ""attribute_name"": ""name"", ""of"": ""e_actor1"" },
              ""operator"": ""="",
              ""right"": { ""attribute_name"": ""name"", ""of"": ""e_actor"" }
            },
            {
              ""left"": { ""count_id"": ""r_act1"" },
              ""operator"": "">"",
              ""right"": { ""count_id"": ""r_act2"" }
            }
          ]
        },
        ""projection"": [
          { ""attribute_name"": ""name"", ""of"": ""e_actor2"" }
        ]
      }
    ],
    [
      {
        ""id"": ""q3"",
        ""target"": [""e_actor""],
        ""entities"": [
          { ""id"": ""e_actor"", ""type"": ""Person"" },
          { ""id"": ""e_movie"", ""type"": ""Movie"" },
          { ""id"": ""e_top_actor"", ""type"": ""Person"" }
        ],
        ""relationships"": [
          { ""id"": ""r_act"", ""role"": ""actor"", ""from"": ""e_actor"", ""to"": ""e_movie"" },
          { ""id"": ""r_top_actor"", ""role"": ""top_actor"", ""from"": ""e_top_actor"", ""to"": ""e_movie"" }
        ],
        ""constraint"": {
          ""and_conditions"": [
            {
              ""left"": { ""attribute_name"": ""title"", ""of"": ""e_movie"" },
              ""operator"": ""="",
              ""right"": ""The Matrix""
            },
            {
              ""left"": { ""count_id"": ""r_top_actor"" },
              ""operator"": "">"",
              ""right"": 0
            },
            {
              ""left"": { ""attribute_name"": ""name"", ""of"": ""e_top_actor"" },
              ""operator"": ""="",
              ""right"": { ""attribute_name"": ""name"", ""of"": ""e_actor"" }
            }
          ]
        },
        ""projection"": [
          { ""attribute_name"": ""name"", ""of"": ""e_top_actor"" }
        ]
      }
    ]
  ]
}
```"
23,Q12,Give me the actors of The Matrix along with the three actors who have acted the most in any movie with them,ministral-3:3b,False,0.05,14.133862,True,stop,4096,2.278892,734,11.170487,65.7089,"```json
{
  ""hypotheses_set"": [
    [
      {
        ""id"": ""q1"",
        ""target"": [""e_actor""],
        ""entities"": [
          { ""id"": ""e_movie"", ""type"": ""Movie"" },
          { ""id"": ""e_actor"", ""type"": ""Person"" }
        ],
        ""relationships"": [
          { ""id"": ""r_act"", ""role"": ""actor"", ""from"": ""e_actor"", ""to"": ""e_movie"" }
        ],
        ""constraint"": {
          ""and_conditions"": [
            {
              ""left"": { ""attribute_name"": ""title"", ""of"": ""e_movie"" },
              ""operator"": ""="",
              ""right"": ""The Matrix""
            }
          ]
        },
        ""projection"": [
          { ""attribute_name"": ""name"", ""of"": ""e_actor"" }
        ]
      }
    ],
    [
      {
        ""id"": ""q2"",
        ""target"": [""e_actor""],
        ""entities"": [
          { ""id"": ""e_actor1"", ""type"": ""Person"" },
          { ""id"": ""e_actor2"", ""type"": ""Person"" },
          { ""id"": ""e_actor3"", ""type"": ""Person"" },
          { ""id"": ""e_movie"", ""type"": ""Movie"" }
        ],
        ""relationships"": [
          { ""id"": ""r_act"", ""role"": ""actor"", ""from"": ""e_actor1"", ""to"": ""e_movie"" },
          { ""id"": ""r_act2"", ""role"": ""actor"", ""from"": ""e_actor2"", ""to"": ""e_movie"" },
          { ""id"": ""r_act3"", ""role"": ""actor"", ""from"": ""e_actor3"", ""to"": ""e_movie"" }
        ],
        ""constraint"": {
          ""and_conditions"": [
            {
              ""left"": { ""count_id"": ""r_act"", ""condition"": { ""all_id"": ""e_actor1"" } },
              ""operator"": "">"",
              ""right"": {
                ""left"": { ""count_id"": ""r_act2"", ""condition"": { ""all_id"": ""e_actor2"" } },
                ""operator"": "">"",
                ""right"": {
                  ""left"": { ""count_id"": ""r_act3"", ""condition"": { ""all_id"": ""e_actor3"" } },
                  ""operator"": "">"",
                  ""right"": 0
                }
              }
            },
            {
              ""left"": { ""attribute_name"": ""name"", ""of"": ""e_actor1"" },
              ""operator"": ""="",
              ""right"": { ""attribute_name"": ""name"", ""of"": ""e_actor"" }
            },
            {
              ""left"": { ""attribute_name"": ""name"", ""of"": ""e_actor2"" },
              ""operator"": ""="",
              ""right"": { ""attribute_name"": ""name"", ""of"": ""e_actor"" }
            },
            {
              ""left"": { ""attribute_name"": ""name"", ""of"": ""e_actor3"" },
              ""operator"": ""="",
              ""right"": { ""attribute_name"": ""name"", ""of"": ""e_actor"" }
            }
          ]
        }
      }
    ]
  ]
}
```"
24,Q12,Give me the actors of The Matrix along with the three actors who have acted the most in any movie with them,ministral-3:3b,False,0.05,15.185595,True,stop,4096,2.279785,799,12.169852,65.654,"```json
{
  ""hypotheses_set"": [
    [
      {
        ""id"": ""q1"",
        ""target"": [""e_actor""],
        ""entities"": [
          { ""id"": ""e_movie"", ""type"": ""Movie"" },
          { ""id"": ""e_actor"", ""type"": ""Person"" }
        ],
        ""relationships"": [
          { ""id"": ""r_act"", ""role"": ""actor"", ""from"": ""e_actor"", ""to"": ""e_movie"" }
        ],
        ""constraint"": {
          ""and_conditions"": [
            {
              ""left"": { ""attribute_name"": ""title"", ""of"": ""e_movie"" },
              ""operator"": ""="",
              ""right"": ""The Matrix""
            }
          ]
        },
        ""projection"": [
          { ""attribute_name"": ""name"", ""of"": ""e_actor"" }
        ]
      }
    ],
    [
      {
        ""id"": ""q2"",
        ""target"": [""e_actor""],
        ""entities"": [
          { ""id"": ""e_actor1"", ""type"": ""Person"" },
          { ""id"": ""e_actor2"", ""type"": ""Person"" },
          { ""id"": ""e_actor3"", ""type"": ""Person"" },
          { ""id"": ""e_movie"", ""type"": ""Movie"" }
        ],
        ""relationships"": [
          { ""id"": ""r_act"", ""role"": ""actor"", ""from"": ""e_actor1"", ""to"": ""e_movie"" },
          { ""id"": ""r_act2"", ""role"": ""actor"", ""from"": ""e_actor2"", ""to"": ""e_movie"" },
          { ""id"": ""r_act3"", ""role"": ""actor"", ""from"": ""e_actor3"", ""to"": ""e_movie"" }
        ],
        ""constraint"": {
          ""and_conditions"": [
            {
              ""left"": { ""count_id"": ""r_act"", ""condition"": { ""all_id"": ""e_actor1"" } },
              ""operator"": "">"",
              ""right"": {
                ""left"": { ""count_id"": ""r_act2"", ""condition"": { ""all_id"": ""e_actor2"" } },
                ""operator"": "">"",
                ""right"": {
                  ""left"": { ""count_id"": ""r_act3"", ""condition"": { ""all_id"": ""e_actor3"" } },
                  ""operator"": "">"",
                  ""right"": 0
                }
              }
            },
            {
              ""left"": { ""attribute_name"": ""name"", ""of"": ""e_actor1"" },
              ""operator"": ""="",
              ""right"": { ""attribute_name"": ""name"", ""of"": ""e_actor"" }
            },
            {
              ""left"": { ""attribute_name"": ""name"", ""of"": ""e_actor2"" },
              ""operator"": ""="",
              ""right"": { ""attribute_name"": ""name"", ""of"": ""e_actor"" }
            },
            {
              ""left"": { ""attribute_name"": ""name"", ""of"": ""e_actor3"" },
              ""operator"": ""="",
              ""right"": { ""attribute_name"": ""name"", ""of"": ""e_actor"" }
            }
          ]
        },
        ""projection"": [
          { ""attribute_name"": ""name"", ""of"": ""e_actor1"" },
          { ""attribute_name"": ""name"", ""of"": ""e_actor2"" },
          { ""attribute_name"": ""name"", ""of"": ""e_actor3"" }
        ]
      }
    ]
  ]
}
```"
25,Q12,Give me the actors of The Matrix along with the three actors who have acted the most in any movie with them,ministral-3:3b,False,0.05,18.287233,True,stop,4096,2.280525,996,15.164246,65.6808,"```json
{
  ""hypotheses_set"": [
    [
      {
        ""id"": ""q1"",
        ""target"": [""e_actor""],
        ""entities"": [
          { ""id"": ""e_actor"", ""type"": ""Person"" },
          { ""id"": ""e_movie"", ""type"": ""Movie"" }
        ],
        ""relationships"": [
          { ""id"": ""r_act"", ""role"": ""actor"", ""from"": ""e_actor"", ""to"": ""e_movie"" }
        ],
        ""constraint"": {
          ""and_conditions"": [
            {
              ""left"": { ""attribute_name"": ""title"", ""of"": ""e_movie"" },
              ""operator"": ""="",
              ""right"": ""The Matrix""
            }
          ]
        },
        ""projection"": [
          { ""attribute_name"": ""name"", ""of"": ""e_actor"" }
        ]
      }
    ],
    [
      {
        ""id"": ""q2"",
        ""target"": [""e_actor""],
        ""entities"": [
          { ""id"": ""e_actor1"", ""type"": ""Person"" },
          { ""id"": ""e_actor2"", ""type"": ""Person"" },
          { ""id"": ""e_movie"", ""type"": ""Movie"" }
        ],
        ""relationships"": [
          { ""id"": ""r_common"", ""role"": ""common_actor"", ""from"": ""e_actor1"", ""to"": ""e_movie"" },
          { ""id"": ""r_common2"", ""role"": ""common_actor"", ""from"": ""e_actor2"", ""to"": ""e_movie"" }
        ],
        ""constraint"": {
          ""and_conditions"": [
            {
              ""left"": { ""count_id"": ""r_common"", ""condition"": { ""attribute_name"": ""title"", ""of"": ""e_movie"" } },
              ""operator"": ""="",
              ""right"": ""The Matrix""
            },
            {
              ""left"": {
                ""count_id"": ""r_common"",
                ""condition"": {
                  ""left"": { ""count_id"": ""r_common"", ""condition"": { ""attribute_name"": ""title"", ""of"": ""e_movie"" } },
                  ""operator"": "">"",
                  ""right"": 0
                }
              },
              ""operator"": "">"",
              ""right"": 1
            },
            {
              ""left"": {
                ""count_id"": ""r_common2"",
                ""condition"": {
                  ""left"": { ""count_id"": ""r_common2"", ""condition"": { ""attribute_name"": ""title"", ""of"": ""e_movie"" } },
                  ""operator"": "">"",
                  ""right"": 1
                }
              },
              ""operator"": "">"",
              ""right"": 1
            },
            {
              ""left"": {
                ""count_id"": ""r_common"",
                ""condition"": {
                  ""left"": { ""count_id"": ""r_common"", ""condition"": { ""attribute_name"": ""title"", ""of"": ""e_movie"" } },
                  ""operator"": "">"",
                  ""right"": 2
                }
              },
              ""operator"": "">"",
              ""right"": 0
            }
          ]
        },
        ""projection"": [
          { ""attribute_name"": ""name"", ""of"": ""e_actor1"" },
          { ""attribute_name"": ""name"", ""of"": ""e_actor2"" }
        ]
      }
    ],
    [
      {
        ""id"": ""q3"",
        ""target"": [""e_top_actor""],
        ""entities"": [
          { ""id"": ""e_top_actor"", ""type"": ""Person"" },
          { ""id"": ""e_movie"", ""type"": ""Movie"" }
        ],
        ""relationships"": [
          { ""id"": ""r_most_common"", ""role"": ""most_common_actor"", ""from"": ""e_top_actor"", ""to"": ""e_movie"" }
        ],
        ""constraint"": {
          ""and_conditions"": [
            {
              ""left"": {
                ""count_id"": ""r_most_common"",
                ""condition"": {
                  ""left"": { ""count_id"": ""r_most_common"", ""condition"": { ""attribute_name"": ""title"", ""of"": ""e_movie"" } },
                  ""operator"": "">"",
                  ""right"": 0
                }
              },
              ""operator"": "">"",
              ""right"": 2
            }
          ]
        },
        ""projection"": [
          { ""attribute_name"": ""name"", ""of"": ""e_top_actor"" }
        ]
      }
    ]
  ]
}
```"
26,Q12,Give me the actors of The Matrix along with the three actors who have acted the most in any movie with them,ministral-3:3b,False,0.05,15.194893,True,stop,4096,2.280688,799,12.179653,65.6012,"```json
{
  ""hypotheses_set"": [
    [
      {
        ""id"": ""q1"",
        ""target"": [""e_actor""],
        ""entities"": [
          { ""id"": ""e_movie"", ""type"": ""Movie"" },
          { ""id"": ""e_actor"", ""type"": ""Person"" }
        ],
        ""relationships"": [
          { ""id"": ""r_act"", ""role"": ""actor"", ""from"": ""e_actor"", ""to"": ""e_movie"" }
        ],
        ""constraint"": {
          ""and_conditions"": [
            {
              ""left"": { ""attribute_name"": ""title"", ""of"": ""e_movie"" },
              ""operator"": ""="",
              ""right"": ""The Matrix""
            }
          ]
        },
        ""projection"": [
          { ""attribute_name"": ""name"", ""of"": ""e_actor"" }
        ]
      }
    ],
    [
      {
        ""id"": ""q2"",
        ""target"": [""e_actor""],
        ""entities"": [
          { ""id"": ""e_actor1"", ""type"": ""Person"" },
          { ""id"": ""e_actor2"", ""type"": ""Person"" },
          { ""id"": ""e_actor3"", ""type"": ""Person"" },
          { ""id"": ""e_movie"", ""type"": ""Movie"" }
        ],
        ""relationships"": [
          { ""id"": ""r_act"", ""role"": ""actor"", ""from"": ""e_actor1"", ""to"": ""e_movie"" },
          { ""id"": ""r_act2"", ""role"": ""actor"", ""from"": ""e_actor2"", ""to"": ""e_movie"" },
          { ""id"": ""r_act3"", ""role"": ""actor"", ""from"": ""e_actor3"", ""to"": ""e_movie"" }
        ],
        ""constraint"": {
          ""and_conditions"": [
            {
              ""left"": { ""count_id"": ""r_act"", ""condition"": { ""all_id"": ""e_actor1"" } },
              ""operator"": "">"",
              ""right"": {
                ""left"": { ""count_id"": ""r_act2"", ""condition"": { ""all_id"": ""e_actor2"" } },
                ""operator"": "">"",
                ""right"": {
                  ""left"": { ""count_id"": ""r_act3"", ""condition"": { ""all_id"": ""e_actor3"" } },
                  ""operator"": "">"",
                  ""right"": 0
                }
              }
            },
            {
              ""left"": { ""attribute_name"": ""name"", ""of"": ""e_actor1"" },
              ""operator"": ""="",
              ""right"": { ""attribute_name"": ""name"", ""of"": ""e_actor"" }
            },
            {
              ""left"": { ""attribute_name"": ""name"", ""of"": ""e_actor2"" },
              ""operator"": ""="",
              ""right"": { ""attribute_name"": ""name"", ""of"": ""e_actor"" }
            },
            {
              ""left"": { ""attribute_name"": ""name"", ""of"": ""e_actor3"" },
              ""operator"": ""="",
              ""right"": { ""attribute_name"": ""name"", ""of"": ""e_actor"" }
            }
          ]
        },
        ""projection"": [
          { ""attribute_name"": ""name"", ""of"": ""e_actor1"" },
          { ""attribute_name"": ""name"", ""of"": ""e_actor2"" },
          { ""attribute_name"": ""name"", ""of"": ""e_actor3"" }
        ]
      }
    ]
  ]
}
```"
27,Q12,Give me the actors of The Matrix along with the three actors who have acted the most in any movie with them,ministral-3:3b,False,0.05,18.557197,True,stop,4096,2.279379,1012,15.420803,65.6256,"```json
{
  ""hypotheses_set"": [
    [
      {
        ""id"": ""q1"",
        ""target"": [""e_actor""],
        ""entities"": [
          { ""id"": ""e_actor"", ""type"": ""Person"" },
          { ""id"": ""e_movie"", ""type"": ""Movie"" }
        ],
        ""relationships"": [
          { ""id"": ""r_act"", ""role"": ""actor"", ""from"": ""e_actor"", ""to"": ""e_movie"" }
        ],
        ""constraint"": {
          ""and_conditions"": [
            {
              ""left"": { ""attribute_name"": ""title"", ""of"": ""e_movie"" },
              ""operator"": ""="",
              ""right"": ""The Matrix""
            }
          ]
        },
        ""projection"": [
          { ""attribute_name"": ""name"", ""of"": ""e_actor"" }
        ]
      }
    ],
    [
      {
        ""id"": ""q2"",
        ""target"": [""e_actor""],
        ""entities"": [
          { ""id"": ""e_actor1"", ""type"": ""Person"" },
          { ""id"": ""e_actor2"", ""type"": ""Person"" },
          { ""id"": ""e_movie"", ""type"": ""Movie"" }
        ],
        ""relationships"": [
          { ""id"": ""r_act1"", ""role"": ""actor"", ""from"": ""e_actor1"", ""to"": ""e_movie"" },
          { ""id"": ""r_act2"", ""role"": ""actor"", ""from"": ""e_actor2"", ""to"": ""e_movie"" }
        ],
        ""constraint"": {
          ""and_conditions"": [
            {
              ""left"": { ""count_id"": ""r_act1"" },
              ""operator"": "">"",
              ""right"": 0
            },
            {
              ""left"": { ""count_id"": ""r_act2"" },
              ""operator"": "">"",
              ""right"": 0
            },
            {
              ""left"": { ""count_id"": ""r_act1"" },
              ""operator"": "">"",
              ""right"": {
                ""left"": { ""count_id"": ""r_act2"" },
                ""operator"": "">"",
                ""right"": 0
              }
            },
            {
              ""left"": { ""count_id"": ""r_act2"" },
              ""operator"": "">"",
              ""right"": {
                ""left"": { ""count_id"": ""r_act1"" },
                ""operator"": "">"",
                ""right"": 0
              }
            },
            {
              ""left"": { ""attribute_name"": ""name"", ""of"": ""e_actor1"" },
              ""operator"": ""="",
              ""right"": { ""attribute_name"": ""name"", ""of"": ""e_actor"" }
            }
          ]
        }
      }
    ],
    [
      {
        ""id"": ""q3"",
        ""target"": [""e_actor""],
        ""entities"": [
          { ""id"": ""e_actor"", ""type"": ""Person"" },
          { ""id"": ""e_common_actor"", ""type"": ""Person"" },
          { ""id"": ""e_movie"", ""type"": ""Movie"" }
        ],
        ""relationships"": [
          { ""id"": ""r_common_act"", ""role"": ""common_actor"", ""from"": ""e_common_actor"", ""to"": ""e_movie"" },
          { ""id"": ""r_act"", ""role"": ""actor"", ""from"": ""e_actor"", ""to"": ""e_movie"" }
        ],
        ""constraint"": {
          ""and_conditions"": [
            {
              ""left"": { ""attribute_name"": ""title"", ""of"": ""e_movie"" },
              ""operator"": ""="",
              ""right"": ""The Matrix""
            },
            {
              ""left"": { ""count_id"": ""r_common_act"" },
              ""operator"": "">"",
              ""right"": 0
            },
            {
              ""left"": {
                ""count_id"": ""r_common_act"",
                ""condition"": {
                  ""and_conditions"": [
                    {
                      ""left"": { ""attribute_name"": ""name"", ""of"": ""e_common_actor"" },
                      ""operator"": ""="",
                      ""right"": { ""attribute_name"": ""name"", ""of"": ""e_actor"" }
                    }
                  ]
                }
              },
              ""operator"": "">"",
              ""right"": 2
            }
          ]
        },
        ""projection"": [
          { ""attribute_name"": ""name"", ""of"": ""e_common_actor"" }
        ]
      }
    ]
  ]
}
```"
28,Q12,Give me the actors of The Matrix along with the three actors who have acted the most in any movie with them,ministral-3:3b,False,0.05,13.247112,True,stop,4096,2.283799,678,10.309273,65.766,"```json
{
  ""hypotheses_set"": [
    [
      {
        ""id"": ""q1"",
        ""target"": [""e_actor""],
        ""entities"": [
          { ""id"": ""e_actor"", ""type"": ""Person"" },
          { ""id"": ""e_movie"", ""type"": ""Movie"" }
        ],
        ""relationships"": [
          { ""id"": ""r_act"", ""role"": ""actor"", ""from"": ""e_actor"", ""to"": ""e_movie"" }
        ],
        ""constraint"": {
          ""and_conditions"": [
            {
              ""left"": { ""attribute_name"": ""title"", ""of"": ""e_movie"" },
              ""operator"": ""="",
              ""right"": ""The Matrix""
            }
          ]
        },
        ""projection"": [
          { ""attribute_name"": ""name"", ""of"": ""e_actor"" }
        ]
      }
    ],
    [
      {
        ""id"": ""q2"",
        ""target"": [""e_actor""],
        ""entities"": [
          { ""id"": ""e_actor1"", ""type"": ""Person"" },
          { ""id"": ""e_actor2"", ""type"": ""Person"" },
          { ""id"": ""e_movie"", ""type"": ""Movie"" }
        ],
        ""relationships"": [
          { ""id"": ""r_act1"", ""role"": ""actor"", ""from"": ""e_actor1"", ""to"": ""e_movie"" },
          { ""id"": ""r_act2"", ""role"": ""actor"", ""from"": ""e_actor2"", ""to"": ""e_movie"" }
        ],
        ""constraint"": {
          ""and_conditions"": [
            {
              ""left"": {
                ""count_id"": ""r_act1"",
                ""condition"": {
                  ""left"": {
                    ""left"": { ""attribute_name"": ""name"", ""of"": ""e_actor1"" },
                    ""operator"": ""="",
                    ""right"": { ""attribute_name"": ""name"", ""of"": ""e_actor2"" }
                  },
                  ""operator"": "">"",
                  ""right"": 1
                }
              }
            },
            {
              ""left"": {
                ""count_id"": ""r_act2"",
                ""condition"": {
                  ""left"": {
                    ""left"": { ""attribute_name"": ""name"", ""of"": ""e_actor2"" },
                    ""operator"": ""="",
                    ""right"": { ""attribute_name"": ""name"", ""of"": ""e_actor1"" }
                  },
                  ""operator"": "">"",
                  ""right"": 1
                }
              }
            },
            {
              ""left"": {
                ""left"": { ""attribute_name"": ""title"", ""of"": ""e_movie"" },
                ""operator"": ""="",
                ""right"": ""The Matrix""
              }
            }
          ]
        },
        ""projection"": [
          { ""attribute_name"": ""name"", ""of"": ""e_actor1"" },
          { ""attribute_name"": ""name"", ""of"": ""e_actor2"" }
        ]
      }
    ]
  ]
}
```"
29,Q12,Give me the actors of The Matrix along with the three actors who have acted the most in any movie with them,ministral-3:3b,False,0.05,13.255094,True,stop,4096,2.279458,678,10.319533,65.7006,"```json
{
  ""hypotheses_set"": [
    [
      {
        ""id"": ""q1"",
        ""target"": [""e_actor""],
        ""entities"": [
          { ""id"": ""e_actor"", ""type"": ""Person"" },
          { ""id"": ""e_movie"", ""type"": ""Movie"" }
        ],
        ""relationships"": [
          { ""id"": ""r_act"", ""role"": ""actor"", ""from"": ""e_actor"", ""to"": ""e_movie"" }
        ],
        ""constraint"": {
          ""and_conditions"": [
            {
              ""left"": { ""attribute_name"": ""title"", ""of"": ""e_movie"" },
              ""operator"": ""="",
              ""right"": ""The Matrix""
            }
          ]
        },
        ""projection"": [
          { ""attribute_name"": ""name"", ""of"": ""e_actor"" }
        ]
      }
    ],
    [
      {
        ""id"": ""q2"",
        ""target"": [""e_actor""],
        ""entities"": [
          { ""id"": ""e_actor1"", ""type"": ""Person"" },
          { ""id"": ""e_actor2"", ""type"": ""Person"" },
          { ""id"": ""e_movie"", ""type"": ""Movie"" }
        ],
        ""relationships"": [
          { ""id"": ""r_act1"", ""role"": ""actor"", ""from"": ""e_actor1"", ""to"": ""e_movie"" },
          { ""id"": ""r_act2"", ""role"": ""actor"", ""from"": ""e_actor2"", ""to"": ""e_movie"" }
        ],
        ""constraint"": {
          ""and_conditions"": [
            {
              ""left"": {
                ""count_id"": ""r_act1"",
                ""condition"": {
                  ""left"": {
                    ""left"": { ""attribute_name"": ""name"", ""of"": ""e_actor1"" },
                    ""operator"": ""="",
                    ""right"": { ""attribute_name"": ""name"", ""of"": ""e_actor2"" }
                  },
                  ""operator"": "">"",
                  ""right"": 1
                }
              }
            },
            {
              ""left"": {
                ""count_id"": ""r_act2"",
                ""condition"": {
                  ""left"": {
                    ""left"": { ""attribute_name"": ""name"", ""of"": ""e_actor2"" },
                    ""operator"": ""="",
                    ""right"": { ""attribute_name"": ""name"", ""of"": ""e_actor1"" }
                  },
                  ""operator"": "">"",
                  ""right"": 1
                }
              }
            },
            {
              ""left"": {
                ""left"": { ""attribute_name"": ""title"", ""of"": ""e_movie"" },
                ""operator"": ""="",
                ""right"": ""The Matrix""
              }
            }
          ]
        },
        ""projection"": [
          { ""attribute_name"": ""name"", ""of"": ""e_actor1"" },
          { ""attribute_name"": ""name"", ""of"": ""e_actor2"" }
        ]
      }
    ]
  ]
}
```"
30,Q12,Give me the actors of The Matrix along with the three actors who have acted the most in any movie with them,ministral-3:3b,False,0.05,15.403871,True,stop,4096,2.280421,813,12.386849,65.6341,"```json
{
  ""hypotheses_set"": [
    [
      {
        ""id"": ""q1"",
        ""target"": [""e_actor""],
        ""entities"": [
          { ""id"": ""e_actor"", ""type"": ""Person"" },
          { ""id"": ""e_movie"", ""type"": ""Movie"" }
        ],
        ""relationships"": [
          { ""id"": ""r_act"", ""role"": ""actor"", ""from"": ""e_actor"", ""to"": ""e_movie"" }
        ],
        ""constraint"": {
          ""and_conditions"": [
            {
              ""left"": { ""attribute_name"": ""title"", ""of"": ""e_movie"" },
              ""operator"": ""="",
              ""right"": ""The Matrix""
            }
          ]
        },
        ""projection"": [
          { ""attribute_name"": ""name"", ""of"": ""e_actor"" }
        ]
      }
    ],
    [
      {
        ""id"": ""q2"",
        ""target"": [""e_actor""],
        ""entities"": [
          { ""id"": ""e_actor1"", ""type"": ""Person"" },
          { ""id"": ""e_actor2"", ""type"": ""Person"" },
          { ""id"": ""e_movie"", ""type"": ""Movie"" }
        ],
        ""relationships"": [
          { ""id"": ""r_act1"", ""role"": ""actor"", ""from"": ""e_actor1"", ""to"": ""e_movie"" },
          { ""id"": ""r_act2"", ""role"": ""actor"", ""from"": ""e_actor2"", ""to"": ""e_movie"" }
        ],
        ""constraint"": {
          ""and_conditions"": [
            {
              ""left"": { ""count_id"": ""r_act1"" },
              ""operator"": "">"",
              ""right"": 0
            },
            {
              ""left"": { ""count_id"": ""r_act2"" },
              ""operator"": "">"",
              ""right"": 0
            },
            {
              ""left"": { ""count_id"": ""r_act1"" },
              ""operator"": "">"",
              ""right"": { ""count_id"": ""r_act2"" }
            }
          ]
        },
        ""input_relation"": {
          ""left"": { ""attribute_name"": ""name"", ""of"": ""e_actor1"" },
          ""operator"": ""IN"",
          ""right"": [""The Matrix""]
        }
      }
    ],
    [
      {
        ""id"": ""q3"",
        ""target"": [""e_actor""],
        ""entities"": [
          { ""id"": ""e_actor"", ""type"": ""Person"" },
          { ""id"": ""e_movie"", ""type"": ""Movie"" },
          { ""id"": ""e_top_actor"", ""type"": ""Person"" }
        ],
        ""relationships"": [
          { ""id"": ""r_act"", ""role"": ""actor"", ""from"": ""e_actor"", ""to"": ""e_movie"" },
          { ""id"": ""r_top"", ""role"": ""top_actor"", ""from"": ""e_top_actor"", ""to"": ""e_movie"" }
        ],
        ""constraint"": {
          ""and_conditions"": [
            {
              ""left"": { ""attribute_name"": ""title"", ""of"": ""e_movie"" },
              ""operator"": ""="",
              ""right"": ""The Matrix""
            },
            {
              ""left"": { ""count_id"": ""r_top"" },
              ""operator"": "">"",
              ""right"": 0
            }
          ]
        },
        ""projection"": [
          { ""attribute_name"": ""name"", ""of"": ""e_top_actor"" }
        ]
      }
    ]
  ]
}
```"
